npu,request_id,next_request_id,role,compute_layer,read_layer,start_ms,end_ms,D_ms,C_ms,deadline_ms,clipped_start_ms,clipped_end_ms,actual_window_compute_ms,group,same_request,complete_cycle,V_GiB,B_GiB_s,mean_b_GiB_s,r,physically_received_GiB
0,10,11,B,8,1,1996.6732038669068,2025.2660458627875,28.59284199588069,28.59284199588069,2025.2660458627875,2000.0,2025.2660458627875,25.26604586278745,gray,False,False,0.03759765625,1.3149324665039108,,,
0,11,11,A,1,2,2025.2660458627875,2037.0032283032074,11.737182440419929,6.024011548589215,2031.2900574113767,2025.2660458627875,2037.0032283032074,6.024011548589215,A,True,True,0.171539306640625,28.47592592693459,14.615032825074476,0.5132417067868027,0.171539306640625
0,11,11,A,2,3,2037.0032283032074,2056.1544344555514,19.151206152344002,6.024011548589215,2043.0272398517966,2037.0032283032074,2056.1544344555514,6.024011548589215,A,True,True,0.171539306640625,28.47592592693459,8.957101984912294,0.3145499819003258,0.171539306640625
0,11,11,A,3,4,2056.1544344555514,2072.4061892162936,16.251754760742188,6.024011548588987,2062.1784460041404,2056.1544344555514,2072.4061892162936,6.024011548588987,A,True,True,0.171539306640625,28.475925926935663,10.555125225923057,0.37066837626301236,0.171539306640625
0,11,11,A,4,5,2072.4061892162936,2093.932625886215,21.526436669921623,6.024011548588987,2078.4302007648826,2072.4061892162936,2093.932625886215,6.024011548588987,A,True,True,0.171539306640625,28.475925926935663,7.968773897461292,0.2798424858214548,0.171539306640625
0,11,11,A,5,6,2093.932625886215,2114.569475153793,20.636849267577873,6.024011548588987,2099.956637434804,2093.932625886215,2114.569475153793,6.024011548588987,A,True,True,0.171539306640625,28.475925926935663,8.312281803120346,0.29190558454352755,0.171539306640625
0,11,11,A,6,7,2114.569475153793,2124.7323916088717,10.16291645507863,6.024011548588987,2120.593486702382,2114.569475153793,2124.7323916088717,6.024011548588987,A,True,True,0.171539306640625,28.475925926935663,16.878944877570365,0.592744373646667,0.171539306640625
0,11,11,A,7,8,2124.7323916088717,2130.7564031574607,6.024011548588987,6.024011548588987,2130.7564031574607,2124.7323916088717,2130.7564031574607,6.024011548588987,A,True,True,0.171539306640625,28.475925926935663,28.475925926935663,1.0,0.171539306640625
0,11,12,A,8,1,2130.7564031574607,2140.1114436352386,9.355040477777948,6.024011548588987,2136.7804147060497,2130.7564031574607,2140.1114436352386,6.024011548588987,gray,False,True,0.171539306640625,28.475925926935663,,,
0,12,12,B,1,2,2140.1114436352386,2168.7042856311195,28.592841995880917,28.592841995880917,2168.7042856311195,2140.1114436352386,2168.7042856311195,28.592841995880917,B,True,True,0.03759765625,1.3149324665039004,1.3149324665039004,1.0,0.03759765625
0,12,12,B,2,3,2168.7042856311195,2197.2971276270005,28.592841995880917,28.592841995880917,2197.2971276270005,2168.7042856311195,2197.2971276270005,28.592841995880917,B,True,True,0.03759765625,1.3149324665039004,1.3149324665039004,1.0,0.03759765625
0,12,12,B,3,4,2197.2971276270005,2225.8899696228814,28.592841995880917,28.592841995880917,2225.8899696228814,2197.2971276270005,2225.8899696228814,28.592841995880917,B,True,True,0.03759765625,1.3149324665039004,1.3149324665039004,1.0,0.03759765625
0,12,12,B,4,5,2225.8899696228814,2254.4828116187623,28.592841995880917,28.592841995880917,2254.4828116187623,2225.8899696228814,2254.4828116187623,28.592841995880917,B,True,True,0.03759765625,1.3149324665039004,1.3149324665039004,1.0,0.03759765625
0,12,12,B,5,6,2254.4828116187623,2283.075653614643,28.592841995880917,28.592841995880917,2283.075653614643,2254.4828116187623,2283.075653614643,28.592841995880917,B,True,True,0.03759765625,1.3149324665039004,1.3149324665039004,1.0,0.03759765625
0,12,12,B,6,7,2283.075653614643,2311.668495610524,28.592841995880917,28.592841995880917,2311.668495610524,2283.075653614643,2311.668495610524,28.592841995880917,B,True,True,0.03759765625,1.3149324665039004,1.3149324665039004,1.0,0.03759765625
0,12,12,B,7,8,2311.668495610524,2340.261337606405,28.592841995880917,28.592841995880917,2340.261337606405,2311.668495610524,2340.261337606405,28.592841995880917,B,True,True,0.03759765625,1.3149324665039004,1.3149324665039004,1.0,0.03759765625
0,12,13,B,8,1,2340.261337606405,2368.854179602286,28.592841995880917,28.592841995880917,2368.854179602286,2340.261337606405,2368.854179602286,28.592841995880917,gray,False,True,0.03759765625,1.3149324665039004,,,
0,13,13,A,1,2,2368.854179602286,2380.764674207516,11.910494605229815,6.024011548588987,2374.878191150875,2368.854179602286,2380.764674207516,6.024011548588987,A,True,True,0.171539306640625,28.475925926935663,14.402366343821129,0.5057734164913593,0.171539306640625
0,13,13,A,2,3,2380.764674207516,2391.3642920297816,10.599617822265827,6.024011548588987,2386.7886857561048,2380.764674207516,2391.3642920297816,6.024011548588987,A,True,True,0.171539306640625,28.475925926935663,16.18353694604773,0.5683234669022496,0.171539306640625
0,13,13,A,3,4,2391.3642920297816,2403.6757459848595,12.311453955077923,6.024011548588987,2397.3883035783706,2391.3642920297816,2403.6757459848595,6.024011548588987,A,True,True,0.171539306640625,28.475925926935663,13.933310173318134,0.48930139125479594,0.171539306640625
0,13,13,A,4,5,2403.6757459848595,2422.4872626108363,18.811516625976765,6.024011548588987,2409.6997575334485,2403.6757459848595,2422.4872626108363,6.024011548588987,A,True,True,0.171539306640625,28.475925926935663,9.118845122978914,0.32022997764414424,0.171539306640625
0,13,13,A,5,6,2422.4872626108363,2441.8315924448207,19.344329833984375,6.024011548588987,2428.5112741594253,2422.4872626108363,2441.8315924448207,6.024011548588987,A,True,True,0.171539306640625,28.475925926935663,8.86767895878525,0.31140967923354596,0.171539306640625
0,13,13,A,6,7,2441.8315924448207,2457.844065687008,16.012473242187298,6.024011548588987,2447.8556039934097,2441.8315924448207,2457.844065687008,6.024011548588987,A,True,True,0.171539306640625,28.475925926935663,10.712855162728927,0.3762074388806978,0.171539306640625
0,13,13,A,7,8,2457.844065687008,2474.792284168453,16.94821848144511,6.024011548588987,2463.868077235597,2457.844065687008,2474.792284168453,6.024011548588987,A,True,True,0.171539306640625,28.475925926935663,10.12137687677475,0.35543626931550765,0.171539306640625
0,13,14,A,8,1,2474.792284168453,2488.396357557125,13.604073388672077,6.024011548588987,2480.816295717042,2474.792284168453,2488.396357557125,6.024011548588987,gray,False,True,0.171539306640625,28.475925926935663,,,
0,14,14,B,1,2,2488.396357557125,2516.989199553006,28.592841995880917,28.592841995880917,2516.989199553006,2488.396357557125,2516.989199553006,28.592841995880917,B,True,True,0.03759765625,1.3149324665039004,1.3149324665039004,1.0,0.03759765625
0,14,14,B,2,3,2516.989199553006,2545.582041548887,28.592841995880917,28.592841995880917,2545.582041548887,2516.989199553006,2545.582041548887,28.592841995880917,B,True,True,0.03759765625,1.3149324665039004,1.3149324665039004,1.0,0.03759765625
0,14,14,B,3,4,2545.582041548887,2574.174883544768,28.592841995880917,28.592841995880917,2574.174883544768,2545.582041548887,2574.174883544768,28.592841995880917,B,True,True,0.03759765625,1.3149324665039004,1.3149324665039004,1.0,0.03759765625
0,14,14,B,4,5,2574.174883544768,2602.767725540649,28.592841995880917,28.592841995880917,2602.767725540649,2574.174883544768,2602.767725540649,28.592841995880917,B,True,True,0.03759765625,1.3149324665039004,1.3149324665039004,1.0,0.03759765625
0,14,14,B,5,6,2602.767725540649,2631.3605675365297,28.592841995880917,28.592841995880917,2631.3605675365297,2602.767725540649,2631.3605675365297,28.592841995880917,B,True,True,0.03759765625,1.3149324665039004,1.3149324665039004,1.0,0.03759765625
0,14,14,B,6,7,2631.3605675365297,2659.9534095324107,28.592841995880917,28.592841995880917,2659.9534095324107,2631.3605675365297,2659.9534095324107,28.592841995880917,B,True,True,0.03759765625,1.3149324665039004,1.3149324665039004,1.0,0.03759765625
0,14,14,B,7,8,2659.9534095324107,2688.5462515282916,28.592841995880917,28.592841995880917,2688.5462515282916,2659.9534095324107,2688.5462515282916,28.592841995880917,B,True,True,0.03759765625,1.3149324665039004,1.3149324665039004,1.0,0.03759765625
0,14,15,B,8,1,2688.5462515282916,2717.1390935241725,28.592841995880917,28.592841995880917,2717.1390935241725,2688.5462515282916,2717.1390935241725,28.592841995880917,gray,False,True,0.03759765625,1.3149324665039004,,,
0,15,15,B,1,2,2717.1390935241725,2745.7319355200534,28.592841995880917,28.592841995880917,2745.7319355200534,2717.1390935241725,2745.7319355200534,28.592841995880917,B,True,True,0.03759765625,1.3149324665039004,1.3149324665039004,1.0,0.03759765625
0,15,15,B,2,3,2745.7319355200534,2774.3247775159343,28.592841995880917,28.592841995880917,2774.3247775159343,2745.7319355200534,2774.3247775159343,28.592841995880917,B,True,True,0.03759765625,1.3149324665039004,1.3149324665039004,1.0,0.03759765625
0,15,15,B,3,4,2774.3247775159343,2802.9176195118152,28.592841995880917,28.592841995880917,2802.9176195118152,2774.3247775159343,2802.9176195118152,28.592841995880917,B,True,True,0.03759765625,1.3149324665039004,1.3149324665039004,1.0,0.03759765625
0,15,15,B,4,5,2802.9176195118152,2831.510461507696,28.592841995880917,28.592841995880917,2831.510461507696,2802.9176195118152,2831.510461507696,28.592841995880917,B,True,True,0.03759765625,1.3149324665039004,1.3149324665039004,1.0,0.03759765625
0,15,15,B,5,6,2831.510461507696,2860.103303503577,28.592841995880917,28.592841995880917,2860.103303503577,2831.510461507696,2860.103303503577,28.592841995880917,B,True,True,0.03759765625,1.3149324665039004,1.3149324665039004,1.0,0.03759765625
0,15,15,B,6,7,2860.103303503577,2888.696145499458,28.592841995880917,28.592841995880917,2888.696145499458,2860.103303503577,2888.696145499458,28.592841995880917,B,True,True,0.03759765625,1.3149324665039004,1.3149324665039004,1.0,0.03759765625
0,15,15,B,7,8,2888.696145499458,2917.288987495339,28.592841995880917,28.592841995880917,2917.288987495339,2888.696145499458,2917.288987495339,28.592841995880917,B,True,True,0.03759765625,1.3149324665039004,1.3149324665039004,1.0,0.03759765625
0,15,16,B,8,1,2917.288987495339,2945.88182949122,28.592841995880917,28.592841995880917,2945.88182949122,2917.288987495339,2945.88182949122,28.592841995880917,gray,False,True,0.03759765625,1.3149324665039004,,,
0,16,16,B,1,2,2945.88182949122,2974.4746714871007,28.592841995880917,28.592841995880917,2974.4746714871007,2945.88182949122,2974.4746714871007,28.592841995880917,B,True,True,0.03759765625,1.3149324665039004,1.3149324665039004,1.0,0.03759765625
0,16,16,B,2,3,2974.4746714871007,3003.0675134829817,28.592841995880917,28.592841995880917,3003.0675134829817,2974.4746714871007,3003.0675134829817,28.592841995880917,B,True,True,0.03759765625,1.3149324665039004,1.3149324665039004,1.0,0.03759765625
0,16,16,B,3,4,3003.0675134829817,3031.6603554788626,28.592841995880917,28.592841995880917,3031.6603554788626,3003.0675134829817,3031.6603554788626,28.592841995880917,B,True,True,0.03759765625,1.3149324665039004,1.3149324665039004,1.0,0.03759765625
0,16,16,B,4,5,3031.6603554788626,3060.2531974747435,28.592841995880917,28.592841995880917,3060.2531974747435,3031.6603554788626,3060.2531974747435,28.592841995880917,B,True,True,0.03759765625,1.3149324665039004,1.3149324665039004,1.0,0.03759765625
0,16,16,B,5,6,3060.2531974747435,3088.8460394706244,28.592841995880917,28.592841995880917,3088.8460394706244,3060.2531974747435,3088.8460394706244,28.592841995880917,B,True,True,0.03759765625,1.3149324665039004,1.3149324665039004,1.0,0.03759765625
0,16,16,B,6,7,3088.8460394706244,3117.4388814665053,28.592841995880917,28.592841995880917,3117.4388814665053,3088.8460394706244,3117.4388814665053,28.592841995880917,B,True,True,0.03759765625,1.3149324665039004,1.3149324665039004,1.0,0.03759765625
0,16,16,B,7,8,3117.4388814665053,3146.0317234623863,28.592841995880917,28.592841995880917,3146.0317234623863,3117.4388814665053,3146.0317234623863,28.592841995880917,B,True,True,0.03759765625,1.3149324665039004,1.3149324665039004,1.0,0.03759765625
0,16,17,B,8,1,3146.0317234623863,3174.624565458267,28.592841995880917,28.592841995880917,3174.624565458267,3146.0317234623863,3174.624565458267,28.592841995880917,gray,False,True,0.03759765625,1.3149324665039004,,,
0,17,17,B,1,2,3174.624565458267,3203.217407454148,28.592841995880917,28.592841995880917,3203.217407454148,3174.624565458267,3203.217407454148,28.592841995880917,B,True,True,0.03759765625,1.3149324665039004,1.3149324665039004,1.0,0.03759765625
0,17,17,B,2,3,3203.217407454148,3231.810249450029,28.592841995880917,28.592841995880917,3231.810249450029,3203.217407454148,3231.810249450029,28.592841995880917,B,True,True,0.03759765625,1.3149324665039004,1.3149324665039004,1.0,0.03759765625
0,17,17,B,3,4,3231.810249450029,3260.40309144591,28.592841995880917,28.592841995880917,3260.40309144591,3231.810249450029,3260.40309144591,28.592841995880917,B,True,True,0.03759765625,1.3149324665039004,1.3149324665039004,1.0,0.03759765625
0,17,17,B,4,5,3260.40309144591,3288.995933441791,28.592841995880917,28.592841995880917,3288.995933441791,3260.40309144591,3288.995933441791,28.592841995880917,B,True,True,0.03759765625,1.3149324665039004,1.3149324665039004,1.0,0.03759765625
0,17,17,B,5,6,3288.995933441791,3317.5887754376718,28.592841995880917,28.592841995880917,3317.5887754376718,3288.995933441791,3317.5887754376718,28.592841995880917,B,True,True,0.03759765625,1.3149324665039004,1.3149324665039004,1.0,0.03759765625
0,17,17,B,6,7,3317.5887754376718,3346.1816174335527,28.592841995880917,28.592841995880917,3346.1816174335527,3317.5887754376718,3346.1816174335527,28.592841995880917,B,True,True,0.03759765625,1.3149324665039004,1.3149324665039004,1.0,0.03759765625
0,17,17,B,7,8,3346.1816174335527,3374.7744594294336,28.592841995880917,28.592841995880917,3374.7744594294336,3346.1816174335527,3374.7744594294336,28.592841995880917,B,True,True,0.03759765625,1.3149324665039004,1.3149324665039004,1.0,0.03759765625
0,17,18,B,8,1,3374.7744594294336,3403.3673014253145,28.592841995880917,28.592841995880917,3403.3673014253145,3374.7744594294336,3403.3673014253145,28.592841995880917,gray,False,True,0.03759765625,1.3149324665039004,,,
0,18,18,B,1,2,3403.3673014253145,3431.9601434211954,28.592841995880917,28.592841995880917,3431.9601434211954,3403.3673014253145,3431.9601434211954,28.592841995880917,B,True,True,0.03759765625,1.3149324665039004,1.3149324665039004,1.0,0.03759765625
0,18,18,B,2,3,3431.9601434211954,3460.5529854170763,28.592841995880917,28.592841995880917,3460.5529854170763,3431.9601434211954,3460.5529854170763,28.592841995880917,B,True,True,0.03759765625,1.3149324665039004,1.3149324665039004,1.0,0.03759765625
0,18,18,B,3,4,3460.5529854170763,3489.1458274129573,28.592841995880917,28.592841995880917,3489.1458274129573,3460.5529854170763,3489.1458274129573,28.592841995880917,B,True,True,0.03759765625,1.3149324665039004,1.3149324665039004,1.0,0.03759765625
0,18,18,B,4,5,3489.1458274129573,3517.738669408838,28.592841995880917,28.592841995880917,3517.738669408838,3489.1458274129573,3517.738669408838,28.592841995880917,B,True,True,0.03759765625,1.3149324665039004,1.3149324665039004,1.0,0.03759765625
0,18,18,B,5,6,3517.738669408838,3546.331511404719,28.592841995880917,28.592841995880917,3546.331511404719,3517.738669408838,3546.331511404719,28.592841995880917,B,True,True,0.03759765625,1.3149324665039004,1.3149324665039004,1.0,0.03759765625
0,18,18,B,6,7,3546.331511404719,3574.9243534006,28.592841995880917,28.592841995880917,3574.9243534006,3546.331511404719,3574.9243534006,28.592841995880917,B,True,True,0.03759765625,1.3149324665039004,1.3149324665039004,1.0,0.03759765625
0,18,18,B,7,8,3574.9243534006,3603.517195396481,28.592841995880917,28.592841995880917,3603.517195396481,3574.9243534006,3603.517195396481,28.592841995880917,B,True,True,0.03759765625,1.3149324665039004,1.3149324665039004,1.0,0.03759765625
0,18,19,B,8,1,3603.517195396481,3632.110037392362,28.592841995880917,28.592841995880917,3632.110037392362,3603.517195396481,3632.110037392362,28.592841995880917,gray,False,True,0.03759765625,1.3149324665039004,,,
0,19,19,B,1,2,3632.110037392362,3660.7028793882428,28.592841995880917,28.592841995880917,3660.7028793882428,3632.110037392362,3660.7028793882428,28.592841995880917,B,True,True,0.03759765625,1.3149324665039004,1.3149324665039004,1.0,0.03759765625
0,19,19,B,2,3,3660.7028793882428,3689.2957213841237,28.592841995880917,28.592841995880917,3689.2957213841237,3660.7028793882428,3689.2957213841237,28.592841995880917,B,True,True,0.03759765625,1.3149324665039004,1.3149324665039004,1.0,0.03759765625
0,19,19,B,3,4,3689.2957213841237,3717.8885633800046,28.592841995880917,28.592841995880917,3717.8885633800046,3689.2957213841237,3717.8885633800046,28.592841995880917,B,True,True,0.03759765625,1.3149324665039004,1.3149324665039004,1.0,0.03759765625
0,19,19,B,4,5,3717.8885633800046,3746.4814053758855,28.592841995880917,28.592841995880917,3746.4814053758855,3717.8885633800046,3746.4814053758855,28.592841995880917,B,True,True,0.03759765625,1.3149324665039004,1.3149324665039004,1.0,0.03759765625
0,19,19,B,5,6,3746.4814053758855,3775.0742473717664,28.592841995880917,28.592841995880917,3775.0742473717664,3746.4814053758855,3775.0742473717664,28.592841995880917,B,True,True,0.03759765625,1.3149324665039004,1.3149324665039004,1.0,0.03759765625
0,19,19,B,6,7,3775.0742473717664,3803.6670893676473,28.592841995880917,28.592841995880917,3803.6670893676473,3775.0742473717664,3803.6670893676473,28.592841995880917,B,True,True,0.03759765625,1.3149324665039004,1.3149324665039004,1.0,0.03759765625
0,19,19,B,7,8,3803.6670893676473,3832.2599313635283,28.592841995880917,28.592841995880917,3832.2599313635283,3803.6670893676473,3832.2599313635283,28.592841995880917,B,True,True,0.03759765625,1.3149324665039004,1.3149324665039004,1.0,0.03759765625
0,19,20,B,8,1,3832.2599313635283,3860.852773359409,28.592841995880917,28.592841995880917,3860.852773359409,3832.2599313635283,3860.852773359409,28.592841995880917,gray,False,True,0.03759765625,1.3149324665039004,,,
0,20,20,B,1,2,3860.852773359409,3889.44561535529,28.592841995880917,28.592841995880917,3889.44561535529,3860.852773359409,3889.44561535529,28.592841995880917,B,True,True,0.03759765625,1.3149324665039004,1.3149324665039004,1.0,0.03759765625
0,20,20,B,2,3,3889.44561535529,3918.038457351171,28.592841995880917,28.592841995880917,3918.038457351171,3889.44561535529,3918.038457351171,28.592841995880917,B,True,True,0.03759765625,1.3149324665039004,1.3149324665039004,1.0,0.03759765625
0,20,20,B,3,4,3918.038457351171,3946.631299347052,28.592841995880917,28.592841995880917,3946.631299347052,3918.038457351171,3946.631299347052,28.592841995880917,B,True,True,0.03759765625,1.3149324665039004,1.3149324665039004,1.0,0.03759765625
0,20,20,B,4,5,3946.631299347052,3975.224141342933,28.592841995880917,28.592841995880917,3975.224141342933,3946.631299347052,3975.224141342933,28.592841995880917,B,True,True,0.03759765625,1.3149324665039004,1.3149324665039004,1.0,0.03759765625
0,20,20,B,5,6,3975.224141342933,4003.8169833388138,28.592841995880917,28.592841995880917,4003.8169833388138,3975.224141342933,4000.0,24.775858657067147,gray,True,False,0.03759765625,1.3149324665039004,,,
1,1000010,1000010,B,4,5,1983.2030673775246,2011.7959093734053,28.59284199588069,28.59284199588069,2011.7959093734053,2000.0,2011.7959093734053,11.795909373405266,gray,True,False,0.03759765625,1.3149324665039108,,,
1,1000010,1000010,B,5,6,2011.7959093734053,2040.388751369286,28.59284199588069,28.59284199588069,2040.388751369286,2011.7959093734053,2040.388751369286,28.59284199588069,B,True,True,0.03759765625,1.3149324665039108,1.3149324665039108,1.0,0.03759765625
1,1000010,1000010,B,6,7,2040.388751369286,2068.9815933651666,28.59284199588069,28.59284199588069,2068.9815933651666,2040.388751369286,2068.9815933651666,28.59284199588069,B,True,True,0.03759765625,1.3149324665039108,1.3149324665039108,1.0,0.03759765625
1,1000010,1000010,B,7,8,2068.9815933651666,2097.5744353610476,28.592841995880917,28.592841995880917,2097.5744353610476,2068.9815933651666,2097.5744353610476,28.592841995880917,B,True,True,0.03759765625,1.3149324665039004,1.3149324665039004,1.0,0.03759765625
1,1000010,1000011,B,8,1,2097.5744353610476,2126.1672773569285,28.592841995880917,28.592841995880917,2126.1672773569285,2097.5744353610476,2126.1672773569285,28.592841995880917,gray,False,True,0.03759765625,1.3149324665039004,,,
1,1000011,1000011,A,1,2,2126.1672773569285,2132.889840241684,6.722562884755462,6.024011548588987,2132.1912889055175,2126.1672773569285,2132.889840241684,6.024011548588987,A,True,True,0.171539306640625,28.475925926935663,25.516950838737284,0.8960885382343458,0.171539306640625
1,1000011,1000011,A,2,3,2132.889840241684,2138.913851790273,6.024011548588987,6.024011548588987,2138.913851790273,2132.889840241684,2138.913851790273,6.024011548588987,A,True,True,0.171539306640625,28.475925926935663,28.475925926935663,1.0,0.171539306640625
1,1000011,1000011,A,3,4,2138.913851790273,2153.480431672348,14.566579882075075,6.024011548588987,2144.937863338862,2138.913851790273,2153.480431672348,6.024011548588987,A,True,True,0.171539306640625,28.475925926935663,11.776223933780978,0.41355016739391537,0.171539306640625
1,1000011,1000011,A,4,5,2153.480431672348,2165.238191584457,11.757759912109123,6.024011548588987,2159.504443220937,2153.480431672348,2165.238191584457,6.024011548588987,A,True,True,0.171539306640625,28.475925926935663,14.589454787553494,0.5123434730441261,0.171539306640625
1,1000011,1000011,A,5,6,2165.238191584457,2171.262203133046,6.024011548588987,6.024011548588987,2171.262203133046,2165.238191584457,2171.262203133046,6.024011548588987,A,True,True,0.171539306640625,28.475925926935663,28.475925926935663,1.0,0.171539306640625
1,1000011,1000011,A,6,7,2171.262203133046,2177.6167842114105,6.35458107836439,6.024011548588987,2177.286214681635,2171.262203133046,2177.6167842114105,6.024011548588987,A,True,True,0.171539306640625,28.475925926935663,26.994589340384593,0.9479793355850158,0.171539306640625
1,1000011,1000011,A,7,8,2177.6167842114105,2191.8458864819186,14.229102270508065,6.024011548588987,2183.6407957599995,2177.6167842114105,2191.8458864819186,6.024011548588987,A,True,True,0.171539306640625,28.475925926935663,12.055525596731831,0.42335851089317483,0.171539306640625
1,1000011,1000012,A,8,1,2191.8458864819186,2197.8698980305076,6.024011548588987,6.024011548588987,2197.8698980305076,2191.8458864819186,2197.8698980305076,6.024011548588987,gray,False,True,0.171539306640625,28.475925926935663,,,
1,1000012,1000012,B,1,2,2197.8698980305076,2226.4627400263885,28.592841995880917,28.592841995880917,2226.4627400263885,2197.8698980305076,2226.4627400263885,28.592841995880917,B,True,True,0.03759765625,1.3149324665039004,1.3149324665039004,1.0,0.03759765625
1,1000012,1000012,B,2,3,2226.4627400263885,2255.0555820222694,28.592841995880917,28.592841995880917,2255.0555820222694,2226.4627400263885,2255.0555820222694,28.592841995880917,B,True,True,0.03759765625,1.3149324665039004,1.3149324665039004,1.0,0.03759765625
1,1000012,1000012,B,3,4,2255.0555820222694,2283.6484240181503,28.592841995880917,28.592841995880917,2283.6484240181503,2255.0555820222694,2283.6484240181503,28.592841995880917,B,True,True,0.03759765625,1.3149324665039004,1.3149324665039004,1.0,0.03759765625
1,1000012,1000012,B,4,5,2283.6484240181503,2312.241266014031,28.592841995880917,28.592841995880917,2312.241266014031,2283.6484240181503,2312.241266014031,28.592841995880917,B,True,True,0.03759765625,1.3149324665039004,1.3149324665039004,1.0,0.03759765625
1,1000012,1000012,B,5,6,2312.241266014031,2340.834108009912,28.592841995880917,28.592841995880917,2340.834108009912,2312.241266014031,2340.834108009912,28.592841995880917,B,True,True,0.03759765625,1.3149324665039004,1.3149324665039004,1.0,0.03759765625
1,1000012,1000012,B,6,7,2340.834108009912,2369.426950005793,28.592841995880917,28.592841995880917,2369.426950005793,2340.834108009912,2369.426950005793,28.592841995880917,B,True,True,0.03759765625,1.3149324665039004,1.3149324665039004,1.0,0.03759765625
1,1000012,1000012,B,7,8,2369.426950005793,2398.019792001674,28.592841995880917,28.592841995880917,2398.019792001674,2369.426950005793,2398.019792001674,28.592841995880917,B,True,True,0.03759765625,1.3149324665039004,1.3149324665039004,1.0,0.03759765625
1,1000012,1000013,B,8,1,2398.019792001674,2426.6581526010705,28.638360599396492,28.592841995880917,2426.612633997555,2398.019792001674,2426.6581526010705,28.592841995880917,gray,False,True,0.03759765625,1.3149324665039004,,,
1,1000013,1000013,A,1,2,2426.6581526010705,2436.1959401743125,9.537787573241985,6.024011548588987,2432.6821641496595,2426.6581526010705,2436.1959401743125,6.024011548588987,A,True,True,0.171539306640625,28.475925926935663,17.985230361166153,0.6315942247958211,0.171539306640625
1,1000013,1000013,A,2,3,2436.1959401743125,2447.7479879038046,11.552047729492188,6.024011548588987,2442.2199517229014,2436.1959401743125,2447.7479879038046,6.024011548588987,A,True,True,0.171539306640625,28.475925926935663,14.8492553577915,0.5214669891996538,0.171539306640625
1,1000013,1000013,A,3,4,2447.7479879038046,2475.6401099008754,27.892121997070717,6.024011548588987,2453.7719994523936,2447.7479879038046,2475.6401099008754,6.024011548588987,A,True,True,0.171539306640625,28.475925926935663,6.1500988221204675,0.21597537646012163,0.171539306640625
1,1000013,1000013,A,4,5,2475.6401099008754,2489.8819006723597,14.241790771484375,6.024011548588987,2481.6641214494643,2475.6401099008754,2489.8819006723597,6.024011548588987,A,True,True,0.171539306640625,28.475925926935663,12.044784914555096,0.42298132624238266,0.171539306640625
1,1000013,1000013,A,5,6,2489.8819006723597,2497.254466077633,7.372565405273235,6.024011548588987,2495.9059122209487,2489.8819006723597,2497.254466077633,6.024011548588987,A,True,True,0.171539306640625,28.475925926935663,23.267247858924566,0.8170848568234209,0.171539306640625
1,1000013,1000013,A,6,7,2497.254466077633,2507.211970350094,9.957504272460938,6.024011548588987,2503.278477626222,2497.254466077633,2507.211970350094,6.024011548588987,A,True,True,0.171539306640625,28.475925926935663,17.227138643067846,0.6049720275038545,0.171539306640625
1,1000013,1000013,A,7,8,2507.211970350094,2521.1935987680627,13.98162841796875,6.024011548588987,2513.235981898683,2507.211970350094,2521.1935987680627,6.024011548588987,A,True,True,0.171539306640625,28.475925926935663,12.268907563025211,0.4308519271508544,0.171539306640625
1,1000013,1000014,A,8,1,2521.1935987680627,2527.9954854623984,6.801886694335735,6.024011548588987,2527.2176103166516,2521.1935987680627,2527.9954854623984,6.024011548588987,gray,False,True,0.171539306640625,28.475925926935663,,,
1,1000014,1000014,A,1,2,2527.9954854623984,2535.6996480600546,7.70416259765625,6.024011548588987,2534.0194970109874,2527.9954854623984,2535.6996480600546,6.024011548588987,A,True,True,0.171539306640625,28.475925926935663,22.265795206971678,0.7819164603848839,0.171539306640625
1,1000014,1000014,A,2,3,2535.6996480600546,2550.7305182260707,15.03087016601603,6.024011548588987,2541.7236596086436,2535.6996480600546,2550.7305182260707,6.024011548588987,A,True,True,0.171539306640625,28.475925926935663,11.412466793071363,0.4007759685270215,0.171539306640625
1,1000014,1000014,A,3,4,2550.7305182260707,2565.425295032711,14.69477680664022,6.024011548588987,2556.7545297746597,2550.7305182260707,2565.425295032711,6.024011548588987,A,True,True,0.171539306640625,28.475925926935663,11.673488403247504,0.40994236440984116,0.171539306640625
1,1000014,1000014,A,4,5,2565.425295032711,2572.974199451656,7.5489044189453125,6.024011548588987,2571.4493065813,2565.425295032711,2572.974199451656,6.024011548588987,A,True,True,0.171539306640625,28.475925926935663,22.723735408560312,0.7979981218825164,0.171539306640625
1,1000014,1000014,A,5,6,2572.974199451656,2589.57423607275,16.60003662109375,6.024011548588987,2578.998211000245,2572.974199451656,2589.57423607275,6.024011548588987,A,True,True,0.171539306640625,28.475925926935663,10.333670374115268,0.3628914613919734,0.171539306640625
1,1000014,1000014,A,6,7,2589.57423607275,2606.4764967172814,16.902260644531452,6.024011548588987,2595.598247621339,2589.57423607275,2606.4764967172814,6.024011548588987,A,True,True,0.171539306640625,28.475925926935663,10.14889725393773,0.3564027129434898,0.171539306640625
1,1000014,1000014,A,7,8,2606.4764967172814,2612.5231733530236,6.0466766357421875,6.024011548588987,2612.5005082658704,2606.4764967172814,2612.5231733530236,6.024011548588987,A,True,True,0.171539306640625,28.475925926935663,28.369188063844554,0.9962516455701922,0.171539306640625
1,1000014,1000015,A,8,1,2612.5231733530236,2619.199375037594,6.676201684570515,6.024011548588987,2618.5471849016126,2612.5231733530236,2619.199375037594,6.024011548588987,gray,False,True,0.171539306640625,28.475925926935663,,,
1,1000015,1000015,A,1,2,2619.199375037594,2633.810328504391,14.610953466796673,6.024011548588987,2625.223386586183,2619.199375037594,2633.810328504391,6.024011548588987,A,True,True,0.171539306640625,28.475925926935663,11.740459445747145,0.4122942121661346,0.171539306640625
1,1000015,1000015,A,2,3,2633.810328504391,2655.844301380367,22.03397287597636,6.024011548588987,2639.8343400529798,2633.810328504391,2655.844301380367,6.024011548588987,A,True,True,0.171539306640625,28.475925926935663,7.785219107156762,0.27339652192986796,0.171539306640625
1,1000015,1000015,A,3,4,2655.844301380367,2666.783808729,10.939507348633015,6.024011548588987,2661.868312928956,2655.844301380367,2666.783808729,6.024011548588987,A,True,True,0.171539306640625,28.475925926935663,15.680715883614294,0.5506657070203202,0.171539306640625
1,1000015,1000015,A,4,5,2666.783808729,2677.211183704586,10.427374975585735,6.024011548588987,2672.807820277589,2666.783808729,2677.211183704586,6.024011548588987,A,True,True,0.171539306640625,28.475925926935663,16.45086198993138,0.5777112228814426,0.171539306640625
1,1000015,1000015,A,5,6,2677.211183704586,2684.600633777828,7.3894500732421875,6.024011548588987,2683.235195253175,2677.211183704586,2684.600633777828,6.024011548588987,A,True,True,0.171539306640625,28.475925926935663,23.214082907438954,0.8152178428544274,0.171539306640625
1,1000015,1000015,A,6,7,2684.600633777828,2698.7711897104455,14.17055593261739,6.024011548588987,2690.624645326417,2684.600633777828,2698.7711897104455,6.024011548588987,A,True,True,0.171539306640625,28.475925926935663,12.105333584392453,0.42510763707746185,0.171539306640625
1,1000015,1000015,A,7,8,2698.7711897104455,2720.5911580698203,21.819968359374798,6.024011548588987,2704.7952012590345,2698.7711897104455,2720.5911580698203,6.024011548588987,A,True,True,0.171539306640625,28.475925926935663,7.861574490639641,0.2760779231836426,0.171539306640625
1,1000015,1000016,A,8,1,2720.5911580698203,2726.6151696184093,6.024011548588987,6.024011548588987,2726.6151696184093,2720.5911580698203,2726.6151696184093,6.024011548588987,gray,False,True,0.171539306640625,28.475925926935663,,,
1,1000016,1000016,B,1,2,2726.6151696184093,2755.20801161429,28.592841995880917,28.592841995880917,2755.20801161429,2726.6151696184093,2755.20801161429,28.592841995880917,B,True,True,0.03759765625,1.3149324665039004,1.3149324665039004,1.0,0.03759765625
1,1000016,1000016,B,2,3,2755.20801161429,2783.800853610171,28.592841995880917,28.592841995880917,2783.800853610171,2755.20801161429,2783.800853610171,28.592841995880917,B,True,True,0.03759765625,1.3149324665039004,1.3149324665039004,1.0,0.03759765625
1,1000016,1000016,B,3,4,2783.800853610171,2812.393695606052,28.592841995880917,28.592841995880917,2812.393695606052,2783.800853610171,2812.393695606052,28.592841995880917,B,True,True,0.03759765625,1.3149324665039004,1.3149324665039004,1.0,0.03759765625
1,1000016,1000016,B,4,5,2812.393695606052,2840.986537601933,28.592841995880917,28.592841995880917,2840.986537601933,2812.393695606052,2840.986537601933,28.592841995880917,B,True,True,0.03759765625,1.3149324665039004,1.3149324665039004,1.0,0.03759765625
1,1000016,1000016,B,5,6,2840.986537601933,2869.579379597814,28.592841995880917,28.592841995880917,2869.579379597814,2840.986537601933,2869.579379597814,28.592841995880917,B,True,True,0.03759765625,1.3149324665039004,1.3149324665039004,1.0,0.03759765625
1,1000016,1000016,B,6,7,2869.579379597814,2898.1722215936948,28.592841995880917,28.592841995880917,2898.1722215936948,2869.579379597814,2898.1722215936948,28.592841995880917,B,True,True,0.03759765625,1.3149324665039004,1.3149324665039004,1.0,0.03759765625
1,1000016,1000016,B,7,8,2898.1722215936948,2926.7650635895757,28.592841995880917,28.592841995880917,2926.7650635895757,2898.1722215936948,2926.7650635895757,28.592841995880917,B,True,True,0.03759765625,1.3149324665039004,1.3149324665039004,1.0,0.03759765625
1,1000016,1000017,B,8,1,2926.7650635895757,2955.3579055854566,28.592841995880917,28.592841995880917,2955.3579055854566,2926.7650635895757,2955.3579055854566,28.592841995880917,gray,False,True,0.03759765625,1.3149324665039004,,,
1,1000017,1000017,B,1,2,2955.3579055854566,2983.9507475813375,28.592841995880917,28.592841995880917,2983.9507475813375,2955.3579055854566,2983.9507475813375,28.592841995880917,B,True,True,0.03759765625,1.3149324665039004,1.3149324665039004,1.0,0.03759765625
1,1000017,1000017,B,2,3,2983.9507475813375,3012.5435895772184,28.592841995880917,28.592841995880917,3012.5435895772184,2983.9507475813375,3012.5435895772184,28.592841995880917,B,True,True,0.03759765625,1.3149324665039004,1.3149324665039004,1.0,0.03759765625
1,1000017,1000017,B,3,4,3012.5435895772184,3041.1364315730993,28.592841995880917,28.592841995880917,3041.1364315730993,3012.5435895772184,3041.1364315730993,28.592841995880917,B,True,True,0.03759765625,1.3149324665039004,1.3149324665039004,1.0,0.03759765625
1,1000017,1000017,B,4,5,3041.1364315730993,3069.7292735689803,28.592841995880917,28.592841995880917,3069.7292735689803,3041.1364315730993,3069.7292735689803,28.592841995880917,B,True,True,0.03759765625,1.3149324665039004,1.3149324665039004,1.0,0.03759765625
1,1000017,1000017,B,5,6,3069.7292735689803,3098.322115564861,28.592841995880917,28.592841995880917,3098.322115564861,3069.7292735689803,3098.322115564861,28.592841995880917,B,True,True,0.03759765625,1.3149324665039004,1.3149324665039004,1.0,0.03759765625
1,1000017,1000017,B,6,7,3098.322115564861,3126.914957560742,28.592841995880917,28.592841995880917,3126.914957560742,3098.322115564861,3126.914957560742,28.592841995880917,B,True,True,0.03759765625,1.3149324665039004,1.3149324665039004,1.0,0.03759765625
1,1000017,1000017,B,7,8,3126.914957560742,3155.507799556623,28.592841995880917,28.592841995880917,3155.507799556623,3126.914957560742,3155.507799556623,28.592841995880917,B,True,True,0.03759765625,1.3149324665039004,1.3149324665039004,1.0,0.03759765625
1,1000017,1000018,B,8,1,3155.507799556623,3184.100641552504,28.592841995880917,28.592841995880917,3184.100641552504,3155.507799556623,3184.100641552504,28.592841995880917,gray,False,True,0.03759765625,1.3149324665039004,,,
1,1000018,1000018,A,1,2,3184.100641552504,3190.124653101093,6.024011548588987,6.024011548588987,3190.124653101093,3184.100641552504,3190.124653101093,6.024011548588987,A,True,True,0.171539306640625,28.475925926935663,28.475925926935663,1.0,0.171539306640625
1,1000018,1000018,A,2,3,3190.124653101093,3196.148664649682,6.024011548588987,6.024011548588987,3196.148664649682,3190.124653101093,3196.148664649682,6.024011548588987,A,True,True,0.171539306640625,28.475925926935663,28.475925926935663,1.0,0.171539306640625
1,1000018,1000018,A,3,4,3196.148664649682,3202.591664960968,6.443000311286141,6.024011548588987,3202.172676198271,3196.148664649682,3202.591664960968,6.024011548588987,A,True,True,0.171539306640625,28.475925926935663,26.624134464209362,0.9349699297758507,0.171539306640625
1,1000018,1000018,A,4,5,3202.591664960968,3211.9870828564763,9.395417895508217,6.024011548588987,3208.615676509557,3202.591664960968,3211.9870828564763,6.024011548588987,A,True,True,0.171539306640625,28.475925926935663,18.257762299496534,0.641164833282079,0.171539306640625
1,1000018,1000018,A,5,6,3211.9870828564763,3218.793165717804,6.806082861327923,6.024011548588987,3218.0110944050653,3211.9870828564763,3218.793165717804,6.024011548588987,A,True,True,0.171539306640625,28.475925926935663,25.20382283549752,0.8850923021841749,0.171539306640625
1,1000018,1000018,A,6,7,3218.793165717804,3230.0138162549138,11.220650537109577,6.024011548588987,3224.817177266393,3218.793165717804,3230.0138162549138,6.024011548588987,A,True,True,0.171539306640625,28.475925926935663,15.287821866771484,0.5368682973118208,0.171539306640625
1,1000018,1000018,A,7,8,3230.0138162549138,3237.4282433301087,7.414427075194908,6.024011548588987,3236.0378278035028,3230.0138162549138,3237.4282433301087,6.024011548588987,A,True,True,0.171539306640625,28.475925926935663,23.135881559144693,0.8124716161471761,0.171539306640625
1,1000018,1000019,A,8,1,3237.4282433301087,3243.4522548786977,6.024011548588987,6.024011548588987,3243.4522548786977,3237.4282433301087,3243.4522548786977,6.024011548588987,gray,False,True,0.171539306640625,28.475925926935663,,,
1,1000019,1000019,B,1,2,3243.4522548786977,3272.0450968745786,28.592841995880917,28.592841995880917,3272.0450968745786,3243.4522548786977,3272.0450968745786,28.592841995880917,B,True,True,0.03759765625,1.3149324665039004,1.3149324665039004,1.0,0.03759765625
1,1000019,1000019,B,2,3,3272.0450968745786,3300.6379388704595,28.592841995880917,28.592841995880917,3300.6379388704595,3272.0450968745786,3300.6379388704595,28.592841995880917,B,True,True,0.03759765625,1.3149324665039004,1.3149324665039004,1.0,0.03759765625
1,1000019,1000019,B,3,4,3300.6379388704595,3329.2307808663404,28.592841995880917,28.592841995880917,3329.2307808663404,3300.6379388704595,3329.2307808663404,28.592841995880917,B,True,True,0.03759765625,1.3149324665039004,1.3149324665039004,1.0,0.03759765625
1,1000019,1000019,B,4,5,3329.2307808663404,3357.8236228622213,28.592841995880917,28.592841995880917,3357.8236228622213,3329.2307808663404,3357.8236228622213,28.592841995880917,B,True,True,0.03759765625,1.3149324665039004,1.3149324665039004,1.0,0.03759765625
1,1000019,1000019,B,5,6,3357.8236228622213,3386.4164648581022,28.592841995880917,28.592841995880917,3386.4164648581022,3357.8236228622213,3386.4164648581022,28.592841995880917,B,True,True,0.03759765625,1.3149324665039004,1.3149324665039004,1.0,0.03759765625
1,1000019,1000019,B,6,7,3386.4164648581022,3415.009306853983,28.592841995880917,28.592841995880917,3415.009306853983,3386.4164648581022,3415.009306853983,28.592841995880917,B,True,True,0.03759765625,1.3149324665039004,1.3149324665039004,1.0,0.03759765625
1,1000019,1000019,B,7,8,3415.009306853983,3443.602148849864,28.592841995880917,28.592841995880917,3443.602148849864,3415.009306853983,3443.602148849864,28.592841995880917,B,True,True,0.03759765625,1.3149324665039004,1.3149324665039004,1.0,0.03759765625
1,1000019,1000020,B,8,1,3443.602148849864,3472.194990845745,28.592841995880917,28.592841995880917,3472.194990845745,3443.602148849864,3472.194990845745,28.592841995880917,gray,False,True,0.03759765625,1.3149324665039004,,,
1,1000020,1000020,A,1,2,3472.194990845745,3496.5207742627263,24.325783416981267,6.024011548588987,3478.219002394334,3472.194990845745,3496.5207742627263,6.024011548588987,A,True,True,0.171539306640625,28.475925926935663,7.051748496653858,0.247638953505759,0.171539306640625
1,1000020,1000020,A,2,3,3496.5207742627263,3513.191945722687,16.671171459960533,6.024011548588987,3502.5447858113153,3496.5207742627263,3513.191945722687,6.024011548588987,A,True,True,0.171539306640625,28.475925926935663,10.28957725332105,0.36134302637681875,0.171539306640625
1,1000020,1000020,A,3,4,3513.191945722687,3540.362226997101,27.170281274414265,6.024011548588987,3519.215957271276,3513.191945722687,3540.362226997101,6.024011548588987,A,True,True,0.171539306640625,28.475925926935663,6.313490276678155,0.22171325676564432,0.171539306640625
1,1000020,1000020,A,4,5,3540.362226997101,3559.429509809601,19.067282812499798,6.024011548588987,3546.38623854569,3540.362226997101,3559.429509809601,6.024011548588987,A,True,True,0.171539306640625,28.475925926935663,8.996526056044559,0.31593445210976107,0.171539306640625
1,1000020,1000020,A,5,6,3559.429509809601,3587.426435981476,27.996926171875202,6.024011548588987,3565.45352135819,3559.429509809601,3587.426435981476,6.024011548588987,A,True,True,0.171539306640625,28.475925926935663,6.127076436446362,0.21516689052245003,0.171539306640625
1,1000020,1000020,A,6,7,3587.426435981476,3617.118613618195,29.692177636718952,6.024011548588987,3593.450447530065,3587.426435981476,3617.118613618195,6.024011548588987,A,True,True,0.171539306640625,28.475925926935663,5.777255839547794,0.20288210660370593,0.171539306640625
1,1000020,1000020,A,7,8,3617.118613618195,3641.7710946972966,24.652481079101562,6.024011548588987,3623.142625166784,3617.118613618195,3641.7710946972966,6.024011548588987,A,True,True,0.171539306640625,28.475925926935663,6.958297872340426,0.24435721213049308,0.171539306640625
1,1000020,1000021,A,8,1,3641.7710946972966,3647.7951062458856,6.024011548588987,6.024011548588987,3647.7951062458856,3641.7710946972966,3647.7951062458856,6.024011548588987,gray,False,True,0.171539306640625,28.475925926935663,,,
1,1000021,1000021,B,1,2,3647.7951062458856,3676.3879482417665,28.592841995880917,28.592841995880917,3676.3879482417665,3647.7951062458856,3676.3879482417665,28.592841995880917,B,True,True,0.03759765625,1.3149324665039004,1.3149324665039004,1.0,0.03759765625
1,1000021,1000021,B,2,3,3676.3879482417665,3704.9807902376474,28.592841995880917,28.592841995880917,3704.9807902376474,3676.3879482417665,3704.9807902376474,28.592841995880917,B,True,True,0.03759765625,1.3149324665039004,1.3149324665039004,1.0,0.03759765625
1,1000021,1000021,B,3,4,3704.9807902376474,3733.5736322335283,28.592841995880917,28.592841995880917,3733.5736322335283,3704.9807902376474,3733.5736322335283,28.592841995880917,B,True,True,0.03759765625,1.3149324665039004,1.3149324665039004,1.0,0.03759765625
1,1000021,1000021,B,4,5,3733.5736322335283,3762.1664742294092,28.592841995880917,28.592841995880917,3762.1664742294092,3733.5736322335283,3762.1664742294092,28.592841995880917,B,True,True,0.03759765625,1.3149324665039004,1.3149324665039004,1.0,0.03759765625
1,1000021,1000021,B,5,6,3762.1664742294092,3790.75931622529,28.592841995880917,28.592841995880917,3790.75931622529,3762.1664742294092,3790.75931622529,28.592841995880917,B,True,True,0.03759765625,1.3149324665039004,1.3149324665039004,1.0,0.03759765625
1,1000021,1000021,B,6,7,3790.75931622529,3819.352158221171,28.592841995880917,28.592841995880917,3819.352158221171,3790.75931622529,3819.352158221171,28.592841995880917,B,True,True,0.03759765625,1.3149324665039004,1.3149324665039004,1.0,0.03759765625
1,1000021,1000021,B,7,8,3819.352158221171,3847.945000217052,28.592841995880917,28.592841995880917,3847.945000217052,3819.352158221171,3847.945000217052,28.592841995880917,B,True,True,0.03759765625,1.3149324665039004,1.3149324665039004,1.0,0.03759765625
1,1000021,1000022,B,8,1,3847.945000217052,3876.537842212933,28.592841995880917,28.592841995880917,3876.537842212933,3847.945000217052,3876.537842212933,28.592841995880917,gray,False,True,0.03759765625,1.3149324665039004,,,
1,1000022,1000022,B,1,2,3876.537842212933,3905.130684208814,28.592841995880917,28.592841995880917,3905.130684208814,3876.537842212933,3905.130684208814,28.592841995880917,B,True,True,0.03759765625,1.3149324665039004,1.3149324665039004,1.0,0.03759765625
1,1000022,1000022,B,2,3,3905.130684208814,3933.7235262046947,28.592841995880917,28.592841995880917,3933.7235262046947,3905.130684208814,3933.7235262046947,28.592841995880917,B,True,True,0.03759765625,1.3149324665039004,1.3149324665039004,1.0,0.03759765625
1,1000022,1000022,B,3,4,3933.7235262046947,3962.3163682005757,28.592841995880917,28.592841995880917,3962.3163682005757,3933.7235262046947,3962.3163682005757,28.592841995880917,B,True,True,0.03759765625,1.3149324665039004,1.3149324665039004,1.0,0.03759765625
1,1000022,1000022,B,4,5,3962.3163682005757,3990.9092101964566,28.592841995880917,28.592841995880917,3990.9092101964566,3962.3163682005757,3990.9092101964566,28.592841995880917,B,True,True,0.03759765625,1.3149324665039004,1.3149324665039004,1.0,0.03759765625
1,1000022,1000022,B,5,6,3990.9092101964566,4019.5020521923375,28.592841995880917,28.592841995880917,4019.5020521923375,3990.9092101964566,4000.0,9.09078980354343,gray,True,False,0.03759765625,1.3149324665039004,,,
2,2000010,2000010,B,1,2,1987.2682193593785,2015.8610613552592,28.59284199588069,28.59284199588069,2015.8610613552592,2000.0,2015.8610613552592,15.861061355259153,gray,True,False,0.03759765625,1.3149324665039108,,,
2,2000010,2000010,B,2,3,2015.8610613552592,2044.4539033511398,28.59284199588069,28.59284199588069,2044.4539033511398,2015.8610613552592,2044.4539033511398,28.59284199588069,B,True,True,0.03759765625,1.3149324665039108,1.3149324665039108,1.0,0.03759765625
2,2000010,2000010,B,3,4,2044.4539033511398,2073.0467453470205,28.59284199588069,28.59284199588069,2073.0467453470205,2044.4539033511398,2073.0467453470205,28.59284199588069,B,True,True,0.03759765625,1.3149324665039108,1.3149324665039108,1.0,0.03759765625
2,2000010,2000010,B,4,5,2073.0467453470205,2101.6395873429015,28.592841995880917,28.592841995880917,2101.6395873429015,2073.0467453470205,2101.6395873429015,28.592841995880917,B,True,True,0.03759765625,1.3149324665039004,1.3149324665039004,1.0,0.03759765625
2,2000010,2000010,B,5,6,2101.6395873429015,2130.2324293387824,28.592841995880917,28.592841995880917,2130.2324293387824,2101.6395873429015,2130.2324293387824,28.592841995880917,B,True,True,0.03759765625,1.3149324665039004,1.3149324665039004,1.0,0.03759765625
2,2000010,2000010,B,6,7,2130.2324293387824,2158.8252713346633,28.592841995880917,28.592841995880917,2158.8252713346633,2130.2324293387824,2158.8252713346633,28.592841995880917,B,True,True,0.03759765625,1.3149324665039004,1.3149324665039004,1.0,0.03759765625
2,2000010,2000010,B,7,8,2158.8252713346633,2187.418113330544,28.592841995880917,28.592841995880917,2187.418113330544,2158.8252713346633,2187.418113330544,28.592841995880917,B,True,True,0.03759765625,1.3149324665039004,1.3149324665039004,1.0,0.03759765625
2,2000010,2000011,B,8,1,2187.418113330544,2216.010955326425,28.592841995880917,28.592841995880917,2216.010955326425,2187.418113330544,2216.010955326425,28.592841995880917,gray,False,True,0.03759765625,1.3149324665039004,,,
2,2000011,2000011,B,1,2,2216.010955326425,2244.603797322306,28.592841995880917,28.592841995880917,2244.603797322306,2216.010955326425,2244.603797322306,28.592841995880917,B,True,True,0.03759765625,1.3149324665039004,1.3149324665039004,1.0,0.03759765625
2,2000011,2000011,B,2,3,2244.603797322306,2273.196639318187,28.592841995880917,28.592841995880917,2273.196639318187,2244.603797322306,2273.196639318187,28.592841995880917,B,True,True,0.03759765625,1.3149324665039004,1.3149324665039004,1.0,0.03759765625
2,2000011,2000011,B,3,4,2273.196639318187,2301.789481314068,28.592841995880917,28.592841995880917,2301.789481314068,2273.196639318187,2301.789481314068,28.592841995880917,B,True,True,0.03759765625,1.3149324665039004,1.3149324665039004,1.0,0.03759765625
2,2000011,2000011,B,4,5,2301.789481314068,2330.382323309949,28.592841995880917,28.592841995880917,2330.382323309949,2301.789481314068,2330.382323309949,28.592841995880917,B,True,True,0.03759765625,1.3149324665039004,1.3149324665039004,1.0,0.03759765625
2,2000011,2000011,B,5,6,2330.382323309949,2358.9751653058297,28.592841995880917,28.592841995880917,2358.9751653058297,2330.382323309949,2358.9751653058297,28.592841995880917,B,True,True,0.03759765625,1.3149324665039004,1.3149324665039004,1.0,0.03759765625
2,2000011,2000011,B,6,7,2358.9751653058297,2387.5680073017106,28.592841995880917,28.592841995880917,2387.5680073017106,2358.9751653058297,2387.5680073017106,28.592841995880917,B,True,True,0.03759765625,1.3149324665039004,1.3149324665039004,1.0,0.03759765625
2,2000011,2000011,B,7,8,2387.5680073017106,2416.1608492975915,28.592841995880917,28.592841995880917,2416.1608492975915,2387.5680073017106,2416.1608492975915,28.592841995880917,B,True,True,0.03759765625,1.3149324665039004,1.3149324665039004,1.0,0.03759765625
2,2000011,2000012,B,8,1,2416.1608492975915,2444.7536912934725,28.592841995880917,28.592841995880917,2444.7536912934725,2416.1608492975915,2444.7536912934725,28.592841995880917,gray,False,True,0.03759765625,1.3149324665039004,,,
2,2000012,2000012,B,1,2,2444.7536912934725,2473.3465332893534,28.592841995880917,28.592841995880917,2473.3465332893534,2444.7536912934725,2473.3465332893534,28.592841995880917,B,True,True,0.03759765625,1.3149324665039004,1.3149324665039004,1.0,0.03759765625
2,2000012,2000012,B,2,3,2473.3465332893534,2501.9393752852343,28.592841995880917,28.592841995880917,2501.9393752852343,2473.3465332893534,2501.9393752852343,28.592841995880917,B,True,True,0.03759765625,1.3149324665039004,1.3149324665039004,1.0,0.03759765625
2,2000012,2000012,B,3,4,2501.9393752852343,2530.532217281115,28.592841995880917,28.592841995880917,2530.532217281115,2501.9393752852343,2530.532217281115,28.592841995880917,B,True,True,0.03759765625,1.3149324665039004,1.3149324665039004,1.0,0.03759765625
2,2000012,2000012,B,4,5,2530.532217281115,2559.125059276996,28.592841995880917,28.592841995880917,2559.125059276996,2530.532217281115,2559.125059276996,28.592841995880917,B,True,True,0.03759765625,1.3149324665039004,1.3149324665039004,1.0,0.03759765625
2,2000012,2000012,B,5,6,2559.125059276996,2587.717901272877,28.592841995880917,28.592841995880917,2587.717901272877,2559.125059276996,2587.717901272877,28.592841995880917,B,True,True,0.03759765625,1.3149324665039004,1.3149324665039004,1.0,0.03759765625
2,2000012,2000012,B,6,7,2587.717901272877,2616.310743268758,28.592841995880917,28.592841995880917,2616.310743268758,2587.717901272877,2616.310743268758,28.592841995880917,B,True,True,0.03759765625,1.3149324665039004,1.3149324665039004,1.0,0.03759765625
2,2000012,2000012,B,7,8,2616.310743268758,2644.903585264639,28.592841995880917,28.592841995880917,2644.903585264639,2616.310743268758,2644.903585264639,28.592841995880917,B,True,True,0.03759765625,1.3149324665039004,1.3149324665039004,1.0,0.03759765625
2,2000012,2000013,B,8,1,2644.903585264639,2673.49642726052,28.592841995880917,28.592841995880917,2673.49642726052,2644.903585264639,2673.49642726052,28.592841995880917,gray,False,True,0.03759765625,1.3149324665039004,,,
2,2000013,2000013,A,1,2,2673.49642726052,2689.2501868051722,15.75375954465244,6.024011548588987,2679.520438809109,2673.49642726052,2689.2501868051722,6.024011548588987,A,True,True,0.171539306640625,28.475925926935663,10.888785381953696,0.3823856477886777,0.171539306640625
2,2000013,2000013,A,2,3,2689.2501868051722,2700.281809827633,11.031623022460735,6.024011548588987,2695.274198353761,2689.2501868051722,2700.281809827633,6.024011548588987,A,True,True,0.171539306640625,28.475925926935663,15.549779601003907,0.5460675674217573,0.171539306640625
2,2000013,2000013,A,3,4,2700.281809827633,2710.8310736459925,10.549263818359577,6.024011548588987,2706.305821376222,2700.281809827633,2710.8310736459925,6.024011548588987,A,True,True,0.171539306640625,28.475925926935663,16.260784600161756,0.57103620236561,0.171539306640625
2,2000013,2000013,A,4,5,2710.8310736459925,2717.372897986813,6.5418243408203125,6.024011548588987,2716.8550851945815,2710.8310736459925,2717.372897986813,6.024011548588987,A,True,True,0.171539306640625,28.475925926935663,26.22193713919179,0.9208458122300494,0.171539306640625
2,2000013,2000013,A,5,6,2717.372897986813,2723.396909535402,6.024011548588987,6.024011548588987,2723.396909535402,2717.372897986813,2723.396909535402,6.024011548588987,A,True,True,0.171539306640625,28.475925926935663,28.475925926935663,1.0,0.171539306640625
2,2000013,2000013,A,6,7,2723.396909535402,2729.420921083991,6.024011548588987,6.024011548588987,2729.420921083991,2723.396909535402,2729.420921083991,6.024011548588987,A,True,True,0.171539306640625,28.475925926935663,28.475925926935663,1.0,0.171539306640625
2,2000013,2000013,A,7,8,2729.420921083991,2748.650926746578,19.230005662587246,6.024011548588987,2735.44493263258,2729.420921083991,2748.650926746578,6.024011548588987,A,True,True,0.171539306640625,28.475925926935663,8.920398134586183,0.31326103872704236,0.171539306640625
2,2000013,2000014,A,8,1,2748.650926746578,2762.3432196420863,13.692292895508217,6.024011548588987,2754.674938295167,2748.650926746578,2762.3432196420863,6.024011548588987,gray,False,True,0.171539306640625,28.475925926935663,,,
2,2000014,2000014,A,1,2,2762.3432196420863,2768.5913122934535,6.2480926513671875,6.024011548588987,2768.3672311906753,2762.3432196420863,2768.5913122934535,6.024011548588987,A,True,True,0.171539306640625,28.475925926935663,27.45466756212223,0.9641360787553034,0.171539306640625
2,2000014,2000014,A,2,3,2768.5913122934535,2787.717341443844,19.126029150390423,6.024011548588987,2774.6153238420425,2768.5913122934535,2787.717341443844,6.024011548588987,A,True,True,0.171539306640625,28.475925926935663,8.968892878484573,0.314964047227023,0.171539306640625
2,2000014,2000014,A,3,4,2787.717341443844,2798.149012586422,10.431671142578125,6.024011548588987,2793.741352992433,2787.717341443844,2798.149012586422,6.024011548588987,A,True,True,0.171539306640625,28.475925926935663,16.44408688656476,0.577473298980952,0.171539306640625
2,2000014,2000014,A,4,5,2798.149012586422,2808.1399861948203,9.990973608398235,6.024011548588987,2804.173024135011,2798.149012586422,2808.1399861948203,6.024011548588987,A,True,True,0.171539306640625,28.475925926935663,17.16942846255065,0.6029453969856662,0.171539306640625
2,2000014,2000014,A,5,6,2808.1399861948203,2817.119983558102,8.979997363281655,6.024011548588987,2814.1639977434093,2808.1399861948203,2817.119983558102,6.024011548588987,A,True,True,0.171539306640625,28.475925926935663,19.102378285992902,0.6708255364551209,0.171539306640625
2,2000014,2000014,A,6,7,2817.119983558102,2823.143995106691,6.024011548588987,6.024011548588987,2823.143995106691,2817.119983558102,2823.143995106691,6.024011548588987,A,True,True,0.171539306640625,28.475925926935663,28.475925926935663,1.0,0.171539306640625
2,2000014,2000014,A,7,8,2823.143995106691,2829.16800665528,6.024011548588987,6.024011548588987,2829.16800665528,2823.143995106691,2829.16800665528,6.024011548588987,A,True,True,0.171539306640625,28.475925926935663,28.475925926935663,1.0,0.171539306640625
2,2000014,2000015,A,8,1,2829.16800665528,2841.806033973141,12.638027317861088,6.024011548588987,2835.192018203869,2829.16800665528,2841.806033973141,6.024011548588987,gray,False,True,0.171539306640625,28.475925926935663,,,
2,2000015,2000015,B,1,2,2841.806033973141,2870.398875969022,28.592841995880917,28.592841995880917,2870.398875969022,2841.806033973141,2870.398875969022,28.592841995880917,B,True,True,0.03759765625,1.3149324665039004,1.3149324665039004,1.0,0.03759765625
2,2000015,2000015,B,2,3,2870.398875969022,2898.991717964903,28.592841995880917,28.592841995880917,2898.991717964903,2870.398875969022,2898.991717964903,28.592841995880917,B,True,True,0.03759765625,1.3149324665039004,1.3149324665039004,1.0,0.03759765625
2,2000015,2000015,B,3,4,2898.991717964903,2927.5845599607837,28.592841995880917,28.592841995880917,2927.5845599607837,2898.991717964903,2927.5845599607837,28.592841995880917,B,True,True,0.03759765625,1.3149324665039004,1.3149324665039004,1.0,0.03759765625
2,2000015,2000015,B,4,5,2927.5845599607837,2956.1774019566647,28.592841995880917,28.592841995880917,2956.1774019566647,2927.5845599607837,2956.1774019566647,28.592841995880917,B,True,True,0.03759765625,1.3149324665039004,1.3149324665039004,1.0,0.03759765625
2,2000015,2000015,B,5,6,2956.1774019566647,2984.7702439525456,28.592841995880917,28.592841995880917,2984.7702439525456,2956.1774019566647,2984.7702439525456,28.592841995880917,B,True,True,0.03759765625,1.3149324665039004,1.3149324665039004,1.0,0.03759765625
2,2000015,2000015,B,6,7,2984.7702439525456,3013.3630859484265,28.592841995880917,28.592841995880917,3013.3630859484265,2984.7702439525456,3013.3630859484265,28.592841995880917,B,True,True,0.03759765625,1.3149324665039004,1.3149324665039004,1.0,0.03759765625
2,2000015,2000015,B,7,8,3013.3630859484265,3041.9559279443074,28.592841995880917,28.592841995880917,3041.9559279443074,3013.3630859484265,3041.9559279443074,28.592841995880917,B,True,True,0.03759765625,1.3149324665039004,1.3149324665039004,1.0,0.03759765625
2,2000015,2000016,B,8,1,3041.9559279443074,3070.5487699401883,28.592841995880917,28.592841995880917,3070.5487699401883,3041.9559279443074,3070.5487699401883,28.592841995880917,gray,False,True,0.03759765625,1.3149324665039004,,,
2,2000016,2000016,A,1,2,3070.5487699401883,3076.5727814887773,6.024011548588987,6.024011548588987,3076.5727814887773,3070.5487699401883,3076.5727814887773,6.024011548588987,A,True,True,0.171539306640625,28.475925926935663,28.475925926935663,1.0,0.171539306640625
2,2000016,2000016,A,2,3,3076.5727814887773,3082.5967930373663,6.024011548588987,6.024011548588987,3082.5967930373663,3076.5727814887773,3082.5967930373663,6.024011548588987,A,True,True,0.171539306640625,28.475925926935663,28.475925926935663,1.0,0.171539306640625
2,2000016,2000016,A,3,4,3082.5967930373663,3088.6208045859553,6.024011548588987,6.024011548588987,3088.6208045859553,3082.5967930373663,3088.6208045859553,6.024011548588987,A,True,True,0.171539306640625,28.475925926935663,28.475925926935663,1.0,0.171539306640625
2,2000016,2000016,A,4,5,3088.6208045859553,3094.6448161345443,6.024011548588987,6.024011548588987,3094.6448161345443,3088.6208045859553,3094.6448161345443,6.024011548588987,A,True,True,0.171539306640625,28.475925926935663,28.475925926935663,1.0,0.171539306640625
2,2000016,2000016,A,5,6,3094.6448161345443,3100.6688276831333,6.024011548588987,6.024011548588987,3100.6688276831333,3094.6448161345443,3100.6688276831333,6.024011548588987,A,True,True,0.171539306640625,28.475925926935663,28.475925926935663,1.0,0.171539306640625
2,2000016,2000016,A,6,7,3100.6688276831333,3106.6928392317222,6.024011548588987,6.024011548588987,3106.6928392317222,3100.6688276831333,3106.6928392317222,6.024011548588987,A,True,True,0.171539306640625,28.475925926935663,28.475925926935663,1.0,0.171539306640625
2,2000016,2000016,A,7,8,3106.6928392317222,3112.7168507803112,6.024011548588987,6.024011548588987,3112.7168507803112,3106.6928392317222,3112.7168507803112,6.024011548588987,A,True,True,0.171539306640625,28.475925926935663,28.475925926935663,1.0,0.171539306640625
2,2000016,2000017,A,8,1,3112.7168507803112,3118.7408623289,6.024011548588987,6.024011548588987,3118.7408623289,3112.7168507803112,3118.7408623289,6.024011548588987,gray,False,True,0.171539306640625,28.475925926935663,,,
2,2000017,2000017,B,1,2,3118.7408623289,3147.333704324781,28.592841995880917,28.592841995880917,3147.333704324781,3118.7408623289,3147.333704324781,28.592841995880917,B,True,True,0.03759765625,1.3149324665039004,1.3149324665039004,1.0,0.03759765625
2,2000017,2000017,B,2,3,3147.333704324781,3175.926546320662,28.592841995880917,28.592841995880917,3175.926546320662,3147.333704324781,3175.926546320662,28.592841995880917,B,True,True,0.03759765625,1.3149324665039004,1.3149324665039004,1.0,0.03759765625
2,2000017,2000017,B,3,4,3175.926546320662,3204.519388316543,28.592841995880917,28.592841995880917,3204.519388316543,3175.926546320662,3204.519388316543,28.592841995880917,B,True,True,0.03759765625,1.3149324665039004,1.3149324665039004,1.0,0.03759765625
2,2000017,2000017,B,4,5,3204.519388316543,3233.112230312424,28.592841995880917,28.592841995880917,3233.112230312424,3204.519388316543,3233.112230312424,28.592841995880917,B,True,True,0.03759765625,1.3149324665039004,1.3149324665039004,1.0,0.03759765625
2,2000017,2000017,B,5,6,3233.112230312424,3261.705072308305,28.592841995880917,28.592841995880917,3261.705072308305,3233.112230312424,3261.705072308305,28.592841995880917,B,True,True,0.03759765625,1.3149324665039004,1.3149324665039004,1.0,0.03759765625
2,2000017,2000017,B,6,7,3261.705072308305,3290.2979143041857,28.592841995880917,28.592841995880917,3290.2979143041857,3261.705072308305,3290.2979143041857,28.592841995880917,B,True,True,0.03759765625,1.3149324665039004,1.3149324665039004,1.0,0.03759765625
2,2000017,2000017,B,7,8,3290.2979143041857,3318.8907563000666,28.592841995880917,28.592841995880917,3318.8907563000666,3290.2979143041857,3318.8907563000666,28.592841995880917,B,True,True,0.03759765625,1.3149324665039004,1.3149324665039004,1.0,0.03759765625
2,2000017,2000018,B,8,1,3318.8907563000666,3347.4835982959476,28.592841995880917,28.592841995880917,3347.4835982959476,3318.8907563000666,3347.4835982959476,28.592841995880917,gray,False,True,0.03759765625,1.3149324665039004,,,
2,2000018,2000018,A,1,2,3347.4835982959476,3353.5825418408513,6.098943544903705,6.024011548588987,3353.5076098445365,3347.4835982959476,3353.5825418408513,6.024011548588987,A,True,True,0.171539306640625,28.475925926935663,28.126068945819927,0.9877139383627627,0.171539306640625
2,2000018,2000018,A,2,3,3353.5825418408513,3359.6065533894403,6.024011548588987,6.024011548588987,3359.6065533894403,3353.5825418408513,3359.6065533894403,6.024011548588987,A,True,True,0.171539306640625,28.475925926935663,28.475925926935663,1.0,0.171539306640625
2,2000018,2000018,A,3,4,3359.6065533894403,3374.164740937531,14.5581875480907,6.024011548588987,3365.6305649380292,3359.6065533894403,3374.164740937531,6.024011548588987,A,True,True,0.171539306640625,28.475925926935663,11.783012553861646,0.41378856596603153,0.171539306640625
2,2000018,2000018,A,4,5,3374.164740937531,3387.592475312531,13.427734375,6.024011548588987,3380.18875248612,3374.164740937531,3387.592475312531,6.024011548588987,A,True,True,0.171539306640625,28.475925926935663,12.775,0.44862456914582716,0.171539306640625
2,2000018,2000018,A,5,6,3387.592475312531,3403.9407419140935,16.3482666015625,6.024011548588987,3393.61648686112,3387.592475312531,3403.9407419140935,6.024011548588987,A,True,True,0.171539306640625,28.475925926935663,10.492813141683778,0.36848013892881076,0.171539306640625
2,2000018,2000018,A,6,7,3403.9407419140935,3420.6454827099915,16.704740795898033,6.024011548588987,3409.9647534626824,3403.9407419140935,3420.6454827099915,6.024011548588987,A,True,True,0.171539306640625,28.475925926935663,10.268899633734376,0.36061688248812734,0.171539306640625
2,2000018,2000018,A,7,8,3420.6454827099915,3435.445363691437,14.799880981445312,6.024011548588987,3426.6694942585805,3420.6454827099915,3435.445363691437,6.024011548588987,A,True,True,0.171539306640625,28.475925926935663,11.59058690104905,0.40703108059729143,0.171539306640625
2,2000018,2000019,A,8,1,3435.445363691437,3441.469375240026,6.024011548588987,6.024011548588987,3441.469375240026,3435.445363691437,3441.469375240026,6.024011548588987,gray,False,True,0.171539306640625,28.475925926935663,,,
2,2000019,2000019,B,1,2,3441.469375240026,3470.0622172359067,28.592841995880917,28.592841995880917,3470.0622172359067,3441.469375240026,3470.0622172359067,28.592841995880917,B,True,True,0.03759765625,1.3149324665039004,1.3149324665039004,1.0,0.03759765625
2,2000019,2000019,B,2,3,3470.0622172359067,3498.6550592317876,28.592841995880917,28.592841995880917,3498.6550592317876,3470.0622172359067,3498.6550592317876,28.592841995880917,B,True,True,0.03759765625,1.3149324665039004,1.3149324665039004,1.0,0.03759765625
2,2000019,2000019,B,3,4,3498.6550592317876,3527.2479012276685,28.592841995880917,28.592841995880917,3527.2479012276685,3498.6550592317876,3527.2479012276685,28.592841995880917,B,True,True,0.03759765625,1.3149324665039004,1.3149324665039004,1.0,0.03759765625
2,2000019,2000019,B,4,5,3527.2479012276685,3555.8407432235495,28.592841995880917,28.592841995880917,3555.8407432235495,3527.2479012276685,3555.8407432235495,28.592841995880917,B,True,True,0.03759765625,1.3149324665039004,1.3149324665039004,1.0,0.03759765625
2,2000019,2000019,B,5,6,3555.8407432235495,3584.4335852194304,28.592841995880917,28.592841995880917,3584.4335852194304,3555.8407432235495,3584.4335852194304,28.592841995880917,B,True,True,0.03759765625,1.3149324665039004,1.3149324665039004,1.0,0.03759765625
2,2000019,2000019,B,6,7,3584.4335852194304,3613.0264272153113,28.592841995880917,28.592841995880917,3613.0264272153113,3584.4335852194304,3613.0264272153113,28.592841995880917,B,True,True,0.03759765625,1.3149324665039004,1.3149324665039004,1.0,0.03759765625
2,2000019,2000019,B,7,8,3613.0264272153113,3641.619269211192,28.592841995880917,28.592841995880917,3641.619269211192,3613.0264272153113,3641.619269211192,28.592841995880917,B,True,True,0.03759765625,1.3149324665039004,1.3149324665039004,1.0,0.03759765625
2,2000019,2000020,B,8,1,3641.619269211192,3670.212111207073,28.592841995880917,28.592841995880917,3670.212111207073,3641.619269211192,3670.212111207073,28.592841995880917,gray,False,True,0.03759765625,1.3149324665039004,,,
2,2000020,2000020,B,1,2,3670.212111207073,3698.804953202954,28.592841995880917,28.592841995880917,3698.804953202954,3670.212111207073,3698.804953202954,28.592841995880917,B,True,True,0.03759765625,1.3149324665039004,1.3149324665039004,1.0,0.03759765625
2,2000020,2000020,B,2,3,3698.804953202954,3727.397795198835,28.592841995880917,28.592841995880917,3727.397795198835,3698.804953202954,3727.397795198835,28.592841995880917,B,True,True,0.03759765625,1.3149324665039004,1.3149324665039004,1.0,0.03759765625
2,2000020,2000020,B,3,4,3727.397795198835,3755.990637194716,28.592841995880917,28.592841995880917,3755.990637194716,3727.397795198835,3755.990637194716,28.592841995880917,B,True,True,0.03759765625,1.3149324665039004,1.3149324665039004,1.0,0.03759765625
2,2000020,2000020,B,4,5,3755.990637194716,3784.583479190597,28.592841995880917,28.592841995880917,3784.583479190597,3755.990637194716,3784.583479190597,28.592841995880917,B,True,True,0.03759765625,1.3149324665039004,1.3149324665039004,1.0,0.03759765625
2,2000020,2000020,B,5,6,3784.583479190597,3813.1763211864777,28.592841995880917,28.592841995880917,3813.1763211864777,3784.583479190597,3813.1763211864777,28.592841995880917,B,True,True,0.03759765625,1.3149324665039004,1.3149324665039004,1.0,0.03759765625
2,2000020,2000020,B,6,7,3813.1763211864777,3841.7691631823586,28.592841995880917,28.592841995880917,3841.7691631823586,3813.1763211864777,3841.7691631823586,28.592841995880917,B,True,True,0.03759765625,1.3149324665039004,1.3149324665039004,1.0,0.03759765625
2,2000020,2000020,B,7,8,3841.7691631823586,3870.3620051782395,28.592841995880917,28.592841995880917,3870.3620051782395,3841.7691631823586,3870.3620051782395,28.592841995880917,B,True,True,0.03759765625,1.3149324665039004,1.3149324665039004,1.0,0.03759765625
2,2000020,2000021,B,8,1,3870.3620051782395,3898.9548471741205,28.592841995880917,28.592841995880917,3898.9548471741205,3870.3620051782395,3898.9548471741205,28.592841995880917,gray,False,True,0.03759765625,1.3149324665039004,,,
2,2000021,2000021,B,1,2,3898.9548471741205,3927.5476891700014,28.592841995880917,28.592841995880917,3927.5476891700014,3898.9548471741205,3927.5476891700014,28.592841995880917,B,True,True,0.03759765625,1.3149324665039004,1.3149324665039004,1.0,0.03759765625
2,2000021,2000021,B,2,3,3927.5476891700014,3956.1405311658823,28.592841995880917,28.592841995880917,3956.1405311658823,3927.5476891700014,3956.1405311658823,28.592841995880917,B,True,True,0.03759765625,1.3149324665039004,1.3149324665039004,1.0,0.03759765625
2,2000021,2000021,B,3,4,3956.1405311658823,3984.733373161763,28.592841995880917,28.592841995880917,3984.733373161763,3956.1405311658823,3984.733373161763,28.592841995880917,B,True,True,0.03759765625,1.3149324665039004,1.3149324665039004,1.0,0.03759765625
2,2000021,2000021,B,4,5,3984.733373161763,4013.326215157644,28.592841995880917,28.592841995880917,4013.326215157644,3984.733373161763,4000.0,15.266626838236789,gray,True,False,0.03759765625,1.3149324665039004,,,
3,3000011,3000011,B,1,2,1984.289294295156,2012.8821362910367,28.59284199588069,28.59284199588069,2012.8821362910367,2000.0,2012.8821362910367,12.882136291036659,gray,True,False,0.03759765625,1.3149324665039108,,,
3,3000011,3000011,B,2,3,2012.8821362910367,2041.4749782869173,28.59284199588069,28.59284199588069,2041.4749782869173,2012.8821362910367,2041.4749782869173,28.59284199588069,B,True,True,0.03759765625,1.3149324665039108,1.3149324665039108,1.0,0.03759765625
3,3000011,3000011,B,3,4,2041.4749782869173,2070.067820282798,28.59284199588069,28.59284199588069,2070.067820282798,2041.4749782869173,2070.067820282798,28.59284199588069,B,True,True,0.03759765625,1.3149324665039108,1.3149324665039108,1.0,0.03759765625
3,3000011,3000011,B,4,5,2070.067820282798,2098.660662278679,28.592841995880917,28.592841995880917,2098.660662278679,2070.067820282798,2098.660662278679,28.592841995880917,B,True,True,0.03759765625,1.3149324665039004,1.3149324665039004,1.0,0.03759765625
3,3000011,3000011,B,5,6,2098.660662278679,2127.25350427456,28.592841995880917,28.592841995880917,2127.25350427456,2098.660662278679,2127.25350427456,28.592841995880917,B,True,True,0.03759765625,1.3149324665039004,1.3149324665039004,1.0,0.03759765625
3,3000011,3000011,B,6,7,2127.25350427456,2155.846346270441,28.592841995880917,28.592841995880917,2155.846346270441,2127.25350427456,2155.846346270441,28.592841995880917,B,True,True,0.03759765625,1.3149324665039004,1.3149324665039004,1.0,0.03759765625
3,3000011,3000011,B,7,8,2155.846346270441,2184.4391882663217,28.592841995880917,28.592841995880917,2184.4391882663217,2155.846346270441,2184.4391882663217,28.592841995880917,B,True,True,0.03759765625,1.3149324665039004,1.3149324665039004,1.0,0.03759765625
3,3000011,3000012,B,8,1,2184.4391882663217,2213.0320302622026,28.592841995880917,28.592841995880917,2213.0320302622026,2184.4391882663217,2213.0320302622026,28.592841995880917,gray,False,True,0.03759765625,1.3149324665039004,,,
3,3000012,3000012,B,1,2,2213.0320302622026,2241.6248722580835,28.592841995880917,28.592841995880917,2241.6248722580835,2213.0320302622026,2241.6248722580835,28.592841995880917,B,True,True,0.03759765625,1.3149324665039004,1.3149324665039004,1.0,0.03759765625
3,3000012,3000012,B,2,3,2241.6248722580835,2270.2177142539645,28.592841995880917,28.592841995880917,2270.2177142539645,2241.6248722580835,2270.2177142539645,28.592841995880917,B,True,True,0.03759765625,1.3149324665039004,1.3149324665039004,1.0,0.03759765625
3,3000012,3000012,B,3,4,2270.2177142539645,2298.8105562498454,28.592841995880917,28.592841995880917,2298.8105562498454,2270.2177142539645,2298.8105562498454,28.592841995880917,B,True,True,0.03759765625,1.3149324665039004,1.3149324665039004,1.0,0.03759765625
3,3000012,3000012,B,4,5,2298.8105562498454,2327.4033982457263,28.592841995880917,28.592841995880917,2327.4033982457263,2298.8105562498454,2327.4033982457263,28.592841995880917,B,True,True,0.03759765625,1.3149324665039004,1.3149324665039004,1.0,0.03759765625
3,3000012,3000012,B,5,6,2327.4033982457263,2355.996240241607,28.592841995880917,28.592841995880917,2355.996240241607,2327.4033982457263,2355.996240241607,28.592841995880917,B,True,True,0.03759765625,1.3149324665039004,1.3149324665039004,1.0,0.03759765625
3,3000012,3000012,B,6,7,2355.996240241607,2384.589082237488,28.592841995880917,28.592841995880917,2384.589082237488,2355.996240241607,2384.589082237488,28.592841995880917,B,True,True,0.03759765625,1.3149324665039004,1.3149324665039004,1.0,0.03759765625
3,3000012,3000012,B,7,8,2384.589082237488,2413.181924233369,28.592841995880917,28.592841995880917,2413.181924233369,2384.589082237488,2413.181924233369,28.592841995880917,B,True,True,0.03759765625,1.3149324665039004,1.3149324665039004,1.0,0.03759765625
3,3000012,3000013,B,8,1,2413.181924233369,2441.77476622925,28.592841995880917,28.592841995880917,2441.77476622925,2413.181924233369,2441.77476622925,28.592841995880917,gray,False,True,0.03759765625,1.3149324665039004,,,
3,3000013,3000013,A,1,2,2441.77476622925,2455.825709363766,14.050943134515819,6.024011548588987,2447.798777777839,2441.77476622925,2455.825709363766,6.024011548588987,A,True,True,0.171539306640625,28.475925926935663,12.20838380729352,0.42872649123396855,0.171539306640625
3,3000013,3000013,A,2,3,2455.825709363766,2467.226595081539,11.400885717773235,6.024011548588987,2461.8497209123548,2455.825709363766,2467.226595081539,6.024011548588987,A,True,True,0.171539306640625,28.475925926935663,15.04613859721499,0.5283810133451252,0.171539306640625
3,3000013,3000013,A,3,4,2467.226595081539,2476.600832142086,9.374237060546875,6.024011548588987,2473.250606630128,2467.226595081539,2476.600832142086,6.024011548588987,A,True,True,0.171539306640625,28.475925926935663,18.299015219337512,0.6426135278722681,0.171539306640625
3,3000013,3000013,A,4,5,2476.600832142086,2496.6669026987265,20.066070556640625,6.024011548588987,2482.624843690675,2476.600832142086,2496.6669026987265,6.024011548588987,A,True,True,0.171539306640625,28.475925926935663,8.548724383103304,0.30020882920674336,0.171539306640625
3,3000013,3000013,A,5,6,2496.6669026987265,2502.6909142473155,6.024011548588987,6.024011548588987,2502.6909142473155,2496.6669026987265,2502.6909142473155,6.024011548588987,A,True,True,0.171539306640625,28.475925926935663,28.475925926935663,1.0,0.171539306640625
3,3000013,3000013,A,6,7,2502.6909142473155,2510.6359426157187,7.9450283684032,6.024011548588987,2508.7149257959045,2502.6909142473155,2510.6359426157187,6.024011548588987,A,True,True,0.171539306640625,28.475925926935663,21.59077333478435,0.7582114586961128,0.171539306640625
3,3000013,3000013,A,7,8,2510.6359426157187,2519.2716542856406,8.635711669921875,6.024011548588987,2516.6599541643077,2510.6359426157187,2519.2716542856406,6.024011548588987,A,True,True,0.171539306640625,28.475925926935663,19.86394557823129,0.697569786815669,0.171539306640625
3,3000013,3000014,A,8,1,2519.2716542856406,2537.075990833492,17.804336547851562,6.024011548588987,2525.2956658342296,2519.2716542856406,2537.075990833492,6.024011548588987,gray,False,True,0.171539306640625,28.475925926935663,,,
3,3000014,3000014,B,1,2,2537.075990833492,2565.668832829373,28.592841995880917,28.592841995880917,2565.668832829373,2537.075990833492,2565.668832829373,28.592841995880917,B,True,True,0.03759765625,1.3149324665039004,1.3149324665039004,1.0,0.03759765625
3,3000014,3000014,B,2,3,2565.668832829373,2594.261674825254,28.592841995880917,28.592841995880917,2594.261674825254,2565.668832829373,2594.261674825254,28.592841995880917,B,True,True,0.03759765625,1.3149324665039004,1.3149324665039004,1.0,0.03759765625
3,3000014,3000014,B,3,4,2594.261674825254,2622.854516821135,28.592841995880917,28.592841995880917,2622.854516821135,2594.261674825254,2622.854516821135,28.592841995880917,B,True,True,0.03759765625,1.3149324665039004,1.3149324665039004,1.0,0.03759765625
3,3000014,3000014,B,4,5,2622.854516821135,2651.447358817016,28.592841995880917,28.592841995880917,2651.447358817016,2622.854516821135,2651.447358817016,28.592841995880917,B,True,True,0.03759765625,1.3149324665039004,1.3149324665039004,1.0,0.03759765625
3,3000014,3000014,B,5,6,2651.447358817016,2680.0402008128967,28.592841995880917,28.592841995880917,2680.0402008128967,2651.447358817016,2680.0402008128967,28.592841995880917,B,True,True,0.03759765625,1.3149324665039004,1.3149324665039004,1.0,0.03759765625
3,3000014,3000014,B,6,7,2680.0402008128967,2708.6330428087776,28.592841995880917,28.592841995880917,2708.6330428087776,2680.0402008128967,2708.6330428087776,28.592841995880917,B,True,True,0.03759765625,1.3149324665039004,1.3149324665039004,1.0,0.03759765625
3,3000014,3000014,B,7,8,2708.6330428087776,2737.2258848046586,28.592841995880917,28.592841995880917,2737.2258848046586,2708.6330428087776,2737.2258848046586,28.592841995880917,B,True,True,0.03759765625,1.3149324665039004,1.3149324665039004,1.0,0.03759765625
3,3000014,3000015,B,8,1,2737.2258848046586,2765.8187268005395,28.592841995880917,28.592841995880917,2765.8187268005395,2737.2258848046586,2765.8187268005395,28.592841995880917,gray,False,True,0.03759765625,1.3149324665039004,,,
3,3000015,3000015,B,1,2,2765.8187268005395,2794.4115687964204,28.592841995880917,28.592841995880917,2794.4115687964204,2765.8187268005395,2794.4115687964204,28.592841995880917,B,True,True,0.03759765625,1.3149324665039004,1.3149324665039004,1.0,0.03759765625
3,3000015,3000015,B,2,3,2794.4115687964204,2823.0044107923013,28.592841995880917,28.592841995880917,2823.0044107923013,2794.4115687964204,2823.0044107923013,28.592841995880917,B,True,True,0.03759765625,1.3149324665039004,1.3149324665039004,1.0,0.03759765625
3,3000015,3000015,B,3,4,2823.0044107923013,2851.5972527881822,28.592841995880917,28.592841995880917,2851.5972527881822,2823.0044107923013,2851.5972527881822,28.592841995880917,B,True,True,0.03759765625,1.3149324665039004,1.3149324665039004,1.0,0.03759765625
3,3000015,3000015,B,4,5,2851.5972527881822,2880.190094784063,28.592841995880917,28.592841995880917,2880.190094784063,2851.5972527881822,2880.190094784063,28.592841995880917,B,True,True,0.03759765625,1.3149324665039004,1.3149324665039004,1.0,0.03759765625
3,3000015,3000015,B,5,6,2880.190094784063,2908.782936779944,28.592841995880917,28.592841995880917,2908.782936779944,2880.190094784063,2908.782936779944,28.592841995880917,B,True,True,0.03759765625,1.3149324665039004,1.3149324665039004,1.0,0.03759765625
3,3000015,3000015,B,6,7,2908.782936779944,2937.375778775825,28.592841995880917,28.592841995880917,2937.375778775825,2908.782936779944,2937.375778775825,28.592841995880917,B,True,True,0.03759765625,1.3149324665039004,1.3149324665039004,1.0,0.03759765625
3,3000015,3000015,B,7,8,2937.375778775825,2965.968620771706,28.592841995880917,28.592841995880917,2965.968620771706,2937.375778775825,2965.968620771706,28.592841995880917,B,True,True,0.03759765625,1.3149324665039004,1.3149324665039004,1.0,0.03759765625
3,3000015,3000016,B,8,1,2965.968620771706,2994.561462767587,28.592841995880917,28.592841995880917,2994.561462767587,2965.968620771706,2994.561462767587,28.592841995880917,gray,False,True,0.03759765625,1.3149324665039004,,,
3,3000016,3000016,B,1,2,2994.561462767587,3023.1543047634677,28.592841995880917,28.592841995880917,3023.1543047634677,2994.561462767587,3023.1543047634677,28.592841995880917,B,True,True,0.03759765625,1.3149324665039004,1.3149324665039004,1.0,0.03759765625
3,3000016,3000016,B,2,3,3023.1543047634677,3051.7471467593487,28.592841995880917,28.592841995880917,3051.7471467593487,3023.1543047634677,3051.7471467593487,28.592841995880917,B,True,True,0.03759765625,1.3149324665039004,1.3149324665039004,1.0,0.03759765625
3,3000016,3000016,B,3,4,3051.7471467593487,3080.3399887552296,28.592841995880917,28.592841995880917,3080.3399887552296,3051.7471467593487,3080.3399887552296,28.592841995880917,B,True,True,0.03759765625,1.3149324665039004,1.3149324665039004,1.0,0.03759765625
3,3000016,3000016,B,4,5,3080.3399887552296,3108.9328307511105,28.592841995880917,28.592841995880917,3108.9328307511105,3080.3399887552296,3108.9328307511105,28.592841995880917,B,True,True,0.03759765625,1.3149324665039004,1.3149324665039004,1.0,0.03759765625
3,3000016,3000016,B,5,6,3108.9328307511105,3137.5256727469914,28.592841995880917,28.592841995880917,3137.5256727469914,3108.9328307511105,3137.5256727469914,28.592841995880917,B,True,True,0.03759765625,1.3149324665039004,1.3149324665039004,1.0,0.03759765625
3,3000016,3000016,B,6,7,3137.5256727469914,3166.1185147428723,28.592841995880917,28.592841995880917,3166.1185147428723,3137.5256727469914,3166.1185147428723,28.592841995880917,B,True,True,0.03759765625,1.3149324665039004,1.3149324665039004,1.0,0.03759765625
3,3000016,3000016,B,7,8,3166.1185147428723,3194.7113567387532,28.592841995880917,28.592841995880917,3194.7113567387532,3166.1185147428723,3194.7113567387532,28.592841995880917,B,True,True,0.03759765625,1.3149324665039004,1.3149324665039004,1.0,0.03759765625
3,3000016,3000017,B,8,1,3194.7113567387532,3223.304198734634,28.592841995880917,28.592841995880917,3223.304198734634,3194.7113567387532,3223.304198734634,28.592841995880917,gray,False,True,0.03759765625,1.3149324665039004,,,
3,3000017,3000017,A,1,2,3223.304198734634,3237.6465440137026,14.342345279068468,6.024011548588987,3229.328210283223,3223.304198734634,3237.6465440137026,6.024011548588987,A,True,True,0.171539306640625,28.475925926935663,11.960338654722893,0.4200157945842066,0.171539306640625
3,3000017,3000017,A,2,3,3237.6465440137026,3243.6705555622916,6.024011548588987,6.024011548588987,3243.6705555622916,3237.6465440137026,3243.6705555622916,6.024011548588987,A,True,True,0.171539306640625,28.475925926935663,28.475925926935663,1.0,0.171539306640625
3,3000017,3000017,A,3,4,3243.6705555622916,3249.6945671108806,6.024011548588987,6.024011548588987,3249.6945671108806,3243.6705555622916,3249.6945671108806,6.024011548588987,A,True,True,0.171539306640625,28.475925926935663,28.475925926935663,1.0,0.171539306640625
3,3000017,3000017,A,4,5,3249.6945671108806,3257.133443525421,7.438876414540573,6.024011548588987,3255.7185786594696,3249.6945671108806,3257.133443525421,6.024011548588987,A,True,True,0.171539306640625,28.475925926935663,23.0598409062586,0.8098012674083432,0.171539306640625
3,3000017,3000017,A,5,6,3257.133443525421,3269.8396371777653,12.706193652344155,6.024011548588987,3263.15745507401,3257.133443525421,3269.8396371777653,6.024011548588987,A,True,True,0.171539306640625,28.475925926935663,13.50044799679075,0.4741004043707159,0.171539306640625
3,3000017,3000017,A,6,7,3269.8396371777653,3283.8800119336247,14.040374755859375,6.024011548588987,3275.8636487263543,3269.8396371777653,3283.8800119336247,6.024011548588987,A,True,True,0.171539306640625,28.475925926935663,12.217573221757322,0.4290491994221897,0.171539306640625
3,3000017,3000017,A,7,8,3283.8800119336247,3294.8613809521794,10.981369018554688,6.024011548588987,3289.9040234822137,3283.8800119336247,3294.8613809521794,6.024011548588987,A,True,True,0.171539306640625,28.475925926935663,15.62094000764234,0.5485665346834723,0.171539306640625
3,3000017,3000018,A,8,1,3294.8613809521794,3330.1133798535466,35.25199890136719,6.024011548588987,3300.8853925007684,3294.8613809521794,3330.1133798535466,6.024011548588987,gray,False,True,0.171539306640625,28.475925926935663,,,
3,3000018,3000018,B,1,2,3330.1133798535466,3358.7062218494275,28.592841995880917,28.592841995880917,3358.7062218494275,3330.1133798535466,3358.7062218494275,28.592841995880917,B,True,True,0.03759765625,1.3149324665039004,1.3149324665039004,1.0,0.03759765625
3,3000018,3000018,B,2,3,3358.7062218494275,3387.2990638453084,28.592841995880917,28.592841995880917,3387.2990638453084,3358.7062218494275,3387.2990638453084,28.592841995880917,B,True,True,0.03759765625,1.3149324665039004,1.3149324665039004,1.0,0.03759765625
3,3000018,3000018,B,3,4,3387.2990638453084,3415.8919058411893,28.592841995880917,28.592841995880917,3415.8919058411893,3387.2990638453084,3415.8919058411893,28.592841995880917,B,True,True,0.03759765625,1.3149324665039004,1.3149324665039004,1.0,0.03759765625
3,3000018,3000018,B,4,5,3415.8919058411893,3444.4847478370702,28.592841995880917,28.592841995880917,3444.4847478370702,3415.8919058411893,3444.4847478370702,28.592841995880917,B,True,True,0.03759765625,1.3149324665039004,1.3149324665039004,1.0,0.03759765625
3,3000018,3000018,B,5,6,3444.4847478370702,3473.077589832951,28.592841995880917,28.592841995880917,3473.077589832951,3444.4847478370702,3473.077589832951,28.592841995880917,B,True,True,0.03759765625,1.3149324665039004,1.3149324665039004,1.0,0.03759765625
3,3000018,3000018,B,6,7,3473.077589832951,3501.670431828832,28.592841995880917,28.592841995880917,3501.670431828832,3473.077589832951,3501.670431828832,28.592841995880917,B,True,True,0.03759765625,1.3149324665039004,1.3149324665039004,1.0,0.03759765625
3,3000018,3000018,B,7,8,3501.670431828832,3530.263273824713,28.592841995880917,28.592841995880917,3530.263273824713,3501.670431828832,3530.263273824713,28.592841995880917,B,True,True,0.03759765625,1.3149324665039004,1.3149324665039004,1.0,0.03759765625
3,3000018,3000019,B,8,1,3530.263273824713,3558.856115820594,28.592841995880917,28.592841995880917,3558.856115820594,3530.263273824713,3558.856115820594,28.592841995880917,gray,False,True,0.03759765625,1.3149324665039004,,,
3,3000019,3000019,A,1,2,3558.856115820594,3582.349073920929,23.492958100335272,6.024011548588987,3564.880127369183,3558.856115820594,3582.349073920929,6.024011548588987,A,True,True,0.171539306640625,28.475925926935663,7.301732966449079,0.256417753901456,0.171539306640625
3,3000019,3000019,A,2,3,3582.349073920929,3606.5610574658513,24.211983544922077,6.024011548588987,3588.373085469518,3582.349073920929,3606.5610574658513,6.024011548588987,A,True,True,0.171539306640625,28.475925926935663,7.08489274835153,0.24880289289030139,0.171539306640625
3,3000019,3000019,A,3,4,3606.5610574658513,3623.1694864209294,16.608428955078125,6.024011548588987,3612.5850690144403,3606.5610574658513,3623.1694864209294,6.024011548588987,A,True,True,0.171539306640625,28.475925926935663,10.32844871147044,0.36270809026443834,0.171539306640625
3,3000019,3000019,A,4,5,3623.1694864209294,3646.4204477246403,23.250961303710938,6.024011548588987,3629.1934979695184,3623.1694864209294,3646.4204477246403,6.024011548588987,A,True,True,0.171539306640625,28.475925926935663,7.377729651687421,0.2590865586115587,0.171539306640625
3,3000019,3000019,A,5,6,3646.4204477246403,3659.4326615674136,13.012213842773235,6.024011548588987,3652.4444592732293,3646.4204477246403,3659.4326615674136,6.024011548588987,A,True,True,0.171539306640625,28.475925926935663,13.182945555102066,0.4629505494896721,0.171539306640625
3,3000019,3000019,A,6,7,3659.4326615674136,3674.8872445996403,15.454583032226765,6.024011548588987,3665.4566731160025,3659.4326615674136,3674.8872445996403,6.024011548588987,A,True,True,0.171539306640625,28.475925926935663,11.09957520580928,0.38978803478731067,0.171539306640625
3,3000019,3000019,A,7,8,3674.8872445996403,3705.2211357861634,30.333891186523033,6.024011548588987,3680.9112561482293,3674.8872445996403,3705.2211357861634,6.024011548588987,A,True,True,0.171539306640625,28.475925926935663,5.655037976691818,0.19859013509171483,0.171539306640625
3,3000019,3000020,A,8,1,3705.2211357861634,3711.2451473347523,6.024011548588987,6.024011548588987,3711.2451473347523,3705.2211357861634,3711.2451473347523,6.024011548588987,gray,False,True,0.171539306640625,28.475925926935663,,,
3,3000020,3000020,B,1,2,3711.2451473347523,3739.8379893306333,28.592841995880917,28.592841995880917,3739.8379893306333,3711.2451473347523,3739.8379893306333,28.592841995880917,B,True,True,0.03759765625,1.3149324665039004,1.3149324665039004,1.0,0.03759765625
3,3000020,3000020,B,2,3,3739.8379893306333,3768.430831326514,28.592841995880917,28.592841995880917,3768.430831326514,3739.8379893306333,3768.430831326514,28.592841995880917,B,True,True,0.03759765625,1.3149324665039004,1.3149324665039004,1.0,0.03759765625
3,3000020,3000020,B,3,4,3768.430831326514,3797.023673322395,28.592841995880917,28.592841995880917,3797.023673322395,3768.430831326514,3797.023673322395,28.592841995880917,B,True,True,0.03759765625,1.3149324665039004,1.3149324665039004,1.0,0.03759765625
3,3000020,3000020,B,4,5,3797.023673322395,3825.616515318276,28.592841995880917,28.592841995880917,3825.616515318276,3797.023673322395,3825.616515318276,28.592841995880917,B,True,True,0.03759765625,1.3149324665039004,1.3149324665039004,1.0,0.03759765625
3,3000020,3000020,B,5,6,3825.616515318276,3854.209357314157,28.592841995880917,28.592841995880917,3854.209357314157,3825.616515318276,3854.209357314157,28.592841995880917,B,True,True,0.03759765625,1.3149324665039004,1.3149324665039004,1.0,0.03759765625
3,3000020,3000020,B,6,7,3854.209357314157,3882.802199310038,28.592841995880917,28.592841995880917,3882.802199310038,3854.209357314157,3882.802199310038,28.592841995880917,B,True,True,0.03759765625,1.3149324665039004,1.3149324665039004,1.0,0.03759765625
3,3000020,3000020,B,7,8,3882.802199310038,3911.3950413059188,28.592841995880917,28.592841995880917,3911.3950413059188,3882.802199310038,3911.3950413059188,28.592841995880917,B,True,True,0.03759765625,1.3149324665039004,1.3149324665039004,1.0,0.03759765625
3,3000020,3000021,B,8,1,3911.3950413059188,3939.9878833017997,28.592841995880917,28.592841995880917,3939.9878833017997,3911.3950413059188,3939.9878833017997,28.592841995880917,gray,False,True,0.03759765625,1.3149324665039004,,,
3,3000021,3000021,B,1,2,3939.9878833017997,3968.5807252976806,28.592841995880917,28.592841995880917,3968.5807252976806,3939.9878833017997,3968.5807252976806,28.592841995880917,B,True,True,0.03759765625,1.3149324665039004,1.3149324665039004,1.0,0.03759765625
3,3000021,3000021,B,2,3,3968.5807252976806,3997.1735672935615,28.592841995880917,28.592841995880917,3997.1735672935615,3968.5807252976806,3997.1735672935615,28.592841995880917,B,True,True,0.03759765625,1.3149324665039004,1.3149324665039004,1.0,0.03759765625
3,3000021,3000021,B,3,4,3997.1735672935615,4025.7664092894424,28.592841995880917,28.592841995880917,4025.7664092894424,3997.1735672935615,4000.0,2.8264327064384815,gray,True,False,0.03759765625,1.3149324665039004,,,
4,4000011,4000011,B,2,3,1978.706067224976,2007.2989092208568,28.59284199588069,28.59284199588069,2007.2989092208568,2000.0,2007.2989092208568,7.298909220856785,gray,True,False,0.03759765625,1.3149324665039108,,,
4,4000011,4000011,B,3,4,2007.2989092208568,2035.8917512167375,28.59284199588069,28.59284199588069,2035.8917512167375,2007.2989092208568,2035.8917512167375,28.59284199588069,B,True,True,0.03759765625,1.3149324665039108,1.3149324665039108,1.0,0.03759765625
4,4000011,4000011,B,4,5,2035.8917512167375,2064.484593212618,28.59284199588069,28.59284199588069,2064.484593212618,2035.8917512167375,2064.484593212618,28.59284199588069,B,True,True,0.03759765625,1.3149324665039108,1.3149324665039108,1.0,0.03759765625
4,4000011,4000011,B,5,6,2064.484593212618,2093.077435208499,28.592841995880917,28.592841995880917,2093.077435208499,2064.484593212618,2093.077435208499,28.592841995880917,B,True,True,0.03759765625,1.3149324665039004,1.3149324665039004,1.0,0.03759765625
4,4000011,4000011,B,6,7,2093.077435208499,2121.67027720438,28.592841995880917,28.592841995880917,2121.67027720438,2093.077435208499,2121.67027720438,28.592841995880917,B,True,True,0.03759765625,1.3149324665039004,1.3149324665039004,1.0,0.03759765625
4,4000011,4000011,B,7,8,2121.67027720438,2150.263119200261,28.592841995880917,28.592841995880917,2150.263119200261,2121.67027720438,2150.263119200261,28.592841995880917,B,True,True,0.03759765625,1.3149324665039004,1.3149324665039004,1.0,0.03759765625
4,4000011,4000012,B,8,1,2150.263119200261,2178.855961196142,28.592841995880917,28.592841995880917,2178.855961196142,2150.263119200261,2178.855961196142,28.592841995880917,gray,False,True,0.03759765625,1.3149324665039004,,,
4,4000012,4000012,A,1,2,2178.855961196142,2199.151413215317,20.295452019175173,6.024011548588987,2184.879972744731,2178.855961196142,2199.151413215317,6.024011548588987,A,True,True,0.171539306640625,28.475925926935663,8.452105746575855,0.2968158355328816,0.171539306640625
4,4000012,4000012,A,2,3,2199.151413215317,2213.355638483871,14.204225268554183,6.024011548588987,2205.175424763906,2199.151413215317,2213.355638483871,6.024011548588987,A,True,True,0.171539306640625,28.475925926935663,12.076639408161514,0.42409997269792377,0.171539306640625
4,4000012,4000012,A,3,4,2213.355638483871,2222.364709016098,9.009070532226815,6.024011548588987,2219.37965003246,2213.355638483871,2222.364709016098,6.024011548588987,A,True,True,0.171539306640625,28.475925926935663,19.040733006474177,0.6686607155577462,0.171539306640625
4,4000012,4000012,A,4,5,2222.364709016098,2228.388720564687,6.024011548588987,6.024011548588987,2228.388720564687,2222.364709016098,2228.388720564687,6.024011548588987,A,True,True,0.171539306640625,28.475925926935663,28.475925926935663,1.0,0.171539306640625
4,4000012,4000012,A,5,6,2228.388720564687,2234.412732113276,6.024011548588987,6.024011548588987,2234.412732113276,2228.388720564687,2234.412732113276,6.024011548588987,A,True,True,0.171539306640625,28.475925926935663,28.475925926935663,1.0,0.171539306640625
4,4000012,4000012,A,6,7,2234.412732113276,2240.436743661865,6.024011548588987,6.024011548588987,2240.436743661865,2234.412732113276,2240.436743661865,6.024011548588987,A,True,True,0.171539306640625,28.475925926935663,28.475925926935663,1.0,0.171539306640625
4,4000012,4000012,A,7,8,2240.436743661865,2246.460755210454,6.024011548588987,6.024011548588987,2246.460755210454,2240.436743661865,2246.460755210454,6.024011548588987,A,True,True,0.171539306640625,28.475925926935663,28.475925926935663,1.0,0.171539306640625
4,4000012,4000013,A,8,1,2246.460755210454,2252.484766759043,6.024011548588987,6.024011548588987,2252.484766759043,2246.460755210454,2252.484766759043,6.024011548588987,gray,False,True,0.171539306640625,28.475925926935663,,,
4,4000013,4000013,B,1,2,2252.484766759043,2281.077608754924,28.592841995880917,28.592841995880917,2281.077608754924,2252.484766759043,2281.077608754924,28.592841995880917,B,True,True,0.03759765625,1.3149324665039004,1.3149324665039004,1.0,0.03759765625
4,4000013,4000013,B,2,3,2281.077608754924,2309.670450750805,28.592841995880917,28.592841995880917,2309.670450750805,2281.077608754924,2309.670450750805,28.592841995880917,B,True,True,0.03759765625,1.3149324665039004,1.3149324665039004,1.0,0.03759765625
4,4000013,4000013,B,3,4,2309.670450750805,2338.2632927466857,28.592841995880917,28.592841995880917,2338.2632927466857,2309.670450750805,2338.2632927466857,28.592841995880917,B,True,True,0.03759765625,1.3149324665039004,1.3149324665039004,1.0,0.03759765625
4,4000013,4000013,B,4,5,2338.2632927466857,2366.8561347425666,28.592841995880917,28.592841995880917,2366.8561347425666,2338.2632927466857,2366.8561347425666,28.592841995880917,B,True,True,0.03759765625,1.3149324665039004,1.3149324665039004,1.0,0.03759765625
4,4000013,4000013,B,5,6,2366.8561347425666,2395.4489767384475,28.592841995880917,28.592841995880917,2395.4489767384475,2366.8561347425666,2395.4489767384475,28.592841995880917,B,True,True,0.03759765625,1.3149324665039004,1.3149324665039004,1.0,0.03759765625
4,4000013,4000013,B,6,7,2395.4489767384475,2424.0418187343284,28.592841995880917,28.592841995880917,2424.0418187343284,2395.4489767384475,2424.0418187343284,28.592841995880917,B,True,True,0.03759765625,1.3149324665039004,1.3149324665039004,1.0,0.03759765625
4,4000013,4000013,B,7,8,2424.0418187343284,2452.6346607302094,28.592841995880917,28.592841995880917,2452.6346607302094,2424.0418187343284,2452.6346607302094,28.592841995880917,B,True,True,0.03759765625,1.3149324665039004,1.3149324665039004,1.0,0.03759765625
4,4000013,4000014,B,8,1,2452.6346607302094,2481.2275027260903,28.592841995880917,28.592841995880917,2481.2275027260903,2452.6346607302094,2481.2275027260903,28.592841995880917,gray,False,True,0.03759765625,1.3149324665039004,,,
4,4000014,4000014,B,1,2,2481.2275027260903,2509.820344721971,28.592841995880917,28.592841995880917,2509.820344721971,2481.2275027260903,2509.820344721971,28.592841995880917,B,True,True,0.03759765625,1.3149324665039004,1.3149324665039004,1.0,0.03759765625
4,4000014,4000014,B,2,3,2509.820344721971,2538.413186717852,28.592841995880917,28.592841995880917,2538.413186717852,2509.820344721971,2538.413186717852,28.592841995880917,B,True,True,0.03759765625,1.3149324665039004,1.3149324665039004,1.0,0.03759765625
4,4000014,4000014,B,3,4,2538.413186717852,2567.006028713733,28.592841995880917,28.592841995880917,2567.006028713733,2538.413186717852,2567.006028713733,28.592841995880917,B,True,True,0.03759765625,1.3149324665039004,1.3149324665039004,1.0,0.03759765625
4,4000014,4000014,B,4,5,2567.006028713733,2595.598870709614,28.592841995880917,28.592841995880917,2595.598870709614,2567.006028713733,2595.598870709614,28.592841995880917,B,True,True,0.03759765625,1.3149324665039004,1.3149324665039004,1.0,0.03759765625
4,4000014,4000014,B,5,6,2595.598870709614,2624.191712705495,28.592841995880917,28.592841995880917,2624.191712705495,2595.598870709614,2624.191712705495,28.592841995880917,B,True,True,0.03759765625,1.3149324665039004,1.3149324665039004,1.0,0.03759765625
4,4000014,4000014,B,6,7,2624.191712705495,2652.784554701376,28.592841995880917,28.592841995880917,2652.784554701376,2624.191712705495,2652.784554701376,28.592841995880917,B,True,True,0.03759765625,1.3149324665039004,1.3149324665039004,1.0,0.03759765625
4,4000014,4000014,B,7,8,2652.784554701376,2681.3773966972567,28.592841995880917,28.592841995880917,2681.3773966972567,2652.784554701376,2681.3773966972567,28.592841995880917,B,True,True,0.03759765625,1.3149324665039004,1.3149324665039004,1.0,0.03759765625
4,4000014,4000015,B,8,1,2681.3773966972567,2709.9702386931376,28.592841995880917,28.592841995880917,2709.9702386931376,2681.3773966972567,2709.9702386931376,28.592841995880917,gray,False,True,0.03759765625,1.3149324665039004,,,
4,4000015,4000015,B,1,2,2709.9702386931376,2738.5630806890185,28.592841995880917,28.592841995880917,2738.5630806890185,2709.9702386931376,2738.5630806890185,28.592841995880917,B,True,True,0.03759765625,1.3149324665039004,1.3149324665039004,1.0,0.03759765625
4,4000015,4000015,B,2,3,2738.5630806890185,2767.1559226848995,28.592841995880917,28.592841995880917,2767.1559226848995,2738.5630806890185,2767.1559226848995,28.592841995880917,B,True,True,0.03759765625,1.3149324665039004,1.3149324665039004,1.0,0.03759765625
4,4000015,4000015,B,3,4,2767.1559226848995,2795.7487646807804,28.592841995880917,28.592841995880917,2795.7487646807804,2767.1559226848995,2795.7487646807804,28.592841995880917,B,True,True,0.03759765625,1.3149324665039004,1.3149324665039004,1.0,0.03759765625
4,4000015,4000015,B,4,5,2795.7487646807804,2824.3416066766613,28.592841995880917,28.592841995880917,2824.3416066766613,2795.7487646807804,2824.3416066766613,28.592841995880917,B,True,True,0.03759765625,1.3149324665039004,1.3149324665039004,1.0,0.03759765625
4,4000015,4000015,B,5,6,2824.3416066766613,2852.934448672542,28.592841995880917,28.592841995880917,2852.934448672542,2824.3416066766613,2852.934448672542,28.592841995880917,B,True,True,0.03759765625,1.3149324665039004,1.3149324665039004,1.0,0.03759765625
4,4000015,4000015,B,6,7,2852.934448672542,2881.527290668423,28.592841995880917,28.592841995880917,2881.527290668423,2852.934448672542,2881.527290668423,28.592841995880917,B,True,True,0.03759765625,1.3149324665039004,1.3149324665039004,1.0,0.03759765625
4,4000015,4000015,B,7,8,2881.527290668423,2910.120132664304,28.592841995880917,28.592841995880917,2910.120132664304,2881.527290668423,2910.120132664304,28.592841995880917,B,True,True,0.03759765625,1.3149324665039004,1.3149324665039004,1.0,0.03759765625
4,4000015,4000016,B,8,1,2910.120132664304,2938.712974660185,28.592841995880917,28.592841995880917,2938.712974660185,2910.120132664304,2938.712974660185,28.592841995880917,gray,False,True,0.03759765625,1.3149324665039004,,,
4,4000016,4000016,A,1,2,2938.712974660185,2944.736986208774,6.024011548588987,6.024011548588987,2944.736986208774,2938.712974660185,2944.736986208774,6.024011548588987,A,True,True,0.171539306640625,28.475925926935663,28.475925926935663,1.0,0.171539306640625
4,4000016,4000016,A,2,3,2944.736986208774,2950.760997757363,6.024011548588987,6.024011548588987,2950.760997757363,2944.736986208774,2950.760997757363,6.024011548588987,A,True,True,0.171539306640625,28.475925926935663,28.475925926935663,1.0,0.171539306640625
4,4000016,4000016,A,3,4,2950.760997757363,2956.785009305952,6.024011548588987,6.024011548588987,2956.785009305952,2950.760997757363,2956.785009305952,6.024011548588987,A,True,True,0.171539306640625,28.475925926935663,28.475925926935663,1.0,0.171539306640625
4,4000016,4000016,A,4,5,2956.785009305952,2962.809020854541,6.024011548588987,6.024011548588987,2962.809020854541,2956.785009305952,2962.809020854541,6.024011548588987,A,True,True,0.171539306640625,28.475925926935663,28.475925926935663,1.0,0.171539306640625
4,4000016,4000016,A,5,6,2962.809020854541,2968.83303240313,6.024011548588987,6.024011548588987,2968.83303240313,2962.809020854541,2968.83303240313,6.024011548588987,A,True,True,0.171539306640625,28.475925926935663,28.475925926935663,1.0,0.171539306640625
4,4000016,4000016,A,6,7,2968.83303240313,2974.857043951719,6.024011548588987,6.024011548588987,2974.857043951719,2968.83303240313,2974.857043951719,6.024011548588987,A,True,True,0.171539306640625,28.475925926935663,28.475925926935663,1.0,0.171539306640625
4,4000016,4000016,A,7,8,2974.857043951719,2980.881055500308,6.024011548588987,6.024011548588987,2980.881055500308,2974.857043951719,2980.881055500308,6.024011548588987,A,True,True,0.171539306640625,28.475925926935663,28.475925926935663,1.0,0.171539306640625
4,4000016,4000017,A,8,1,2980.881055500308,2986.905067048897,6.024011548588987,6.024011548588987,2986.905067048897,2980.881055500308,2986.905067048897,6.024011548588987,gray,False,True,0.171539306640625,28.475925926935663,,,
4,4000017,4000017,B,1,2,2986.905067048897,3015.4979090447778,28.592841995880917,28.592841995880917,3015.4979090447778,2986.905067048897,3015.4979090447778,28.592841995880917,B,True,True,0.03759765625,1.3149324665039004,1.3149324665039004,1.0,0.03759765625
4,4000017,4000017,B,2,3,3015.4979090447778,3044.0907510406587,28.592841995880917,28.592841995880917,3044.0907510406587,3015.4979090447778,3044.0907510406587,28.592841995880917,B,True,True,0.03759765625,1.3149324665039004,1.3149324665039004,1.0,0.03759765625
4,4000017,4000017,B,3,4,3044.0907510406587,3072.6835930365396,28.592841995880917,28.592841995880917,3072.6835930365396,3044.0907510406587,3072.6835930365396,28.592841995880917,B,True,True,0.03759765625,1.3149324665039004,1.3149324665039004,1.0,0.03759765625
4,4000017,4000017,B,4,5,3072.6835930365396,3101.2764350324205,28.592841995880917,28.592841995880917,3101.2764350324205,3072.6835930365396,3101.2764350324205,28.592841995880917,B,True,True,0.03759765625,1.3149324665039004,1.3149324665039004,1.0,0.03759765625
4,4000017,4000017,B,5,6,3101.2764350324205,3129.8692770283014,28.592841995880917,28.592841995880917,3129.8692770283014,3101.2764350324205,3129.8692770283014,28.592841995880917,B,True,True,0.03759765625,1.3149324665039004,1.3149324665039004,1.0,0.03759765625
4,4000017,4000017,B,6,7,3129.8692770283014,3158.4621190241824,28.592841995880917,28.592841995880917,3158.4621190241824,3129.8692770283014,3158.4621190241824,28.592841995880917,B,True,True,0.03759765625,1.3149324665039004,1.3149324665039004,1.0,0.03759765625
4,4000017,4000017,B,7,8,3158.4621190241824,3187.0549610200633,28.592841995880917,28.592841995880917,3187.0549610200633,3158.4621190241824,3187.0549610200633,28.592841995880917,B,True,True,0.03759765625,1.3149324665039004,1.3149324665039004,1.0,0.03759765625
4,4000017,4000018,B,8,1,3187.0549610200633,3215.647803015944,28.592841995880917,28.592841995880917,3215.647803015944,3187.0549610200633,3215.647803015944,28.592841995880917,gray,False,True,0.03759765625,1.3149324665039004,,,
4,4000018,4000018,A,1,2,3215.647803015944,3221.671814564533,6.024011548588987,6.024011548588987,3221.671814564533,3215.647803015944,3221.671814564533,6.024011548588987,A,True,True,0.171539306640625,28.475925926935663,28.475925926935663,1.0,0.171539306640625
4,4000018,4000018,A,2,3,3221.671814564533,3231.6502213818667,9.978406817333507,6.024011548588987,3227.695826113122,3221.671814564533,3231.6502213818667,6.024011548588987,A,True,True,0.171539306640625,28.475925926935663,17.19105161583949,0.6037047455436139,0.171539306640625
4,4000018,4000018,A,3,4,3231.6502213818667,3249.076802900421,17.426581518554485,6.024011548588987,3237.6742329304557,3231.6502213818667,3249.076802900421,6.024011548588987,A,True,True,0.171539306640625,28.475925926935663,9.843543121637662,0.3456794748973046,0.171539306640625
4,4000018,4000018,A,4,5,3249.076802900421,3255.10081444901,6.024011548588987,6.024011548588987,3255.10081444901,3249.076802900421,3255.10081444901,6.024011548588987,A,True,True,0.171539306640625,28.475925926935663,28.475925926935663,1.0,0.171539306640625
4,4000018,4000018,A,5,6,3255.10081444901,3261.124825997599,6.024011548588987,6.024011548588987,3261.124825997599,3255.10081444901,3261.124825997599,6.024011548588987,A,True,True,0.171539306640625,28.475925926935663,28.475925926935663,1.0,0.171539306640625
4,4000018,4000018,A,6,7,3261.124825997599,3269.037969282257,7.913143284657963,6.024011548588987,3267.148837546188,3261.124825997599,3269.037969282257,6.024011548588987,A,True,True,0.171539306640625,28.475925926935663,21.677770826317044,0.7612665829353006,0.171539306640625
4,4000018,4000018,A,7,8,3269.037969282257,3277.619330781281,8.581361499023842,6.024011548588987,3275.061980830846,3269.037969282257,3277.619330781281,6.024011548588987,A,True,True,0.171539306640625,28.475925926935663,19.98975415033362,0.7019878546398771,0.171539306640625
4,4000018,4000019,A,8,1,3277.619330781281,3288.8692544873356,11.249923706054688,6.024011548588987,3283.64334232987,3277.619330781281,3288.8692544873356,6.024011548588987,gray,False,True,0.171539306640625,28.475925926935663,,,
4,4000019,4000019,B,1,2,3288.8692544873356,3317.4620964832166,28.592841995880917,28.592841995880917,3317.4620964832166,3288.8692544873356,3317.4620964832166,28.592841995880917,B,True,True,0.03759765625,1.3149324665039004,1.3149324665039004,1.0,0.03759765625
4,4000019,4000019,B,2,3,3317.4620964832166,3346.0549384790975,28.592841995880917,28.592841995880917,3346.0549384790975,3317.4620964832166,3346.0549384790975,28.592841995880917,B,True,True,0.03759765625,1.3149324665039004,1.3149324665039004,1.0,0.03759765625
4,4000019,4000019,B,3,4,3346.0549384790975,3374.6477804749784,28.592841995880917,28.592841995880917,3374.6477804749784,3346.0549384790975,3374.6477804749784,28.592841995880917,B,True,True,0.03759765625,1.3149324665039004,1.3149324665039004,1.0,0.03759765625
4,4000019,4000019,B,4,5,3374.6477804749784,3403.2406224708593,28.592841995880917,28.592841995880917,3403.2406224708593,3374.6477804749784,3403.2406224708593,28.592841995880917,B,True,True,0.03759765625,1.3149324665039004,1.3149324665039004,1.0,0.03759765625
4,4000019,4000019,B,5,6,3403.2406224708593,3431.83346446674,28.592841995880917,28.592841995880917,3431.83346446674,3403.2406224708593,3431.83346446674,28.592841995880917,B,True,True,0.03759765625,1.3149324665039004,1.3149324665039004,1.0,0.03759765625
4,4000019,4000019,B,6,7,3431.83346446674,3460.426306462621,28.592841995880917,28.592841995880917,3460.426306462621,3431.83346446674,3460.426306462621,28.592841995880917,B,True,True,0.03759765625,1.3149324665039004,1.3149324665039004,1.0,0.03759765625
4,4000019,4000019,B,7,8,3460.426306462621,3489.019148458502,28.592841995880917,28.592841995880917,3489.019148458502,3460.426306462621,3489.019148458502,28.592841995880917,B,True,True,0.03759765625,1.3149324665039004,1.3149324665039004,1.0,0.03759765625
4,4000019,4000020,B,8,1,3489.019148458502,3517.611990454383,28.592841995880917,28.592841995880917,3517.611990454383,3489.019148458502,3517.611990454383,28.592841995880917,gray,False,True,0.03759765625,1.3149324665039004,,,
4,4000020,4000020,B,1,2,3517.611990454383,3546.204832450264,28.592841995880917,28.592841995880917,3546.204832450264,3517.611990454383,3546.204832450264,28.592841995880917,B,True,True,0.03759765625,1.3149324665039004,1.3149324665039004,1.0,0.03759765625
4,4000020,4000020,B,2,3,3546.204832450264,3574.797674446145,28.592841995880917,28.592841995880917,3574.797674446145,3546.204832450264,3574.797674446145,28.592841995880917,B,True,True,0.03759765625,1.3149324665039004,1.3149324665039004,1.0,0.03759765625
4,4000020,4000020,B,3,4,3574.797674446145,3603.3905164420257,28.592841995880917,28.592841995880917,3603.3905164420257,3574.797674446145,3603.3905164420257,28.592841995880917,B,True,True,0.03759765625,1.3149324665039004,1.3149324665039004,1.0,0.03759765625
4,4000020,4000020,B,4,5,3603.3905164420257,3631.9833584379066,28.592841995880917,28.592841995880917,3631.9833584379066,3603.3905164420257,3631.9833584379066,28.592841995880917,B,True,True,0.03759765625,1.3149324665039004,1.3149324665039004,1.0,0.03759765625
4,4000020,4000020,B,5,6,3631.9833584379066,3660.5762004337876,28.592841995880917,28.592841995880917,3660.5762004337876,3631.9833584379066,3660.5762004337876,28.592841995880917,B,True,True,0.03759765625,1.3149324665039004,1.3149324665039004,1.0,0.03759765625
4,4000020,4000020,B,6,7,3660.5762004337876,3689.1690424296685,28.592841995880917,28.592841995880917,3689.1690424296685,3660.5762004337876,3689.1690424296685,28.592841995880917,B,True,True,0.03759765625,1.3149324665039004,1.3149324665039004,1.0,0.03759765625
4,4000020,4000020,B,7,8,3689.1690424296685,3717.7618844255494,28.592841995880917,28.592841995880917,3717.7618844255494,3689.1690424296685,3717.7618844255494,28.592841995880917,B,True,True,0.03759765625,1.3149324665039004,1.3149324665039004,1.0,0.03759765625
4,4000020,4000021,B,8,1,3717.7618844255494,3746.3547264214303,28.592841995880917,28.592841995880917,3746.3547264214303,3717.7618844255494,3746.3547264214303,28.592841995880917,gray,False,True,0.03759765625,1.3149324665039004,,,
4,4000021,4000021,B,1,2,3746.3547264214303,3774.9475684173112,28.592841995880917,28.592841995880917,3774.9475684173112,3746.3547264214303,3774.9475684173112,28.592841995880917,B,True,True,0.03759765625,1.3149324665039004,1.3149324665039004,1.0,0.03759765625
4,4000021,4000021,B,2,3,3774.9475684173112,3803.540410413192,28.592841995880917,28.592841995880917,3803.540410413192,3774.9475684173112,3803.540410413192,28.592841995880917,B,True,True,0.03759765625,1.3149324665039004,1.3149324665039004,1.0,0.03759765625
4,4000021,4000021,B,3,4,3803.540410413192,3832.133252409073,28.592841995880917,28.592841995880917,3832.133252409073,3803.540410413192,3832.133252409073,28.592841995880917,B,True,True,0.03759765625,1.3149324665039004,1.3149324665039004,1.0,0.03759765625
4,4000021,4000021,B,4,5,3832.133252409073,3860.726094404954,28.592841995880917,28.592841995880917,3860.726094404954,3832.133252409073,3860.726094404954,28.592841995880917,B,True,True,0.03759765625,1.3149324665039004,1.3149324665039004,1.0,0.03759765625
4,4000021,4000021,B,5,6,3860.726094404954,3889.318936400835,28.592841995880917,28.592841995880917,3889.318936400835,3860.726094404954,3889.318936400835,28.592841995880917,B,True,True,0.03759765625,1.3149324665039004,1.3149324665039004,1.0,0.03759765625
4,4000021,4000021,B,6,7,3889.318936400835,3917.911778396716,28.592841995880917,28.592841995880917,3917.911778396716,3889.318936400835,3917.911778396716,28.592841995880917,B,True,True,0.03759765625,1.3149324665039004,1.3149324665039004,1.0,0.03759765625
4,4000021,4000021,B,7,8,3917.911778396716,3946.5046203925967,28.592841995880917,28.592841995880917,3946.5046203925967,3917.911778396716,3946.5046203925967,28.592841995880917,B,True,True,0.03759765625,1.3149324665039004,1.3149324665039004,1.0,0.03759765625
4,4000021,4000022,B,8,1,3946.5046203925967,3975.0974623884777,28.592841995880917,28.592841995880917,3975.0974623884777,3946.5046203925967,3975.0974623884777,28.592841995880917,gray,False,True,0.03759765625,1.3149324665039004,,,
4,4000022,4000022,B,1,2,3975.0974623884777,4003.6903043843586,28.592841995880917,28.592841995880917,4003.6903043843586,3975.0974623884777,4000.0,24.902537611522348,gray,True,False,0.03759765625,1.3149324665039004,,,
5,5000010,5000010,A,3,4,1977.6819155346527,2008.4315272534027,30.749611718749975,6.024011548589215,1983.705927083242,2000.0,2008.4315272534027,0.0,gray,True,False,0.171539306640625,28.47592592693459,,,
5,5000010,5000010,A,4,5,2008.4315272534027,2035.6269855297699,27.195458276367162,6.024011548589215,2014.455538801992,2008.4315272534027,2035.6269855297699,6.024011548589215,A,True,True,0.171539306640625,28.47592592693459,6.3076453758344115,0.2215079991435216,0.171539306640625
5,5000010,5000010,A,5,6,2035.6269855297699,2049.8685763012545,14.241590771484653,6.024011548589215,2041.650997078359,2035.6269855297699,2049.8685763012545,6.024011548589215,A,True,True,0.171539306640625,28.47592592693459,12.044954063986381,0.4229872663277788,0.171539306640625
5,5000010,5000010,A,6,7,2049.8685763012545,2079.4390650951996,29.57048879394506,6.024011548588987,2055.8925878498435,2049.8685763012545,2079.4390650951996,6.024011548588987,A,True,True,0.171539306640625,28.475925926935663,5.801030474536826,0.20371700956875904,0.171539306640625
5,5000010,5000010,A,7,8,2079.4390650951996,2108.8458033764496,29.40673828125,6.024011548588987,2085.4630766437886,2079.4390650951996,2108.8458033764496,6.024011548588987,A,True,True,0.171539306640625,28.475925926935663,5.833333333333333,0.20485140143645073,0.171539306640625
5,5000010,5000011,A,8,1,2108.8458033764496,2119.667818049301,10.82201467285131,6.024011548588987,2114.8698149250386,2108.8458033764496,2119.667818049301,6.024011548588987,gray,False,True,0.171539306640625,28.475925926935663,,,
5,5000011,5000011,B,1,2,2119.667818049301,2148.260660045182,28.592841995880917,28.592841995880917,2148.260660045182,2119.667818049301,2148.260660045182,28.592841995880917,B,True,True,0.03759765625,1.3149324665039004,1.3149324665039004,1.0,0.03759765625
5,5000011,5000011,B,2,3,2148.260660045182,2176.8535020410627,28.592841995880917,28.592841995880917,2176.8535020410627,2148.260660045182,2176.8535020410627,28.592841995880917,B,True,True,0.03759765625,1.3149324665039004,1.3149324665039004,1.0,0.03759765625
5,5000011,5000011,B,3,4,2176.8535020410627,2205.4463440369436,28.592841995880917,28.592841995880917,2205.4463440369436,2176.8535020410627,2205.4463440369436,28.592841995880917,B,True,True,0.03759765625,1.3149324665039004,1.3149324665039004,1.0,0.03759765625
5,5000011,5000011,B,4,5,2205.4463440369436,2234.0391860328245,28.592841995880917,28.592841995880917,2234.0391860328245,2205.4463440369436,2234.0391860328245,28.592841995880917,B,True,True,0.03759765625,1.3149324665039004,1.3149324665039004,1.0,0.03759765625
5,5000011,5000011,B,5,6,2234.0391860328245,2262.6320280287055,28.592841995880917,28.592841995880917,2262.6320280287055,2234.0391860328245,2262.6320280287055,28.592841995880917,B,True,True,0.03759765625,1.3149324665039004,1.3149324665039004,1.0,0.03759765625
5,5000011,5000011,B,6,7,2262.6320280287055,2291.2248700245864,28.592841995880917,28.592841995880917,2291.2248700245864,2262.6320280287055,2291.2248700245864,28.592841995880917,B,True,True,0.03759765625,1.3149324665039004,1.3149324665039004,1.0,0.03759765625
5,5000011,5000011,B,7,8,2291.2248700245864,2319.8177120204673,28.592841995880917,28.592841995880917,2319.8177120204673,2291.2248700245864,2319.8177120204673,28.592841995880917,B,True,True,0.03759765625,1.3149324665039004,1.3149324665039004,1.0,0.03759765625
5,5000011,5000012,B,8,1,2319.8177120204673,2348.410554016348,28.592841995880917,28.592841995880917,2348.410554016348,2319.8177120204673,2348.410554016348,28.592841995880917,gray,False,True,0.03759765625,1.3149324665039004,,,
5,5000012,5000012,A,1,2,2348.410554016348,2354.434565564937,6.024011548588987,6.024011548588987,2354.434565564937,2348.410554016348,2354.434565564937,6.024011548588987,A,True,True,0.171539306640625,28.475925926935663,28.475925926935663,1.0,0.171539306640625
5,5000012,5000012,A,2,3,2354.434565564937,2365.385822181149,10.951256616211595,6.024011548588987,2360.458577113526,2354.434565564937,2365.385822181149,6.024011548588987,A,True,True,0.171539306640625,28.475925926935663,15.663892524140866,0.5500749146606058,0.171539306640625
5,5000012,5000012,A,3,4,2365.385822181149,2371.440791150875,6.05496896972636,6.024011548588987,2371.409833729738,2365.385822181149,2371.440791150875,6.024011548588987,A,True,True,0.171539306640625,28.475925926935663,28.330336207879412,0.9948872700599866,0.171539306640625
5,5000012,5000012,A,4,5,2371.440791150875,2378.012088660641,6.571297509765827,6.024011548588987,2377.464802699464,2371.440791150875,2378.012088660641,6.024011548588987,A,True,True,0.171539306640625,28.475925926935663,26.10432816132501,0.9167156926979033,0.171539306640625
5,5000012,5000012,A,5,6,2378.012088660641,2387.1051825327113,9.093093872070312,6.024011548588987,2384.03610020923,2378.012088660641,2387.1051825327113,6.024011548588987,A,True,True,0.171539306640625,28.475925926935663,18.86479003230272,0.662482058729417,0.171539306640625
5,5000012,5000012,A,6,7,2387.1051825327113,2394.10438907568,6.99920654296875,6.024011548588987,2393.1291940813003,2387.1051825327113,2394.10438907568,6.024011548588987,A,True,True,0.171539306640625,28.475925926935663,24.508393285371703,0.8606706362509874,0.171539306640625
5,5000012,5000012,A,7,8,2394.10438907568,2411.233042737789,17.128653662109173,6.024011548588987,2400.128400624269,2394.10438907568,2411.233042737789,6.024011548588987,A,True,True,0.171539306640625,28.475925926935663,10.01475714463726,0.3516920633356544,0.171539306640625
5,5000012,5000013,A,8,1,2411.233042737789,2417.257054286378,6.024011548588987,6.024011548588987,2417.257054286378,2411.233042737789,2417.257054286378,6.024011548588987,gray,False,True,0.171539306640625,28.475925926935663,,,
5,5000013,5000013,B,1,2,2417.257054286378,2445.849896282259,28.592841995880917,28.592841995880917,2445.849896282259,2417.257054286378,2445.849896282259,28.592841995880917,B,True,True,0.03759765625,1.3149324665039004,1.3149324665039004,1.0,0.03759765625
5,5000013,5000013,B,2,3,2445.849896282259,2474.44273827814,28.592841995880917,28.592841995880917,2474.44273827814,2445.849896282259,2474.44273827814,28.592841995880917,B,True,True,0.03759765625,1.3149324665039004,1.3149324665039004,1.0,0.03759765625
5,5000013,5000013,B,3,4,2474.44273827814,2503.035580274021,28.592841995880917,28.592841995880917,2503.035580274021,2474.44273827814,2503.035580274021,28.592841995880917,B,True,True,0.03759765625,1.3149324665039004,1.3149324665039004,1.0,0.03759765625
5,5000013,5000013,B,4,5,2503.035580274021,2531.628422269902,28.592841995880917,28.592841995880917,2531.628422269902,2503.035580274021,2531.628422269902,28.592841995880917,B,True,True,0.03759765625,1.3149324665039004,1.3149324665039004,1.0,0.03759765625
5,5000013,5000013,B,5,6,2531.628422269902,2560.221264265783,28.592841995880917,28.592841995880917,2560.221264265783,2531.628422269902,2560.221264265783,28.592841995880917,B,True,True,0.03759765625,1.3149324665039004,1.3149324665039004,1.0,0.03759765625
5,5000013,5000013,B,6,7,2560.221264265783,2588.8141062616637,28.592841995880917,28.592841995880917,2588.8141062616637,2560.221264265783,2588.8141062616637,28.592841995880917,B,True,True,0.03759765625,1.3149324665039004,1.3149324665039004,1.0,0.03759765625
5,5000013,5000013,B,7,8,2588.8141062616637,2617.4069482575446,28.592841995880917,28.592841995880917,2617.4069482575446,2588.8141062616637,2617.4069482575446,28.592841995880917,B,True,True,0.03759765625,1.3149324665039004,1.3149324665039004,1.0,0.03759765625
5,5000013,5000014,B,8,1,2617.4069482575446,2645.9997902534255,28.592841995880917,28.592841995880917,2645.9997902534255,2617.4069482575446,2645.9997902534255,28.592841995880917,gray,False,True,0.03759765625,1.3149324665039004,,,
5,5000014,5000014,B,1,2,2645.9997902534255,2674.5926322493065,28.592841995880917,28.592841995880917,2674.5926322493065,2645.9997902534255,2674.5926322493065,28.592841995880917,B,True,True,0.03759765625,1.3149324665039004,1.3149324665039004,1.0,0.03759765625
5,5000014,5000014,B,2,3,2674.5926322493065,2703.1854742451874,28.592841995880917,28.592841995880917,2703.1854742451874,2674.5926322493065,2703.1854742451874,28.592841995880917,B,True,True,0.03759765625,1.3149324665039004,1.3149324665039004,1.0,0.03759765625
5,5000014,5000014,B,3,4,2703.1854742451874,2731.7783162410683,28.592841995880917,28.592841995880917,2731.7783162410683,2703.1854742451874,2731.7783162410683,28.592841995880917,B,True,True,0.03759765625,1.3149324665039004,1.3149324665039004,1.0,0.03759765625
5,5000014,5000014,B,4,5,2731.7783162410683,2760.371158236949,28.592841995880917,28.592841995880917,2760.371158236949,2731.7783162410683,2760.371158236949,28.592841995880917,B,True,True,0.03759765625,1.3149324665039004,1.3149324665039004,1.0,0.03759765625
5,5000014,5000014,B,5,6,2760.371158236949,2788.96400023283,28.592841995880917,28.592841995880917,2788.96400023283,2760.371158236949,2788.96400023283,28.592841995880917,B,True,True,0.03759765625,1.3149324665039004,1.3149324665039004,1.0,0.03759765625
5,5000014,5000014,B,6,7,2788.96400023283,2817.556842228711,28.592841995880917,28.592841995880917,2817.556842228711,2788.96400023283,2817.556842228711,28.592841995880917,B,True,True,0.03759765625,1.3149324665039004,1.3149324665039004,1.0,0.03759765625
5,5000014,5000014,B,7,8,2817.556842228711,2846.149684224592,28.592841995880917,28.592841995880917,2846.149684224592,2817.556842228711,2846.149684224592,28.592841995880917,B,True,True,0.03759765625,1.3149324665039004,1.3149324665039004,1.0,0.03759765625
5,5000014,5000015,B,8,1,2846.149684224592,2874.742526220473,28.592841995880917,28.592841995880917,2874.742526220473,2846.149684224592,2874.742526220473,28.592841995880917,gray,False,True,0.03759765625,1.3149324665039004,,,
5,5000015,5000015,B,1,2,2874.742526220473,2903.335368216354,28.592841995880917,28.592841995880917,2903.335368216354,2874.742526220473,2903.335368216354,28.592841995880917,B,True,True,0.03759765625,1.3149324665039004,1.3149324665039004,1.0,0.03759765625
5,5000015,5000015,B,2,3,2903.335368216354,2931.9282102122347,28.592841995880917,28.592841995880917,2931.9282102122347,2903.335368216354,2931.9282102122347,28.592841995880917,B,True,True,0.03759765625,1.3149324665039004,1.3149324665039004,1.0,0.03759765625
5,5000015,5000015,B,3,4,2931.9282102122347,2960.5210522081156,28.592841995880917,28.592841995880917,2960.5210522081156,2931.9282102122347,2960.5210522081156,28.592841995880917,B,True,True,0.03759765625,1.3149324665039004,1.3149324665039004,1.0,0.03759765625
5,5000015,5000015,B,4,5,2960.5210522081156,2989.1138942039966,28.592841995880917,28.592841995880917,2989.1138942039966,2960.5210522081156,2989.1138942039966,28.592841995880917,B,True,True,0.03759765625,1.3149324665039004,1.3149324665039004,1.0,0.03759765625
5,5000015,5000015,B,5,6,2989.1138942039966,3017.7067361998775,28.592841995880917,28.592841995880917,3017.7067361998775,2989.1138942039966,3017.7067361998775,28.592841995880917,B,True,True,0.03759765625,1.3149324665039004,1.3149324665039004,1.0,0.03759765625
5,5000015,5000015,B,6,7,3017.7067361998775,3046.2995781957584,28.592841995880917,28.592841995880917,3046.2995781957584,3017.7067361998775,3046.2995781957584,28.592841995880917,B,True,True,0.03759765625,1.3149324665039004,1.3149324665039004,1.0,0.03759765625
5,5000015,5000015,B,7,8,3046.2995781957584,3074.8924201916393,28.592841995880917,28.592841995880917,3074.8924201916393,3046.2995781957584,3074.8924201916393,28.592841995880917,B,True,True,0.03759765625,1.3149324665039004,1.3149324665039004,1.0,0.03759765625
5,5000015,5000016,B,8,1,3074.8924201916393,3103.48526218752,28.592841995880917,28.592841995880917,3103.48526218752,3074.8924201916393,3103.48526218752,28.592841995880917,gray,False,True,0.03759765625,1.3149324665039004,,,
5,5000016,5000016,B,1,2,3103.48526218752,3132.078104183401,28.592841995880917,28.592841995880917,3132.078104183401,3103.48526218752,3132.078104183401,28.592841995880917,B,True,True,0.03759765625,1.3149324665039004,1.3149324665039004,1.0,0.03759765625
5,5000016,5000016,B,2,3,3132.078104183401,3160.670946179282,28.592841995880917,28.592841995880917,3160.670946179282,3132.078104183401,3160.670946179282,28.592841995880917,B,True,True,0.03759765625,1.3149324665039004,1.3149324665039004,1.0,0.03759765625
5,5000016,5000016,B,3,4,3160.670946179282,3189.263788175163,28.592841995880917,28.592841995880917,3189.263788175163,3160.670946179282,3189.263788175163,28.592841995880917,B,True,True,0.03759765625,1.3149324665039004,1.3149324665039004,1.0,0.03759765625
5,5000016,5000016,B,4,5,3189.263788175163,3217.856630171044,28.592841995880917,28.592841995880917,3217.856630171044,3189.263788175163,3217.856630171044,28.592841995880917,B,True,True,0.03759765625,1.3149324665039004,1.3149324665039004,1.0,0.03759765625
5,5000016,5000016,B,5,6,3217.856630171044,3246.449472166925,28.592841995880917,28.592841995880917,3246.449472166925,3217.856630171044,3246.449472166925,28.592841995880917,B,True,True,0.03759765625,1.3149324665039004,1.3149324665039004,1.0,0.03759765625
5,5000016,5000016,B,6,7,3246.449472166925,3275.0423141628057,28.592841995880917,28.592841995880917,3275.0423141628057,3246.449472166925,3275.0423141628057,28.592841995880917,B,True,True,0.03759765625,1.3149324665039004,1.3149324665039004,1.0,0.03759765625
5,5000016,5000016,B,7,8,3275.0423141628057,3303.6351561586866,28.592841995880917,28.592841995880917,3303.6351561586866,3275.0423141628057,3303.6351561586866,28.592841995880917,B,True,True,0.03759765625,1.3149324665039004,1.3149324665039004,1.0,0.03759765625
5,5000016,5000017,B,8,1,3303.6351561586866,3332.2279981545676,28.592841995880917,28.592841995880917,3332.2279981545676,3303.6351561586866,3332.2279981545676,28.592841995880917,gray,False,True,0.03759765625,1.3149324665039004,,,
5,5000017,5000017,B,1,2,3332.2279981545676,3360.8208401504485,28.592841995880917,28.592841995880917,3360.8208401504485,3332.2279981545676,3360.8208401504485,28.592841995880917,B,True,True,0.03759765625,1.3149324665039004,1.3149324665039004,1.0,0.03759765625
5,5000017,5000017,B,2,3,3360.8208401504485,3389.4136821463294,28.592841995880917,28.592841995880917,3389.4136821463294,3360.8208401504485,3389.4136821463294,28.592841995880917,B,True,True,0.03759765625,1.3149324665039004,1.3149324665039004,1.0,0.03759765625
5,5000017,5000017,B,3,4,3389.4136821463294,3418.0065241422103,28.592841995880917,28.592841995880917,3418.0065241422103,3389.4136821463294,3418.0065241422103,28.592841995880917,B,True,True,0.03759765625,1.3149324665039004,1.3149324665039004,1.0,0.03759765625
5,5000017,5000017,B,4,5,3418.0065241422103,3446.599366138091,28.592841995880917,28.592841995880917,3446.599366138091,3418.0065241422103,3446.599366138091,28.592841995880917,B,True,True,0.03759765625,1.3149324665039004,1.3149324665039004,1.0,0.03759765625
5,5000017,5000017,B,5,6,3446.599366138091,3475.192208133972,28.592841995880917,28.592841995880917,3475.192208133972,3446.599366138091,3475.192208133972,28.592841995880917,B,True,True,0.03759765625,1.3149324665039004,1.3149324665039004,1.0,0.03759765625
5,5000017,5000017,B,6,7,3475.192208133972,3503.785050129853,28.592841995880917,28.592841995880917,3503.785050129853,3475.192208133972,3503.785050129853,28.592841995880917,B,True,True,0.03759765625,1.3149324665039004,1.3149324665039004,1.0,0.03759765625
5,5000017,5000017,B,7,8,3503.785050129853,3532.377892125734,28.592841995880917,28.592841995880917,3532.377892125734,3503.785050129853,3532.377892125734,28.592841995880917,B,True,True,0.03759765625,1.3149324665039004,1.3149324665039004,1.0,0.03759765625
5,5000017,5000018,B,8,1,3532.377892125734,3560.970734121615,28.592841995880917,28.592841995880917,3560.970734121615,3532.377892125734,3560.970734121615,28.592841995880917,gray,False,True,0.03759765625,1.3149324665039004,,,
5,5000018,5000018,B,1,2,3560.970734121615,3589.563576117496,28.592841995880917,28.592841995880917,3589.563576117496,3560.970734121615,3589.563576117496,28.592841995880917,B,True,True,0.03759765625,1.3149324665039004,1.3149324665039004,1.0,0.03759765625
5,5000018,5000018,B,2,3,3589.563576117496,3618.1564181133767,28.592841995880917,28.592841995880917,3618.1564181133767,3589.563576117496,3618.1564181133767,28.592841995880917,B,True,True,0.03759765625,1.3149324665039004,1.3149324665039004,1.0,0.03759765625
5,5000018,5000018,B,3,4,3618.1564181133767,3646.7492601092576,28.592841995880917,28.592841995880917,3646.7492601092576,3618.1564181133767,3646.7492601092576,28.592841995880917,B,True,True,0.03759765625,1.3149324665039004,1.3149324665039004,1.0,0.03759765625
5,5000018,5000018,B,4,5,3646.7492601092576,3675.3421021051386,28.592841995880917,28.592841995880917,3675.3421021051386,3646.7492601092576,3675.3421021051386,28.592841995880917,B,True,True,0.03759765625,1.3149324665039004,1.3149324665039004,1.0,0.03759765625
5,5000018,5000018,B,5,6,3675.3421021051386,3703.9349441010195,28.592841995880917,28.592841995880917,3703.9349441010195,3675.3421021051386,3703.9349441010195,28.592841995880917,B,True,True,0.03759765625,1.3149324665039004,1.3149324665039004,1.0,0.03759765625
5,5000018,5000018,B,6,7,3703.9349441010195,3732.5277860969004,28.592841995880917,28.592841995880917,3732.5277860969004,3703.9349441010195,3732.5277860969004,28.592841995880917,B,True,True,0.03759765625,1.3149324665039004,1.3149324665039004,1.0,0.03759765625
5,5000018,5000018,B,7,8,3732.5277860969004,3761.1206280927813,28.592841995880917,28.592841995880917,3761.1206280927813,3732.5277860969004,3761.1206280927813,28.592841995880917,B,True,True,0.03759765625,1.3149324665039004,1.3149324665039004,1.0,0.03759765625
5,5000018,5000019,B,8,1,3761.1206280927813,3789.7134700886622,28.592841995880917,28.592841995880917,3789.7134700886622,3761.1206280927813,3789.7134700886622,28.592841995880917,gray,False,True,0.03759765625,1.3149324665039004,,,
5,5000019,5000019,B,1,2,3789.7134700886622,3818.306312084543,28.592841995880917,28.592841995880917,3818.306312084543,3789.7134700886622,3818.306312084543,28.592841995880917,B,True,True,0.03759765625,1.3149324665039004,1.3149324665039004,1.0,0.03759765625
5,5000019,5000019,B,2,3,3818.306312084543,3846.899154080424,28.592841995880917,28.592841995880917,3846.899154080424,3818.306312084543,3846.899154080424,28.592841995880917,B,True,True,0.03759765625,1.3149324665039004,1.3149324665039004,1.0,0.03759765625
5,5000019,5000019,B,3,4,3846.899154080424,3875.491996076305,28.592841995880917,28.592841995880917,3875.491996076305,3846.899154080424,3875.491996076305,28.592841995880917,B,True,True,0.03759765625,1.3149324665039004,1.3149324665039004,1.0,0.03759765625
5,5000019,5000019,B,4,5,3875.491996076305,3904.084838072186,28.592841995880917,28.592841995880917,3904.084838072186,3875.491996076305,3904.084838072186,28.592841995880917,B,True,True,0.03759765625,1.3149324665039004,1.3149324665039004,1.0,0.03759765625
5,5000019,5000019,B,5,6,3904.084838072186,3932.677680068067,28.592841995880917,28.592841995880917,3932.677680068067,3904.084838072186,3932.677680068067,28.592841995880917,B,True,True,0.03759765625,1.3149324665039004,1.3149324665039004,1.0,0.03759765625
5,5000019,5000019,B,6,7,3932.677680068067,3961.2705220639477,28.592841995880917,28.592841995880917,3961.2705220639477,3932.677680068067,3961.2705220639477,28.592841995880917,B,True,True,0.03759765625,1.3149324665039004,1.3149324665039004,1.0,0.03759765625
5,5000019,5000019,B,7,8,3961.2705220639477,3989.8633640598287,28.592841995880917,28.592841995880917,3989.8633640598287,3961.2705220639477,3989.8633640598287,28.592841995880917,B,True,True,0.03759765625,1.3149324665039004,1.3149324665039004,1.0,0.03759765625
5,5000019,5000020,B,8,1,3989.8633640598287,4018.4562060557096,28.592841995880917,28.592841995880917,4018.4562060557096,3989.8633640598287,4000.0,10.136635940171345,gray,False,False,0.03759765625,1.3149324665039004,,,
6,6000009,6000009,B,5,6,1976.0371016546735,2004.6299436505542,28.59284199588069,28.59284199588069,2004.6299436505542,2000.0,2004.6299436505542,4.629943650554196,gray,True,False,0.03759765625,1.3149324665039108,,,
6,6000009,6000009,B,6,7,2004.6299436505542,2033.2227856464349,28.59284199588069,28.59284199588069,2033.2227856464349,2004.6299436505542,2033.2227856464349,28.59284199588069,B,True,True,0.03759765625,1.3149324665039108,1.3149324665039108,1.0,0.03759765625
6,6000009,6000009,B,7,8,2033.2227856464349,2061.8156276423156,28.59284199588069,28.59284199588069,2061.8156276423156,2033.2227856464349,2061.8156276423156,28.59284199588069,B,True,True,0.03759765625,1.3149324665039108,1.3149324665039108,1.0,0.03759765625
6,6000009,6000010,B,8,1,2061.8156276423156,2090.4084696381965,28.592841995880917,28.592841995880917,2090.4084696381965,2061.8156276423156,2090.4084696381965,28.592841995880917,gray,False,True,0.03759765625,1.3149324665039004,,,
6,6000010,6000010,B,1,2,2090.4084696381965,2119.0013116340774,28.592841995880917,28.592841995880917,2119.0013116340774,2090.4084696381965,2119.0013116340774,28.592841995880917,B,True,True,0.03759765625,1.3149324665039004,1.3149324665039004,1.0,0.03759765625
6,6000010,6000010,B,2,3,2119.0013116340774,2147.5941536299583,28.592841995880917,28.592841995880917,2147.5941536299583,2119.0013116340774,2147.5941536299583,28.592841995880917,B,True,True,0.03759765625,1.3149324665039004,1.3149324665039004,1.0,0.03759765625
6,6000010,6000010,B,3,4,2147.5941536299583,2176.1869956258392,28.592841995880917,28.592841995880917,2176.1869956258392,2147.5941536299583,2176.1869956258392,28.592841995880917,B,True,True,0.03759765625,1.3149324665039004,1.3149324665039004,1.0,0.03759765625
6,6000010,6000010,B,4,5,2176.1869956258392,2204.77983762172,28.592841995880917,28.592841995880917,2204.77983762172,2176.1869956258392,2204.77983762172,28.592841995880917,B,True,True,0.03759765625,1.3149324665039004,1.3149324665039004,1.0,0.03759765625
6,6000010,6000010,B,5,6,2204.77983762172,2233.372679617601,28.592841995880917,28.592841995880917,2233.372679617601,2204.77983762172,2233.372679617601,28.592841995880917,B,True,True,0.03759765625,1.3149324665039004,1.3149324665039004,1.0,0.03759765625
6,6000010,6000010,B,6,7,2233.372679617601,2261.965521613482,28.592841995880917,28.592841995880917,2261.965521613482,2233.372679617601,2261.965521613482,28.592841995880917,B,True,True,0.03759765625,1.3149324665039004,1.3149324665039004,1.0,0.03759765625
6,6000010,6000010,B,7,8,2261.965521613482,2290.558363609363,28.592841995880917,28.592841995880917,2290.558363609363,2261.965521613482,2290.558363609363,28.592841995880917,B,True,True,0.03759765625,1.3149324665039004,1.3149324665039004,1.0,0.03759765625
6,6000010,6000011,B,8,1,2290.558363609363,2319.151205605244,28.592841995880917,28.592841995880917,2319.151205605244,2290.558363609363,2319.151205605244,28.592841995880917,gray,False,True,0.03759765625,1.3149324665039004,,,
6,6000011,6000011,B,1,2,2319.151205605244,2347.7440476011247,28.592841995880917,28.592841995880917,2347.7440476011247,2319.151205605244,2347.7440476011247,28.592841995880917,B,True,True,0.03759765625,1.3149324665039004,1.3149324665039004,1.0,0.03759765625
6,6000011,6000011,B,2,3,2347.7440476011247,2376.3368895970057,28.592841995880917,28.592841995880917,2376.3368895970057,2347.7440476011247,2376.3368895970057,28.592841995880917,B,True,True,0.03759765625,1.3149324665039004,1.3149324665039004,1.0,0.03759765625
6,6000011,6000011,B,3,4,2376.3368895970057,2404.9297315928866,28.592841995880917,28.592841995880917,2404.9297315928866,2376.3368895970057,2404.9297315928866,28.592841995880917,B,True,True,0.03759765625,1.3149324665039004,1.3149324665039004,1.0,0.03759765625
6,6000011,6000011,B,4,5,2404.9297315928866,2433.5225735887675,28.592841995880917,28.592841995880917,2433.5225735887675,2404.9297315928866,2433.5225735887675,28.592841995880917,B,True,True,0.03759765625,1.3149324665039004,1.3149324665039004,1.0,0.03759765625
6,6000011,6000011,B,5,6,2433.5225735887675,2462.1154155846484,28.592841995880917,28.592841995880917,2462.1154155846484,2433.5225735887675,2462.1154155846484,28.592841995880917,B,True,True,0.03759765625,1.3149324665039004,1.3149324665039004,1.0,0.03759765625
6,6000011,6000011,B,6,7,2462.1154155846484,2490.7082575805293,28.592841995880917,28.592841995880917,2490.7082575805293,2462.1154155846484,2490.7082575805293,28.592841995880917,B,True,True,0.03759765625,1.3149324665039004,1.3149324665039004,1.0,0.03759765625
6,6000011,6000011,B,7,8,2490.7082575805293,2519.3010995764103,28.592841995880917,28.592841995880917,2519.3010995764103,2490.7082575805293,2519.3010995764103,28.592841995880917,B,True,True,0.03759765625,1.3149324665039004,1.3149324665039004,1.0,0.03759765625
6,6000011,6000012,B,8,1,2519.3010995764103,2547.893941572291,28.592841995880917,28.592841995880917,2547.893941572291,2519.3010995764103,2547.893941572291,28.592841995880917,gray,False,True,0.03759765625,1.3149324665039004,,,
6,6000012,6000012,B,1,2,2547.893941572291,2576.486783568172,28.592841995880917,28.592841995880917,2576.486783568172,2547.893941572291,2576.486783568172,28.592841995880917,B,True,True,0.03759765625,1.3149324665039004,1.3149324665039004,1.0,0.03759765625
6,6000012,6000012,B,2,3,2576.486783568172,2605.079625564053,28.592841995880917,28.592841995880917,2605.079625564053,2576.486783568172,2605.079625564053,28.592841995880917,B,True,True,0.03759765625,1.3149324665039004,1.3149324665039004,1.0,0.03759765625
6,6000012,6000012,B,3,4,2605.079625564053,2633.672467559934,28.592841995880917,28.592841995880917,2633.672467559934,2605.079625564053,2633.672467559934,28.592841995880917,B,True,True,0.03759765625,1.3149324665039004,1.3149324665039004,1.0,0.03759765625
6,6000012,6000012,B,4,5,2633.672467559934,2662.265309555815,28.592841995880917,28.592841995880917,2662.265309555815,2633.672467559934,2662.265309555815,28.592841995880917,B,True,True,0.03759765625,1.3149324665039004,1.3149324665039004,1.0,0.03759765625
6,6000012,6000012,B,5,6,2662.265309555815,2690.8581515516958,28.592841995880917,28.592841995880917,2690.8581515516958,2662.265309555815,2690.8581515516958,28.592841995880917,B,True,True,0.03759765625,1.3149324665039004,1.3149324665039004,1.0,0.03759765625
6,6000012,6000012,B,6,7,2690.8581515516958,2719.4509935475767,28.592841995880917,28.592841995880917,2719.4509935475767,2690.8581515516958,2719.4509935475767,28.592841995880917,B,True,True,0.03759765625,1.3149324665039004,1.3149324665039004,1.0,0.03759765625
6,6000012,6000012,B,7,8,2719.4509935475767,2748.0438355434576,28.592841995880917,28.592841995880917,2748.0438355434576,2719.4509935475767,2748.0438355434576,28.592841995880917,B,True,True,0.03759765625,1.3149324665039004,1.3149324665039004,1.0,0.03759765625
6,6000012,6000013,B,8,1,2748.0438355434576,2776.6366775393385,28.592841995880917,28.592841995880917,2776.6366775393385,2748.0438355434576,2776.6366775393385,28.592841995880917,gray,False,True,0.03759765625,1.3149324665039004,,,
6,6000013,6000013,B,1,2,2776.6366775393385,2805.2295195352194,28.592841995880917,28.592841995880917,2805.2295195352194,2776.6366775393385,2805.2295195352194,28.592841995880917,B,True,True,0.03759765625,1.3149324665039004,1.3149324665039004,1.0,0.03759765625
6,6000013,6000013,B,2,3,2805.2295195352194,2833.8223615311003,28.592841995880917,28.592841995880917,2833.8223615311003,2805.2295195352194,2833.8223615311003,28.592841995880917,B,True,True,0.03759765625,1.3149324665039004,1.3149324665039004,1.0,0.03759765625
6,6000013,6000013,B,3,4,2833.8223615311003,2862.4152035269813,28.592841995880917,28.592841995880917,2862.4152035269813,2833.8223615311003,2862.4152035269813,28.592841995880917,B,True,True,0.03759765625,1.3149324665039004,1.3149324665039004,1.0,0.03759765625
6,6000013,6000013,B,4,5,2862.4152035269813,2891.008045522862,28.592841995880917,28.592841995880917,2891.008045522862,2862.4152035269813,2891.008045522862,28.592841995880917,B,True,True,0.03759765625,1.3149324665039004,1.3149324665039004,1.0,0.03759765625
6,6000013,6000013,B,5,6,2891.008045522862,2919.600887518743,28.592841995880917,28.592841995880917,2919.600887518743,2891.008045522862,2919.600887518743,28.592841995880917,B,True,True,0.03759765625,1.3149324665039004,1.3149324665039004,1.0,0.03759765625
6,6000013,6000013,B,6,7,2919.600887518743,2948.193729514624,28.592841995880917,28.592841995880917,2948.193729514624,2919.600887518743,2948.193729514624,28.592841995880917,B,True,True,0.03759765625,1.3149324665039004,1.3149324665039004,1.0,0.03759765625
6,6000013,6000013,B,7,8,2948.193729514624,2976.786571510505,28.592841995880917,28.592841995880917,2976.786571510505,2948.193729514624,2976.786571510505,28.592841995880917,B,True,True,0.03759765625,1.3149324665039004,1.3149324665039004,1.0,0.03759765625
6,6000013,6000014,B,8,1,2976.786571510505,3005.379413506386,28.592841995880917,28.592841995880917,3005.379413506386,2976.786571510505,3005.379413506386,28.592841995880917,gray,False,True,0.03759765625,1.3149324665039004,,,
6,6000014,6000014,B,1,2,3005.379413506386,3033.9722555022668,28.592841995880917,28.592841995880917,3033.9722555022668,3005.379413506386,3033.9722555022668,28.592841995880917,B,True,True,0.03759765625,1.3149324665039004,1.3149324665039004,1.0,0.03759765625
6,6000014,6000014,B,2,3,3033.9722555022668,3062.5650974981477,28.592841995880917,28.592841995880917,3062.5650974981477,3033.9722555022668,3062.5650974981477,28.592841995880917,B,True,True,0.03759765625,1.3149324665039004,1.3149324665039004,1.0,0.03759765625
6,6000014,6000014,B,3,4,3062.5650974981477,3091.1579394940286,28.592841995880917,28.592841995880917,3091.1579394940286,3062.5650974981477,3091.1579394940286,28.592841995880917,B,True,True,0.03759765625,1.3149324665039004,1.3149324665039004,1.0,0.03759765625
6,6000014,6000014,B,4,5,3091.1579394940286,3119.7507814899095,28.592841995880917,28.592841995880917,3119.7507814899095,3091.1579394940286,3119.7507814899095,28.592841995880917,B,True,True,0.03759765625,1.3149324665039004,1.3149324665039004,1.0,0.03759765625
6,6000014,6000014,B,5,6,3119.7507814899095,3148.3436234857904,28.592841995880917,28.592841995880917,3148.3436234857904,3119.7507814899095,3148.3436234857904,28.592841995880917,B,True,True,0.03759765625,1.3149324665039004,1.3149324665039004,1.0,0.03759765625
6,6000014,6000014,B,6,7,3148.3436234857904,3176.9364654816713,28.592841995880917,28.592841995880917,3176.9364654816713,3148.3436234857904,3176.9364654816713,28.592841995880917,B,True,True,0.03759765625,1.3149324665039004,1.3149324665039004,1.0,0.03759765625
6,6000014,6000014,B,7,8,3176.9364654816713,3205.5293074775523,28.592841995880917,28.592841995880917,3205.5293074775523,3176.9364654816713,3205.5293074775523,28.592841995880917,B,True,True,0.03759765625,1.3149324665039004,1.3149324665039004,1.0,0.03759765625
6,6000014,6000015,B,8,1,3205.5293074775523,3234.122149473433,28.592841995880917,28.592841995880917,3234.122149473433,3205.5293074775523,3234.122149473433,28.592841995880917,gray,False,True,0.03759765625,1.3149324665039004,,,
6,6000015,6000015,B,1,2,3234.122149473433,3262.714991469314,28.592841995880917,28.592841995880917,3262.714991469314,3234.122149473433,3262.714991469314,28.592841995880917,B,True,True,0.03759765625,1.3149324665039004,1.3149324665039004,1.0,0.03759765625
6,6000015,6000015,B,2,3,3262.714991469314,3291.307833465195,28.592841995880917,28.592841995880917,3291.307833465195,3262.714991469314,3291.307833465195,28.592841995880917,B,True,True,0.03759765625,1.3149324665039004,1.3149324665039004,1.0,0.03759765625
6,6000015,6000015,B,3,4,3291.307833465195,3319.900675461076,28.592841995880917,28.592841995880917,3319.900675461076,3291.307833465195,3319.900675461076,28.592841995880917,B,True,True,0.03759765625,1.3149324665039004,1.3149324665039004,1.0,0.03759765625
6,6000015,6000015,B,4,5,3319.900675461076,3350.9093834668274,31.008708005751487,28.592841995880917,3348.493517456957,3319.900675461076,3350.9093834668274,28.592841995880917,B,True,True,0.03759765625,1.3149324665039004,1.2124870292250292,0.9220907233728514,0.03759765625
6,6000015,6000015,B,5,6,3350.9093834668274,3379.5022254627083,28.592841995880917,28.592841995880917,3379.5022254627083,3350.9093834668274,3379.5022254627083,28.592841995880917,B,True,True,0.03759765625,1.3149324665039004,1.3149324665039004,1.0,0.03759765625
6,6000015,6000015,B,6,7,3379.5022254627083,3408.0950674585893,28.592841995880917,28.592841995880917,3408.0950674585893,3379.5022254627083,3408.0950674585893,28.592841995880917,B,True,True,0.03759765625,1.3149324665039004,1.3149324665039004,1.0,0.03759765625
6,6000015,6000015,B,7,8,3408.0950674585893,3436.68790945447,28.592841995880917,28.592841995880917,3436.68790945447,3408.0950674585893,3436.68790945447,28.592841995880917,B,True,True,0.03759765625,1.3149324665039004,1.3149324665039004,1.0,0.03759765625
6,6000015,6000016,B,8,1,3436.68790945447,3465.280751450351,28.592841995880917,28.592841995880917,3465.280751450351,3436.68790945447,3465.280751450351,28.592841995880917,gray,False,True,0.03759765625,1.3149324665039004,,,
6,6000016,6000016,B,1,2,3465.280751450351,3493.873593446232,28.592841995880917,28.592841995880917,3493.873593446232,3465.280751450351,3493.873593446232,28.592841995880917,B,True,True,0.03759765625,1.3149324665039004,1.3149324665039004,1.0,0.03759765625
6,6000016,6000016,B,2,3,3493.873593446232,3522.466435442113,28.592841995880917,28.592841995880917,3522.466435442113,3493.873593446232,3522.466435442113,28.592841995880917,B,True,True,0.03759765625,1.3149324665039004,1.3149324665039004,1.0,0.03759765625
6,6000016,6000016,B,3,4,3522.466435442113,3551.059277437994,28.592841995880917,28.592841995880917,3551.059277437994,3522.466435442113,3551.059277437994,28.592841995880917,B,True,True,0.03759765625,1.3149324665039004,1.3149324665039004,1.0,0.03759765625
6,6000016,6000016,B,4,5,3551.059277437994,3579.6521194338748,28.592841995880917,28.592841995880917,3579.6521194338748,3551.059277437994,3579.6521194338748,28.592841995880917,B,True,True,0.03759765625,1.3149324665039004,1.3149324665039004,1.0,0.03759765625
6,6000016,6000016,B,5,6,3579.6521194338748,3608.2449614297557,28.592841995880917,28.592841995880917,3608.2449614297557,3579.6521194338748,3608.2449614297557,28.592841995880917,B,True,True,0.03759765625,1.3149324665039004,1.3149324665039004,1.0,0.03759765625
6,6000016,6000016,B,6,7,3608.2449614297557,3636.8378034256366,28.592841995880917,28.592841995880917,3636.8378034256366,3608.2449614297557,3636.8378034256366,28.592841995880917,B,True,True,0.03759765625,1.3149324665039004,1.3149324665039004,1.0,0.03759765625
6,6000016,6000016,B,7,8,3636.8378034256366,3665.4306454215175,28.592841995880917,28.592841995880917,3665.4306454215175,3636.8378034256366,3665.4306454215175,28.592841995880917,B,True,True,0.03759765625,1.3149324665039004,1.3149324665039004,1.0,0.03759765625
6,6000016,6000017,B,8,1,3665.4306454215175,3694.0234874173984,28.592841995880917,28.592841995880917,3694.0234874173984,3665.4306454215175,3694.0234874173984,28.592841995880917,gray,False,True,0.03759765625,1.3149324665039004,,,
6,6000017,6000017,A,1,2,3694.0234874173984,3723.386342695343,29.362855277944618,6.024011548588987,3700.0474989659874,3694.0234874173984,3723.386342695343,6.024011548588987,A,True,True,0.171539306640625,28.475925926935663,5.8420512929297335,0.20515755336347744,0.171539306640625
6,6000017,6000017,A,2,3,3723.386342695343,3742.6553415234685,19.268998828125405,6.024011548588987,3729.410354243932,3723.386342695343,3742.6553415234685,6.024011548588987,A,True,True,0.171539306640625,28.475925926935663,8.902346622713106,0.31262711686900013,0.171539306640625
6,6000017,6000017,A,3,4,3742.6553415234685,3758.990919624054,16.335578100585735,6.024011548588987,3748.6793530720574,3742.6553415234685,3758.990919624054,6.024011548588987,A,True,True,0.171539306640625,28.475925926935663,10.500963331960332,0.36876635228311805,0.171539306640625
6,6000017,6000017,A,4,5,3758.990919624054,3767.7734971387026,8.782577514648438,6.024011548588987,3765.014931172643,3758.990919624054,3767.7734971387026,6.024011548588987,A,True,True,0.171539306640625,28.475925926935663,19.531772575250837,0.6859047402134003,0.171539306640625
6,6000017,6000017,A,5,6,3767.7734971387026,3782.300727265656,14.527230126953327,6.024011548588987,3773.7975086872916,3767.7734971387026,3782.300727265656,6.024011548588987,A,True,True,0.171539306640625,28.475925926935663,11.808122067424046,0.41467034637334216,0.171539306640625
6,6000017,6000017,A,6,7,3782.300727265656,3791.1588357861638,8.858108520507812,6.024011548588987,3788.324738814245,3782.300727265656,3791.1588357861638,6.024011548588987,A,True,True,0.171539306640625,28.475925926935663,19.365229748934155,0.6800561919785159,0.171539306640625
6,6000017,6000017,A,7,8,3791.1588357861638,3802.379286323273,11.220450537109173,6.024011548588987,3797.1828473347528,3791.1588357861638,3802.379286323273,6.024011548588987,A,True,True,0.171539306640625,28.475925926935663,15.28809436602358,0.5368778667724522,0.171539306640625
6,6000017,6000018,A,8,1,3802.379286323273,3810.2261185986636,7.846832275390625,6.024011548588987,3808.403297871862,3802.379286323273,3810.2261185986636,6.024011548588987,gray,False,True,0.171539306640625,28.475925926935663,,,
6,6000018,6000018,A,1,2,3810.2261185986636,3824.24141635257,14.015297753906452,6.024011548588987,3816.2501301472525,3810.2261185986636,3824.24141635257,6.024011548588987,A,True,True,0.171539306640625,28.475925926935663,12.239433628358858,0.4298168796956118,0.171539306640625
6,6000018,6000018,A,2,3,3824.24141635257,3833.4058450635075,9.1644287109375,6.024011548588987,3830.265427901159,3824.24141635257,3833.4058450635075,6.024011548588987,A,True,True,0.171539306640625,28.475925926935663,18.71794871794872,0.657325376037842,0.171539306640625
6,6000018,6000018,A,3,4,3833.4058450635075,3858.3855271679995,24.979682104491985,6.024011548588987,3839.4298566120965,3833.4058450635075,3858.3855271679995,6.024011548588987,A,True,True,0.171539306640625,28.475925926935663,6.867153309760409,0.2411564536085796,0.171539306640625
6,6000018,6000018,A,4,5,3858.3855271679995,3865.556876557648,7.17134938964864,6.024011548588987,3864.4095387165885,3858.3855271679995,3865.556876557648,6.024011548588987,A,True,True,0.171539306640625,28.475925926935663,23.92008774363029,0.8400108851598058,0.171539306640625
6,6000018,6000018,A,5,6,3865.556876557648,3871.580888106237,6.024011548588987,6.024011548588987,3871.580888106237,3865.556876557648,3871.580888106237,6.024011548588987,A,True,True,0.171539306640625,28.475925926935663,28.475925926935663,1.0,0.171539306640625
6,6000018,6000018,A,6,7,3871.580888106237,3878.6822869092102,7.101398802973108,6.024011548588987,3877.604899654826,3871.580888106237,3878.6822869092102,6.024011548588987,A,True,True,0.171539306640625,28.475925926935663,24.155706699475527,0.8482852062986441,0.171539306640625
6,6000018,6000018,A,7,8,3878.6822869092102,3894.0654351025696,15.383148193359375,6.024011548588987,3884.706298457799,3878.6822869092102,3894.0654351025696,6.024011548588987,A,True,True,0.171539306640625,28.475925926935663,11.151118385160938,0.39159809636296966,0.171539306640625
6,6000018,6000019,A,8,1,3894.0654351025696,3916.737525361359,22.672090258789467,6.024011548588987,3900.0894466511586,3894.0654351025696,3916.737525361359,6.024011548588987,gray,False,True,0.171539306640625,28.475925926935663,,,
6,6000019,6000019,B,1,2,3916.737525361359,3945.33036735724,28.592841995880917,28.592841995880917,3945.33036735724,3916.737525361359,3945.33036735724,28.592841995880917,B,True,True,0.03759765625,1.3149324665039004,1.3149324665039004,1.0,0.03759765625
6,6000019,6000019,B,2,3,3945.33036735724,3973.923209353121,28.592841995880917,28.592841995880917,3973.923209353121,3945.33036735724,3973.923209353121,28.592841995880917,B,True,True,0.03759765625,1.3149324665039004,1.3149324665039004,1.0,0.03759765625
6,6000019,6000019,B,3,4,3973.923209353121,4002.516051349002,28.592841995880917,28.592841995880917,4002.516051349002,3973.923209353121,4000.0,26.07679064687909,gray,True,False,0.03759765625,1.3149324665039004,,,
7,7000010,7000010,A,2,3,1999.799911750473,2027.1296473705902,27.329735620117162,6.024011548589215,2005.8239232990622,2000.0,2027.1296473705902,5.823923299062244,gray,True,False,0.171539306640625,28.47592592693459,,,
7,7000010,7000010,A,3,4,2027.1296473705902,2054.048058625473,26.918411254882812,6.024011548589215,2033.1536589191794,2027.1296473705902,2054.048058625473,6.024011548589215,A,True,True,0.171539306640625,28.47592592693459,6.372564302416212,0.2237877819589557,0.171539306640625
7,7000010,7000010,A,4,5,2054.048058625473,2076.703264216293,22.65520559082006,6.024011548588987,2060.072070174062,2054.048058625473,2076.703264216293,6.024011548588987,A,True,True,0.171539306640625,28.475925926935663,7.571739128694251,0.2658996637412962,0.171539306640625
7,7000010,7000010,A,5,6,2076.703264216293,2098.900887604965,22.197623388672127,6.024011548588987,2082.727275764882,2076.703264216293,2098.900887604965,6.024011548588987,A,True,True,0.171539306640625,28.475925926935663,7.727823093357138,0.27138092412465903,0.171539306640625
7,7000010,7000010,A,6,7,2098.900887604965,2119.2314166821134,20.330529077148185,6.024011548588987,2104.924899153554,2098.900887604965,2119.2314166821134,6.024011548588987,A,True,True,0.171539306640625,28.475925926935663,8.43752299754155,0.2963037275483433,0.171539306640625
7,7000010,7000010,A,7,8,2119.2314166821134,2136.3559741772306,17.124557495117188,6.024011548588987,2125.2554282307024,2119.2314166821134,2136.3559741772306,6.024011548588987,A,True,True,0.171539306640625,28.475925926935663,10.017152658662093,0.351776187519394,0.171539306640625
7,7000010,7000011,A,8,1,2136.3559741772306,2143.5270235668795,7.1710493896489425,6.024011548588987,2142.3799857258196,2136.3559741772306,2143.5270235668795,6.024011548588987,gray,False,True,0.171539306640625,28.475925926935663,,,
7,7000011,7000011,B,1,2,2143.5270235668795,2172.1198655627604,28.592841995880917,28.592841995880917,2172.1198655627604,2143.5270235668795,2172.1198655627604,28.592841995880917,B,True,True,0.03759765625,1.3149324665039004,1.3149324665039004,1.0,0.03759765625
7,7000011,7000011,B,2,3,2172.1198655627604,2200.7127075586413,28.592841995880917,28.592841995880917,2200.7127075586413,2172.1198655627604,2200.7127075586413,28.592841995880917,B,True,True,0.03759765625,1.3149324665039004,1.3149324665039004,1.0,0.03759765625
7,7000011,7000011,B,3,4,2200.7127075586413,2229.3055495545223,28.592841995880917,28.592841995880917,2229.3055495545223,2200.7127075586413,2229.3055495545223,28.592841995880917,B,True,True,0.03759765625,1.3149324665039004,1.3149324665039004,1.0,0.03759765625
7,7000011,7000011,B,4,5,2229.3055495545223,2257.898391550403,28.592841995880917,28.592841995880917,2257.898391550403,2229.3055495545223,2257.898391550403,28.592841995880917,B,True,True,0.03759765625,1.3149324665039004,1.3149324665039004,1.0,0.03759765625
7,7000011,7000011,B,5,6,2257.898391550403,2286.491233546284,28.592841995880917,28.592841995880917,2286.491233546284,2257.898391550403,2286.491233546284,28.592841995880917,B,True,True,0.03759765625,1.3149324665039004,1.3149324665039004,1.0,0.03759765625
7,7000011,7000011,B,6,7,2286.491233546284,2315.084075542165,28.592841995880917,28.592841995880917,2315.084075542165,2286.491233546284,2315.084075542165,28.592841995880917,B,True,True,0.03759765625,1.3149324665039004,1.3149324665039004,1.0,0.03759765625
7,7000011,7000011,B,7,8,2315.084075542165,2343.676917538046,28.592841995880917,28.592841995880917,2343.676917538046,2315.084075542165,2343.676917538046,28.592841995880917,B,True,True,0.03759765625,1.3149324665039004,1.3149324665039004,1.0,0.03759765625
7,7000011,7000012,B,8,1,2343.676917538046,2372.269759533927,28.592841995880917,28.592841995880917,2372.269759533927,2343.676917538046,2372.269759533927,28.592841995880917,gray,False,True,0.03759765625,1.3149324665039004,,,
7,7000012,7000012,B,1,2,2372.269759533927,2400.8626015298078,28.592841995880917,28.592841995880917,2400.8626015298078,2372.269759533927,2400.8626015298078,28.592841995880917,B,True,True,0.03759765625,1.3149324665039004,1.3149324665039004,1.0,0.03759765625
7,7000012,7000012,B,2,3,2400.8626015298078,2429.4554435256887,28.592841995880917,28.592841995880917,2429.4554435256887,2400.8626015298078,2429.4554435256887,28.592841995880917,B,True,True,0.03759765625,1.3149324665039004,1.3149324665039004,1.0,0.03759765625
7,7000012,7000012,B,3,4,2429.4554435256887,2458.0482855215696,28.592841995880917,28.592841995880917,2458.0482855215696,2429.4554435256887,2458.0482855215696,28.592841995880917,B,True,True,0.03759765625,1.3149324665039004,1.3149324665039004,1.0,0.03759765625
7,7000012,7000012,B,4,5,2458.0482855215696,2486.6411275174505,28.592841995880917,28.592841995880917,2486.6411275174505,2458.0482855215696,2486.6411275174505,28.592841995880917,B,True,True,0.03759765625,1.3149324665039004,1.3149324665039004,1.0,0.03759765625
7,7000012,7000012,B,5,6,2486.6411275174505,2515.2339695133314,28.592841995880917,28.592841995880917,2515.2339695133314,2486.6411275174505,2515.2339695133314,28.592841995880917,B,True,True,0.03759765625,1.3149324665039004,1.3149324665039004,1.0,0.03759765625
7,7000012,7000012,B,6,7,2515.2339695133314,2543.8268115092123,28.592841995880917,28.592841995880917,2543.8268115092123,2515.2339695133314,2543.8268115092123,28.592841995880917,B,True,True,0.03759765625,1.3149324665039004,1.3149324665039004,1.0,0.03759765625
7,7000012,7000012,B,7,8,2543.8268115092123,2572.4196535050933,28.592841995880917,28.592841995880917,2572.4196535050933,2543.8268115092123,2572.4196535050933,28.592841995880917,B,True,True,0.03759765625,1.3149324665039004,1.3149324665039004,1.0,0.03759765625
7,7000012,7000013,B,8,1,2572.4196535050933,2601.012495500974,28.592841995880917,28.592841995880917,2601.012495500974,2572.4196535050933,2601.012495500974,28.592841995880917,gray,False,True,0.03759765625,1.3149324665039004,,,
7,7000013,7000013,B,1,2,2601.012495500974,2629.605337496855,28.592841995880917,28.592841995880917,2629.605337496855,2601.012495500974,2629.605337496855,28.592841995880917,B,True,True,0.03759765625,1.3149324665039004,1.3149324665039004,1.0,0.03759765625
7,7000013,7000013,B,2,3,2629.605337496855,2658.198179492736,28.592841995880917,28.592841995880917,2658.198179492736,2629.605337496855,2658.198179492736,28.592841995880917,B,True,True,0.03759765625,1.3149324665039004,1.3149324665039004,1.0,0.03759765625
7,7000013,7000013,B,3,4,2658.198179492736,2686.791021488617,28.592841995880917,28.592841995880917,2686.791021488617,2658.198179492736,2686.791021488617,28.592841995880917,B,True,True,0.03759765625,1.3149324665039004,1.3149324665039004,1.0,0.03759765625
7,7000013,7000013,B,4,5,2686.791021488617,2715.383863484498,28.592841995880917,28.592841995880917,2715.383863484498,2686.791021488617,2715.383863484498,28.592841995880917,B,True,True,0.03759765625,1.3149324665039004,1.3149324665039004,1.0,0.03759765625
7,7000013,7000013,B,5,6,2715.383863484498,2743.9767054803788,28.592841995880917,28.592841995880917,2743.9767054803788,2715.383863484498,2743.9767054803788,28.592841995880917,B,True,True,0.03759765625,1.3149324665039004,1.3149324665039004,1.0,0.03759765625
7,7000013,7000013,B,6,7,2743.9767054803788,2772.5695474762597,28.592841995880917,28.592841995880917,2772.5695474762597,2743.9767054803788,2772.5695474762597,28.592841995880917,B,True,True,0.03759765625,1.3149324665039004,1.3149324665039004,1.0,0.03759765625
7,7000013,7000013,B,7,8,2772.5695474762597,2801.1623894721406,28.592841995880917,28.592841995880917,2801.1623894721406,2772.5695474762597,2801.1623894721406,28.592841995880917,B,True,True,0.03759765625,1.3149324665039004,1.3149324665039004,1.0,0.03759765625
7,7000013,7000014,B,8,1,2801.1623894721406,2829.7552314680215,28.592841995880917,28.592841995880917,2829.7552314680215,2801.1623894721406,2829.7552314680215,28.592841995880917,gray,False,True,0.03759765625,1.3149324665039004,,,
7,7000014,7000014,B,1,2,2829.7552314680215,2858.3480734639024,28.592841995880917,28.592841995880917,2858.3480734639024,2829.7552314680215,2858.3480734639024,28.592841995880917,B,True,True,0.03759765625,1.3149324665039004,1.3149324665039004,1.0,0.03759765625
7,7000014,7000014,B,2,3,2858.3480734639024,2886.9409154597834,28.592841995880917,28.592841995880917,2886.9409154597834,2858.3480734639024,2886.9409154597834,28.592841995880917,B,True,True,0.03759765625,1.3149324665039004,1.3149324665039004,1.0,0.03759765625
7,7000014,7000014,B,3,4,2886.9409154597834,2915.5337574556643,28.592841995880917,28.592841995880917,2915.5337574556643,2886.9409154597834,2915.5337574556643,28.592841995880917,B,True,True,0.03759765625,1.3149324665039004,1.3149324665039004,1.0,0.03759765625
7,7000014,7000014,B,4,5,2915.5337574556643,2944.126599451545,28.592841995880917,28.592841995880917,2944.126599451545,2915.5337574556643,2944.126599451545,28.592841995880917,B,True,True,0.03759765625,1.3149324665039004,1.3149324665039004,1.0,0.03759765625
7,7000014,7000014,B,5,6,2944.126599451545,2972.719441447426,28.592841995880917,28.592841995880917,2972.719441447426,2944.126599451545,2972.719441447426,28.592841995880917,B,True,True,0.03759765625,1.3149324665039004,1.3149324665039004,1.0,0.03759765625
7,7000014,7000014,B,6,7,2972.719441447426,3001.312283443307,28.592841995880917,28.592841995880917,3001.312283443307,2972.719441447426,3001.312283443307,28.592841995880917,B,True,True,0.03759765625,1.3149324665039004,1.3149324665039004,1.0,0.03759765625
7,7000014,7000014,B,7,8,3001.312283443307,3029.905125439188,28.592841995880917,28.592841995880917,3029.905125439188,3001.312283443307,3029.905125439188,28.592841995880917,B,True,True,0.03759765625,1.3149324665039004,1.3149324665039004,1.0,0.03759765625
7,7000014,7000015,B,8,1,3029.905125439188,3058.497967435069,28.592841995880917,28.592841995880917,3058.497967435069,3029.905125439188,3058.497967435069,28.592841995880917,gray,False,True,0.03759765625,1.3149324665039004,,,
7,7000015,7000015,B,1,2,3058.497967435069,3087.09080943095,28.592841995880917,28.592841995880917,3087.09080943095,3058.497967435069,3087.09080943095,28.592841995880917,B,True,True,0.03759765625,1.3149324665039004,1.3149324665039004,1.0,0.03759765625
7,7000015,7000015,B,2,3,3087.09080943095,3115.6836514268307,28.592841995880917,28.592841995880917,3115.6836514268307,3087.09080943095,3115.6836514268307,28.592841995880917,B,True,True,0.03759765625,1.3149324665039004,1.3149324665039004,1.0,0.03759765625
7,7000015,7000015,B,3,4,3115.6836514268307,3144.2764934227116,28.592841995880917,28.592841995880917,3144.2764934227116,3115.6836514268307,3144.2764934227116,28.592841995880917,B,True,True,0.03759765625,1.3149324665039004,1.3149324665039004,1.0,0.03759765625
7,7000015,7000015,B,4,5,3144.2764934227116,3172.8693354185925,28.592841995880917,28.592841995880917,3172.8693354185925,3144.2764934227116,3172.8693354185925,28.592841995880917,B,True,True,0.03759765625,1.3149324665039004,1.3149324665039004,1.0,0.03759765625
7,7000015,7000015,B,5,6,3172.8693354185925,3201.4621774144734,28.592841995880917,28.592841995880917,3201.4621774144734,3172.8693354185925,3201.4621774144734,28.592841995880917,B,True,True,0.03759765625,1.3149324665039004,1.3149324665039004,1.0,0.03759765625
7,7000015,7000015,B,6,7,3201.4621774144734,3230.0550194103544,28.592841995880917,28.592841995880917,3230.0550194103544,3201.4621774144734,3230.0550194103544,28.592841995880917,B,True,True,0.03759765625,1.3149324665039004,1.3149324665039004,1.0,0.03759765625
7,7000015,7000015,B,7,8,3230.0550194103544,3258.6478614062353,28.592841995880917,28.592841995880917,3258.6478614062353,3230.0550194103544,3258.6478614062353,28.592841995880917,B,True,True,0.03759765625,1.3149324665039004,1.3149324665039004,1.0,0.03759765625
7,7000015,7000016,B,8,1,3258.6478614062353,3287.240703402116,28.592841995880917,28.592841995880917,3287.240703402116,3258.6478614062353,3287.240703402116,28.592841995880917,gray,False,True,0.03759765625,1.3149324665039004,,,
7,7000016,7000016,A,1,2,3287.240703402116,3302.3640275342104,15.12332413209424,6.024011548588987,3293.264714950705,3287.240703402116,3302.3640275342104,6.024011548588987,A,True,True,0.171539306640625,28.475925926935663,11.342698545790585,0.39832589025881027,0.171539306640625
7,7000016,7000016,A,2,3,3302.3640275342104,3309.0528177197575,6.688790185547077,6.024011548588987,3308.3880390827994,3302.3640275342104,3309.0528177197575,6.024011548588987,A,True,True,0.171539306640625,28.475925926935663,25.645789729102525,0.9006130229059177,0.171539306640625
7,7000016,7000016,A,3,4,3309.0528177197575,3317.2688126904604,8.215994970702923,6.024011548588987,3315.0768292683465,3309.0528177197575,3317.2688126904604,6.024011548588987,A,True,True,0.171539306640625,28.475925926935663,20.87870151482686,0.7332053597975365,0.171539306640625
7,7000016,7000016,A,4,5,3317.2688126904604,3323.2928242390494,6.024011548588987,6.024011548588987,3323.2928242390494,3317.2688126904604,3323.2928242390494,6.024011548588987,A,True,True,0.171539306640625,28.475925926935663,28.475925926935663,1.0,0.171539306640625
7,7000016,7000016,A,5,6,3323.2928242390494,3330.1635338574524,6.870709618402998,6.024011548588987,3329.3168357876384,3323.2928242390494,3330.1635338574524,6.024011548588987,A,True,True,0.171539306640625,28.475925926935663,24.966752514349015,0.8767670128939588,0.171539306640625
7,7000016,7000016,A,6,7,3330.1635338574524,3336.1875454060414,6.024011548588987,6.024011548588987,3336.1875454060414,3330.1635338574524,3336.1875454060414,6.024011548588987,A,True,True,0.171539306640625,28.475925926935663,28.475925926935663,1.0,0.171539306640625
7,7000016,7000016,A,7,8,3336.1875454060414,3342.2115569546304,6.024011548588987,6.024011548588987,3342.2115569546304,3336.1875454060414,3342.2115569546304,6.024011548588987,A,True,True,0.171539306640625,28.475925926935663,28.475925926935663,1.0,0.171539306640625
7,7000016,7000017,A,8,1,3342.2115569546304,3348.2355685032194,6.024011548588987,6.024011548588987,3348.2355685032194,3342.2115569546304,3348.2355685032194,6.024011548588987,gray,False,True,0.171539306640625,28.475925926935663,,,
7,7000017,7000017,B,1,2,3348.2355685032194,3376.8284104991003,28.592841995880917,28.592841995880917,3376.8284104991003,3348.2355685032194,3376.8284104991003,28.592841995880917,B,True,True,0.03759765625,1.3149324665039004,1.3149324665039004,1.0,0.03759765625
7,7000017,7000017,B,2,3,3376.8284104991003,3405.421252494981,28.592841995880917,28.592841995880917,3405.421252494981,3376.8284104991003,3405.421252494981,28.592841995880917,B,True,True,0.03759765625,1.3149324665039004,1.3149324665039004,1.0,0.03759765625
7,7000017,7000017,B,3,4,3405.421252494981,3434.014094490862,28.592841995880917,28.592841995880917,3434.014094490862,3405.421252494981,3434.014094490862,28.592841995880917,B,True,True,0.03759765625,1.3149324665039004,1.3149324665039004,1.0,0.03759765625
7,7000017,7000017,B,4,5,3434.014094490862,3462.606936486743,28.592841995880917,28.592841995880917,3462.606936486743,3434.014094490862,3462.606936486743,28.592841995880917,B,True,True,0.03759765625,1.3149324665039004,1.3149324665039004,1.0,0.03759765625
7,7000017,7000017,B,5,6,3462.606936486743,3491.199778482624,28.592841995880917,28.592841995880917,3491.199778482624,3462.606936486743,3491.199778482624,28.592841995880917,B,True,True,0.03759765625,1.3149324665039004,1.3149324665039004,1.0,0.03759765625
7,7000017,7000017,B,6,7,3491.199778482624,3519.792620478505,28.592841995880917,28.592841995880917,3519.792620478505,3491.199778482624,3519.792620478505,28.592841995880917,B,True,True,0.03759765625,1.3149324665039004,1.3149324665039004,1.0,0.03759765625
7,7000017,7000017,B,7,8,3519.792620478505,3548.385462474386,28.592841995880917,28.592841995880917,3548.385462474386,3519.792620478505,3548.385462474386,28.592841995880917,B,True,True,0.03759765625,1.3149324665039004,1.3149324665039004,1.0,0.03759765625
7,7000017,7000018,B,8,1,3548.385462474386,3576.9783044702667,28.592841995880917,28.592841995880917,3576.9783044702667,3548.385462474386,3576.9783044702667,28.592841995880917,gray,False,True,0.03759765625,1.3149324665039004,,,
7,7000018,7000018,A,1,2,3576.9783044702667,3593.536055122101,16.55775065183434,6.024011548588987,3583.0023160188557,3576.9783044702667,3593.536055122101,6.024011548588987,A,True,True,0.171539306640625,28.475925926935663,10.36006099183654,0.3638182308248265,0.171539306640625
7,7000018,7000018,A,2,3,3593.536055122101,3617.5549149853823,24.01885986328125,6.024011548588987,3599.56006667069,3593.536055122101,3617.5549149853823,6.024011548588987,A,True,True,0.171539306640625,28.475925926935663,7.1418588399720475,0.250803392953642,0.171539306640625
7,7000018,7000018,A,3,4,3617.5549149853823,3650.960700410187,33.40578542480489,6.024011548588987,3623.5789265339713,3617.5549149853823,3650.960700410187,6.024011548588987,A,True,True,0.171539306640625,28.475925926935663,5.1350179155869045,0.18032839138444448,0.171539306640625
7,7000018,7000018,A,4,5,3650.960700410187,3664.8707939892884,13.910093579101158,6.024011548588987,3656.984711958776,3650.960700410187,3664.8707939892884,6.024011548588987,A,True,True,0.171539306640625,28.475925926935663,12.332002345286128,0.43306765079133613,0.171539306640625
7,7000018,7000018,A,5,6,3664.8707939892884,3693.1992173535464,28.328423364258015,6.024011548588987,3670.8948055378773,3664.8707939892884,3693.1992173535464,6.024011548588987,A,True,True,0.171539306640625,28.475925926935663,6.055377824417021,0.2126490228958342,0.171539306640625
7,7000018,7000018,A,6,7,3693.1992173535464,3716.487844160187,23.288626806640423,6.024011548588987,3699.2232289021354,3693.1992173535464,3716.487844160187,6.024011548588987,A,True,True,0.171539306640625,28.475925926935663,7.365797393932776,0.2586675289447004,0.171539306640625
7,7000018,7000018,A,7,8,3716.487844160187,3736.6631150586245,20.175270898437702,6.024011548588987,3722.511855708776,3716.487844160187,3736.6631150586245,6.024011548588987,A,True,True,0.171539306640625,28.475925926935663,8.502453697110376,0.298583923800273,0.171539306640625
7,7000018,7000019,A,8,1,3736.6631150586245,3742.6871266072135,6.024011548588987,6.024011548588987,3742.6871266072135,3736.6631150586245,3742.6871266072135,6.024011548588987,gray,False,True,0.171539306640625,28.475925926935663,,,
7,7000019,7000019,B,1,2,3742.6871266072135,3771.2799686030944,28.592841995880917,28.592841995880917,3771.2799686030944,3742.6871266072135,3771.2799686030944,28.592841995880917,B,True,True,0.03759765625,1.3149324665039004,1.3149324665039004,1.0,0.03759765625
7,7000019,7000019,B,2,3,3771.2799686030944,3799.8728105989753,28.592841995880917,28.592841995880917,3799.8728105989753,3771.2799686030944,3799.8728105989753,28.592841995880917,B,True,True,0.03759765625,1.3149324665039004,1.3149324665039004,1.0,0.03759765625
7,7000019,7000019,B,3,4,3799.8728105989753,3828.4656525948562,28.592841995880917,28.592841995880917,3828.4656525948562,3799.8728105989753,3828.4656525948562,28.592841995880917,B,True,True,0.03759765625,1.3149324665039004,1.3149324665039004,1.0,0.03759765625
7,7000019,7000019,B,4,5,3828.4656525948562,3857.058494590737,28.592841995880917,28.592841995880917,3857.058494590737,3828.4656525948562,3857.058494590737,28.592841995880917,B,True,True,0.03759765625,1.3149324665039004,1.3149324665039004,1.0,0.03759765625
7,7000019,7000019,B,5,6,3857.058494590737,3885.651336586618,28.592841995880917,28.592841995880917,3885.651336586618,3857.058494590737,3885.651336586618,28.592841995880917,B,True,True,0.03759765625,1.3149324665039004,1.3149324665039004,1.0,0.03759765625
7,7000019,7000019,B,6,7,3885.651336586618,3914.244178582499,28.592841995880917,28.592841995880917,3914.244178582499,3885.651336586618,3914.244178582499,28.592841995880917,B,True,True,0.03759765625,1.3149324665039004,1.3149324665039004,1.0,0.03759765625
7,7000019,7000019,B,7,8,3914.244178582499,3942.83702057838,28.592841995880917,28.592841995880917,3942.83702057838,3914.244178582499,3942.83702057838,28.592841995880917,B,True,True,0.03759765625,1.3149324665039004,1.3149324665039004,1.0,0.03759765625
7,7000019,7000020,B,8,1,3942.83702057838,3971.429862574261,28.592841995880917,28.592841995880917,3971.429862574261,3942.83702057838,3971.429862574261,28.592841995880917,gray,False,True,0.03759765625,1.3149324665039004,,,
7,7000020,7000020,B,1,2,3971.429862574261,4000.0227045701417,28.592841995880917,28.592841995880917,4000.0227045701417,3971.429862574261,4000.0,28.570137425739176,gray,True,False,0.03759765625,1.3149324665039004,,,
8,8000009,8000010,A,8,1,1983.3174678051605,2006.9040224682465,23.586554663085963,6.024011548589215,1989.3414793537497,2000.0,2006.9040224682465,0.0,gray,False,False,0.171539306640625,28.47592592693459,,,
8,8000010,8000010,A,1,2,2006.9040224682465,2020.1303408276215,13.226318359375,6.024011548589215,2012.9280340168357,2006.9040224682465,2020.1303408276215,6.024011548589215,A,True,True,0.171539306640625,28.47592592693459,12.969543147208121,0.4554564153764914,0.171539306640625
8,8000010,8000010,A,2,3,2020.1303408276215,2034.6574709545746,14.527130126953125,6.024011548589215,2026.1543523762107,2020.1303408276215,2034.6574709545746,6.024011548589215,A,True,True,0.171539306640625,28.47592592693459,11.808203350664355,0.4146732008280476,0.171539306640625
8,8000010,8000010,A,3,4,2034.6574709545746,2052.5751040112154,17.917633056640852,6.024011548589215,2040.6814825031638,2034.6574709545746,2052.5751040112154,6.024011548589215,A,True,True,0.171539306640625,28.47592592693459,9.573770491803158,0.33620576610460956,0.171539306640625
8,8000010,8000010,A,4,5,2052.5751040112154,2069.4396991528165,16.864595141601058,6.024011548588987,2058.5991155598044,2052.5751040112154,2069.4396991528165,6.024011548588987,A,True,True,0.171539306640625,28.475925926935663,10.171563870956925,0.35719870521701075,0.171539306640625
8,8000010,8000010,A,5,6,2069.4396991528165,2089.3293306957858,19.889631542969255,6.024011548588987,2075.4637107014055,2069.4396991528165,2089.3293306957858,6.024011548588987,A,True,True,0.171539306640625,28.475925926935663,8.624559297141031,0.302871952935619,0.171539306640625
8,8000010,8000010,A,6,7,2089.3293306957858,2101.846596833481,12.51726613769506,6.024011548588987,2095.3533422443747,2089.3293306957858,2101.846596833481,6.024011548588987,A,True,True,0.171539306640625,28.475925926935663,13.704215022163968,0.4812561690645857,0.171539306640625
8,8000010,8000010,A,7,8,2101.846596833481,2115.4631587231293,13.616561889648438,6.024011548588987,2107.87060838207,2101.846596833481,2115.4631587231293,6.024011548588987,A,True,True,0.171539306640625,28.475925926935663,12.59784283513097,0.44240327311761074,0.171539306640625
8,8000010,8000011,A,8,1,2115.4631587231293,2121.4871702717182,6.024011548588987,6.024011548588987,2121.4871702717182,2115.4631587231293,2121.4871702717182,6.024011548588987,gray,False,True,0.171539306640625,28.475925926935663,,,
8,8000011,8000011,B,1,2,2121.4871702717182,2150.080012267599,28.592841995880917,28.592841995880917,2150.080012267599,2121.4871702717182,2150.080012267599,28.592841995880917,B,True,True,0.03759765625,1.3149324665039004,1.3149324665039004,1.0,0.03759765625
8,8000011,8000011,B,2,3,2150.080012267599,2178.67285426348,28.592841995880917,28.592841995880917,2178.67285426348,2150.080012267599,2178.67285426348,28.592841995880917,B,True,True,0.03759765625,1.3149324665039004,1.3149324665039004,1.0,0.03759765625
8,8000011,8000011,B,3,4,2178.67285426348,2207.265696259361,28.592841995880917,28.592841995880917,2207.265696259361,2178.67285426348,2207.265696259361,28.592841995880917,B,True,True,0.03759765625,1.3149324665039004,1.3149324665039004,1.0,0.03759765625
8,8000011,8000011,B,4,5,2207.265696259361,2235.858538255242,28.592841995880917,28.592841995880917,2235.858538255242,2207.265696259361,2235.858538255242,28.592841995880917,B,True,True,0.03759765625,1.3149324665039004,1.3149324665039004,1.0,0.03759765625
8,8000011,8000011,B,5,6,2235.858538255242,2264.451380251123,28.592841995880917,28.592841995880917,2264.451380251123,2235.858538255242,2264.451380251123,28.592841995880917,B,True,True,0.03759765625,1.3149324665039004,1.3149324665039004,1.0,0.03759765625
8,8000011,8000011,B,6,7,2264.451380251123,2293.0442222470037,28.592841995880917,28.592841995880917,2293.0442222470037,2264.451380251123,2293.0442222470037,28.592841995880917,B,True,True,0.03759765625,1.3149324665039004,1.3149324665039004,1.0,0.03759765625
8,8000011,8000011,B,7,8,2293.0442222470037,2321.6370642428847,28.592841995880917,28.592841995880917,2321.6370642428847,2293.0442222470037,2321.6370642428847,28.592841995880917,B,True,True,0.03759765625,1.3149324665039004,1.3149324665039004,1.0,0.03759765625
8,8000011,8000012,B,8,1,2321.6370642428847,2350.2299062387656,28.592841995880917,28.592841995880917,2350.2299062387656,2321.6370642428847,2350.2299062387656,28.592841995880917,gray,False,True,0.03759765625,1.3149324665039004,,,
8,8000012,8000012,B,1,2,2350.2299062387656,2378.8227482346465,28.592841995880917,28.592841995880917,2378.8227482346465,2350.2299062387656,2378.8227482346465,28.592841995880917,B,True,True,0.03759765625,1.3149324665039004,1.3149324665039004,1.0,0.03759765625
8,8000012,8000012,B,2,3,2378.8227482346465,2407.4155902305274,28.592841995880917,28.592841995880917,2407.4155902305274,2378.8227482346465,2407.4155902305274,28.592841995880917,B,True,True,0.03759765625,1.3149324665039004,1.3149324665039004,1.0,0.03759765625
8,8000012,8000012,B,3,4,2407.4155902305274,2436.0084322264083,28.592841995880917,28.592841995880917,2436.0084322264083,2407.4155902305274,2436.0084322264083,28.592841995880917,B,True,True,0.03759765625,1.3149324665039004,1.3149324665039004,1.0,0.03759765625
8,8000012,8000012,B,4,5,2436.0084322264083,2464.6012742222892,28.592841995880917,28.592841995880917,2464.6012742222892,2436.0084322264083,2464.6012742222892,28.592841995880917,B,True,True,0.03759765625,1.3149324665039004,1.3149324665039004,1.0,0.03759765625
8,8000012,8000012,B,5,6,2464.6012742222892,2493.19411621817,28.592841995880917,28.592841995880917,2493.19411621817,2464.6012742222892,2493.19411621817,28.592841995880917,B,True,True,0.03759765625,1.3149324665039004,1.3149324665039004,1.0,0.03759765625
8,8000012,8000012,B,6,7,2493.19411621817,2521.786958214051,28.592841995880917,28.592841995880917,2521.786958214051,2493.19411621817,2521.786958214051,28.592841995880917,B,True,True,0.03759765625,1.3149324665039004,1.3149324665039004,1.0,0.03759765625
8,8000012,8000012,B,7,8,2521.786958214051,2550.379800209932,28.592841995880917,28.592841995880917,2550.379800209932,2521.786958214051,2550.379800209932,28.592841995880917,B,True,True,0.03759765625,1.3149324665039004,1.3149324665039004,1.0,0.03759765625
8,8000012,8000013,B,8,1,2550.379800209932,2578.972642205813,28.592841995880917,28.592841995880917,2578.972642205813,2550.379800209932,2578.972642205813,28.592841995880917,gray,False,True,0.03759765625,1.3149324665039004,,,
8,8000013,8000013,A,1,2,2578.972642205813,2595.372599622555,16.399957416741927,6.024011548588987,2584.996653754402,2578.972642205813,2595.372599622555,6.024011548588987,A,True,True,0.171539306640625,28.475925926935663,10.459740978687467,0.36731873111081154,0.171539306640625
8,8000013,8000013,A,2,3,2595.372599622555,2602.0074788706015,6.634879248046673,6.024011548588987,2601.396611171144,2595.372599622555,2602.0074788706015,6.024011548588987,A,True,True,0.171539306640625,28.475925926935663,25.85417160246385,0.9079308489845498,0.171539306640625
8,8000013,8000013,A,3,4,2602.0074788706015,2613.211244739742,11.203765869140625,6.024011548588987,2608.0314904191905,2602.0074788706015,2613.211244739742,6.024011548588987,A,True,True,0.171539306640625,28.475925926935663,15.310861423220974,0.5376773862421899,0.171539306640625
8,8000013,8000013,A,4,5,2613.211244739742,2625.0446356577113,11.833390917969155,6.024011548588987,2619.235256288331,2613.211244739742,2625.0446356577113,6.024011548588987,A,True,True,0.171539306640625,28.475925926935663,14.496208891412552,0.5090689211865256,0.171539306640625
8,8000013,8000013,A,5,6,2625.0446356577113,2631.0686472063003,6.024011548588987,6.024011548588987,2631.0686472063003,2625.0446356577113,2631.0686472063003,6.024011548588987,A,True,True,0.171539306640625,28.475925926935663,28.475925926935663,1.0,0.171539306640625
8,8000013,8000013,A,6,7,2631.0686472063003,2637.0926587548893,6.024011548588987,6.024011548588987,2637.0926587548893,2631.0686472063003,2637.0926587548893,6.024011548588987,A,True,True,0.171539306640625,28.475925926935663,28.475925926935663,1.0,0.171539306640625
8,8000013,8000013,A,7,8,2637.0926587548893,2645.891193274899,8.798534520009525,6.024011548588987,2643.1166703034783,2637.0926587548893,2645.891193274899,6.024011548588987,A,True,True,0.171539306640625,28.475925926935663,19.496349789901068,0.6846607846896833,0.171539306640625
8,8000013,8000014,A,8,1,2645.891193274899,2651.915204823488,6.024011548588987,6.024011548588987,2651.915204823488,2645.891193274899,2651.915204823488,6.024011548588987,gray,False,True,0.171539306640625,28.475925926935663,,,
8,8000014,8000014,B,1,2,2651.915204823488,2680.5080468193687,28.592841995880917,28.592841995880917,2680.5080468193687,2651.915204823488,2680.5080468193687,28.592841995880917,B,True,True,0.03759765625,1.3149324665039004,1.3149324665039004,1.0,0.03759765625
8,8000014,8000014,B,2,3,2680.5080468193687,2709.1008888152496,28.592841995880917,28.592841995880917,2709.1008888152496,2680.5080468193687,2709.1008888152496,28.592841995880917,B,True,True,0.03759765625,1.3149324665039004,1.3149324665039004,1.0,0.03759765625
8,8000014,8000014,B,3,4,2709.1008888152496,2737.6937308111305,28.592841995880917,28.592841995880917,2737.6937308111305,2709.1008888152496,2737.6937308111305,28.592841995880917,B,True,True,0.03759765625,1.3149324665039004,1.3149324665039004,1.0,0.03759765625
8,8000014,8000014,B,4,5,2737.6937308111305,2766.2865728070115,28.592841995880917,28.592841995880917,2766.2865728070115,2737.6937308111305,2766.2865728070115,28.592841995880917,B,True,True,0.03759765625,1.3149324665039004,1.3149324665039004,1.0,0.03759765625
8,8000014,8000014,B,5,6,2766.2865728070115,2794.8794148028924,28.592841995880917,28.592841995880917,2794.8794148028924,2766.2865728070115,2794.8794148028924,28.592841995880917,B,True,True,0.03759765625,1.3149324665039004,1.3149324665039004,1.0,0.03759765625
8,8000014,8000014,B,6,7,2794.8794148028924,2823.4722567987733,28.592841995880917,28.592841995880917,2823.4722567987733,2794.8794148028924,2823.4722567987733,28.592841995880917,B,True,True,0.03759765625,1.3149324665039004,1.3149324665039004,1.0,0.03759765625
8,8000014,8000014,B,7,8,2823.4722567987733,2852.065098794654,28.592841995880917,28.592841995880917,2852.065098794654,2823.4722567987733,2852.065098794654,28.592841995880917,B,True,True,0.03759765625,1.3149324665039004,1.3149324665039004,1.0,0.03759765625
8,8000014,8000015,B,8,1,2852.065098794654,2880.657940790535,28.592841995880917,28.592841995880917,2880.657940790535,2852.065098794654,2880.657940790535,28.592841995880917,gray,False,True,0.03759765625,1.3149324665039004,,,
8,8000015,8000015,B,1,2,2880.657940790535,2909.250782786416,28.592841995880917,28.592841995880917,2909.250782786416,2880.657940790535,2909.250782786416,28.592841995880917,B,True,True,0.03759765625,1.3149324665039004,1.3149324665039004,1.0,0.03759765625
8,8000015,8000015,B,2,3,2909.250782786416,2937.843624782297,28.592841995880917,28.592841995880917,2937.843624782297,2909.250782786416,2937.843624782297,28.592841995880917,B,True,True,0.03759765625,1.3149324665039004,1.3149324665039004,1.0,0.03759765625
8,8000015,8000015,B,3,4,2937.843624782297,2966.436466778178,28.592841995880917,28.592841995880917,2966.436466778178,2937.843624782297,2966.436466778178,28.592841995880917,B,True,True,0.03759765625,1.3149324665039004,1.3149324665039004,1.0,0.03759765625
8,8000015,8000015,B,4,5,2966.436466778178,2995.029308774059,28.592841995880917,28.592841995880917,2995.029308774059,2966.436466778178,2995.029308774059,28.592841995880917,B,True,True,0.03759765625,1.3149324665039004,1.3149324665039004,1.0,0.03759765625
8,8000015,8000015,B,5,6,2995.029308774059,3023.6221507699397,28.592841995880917,28.592841995880917,3023.6221507699397,2995.029308774059,3023.6221507699397,28.592841995880917,B,True,True,0.03759765625,1.3149324665039004,1.3149324665039004,1.0,0.03759765625
8,8000015,8000015,B,6,7,3023.6221507699397,3052.2149927658206,28.592841995880917,28.592841995880917,3052.2149927658206,3023.6221507699397,3052.2149927658206,28.592841995880917,B,True,True,0.03759765625,1.3149324665039004,1.3149324665039004,1.0,0.03759765625
8,8000015,8000015,B,7,8,3052.2149927658206,3080.8078347617015,28.592841995880917,28.592841995880917,3080.8078347617015,3052.2149927658206,3080.8078347617015,28.592841995880917,B,True,True,0.03759765625,1.3149324665039004,1.3149324665039004,1.0,0.03759765625
8,8000015,8000016,B,8,1,3080.8078347617015,3109.4006767575825,28.592841995880917,28.592841995880917,3109.4006767575825,3080.8078347617015,3109.4006767575825,28.592841995880917,gray,False,True,0.03759765625,1.3149324665039004,,,
8,8000016,8000016,A,1,2,3109.4006767575825,3115.4246883061714,6.024011548588987,6.024011548588987,3115.4246883061714,3109.4006767575825,3115.4246883061714,6.024011548588987,A,True,True,0.171539306640625,28.475925926935663,28.475925926935663,1.0,0.171539306640625
8,8000016,8000016,A,2,3,3115.4246883061714,3121.4486998547604,6.024011548588987,6.024011548588987,3121.4486998547604,3115.4246883061714,3121.4486998547604,6.024011548588987,A,True,True,0.171539306640625,28.475925926935663,28.475925926935663,1.0,0.171539306640625
8,8000016,8000016,A,3,4,3121.4486998547604,3127.4727114033494,6.024011548588987,6.024011548588987,3127.4727114033494,3121.4486998547604,3127.4727114033494,6.024011548588987,A,True,True,0.171539306640625,28.475925926935663,28.475925926935663,1.0,0.171539306640625
8,8000016,8000016,A,4,5,3127.4727114033494,3133.4967229519384,6.024011548588987,6.024011548588987,3133.4967229519384,3127.4727114033494,3133.4967229519384,6.024011548588987,A,True,True,0.171539306640625,28.475925926935663,28.475925926935663,1.0,0.171539306640625
8,8000016,8000016,A,5,6,3133.4967229519384,3139.5207345005274,6.024011548588987,6.024011548588987,3139.5207345005274,3133.4967229519384,3139.5207345005274,6.024011548588987,A,True,True,0.171539306640625,28.475925926935663,28.475925926935663,1.0,0.171539306640625
8,8000016,8000016,A,6,7,3139.5207345005274,3145.5447460491164,6.024011548588987,6.024011548588987,3145.5447460491164,3139.5207345005274,3145.5447460491164,6.024011548588987,A,True,True,0.171539306640625,28.475925926935663,28.475925926935663,1.0,0.171539306640625
8,8000016,8000016,A,7,8,3145.5447460491164,3152.0503486414314,6.505602592314972,6.024011548588987,3151.5687575977054,3145.5447460491164,3152.0503486414314,6.024011548588987,A,True,True,0.171539306640625,28.475925926935663,26.36793505389698,0.9259728769330478,0.171539306640625
8,8000016,8000017,A,8,1,3152.0503486414314,3158.0743601900203,6.024011548588987,6.024011548588987,3158.0743601900203,3152.0503486414314,3158.0743601900203,6.024011548588987,gray,False,True,0.171539306640625,28.475925926935663,,,
8,8000017,8000017,B,1,2,3158.0743601900203,3186.6672021859013,28.592841995880917,28.592841995880917,3186.6672021859013,3158.0743601900203,3186.6672021859013,28.592841995880917,B,True,True,0.03759765625,1.3149324665039004,1.3149324665039004,1.0,0.03759765625
8,8000017,8000017,B,2,3,3186.6672021859013,3215.260044181782,28.592841995880917,28.592841995880917,3215.260044181782,3186.6672021859013,3215.260044181782,28.592841995880917,B,True,True,0.03759765625,1.3149324665039004,1.3149324665039004,1.0,0.03759765625
8,8000017,8000017,B,3,4,3215.260044181782,3243.852886177663,28.592841995880917,28.592841995880917,3243.852886177663,3215.260044181782,3243.852886177663,28.592841995880917,B,True,True,0.03759765625,1.3149324665039004,1.3149324665039004,1.0,0.03759765625
8,8000017,8000017,B,4,5,3243.852886177663,3272.445728173544,28.592841995880917,28.592841995880917,3272.445728173544,3243.852886177663,3272.445728173544,28.592841995880917,B,True,True,0.03759765625,1.3149324665039004,1.3149324665039004,1.0,0.03759765625
8,8000017,8000017,B,5,6,3272.445728173544,3301.038570169425,28.592841995880917,28.592841995880917,3301.038570169425,3272.445728173544,3301.038570169425,28.592841995880917,B,True,True,0.03759765625,1.3149324665039004,1.3149324665039004,1.0,0.03759765625
8,8000017,8000017,B,6,7,3301.038570169425,3329.631412165306,28.592841995880917,28.592841995880917,3329.631412165306,3301.038570169425,3329.631412165306,28.592841995880917,B,True,True,0.03759765625,1.3149324665039004,1.3149324665039004,1.0,0.03759765625
8,8000017,8000017,B,7,8,3329.631412165306,3358.2242541611868,28.592841995880917,28.592841995880917,3358.2242541611868,3329.631412165306,3358.2242541611868,28.592841995880917,B,True,True,0.03759765625,1.3149324665039004,1.3149324665039004,1.0,0.03759765625
8,8000017,8000018,B,8,1,3358.2242541611868,3386.8170961570677,28.592841995880917,28.592841995880917,3386.8170961570677,3358.2242541611868,3386.8170961570677,28.592841995880917,gray,False,True,0.03759765625,1.3149324665039004,,,
8,8000018,8000018,A,1,2,3386.8170961570677,3398.5990213330388,11.781925175971082,6.024011548588987,3392.8411077056567,3386.8170961570677,3398.5990213330388,6.024011548588987,A,True,True,0.171539306640625,28.475925926935663,14.559531152894671,0.5112926333019663,0.171539306640625
8,8000018,8000018,A,2,3,3398.5990213330388,3404.89327182132,6.29425048828125,6.024011548588987,3404.6230328816278,3398.5990213330388,3404.89327182132,6.024011548588987,A,True,True,0.171539306640625,28.475925926935663,27.253333333333334,0.957065747511098,0.171539306640625
8,8000018,8000018,A,3,4,3404.89327182132,3425.2151085644837,20.321836743163658,6.024011548588987,3410.917283369909,3404.89327182132,3425.2151085644837,6.024011548588987,A,True,True,0.171539306640625,28.475925926935663,8.441132010290923,0.2964304666316881,0.171539306640625
8,8000018,8000018,A,4,5,3425.2151085644837,3434.0020822461247,8.78697368164103,6.024011548588987,3431.2391201130727,3425.2151085644837,3434.0020822461247,6.024011548588987,A,True,True,0.171539306640625,28.475925926935663,19.522000731495172,0.6855615786326061,0.171539306640625
8,8000018,8000018,A,5,6,3434.0020822461247,3447.874410322296,13.87232807617147,6.024011548588987,3440.0260937947137,3434.0020822461247,3447.874410322296,6.024011548588987,A,True,True,0.171539306640625,28.475925926935663,12.365574523520566,0.4342466178360102,0.171539306640625
8,8000018,8000018,A,6,7,3447.874410322296,3464.9739908154606,17.099580493164467,6.024011548588987,3453.898421870885,3447.874410322296,3464.9739908154606,6.024011548588987,A,True,True,0.171539306640625,28.475925926935663,10.031784505426762,0.352290019687739,0.171539306640625
8,8000018,8000018,A,7,8,3464.9739908154606,3484.859626191437,19.885635375976562,6.024011548588987,3470.9980023640496,3464.9739908154606,3484.859626191437,6.024011548588987,A,True,True,0.171539306640625,28.475925926935663,8.62629246676514,0.302932817317292,0.171539306640625
8,8000018,8000019,A,8,1,3484.859626191437,3490.883637740026,6.024011548588987,6.024011548588987,3490.883637740026,3484.859626191437,3490.883637740026,6.024011548588987,gray,False,True,0.171539306640625,28.475925926935663,,,
8,8000019,8000019,B,1,2,3490.883637740026,3519.476479735907,28.592841995880917,28.592841995880917,3519.476479735907,3490.883637740026,3519.476479735907,28.592841995880917,B,True,True,0.03759765625,1.3149324665039004,1.3149324665039004,1.0,0.03759765625
8,8000019,8000019,B,2,3,3519.476479735907,3548.069321731788,28.592841995880917,28.592841995880917,3548.069321731788,3519.476479735907,3548.069321731788,28.592841995880917,B,True,True,0.03759765625,1.3149324665039004,1.3149324665039004,1.0,0.03759765625
8,8000019,8000019,B,3,4,3548.069321731788,3576.662163727669,28.592841995880917,28.592841995880917,3576.662163727669,3548.069321731788,3576.662163727669,28.592841995880917,B,True,True,0.03759765625,1.3149324665039004,1.3149324665039004,1.0,0.03759765625
8,8000019,8000019,B,4,5,3576.662163727669,3605.25500572355,28.592841995880917,28.592841995880917,3605.25500572355,3576.662163727669,3605.25500572355,28.592841995880917,B,True,True,0.03759765625,1.3149324665039004,1.3149324665039004,1.0,0.03759765625
8,8000019,8000019,B,5,6,3605.25500572355,3633.847847719431,28.592841995880917,28.592841995880917,3633.847847719431,3605.25500572355,3633.847847719431,28.592841995880917,B,True,True,0.03759765625,1.3149324665039004,1.3149324665039004,1.0,0.03759765625
8,8000019,8000019,B,6,7,3633.847847719431,3662.4406897153117,28.592841995880917,28.592841995880917,3662.4406897153117,3633.847847719431,3662.4406897153117,28.592841995880917,B,True,True,0.03759765625,1.3149324665039004,1.3149324665039004,1.0,0.03759765625
8,8000019,8000019,B,7,8,3662.4406897153117,3691.0335317111926,28.592841995880917,28.592841995880917,3691.0335317111926,3662.4406897153117,3691.0335317111926,28.592841995880917,B,True,True,0.03759765625,1.3149324665039004,1.3149324665039004,1.0,0.03759765625
8,8000019,8000020,B,8,1,3691.0335317111926,3719.6263737070735,28.592841995880917,28.592841995880917,3719.6263737070735,3691.0335317111926,3719.6263737070735,28.592841995880917,gray,False,True,0.03759765625,1.3149324665039004,,,
8,8000020,8000020,B,1,2,3719.6263737070735,3748.2192157029544,28.592841995880917,28.592841995880917,3748.2192157029544,3719.6263737070735,3748.2192157029544,28.592841995880917,B,True,True,0.03759765625,1.3149324665039004,1.3149324665039004,1.0,0.03759765625
8,8000020,8000020,B,2,3,3748.2192157029544,3776.8120576988354,28.592841995880917,28.592841995880917,3776.8120576988354,3748.2192157029544,3776.8120576988354,28.592841995880917,B,True,True,0.03759765625,1.3149324665039004,1.3149324665039004,1.0,0.03759765625
8,8000020,8000020,B,3,4,3776.8120576988354,3805.4048996947163,28.592841995880917,28.592841995880917,3805.4048996947163,3776.8120576988354,3805.4048996947163,28.592841995880917,B,True,True,0.03759765625,1.3149324665039004,1.3149324665039004,1.0,0.03759765625
8,8000020,8000020,B,4,5,3805.4048996947163,3833.997741690597,28.592841995880917,28.592841995880917,3833.997741690597,3805.4048996947163,3833.997741690597,28.592841995880917,B,True,True,0.03759765625,1.3149324665039004,1.3149324665039004,1.0,0.03759765625
8,8000020,8000020,B,5,6,3833.997741690597,3862.590583686478,28.592841995880917,28.592841995880917,3862.590583686478,3833.997741690597,3862.590583686478,28.592841995880917,B,True,True,0.03759765625,1.3149324665039004,1.3149324665039004,1.0,0.03759765625
8,8000020,8000020,B,6,7,3862.590583686478,3891.183425682359,28.592841995880917,28.592841995880917,3891.183425682359,3862.590583686478,3891.183425682359,28.592841995880917,B,True,True,0.03759765625,1.3149324665039004,1.3149324665039004,1.0,0.03759765625
8,8000020,8000020,B,7,8,3891.183425682359,3919.77626767824,28.592841995880917,28.592841995880917,3919.77626767824,3891.183425682359,3919.77626767824,28.592841995880917,B,True,True,0.03759765625,1.3149324665039004,1.3149324665039004,1.0,0.03759765625
8,8000020,8000021,B,8,1,3919.77626767824,3948.369109674121,28.592841995880917,28.592841995880917,3948.369109674121,3919.77626767824,3948.369109674121,28.592841995880917,gray,False,True,0.03759765625,1.3149324665039004,,,
8,8000021,8000021,B,1,2,3948.369109674121,3976.961951670002,28.592841995880917,28.592841995880917,3976.961951670002,3948.369109674121,3976.961951670002,28.592841995880917,B,True,True,0.03759765625,1.3149324665039004,1.3149324665039004,1.0,0.03759765625
8,8000021,8000021,B,2,3,3976.961951670002,4005.5547936658827,28.592841995880917,28.592841995880917,4005.5547936658827,3976.961951670002,4000.0,23.03804832999822,gray,True,False,0.03759765625,1.3149324665039004,,,
9,9000010,9000010,B,4,5,1971.8607279976418,2000.4535699935225,28.59284199588069,28.59284199588069,2000.4535699935225,2000.0,2000.4535699935225,0.4535699935224784,gray,True,False,0.03759765625,1.3149324665039108,,,
9,9000010,9000010,B,5,6,2000.4535699935225,2029.0464119894032,28.59284199588069,28.59284199588069,2029.0464119894032,2000.4535699935225,2029.0464119894032,28.59284199588069,B,True,True,0.03759765625,1.3149324665039108,1.3149324665039108,1.0,0.03759765625
9,9000010,9000010,B,6,7,2029.0464119894032,2057.639253985284,28.592841995880917,28.592841995880917,2057.639253985284,2029.0464119894032,2057.639253985284,28.592841995880917,B,True,True,0.03759765625,1.3149324665039004,1.3149324665039004,1.0,0.03759765625
9,9000010,9000010,B,7,8,2057.639253985284,2086.232095981165,28.592841995880917,28.592841995880917,2086.232095981165,2057.639253985284,2086.232095981165,28.592841995880917,B,True,True,0.03759765625,1.3149324665039004,1.3149324665039004,1.0,0.03759765625
9,9000010,9000011,B,8,1,2086.232095981165,2114.824937977046,28.592841995880917,28.592841995880917,2114.824937977046,2086.232095981165,2114.824937977046,28.592841995880917,gray,False,True,0.03759765625,1.3149324665039004,,,
9,9000011,9000011,B,1,2,2114.824937977046,2143.417779972927,28.592841995880917,28.592841995880917,2143.417779972927,2114.824937977046,2143.417779972927,28.592841995880917,B,True,True,0.03759765625,1.3149324665039004,1.3149324665039004,1.0,0.03759765625
9,9000011,9000011,B,2,3,2143.417779972927,2172.0106219688078,28.592841995880917,28.592841995880917,2172.0106219688078,2143.417779972927,2172.0106219688078,28.592841995880917,B,True,True,0.03759765625,1.3149324665039004,1.3149324665039004,1.0,0.03759765625
9,9000011,9000011,B,3,4,2172.0106219688078,2200.6034639646887,28.592841995880917,28.592841995880917,2200.6034639646887,2172.0106219688078,2200.6034639646887,28.592841995880917,B,True,True,0.03759765625,1.3149324665039004,1.3149324665039004,1.0,0.03759765625
9,9000011,9000011,B,4,5,2200.6034639646887,2229.1963059605696,28.592841995880917,28.592841995880917,2229.1963059605696,2200.6034639646887,2229.1963059605696,28.592841995880917,B,True,True,0.03759765625,1.3149324665039004,1.3149324665039004,1.0,0.03759765625
9,9000011,9000011,B,5,6,2229.1963059605696,2257.7891479564505,28.592841995880917,28.592841995880917,2257.7891479564505,2229.1963059605696,2257.7891479564505,28.592841995880917,B,True,True,0.03759765625,1.3149324665039004,1.3149324665039004,1.0,0.03759765625
9,9000011,9000011,B,6,7,2257.7891479564505,2286.3819899523314,28.592841995880917,28.592841995880917,2286.3819899523314,2257.7891479564505,2286.3819899523314,28.592841995880917,B,True,True,0.03759765625,1.3149324665039004,1.3149324665039004,1.0,0.03759765625
9,9000011,9000011,B,7,8,2286.3819899523314,2314.9748319482123,28.592841995880917,28.592841995880917,2314.9748319482123,2286.3819899523314,2314.9748319482123,28.592841995880917,B,True,True,0.03759765625,1.3149324665039004,1.3149324665039004,1.0,0.03759765625
9,9000011,9000012,B,8,1,2314.9748319482123,2343.5676739440933,28.592841995880917,28.592841995880917,2343.5676739440933,2314.9748319482123,2343.5676739440933,28.592841995880917,gray,False,True,0.03759765625,1.3149324665039004,,,
9,9000012,9000012,A,1,2,2343.5676739440933,2349.5916854926822,6.024011548588987,6.024011548588987,2349.5916854926822,2343.5676739440933,2349.5916854926822,6.024011548588987,A,True,True,0.171539306640625,28.475925926935663,28.475925926935663,1.0,0.171539306640625
9,9000012,9000012,A,2,3,2349.5916854926822,2355.6156970412712,6.024011548588987,6.024011548588987,2355.6156970412712,2349.5916854926822,2355.6156970412712,6.024011548588987,A,True,True,0.171539306640625,28.475925926935663,28.475925926935663,1.0,0.171539306640625
9,9000012,9000012,A,3,4,2355.6156970412712,2361.63970858986,6.024011548588987,6.024011548588987,2361.63970858986,2355.6156970412712,2361.63970858986,6.024011548588987,A,True,True,0.171539306640625,28.475925926935663,28.475925926935663,1.0,0.171539306640625
9,9000012,9000012,A,4,5,2361.63970858986,2368.3900777475546,6.750369157694422,6.024011548588987,2367.663720138449,2361.63970858986,2368.3900777475546,6.024011548588987,A,True,True,0.171539306640625,28.475925926935663,25.41184083911849,0.8923973501097352,0.171539306640625
9,9000012,9000012,A,5,6,2368.3900777475546,2377.483271619625,9.093193872070515,6.024011548588987,2374.4140892961436,2368.3900777475546,2377.483271619625,6.024011548588987,A,True,True,0.171539306640625,28.475925926935663,18.864582571752162,0.6624747732577843,0.171539306640625
9,9000012,9000012,A,6,7,2377.483271619625,2383.507283168214,6.024011548588987,6.024011548588987,2383.507283168214,2377.483271619625,2383.507283168214,6.024011548588987,A,True,True,0.171539306640625,28.475925926935663,28.475925926935663,1.0,0.171539306640625
9,9000012,9000012,A,7,8,2383.507283168214,2402.1232641977504,18.615981029536215,6.024011548588987,2389.531294716803,2383.507283168214,2402.1232641977504,6.024011548588987,A,True,True,0.171539306640625,28.475925926935663,9.214626205756216,0.32359355862209244,0.171539306640625
9,9000012,9000013,A,8,1,2402.1232641977504,2408.6608923715785,6.537628173828125,6.024011548588987,2408.1472757463393,2402.1232641977504,2408.6608923715785,6.024011548588987,gray,False,True,0.171539306640625,28.475925926935663,,,
9,9000013,9000013,B,1,2,2408.6608923715785,2437.2537343674594,28.592841995880917,28.592841995880917,2437.2537343674594,2408.6608923715785,2437.2537343674594,28.592841995880917,B,True,True,0.03759765625,1.3149324665039004,1.3149324665039004,1.0,0.03759765625
9,9000013,9000013,B,2,3,2437.2537343674594,2465.8465763633403,28.592841995880917,28.592841995880917,2465.8465763633403,2437.2537343674594,2465.8465763633403,28.592841995880917,B,True,True,0.03759765625,1.3149324665039004,1.3149324665039004,1.0,0.03759765625
9,9000013,9000013,B,3,4,2465.8465763633403,2494.4394183592212,28.592841995880917,28.592841995880917,2494.4394183592212,2465.8465763633403,2494.4394183592212,28.592841995880917,B,True,True,0.03759765625,1.3149324665039004,1.3149324665039004,1.0,0.03759765625
9,9000013,9000013,B,4,5,2494.4394183592212,2523.032260355102,28.592841995880917,28.592841995880917,2523.032260355102,2494.4394183592212,2523.032260355102,28.592841995880917,B,True,True,0.03759765625,1.3149324665039004,1.3149324665039004,1.0,0.03759765625
9,9000013,9000013,B,5,6,2523.032260355102,2551.625102350983,28.592841995880917,28.592841995880917,2551.625102350983,2523.032260355102,2551.625102350983,28.592841995880917,B,True,True,0.03759765625,1.3149324665039004,1.3149324665039004,1.0,0.03759765625
9,9000013,9000013,B,6,7,2551.625102350983,2580.217944346864,28.592841995880917,28.592841995880917,2580.217944346864,2551.625102350983,2580.217944346864,28.592841995880917,B,True,True,0.03759765625,1.3149324665039004,1.3149324665039004,1.0,0.03759765625
9,9000013,9000013,B,7,8,2580.217944346864,2608.810786342745,28.592841995880917,28.592841995880917,2608.810786342745,2580.217944346864,2608.810786342745,28.592841995880917,B,True,True,0.03759765625,1.3149324665039004,1.3149324665039004,1.0,0.03759765625
9,9000013,9000014,B,8,1,2608.810786342745,2637.403628338626,28.592841995880917,28.592841995880917,2637.403628338626,2608.810786342745,2637.403628338626,28.592841995880917,gray,False,True,0.03759765625,1.3149324665039004,,,
9,9000014,9000014,B,1,2,2637.403628338626,2665.9964703345067,28.592841995880917,28.592841995880917,2665.9964703345067,2637.403628338626,2665.9964703345067,28.592841995880917,B,True,True,0.03759765625,1.3149324665039004,1.3149324665039004,1.0,0.03759765625
9,9000014,9000014,B,2,3,2665.9964703345067,2694.5893123303877,28.592841995880917,28.592841995880917,2694.5893123303877,2665.9964703345067,2694.5893123303877,28.592841995880917,B,True,True,0.03759765625,1.3149324665039004,1.3149324665039004,1.0,0.03759765625
9,9000014,9000014,B,3,4,2694.5893123303877,2723.1821543262686,28.592841995880917,28.592841995880917,2723.1821543262686,2694.5893123303877,2723.1821543262686,28.592841995880917,B,True,True,0.03759765625,1.3149324665039004,1.3149324665039004,1.0,0.03759765625
9,9000014,9000014,B,4,5,2723.1821543262686,2751.7749963221495,28.592841995880917,28.592841995880917,2751.7749963221495,2723.1821543262686,2751.7749963221495,28.592841995880917,B,True,True,0.03759765625,1.3149324665039004,1.3149324665039004,1.0,0.03759765625
9,9000014,9000014,B,5,6,2751.7749963221495,2780.3678383180304,28.592841995880917,28.592841995880917,2780.3678383180304,2751.7749963221495,2780.3678383180304,28.592841995880917,B,True,True,0.03759765625,1.3149324665039004,1.3149324665039004,1.0,0.03759765625
9,9000014,9000014,B,6,7,2780.3678383180304,2808.9606803139113,28.592841995880917,28.592841995880917,2808.9606803139113,2780.3678383180304,2808.9606803139113,28.592841995880917,B,True,True,0.03759765625,1.3149324665039004,1.3149324665039004,1.0,0.03759765625
9,9000014,9000014,B,7,8,2808.9606803139113,2837.5535223097922,28.592841995880917,28.592841995880917,2837.5535223097922,2808.9606803139113,2837.5535223097922,28.592841995880917,B,True,True,0.03759765625,1.3149324665039004,1.3149324665039004,1.0,0.03759765625
9,9000014,9000015,B,8,1,2837.5535223097922,2866.146364305673,28.592841995880917,28.592841995880917,2866.146364305673,2837.5535223097922,2866.146364305673,28.592841995880917,gray,False,True,0.03759765625,1.3149324665039004,,,
9,9000015,9000015,A,1,2,2866.146364305673,2872.170375854262,6.024011548588987,6.024011548588987,2872.170375854262,2866.146364305673,2872.170375854262,6.024011548588987,A,True,True,0.171539306640625,28.475925926935663,28.475925926935663,1.0,0.171539306640625
9,9000015,9000015,A,2,3,2872.170375854262,2878.194387402851,6.024011548588987,6.024011548588987,2878.194387402851,2872.170375854262,2878.194387402851,6.024011548588987,A,True,True,0.171539306640625,28.475925926935663,28.475925926935663,1.0,0.171539306640625
9,9000015,9000015,A,3,4,2878.194387402851,2884.21839895144,6.024011548588987,6.024011548588987,2884.21839895144,2878.194387402851,2884.21839895144,6.024011548588987,A,True,True,0.171539306640625,28.475925926935663,28.475925926935663,1.0,0.171539306640625
9,9000015,9000015,A,4,5,2884.21839895144,2890.242410500029,6.024011548588987,6.024011548588987,2890.242410500029,2884.21839895144,2890.242410500029,6.024011548588987,A,True,True,0.171539306640625,28.475925926935663,28.475925926935663,1.0,0.171539306640625
9,9000015,9000015,A,5,6,2890.242410500029,2896.266422048618,6.024011548588987,6.024011548588987,2896.266422048618,2890.242410500029,2896.266422048618,6.024011548588987,A,True,True,0.171539306640625,28.475925926935663,28.475925926935663,1.0,0.171539306640625
9,9000015,9000015,A,6,7,2896.266422048618,2902.290433597207,6.024011548588987,6.024011548588987,2902.290433597207,2896.266422048618,2902.290433597207,6.024011548588987,A,True,True,0.171539306640625,28.475925926935663,28.475925926935663,1.0,0.171539306640625
9,9000015,9000015,A,7,8,2902.290433597207,2908.314445145796,6.024011548588987,6.024011548588987,2908.314445145796,2902.290433597207,2908.314445145796,6.024011548588987,A,True,True,0.171539306640625,28.475925926935663,28.475925926935663,1.0,0.171539306640625
9,9000015,9000016,A,8,1,2908.314445145796,2914.338456694385,6.024011548588987,6.024011548588987,2914.338456694385,2908.314445145796,2914.338456694385,6.024011548588987,gray,False,True,0.171539306640625,28.475925926935663,,,
9,9000016,9000016,B,1,2,2914.338456694385,2942.931298690266,28.592841995880917,28.592841995880917,2942.931298690266,2914.338456694385,2942.931298690266,28.592841995880917,B,True,True,0.03759765625,1.3149324665039004,1.3149324665039004,1.0,0.03759765625
9,9000016,9000016,B,2,3,2942.931298690266,2971.524140686147,28.592841995880917,28.592841995880917,2971.524140686147,2942.931298690266,2971.524140686147,28.592841995880917,B,True,True,0.03759765625,1.3149324665039004,1.3149324665039004,1.0,0.03759765625
9,9000016,9000016,B,3,4,2971.524140686147,3000.116982682028,28.592841995880917,28.592841995880917,3000.116982682028,2971.524140686147,3000.116982682028,28.592841995880917,B,True,True,0.03759765625,1.3149324665039004,1.3149324665039004,1.0,0.03759765625
9,9000016,9000016,B,4,5,3000.116982682028,3028.7098246779087,28.592841995880917,28.592841995880917,3028.7098246779087,3000.116982682028,3028.7098246779087,28.592841995880917,B,True,True,0.03759765625,1.3149324665039004,1.3149324665039004,1.0,0.03759765625
9,9000016,9000016,B,5,6,3028.7098246779087,3057.3026666737896,28.592841995880917,28.592841995880917,3057.3026666737896,3028.7098246779087,3057.3026666737896,28.592841995880917,B,True,True,0.03759765625,1.3149324665039004,1.3149324665039004,1.0,0.03759765625
9,9000016,9000016,B,6,7,3057.3026666737896,3085.8955086696706,28.592841995880917,28.592841995880917,3085.8955086696706,3057.3026666737896,3085.8955086696706,28.592841995880917,B,True,True,0.03759765625,1.3149324665039004,1.3149324665039004,1.0,0.03759765625
9,9000016,9000016,B,7,8,3085.8955086696706,3114.4883506655515,28.592841995880917,28.592841995880917,3114.4883506655515,3085.8955086696706,3114.4883506655515,28.592841995880917,B,True,True,0.03759765625,1.3149324665039004,1.3149324665039004,1.0,0.03759765625
9,9000016,9000017,B,8,1,3114.4883506655515,3143.0811926614324,28.592841995880917,28.592841995880917,3143.0811926614324,3114.4883506655515,3143.0811926614324,28.592841995880917,gray,False,True,0.03759765625,1.3149324665039004,,,
9,9000017,9000017,B,1,2,3143.0811926614324,3171.6740346573133,28.592841995880917,28.592841995880917,3171.6740346573133,3143.0811926614324,3171.6740346573133,28.592841995880917,B,True,True,0.03759765625,1.3149324665039004,1.3149324665039004,1.0,0.03759765625
9,9000017,9000017,B,2,3,3171.6740346573133,3200.2668766531942,28.592841995880917,28.592841995880917,3200.2668766531942,3171.6740346573133,3200.2668766531942,28.592841995880917,B,True,True,0.03759765625,1.3149324665039004,1.3149324665039004,1.0,0.03759765625
9,9000017,9000017,B,3,4,3200.2668766531942,3228.859718649075,28.592841995880917,28.592841995880917,3228.859718649075,3200.2668766531942,3228.859718649075,28.592841995880917,B,True,True,0.03759765625,1.3149324665039004,1.3149324665039004,1.0,0.03759765625
9,9000017,9000017,B,4,5,3228.859718649075,3257.452560644956,28.592841995880917,28.592841995880917,3257.452560644956,3228.859718649075,3257.452560644956,28.592841995880917,B,True,True,0.03759765625,1.3149324665039004,1.3149324665039004,1.0,0.03759765625
9,9000017,9000017,B,5,6,3257.452560644956,3286.045402640837,28.592841995880917,28.592841995880917,3286.045402640837,3257.452560644956,3286.045402640837,28.592841995880917,B,True,True,0.03759765625,1.3149324665039004,1.3149324665039004,1.0,0.03759765625
9,9000017,9000017,B,6,7,3286.045402640837,3314.638244636718,28.592841995880917,28.592841995880917,3314.638244636718,3286.045402640837,3314.638244636718,28.592841995880917,B,True,True,0.03759765625,1.3149324665039004,1.3149324665039004,1.0,0.03759765625
9,9000017,9000017,B,7,8,3314.638244636718,3343.231086632599,28.592841995880917,28.592841995880917,3343.231086632599,3314.638244636718,3343.231086632599,28.592841995880917,B,True,True,0.03759765625,1.3149324665039004,1.3149324665039004,1.0,0.03759765625
9,9000017,9000018,B,8,1,3343.231086632599,3371.8239286284797,28.592841995880917,28.592841995880917,3371.8239286284797,3343.231086632599,3371.8239286284797,28.592841995880917,gray,False,True,0.03759765625,1.3149324665039004,,,
9,9000018,9000018,A,1,2,3371.8239286284797,3379.1798997265932,7.355971098113514,6.024011548588987,3377.8479401770687,3371.8239286284797,3379.1798997265932,6.024011548588987,A,True,True,0.171539306640625,28.475925926935663,23.319736354676184,0.8189281154372513,0.171539306640625
9,9000018,9000018,A,2,3,3379.1798997265932,3390.706031220734,11.526131494140827,6.024011548588987,3385.2039112751822,3379.1798997265932,3390.706031220734,6.024011548588987,A,True,True,0.171539306640625,28.475925926935663,14.88264355892738,0.5226394954500756,0.171539306640625
9,9000018,9000018,A,3,4,3390.706031220734,3403.7517143994446,13.045683178710533,6.024011548588987,3396.730042769323,3390.706031220734,3403.7517143994446,6.024011548588987,A,True,True,0.171539306640625,28.475925926935663,13.149124065849065,0.4617628272944473,0.171539306640625
9,9000018,9000018,A,4,5,3403.7517143994446,3415.5597283154602,11.808013916015625,6.024011548588987,3409.7757259480336,3403.7517143994446,3415.5597283154602,6.024011548588987,A,True,True,0.171539306640625,28.475925926935663,14.527363184079602,0.5101629784174296,0.171539306640625
9,9000018,9000018,A,5,6,3415.5597283154602,3426.8894791943667,11.329750878906452,6.024011548588987,3421.583739864049,3415.5597283154602,3426.8894791943667,6.024011548588987,A,True,True,0.171539306640625,28.475925926935663,15.140607103726714,0.5316985000795027,0.171539306640625
9,9000018,9000018,A,6,7,3426.8894791943667,3446.258886030304,19.369406835937298,6.024011548588987,3432.9134907429557,3426.8894791943667,3446.258886030304,6.024011548588987,A,True,True,0.171539306640625,28.475925926935663,8.856198235371728,0.31100650627112925,0.171539306640625
9,9000018,9000018,A,7,8,3446.258886030304,3457.873876264679,11.614990234375,6.024011548588987,3452.282897578893,3446.258886030304,3457.873876264679,6.024011548588987,A,True,True,0.171539306640625,28.475925926935663,14.76878612716763,0.5186411203998001,0.171539306640625
9,9000018,9000019,A,8,1,3457.873876264679,3463.897887813268,6.024011548588987,6.024011548588987,3463.897887813268,3457.873876264679,3463.897887813268,6.024011548588987,gray,False,True,0.171539306640625,28.475925926935663,,,
9,9000019,9000019,B,1,2,3463.897887813268,3492.490729809149,28.592841995880917,28.592841995880917,3492.490729809149,3463.897887813268,3492.490729809149,28.592841995880917,B,True,True,0.03759765625,1.3149324665039004,1.3149324665039004,1.0,0.03759765625
9,9000019,9000019,B,2,3,3492.490729809149,3521.08357180503,28.592841995880917,28.592841995880917,3521.08357180503,3492.490729809149,3521.08357180503,28.592841995880917,B,True,True,0.03759765625,1.3149324665039004,1.3149324665039004,1.0,0.03759765625
9,9000019,9000019,B,3,4,3521.08357180503,3549.6764138009107,28.592841995880917,28.592841995880917,3549.6764138009107,3521.08357180503,3549.6764138009107,28.592841995880917,B,True,True,0.03759765625,1.3149324665039004,1.3149324665039004,1.0,0.03759765625
9,9000019,9000019,B,4,5,3549.6764138009107,3578.2692557967916,28.592841995880917,28.592841995880917,3578.2692557967916,3549.6764138009107,3578.2692557967916,28.592841995880917,B,True,True,0.03759765625,1.3149324665039004,1.3149324665039004,1.0,0.03759765625
9,9000019,9000019,B,5,6,3578.2692557967916,3606.8620977926726,28.592841995880917,28.592841995880917,3606.8620977926726,3578.2692557967916,3606.8620977926726,28.592841995880917,B,True,True,0.03759765625,1.3149324665039004,1.3149324665039004,1.0,0.03759765625
9,9000019,9000019,B,6,7,3606.8620977926726,3635.4549397885535,28.592841995880917,28.592841995880917,3635.4549397885535,3606.8620977926726,3635.4549397885535,28.592841995880917,B,True,True,0.03759765625,1.3149324665039004,1.3149324665039004,1.0,0.03759765625
9,9000019,9000019,B,7,8,3635.4549397885535,3664.0477817844344,28.592841995880917,28.592841995880917,3664.0477817844344,3635.4549397885535,3664.0477817844344,28.592841995880917,B,True,True,0.03759765625,1.3149324665039004,1.3149324665039004,1.0,0.03759765625
9,9000019,9000020,B,8,1,3664.0477817844344,3692.6406237803153,28.592841995880917,28.592841995880917,3692.6406237803153,3664.0477817844344,3692.6406237803153,28.592841995880917,gray,False,True,0.03759765625,1.3149324665039004,,,
9,9000020,9000020,A,1,2,3692.6406237803153,3710.4999138623352,17.859290082019925,6.024011548588987,3698.6646353289043,3692.6406237803153,3710.4999138623352,6.024011548588987,A,True,True,0.171539306640625,28.475925926935663,9.605046217000778,0.33730408772819814,0.171539306640625
9,9000020,9000020,A,2,3,3710.4999138623352,3724.4521691113587,13.952255249023438,6.024011548588987,3716.523925410924,3710.4999138623352,3724.4521691113587,6.024011548588987,A,True,True,0.171539306640625,28.475925926935663,12.294736842105262,0.431758983839593,0.171539306640625
9,9000020,9000020,A,3,4,3724.4521691113587,3760.077826875031,35.62565776367228,6.024011548588987,3730.4761806599477,3724.4521691113587,3760.077826875031,6.024011548588987,A,True,True,0.171539306640625,28.475925926935663,4.8150495291498805,0.16909193897696148,0.171539306640625
9,9000020,9000020,A,4,5,3760.077826875031,3768.7134385449526,8.635611669921673,6.024011548588987,3766.10183842362,3760.077826875031,3768.7134385449526,6.024011548588987,A,True,True,0.171539306640625,28.475925926935663,19.864175601840248,0.6975778646428675,0.171539306640625
9,9000020,9000020,A,5,6,3768.7134385449526,3790.344579389679,21.63114084472636,6.024011548588987,3774.7374500935416,3768.7134385449526,3790.344579389679,6.024011548588987,A,True,True,0.171539306640625,28.475925926935663,7.930201549330026,0.2784879258949318,0.171539306640625
9,9000020,9000020,A,6,7,3790.344579389679,3798.7160325390932,8.371453149414265,6.024011548588987,3796.368590938268,3790.344579389679,3798.7160325390932,6.024011548588987,A,True,True,0.171539306640625,28.475925926935663,20.490983295131656,0.719589710540335,0.171539306640625
9,9000020,9000020,A,7,8,3798.7160325390932,3815.6392740185856,16.92324147949239,6.024011548588987,3804.7400440876822,3798.7160325390932,3815.6392740185856,6.024011548588987,A,True,True,0.171539306640625,28.475925926935663,10.136315010838592,0.3559608574922774,0.171539306640625
9,9000020,9000021,A,8,1,3815.6392740185856,3821.6632855671746,6.024011548588987,6.024011548588987,3821.6632855671746,3815.6392740185856,3821.6632855671746,6.024011548588987,gray,False,True,0.171539306640625,28.475925926935663,,,
9,9000021,9000021,B,1,2,3821.6632855671746,3850.2561275630555,28.592841995880917,28.592841995880917,3850.2561275630555,3821.6632855671746,3850.2561275630555,28.592841995880917,B,True,True,0.03759765625,1.3149324665039004,1.3149324665039004,1.0,0.03759765625
9,9000021,9000021,B,2,3,3850.2561275630555,3878.8489695589365,28.592841995880917,28.592841995880917,3878.8489695589365,3850.2561275630555,3878.8489695589365,28.592841995880917,B,True,True,0.03759765625,1.3149324665039004,1.3149324665039004,1.0,0.03759765625
9,9000021,9000021,B,3,4,3878.8489695589365,3907.4418115548174,28.592841995880917,28.592841995880917,3907.4418115548174,3878.8489695589365,3907.4418115548174,28.592841995880917,B,True,True,0.03759765625,1.3149324665039004,1.3149324665039004,1.0,0.03759765625
9,9000021,9000021,B,4,5,3907.4418115548174,3936.0346535506983,28.592841995880917,28.592841995880917,3936.0346535506983,3907.4418115548174,3936.0346535506983,28.592841995880917,B,True,True,0.03759765625,1.3149324665039004,1.3149324665039004,1.0,0.03759765625
9,9000021,9000021,B,5,6,3936.0346535506983,3964.627495546579,28.592841995880917,28.592841995880917,3964.627495546579,3936.0346535506983,3964.627495546579,28.592841995880917,B,True,True,0.03759765625,1.3149324665039004,1.3149324665039004,1.0,0.03759765625
9,9000021,9000021,B,6,7,3964.627495546579,3993.22033754246,28.592841995880917,28.592841995880917,3993.22033754246,3964.627495546579,3993.22033754246,28.592841995880917,B,True,True,0.03759765625,1.3149324665039004,1.3149324665039004,1.0,0.03759765625
9,9000021,9000021,B,7,8,3993.22033754246,4021.813179538341,28.592841995880917,28.592841995880917,4021.813179538341,3993.22033754246,4000.0,6.779662457539871,gray,True,False,0.03759765625,1.3149324665039004,,,
10,10000009,10000009,B,1,2,1987.6489395297879,2016.2417815256686,28.59284199588069,28.59284199588069,2016.2417815256686,2000.0,2016.2417815256686,16.241781525668557,gray,True,False,0.03759765625,1.3149324665039108,,,
10,10000009,10000009,B,2,3,2016.2417815256686,2044.8346235215492,28.59284199588069,28.59284199588069,2044.8346235215492,2016.2417815256686,2044.8346235215492,28.59284199588069,B,True,True,0.03759765625,1.3149324665039108,1.3149324665039108,1.0,0.03759765625
10,10000009,10000009,B,3,4,2044.8346235215492,2073.42746551743,28.59284199588069,28.59284199588069,2073.42746551743,2044.8346235215492,2073.42746551743,28.59284199588069,B,True,True,0.03759765625,1.3149324665039108,1.3149324665039108,1.0,0.03759765625
10,10000009,10000009,B,4,5,2073.42746551743,2102.020307513311,28.592841995880917,28.592841995880917,2102.020307513311,2073.42746551743,2102.020307513311,28.592841995880917,B,True,True,0.03759765625,1.3149324665039004,1.3149324665039004,1.0,0.03759765625
10,10000009,10000009,B,5,6,2102.020307513311,2130.6131495091918,28.592841995880917,28.592841995880917,2130.6131495091918,2102.020307513311,2130.6131495091918,28.592841995880917,B,True,True,0.03759765625,1.3149324665039004,1.3149324665039004,1.0,0.03759765625
10,10000009,10000009,B,6,7,2130.6131495091918,2159.2059915050727,28.592841995880917,28.592841995880917,2159.2059915050727,2130.6131495091918,2159.2059915050727,28.592841995880917,B,True,True,0.03759765625,1.3149324665039004,1.3149324665039004,1.0,0.03759765625
10,10000009,10000009,B,7,8,2159.2059915050727,2187.7988335009536,28.592841995880917,28.592841995880917,2187.7988335009536,2159.2059915050727,2187.7988335009536,28.592841995880917,B,True,True,0.03759765625,1.3149324665039004,1.3149324665039004,1.0,0.03759765625
10,10000009,10000010,B,8,1,2187.7988335009536,2216.3916754968345,28.592841995880917,28.592841995880917,2216.3916754968345,2187.7988335009536,2216.3916754968345,28.592841995880917,gray,False,True,0.03759765625,1.3149324665039004,,,
10,10000010,10000010,B,1,2,2216.3916754968345,2244.9845174927154,28.592841995880917,28.592841995880917,2244.9845174927154,2216.3916754968345,2244.9845174927154,28.592841995880917,B,True,True,0.03759765625,1.3149324665039004,1.3149324665039004,1.0,0.03759765625
10,10000010,10000010,B,2,3,2244.9845174927154,2273.5773594885964,28.592841995880917,28.592841995880917,2273.5773594885964,2244.9845174927154,2273.5773594885964,28.592841995880917,B,True,True,0.03759765625,1.3149324665039004,1.3149324665039004,1.0,0.03759765625
10,10000010,10000010,B,3,4,2273.5773594885964,2302.1702014844773,28.592841995880917,28.592841995880917,2302.1702014844773,2273.5773594885964,2302.1702014844773,28.592841995880917,B,True,True,0.03759765625,1.3149324665039004,1.3149324665039004,1.0,0.03759765625
10,10000010,10000010,B,4,5,2302.1702014844773,2330.763043480358,28.592841995880917,28.592841995880917,2330.763043480358,2302.1702014844773,2330.763043480358,28.592841995880917,B,True,True,0.03759765625,1.3149324665039004,1.3149324665039004,1.0,0.03759765625
10,10000010,10000010,B,5,6,2330.763043480358,2359.355885476239,28.592841995880917,28.592841995880917,2359.355885476239,2330.763043480358,2359.355885476239,28.592841995880917,B,True,True,0.03759765625,1.3149324665039004,1.3149324665039004,1.0,0.03759765625
10,10000010,10000010,B,6,7,2359.355885476239,2387.94872747212,28.592841995880917,28.592841995880917,2387.94872747212,2359.355885476239,2387.94872747212,28.592841995880917,B,True,True,0.03759765625,1.3149324665039004,1.3149324665039004,1.0,0.03759765625
10,10000010,10000010,B,7,8,2387.94872747212,2416.541569468001,28.592841995880917,28.592841995880917,2416.541569468001,2387.94872747212,2416.541569468001,28.592841995880917,B,True,True,0.03759765625,1.3149324665039004,1.3149324665039004,1.0,0.03759765625
10,10000010,10000011,B,8,1,2416.541569468001,2445.134411463882,28.592841995880917,28.592841995880917,2445.134411463882,2416.541569468001,2445.134411463882,28.592841995880917,gray,False,True,0.03759765625,1.3149324665039004,,,
10,10000011,10000011,A,1,2,2445.134411463882,2460.038661023922,14.90424956004017,6.024011548588987,2451.158423012471,2445.134411463882,2460.038661023922,6.024011548588987,A,True,True,0.171539306640625,28.475925926935663,11.509422594515565,0.4041808025504339,0.171539306640625
10,10000011,10000011,A,2,3,2460.038661023922,2471.452235242672,11.41357421875,6.024011548588987,2466.062672572511,2460.038661023922,2471.452235242672,6.024011548588987,A,True,True,0.171539306640625,28.475925926935663,15.029411764705882,0.5277936107597966,0.171539306640625
10,10000011,10000011,A,3,4,2471.452235242672,2492.7980367319296,21.34580148925761,6.024011548588987,2477.476246791261,2471.452235242672,2492.7980367319296,6.024011548588987,A,True,True,0.171539306640625,28.475925926935663,8.036208278567244,0.2822106048170927,0.171539306640625
10,10000011,10000011,A,4,5,2492.7980367319296,2499.323076404781,6.5250396728515625,6.024011548588987,2498.8220482805186,2492.7980367319296,2499.323076404781,6.024011548588987,A,True,True,0.171539306640625,28.475925926935663,26.289389067524116,0.9232145474383581,0.171539306640625
10,10000011,10000011,A,5,6,2499.323076404781,2512.3942365854455,13.071160180664265,6.024011548588987,2505.34708795337,2499.323076404781,2512.3942365854455,6.024011548588987,A,True,True,0.171539306640625,28.475925926935663,13.123495104464975,0.46086280523898016,0.171539306640625
10,10000011,10000011,A,6,7,2512.3942365854455,2523.3377401010703,10.943503515624798,6.024011548588987,2518.4182481340345,2512.3942365854455,2523.3377401010703,6.024011548588987,A,True,True,0.171539306640625,28.475925926935663,15.674989860030333,0.5504646240564632,0.171539306640625
10,10000011,10000011,A,7,8,2523.3377401010703,2534.541605970211,11.203865869140827,6.024011548588987,2529.3617516496593,2523.3377401010703,2534.541605970211,6.024011548588987,A,True,True,0.171539306640625,28.475925926935663,15.310724766270301,0.5376725872076993,0.171539306640625
10,10000011,10000012,A,8,1,2534.541605970211,2541.9142713754845,7.3726654052734375,6.024011548588987,2540.5656175188,2534.541605970211,2541.9142713754845,6.024011548588987,gray,False,True,0.171539306640625,28.475925926935663,,,
10,10000012,10000012,A,1,2,2541.9142713754845,2555.4552022592734,13.54093088378886,6.024011548588987,2547.9382829240735,2541.9142713754845,2555.4552022592734,6.024011548588987,A,True,True,0.171539306640625,28.475925926935663,12.66820635248874,0.4448742557131657,0.171539306640625
10,10000012,10000012,A,2,3,2555.4552022592734,2564.800166150875,9.344963891601765,6.024011548588987,2561.4792138078624,2555.4552022592734,2564.800166150875,6.024011548588987,A,True,True,0.171539306640625,28.475925926935663,18.356337020711855,0.6446265195313075,0.171539306640625
10,10000012,10000012,A,3,4,2564.800166150875,2575.466822645016,10.666656494140625,6.024011548588987,2570.824177699464,2564.800166150875,2575.466822645016,6.024011548588987,A,True,True,0.171539306640625,28.475925926935663,16.081825334382376,0.564751621269334,0.171539306640625
10,10000012,10000012,A,4,5,2575.466822645016,2582.7345838754845,7.26776123046875,6.024011548588987,2581.4908341936048,2575.466822645016,2582.7345838754845,6.024011548588987,A,True,True,0.171539306640625,28.475925926935663,23.602771362586605,0.8288675642417129,0.171539306640625
10,10000012,10000012,A,5,6,2582.7345838754845,2595.767878553219,13.033294677734375,6.024011548588987,2588.7585954240735,2582.7345838754845,2595.767878553219,6.024011548588987,A,True,True,0.171539306640625,28.475925926935663,13.161622665808114,0.4622017454174652,0.171539306640625
10,10000012,10000012,A,6,7,2595.767878553219,2608.444399036617,12.676520483398235,6.024011548588987,2601.791890101808,2595.767878553219,2608.444399036617,6.024011548588987,A,True,True,0.171539306640625,28.475925926935663,13.532049813297025,0.4752101774677298,0.171539306640625
10,10000012,10000012,A,7,8,2608.444399036617,2625.5061140268517,17.061714990234577,6.024011548588987,2614.468410585206,2608.444399036617,2625.5061140268517,6.024011548588987,A,True,True,0.171539306640625,28.475925926935663,10.054048302811706,0.35307186598984236,0.171539306640625
10,10000012,10000013,A,8,1,2625.5061140268517,2633.730601331539,8.2244873046875,6.024011548588987,2631.5301255754407,2625.5061140268517,2633.730601331539,6.024011548588987,gray,False,True,0.171539306640625,28.475925926935663,,,
10,10000013,10000013,A,1,2,2633.730601331539,2651.2411061899375,17.510504858398235,6.024011548588987,2639.754612880128,2633.730601331539,2651.2411061899375,6.024011548588987,A,True,True,0.171539306640625,28.475925926935663,9.79636555472316,0.34402272220608215,0.171539306640625
10,10000013,10000013,A,2,3,2651.2411061899375,2660.0070990366175,8.765992846680092,6.024011548588987,2657.2651177385264,2651.2411061899375,2660.0070990366175,6.024011548588987,A,True,True,0.171539306640625,28.475925926935663,19.56872537325779,0.6872024257777528,0.171539306640625
10,10000013,10000013,A,3,4,2660.0070990366175,2666.0311105852065,6.024011548588987,6.024011548588987,2666.0311105852065,2660.0070990366175,2666.0311105852065,6.024011548588987,A,True,True,0.171539306640625,28.475925926935663,28.475925926935663,1.0,0.171539306640625
10,10000013,10000013,A,4,5,2666.0311105852065,2672.0551221337955,6.024011548588987,6.024011548588987,2672.0551221337955,2666.0311105852065,2672.0551221337955,6.024011548588987,A,True,True,0.171539306640625,28.475925926935663,28.475925926935663,1.0,0.171539306640625
10,10000013,10000013,A,5,6,2672.0551221337955,2680.178073768063,8.122951634267338,6.024011548588987,2678.0791336823845,2672.0551221337955,2680.178073768063,6.024011548588987,A,True,True,0.171539306640625,28.475925926935663,21.117853997427776,0.74160376914916,0.171539306640625
10,10000013,10000013,A,6,7,2680.178073768063,2689.5521108286093,9.37403706054647,6.024011548588987,2686.202085316652,2680.178073768063,2689.5521108286093,6.024011548588987,A,True,True,0.171539306640625,28.475925926935663,18.299405638430976,0.6426272383691441,0.171539306640625
10,10000013,10000013,A,7,8,2689.5521108286093,2706.6977491586877,17.145638330078327,6.024011548588987,2695.5761223771983,2689.5521108286093,2706.6977491586877,6.024011548588987,A,True,True,0.171539306640625,28.475925926935663,10.00483641018464,0.3513436731032147,0.171539306640625
10,10000013,10000014,A,8,1,2706.6977491586877,2712.7402296274377,6.04248046875,6.024011548588987,2712.7217607072766,2706.6977491586877,2712.7402296274377,6.024011548588987,gray,False,True,0.171539306640625,28.475925926935663,,,
10,10000014,10000014,B,1,2,2712.7402296274377,2741.3330716233186,28.592841995880917,28.592841995880917,2741.3330716233186,2712.7402296274377,2741.3330716233186,28.592841995880917,B,True,True,0.03759765625,1.3149324665039004,1.3149324665039004,1.0,0.03759765625
10,10000014,10000014,B,2,3,2741.3330716233186,2769.9259136191995,28.592841995880917,28.592841995880917,2769.9259136191995,2741.3330716233186,2769.9259136191995,28.592841995880917,B,True,True,0.03759765625,1.3149324665039004,1.3149324665039004,1.0,0.03759765625
10,10000014,10000014,B,3,4,2769.9259136191995,2798.5187556150804,28.592841995880917,28.592841995880917,2798.5187556150804,2769.9259136191995,2798.5187556150804,28.592841995880917,B,True,True,0.03759765625,1.3149324665039004,1.3149324665039004,1.0,0.03759765625
10,10000014,10000014,B,4,5,2798.5187556150804,2827.1115976109613,28.592841995880917,28.592841995880917,2827.1115976109613,2798.5187556150804,2827.1115976109613,28.592841995880917,B,True,True,0.03759765625,1.3149324665039004,1.3149324665039004,1.0,0.03759765625
10,10000014,10000014,B,5,6,2827.1115976109613,2855.7044396068422,28.592841995880917,28.592841995880917,2855.7044396068422,2827.1115976109613,2855.7044396068422,28.592841995880917,B,True,True,0.03759765625,1.3149324665039004,1.3149324665039004,1.0,0.03759765625
10,10000014,10000014,B,6,7,2855.7044396068422,2884.297281602723,28.592841995880917,28.592841995880917,2884.297281602723,2855.7044396068422,2884.297281602723,28.592841995880917,B,True,True,0.03759765625,1.3149324665039004,1.3149324665039004,1.0,0.03759765625
10,10000014,10000014,B,7,8,2884.297281602723,2912.890123598604,28.592841995880917,28.592841995880917,2912.890123598604,2884.297281602723,2912.890123598604,28.592841995880917,B,True,True,0.03759765625,1.3149324665039004,1.3149324665039004,1.0,0.03759765625
10,10000014,10000015,B,8,1,2912.890123598604,2941.482965594485,28.592841995880917,28.592841995880917,2941.482965594485,2912.890123598604,2941.482965594485,28.592841995880917,gray,False,True,0.03759765625,1.3149324665039004,,,
10,10000015,10000015,B,1,2,2941.482965594485,2970.075807590366,28.592841995880917,28.592841995880917,2970.075807590366,2941.482965594485,2970.075807590366,28.592841995880917,B,True,True,0.03759765625,1.3149324665039004,1.3149324665039004,1.0,0.03759765625
10,10000015,10000015,B,2,3,2970.075807590366,2998.668649586247,28.592841995880917,28.592841995880917,2998.668649586247,2970.075807590366,2998.668649586247,28.592841995880917,B,True,True,0.03759765625,1.3149324665039004,1.3149324665039004,1.0,0.03759765625
10,10000015,10000015,B,3,4,2998.668649586247,3027.2614915821277,28.592841995880917,28.592841995880917,3027.2614915821277,2998.668649586247,3027.2614915821277,28.592841995880917,B,True,True,0.03759765625,1.3149324665039004,1.3149324665039004,1.0,0.03759765625
10,10000015,10000015,B,4,5,3027.2614915821277,3055.8543335780087,28.592841995880917,28.592841995880917,3055.8543335780087,3027.2614915821277,3055.8543335780087,28.592841995880917,B,True,True,0.03759765625,1.3149324665039004,1.3149324665039004,1.0,0.03759765625
10,10000015,10000015,B,5,6,3055.8543335780087,3084.4471755738896,28.592841995880917,28.592841995880917,3084.4471755738896,3055.8543335780087,3084.4471755738896,28.592841995880917,B,True,True,0.03759765625,1.3149324665039004,1.3149324665039004,1.0,0.03759765625
10,10000015,10000015,B,6,7,3084.4471755738896,3113.0400175697705,28.592841995880917,28.592841995880917,3113.0400175697705,3084.4471755738896,3113.0400175697705,28.592841995880917,B,True,True,0.03759765625,1.3149324665039004,1.3149324665039004,1.0,0.03759765625
10,10000015,10000015,B,7,8,3113.0400175697705,3141.6328595656514,28.592841995880917,28.592841995880917,3141.6328595656514,3113.0400175697705,3141.6328595656514,28.592841995880917,B,True,True,0.03759765625,1.3149324665039004,1.3149324665039004,1.0,0.03759765625
10,10000015,10000016,B,8,1,3141.6328595656514,3170.2257015615323,28.592841995880917,28.592841995880917,3170.2257015615323,3141.6328595656514,3170.2257015615323,28.592841995880917,gray,False,True,0.03759765625,1.3149324665039004,,,
10,10000016,10000016,A,1,2,3170.2257015615323,3176.2497131101213,6.024011548588987,6.024011548588987,3176.2497131101213,3170.2257015615323,3176.2497131101213,6.024011548588987,A,True,True,0.171539306640625,28.475925926935663,28.475925926935663,1.0,0.171539306640625
10,10000016,10000016,A,2,3,3176.2497131101213,3182.2737246587103,6.024011548588987,6.024011548588987,3182.2737246587103,3176.2497131101213,3182.2737246587103,6.024011548588987,A,True,True,0.171539306640625,28.475925926935663,28.475925926935663,1.0,0.171539306640625
10,10000016,10000016,A,3,4,3182.2737246587103,3188.2977362072993,6.024011548588987,6.024011548588987,3188.2977362072993,3182.2737246587103,3188.2977362072993,6.024011548588987,A,True,True,0.171539306640625,28.475925926935663,28.475925926935663,1.0,0.171539306640625
10,10000016,10000016,A,4,5,3188.2977362072993,3199.272696870148,10.974960662848844,6.024011548588987,3194.3217477558883,3188.2977362072993,3199.272696870148,6.024011548588987,A,True,True,0.171539306640625,28.475925926935663,15.630061182934336,0.5488868464905545,0.171539306640625
10,10000016,10000016,A,5,6,3199.272696870148,3207.941777876007,8.66908100585897,6.024011548588987,3205.296708418737,3199.272696870148,3207.941777876007,6.024011548588987,A,True,True,0.171539306640625,28.475925926935663,19.787484570128104,0.6948846763016379,0.171539306640625
10,10000016,10000016,A,6,7,3207.941777876007,3220.9417032178044,12.99992534179728,6.024011548588987,3213.965789424596,3207.941777876007,3220.9417032178044,6.024011548588987,A,True,True,0.171539306640625,28.475925926935663,13.195407060461562,0.4633881649474265,0.171539306640625
10,10000016,10000016,A,7,8,3220.9417032178044,3226.9657147663934,6.024011548588987,6.024011548588987,3226.9657147663934,3220.9417032178044,3226.9657147663934,6.024011548588987,A,True,True,0.171539306640625,28.475925926935663,28.475925926935663,1.0,0.171539306640625
10,10000016,10000017,A,8,1,3226.9657147663934,3244.0037370068667,17.03802224047331,6.024011548588987,3232.9897263149824,3226.9657147663934,3244.0037370068667,6.024011548588987,gray,False,True,0.171539306640625,28.475925926935663,,,
10,10000017,10000017,A,1,2,3244.0037370068667,3251.997435126984,7.9936981201171875,6.024011548588987,3250.0277485554557,3244.0037370068667,3251.997435126984,6.024011548588987,A,True,True,0.171539306640625,28.475925926935663,21.459317585301836,0.753595076780392,0.171539306640625
10,10000017,10000017,A,2,3,3251.997435126984,3258.021446675573,6.024011548588987,6.024011548588987,3258.021446675573,3251.997435126984,3258.021446675573,6.024011548588987,A,True,True,0.171539306640625,28.475925926935663,28.475925926935663,1.0,0.171539306640625
10,10000017,10000017,A,3,4,3258.021446675573,3273.523871796906,15.50242512133309,6.024011548588987,3264.045458224162,3258.021446675573,3273.523871796906,6.024011548588987,A,True,True,0.171539306640625,28.475925926935663,11.065320767430608,0.3885851085517753,0.171539306640625
10,10000017,10000017,A,4,5,3273.523871796906,3279.547883345495,6.024011548588987,6.024011548588987,3279.547883345495,3273.523871796906,3279.547883345495,6.024011548588987,A,True,True,0.171539306640625,28.475925926935663,28.475925926935663,1.0,0.171539306640625
10,10000017,10000017,A,5,6,3279.547883345495,3285.571894894084,6.024011548588987,6.024011548588987,3285.571894894084,3279.547883345495,3285.571894894084,6.024011548588987,A,True,True,0.171539306640625,28.475925926935663,28.475925926935663,1.0,0.171539306640625
10,10000017,10000017,A,6,7,3285.571894894084,3296.464216743195,10.892321849110886,6.024011548588987,3291.595906442673,3285.571894894084,3296.464216743195,6.024011548588987,A,True,True,0.171539306640625,28.475925926935663,15.748644689068506,0.5530511889052115,0.171539306640625
10,10000017,10000017,A,7,8,3296.464216743195,3303.0857682568667,6.621551513671875,6.024011548588987,3302.488228291784,3296.464216743195,3303.0857682568667,6.024011548588987,A,True,True,0.171539306640625,28.475925926935663,25.90621039290241,0.9097583151246178,0.171539306640625
10,10000017,10000018,A,8,1,3303.0857682568667,3311.776130097687,8.690361840820515,6.024011548588987,3309.1097798054557,3303.0857682568667,3311.776130097687,6.024011548588987,gray,False,True,0.171539306640625,28.475925926935663,,,
10,10000018,10000018,B,1,2,3311.776130097687,3340.368972093568,28.592841995880917,28.592841995880917,3340.368972093568,3311.776130097687,3340.368972093568,28.592841995880917,B,True,True,0.03759765625,1.3149324665039004,1.3149324665039004,1.0,0.03759765625
10,10000018,10000018,B,2,3,3340.368972093568,3368.961814089449,28.592841995880917,28.592841995880917,3368.961814089449,3340.368972093568,3368.961814089449,28.592841995880917,B,True,True,0.03759765625,1.3149324665039004,1.3149324665039004,1.0,0.03759765625
10,10000018,10000018,B,3,4,3368.961814089449,3397.55465608533,28.592841995880917,28.592841995880917,3397.55465608533,3368.961814089449,3397.55465608533,28.592841995880917,B,True,True,0.03759765625,1.3149324665039004,1.3149324665039004,1.0,0.03759765625
10,10000018,10000018,B,4,5,3397.55465608533,3426.147498081211,28.592841995880917,28.592841995880917,3426.147498081211,3397.55465608533,3426.147498081211,28.592841995880917,B,True,True,0.03759765625,1.3149324665039004,1.3149324665039004,1.0,0.03759765625
10,10000018,10000018,B,5,6,3426.147498081211,3454.740340077092,28.592841995880917,28.592841995880917,3454.740340077092,3426.147498081211,3454.740340077092,28.592841995880917,B,True,True,0.03759765625,1.3149324665039004,1.3149324665039004,1.0,0.03759765625
10,10000018,10000018,B,6,7,3454.740340077092,3483.3331820729727,28.592841995880917,28.592841995880917,3483.3331820729727,3454.740340077092,3483.3331820729727,28.592841995880917,B,True,True,0.03759765625,1.3149324665039004,1.3149324665039004,1.0,0.03759765625
10,10000018,10000018,B,7,8,3483.3331820729727,3511.9260240688536,28.592841995880917,28.592841995880917,3511.9260240688536,3483.3331820729727,3511.9260240688536,28.592841995880917,B,True,True,0.03759765625,1.3149324665039004,1.3149324665039004,1.0,0.03759765625
10,10000018,10000019,B,8,1,3511.9260240688536,3540.5188660647345,28.592841995880917,28.592841995880917,3540.5188660647345,3511.9260240688536,3540.5188660647345,28.592841995880917,gray,False,True,0.03759765625,1.3149324665039004,,,
10,10000019,10000019,A,1,2,3540.5188660647345,3567.851216962921,27.332350898186633,6.024011548588987,3546.5428776133235,3540.5188660647345,3567.851216962921,6.024011548588987,A,True,True,0.171539306640625,28.475925926935663,6.2760538703608475,0.2203985881429852,0.171539306640625
10,10000019,10000019,A,2,3,3567.851216962921,3598.1433464795227,30.292129516601562,6.024011548588987,3573.87522851151,3567.851216962921,3598.1433464795227,6.024011548588987,A,True,True,0.171539306640625,28.475925926935663,5.662834187560604,0.1988639176155488,0.171539306640625
10,10000019,10000019,A,3,4,3598.1433464795227,3614.239943061554,16.096596582031452,6.024011548588987,3604.1673580281117,3598.1433464795227,3614.239943061554,6.024011548588987,A,True,True,0.171539306640625,28.475925926935663,10.656868100435185,0.37424131976529507,0.171539306640625
10,10000019,10000019,A,4,5,3614.239943061554,3634.1255784375307,19.885635375976562,6.024011548588987,3620.263954610143,3614.239943061554,3634.1255784375307,6.024011548588987,A,True,True,0.171539306640625,28.475925926935663,8.62629246676514,0.302932817317292,0.171539306640625
10,10000019,10000019,A,5,6,3634.1255784375307,3654.5944810254214,20.468902587890625,6.024011548588987,3640.1495899861197,3634.1255784375307,3654.5944810254214,6.024011548588987,A,True,True,0.171539306640625,28.475925926935663,8.380483804838049,0.2943006603662663,0.171539306640625
10,10000019,10000019,A,6,7,3654.5944810254214,3670.611150434601,16.016669409179485,6.024011548588987,3660.6184925740104,3654.5944810254214,3670.611150434601,6.024011548588987,A,True,True,0.171539306640625,28.475925926935663,10.710048528710486,0.3761088772386412,0.171539306640625
10,10000019,10000019,A,7,8,3670.611150434601,3686.6698815137024,16.058731079101562,6.024011548588987,3676.63516198319,3670.611150434601,3686.6698815137024,6.024011548588987,A,True,True,0.171539306640625,28.475925926935663,10.681996341782074,0.37512375784338825,0.171539306640625
10,10000019,10000020,A,8,1,3686.6698815137024,3698.205244575226,11.53536306152364,6.024011548588987,3692.6938930622914,3686.6698815137024,3698.205244575226,6.024011548588987,gray,False,True,0.171539306640625,28.475925926935663,,,
10,10000020,10000020,A,1,2,3698.205244575226,3716.0054849560856,17.800240380859577,6.024011548588987,3704.229256123815,3698.205244575226,3716.0054849560856,6.024011548588987,A,True,True,0.171539306640625,28.475925926935663,9.636909556855171,0.3384230448408184,0.171539306640625
10,10000020,10000020,A,2,3,3716.0054849560856,3732.5047135693667,16.499228613281048,6.024011548588987,3722.0294965046746,3716.0054849560856,3732.5047135693667,6.024011548588987,A,True,True,0.171539306640625,28.475925926935663,10.396807672726258,0.36510867809540876,0.171539306640625
10,10000020,10000020,A,3,4,3732.5047135693667,3754.492528608429,21.987815039062298,6.024011548588987,3738.5287251179557,3732.5047135693667,3754.492528608429,6.024011548588987,A,True,True,0.171539306640625,28.475925926935663,7.801562198694052,0.2739704485364768,0.171539306640625
10,10000020,10000020,A,4,5,3754.492528608429,3766.783101728546,12.290573120117188,6.024011548588987,3760.516540157018,3754.492528608429,3766.783101728546,6.024011548588987,A,True,True,0.171539306640625,28.475925926935663,13.95698190508706,0.49013268052804604,0.171539306640625
10,10000020,10000020,A,5,6,3766.783101728546,3775.452582734406,8.66948100585978,6.024011548588987,3772.807113277135,3766.783101728546,3775.452582734406,6.024011548588987,A,True,True,0.171539306640625,28.475925926935663,19.786571598078368,0.6948526151124046,0.171539306640625
10,10000020,10000020,A,6,7,3775.452582734406,3786.1611008984682,10.708518164062298,6.024011548588987,3781.476594282995,3775.452582734406,3786.1611008984682,6.024011548588987,A,True,True,0.171539306640625,28.475925926935663,16.018958366836372,0.5625438978854724,0.171539306640625
10,10000020,10000020,A,7,8,3786.1611008984682,3797.457182441437,11.29608154296875,6.024011548588987,3792.1851124470572,3786.1611008984682,3797.457182441437,6.024011548588987,A,True,True,0.171539306640625,28.475925926935663,15.185735512630014,0.5332832917038064,0.171539306640625
10,10000020,10000021,A,8,1,3797.457182441437,3807.6119065625307,10.15472412109375,6.024011548588987,3803.481193990026,3797.457182441437,3807.6119065625307,6.024011548588987,gray,False,True,0.171539306640625,28.475925926935663,,,
10,10000021,10000021,B,1,2,3807.6119065625307,3836.2047485584117,28.592841995880917,28.592841995880917,3836.2047485584117,3807.6119065625307,3836.2047485584117,28.592841995880917,B,True,True,0.03759765625,1.3149324665039004,1.3149324665039004,1.0,0.03759765625
10,10000021,10000021,B,2,3,3836.2047485584117,3864.7975905542926,28.592841995880917,28.592841995880917,3864.7975905542926,3836.2047485584117,3864.7975905542926,28.592841995880917,B,True,True,0.03759765625,1.3149324665039004,1.3149324665039004,1.0,0.03759765625
10,10000021,10000021,B,3,4,3864.7975905542926,3893.3904325501735,28.592841995880917,28.592841995880917,3893.3904325501735,3864.7975905542926,3893.3904325501735,28.592841995880917,B,True,True,0.03759765625,1.3149324665039004,1.3149324665039004,1.0,0.03759765625
10,10000021,10000021,B,4,5,3893.3904325501735,3921.9832745460544,28.592841995880917,28.592841995880917,3921.9832745460544,3893.3904325501735,3921.9832745460544,28.592841995880917,B,True,True,0.03759765625,1.3149324665039004,1.3149324665039004,1.0,0.03759765625
10,10000021,10000021,B,5,6,3921.9832745460544,3950.5761165419353,28.592841995880917,28.592841995880917,3950.5761165419353,3921.9832745460544,3950.5761165419353,28.592841995880917,B,True,True,0.03759765625,1.3149324665039004,1.3149324665039004,1.0,0.03759765625
10,10000021,10000021,B,6,7,3950.5761165419353,3979.1689585378163,28.592841995880917,28.592841995880917,3979.1689585378163,3950.5761165419353,3979.1689585378163,28.592841995880917,B,True,True,0.03759765625,1.3149324665039004,1.3149324665039004,1.0,0.03759765625
10,10000021,10000021,B,7,8,3979.1689585378163,4007.761800533697,28.592841995880917,28.592841995880917,4007.761800533697,3979.1689585378163,4000.0,20.831041462183748,gray,True,False,0.03759765625,1.3149324665039004,,,
11,11000010,11000010,B,4,5,1999.414444720537,2028.0072867164176,28.59284199588069,28.59284199588069,2028.0072867164176,2000.0,2028.0072867164176,28.00728671641764,gray,True,False,0.03759765625,1.3149324665039108,,,
11,11000010,11000010,B,5,6,2028.0072867164176,2056.6001287122986,28.592841995880917,28.592841995880917,2056.6001287122986,2028.0072867164176,2056.6001287122986,28.592841995880917,B,True,True,0.03759765625,1.3149324665039004,1.3149324665039004,1.0,0.03759765625
11,11000010,11000010,B,6,7,2056.6001287122986,2085.1929707081795,28.592841995880917,28.592841995880917,2085.1929707081795,2056.6001287122986,2085.1929707081795,28.592841995880917,B,True,True,0.03759765625,1.3149324665039004,1.3149324665039004,1.0,0.03759765625
11,11000010,11000010,B,7,8,2085.1929707081795,2113.7858127040604,28.592841995880917,28.592841995880917,2113.7858127040604,2085.1929707081795,2113.7858127040604,28.592841995880917,B,True,True,0.03759765625,1.3149324665039004,1.3149324665039004,1.0,0.03759765625
11,11000010,11000011,B,8,1,2113.7858127040604,2142.3786546999413,28.592841995880917,28.592841995880917,2142.3786546999413,2113.7858127040604,2142.3786546999413,28.592841995880917,gray,False,True,0.03759765625,1.3149324665039004,,,
11,11000011,11000011,A,1,2,2142.3786546999413,2149.229714509262,6.851059809320759,6.024011548588987,2148.4026662485303,2142.3786546999413,2149.229714509262,6.024011548588987,A,True,True,0.171539306640625,28.475925926935663,25.038360693808055,0.8792817047653583,0.171539306640625
11,11000011,11000011,A,2,3,2149.229714509262,2160.3159877026214,11.086273193359375,6.024011548588987,2155.253726057851,2149.229714509262,2160.3159877026214,6.024011548588987,A,True,True,0.171539306640625,28.475925926935663,15.473126419379257,0.5433757082765507,0.171539306640625
11,11000011,11000011,A,3,4,2160.3159877026214,2166.3399992512104,6.024011548588987,6.024011548588987,2166.3399992512104,2160.3159877026214,2166.3399992512104,6.024011548588987,A,True,True,0.171539306640625,28.475925926935663,28.475925926935663,1.0,0.171539306640625
11,11000011,11000011,A,4,5,2166.3399992512104,2172.3640107997994,6.024011548588987,6.024011548588987,2172.3640107997994,2166.3399992512104,2172.3640107997994,6.024011548588987,A,True,True,0.171539306640625,28.475925926935663,28.475925926935663,1.0,0.171539306640625
11,11000011,11000011,A,5,6,2172.3640107997994,2181.1499568188324,8.785946019032963,6.024011548588987,2178.3880223483884,2172.3640107997994,2181.1499568188324,6.024011548588987,A,True,True,0.171539306640625,28.475925926935663,19.524284154377916,0.6856417664687665,0.171539306640625
11,11000011,11000011,A,6,7,2181.1499568188324,2188.484956721176,7.3349999023434975,6.024011548588987,2187.1739683674214,2181.1499568188324,2188.484956721176,6.024011548588987,A,True,True,0.171539306640625,28.475925926935663,23.386408851323775,0.8212694790444843,0.171539306640625
11,11000011,11000011,A,7,8,2188.484956721176,2202.3280116284027,13.843054907226815,6.024011548588987,2194.508968269765,2188.484956721176,2202.3280116284027,6.024011548588987,A,True,True,0.171539306640625,28.475925926935663,12.391723343600429,0.4351648959684564,0.171539306640625
11,11000011,11000012,A,8,1,2202.3280116284027,2216.4690943920746,14.141082763671875,6.024011548588987,2208.3520231769917,2202.3280116284027,2216.4690943920746,6.024011548588987,gray,False,True,0.171539306640625,28.475925926935663,,,
11,11000012,11000012,B,1,2,2216.4690943920746,2245.0619363879555,28.592841995880917,28.592841995880917,2245.0619363879555,2216.4690943920746,2245.0619363879555,28.592841995880917,B,True,True,0.03759765625,1.3149324665039004,1.3149324665039004,1.0,0.03759765625
11,11000012,11000012,B,2,3,2245.0619363879555,2273.6547783838364,28.592841995880917,28.592841995880917,2273.6547783838364,2245.0619363879555,2273.6547783838364,28.592841995880917,B,True,True,0.03759765625,1.3149324665039004,1.3149324665039004,1.0,0.03759765625
11,11000012,11000012,B,3,4,2273.6547783838364,2302.2476203797173,28.592841995880917,28.592841995880917,2302.2476203797173,2273.6547783838364,2302.2476203797173,28.592841995880917,B,True,True,0.03759765625,1.3149324665039004,1.3149324665039004,1.0,0.03759765625
11,11000012,11000012,B,4,5,2302.2476203797173,2330.8404623755982,28.592841995880917,28.592841995880917,2330.8404623755982,2302.2476203797173,2330.8404623755982,28.592841995880917,B,True,True,0.03759765625,1.3149324665039004,1.3149324665039004,1.0,0.03759765625
11,11000012,11000012,B,5,6,2330.8404623755982,2359.433304371479,28.592841995880917,28.592841995880917,2359.433304371479,2330.8404623755982,2359.433304371479,28.592841995880917,B,True,True,0.03759765625,1.3149324665039004,1.3149324665039004,1.0,0.03759765625
11,11000012,11000012,B,6,7,2359.433304371479,2388.02614636736,28.592841995880917,28.592841995880917,2388.02614636736,2359.433304371479,2388.02614636736,28.592841995880917,B,True,True,0.03759765625,1.3149324665039004,1.3149324665039004,1.0,0.03759765625
11,11000012,11000012,B,7,8,2388.02614636736,2416.618988363241,28.592841995880917,28.592841995880917,2416.618988363241,2388.02614636736,2416.618988363241,28.592841995880917,B,True,True,0.03759765625,1.3149324665039004,1.3149324665039004,1.0,0.03759765625
11,11000012,11000013,B,8,1,2416.618988363241,2445.211830359122,28.592841995880917,28.592841995880917,2445.211830359122,2416.618988363241,2445.211830359122,28.592841995880917,gray,False,True,0.03759765625,1.3149324665039004,,,
11,11000013,11000013,B,1,2,2445.211830359122,2473.804672355003,28.592841995880917,28.592841995880917,2473.804672355003,2445.211830359122,2473.804672355003,28.592841995880917,B,True,True,0.03759765625,1.3149324665039004,1.3149324665039004,1.0,0.03759765625
11,11000013,11000013,B,2,3,2473.804672355003,2502.3975143508837,28.592841995880917,28.592841995880917,2502.3975143508837,2473.804672355003,2502.3975143508837,28.592841995880917,B,True,True,0.03759765625,1.3149324665039004,1.3149324665039004,1.0,0.03759765625
11,11000013,11000013,B,3,4,2502.3975143508837,2530.9903563467647,28.592841995880917,28.592841995880917,2530.9903563467647,2502.3975143508837,2530.9903563467647,28.592841995880917,B,True,True,0.03759765625,1.3149324665039004,1.3149324665039004,1.0,0.03759765625
11,11000013,11000013,B,4,5,2530.9903563467647,2559.5831983426456,28.592841995880917,28.592841995880917,2559.5831983426456,2530.9903563467647,2559.5831983426456,28.592841995880917,B,True,True,0.03759765625,1.3149324665039004,1.3149324665039004,1.0,0.03759765625
11,11000013,11000013,B,5,6,2559.5831983426456,2588.1760403385265,28.592841995880917,28.592841995880917,2588.1760403385265,2559.5831983426456,2588.1760403385265,28.592841995880917,B,True,True,0.03759765625,1.3149324665039004,1.3149324665039004,1.0,0.03759765625
11,11000013,11000013,B,6,7,2588.1760403385265,2616.7688823344074,28.592841995880917,28.592841995880917,2616.7688823344074,2588.1760403385265,2616.7688823344074,28.592841995880917,B,True,True,0.03759765625,1.3149324665039004,1.3149324665039004,1.0,0.03759765625
11,11000013,11000013,B,7,8,2616.7688823344074,2645.3617243302883,28.592841995880917,28.592841995880917,2645.3617243302883,2616.7688823344074,2645.3617243302883,28.592841995880917,B,True,True,0.03759765625,1.3149324665039004,1.3149324665039004,1.0,0.03759765625
11,11000013,11000014,B,8,1,2645.3617243302883,2673.9545663261692,28.592841995880917,28.592841995880917,2673.9545663261692,2645.3617243302883,2673.9545663261692,28.592841995880917,gray,False,True,0.03759765625,1.3149324665039004,,,
11,11000014,11000014,A,1,2,2673.9545663261692,2693.991855506344,20.037289180174866,6.024011548588987,2679.9785778747582,2673.9545663261692,2693.991855506344,6.024011548588987,A,True,True,0.171539306640625,28.475925926935663,8.561003691574609,0.30064004638657493,0.171539306640625
11,11000014,11000014,A,2,3,2693.991855506344,2706.6474951547816,12.6556396484375,6.024011548588987,2700.015867054933,2693.991855506344,2706.6474951547816,6.024011548588987,A,True,True,0.171539306640625,28.475925926935663,13.554376657824934,0.47599423782050626,0.171539306640625
11,11000014,11000014,A,3,4,2706.6474951547816,2714.5614661020472,7.913970947265625,6.024011548588987,2712.6715067033706,2706.6474951547816,2714.5614661020472,6.024011548588987,A,True,True,0.171539306640625,28.475925926935663,21.675503711558854,0.7611869677977978,0.171539306640625
11,11000014,11000014,A,4,5,2714.5614661020472,2721.0823096079066,6.520843505859375,6.024011548588987,2720.585477650636,2714.5614661020472,2721.0823096079066,6.024011548588987,A,True,True,0.171539306640625,28.475925926935663,26.306306306306308,0.9238086365937239,0.171539306640625
11,11000014,11000014,A,5,6,2721.0823096079066,2727.1063211564956,6.024011548588987,6.024011548588987,2727.1063211564956,2721.0823096079066,2727.1063211564956,6.024011548588987,A,True,True,0.171539306640625,28.475925926935663,28.475925926935663,1.0,0.171539306640625
11,11000014,11000014,A,6,7,2727.1063211564956,2743.2630483286093,16.156727172113733,6.024011548588987,2733.1303327050846,2727.1063211564956,2743.2630483286093,6.024011548588987,A,True,True,0.171539306640625,28.475925926935663,10.617206369412441,0.3728485035624257,0.171539306640625
11,11000014,11000014,A,7,8,2743.2630483286093,2750.8287374155234,7.5656890869140625,6.024011548588987,2749.2870598771983,2743.2630483286093,2750.8287374155234,6.024011548588987,A,True,True,0.171539306640625,28.475925926935663,22.67332224070993,0.7962277433536589,0.171539306640625
11,11000014,11000015,A,8,1,2750.8287374155234,2756.8527489641124,6.024011548588987,6.024011548588987,2756.8527489641124,2750.8287374155234,2756.8527489641124,6.024011548588987,gray,False,True,0.171539306640625,28.475925926935663,,,
11,11000015,11000015,B,1,2,2756.8527489641124,2785.4455909599933,28.592841995880917,28.592841995880917,2785.4455909599933,2756.8527489641124,2785.4455909599933,28.592841995880917,B,True,True,0.03759765625,1.3149324665039004,1.3149324665039004,1.0,0.03759765625
11,11000015,11000015,B,2,3,2785.4455909599933,2814.038432955874,28.592841995880917,28.592841995880917,2814.038432955874,2785.4455909599933,2814.038432955874,28.592841995880917,B,True,True,0.03759765625,1.3149324665039004,1.3149324665039004,1.0,0.03759765625
11,11000015,11000015,B,3,4,2814.038432955874,2842.631274951755,28.592841995880917,28.592841995880917,2842.631274951755,2814.038432955874,2842.631274951755,28.592841995880917,B,True,True,0.03759765625,1.3149324665039004,1.3149324665039004,1.0,0.03759765625
11,11000015,11000015,B,4,5,2842.631274951755,2871.224116947636,28.592841995880917,28.592841995880917,2871.224116947636,2842.631274951755,2871.224116947636,28.592841995880917,B,True,True,0.03759765625,1.3149324665039004,1.3149324665039004,1.0,0.03759765625
11,11000015,11000015,B,5,6,2871.224116947636,2899.816958943517,28.592841995880917,28.592841995880917,2899.816958943517,2871.224116947636,2899.816958943517,28.592841995880917,B,True,True,0.03759765625,1.3149324665039004,1.3149324665039004,1.0,0.03759765625
11,11000015,11000015,B,6,7,2899.816958943517,2928.409800939398,28.592841995880917,28.592841995880917,2928.409800939398,2899.816958943517,2928.409800939398,28.592841995880917,B,True,True,0.03759765625,1.3149324665039004,1.3149324665039004,1.0,0.03759765625
11,11000015,11000015,B,7,8,2928.409800939398,2957.002642935279,28.592841995880917,28.592841995880917,2957.002642935279,2928.409800939398,2957.002642935279,28.592841995880917,B,True,True,0.03759765625,1.3149324665039004,1.3149324665039004,1.0,0.03759765625
11,11000015,11000016,B,8,1,2957.002642935279,2985.5954849311597,28.592841995880917,28.592841995880917,2985.5954849311597,2957.002642935279,2985.5954849311597,28.592841995880917,gray,False,True,0.03759765625,1.3149324665039004,,,
11,11000016,11000016,B,1,2,2985.5954849311597,3014.1883269270406,28.592841995880917,28.592841995880917,3014.1883269270406,2985.5954849311597,3014.1883269270406,28.592841995880917,B,True,True,0.03759765625,1.3149324665039004,1.3149324665039004,1.0,0.03759765625
11,11000016,11000016,B,2,3,3014.1883269270406,3042.7811689229216,28.592841995880917,28.592841995880917,3042.7811689229216,3014.1883269270406,3042.7811689229216,28.592841995880917,B,True,True,0.03759765625,1.3149324665039004,1.3149324665039004,1.0,0.03759765625
11,11000016,11000016,B,3,4,3042.7811689229216,3071.3740109188025,28.592841995880917,28.592841995880917,3071.3740109188025,3042.7811689229216,3071.3740109188025,28.592841995880917,B,True,True,0.03759765625,1.3149324665039004,1.3149324665039004,1.0,0.03759765625
11,11000016,11000016,B,4,5,3071.3740109188025,3099.9668529146834,28.592841995880917,28.592841995880917,3099.9668529146834,3071.3740109188025,3099.9668529146834,28.592841995880917,B,True,True,0.03759765625,1.3149324665039004,1.3149324665039004,1.0,0.03759765625
11,11000016,11000016,B,5,6,3099.9668529146834,3128.5596949105643,28.592841995880917,28.592841995880917,3128.5596949105643,3099.9668529146834,3128.5596949105643,28.592841995880917,B,True,True,0.03759765625,1.3149324665039004,1.3149324665039004,1.0,0.03759765625
11,11000016,11000016,B,6,7,3128.5596949105643,3157.152536906445,28.592841995880917,28.592841995880917,3157.152536906445,3128.5596949105643,3157.152536906445,28.592841995880917,B,True,True,0.03759765625,1.3149324665039004,1.3149324665039004,1.0,0.03759765625
11,11000016,11000016,B,7,8,3157.152536906445,3185.745378902326,28.592841995880917,28.592841995880917,3185.745378902326,3157.152536906445,3185.745378902326,28.592841995880917,B,True,True,0.03759765625,1.3149324665039004,1.3149324665039004,1.0,0.03759765625
11,11000016,11000017,B,8,1,3185.745378902326,3214.338220898207,28.592841995880917,28.592841995880917,3214.338220898207,3185.745378902326,3214.338220898207,28.592841995880917,gray,False,True,0.03759765625,1.3149324665039004,,,
11,11000017,11000017,B,1,2,3214.338220898207,3242.931062894088,28.592841995880917,28.592841995880917,3242.931062894088,3214.338220898207,3242.931062894088,28.592841995880917,B,True,True,0.03759765625,1.3149324665039004,1.3149324665039004,1.0,0.03759765625
11,11000017,11000017,B,2,3,3242.931062894088,3271.523904889969,28.592841995880917,28.592841995880917,3271.523904889969,3242.931062894088,3271.523904889969,28.592841995880917,B,True,True,0.03759765625,1.3149324665039004,1.3149324665039004,1.0,0.03759765625
11,11000017,11000017,B,3,4,3271.523904889969,3300.11674688585,28.592841995880917,28.592841995880917,3300.11674688585,3271.523904889969,3300.11674688585,28.592841995880917,B,True,True,0.03759765625,1.3149324665039004,1.3149324665039004,1.0,0.03759765625
11,11000017,11000017,B,4,5,3300.11674688585,3328.7095888817307,28.592841995880917,28.592841995880917,3328.7095888817307,3300.11674688585,3328.7095888817307,28.592841995880917,B,True,True,0.03759765625,1.3149324665039004,1.3149324665039004,1.0,0.03759765625
11,11000017,11000017,B,5,6,3328.7095888817307,3357.3024308776116,28.592841995880917,28.592841995880917,3357.3024308776116,3328.7095888817307,3357.3024308776116,28.592841995880917,B,True,True,0.03759765625,1.3149324665039004,1.3149324665039004,1.0,0.03759765625
11,11000017,11000017,B,6,7,3357.3024308776116,3385.8952728734926,28.592841995880917,28.592841995880917,3385.8952728734926,3357.3024308776116,3385.8952728734926,28.592841995880917,B,True,True,0.03759765625,1.3149324665039004,1.3149324665039004,1.0,0.03759765625
11,11000017,11000017,B,7,8,3385.8952728734926,3414.4881148693735,28.592841995880917,28.592841995880917,3414.4881148693735,3385.8952728734926,3414.4881148693735,28.592841995880917,B,True,True,0.03759765625,1.3149324665039004,1.3149324665039004,1.0,0.03759765625
11,11000017,11000018,B,8,1,3414.4881148693735,3443.0809568652544,28.592841995880917,28.592841995880917,3443.0809568652544,3414.4881148693735,3443.0809568652544,28.592841995880917,gray,False,True,0.03759765625,1.3149324665039004,,,
11,11000018,11000018,A,1,2,3443.0809568652544,3451.3069749219057,8.226018056651355,6.024011548588987,3449.1049684138434,3443.0809568652544,3451.3069749219057,6.024011548588987,A,True,True,0.171539306640625,28.475925926935663,20.85326162175423,0.7323119773263955,0.171539306640625
11,11000018,11000018,A,2,3,3451.3069749219057,3461.2310098584294,9.92403493652364,6.024011548588987,3457.3309864704947,3451.3069749219057,3461.2310098584294,6.024011548588987,A,True,True,0.171539306640625,28.475925926935663,17.285238084894804,0.607012327860585,0.171539306640625
11,11000018,11000018,A,3,4,3461.2310098584294,3470.353476899445,9.122467041015625,6.024011548588987,3467.2550214070184,3461.2310098584294,3470.353476899445,6.024011548588987,A,True,True,0.171539306640625,28.475925926935663,18.804047838086476,0.6603489518245845,0.171539306640625
11,11000018,11000018,A,4,5,3470.353476899445,3482.5012803418276,12.14780344238261,6.024011548588987,3476.377488448034,3470.353476899445,3482.5012803418276,6.024011548588987,A,True,True,0.171539306640625,28.475925926935663,14.12101434257156,0.49589307047657233,0.171539306640625
11,11000018,11000018,A,5,6,3482.5012803418276,3500.9643151074524,18.463034765624798,6.024011548588987,3488.5252918904166,3482.5012803418276,3500.9643151074524,6.024011548588987,A,True,True,0.171539306640625,28.475925926935663,9.290959412588206,0.32627418108992184,0.171539306640625
11,11000018,11000018,A,6,7,3500.9643151074524,3513.460500410187,12.496185302734375,6.024011548588987,3506.9883266560414,3500.9643151074524,3513.460500410187,6.024011548588987,A,True,True,0.171539306640625,28.475925926935663,13.727333781061114,0.4820680393776517,0.171539306640625
11,11000018,11000018,A,7,8,3513.460500410187,3551.7380357129214,38.27753530273458,6.024011548588987,3519.484511958776,3513.460500410187,3551.7380357129214,6.024011548588987,A,True,True,0.171539306640625,28.475925926935663,4.48146165326298,0.15737720574079456,0.171539306640625
11,11000018,11000019,A,8,1,3551.7380357129214,3562.606208222687,10.868172509765827,6.024011548588987,3557.7620472615104,3551.7380357129214,3562.606208222687,6.024011548588987,gray,False,True,0.171539306640625,28.475925926935663,,,
11,11000019,11000019,B,1,2,3562.606208222687,3591.199050218568,28.592841995880917,28.592841995880917,3591.199050218568,3562.606208222687,3591.199050218568,28.592841995880917,B,True,True,0.03759765625,1.3149324665039004,1.3149324665039004,1.0,0.03759765625
11,11000019,11000019,B,2,3,3591.199050218568,3619.791892214449,28.592841995880917,28.592841995880917,3619.791892214449,3591.199050218568,3619.791892214449,28.592841995880917,B,True,True,0.03759765625,1.3149324665039004,1.3149324665039004,1.0,0.03759765625
11,11000019,11000019,B,3,4,3619.791892214449,3648.38473421033,28.592841995880917,28.592841995880917,3648.38473421033,3619.791892214449,3648.38473421033,28.592841995880917,B,True,True,0.03759765625,1.3149324665039004,1.3149324665039004,1.0,0.03759765625
11,11000019,11000019,B,4,5,3648.38473421033,3676.977576206211,28.592841995880917,28.592841995880917,3676.977576206211,3648.38473421033,3676.977576206211,28.592841995880917,B,True,True,0.03759765625,1.3149324665039004,1.3149324665039004,1.0,0.03759765625
11,11000019,11000019,B,5,6,3676.977576206211,3705.570418202092,28.592841995880917,28.592841995880917,3705.570418202092,3676.977576206211,3705.570418202092,28.592841995880917,B,True,True,0.03759765625,1.3149324665039004,1.3149324665039004,1.0,0.03759765625
11,11000019,11000019,B,6,7,3705.570418202092,3734.1632601979727,28.592841995880917,28.592841995880917,3734.1632601979727,3705.570418202092,3734.1632601979727,28.592841995880917,B,True,True,0.03759765625,1.3149324665039004,1.3149324665039004,1.0,0.03759765625
11,11000019,11000019,B,7,8,3734.1632601979727,3762.7561021938536,28.592841995880917,28.592841995880917,3762.7561021938536,3734.1632601979727,3762.7561021938536,28.592841995880917,B,True,True,0.03759765625,1.3149324665039004,1.3149324665039004,1.0,0.03759765625
11,11000019,11000020,B,8,1,3762.7561021938536,3791.3489441897345,28.592841995880917,28.592841995880917,3791.3489441897345,3762.7561021938536,3791.3489441897345,28.592841995880917,gray,False,True,0.03759765625,1.3149324665039004,,,
11,11000020,11000020,A,1,2,3791.3489441897345,3806.1726212842104,14.823677094475897,6.024011548588987,3797.3729557383235,3791.3489441897345,3806.1726212842104,6.024011548588987,A,True,True,0.171539306640625,28.475925926935663,11.571980794464945,0.40637768282431486,0.171539306640625
11,11000020,11000020,A,2,3,3806.1726212842104,3814.4516587597964,8.279037475585938,6.024011548588987,3812.1966328327994,3806.1726212842104,3814.4516587597964,6.024011548588987,A,True,True,0.171539306640625,28.475925926935663,20.719716168271667,0.7276222104747323,0.171539306640625
11,11000020,11000020,A,3,4,3814.4516587597964,3830.7161020215153,16.264443261718952,6.024011548588987,3820.4756703083854,3814.4516587597964,3830.7161020215153,6.024011548588987,A,True,True,0.171539306640625,28.475925926935663,10.546890777649367,0.3703792039883401,0.171539306640625
11,11000020,11000020,A,4,5,3830.7161020215153,3836.7401135701043,6.024011548588987,6.024011548588987,3836.7401135701043,3830.7161020215153,3836.7401135701043,6.024011548588987,A,True,True,0.171539306640625,28.475925926935663,28.475925926935663,1.0,0.171539306640625
11,11000020,11000020,A,5,6,3836.7401135701043,3844.361937080109,7.62182351000456,6.024011548588987,3842.7641251186933,3836.7401135701043,3844.361937080109,6.024011548588987,A,True,True,0.171539306640625,28.475925926935663,22.50633413584807,0.7903635581015157,0.171539306640625
11,11000020,11000020,A,6,7,3844.361937080109,3857.3533700879216,12.991433007812702,6.024011548588987,3850.385948628698,3844.361937080109,3857.3533700879216,6.024011548588987,A,True,True,0.171539306640625,28.475925926935663,13.204032729681616,0.4636910758779503,0.171539306640625
11,11000020,11000020,A,7,8,3857.3533700879216,3863.3773816365106,6.024011548588987,6.024011548588987,3863.3773816365106,3857.3533700879216,3863.3773816365106,6.024011548588987,A,True,True,0.171539306640625,28.475925926935663,28.475925926935663,1.0,0.171539306640625
11,11000020,11000021,A,8,1,3863.3773816365106,3874.0037607129216,10.626379076411013,6.024011548588987,3869.4013931850996,3863.3773816365106,3874.0037607129216,6.024011548588987,gray,False,True,0.171539306640625,28.475925926935663,,,
11,11000021,11000021,A,1,2,3874.0037607129216,3886.6382195263977,12.634458813476158,6.024011548588987,3880.0277722615106,3874.0037607129216,3886.6382195263977,6.024011548588987,A,True,True,0.171539306640625,28.475925926935663,13.577099674238351,0.47679221069316086,0.171539306640625
11,11000021,11000021,A,2,3,3886.6382195263977,3893.1004166943667,6.462197167968952,6.024011548588987,3892.6622310749867,3886.6382195263977,3893.1004166943667,6.024011548588987,A,True,True,0.171539306640625,28.475925926935663,26.545043764818963,0.9321924713854429,0.171539306640625
11,11000021,11000021,A,3,4,3893.1004166943667,3901.1235879834294,8.023171289062702,6.024011548588987,3899.1244282429557,3893.1004166943667,3901.1235879834294,6.024011548588987,A,True,True,0.171539306640625,28.475925926935663,21.380486650518076,0.7508267406431922,0.171539306640625
11,11000021,11000021,A,4,5,3901.1235879834294,3907.942259345734,6.818671362304485,6.024011548588987,3907.1475995320184,3901.1235879834294,3907.942259345734,6.024011548588987,A,True,True,0.171539306640625,28.475925926935663,25.15729201863901,0.8834582616624408,0.171539306640625
11,11000021,11000021,A,5,6,3907.942259345734,3917.144453559601,9.202194213867188,6.024011548588987,3913.966270894323,3907.942259345734,3917.144453559601,6.024011548588987,A,True,True,0.171539306640625,28.475925926935663,18.64113087095303,0.6546277342757167,0.171539306640625
11,11000021,11000021,A,6,7,3917.144453559601,3923.16846510819,6.024011548588987,6.024011548588987,3923.16846510819,3917.144453559601,3923.16846510819,6.024011548588987,A,True,True,0.171539306640625,28.475925926935663,28.475925926935663,1.0,0.171539306640625
11,11000021,11000021,A,7,8,3923.16846510819,3929.787504707062,6.61903959887195,6.024011548588987,3929.192476656779,3923.16846510819,3929.787504707062,6.024011548588987,A,True,True,0.171539306640625,28.475925926935663,25.916041757758872,0.9101035669307115,0.171539306640625
11,11000021,11000022,A,8,1,3929.787504707062,3935.851066010773,6.06356130371114,6.024011548588987,3935.811516255651,3929.787504707062,3935.851066010773,6.024011548588987,gray,False,True,0.171539306640625,28.475925926935663,,,
11,11000022,11000022,A,1,2,3935.851066010773,3941.875077559362,6.024011548588987,6.024011548588987,3941.875077559362,3935.851066010773,3941.875077559362,6.024011548588987,A,True,True,0.171539306640625,28.475925926935663,28.475925926935663,1.0,0.171539306640625
11,11000022,11000022,A,2,3,3941.875077559362,3949.4045853955386,7.529507836176435,6.024011548588987,3947.899089107951,3941.875077559362,3949.4045853955386,6.024011548588987,A,True,True,0.171539306640625,28.475925926935663,22.782273472967724,0.8000538255164424,0.171539306640625
11,11000022,11000022,A,3,4,3949.4045853955386,3960.218207734406,10.81362233886739,6.024011548588987,3955.4285969441275,3949.4045853955386,3960.218207734406,6.024011548588987,A,True,True,0.171539306640625,28.475925926935663,15.86326036411143,0.5570761914753477,0.171539306640625
11,11000022,11000022,A,4,5,3960.218207734406,3966.242219282995,6.024011548588987,6.024011548588987,3966.242219282995,3960.218207734406,3966.242219282995,6.024011548588987,A,True,True,0.171539306640625,28.475925926935663,28.475925926935663,1.0,0.171539306640625
11,11000022,11000022,A,5,6,3966.242219282995,3972.266230831584,6.024011548588987,6.024011548588987,3972.266230831584,3966.242219282995,3972.266230831584,6.024011548588987,A,True,True,0.171539306640625,28.475925926935663,28.475925926935663,1.0,0.171539306640625
11,11000022,11000022,A,6,7,3972.266230831584,3978.9415048535466,6.67527402196265,6.024011548588987,3978.290242380173,3972.266230831584,3978.9415048535466,6.024011548588987,A,True,True,0.171539306640625,28.475925926935663,25.697717588257053,0.9024365934295863,0.171539306640625
11,11000022,11000022,A,7,8,3978.9415048535466,3986.1714005810854,7.22989572753886,6.024011548588987,3984.9655164021356,3978.9415048535466,3986.1714005810854,6.024011548588987,A,True,True,0.171539306640625,28.475925926935663,23.726387365066323,0.833208634758503,0.171539306640625
11,11000022,11000023,A,8,1,3986.1714005810854,3992.1954121296744,6.024011548588987,6.024011548588987,3992.1954121296744,3986.1714005810854,3992.1954121296744,6.024011548588987,gray,False,True,0.171539306640625,28.475925926935663,,,
11,11000023,11000023,B,1,2,3992.1954121296744,4020.7882541255553,28.592841995880917,28.592841995880917,4020.7882541255553,3992.1954121296744,4000.0,7.804587870325577,gray,True,False,0.03759765625,1.3149324665039004,,,
12,12000009,12000009,B,7,8,1985.2974849030122,2013.890326898893,28.59284199588069,28.59284199588069,2013.890326898893,2000.0,2013.890326898893,13.890326898892909,gray,True,False,0.03759765625,1.3149324665039108,,,
12,12000009,12000010,B,8,1,2013.890326898893,2042.4831688947736,28.59284199588069,28.59284199588069,2042.4831688947736,2013.890326898893,2042.4831688947736,28.59284199588069,gray,False,True,0.03759765625,1.3149324665039108,,,
12,12000010,12000010,B,1,2,2042.4831688947736,2071.0760108906543,28.59284199588069,28.59284199588069,2071.0760108906543,2042.4831688947736,2071.0760108906543,28.59284199588069,B,True,True,0.03759765625,1.3149324665039108,1.3149324665039108,1.0,0.03759765625
12,12000010,12000010,B,2,3,2071.0760108906543,2099.668852886535,28.592841995880917,28.592841995880917,2099.668852886535,2071.0760108906543,2099.668852886535,28.592841995880917,B,True,True,0.03759765625,1.3149324665039004,1.3149324665039004,1.0,0.03759765625
12,12000010,12000010,B,3,4,2099.668852886535,2128.261694882416,28.592841995880917,28.592841995880917,2128.261694882416,2099.668852886535,2128.261694882416,28.592841995880917,B,True,True,0.03759765625,1.3149324665039004,1.3149324665039004,1.0,0.03759765625
12,12000010,12000010,B,4,5,2128.261694882416,2156.854536878297,28.592841995880917,28.592841995880917,2156.854536878297,2128.261694882416,2156.854536878297,28.592841995880917,B,True,True,0.03759765625,1.3149324665039004,1.3149324665039004,1.0,0.03759765625
12,12000010,12000010,B,5,6,2156.854536878297,2185.447378874178,28.592841995880917,28.592841995880917,2185.447378874178,2156.854536878297,2185.447378874178,28.592841995880917,B,True,True,0.03759765625,1.3149324665039004,1.3149324665039004,1.0,0.03759765625
12,12000010,12000010,B,6,7,2185.447378874178,2214.040220870059,28.592841995880917,28.592841995880917,2214.040220870059,2185.447378874178,2214.040220870059,28.592841995880917,B,True,True,0.03759765625,1.3149324665039004,1.3149324665039004,1.0,0.03759765625
12,12000010,12000010,B,7,8,2214.040220870059,2242.63306286594,28.592841995880917,28.592841995880917,2242.63306286594,2214.040220870059,2242.63306286594,28.592841995880917,B,True,True,0.03759765625,1.3149324665039004,1.3149324665039004,1.0,0.03759765625
12,12000010,12000011,B,8,1,2242.63306286594,2271.2259048618207,28.592841995880917,28.592841995880917,2271.2259048618207,2242.63306286594,2271.2259048618207,28.592841995880917,gray,False,True,0.03759765625,1.3149324665039004,,,
12,12000011,12000011,B,1,2,2271.2259048618207,2299.8187468577016,28.592841995880917,28.592841995880917,2299.8187468577016,2271.2259048618207,2299.8187468577016,28.592841995880917,B,True,True,0.03759765625,1.3149324665039004,1.3149324665039004,1.0,0.03759765625
12,12000011,12000011,B,2,3,2299.8187468577016,2328.4115888535825,28.592841995880917,28.592841995880917,2328.4115888535825,2299.8187468577016,2328.4115888535825,28.592841995880917,B,True,True,0.03759765625,1.3149324665039004,1.3149324665039004,1.0,0.03759765625
12,12000011,12000011,B,3,4,2328.4115888535825,2357.0044308494635,28.592841995880917,28.592841995880917,2357.0044308494635,2328.4115888535825,2357.0044308494635,28.592841995880917,B,True,True,0.03759765625,1.3149324665039004,1.3149324665039004,1.0,0.03759765625
12,12000011,12000011,B,4,5,2357.0044308494635,2385.5972728453444,28.592841995880917,28.592841995880917,2385.5972728453444,2357.0044308494635,2385.5972728453444,28.592841995880917,B,True,True,0.03759765625,1.3149324665039004,1.3149324665039004,1.0,0.03759765625
12,12000011,12000011,B,5,6,2385.5972728453444,2414.1901148412253,28.592841995880917,28.592841995880917,2414.1901148412253,2385.5972728453444,2414.1901148412253,28.592841995880917,B,True,True,0.03759765625,1.3149324665039004,1.3149324665039004,1.0,0.03759765625
12,12000011,12000011,B,6,7,2414.1901148412253,2442.782956837106,28.592841995880917,28.592841995880917,2442.782956837106,2414.1901148412253,2442.782956837106,28.592841995880917,B,True,True,0.03759765625,1.3149324665039004,1.3149324665039004,1.0,0.03759765625
12,12000011,12000011,B,7,8,2442.782956837106,2471.375798832987,28.592841995880917,28.592841995880917,2471.375798832987,2442.782956837106,2471.375798832987,28.592841995880917,B,True,True,0.03759765625,1.3149324665039004,1.3149324665039004,1.0,0.03759765625
12,12000011,12000012,B,8,1,2471.375798832987,2499.968640828868,28.592841995880917,28.592841995880917,2499.968640828868,2471.375798832987,2499.968640828868,28.592841995880917,gray,False,True,0.03759765625,1.3149324665039004,,,
12,12000012,12000012,A,1,2,2499.968640828868,2517.282771131344,17.31413030247586,6.024011548588987,2505.992652377457,2499.968640828868,2517.282771131344,6.024011548588987,A,True,True,0.171539306640625,28.475925926935663,9.907474625860676,0.3479245820234803,0.171539306640625
12,12000012,12000012,A,2,3,2517.282771131344,2535.09550001318,17.812728881835938,6.024011548588987,2523.306782679933,2517.282771131344,2535.09550001318,6.024011548588987,A,True,True,0.171539306640625,28.475925926935663,9.630153121319198,0.33818577650568826,0.171539306640625
12,12000012,12000012,A,3,4,2535.09550001318,2545.5356634897425,10.440163476562702,6.024011548588987,2541.119511561769,2535.09550001318,2545.5356634897425,6.024011548588987,A,True,True,0.171539306640625,28.475925926935663,16.43071078587193,0.5770035653284924,0.171539306640625
12,12000012,12000012,A,4,5,2545.5356634897425,2554.2258253305627,8.69016184082011,6.024011548588987,2551.5596750383315,2545.5356634897425,2554.2258253305627,6.024011548588987,A,True,True,0.171539306640625,28.475925926935663,19.73948354274107,0.693199005833531,0.171539306640625
12,12000012,12000012,A,5,6,2554.2258253305627,2571.6775838510703,17.45175852050761,6.024011548588987,2560.2498368791516,2554.2258253305627,2571.6775838510703,6.024011548588987,A,True,True,0.171539306640625,28.475925926935663,9.829342208640389,0.34518077599516145,0.171539306640625
12,12000012,12000012,A,6,7,2571.6775838510703,2583.107942737789,11.43035888671875,6.024011548588987,2577.7015953996593,2571.6775838510703,2583.107942737789,6.024011548588987,A,True,True,0.171539306640625,28.475925926935663,15.00734214390602,0.5270185834312213,0.171539306640625
12,12000012,12000012,A,7,8,2583.107942737789,2602.708338758297,19.600396020508015,6.024011548588987,2589.131954286378,2583.107942737789,2602.708338758297,6.024011548588987,A,True,True,0.171539306640625,28.475925926935663,8.751828609031286,0.3073413181185741,0.171539306640625
12,12000012,12000013,A,8,1,2602.708338758297,2608.732350306886,6.024011548588987,6.024011548588987,2608.732350306886,2602.708338758297,2608.732350306886,6.024011548588987,gray,False,True,0.171539306640625,28.475925926935663,,,
12,12000013,12000013,B,1,2,2608.732350306886,2637.325192302767,28.592841995880917,28.592841995880917,2637.325192302767,2608.732350306886,2637.325192302767,28.592841995880917,B,True,True,0.03759765625,1.3149324665039004,1.3149324665039004,1.0,0.03759765625
12,12000013,12000013,B,2,3,2637.325192302767,2665.918034298648,28.592841995880917,28.592841995880917,2665.918034298648,2637.325192302767,2665.918034298648,28.592841995880917,B,True,True,0.03759765625,1.3149324665039004,1.3149324665039004,1.0,0.03759765625
12,12000013,12000013,B,3,4,2665.918034298648,2694.5108762945288,28.592841995880917,28.592841995880917,2694.5108762945288,2665.918034298648,2694.5108762945288,28.592841995880917,B,True,True,0.03759765625,1.3149324665039004,1.3149324665039004,1.0,0.03759765625
12,12000013,12000013,B,4,5,2694.5108762945288,2723.1037182904097,28.592841995880917,28.592841995880917,2723.1037182904097,2694.5108762945288,2723.1037182904097,28.592841995880917,B,True,True,0.03759765625,1.3149324665039004,1.3149324665039004,1.0,0.03759765625
12,12000013,12000013,B,5,6,2723.1037182904097,2751.6965602862906,28.592841995880917,28.592841995880917,2751.6965602862906,2723.1037182904097,2751.6965602862906,28.592841995880917,B,True,True,0.03759765625,1.3149324665039004,1.3149324665039004,1.0,0.03759765625
12,12000013,12000013,B,6,7,2751.6965602862906,2780.2894022821715,28.592841995880917,28.592841995880917,2780.2894022821715,2751.6965602862906,2780.2894022821715,28.592841995880917,B,True,True,0.03759765625,1.3149324665039004,1.3149324665039004,1.0,0.03759765625
12,12000013,12000013,B,7,8,2780.2894022821715,2808.8822442780524,28.592841995880917,28.592841995880917,2808.8822442780524,2780.2894022821715,2808.8822442780524,28.592841995880917,B,True,True,0.03759765625,1.3149324665039004,1.3149324665039004,1.0,0.03759765625
12,12000013,12000014,B,8,1,2808.8822442780524,2837.4750862739334,28.592841995880917,28.592841995880917,2837.4750862739334,2808.8822442780524,2837.4750862739334,28.592841995880917,gray,False,True,0.03759765625,1.3149324665039004,,,
12,12000014,12000014,B,1,2,2837.4750862739334,2866.0679282698143,28.592841995880917,28.592841995880917,2866.0679282698143,2837.4750862739334,2866.0679282698143,28.592841995880917,B,True,True,0.03759765625,1.3149324665039004,1.3149324665039004,1.0,0.03759765625
12,12000014,12000014,B,2,3,2866.0679282698143,2894.660770265695,28.592841995880917,28.592841995880917,2894.660770265695,2866.0679282698143,2894.660770265695,28.592841995880917,B,True,True,0.03759765625,1.3149324665039004,1.3149324665039004,1.0,0.03759765625
12,12000014,12000014,B,3,4,2894.660770265695,2923.253612261576,28.592841995880917,28.592841995880917,2923.253612261576,2894.660770265695,2923.253612261576,28.592841995880917,B,True,True,0.03759765625,1.3149324665039004,1.3149324665039004,1.0,0.03759765625
12,12000014,12000014,B,4,5,2923.253612261576,2951.846454257457,28.592841995880917,28.592841995880917,2951.846454257457,2923.253612261576,2951.846454257457,28.592841995880917,B,True,True,0.03759765625,1.3149324665039004,1.3149324665039004,1.0,0.03759765625
12,12000014,12000014,B,5,6,2951.846454257457,2980.439296253338,28.592841995880917,28.592841995880917,2980.439296253338,2951.846454257457,2980.439296253338,28.592841995880917,B,True,True,0.03759765625,1.3149324665039004,1.3149324665039004,1.0,0.03759765625
12,12000014,12000014,B,6,7,2980.439296253338,3009.032138249219,28.592841995880917,28.592841995880917,3009.032138249219,2980.439296253338,3009.032138249219,28.592841995880917,B,True,True,0.03759765625,1.3149324665039004,1.3149324665039004,1.0,0.03759765625
12,12000014,12000014,B,7,8,3009.032138249219,3037.6249802451,28.592841995880917,28.592841995880917,3037.6249802451,3009.032138249219,3037.6249802451,28.592841995880917,B,True,True,0.03759765625,1.3149324665039004,1.3149324665039004,1.0,0.03759765625
12,12000014,12000015,B,8,1,3037.6249802451,3066.2178222409807,28.592841995880917,28.592841995880917,3066.2178222409807,3037.6249802451,3066.2178222409807,28.592841995880917,gray,False,True,0.03759765625,1.3149324665039004,,,
12,12000015,12000015,A,1,2,3066.2178222409807,3072.2418337895697,6.024011548588987,6.024011548588987,3072.2418337895697,3066.2178222409807,3072.2418337895697,6.024011548588987,A,True,True,0.171539306640625,28.475925926935663,28.475925926935663,1.0,0.171539306640625
12,12000015,12000015,A,2,3,3072.2418337895697,3078.2658453381587,6.024011548588987,6.024011548588987,3078.2658453381587,3072.2418337895697,3078.2658453381587,6.024011548588987,A,True,True,0.171539306640625,28.475925926935663,28.475925926935663,1.0,0.171539306640625
12,12000015,12000015,A,3,4,3078.2658453381587,3084.2898568867477,6.024011548588987,6.024011548588987,3084.2898568867477,3078.2658453381587,3084.2898568867477,6.024011548588987,A,True,True,0.171539306640625,28.475925926935663,28.475925926935663,1.0,0.171539306640625
12,12000015,12000015,A,4,5,3084.2898568867477,3090.3138684353366,6.024011548588987,6.024011548588987,3090.3138684353366,3084.2898568867477,3090.3138684353366,6.024011548588987,A,True,True,0.171539306640625,28.475925926935663,28.475925926935663,1.0,0.171539306640625
12,12000015,12000015,A,5,6,3090.3138684353366,3096.3378799839256,6.024011548588987,6.024011548588987,3096.3378799839256,3090.3138684353366,3096.3378799839256,6.024011548588987,A,True,True,0.171539306640625,28.475925926935663,28.475925926935663,1.0,0.171539306640625
12,12000015,12000015,A,6,7,3096.3378799839256,3102.3618915325146,6.024011548588987,6.024011548588987,3102.3618915325146,3096.3378799839256,3102.3618915325146,6.024011548588987,A,True,True,0.171539306640625,28.475925926935663,28.475925926935663,1.0,0.171539306640625
12,12000015,12000015,A,7,8,3102.3618915325146,3108.3859030811036,6.024011548588987,6.024011548588987,3108.3859030811036,3102.3618915325146,3108.3859030811036,6.024011548588987,A,True,True,0.171539306640625,28.475925926935663,28.475925926935663,1.0,0.171539306640625
12,12000015,12000016,A,8,1,3108.3859030811036,3114.4099146296926,6.024011548588987,6.024011548588987,3114.4099146296926,3108.3859030811036,3114.4099146296926,6.024011548588987,gray,False,True,0.171539306640625,28.475925926935663,,,
12,12000016,12000016,A,1,2,3114.4099146296926,3120.4339261782816,6.024011548588987,6.024011548588987,3120.4339261782816,3114.4099146296926,3120.4339261782816,6.024011548588987,A,True,True,0.171539306640625,28.475925926935663,28.475925926935663,1.0,0.171539306640625
12,12000016,12000016,A,2,3,3120.4339261782816,3126.4579377268706,6.024011548588987,6.024011548588987,3126.4579377268706,3120.4339261782816,3126.4579377268706,6.024011548588987,A,True,True,0.171539306640625,28.475925926935663,28.475925926935663,1.0,0.171539306640625
12,12000016,12000016,A,3,4,3126.4579377268706,3132.4819492754596,6.024011548588987,6.024011548588987,3132.4819492754596,3126.4579377268706,3132.4819492754596,6.024011548588987,A,True,True,0.171539306640625,28.475925926935663,28.475925926935663,1.0,0.171539306640625
12,12000016,12000016,A,4,5,3132.4819492754596,3138.5059608240485,6.024011548588987,6.024011548588987,3138.5059608240485,3132.4819492754596,3138.5059608240485,6.024011548588987,A,True,True,0.171539306640625,28.475925926935663,28.475925926935663,1.0,0.171539306640625
12,12000016,12000016,A,5,6,3138.5059608240485,3144.5299723726375,6.024011548588987,6.024011548588987,3144.5299723726375,3138.5059608240485,3144.5299723726375,6.024011548588987,A,True,True,0.171539306640625,28.475925926935663,28.475925926935663,1.0,0.171539306640625
12,12000016,12000016,A,6,7,3144.5299723726375,3150.5539839212265,6.024011548588987,6.024011548588987,3150.5539839212265,3144.5299723726375,3150.5539839212265,6.024011548588987,A,True,True,0.171539306640625,28.475925926935663,28.475925926935663,1.0,0.171539306640625
12,12000016,12000016,A,7,8,3150.5539839212265,3156.5779954698155,6.024011548588987,6.024011548588987,3156.5779954698155,3150.5539839212265,3156.5779954698155,6.024011548588987,A,True,True,0.171539306640625,28.475925926935663,28.475925926935663,1.0,0.171539306640625
12,12000016,12000017,A,8,1,3156.5779954698155,3162.6020070184045,6.024011548588987,6.024011548588987,3162.6020070184045,3156.5779954698155,3162.6020070184045,6.024011548588987,gray,False,True,0.171539306640625,28.475925926935663,,,
12,12000017,12000017,B,1,2,3162.6020070184045,3191.1948490142854,28.592841995880917,28.592841995880917,3191.1948490142854,3162.6020070184045,3191.1948490142854,28.592841995880917,B,True,True,0.03759765625,1.3149324665039004,1.3149324665039004,1.0,0.03759765625
12,12000017,12000017,B,2,3,3191.1948490142854,3219.7876910101663,28.592841995880917,28.592841995880917,3219.7876910101663,3191.1948490142854,3219.7876910101663,28.592841995880917,B,True,True,0.03759765625,1.3149324665039004,1.3149324665039004,1.0,0.03759765625
12,12000017,12000017,B,3,4,3219.7876910101663,3248.3805330060472,28.592841995880917,28.592841995880917,3248.3805330060472,3219.7876910101663,3248.3805330060472,28.592841995880917,B,True,True,0.03759765625,1.3149324665039004,1.3149324665039004,1.0,0.03759765625
12,12000017,12000017,B,4,5,3248.3805330060472,3276.973375001928,28.592841995880917,28.592841995880917,3276.973375001928,3248.3805330060472,3276.973375001928,28.592841995880917,B,True,True,0.03759765625,1.3149324665039004,1.3149324665039004,1.0,0.03759765625
12,12000017,12000017,B,5,6,3276.973375001928,3305.566216997809,28.592841995880917,28.592841995880917,3305.566216997809,3276.973375001928,3305.566216997809,28.592841995880917,B,True,True,0.03759765625,1.3149324665039004,1.3149324665039004,1.0,0.03759765625
12,12000017,12000017,B,6,7,3305.566216997809,3334.15905899369,28.592841995880917,28.592841995880917,3334.15905899369,3305.566216997809,3334.15905899369,28.592841995880917,B,True,True,0.03759765625,1.3149324665039004,1.3149324665039004,1.0,0.03759765625
12,12000017,12000017,B,7,8,3334.15905899369,3362.751900989571,28.592841995880917,28.592841995880917,3362.751900989571,3334.15905899369,3362.751900989571,28.592841995880917,B,True,True,0.03759765625,1.3149324665039004,1.3149324665039004,1.0,0.03759765625
12,12000017,12000018,B,8,1,3362.751900989571,3391.344742985452,28.592841995880917,28.592841995880917,3391.344742985452,3362.751900989571,3391.344742985452,28.592841995880917,gray,False,True,0.03759765625,1.3149324665039004,,,
12,12000018,12000018,B,1,2,3391.344742985452,3419.9375849813327,28.592841995880917,28.592841995880917,3419.9375849813327,3391.344742985452,3419.9375849813327,28.592841995880917,B,True,True,0.03759765625,1.3149324665039004,1.3149324665039004,1.0,0.03759765625
12,12000018,12000018,B,2,3,3419.9375849813327,3448.5304269772137,28.592841995880917,28.592841995880917,3448.5304269772137,3419.9375849813327,3448.5304269772137,28.592841995880917,B,True,True,0.03759765625,1.3149324665039004,1.3149324665039004,1.0,0.03759765625
12,12000018,12000018,B,3,4,3448.5304269772137,3477.1232689730946,28.592841995880917,28.592841995880917,3477.1232689730946,3448.5304269772137,3477.1232689730946,28.592841995880917,B,True,True,0.03759765625,1.3149324665039004,1.3149324665039004,1.0,0.03759765625
12,12000018,12000018,B,4,5,3477.1232689730946,3505.7161109689755,28.592841995880917,28.592841995880917,3505.7161109689755,3477.1232689730946,3505.7161109689755,28.592841995880917,B,True,True,0.03759765625,1.3149324665039004,1.3149324665039004,1.0,0.03759765625
12,12000018,12000018,B,5,6,3505.7161109689755,3534.3089529648564,28.592841995880917,28.592841995880917,3534.3089529648564,3505.7161109689755,3534.3089529648564,28.592841995880917,B,True,True,0.03759765625,1.3149324665039004,1.3149324665039004,1.0,0.03759765625
12,12000018,12000018,B,6,7,3534.3089529648564,3562.9017949607373,28.592841995880917,28.592841995880917,3562.9017949607373,3534.3089529648564,3562.9017949607373,28.592841995880917,B,True,True,0.03759765625,1.3149324665039004,1.3149324665039004,1.0,0.03759765625
12,12000018,12000018,B,7,8,3562.9017949607373,3591.4946369566183,28.592841995880917,28.592841995880917,3591.4946369566183,3562.9017949607373,3591.4946369566183,28.592841995880917,B,True,True,0.03759765625,1.3149324665039004,1.3149324665039004,1.0,0.03759765625
12,12000018,12000019,B,8,1,3591.4946369566183,3620.087478952499,28.592841995880917,28.592841995880917,3620.087478952499,3591.4946369566183,3620.087478952499,28.592841995880917,gray,False,True,0.03759765625,1.3149324665039004,,,
12,12000019,12000019,B,1,2,3620.087478952499,3648.68032094838,28.592841995880917,28.592841995880917,3648.68032094838,3620.087478952499,3648.68032094838,28.592841995880917,B,True,True,0.03759765625,1.3149324665039004,1.3149324665039004,1.0,0.03759765625
12,12000019,12000019,B,2,3,3648.68032094838,3677.273162944261,28.592841995880917,28.592841995880917,3677.273162944261,3648.68032094838,3677.273162944261,28.592841995880917,B,True,True,0.03759765625,1.3149324665039004,1.3149324665039004,1.0,0.03759765625
12,12000019,12000019,B,3,4,3677.273162944261,3705.866004940142,28.592841995880917,28.592841995880917,3705.866004940142,3677.273162944261,3705.866004940142,28.592841995880917,B,True,True,0.03759765625,1.3149324665039004,1.3149324665039004,1.0,0.03759765625
12,12000019,12000019,B,4,5,3705.866004940142,3734.458846936023,28.592841995880917,28.592841995880917,3734.458846936023,3705.866004940142,3734.458846936023,28.592841995880917,B,True,True,0.03759765625,1.3149324665039004,1.3149324665039004,1.0,0.03759765625
12,12000019,12000019,B,5,6,3734.458846936023,3763.0516889319038,28.592841995880917,28.592841995880917,3763.0516889319038,3734.458846936023,3763.0516889319038,28.592841995880917,B,True,True,0.03759765625,1.3149324665039004,1.3149324665039004,1.0,0.03759765625
12,12000019,12000019,B,6,7,3763.0516889319038,3791.6445309277847,28.592841995880917,28.592841995880917,3791.6445309277847,3763.0516889319038,3791.6445309277847,28.592841995880917,B,True,True,0.03759765625,1.3149324665039004,1.3149324665039004,1.0,0.03759765625
12,12000019,12000019,B,7,8,3791.6445309277847,3820.2373729236656,28.592841995880917,28.592841995880917,3820.2373729236656,3791.6445309277847,3820.2373729236656,28.592841995880917,B,True,True,0.03759765625,1.3149324665039004,1.3149324665039004,1.0,0.03759765625
12,12000019,12000020,B,8,1,3820.2373729236656,3848.8302149195465,28.592841995880917,28.592841995880917,3848.8302149195465,3820.2373729236656,3848.8302149195465,28.592841995880917,gray,False,True,0.03759765625,1.3149324665039004,,,
12,12000020,12000020,B,1,2,3848.8302149195465,3877.4230569154274,28.592841995880917,28.592841995880917,3877.4230569154274,3848.8302149195465,3877.4230569154274,28.592841995880917,B,True,True,0.03759765625,1.3149324665039004,1.3149324665039004,1.0,0.03759765625
12,12000020,12000020,B,2,3,3877.4230569154274,3906.0158989113083,28.592841995880917,28.592841995880917,3906.0158989113083,3877.4230569154274,3906.0158989113083,28.592841995880917,B,True,True,0.03759765625,1.3149324665039004,1.3149324665039004,1.0,0.03759765625
12,12000020,12000020,B,3,4,3906.0158989113083,3934.6087409071893,28.592841995880917,28.592841995880917,3934.6087409071893,3906.0158989113083,3934.6087409071893,28.592841995880917,B,True,True,0.03759765625,1.3149324665039004,1.3149324665039004,1.0,0.03759765625
12,12000020,12000020,B,4,5,3934.6087409071893,3963.20158290307,28.592841995880917,28.592841995880917,3963.20158290307,3934.6087409071893,3963.20158290307,28.592841995880917,B,True,True,0.03759765625,1.3149324665039004,1.3149324665039004,1.0,0.03759765625
12,12000020,12000020,B,5,6,3963.20158290307,3991.794424898951,28.592841995880917,28.592841995880917,3991.794424898951,3963.20158290307,3991.794424898951,28.592841995880917,B,True,True,0.03759765625,1.3149324665039004,1.3149324665039004,1.0,0.03759765625
12,12000020,12000020,B,6,7,3991.794424898951,4020.387266894832,28.592841995880917,28.592841995880917,4020.387266894832,3991.794424898951,4000.0,8.205575101048908,gray,True,False,0.03759765625,1.3149324665039004,,,
13,13000010,13000011,B,8,1,1971.9579802829223,2000.550822278803,28.59284199588069,28.59284199588069,2000.550822278803,2000.0,2000.550822278803,0.5508222788030253,gray,False,False,0.03759765625,1.3149324665039108,,,
13,13000011,13000011,A,1,2,2000.550822278803,2016.8909999096527,16.340177630849666,6.024011548589215,2006.5748338273922,2000.550822278803,2016.8909999096527,6.024011548589215,A,True,True,0.171539306640625,28.47592592693459,10.498007458423523,0.36866254973973467,0.171539306640625
13,13000011,13000011,A,2,3,2016.8909999096527,2033.9484187328949,17.057418823242188,6.024011548589215,2022.915011458242,2016.8909999096527,2033.9484187328949,6.024011548589215,A,True,True,0.171539306640625,28.47592592693459,10.056580565805659,0.35316079243953286,0.171539306640625
13,13000011,13000011,A,3,4,2033.9484187328949,2044.5478365551605,10.59941782226565,6.024011548589215,2039.972430281484,2033.9484187328949,2044.5478365551605,6.024011548589215,A,True,True,0.171539306640625,28.47592592693459,16.18384231257317,0.5683341905755318,0.171539306640625
13,13000011,13000011,A,4,5,2044.5478365551605,2067.7484438549654,23.200607299804915,6.024011548589215,2050.5718481037497,2044.5478365551605,2067.7484438549654,6.024011548589215,A,True,True,0.171539306640625,28.47592592693459,7.393742087176633,0.2596488734430615,0.171539306640625
13,13000011,13000011,A,5,6,2067.7484438549654,2084.7303316723483,16.981887817382812,6.024011548588987,2073.7724554035544,2067.7484438549654,2084.7303316723483,6.024011548588987,A,True,True,0.171539306640625,28.475925926935663,10.101309612058316,0.3547315594926234,0.171539306640625
13,13000011,13000011,A,6,7,2084.7303316723483,2133.2381221020355,48.50779042968725,6.024011548588987,2090.7543432209372,2084.7303316723483,2133.2381221020355,6.024011548588987,A,True,True,0.171539306640625,28.475925926935663,3.5363248896952695,0.12418647592948767,0.171539306640625
13,13000011,13000011,A,7,8,2133.2381221020355,2143.0404681957853,9.802346093749748,6.024011548588987,2139.2621336506245,2133.2381221020355,2143.0404681957853,6.024011548588987,A,True,True,0.171539306640625,28.475925926935663,17.49982147131117,0.6145479348489916,0.171539306640625
13,13000011,13000012,A,8,1,2143.0404681957853,2153.774263361801,10.733795166015625,6.024011548588987,2149.0644797443742,2143.0404681957853,2153.774263361801,6.024011548588987,gray,False,True,0.171539306640625,28.475925926935663,,,
13,13000012,13000012,A,1,2,2153.774263361801,2171.058275202621,17.284011840820312,6.024011548588987,2159.79827491039,2153.774263361801,2171.058275202621,6.024011548588987,A,True,True,0.171539306640625,28.475925926935663,9.924739014323865,0.34853086216718787,0.171539306640625
13,13000012,13000012,A,2,3,2171.058275202621,2177.08228675121,6.024011548588987,6.024011548588987,2177.08228675121,2171.058275202621,2177.08228675121,6.024011548588987,A,True,True,0.171539306640625,28.475925926935663,28.475925926935663,1.0,0.171539306640625
13,13000012,13000012,A,3,4,2177.08228675121,2184.27180506102,7.189518309809955,6.024011548588987,2183.106298299799,2177.08228675121,2184.27180506102,6.024011548588987,A,True,True,0.171539306640625,28.475925926935663,23.859638330229025,0.8378880599510183,0.171539306640625
13,13000012,13000012,A,4,5,2184.27180506102,2195.4504939282074,11.178688867187248,6.024011548588987,2190.295816609609,2184.27180506102,2195.4504939282074,6.024011548588987,A,True,True,0.171539306640625,28.475925926935663,15.345208072132996,0.538883550670351,0.171539306640625
13,13000012,13000012,A,5,6,2195.4504939282074,2201.4745054767964,6.024011548588987,6.024011548588987,2201.4745054767964,2195.4504939282074,2201.4745054767964,6.024011548588987,A,True,True,0.171539306640625,28.475925926935663,28.475925926935663,1.0,0.171539306640625
13,13000012,13000012,A,6,7,2201.4745054767964,2208.8615436352384,7.38703815844201,6.024011548588987,2207.4985170253854,2201.4745054767964,2208.8615436352384,6.024011548588987,A,True,True,0.171539306640625,28.475925926935663,23.221662452709477,0.8154840166494419,0.171539306640625
13,13000012,13000012,A,7,8,2208.8615436352384,2218.2105036938324,9.348960058594002,6.024011548588987,2214.8855551838274,2208.8615436352384,2218.2105036938324,6.024011548588987,A,True,True,0.171539306640625,28.475925926935663,18.34849069474182,0.6443509770962635,0.171539306640625
13,13000012,13000013,A,8,1,2218.2105036938324,2229.405777228989,11.195273535156502,6.024011548588987,2224.2345152424214,2218.2105036938324,2229.405777228989,6.024011548588987,gray,False,True,0.171539306640625,28.475925926935663,,,
13,13000013,13000013,B,1,2,2229.405777228989,2257.99861922487,28.592841995880917,28.592841995880917,2257.99861922487,2229.405777228989,2257.99861922487,28.592841995880917,B,True,True,0.03759765625,1.3149324665039004,1.3149324665039004,1.0,0.03759765625
13,13000013,13000013,B,2,3,2257.99861922487,2286.5914612207507,28.592841995880917,28.592841995880917,2286.5914612207507,2257.99861922487,2286.5914612207507,28.592841995880917,B,True,True,0.03759765625,1.3149324665039004,1.3149324665039004,1.0,0.03759765625
13,13000013,13000013,B,3,4,2286.5914612207507,2315.1843032166316,28.592841995880917,28.592841995880917,2315.1843032166316,2286.5914612207507,2315.1843032166316,28.592841995880917,B,True,True,0.03759765625,1.3149324665039004,1.3149324665039004,1.0,0.03759765625
13,13000013,13000013,B,4,5,2315.1843032166316,2343.7771452125126,28.592841995880917,28.592841995880917,2343.7771452125126,2315.1843032166316,2343.7771452125126,28.592841995880917,B,True,True,0.03759765625,1.3149324665039004,1.3149324665039004,1.0,0.03759765625
13,13000013,13000013,B,5,6,2343.7771452125126,2372.3699872083935,28.592841995880917,28.592841995880917,2372.3699872083935,2343.7771452125126,2372.3699872083935,28.592841995880917,B,True,True,0.03759765625,1.3149324665039004,1.3149324665039004,1.0,0.03759765625
13,13000013,13000013,B,6,7,2372.3699872083935,2400.9628292042744,28.592841995880917,28.592841995880917,2400.9628292042744,2372.3699872083935,2400.9628292042744,28.592841995880917,B,True,True,0.03759765625,1.3149324665039004,1.3149324665039004,1.0,0.03759765625
13,13000013,13000013,B,7,8,2400.9628292042744,2429.5556712001553,28.592841995880917,28.592841995880917,2429.5556712001553,2400.9628292042744,2429.5556712001553,28.592841995880917,B,True,True,0.03759765625,1.3149324665039004,1.3149324665039004,1.0,0.03759765625
13,13000013,13000014,B,8,1,2429.5556712001553,2458.148513196036,28.592841995880917,28.592841995880917,2458.148513196036,2429.5556712001553,2458.148513196036,28.592841995880917,gray,False,True,0.03759765625,1.3149324665039004,,,
13,13000014,13000014,B,1,2,2458.148513196036,2486.741355191917,28.592841995880917,28.592841995880917,2486.741355191917,2458.148513196036,2486.741355191917,28.592841995880917,B,True,True,0.03759765625,1.3149324665039004,1.3149324665039004,1.0,0.03759765625
13,13000014,13000014,B,2,3,2486.741355191917,2515.334197187798,28.592841995880917,28.592841995880917,2515.334197187798,2486.741355191917,2515.334197187798,28.592841995880917,B,True,True,0.03759765625,1.3149324665039004,1.3149324665039004,1.0,0.03759765625
13,13000014,13000014,B,3,4,2515.334197187798,2543.927039183679,28.592841995880917,28.592841995880917,2543.927039183679,2515.334197187798,2543.927039183679,28.592841995880917,B,True,True,0.03759765625,1.3149324665039004,1.3149324665039004,1.0,0.03759765625
13,13000014,13000014,B,4,5,2543.927039183679,2572.51988117956,28.592841995880917,28.592841995880917,2572.51988117956,2543.927039183679,2572.51988117956,28.592841995880917,B,True,True,0.03759765625,1.3149324665039004,1.3149324665039004,1.0,0.03759765625
13,13000014,13000014,B,5,6,2572.51988117956,2601.112723175441,28.592841995880917,28.592841995880917,2601.112723175441,2572.51988117956,2601.112723175441,28.592841995880917,B,True,True,0.03759765625,1.3149324665039004,1.3149324665039004,1.0,0.03759765625
13,13000014,13000014,B,6,7,2601.112723175441,2629.7055651713217,28.592841995880917,28.592841995880917,2629.7055651713217,2601.112723175441,2629.7055651713217,28.592841995880917,B,True,True,0.03759765625,1.3149324665039004,1.3149324665039004,1.0,0.03759765625
13,13000014,13000014,B,7,8,2629.7055651713217,2658.2984071672026,28.592841995880917,28.592841995880917,2658.2984071672026,2629.7055651713217,2658.2984071672026,28.592841995880917,B,True,True,0.03759765625,1.3149324665039004,1.3149324665039004,1.0,0.03759765625
13,13000014,13000015,B,8,1,2658.2984071672026,2686.8912491630836,28.592841995880917,28.592841995880917,2686.8912491630836,2658.2984071672026,2686.8912491630836,28.592841995880917,gray,False,True,0.03759765625,1.3149324665039004,,,
13,13000015,13000015,B,1,2,2686.8912491630836,2715.4840911589645,28.592841995880917,28.592841995880917,2715.4840911589645,2686.8912491630836,2715.4840911589645,28.592841995880917,B,True,True,0.03759765625,1.3149324665039004,1.3149324665039004,1.0,0.03759765625
13,13000015,13000015,B,2,3,2715.4840911589645,2744.0769331548454,28.592841995880917,28.592841995880917,2744.0769331548454,2715.4840911589645,2744.0769331548454,28.592841995880917,B,True,True,0.03759765625,1.3149324665039004,1.3149324665039004,1.0,0.03759765625
13,13000015,13000015,B,3,4,2744.0769331548454,2772.6697751507263,28.592841995880917,28.592841995880917,2772.6697751507263,2744.0769331548454,2772.6697751507263,28.592841995880917,B,True,True,0.03759765625,1.3149324665039004,1.3149324665039004,1.0,0.03759765625
13,13000015,13000015,B,4,5,2772.6697751507263,2801.262617146607,28.592841995880917,28.592841995880917,2801.262617146607,2772.6697751507263,2801.262617146607,28.592841995880917,B,True,True,0.03759765625,1.3149324665039004,1.3149324665039004,1.0,0.03759765625
13,13000015,13000015,B,5,6,2801.262617146607,2829.855459142488,28.592841995880917,28.592841995880917,2829.855459142488,2801.262617146607,2829.855459142488,28.592841995880917,B,True,True,0.03759765625,1.3149324665039004,1.3149324665039004,1.0,0.03759765625
13,13000015,13000015,B,6,7,2829.855459142488,2858.448301138369,28.592841995880917,28.592841995880917,2858.448301138369,2829.855459142488,2858.448301138369,28.592841995880917,B,True,True,0.03759765625,1.3149324665039004,1.3149324665039004,1.0,0.03759765625
13,13000015,13000015,B,7,8,2858.448301138369,2887.04114313425,28.592841995880917,28.592841995880917,2887.04114313425,2858.448301138369,2887.04114313425,28.592841995880917,B,True,True,0.03759765625,1.3149324665039004,1.3149324665039004,1.0,0.03759765625
13,13000015,13000016,B,8,1,2887.04114313425,2915.633985130131,28.592841995880917,28.592841995880917,2915.633985130131,2887.04114313425,2915.633985130131,28.592841995880917,gray,False,True,0.03759765625,1.3149324665039004,,,
13,13000016,13000016,B,1,2,2915.633985130131,2944.226827126012,28.592841995880917,28.592841995880917,2944.226827126012,2915.633985130131,2944.226827126012,28.592841995880917,B,True,True,0.03759765625,1.3149324665039004,1.3149324665039004,1.0,0.03759765625
13,13000016,13000016,B,2,3,2944.226827126012,2972.8196691218927,28.592841995880917,28.592841995880917,2972.8196691218927,2944.226827126012,2972.8196691218927,28.592841995880917,B,True,True,0.03759765625,1.3149324665039004,1.3149324665039004,1.0,0.03759765625
13,13000016,13000016,B,3,4,2972.8196691218927,3001.4125111177736,28.592841995880917,28.592841995880917,3001.4125111177736,2972.8196691218927,3001.4125111177736,28.592841995880917,B,True,True,0.03759765625,1.3149324665039004,1.3149324665039004,1.0,0.03759765625
13,13000016,13000016,B,4,5,3001.4125111177736,3030.0053531136546,28.592841995880917,28.592841995880917,3030.0053531136546,3001.4125111177736,3030.0053531136546,28.592841995880917,B,True,True,0.03759765625,1.3149324665039004,1.3149324665039004,1.0,0.03759765625
13,13000016,13000016,B,5,6,3030.0053531136546,3058.5981951095355,28.592841995880917,28.592841995880917,3058.5981951095355,3030.0053531136546,3058.5981951095355,28.592841995880917,B,True,True,0.03759765625,1.3149324665039004,1.3149324665039004,1.0,0.03759765625
13,13000016,13000016,B,6,7,3058.5981951095355,3087.1910371054164,28.592841995880917,28.592841995880917,3087.1910371054164,3058.5981951095355,3087.1910371054164,28.592841995880917,B,True,True,0.03759765625,1.3149324665039004,1.3149324665039004,1.0,0.03759765625
13,13000016,13000016,B,7,8,3087.1910371054164,3115.7838791012973,28.592841995880917,28.592841995880917,3115.7838791012973,3087.1910371054164,3115.7838791012973,28.592841995880917,B,True,True,0.03759765625,1.3149324665039004,1.3149324665039004,1.0,0.03759765625
13,13000016,13000017,B,8,1,3115.7838791012973,3144.3767210971782,28.592841995880917,28.592841995880917,3144.3767210971782,3115.7838791012973,3144.3767210971782,28.592841995880917,gray,False,True,0.03759765625,1.3149324665039004,,,
13,13000017,13000017,B,1,2,3144.3767210971782,3172.969563093059,28.592841995880917,28.592841995880917,3172.969563093059,3144.3767210971782,3172.969563093059,28.592841995880917,B,True,True,0.03759765625,1.3149324665039004,1.3149324665039004,1.0,0.03759765625
13,13000017,13000017,B,2,3,3172.969563093059,3201.56240508894,28.592841995880917,28.592841995880917,3201.56240508894,3172.969563093059,3201.56240508894,28.592841995880917,B,True,True,0.03759765625,1.3149324665039004,1.3149324665039004,1.0,0.03759765625
13,13000017,13000017,B,3,4,3201.56240508894,3230.155247084821,28.592841995880917,28.592841995880917,3230.155247084821,3201.56240508894,3230.155247084821,28.592841995880917,B,True,True,0.03759765625,1.3149324665039004,1.3149324665039004,1.0,0.03759765625
13,13000017,13000017,B,4,5,3230.155247084821,3258.748089080702,28.592841995880917,28.592841995880917,3258.748089080702,3230.155247084821,3258.748089080702,28.592841995880917,B,True,True,0.03759765625,1.3149324665039004,1.3149324665039004,1.0,0.03759765625
13,13000017,13000017,B,5,6,3258.748089080702,3287.340931076583,28.592841995880917,28.592841995880917,3287.340931076583,3258.748089080702,3287.340931076583,28.592841995880917,B,True,True,0.03759765625,1.3149324665039004,1.3149324665039004,1.0,0.03759765625
13,13000017,13000017,B,6,7,3287.340931076583,3315.9337730724637,28.592841995880917,28.592841995880917,3315.9337730724637,3287.340931076583,3315.9337730724637,28.592841995880917,B,True,True,0.03759765625,1.3149324665039004,1.3149324665039004,1.0,0.03759765625
13,13000017,13000017,B,7,8,3315.9337730724637,3344.5266150683447,28.592841995880917,28.592841995880917,3344.5266150683447,3315.9337730724637,3344.5266150683447,28.592841995880917,B,True,True,0.03759765625,1.3149324665039004,1.3149324665039004,1.0,0.03759765625
13,13000017,13000018,B,8,1,3344.5266150683447,3373.1194570642256,28.592841995880917,28.592841995880917,3373.1194570642256,3344.5266150683447,3373.1194570642256,28.592841995880917,gray,False,True,0.03759765625,1.3149324665039004,,,
13,13000018,13000018,B,1,2,3373.1194570642256,3401.7122990601065,28.592841995880917,28.592841995880917,3401.7122990601065,3373.1194570642256,3401.7122990601065,28.592841995880917,B,True,True,0.03759765625,1.3149324665039004,1.3149324665039004,1.0,0.03759765625
13,13000018,13000018,B,2,3,3401.7122990601065,3430.3051410559874,28.592841995880917,28.592841995880917,3430.3051410559874,3401.7122990601065,3430.3051410559874,28.592841995880917,B,True,True,0.03759765625,1.3149324665039004,1.3149324665039004,1.0,0.03759765625
13,13000018,13000018,B,3,4,3430.3051410559874,3458.8979830518683,28.592841995880917,28.592841995880917,3458.8979830518683,3430.3051410559874,3458.8979830518683,28.592841995880917,B,True,True,0.03759765625,1.3149324665039004,1.3149324665039004,1.0,0.03759765625
13,13000018,13000018,B,4,5,3458.8979830518683,3487.4908250477492,28.592841995880917,28.592841995880917,3487.4908250477492,3458.8979830518683,3487.4908250477492,28.592841995880917,B,True,True,0.03759765625,1.3149324665039004,1.3149324665039004,1.0,0.03759765625
13,13000018,13000018,B,5,6,3487.4908250477492,3516.08366704363,28.592841995880917,28.592841995880917,3516.08366704363,3487.4908250477492,3516.08366704363,28.592841995880917,B,True,True,0.03759765625,1.3149324665039004,1.3149324665039004,1.0,0.03759765625
13,13000018,13000018,B,6,7,3516.08366704363,3544.676509039511,28.592841995880917,28.592841995880917,3544.676509039511,3516.08366704363,3544.676509039511,28.592841995880917,B,True,True,0.03759765625,1.3149324665039004,1.3149324665039004,1.0,0.03759765625
13,13000018,13000018,B,7,8,3544.676509039511,3573.269351035392,28.592841995880917,28.592841995880917,3573.269351035392,3544.676509039511,3573.269351035392,28.592841995880917,B,True,True,0.03759765625,1.3149324665039004,1.3149324665039004,1.0,0.03759765625
13,13000018,13000019,B,8,1,3573.269351035392,3601.862193031273,28.592841995880917,28.592841995880917,3601.862193031273,3573.269351035392,3601.862193031273,28.592841995880917,gray,False,True,0.03759765625,1.3149324665039004,,,
13,13000019,13000019,A,1,2,3601.862193031273,3617.945258515656,16.08306548438304,6.024011548588987,3607.886204579862,3601.862193031273,3617.945258515656,6.024011548588987,A,True,True,0.171539306640625,28.475925926935663,10.665833998325311,0.37455617863636853,0.171539306640625
13,13000019,13000019,A,2,3,3617.945258515656,3661.2832712109685,43.3380126953125,6.024011548588987,3623.969270064245,3617.945258515656,3661.2832712109685,6.024011548588987,A,True,True,0.171539306640625,28.475925926935663,3.958171959721146,0.13900064109862964,0.171539306640625
13,13000019,13000019,A,3,4,3661.2832712109685,3681.689131293976,20.40586008300761,6.024011548588987,3667.3072827595574,3661.2832712109685,3681.689131293976,6.024011548588987,A,True,True,0.171539306640625,28.475925926935663,8.406374734651317,0.2952098820674218,0.171539306640625
13,13000019,13000019,A,4,5,3681.689131293976,3698.650138276398,16.961006982422077,6.024011548588987,3687.713142842565,3681.689131293976,3698.650138276398,6.024011548588987,A,True,True,0.171539306640625,28.475925926935663,10.11374541726229,0.35516827242817056,0.171539306640625
13,13000019,13000019,A,5,6,3698.650138276398,3730.78438510257,32.134246826171875,6.024011548588987,3704.674149824987,3698.650138276398,3730.78438510257,6.024011548588987,A,True,True,0.171539306640625,28.475925926935663,5.338208409506398,0.1874639098023827,0.171539306640625
13,13000019,13000019,A,6,7,3730.78438510257,3742.143209150421,11.358824047851158,6.024011548588987,3736.808396651159,3730.78438510257,3742.143209150421,6.024011548588987,A,True,True,0.171539306640625,28.475925926935663,15.101854374888084,0.5303376056545747,0.171539306640625
13,13000019,13000019,A,7,8,3742.143209150421,3754.4548631054995,12.311653955078327,6.024011548588987,3748.16722069901,3742.143209150421,3754.4548631054995,6.024011548588987,A,True,True,0.171539306640625,28.475925926935663,13.933083829883657,0.48929344266569447,0.171539306640625
13,13000019,13000020,A,8,1,3754.4548631054995,3760.4788746540885,6.024011548588987,6.024011548588987,3760.4788746540885,3754.4548631054995,3760.4788746540885,6.024011548588987,gray,False,True,0.171539306640625,28.475925926935663,,,
13,13000020,13000020,B,1,2,3760.4788746540885,3789.0717166499694,28.592841995880917,28.592841995880917,3789.0717166499694,3760.4788746540885,3789.0717166499694,28.592841995880917,B,True,True,0.03759765625,1.3149324665039004,1.3149324665039004,1.0,0.03759765625
13,13000020,13000020,B,2,3,3789.0717166499694,3817.6645586458503,28.592841995880917,28.592841995880917,3817.6645586458503,3789.0717166499694,3817.6645586458503,28.592841995880917,B,True,True,0.03759765625,1.3149324665039004,1.3149324665039004,1.0,0.03759765625
13,13000020,13000020,B,3,4,3817.6645586458503,3846.2574006417312,28.592841995880917,28.592841995880917,3846.2574006417312,3817.6645586458503,3846.2574006417312,28.592841995880917,B,True,True,0.03759765625,1.3149324665039004,1.3149324665039004,1.0,0.03759765625
13,13000020,13000020,B,4,5,3846.2574006417312,3874.850242637612,28.592841995880917,28.592841995880917,3874.850242637612,3846.2574006417312,3874.850242637612,28.592841995880917,B,True,True,0.03759765625,1.3149324665039004,1.3149324665039004,1.0,0.03759765625
13,13000020,13000020,B,5,6,3874.850242637612,3903.443084633493,28.592841995880917,28.592841995880917,3903.443084633493,3874.850242637612,3903.443084633493,28.592841995880917,B,True,True,0.03759765625,1.3149324665039004,1.3149324665039004,1.0,0.03759765625
13,13000020,13000020,B,6,7,3903.443084633493,3932.035926629374,28.592841995880917,28.592841995880917,3932.035926629374,3903.443084633493,3932.035926629374,28.592841995880917,B,True,True,0.03759765625,1.3149324665039004,1.3149324665039004,1.0,0.03759765625
13,13000020,13000020,B,7,8,3932.035926629374,3960.628768625255,28.592841995880917,28.592841995880917,3960.628768625255,3932.035926629374,3960.628768625255,28.592841995880917,B,True,True,0.03759765625,1.3149324665039004,1.3149324665039004,1.0,0.03759765625
13,13000020,13000021,B,8,1,3960.628768625255,3989.221610621136,28.592841995880917,28.592841995880917,3989.221610621136,3960.628768625255,3989.221610621136,28.592841995880917,gray,False,True,0.03759765625,1.3149324665039004,,,
13,13000021,13000021,B,1,2,3989.221610621136,4017.8144526170167,28.592841995880917,28.592841995880917,4017.8144526170167,3989.221610621136,4000.0,10.778389378864176,gray,True,False,0.03759765625,1.3149324665039004,,,
14,14000010,14000010,B,5,6,1985.126152859982,2013.7189948558628,28.59284199588069,28.59284199588069,2013.7189948558628,2000.0,2013.7189948558628,13.718994855862775,gray,True,False,0.03759765625,1.3149324665039108,,,
14,14000010,14000010,B,6,7,2013.7189948558628,2042.3118368517435,28.59284199588069,28.59284199588069,2042.3118368517435,2013.7189948558628,2042.3118368517435,28.59284199588069,B,True,True,0.03759765625,1.3149324665039108,1.3149324665039108,1.0,0.03759765625
14,14000010,14000010,B,7,8,2042.3118368517435,2070.9046788476244,28.592841995880917,28.592841995880917,2070.9046788476244,2042.3118368517435,2070.9046788476244,28.592841995880917,B,True,True,0.03759765625,1.3149324665039004,1.3149324665039004,1.0,0.03759765625
14,14000010,14000011,B,8,1,2070.9046788476244,2099.4975208435053,28.592841995880917,28.592841995880917,2099.4975208435053,2070.9046788476244,2099.4975208435053,28.592841995880917,gray,False,True,0.03759765625,1.3149324665039004,,,
14,14000011,14000011,B,1,2,2099.4975208435053,2128.090362839386,28.592841995880917,28.592841995880917,2128.090362839386,2099.4975208435053,2128.090362839386,28.592841995880917,B,True,True,0.03759765625,1.3149324665039004,1.3149324665039004,1.0,0.03759765625
14,14000011,14000011,B,2,3,2128.090362839386,2156.683204835267,28.592841995880917,28.592841995880917,2156.683204835267,2128.090362839386,2156.683204835267,28.592841995880917,B,True,True,0.03759765625,1.3149324665039004,1.3149324665039004,1.0,0.03759765625
14,14000011,14000011,B,3,4,2156.683204835267,2185.276046831148,28.592841995880917,28.592841995880917,2185.276046831148,2156.683204835267,2185.276046831148,28.592841995880917,B,True,True,0.03759765625,1.3149324665039004,1.3149324665039004,1.0,0.03759765625
14,14000011,14000011,B,4,5,2185.276046831148,2213.868888827029,28.592841995880917,28.592841995880917,2213.868888827029,2185.276046831148,2213.868888827029,28.592841995880917,B,True,True,0.03759765625,1.3149324665039004,1.3149324665039004,1.0,0.03759765625
14,14000011,14000011,B,5,6,2213.868888827029,2242.46173082291,28.592841995880917,28.592841995880917,2242.46173082291,2213.868888827029,2242.46173082291,28.592841995880917,B,True,True,0.03759765625,1.3149324665039004,1.3149324665039004,1.0,0.03759765625
14,14000011,14000011,B,6,7,2242.46173082291,2271.054572818791,28.592841995880917,28.592841995880917,2271.054572818791,2242.46173082291,2271.054572818791,28.592841995880917,B,True,True,0.03759765625,1.3149324665039004,1.3149324665039004,1.0,0.03759765625
14,14000011,14000011,B,7,8,2271.054572818791,2299.6474148146717,28.592841995880917,28.592841995880917,2299.6474148146717,2271.054572818791,2299.6474148146717,28.592841995880917,B,True,True,0.03759765625,1.3149324665039004,1.3149324665039004,1.0,0.03759765625
14,14000011,14000012,B,8,1,2299.6474148146717,2328.2402568105526,28.592841995880917,28.592841995880917,2328.2402568105526,2299.6474148146717,2328.2402568105526,28.592841995880917,gray,False,True,0.03759765625,1.3149324665039004,,,
14,14000012,14000012,A,1,2,2328.2402568105526,2334.2642683591416,6.024011548588987,6.024011548588987,2334.2642683591416,2328.2402568105526,2334.2642683591416,6.024011548588987,A,True,True,0.171539306640625,28.475925926935663,28.475925926935663,1.0,0.171539306640625
14,14000012,14000012,A,2,3,2334.2642683591416,2340.2882799077306,6.024011548588987,6.024011548588987,2340.2882799077306,2334.2642683591416,2340.2882799077306,6.024011548588987,A,True,True,0.171539306640625,28.475925926935663,28.475925926935663,1.0,0.171539306640625
14,14000012,14000012,A,3,4,2340.2882799077306,2346.3122914563196,6.024011548588987,6.024011548588987,2346.3122914563196,2340.2882799077306,2346.3122914563196,6.024011548588987,A,True,True,0.171539306640625,28.475925926935663,28.475925926935663,1.0,0.171539306640625
14,14000012,14000012,A,4,5,2346.3122914563196,2352.3363030049086,6.024011548588987,6.024011548588987,2352.3363030049086,2346.3122914563196,2352.3363030049086,6.024011548588987,A,True,True,0.171539306640625,28.475925926935663,28.475925926935663,1.0,0.171539306640625
14,14000012,14000012,A,5,6,2352.3363030049086,2358.5375776498986,6.201274644990008,6.024011548588987,2358.3603145534976,2352.3363030049086,2358.5375776498986,6.024011548588987,A,True,True,0.171539306640625,28.475925926935663,27.66194314248138,0.9714150547187536,0.171539306640625
14,14000012,14000012,A,6,7,2358.5375776498986,2364.9828901498986,6.4453125,6.024011548588987,2364.5615891984876,2358.5375776498986,2364.9828901498986,6.024011548588987,A,True,True,0.171539306640625,28.475925926935663,26.614583333333332,0.9346345190538065,0.171539306640625
14,14000012,14000012,A,7,8,2364.9828901498986,2374.5920125620078,9.609122412109173,6.024011548588987,2371.0069016984876,2364.9828901498986,2374.5920125620078,6.024011548588987,A,True,True,0.171539306640625,28.475925926935663,17.851714161165802,0.6269054852498998,0.171539306640625
14,14000012,14000013,A,8,1,2374.5920125620078,2384.524539832516,9.932527270508217,6.024011548588987,2380.6160241105968,2374.5920125620078,2384.524539832516,6.024011548588987,gray,False,True,0.171539306640625,28.475925926935663,,,
14,14000013,14000013,A,1,2,2384.524539832516,2407.015994910641,22.491455078125,6.024011548588987,2390.548551381105,2384.524539832516,2407.015994910641,6.024011548588987,A,True,True,0.171539306640625,28.475925926935663,7.626865671641791,0.2678355636691505,0.171539306640625
14,14000013,14000013,A,2,3,2407.015994910641,2414.3886603159144,7.3726654052734375,6.024011548588987,2413.04000645923,2407.015994910641,2414.3886603159144,6.024011548588987,A,True,True,0.171539306640625,28.475925926935663,23.266932270916335,0.8170737741984331,0.171539306640625
14,14000013,14000013,A,3,4,2414.3886603159144,2430.0653401987265,15.676679882812095,6.024011548588987,2420.4126718645034,2414.3886603159144,2430.0653401987265,6.024011548588987,A,True,True,0.171539306640625,28.475925926935663,10.94232375241014,0.38426577525472794,0.171539306640625
14,14000013,14000013,A,4,5,2430.0653401987265,2439.1921034067345,9.126763208008015,6.024011548588987,2436.0893517473155,2430.0653401987265,2439.1921034067345,6.024011548588987,A,True,True,0.171539306640625,28.475925926935663,18.795196361631557,0.6600381111348865,0.171539306640625
14,14000013,14000013,A,5,6,2439.1921034067345,2452.993196644039,13.801093237304485,6.024011548588987,2445.2161149553235,2439.1921034067345,2452.993196644039,6.024011548588987,A,True,True,0.171539306640625,28.475925926935663,12.429399880942231,0.4364879973642977,0.171539306640625
14,14000013,14000013,A,6,7,2452.993196644039,2469.7443952768517,16.751198632812702,6.024011548588987,2459.017208192628,2452.993196644039,2469.7443952768517,6.024011548588987,A,True,True,0.171539306640625,28.475925926935663,10.240419829098627,0.359616746278024,0.171539306640625
14,14000013,14000013,A,7,8,2469.7443952768517,2490.032762684078,20.28836740722636,6.024011548588987,2475.7684068254407,2469.7443952768517,2490.032762684078,6.024011548588987,A,True,True,0.171539306640625,28.475925926935663,8.455057186095994,0.2969194823652168,0.171539306640625
14,14000013,14000014,A,8,1,2490.032762684078,2496.056774232667,6.024011548588987,6.024011548588987,2496.056774232667,2490.032762684078,2496.056774232667,6.024011548588987,gray,False,True,0.171539306640625,28.475925926935663,,,
14,14000014,14000014,B,1,2,2496.056774232667,2524.649616228548,28.592841995880917,28.592841995880917,2524.649616228548,2496.056774232667,2524.649616228548,28.592841995880917,B,True,True,0.03759765625,1.3149324665039004,1.3149324665039004,1.0,0.03759765625
14,14000014,14000014,B,2,3,2524.649616228548,2553.242458224429,28.592841995880917,28.592841995880917,2553.242458224429,2524.649616228548,2553.242458224429,28.592841995880917,B,True,True,0.03759765625,1.3149324665039004,1.3149324665039004,1.0,0.03759765625
14,14000014,14000014,B,3,4,2553.242458224429,2581.83530022031,28.592841995880917,28.592841995880917,2581.83530022031,2553.242458224429,2581.83530022031,28.592841995880917,B,True,True,0.03759765625,1.3149324665039004,1.3149324665039004,1.0,0.03759765625
14,14000014,14000014,B,4,5,2581.83530022031,2610.4281422161907,28.592841995880917,28.592841995880917,2610.4281422161907,2581.83530022031,2610.4281422161907,28.592841995880917,B,True,True,0.03759765625,1.3149324665039004,1.3149324665039004,1.0,0.03759765625
14,14000014,14000014,B,5,6,2610.4281422161907,2639.0209842120717,28.592841995880917,28.592841995880917,2639.0209842120717,2610.4281422161907,2639.0209842120717,28.592841995880917,B,True,True,0.03759765625,1.3149324665039004,1.3149324665039004,1.0,0.03759765625
14,14000014,14000014,B,6,7,2639.0209842120717,2667.6138262079526,28.592841995880917,28.592841995880917,2667.6138262079526,2639.0209842120717,2667.6138262079526,28.592841995880917,B,True,True,0.03759765625,1.3149324665039004,1.3149324665039004,1.0,0.03759765625
14,14000014,14000014,B,7,8,2667.6138262079526,2696.2066682038335,28.592841995880917,28.592841995880917,2696.2066682038335,2667.6138262079526,2696.2066682038335,28.592841995880917,B,True,True,0.03759765625,1.3149324665039004,1.3149324665039004,1.0,0.03759765625
14,14000014,14000015,B,8,1,2696.2066682038335,2724.7995101997144,28.592841995880917,28.592841995880917,2724.7995101997144,2696.2066682038335,2724.7995101997144,28.592841995880917,gray,False,True,0.03759765625,1.3149324665039004,,,
14,14000015,14000015,A,1,2,2724.7995101997144,2737.044528846188,12.245018646473454,6.024011548588987,2730.8235217483034,2724.7995101997144,2737.044528846188,6.024011548588987,A,True,True,0.171539306640625,28.475925926935663,14.008905302077922,0.4919560943522036,0.171539306640625
14,14000015,14000015,A,2,3,2737.044528846188,2744.618510267086,7.573981420898235,6.024011548588987,2743.068540394777,2737.044528846188,2744.618510267086,6.024011548588987,A,True,True,0.171539306640625,28.475925926935663,22.64849847232413,0.7953559975691848,0.171539306640625
14,14000015,14000015,A,3,4,2744.618510267086,2757.106203235836,12.487692968749798,6.024011548588987,2750.642521815675,2744.618510267086,2757.106203235836,6.024011548588987,A,True,True,0.171539306640625,28.475925926935663,13.736669140560926,0.48239587277361445,0.171539306640625
14,14000015,14000015,A,4,5,2757.106203235836,2763.287157215328,6.1809539794921875,6.024011548588987,2763.130214784425,2757.106203235836,2763.287157215328,6.024011548588987,A,True,True,0.171539306640625,28.475925926935663,27.752885268160217,0.9746087041864541,0.171539306640625
14,14000015,14000015,A,5,6,2763.287157215328,2775.582126502438,12.29496928710978,6.024011548588987,2769.311168763917,2763.287157215328,2775.582126502438,6.024011548588987,A,True,True,0.171539306640625,28.475925926935663,13.951991471867217,0.4899574295728129,0.171539306640625
14,14000015,14000015,A,6,7,2775.582126502438,2786.05985548193,10.477728979491985,6.024011548588987,2781.606138051027,2775.582126502438,2786.05985548193,6.024011548588987,A,True,True,0.171539306640625,28.475925926935663,16.37180222702631,0.5749348508994421,0.171539306640625
14,14000015,14000015,A,7,8,2786.05985548193,2793.2982435434533,7.2383880615234375,6.024011548588987,2792.083867030519,2786.05985548193,2793.2982435434533,6.024011548588987,A,True,True,0.171539306640625,28.475925926935663,23.69855072463768,0.832231084792259,0.171539306640625
14,14000015,14000016,A,8,1,2793.2982435434533,2799.3222550920423,6.024011548588987,6.024011548588987,2799.3222550920423,2793.2982435434533,2799.3222550920423,6.024011548588987,gray,False,True,0.171539306640625,28.475925926935663,,,
14,14000016,14000016,B,1,2,2799.3222550920423,2827.915097087923,28.592841995880917,28.592841995880917,2827.915097087923,2799.3222550920423,2827.915097087923,28.592841995880917,B,True,True,0.03759765625,1.3149324665039004,1.3149324665039004,1.0,0.03759765625
14,14000016,14000016,B,2,3,2827.915097087923,2856.507939083804,28.592841995880917,28.592841995880917,2856.507939083804,2827.915097087923,2856.507939083804,28.592841995880917,B,True,True,0.03759765625,1.3149324665039004,1.3149324665039004,1.0,0.03759765625
14,14000016,14000016,B,3,4,2856.507939083804,2885.100781079685,28.592841995880917,28.592841995880917,2885.100781079685,2856.507939083804,2885.100781079685,28.592841995880917,B,True,True,0.03759765625,1.3149324665039004,1.3149324665039004,1.0,0.03759765625
14,14000016,14000016,B,4,5,2885.100781079685,2913.693623075566,28.592841995880917,28.592841995880917,2913.693623075566,2885.100781079685,2913.693623075566,28.592841995880917,B,True,True,0.03759765625,1.3149324665039004,1.3149324665039004,1.0,0.03759765625
14,14000016,14000016,B,5,6,2913.693623075566,2942.286465071447,28.592841995880917,28.592841995880917,2942.286465071447,2913.693623075566,2942.286465071447,28.592841995880917,B,True,True,0.03759765625,1.3149324665039004,1.3149324665039004,1.0,0.03759765625
14,14000016,14000016,B,6,7,2942.286465071447,2970.8793070673278,28.592841995880917,28.592841995880917,2970.8793070673278,2942.286465071447,2970.8793070673278,28.592841995880917,B,True,True,0.03759765625,1.3149324665039004,1.3149324665039004,1.0,0.03759765625
14,14000016,14000016,B,7,8,2970.8793070673278,2999.4721490632087,28.592841995880917,28.592841995880917,2999.4721490632087,2970.8793070673278,2999.4721490632087,28.592841995880917,B,True,True,0.03759765625,1.3149324665039004,1.3149324665039004,1.0,0.03759765625
14,14000016,14000017,B,8,1,2999.4721490632087,3028.0649910590896,28.592841995880917,28.592841995880917,3028.0649910590896,2999.4721490632087,3028.0649910590896,28.592841995880917,gray,False,True,0.03759765625,1.3149324665039004,,,
14,14000017,14000017,B,1,2,3028.0649910590896,3056.6578330549705,28.592841995880917,28.592841995880917,3056.6578330549705,3028.0649910590896,3056.6578330549705,28.592841995880917,B,True,True,0.03759765625,1.3149324665039004,1.3149324665039004,1.0,0.03759765625
14,14000017,14000017,B,2,3,3056.6578330549705,3085.2506750508514,28.592841995880917,28.592841995880917,3085.2506750508514,3056.6578330549705,3085.2506750508514,28.592841995880917,B,True,True,0.03759765625,1.3149324665039004,1.3149324665039004,1.0,0.03759765625
14,14000017,14000017,B,3,4,3085.2506750508514,3113.8435170467324,28.592841995880917,28.592841995880917,3113.8435170467324,3085.2506750508514,3113.8435170467324,28.592841995880917,B,True,True,0.03759765625,1.3149324665039004,1.3149324665039004,1.0,0.03759765625
14,14000017,14000017,B,4,5,3113.8435170467324,3142.4363590426133,28.592841995880917,28.592841995880917,3142.4363590426133,3113.8435170467324,3142.4363590426133,28.592841995880917,B,True,True,0.03759765625,1.3149324665039004,1.3149324665039004,1.0,0.03759765625
14,14000017,14000017,B,5,6,3142.4363590426133,3171.029201038494,28.592841995880917,28.592841995880917,3171.029201038494,3142.4363590426133,3171.029201038494,28.592841995880917,B,True,True,0.03759765625,1.3149324665039004,1.3149324665039004,1.0,0.03759765625
14,14000017,14000017,B,6,7,3171.029201038494,3199.622043034375,28.592841995880917,28.592841995880917,3199.622043034375,3171.029201038494,3199.622043034375,28.592841995880917,B,True,True,0.03759765625,1.3149324665039004,1.3149324665039004,1.0,0.03759765625
14,14000017,14000017,B,7,8,3199.622043034375,3228.214885030256,28.592841995880917,28.592841995880917,3228.214885030256,3199.622043034375,3228.214885030256,28.592841995880917,B,True,True,0.03759765625,1.3149324665039004,1.3149324665039004,1.0,0.03759765625
14,14000017,14000018,B,8,1,3228.214885030256,3256.807727026137,28.592841995880917,28.592841995880917,3256.807727026137,3228.214885030256,3256.807727026137,28.592841995880917,gray,False,True,0.03759765625,1.3149324665039004,,,
14,14000018,14000018,B,1,2,3256.807727026137,3285.400569022018,28.592841995880917,28.592841995880917,3285.400569022018,3256.807727026137,3285.400569022018,28.592841995880917,B,True,True,0.03759765625,1.3149324665039004,1.3149324665039004,1.0,0.03759765625
14,14000018,14000018,B,2,3,3285.400569022018,3313.993411017899,28.592841995880917,28.592841995880917,3313.993411017899,3285.400569022018,3313.993411017899,28.592841995880917,B,True,True,0.03759765625,1.3149324665039004,1.3149324665039004,1.0,0.03759765625
14,14000018,14000018,B,3,4,3313.993411017899,3342.5862530137797,28.592841995880917,28.592841995880917,3342.5862530137797,3313.993411017899,3342.5862530137797,28.592841995880917,B,True,True,0.03759765625,1.3149324665039004,1.3149324665039004,1.0,0.03759765625
14,14000018,14000018,B,4,5,3342.5862530137797,3371.1790950096606,28.592841995880917,28.592841995880917,3371.1790950096606,3342.5862530137797,3371.1790950096606,28.592841995880917,B,True,True,0.03759765625,1.3149324665039004,1.3149324665039004,1.0,0.03759765625
14,14000018,14000018,B,5,6,3371.1790950096606,3399.7719370055415,28.592841995880917,28.592841995880917,3399.7719370055415,3371.1790950096606,3399.7719370055415,28.592841995880917,B,True,True,0.03759765625,1.3149324665039004,1.3149324665039004,1.0,0.03759765625
14,14000018,14000018,B,6,7,3399.7719370055415,3428.3647790014224,28.592841995880917,28.592841995880917,3428.3647790014224,3399.7719370055415,3428.3647790014224,28.592841995880917,B,True,True,0.03759765625,1.3149324665039004,1.3149324665039004,1.0,0.03759765625
14,14000018,14000018,B,7,8,3428.3647790014224,3456.9576209973034,28.592841995880917,28.592841995880917,3456.9576209973034,3428.3647790014224,3456.9576209973034,28.592841995880917,B,True,True,0.03759765625,1.3149324665039004,1.3149324665039004,1.0,0.03759765625
14,14000018,14000019,B,8,1,3456.9576209973034,3485.5504629931843,28.592841995880917,28.592841995880917,3485.5504629931843,3456.9576209973034,3485.5504629931843,28.592841995880917,gray,False,True,0.03759765625,1.3149324665039004,,,
14,14000019,14000019,B,1,2,3485.5504629931843,3514.143304989065,28.592841995880917,28.592841995880917,3514.143304989065,3485.5504629931843,3514.143304989065,28.592841995880917,B,True,True,0.03759765625,1.3149324665039004,1.3149324665039004,1.0,0.03759765625
14,14000019,14000019,B,2,3,3514.143304989065,3542.736146984946,28.592841995880917,28.592841995880917,3542.736146984946,3514.143304989065,3542.736146984946,28.592841995880917,B,True,True,0.03759765625,1.3149324665039004,1.3149324665039004,1.0,0.03759765625
14,14000019,14000019,B,3,4,3542.736146984946,3571.328988980827,28.592841995880917,28.592841995880917,3571.328988980827,3542.736146984946,3571.328988980827,28.592841995880917,B,True,True,0.03759765625,1.3149324665039004,1.3149324665039004,1.0,0.03759765625
14,14000019,14000019,B,4,5,3571.328988980827,3599.921830976708,28.592841995880917,28.592841995880917,3599.921830976708,3571.328988980827,3599.921830976708,28.592841995880917,B,True,True,0.03759765625,1.3149324665039004,1.3149324665039004,1.0,0.03759765625
14,14000019,14000019,B,5,6,3599.921830976708,3628.514672972589,28.592841995880917,28.592841995880917,3628.514672972589,3599.921830976708,3628.514672972589,28.592841995880917,B,True,True,0.03759765625,1.3149324665039004,1.3149324665039004,1.0,0.03759765625
14,14000019,14000019,B,6,7,3628.514672972589,3657.10751496847,28.592841995880917,28.592841995880917,3657.10751496847,3628.514672972589,3657.10751496847,28.592841995880917,B,True,True,0.03759765625,1.3149324665039004,1.3149324665039004,1.0,0.03759765625
14,14000019,14000019,B,7,8,3657.10751496847,3685.7003569643507,28.592841995880917,28.592841995880917,3685.7003569643507,3657.10751496847,3685.7003569643507,28.592841995880917,B,True,True,0.03759765625,1.3149324665039004,1.3149324665039004,1.0,0.03759765625
14,14000019,14000020,B,8,1,3685.7003569643507,3714.2931989602316,28.592841995880917,28.592841995880917,3714.2931989602316,3685.7003569643507,3714.2931989602316,28.592841995880917,gray,False,True,0.03759765625,1.3149324665039004,,,
14,14000020,14000020,B,1,2,3714.2931989602316,3742.8860409561125,28.592841995880917,28.592841995880917,3742.8860409561125,3714.2931989602316,3742.8860409561125,28.592841995880917,B,True,True,0.03759765625,1.3149324665039004,1.3149324665039004,1.0,0.03759765625
14,14000020,14000020,B,2,3,3742.8860409561125,3771.4788829519935,28.592841995880917,28.592841995880917,3771.4788829519935,3742.8860409561125,3771.4788829519935,28.592841995880917,B,True,True,0.03759765625,1.3149324665039004,1.3149324665039004,1.0,0.03759765625
14,14000020,14000020,B,3,4,3771.4788829519935,3800.0717249478744,28.592841995880917,28.592841995880917,3800.0717249478744,3771.4788829519935,3800.0717249478744,28.592841995880917,B,True,True,0.03759765625,1.3149324665039004,1.3149324665039004,1.0,0.03759765625
14,14000020,14000020,B,4,5,3800.0717249478744,3828.6645669437553,28.592841995880917,28.592841995880917,3828.6645669437553,3800.0717249478744,3828.6645669437553,28.592841995880917,B,True,True,0.03759765625,1.3149324665039004,1.3149324665039004,1.0,0.03759765625
14,14000020,14000020,B,5,6,3828.6645669437553,3857.257408939636,28.592841995880917,28.592841995880917,3857.257408939636,3828.6645669437553,3857.257408939636,28.592841995880917,B,True,True,0.03759765625,1.3149324665039004,1.3149324665039004,1.0,0.03759765625
14,14000020,14000020,B,6,7,3857.257408939636,3885.850250935517,28.592841995880917,28.592841995880917,3885.850250935517,3857.257408939636,3885.850250935517,28.592841995880917,B,True,True,0.03759765625,1.3149324665039004,1.3149324665039004,1.0,0.03759765625
14,14000020,14000020,B,7,8,3885.850250935517,3914.443092931398,28.592841995880917,28.592841995880917,3914.443092931398,3885.850250935517,3914.443092931398,28.592841995880917,B,True,True,0.03759765625,1.3149324665039004,1.3149324665039004,1.0,0.03759765625
14,14000020,14000021,B,8,1,3914.443092931398,3943.035934927279,28.592841995880917,28.592841995880917,3943.035934927279,3914.443092931398,3943.035934927279,28.592841995880917,gray,False,True,0.03759765625,1.3149324665039004,,,
14,14000021,14000021,B,1,2,3943.035934927279,3971.62877692316,28.592841995880917,28.592841995880917,3971.62877692316,3943.035934927279,3971.62877692316,28.592841995880917,B,True,True,0.03759765625,1.3149324665039004,1.3149324665039004,1.0,0.03759765625
14,14000021,14000021,B,2,3,3971.62877692316,4000.221618919041,28.592841995880917,28.592841995880917,4000.221618919041,3971.62877692316,4000.0,28.371223076840124,gray,True,False,0.03759765625,1.3149324665039004,,,
15,15000009,15000009,B,7,8,1982.8133041805963,2011.406146176477,28.59284199588069,28.59284199588069,2011.406146176477,2000.0,2011.406146176477,11.406146176477023,gray,True,False,0.03759765625,1.3149324665039108,,,
15,15000009,15000010,B,8,1,2011.406146176477,2039.9989881723577,28.59284199588069,28.59284199588069,2039.9989881723577,2011.406146176477,2039.9989881723577,28.59284199588069,gray,False,True,0.03759765625,1.3149324665039108,,,
15,15000010,15000010,A,1,2,2039.9989881723577,2070.476152399887,30.4771642275291,6.024011548589215,2046.022999720947,2039.9989881723577,2070.476152399887,6.024011548589215,A,True,True,0.171539306640625,28.47592592693459,5.628453663207902,0.19765656357056696,0.171539306640625
15,15000010,15000010,A,2,3,2070.476152399887,2084.7472163403168,14.27106394042994,6.024011548588987,2076.500163948476,2070.476152399887,2084.7472163403168,6.024011548588987,A,True,True,0.171539306640625,28.475925926935663,12.020078345711418,0.4221136961991289,0.171539306640625
15,15000010,15000010,A,3,4,2084.7472163403168,2133.7332698071136,48.986053466796875,6.024011548588987,2090.7712278889057,2084.7472163403168,2133.7332698071136,6.024011548588987,A,True,True,0.171539306640625,28.475925926935663,3.5017988692821653,0.12297401244360517,0.171539306640625
15,15000010,15000010,A,4,5,2133.7332698071136,2148.2563037670743,14.523033959960685,6.024011548588987,2139.7572813557026,2133.7332698071136,2148.2563037670743,6.024011548588987,A,True,True,0.171539306640625,28.475925926935663,11.811533809915389,0.4147901578414608,0.171539306640625
15,15000010,15000010,A,5,6,2148.2563037670743,2154.969970954575,6.713667187500505,6.024011548588987,2154.2803153156633,2148.2563037670743,2154.969970954575,6.024011548588987,A,True,True,0.171539306640625,28.475925926935663,25.550761133944295,0.8972758673239691,0.171539306640625
15,15000010,15000010,A,6,7,2154.969970954575,2174.2851276196134,19.315156665038558,6.024011548588987,2160.993982503164,2154.969970954575,2174.2851276196134,6.024011548588987,A,True,True,0.171539306640625,28.475925926935663,8.881072497388546,0.311880025259788,0.171539306640625
15,15000010,15000010,A,7,8,2174.2851276196134,2188.195321198715,13.910193579101815,6.024011548588987,2180.3091391682024,2174.2851276196134,2188.195321198715,6.024011548588987,A,True,True,0.171539306640625,28.475925926935663,12.331913690859027,0.4330645374798558,0.171539306640625
15,15000010,15000011,A,8,1,2188.195321198715,2195.668694611801,7.4733734130859375,6.024011548588987,2194.219332747304,2188.195321198715,2195.668694611801,6.024011548588987,gray,False,True,0.171539306640625,28.475925926935663,,,
15,15000011,15000011,A,1,2,2195.668694611801,2207.4726123608243,11.803917749023185,6.024011548588987,2201.69270616039,2195.668694611801,2207.4726123608243,6.024011548588987,A,True,True,0.171539306640625,28.475925926935663,14.532404434520943,0.5103400139404983,0.171539306640625
15,15000011,15000011,A,2,3,2207.4726123608243,2213.9639826977386,6.491370336914315,6.024011548588987,2213.4966239094133,2207.4726123608243,2213.9639826977386,6.024011548588987,A,True,True,0.171539306640625,28.475925926935663,26.425746450658757,0.9280030619008732,0.171539306640625
15,15000011,15000011,A,3,4,2213.9639826977386,2228.5330744946136,14.569091796875,6.024011548588987,2219.9879942463276,2213.9639826977386,2228.5330744946136,6.024011548588987,A,True,True,0.171539306640625,28.475925926935663,11.774193548387096,0.4134788655721909,0.171539306640625
15,15000011,15000011,A,4,5,2228.5330744946136,2239.5815821850433,11.048507690429688,6.024011548588987,2234.5570860432026,2228.5330744946136,2239.5815821850433,6.024011548588987,A,True,True,0.171539306640625,28.475925926935663,15.52601595138625,0.5452330502341993,0.171539306640625
15,15000011,15000011,A,5,6,2239.5815821850433,2248.9599154125826,9.378333227539315,6.024011548588987,2245.6055937336323,2239.5815821850433,2248.9599154125826,6.024011548588987,A,True,True,0.171539306640625,28.475925926935663,18.29102277331144,0.6423328540832374,0.171539306640625
15,15000011,15000011,A,6,7,2248.9599154125826,2254.9839269611716,6.024011548588987,6.024011548588987,2254.9839269611716,2248.9599154125826,2254.9839269611716,6.024011548588987,A,True,True,0.171539306640625,28.475925926935663,28.475925926935663,1.0,0.171539306640625
15,15000011,15000011,A,7,8,2254.9839269611716,2261.0079385097606,6.024011548588987,6.024011548588987,2261.0079385097606,2254.9839269611716,2261.0079385097606,6.024011548588987,A,True,True,0.171539306640625,28.475925926935663,28.475925926935663,1.0,0.171539306640625
15,15000011,15000012,A,8,1,2261.0079385097606,2267.0319500583496,6.024011548588987,6.024011548588987,2267.0319500583496,2261.0079385097606,2267.0319500583496,6.024011548588987,gray,False,True,0.171539306640625,28.475925926935663,,,
15,15000012,15000012,B,1,2,2267.0319500583496,2295.6247920542305,28.592841995880917,28.592841995880917,2295.6247920542305,2267.0319500583496,2295.6247920542305,28.592841995880917,B,True,True,0.03759765625,1.3149324665039004,1.3149324665039004,1.0,0.03759765625
15,15000012,15000012,B,2,3,2295.6247920542305,2324.2176340501114,28.592841995880917,28.592841995880917,2324.2176340501114,2295.6247920542305,2324.2176340501114,28.592841995880917,B,True,True,0.03759765625,1.3149324665039004,1.3149324665039004,1.0,0.03759765625
15,15000012,15000012,B,3,4,2324.2176340501114,2352.8104760459923,28.592841995880917,28.592841995880917,2352.8104760459923,2324.2176340501114,2352.8104760459923,28.592841995880917,B,True,True,0.03759765625,1.3149324665039004,1.3149324665039004,1.0,0.03759765625
15,15000012,15000012,B,4,5,2352.8104760459923,2381.4033180418733,28.592841995880917,28.592841995880917,2381.4033180418733,2352.8104760459923,2381.4033180418733,28.592841995880917,B,True,True,0.03759765625,1.3149324665039004,1.3149324665039004,1.0,0.03759765625
15,15000012,15000012,B,5,6,2381.4033180418733,2409.996160037754,28.592841995880917,28.592841995880917,2409.996160037754,2381.4033180418733,2409.996160037754,28.592841995880917,B,True,True,0.03759765625,1.3149324665039004,1.3149324665039004,1.0,0.03759765625
15,15000012,15000012,B,6,7,2409.996160037754,2438.589002033635,28.592841995880917,28.592841995880917,2438.589002033635,2409.996160037754,2438.589002033635,28.592841995880917,B,True,True,0.03759765625,1.3149324665039004,1.3149324665039004,1.0,0.03759765625
15,15000012,15000012,B,7,8,2438.589002033635,2467.181844029516,28.592841995880917,28.592841995880917,2467.181844029516,2438.589002033635,2467.181844029516,28.592841995880917,B,True,True,0.03759765625,1.3149324665039004,1.3149324665039004,1.0,0.03759765625
15,15000012,15000013,B,8,1,2467.181844029516,2495.774686025397,28.592841995880917,28.592841995880917,2495.774686025397,2467.181844029516,2495.774686025397,28.592841995880917,gray,False,True,0.03759765625,1.3149324665039004,,,
15,15000013,15000013,B,1,2,2495.774686025397,2524.367528021278,28.592841995880917,28.592841995880917,2524.367528021278,2495.774686025397,2524.367528021278,28.592841995880917,B,True,True,0.03759765625,1.3149324665039004,1.3149324665039004,1.0,0.03759765625
15,15000013,15000013,B,2,3,2524.367528021278,2552.9603700171588,28.592841995880917,28.592841995880917,2552.9603700171588,2524.367528021278,2552.9603700171588,28.592841995880917,B,True,True,0.03759765625,1.3149324665039004,1.3149324665039004,1.0,0.03759765625
15,15000013,15000013,B,3,4,2552.9603700171588,2581.5532120130397,28.592841995880917,28.592841995880917,2581.5532120130397,2552.9603700171588,2581.5532120130397,28.592841995880917,B,True,True,0.03759765625,1.3149324665039004,1.3149324665039004,1.0,0.03759765625
15,15000013,15000013,B,4,5,2581.5532120130397,2610.1460540089206,28.592841995880917,28.592841995880917,2610.1460540089206,2581.5532120130397,2610.1460540089206,28.592841995880917,B,True,True,0.03759765625,1.3149324665039004,1.3149324665039004,1.0,0.03759765625
15,15000013,15000013,B,5,6,2610.1460540089206,2638.7388960048015,28.592841995880917,28.592841995880917,2638.7388960048015,2610.1460540089206,2638.7388960048015,28.592841995880917,B,True,True,0.03759765625,1.3149324665039004,1.3149324665039004,1.0,0.03759765625
15,15000013,15000013,B,6,7,2638.7388960048015,2667.3317380006824,28.592841995880917,28.592841995880917,2667.3317380006824,2638.7388960048015,2667.3317380006824,28.592841995880917,B,True,True,0.03759765625,1.3149324665039004,1.3149324665039004,1.0,0.03759765625
15,15000013,15000013,B,7,8,2667.3317380006824,2695.9245799965634,28.592841995880917,28.592841995880917,2695.9245799965634,2667.3317380006824,2695.9245799965634,28.592841995880917,B,True,True,0.03759765625,1.3149324665039004,1.3149324665039004,1.0,0.03759765625
15,15000013,15000014,B,8,1,2695.9245799965634,2724.5174219924443,28.592841995880917,28.592841995880917,2724.5174219924443,2695.9245799965634,2724.5174219924443,28.592841995880917,gray,False,True,0.03759765625,1.3149324665039004,,,
15,15000014,15000014,A,1,2,2724.5174219924443,2733.267978553219,8.75055656077484,6.024011548588987,2730.5414335410333,2724.5174219924443,2733.267978553219,6.024011548588987,A,True,True,0.171539306640625,28.475925926935663,19.603245284941696,0.6884146747410518,0.171539306640625
15,15000014,15000014,A,2,3,2733.267978553219,2746.9684637827113,13.700485229492188,6.024011548588987,2739.291990101808,2733.267978553219,2746.9684637827113,6.024011548588987,A,True,True,0.171539306640625,28.475925926935663,12.520673813169985,0.4396932990096928,0.171539306640625
15,15000014,15000014,A,3,4,2746.9684637827113,2754.7689382211875,7.800474438476158,6.024011548588987,2752.9924753313003,2746.9684637827113,2754.7689382211875,6.024011548588987,A,True,True,0.171539306640625,28.475925926935663,21.990881194930964,0.7722621997035598,0.171539306640625
15,15000014,15000014,A,4,5,2754.7689382211875,2765.1796285288046,10.410690307617188,6.024011548588987,2760.7929497697764,2754.7689382211875,2765.1796285288046,6.024011548588987,A,True,True,0.171539306640625,28.475925926935663,16.477226924627168,0.5786370903936505,0.171539306640625
15,15000014,15000014,A,5,6,2765.1796285288046,2773.9623060434533,8.78267751464864,6.024011548588987,2771.2036400773936,2765.1796285288046,2773.9623060434533,6.024011548588987,A,True,True,0.171539306640625,28.475925926935663,19.531550185523077,0.6858969304681324,0.171539306640625
15,15000014,15000014,A,6,7,2773.9623060434533,2791.0408057016566,17.078499658203327,6.024011548588987,2779.9863175920423,2773.9623060434533,2791.0408057016566,6.024011548588987,A,True,True,0.171539306640625,28.475925926935663,10.044167232115697,0.35272486864473895,0.171539306640625
15,15000014,15000014,A,7,8,2791.0408057016566,2798.4428442758754,7.40203857421875,6.024011548588987,2797.0648172502456,2791.0408057016566,2798.4428442758754,6.024011548588987,A,True,True,0.171539306640625,28.475925926935663,23.174603174603174,0.8138314179516138,0.171539306640625
15,15000014,15000015,A,8,1,2798.4428442758754,2805.0895727915004,6.646728515625,6.024011548588987,2804.4668558244643,2798.4428442758754,2805.0895727915004,6.024011548588987,gray,False,True,0.171539306640625,28.475925926935663,,,
15,15000015,15000015,B,1,2,2805.0895727915004,2833.6824147873813,28.592841995880917,28.592841995880917,2833.6824147873813,2805.0895727915004,2833.6824147873813,28.592841995880917,B,True,True,0.03759765625,1.3149324665039004,1.3149324665039004,1.0,0.03759765625
15,15000015,15000015,B,2,3,2833.6824147873813,2862.275256783262,28.592841995880917,28.592841995880917,2862.275256783262,2833.6824147873813,2862.275256783262,28.592841995880917,B,True,True,0.03759765625,1.3149324665039004,1.3149324665039004,1.0,0.03759765625
15,15000015,15000015,B,3,4,2862.275256783262,2890.868098779143,28.592841995880917,28.592841995880917,2890.868098779143,2862.275256783262,2890.868098779143,28.592841995880917,B,True,True,0.03759765625,1.3149324665039004,1.3149324665039004,1.0,0.03759765625
15,15000015,15000015,B,4,5,2890.868098779143,2919.460940775024,28.592841995880917,28.592841995880917,2919.460940775024,2890.868098779143,2919.460940775024,28.592841995880917,B,True,True,0.03759765625,1.3149324665039004,1.3149324665039004,1.0,0.03759765625
15,15000015,15000015,B,5,6,2919.460940775024,2948.053782770905,28.592841995880917,28.592841995880917,2948.053782770905,2919.460940775024,2948.053782770905,28.592841995880917,B,True,True,0.03759765625,1.3149324665039004,1.3149324665039004,1.0,0.03759765625
15,15000015,15000015,B,6,7,2948.053782770905,2976.646624766786,28.592841995880917,28.592841995880917,2976.646624766786,2948.053782770905,2976.646624766786,28.592841995880917,B,True,True,0.03759765625,1.3149324665039004,1.3149324665039004,1.0,0.03759765625
15,15000015,15000015,B,7,8,2976.646624766786,3005.239466762667,28.592841995880917,28.592841995880917,3005.239466762667,2976.646624766786,3005.239466762667,28.592841995880917,B,True,True,0.03759765625,1.3149324665039004,1.3149324665039004,1.0,0.03759765625
15,15000015,15000016,B,8,1,3005.239466762667,3033.8323087585477,28.592841995880917,28.592841995880917,3033.8323087585477,3005.239466762667,3033.8323087585477,28.592841995880917,gray,False,True,0.03759765625,1.3149324665039004,,,
15,15000016,15000016,B,1,2,3033.8323087585477,3062.4251507544286,28.592841995880917,28.592841995880917,3062.4251507544286,3033.8323087585477,3062.4251507544286,28.592841995880917,B,True,True,0.03759765625,1.3149324665039004,1.3149324665039004,1.0,0.03759765625
15,15000016,15000016,B,2,3,3062.4251507544286,3091.0179927503095,28.592841995880917,28.592841995880917,3091.0179927503095,3062.4251507544286,3091.0179927503095,28.592841995880917,B,True,True,0.03759765625,1.3149324665039004,1.3149324665039004,1.0,0.03759765625
15,15000016,15000016,B,3,4,3091.0179927503095,3119.6108347461904,28.592841995880917,28.592841995880917,3119.6108347461904,3091.0179927503095,3119.6108347461904,28.592841995880917,B,True,True,0.03759765625,1.3149324665039004,1.3149324665039004,1.0,0.03759765625
15,15000016,15000016,B,4,5,3119.6108347461904,3148.2036767420714,28.592841995880917,28.592841995880917,3148.2036767420714,3119.6108347461904,3148.2036767420714,28.592841995880917,B,True,True,0.03759765625,1.3149324665039004,1.3149324665039004,1.0,0.03759765625
15,15000016,15000016,B,5,6,3148.2036767420714,3176.7965187379523,28.592841995880917,28.592841995880917,3176.7965187379523,3148.2036767420714,3176.7965187379523,28.592841995880917,B,True,True,0.03759765625,1.3149324665039004,1.3149324665039004,1.0,0.03759765625
15,15000016,15000016,B,6,7,3176.7965187379523,3205.389360733833,28.592841995880917,28.592841995880917,3205.389360733833,3176.7965187379523,3205.389360733833,28.592841995880917,B,True,True,0.03759765625,1.3149324665039004,1.3149324665039004,1.0,0.03759765625
15,15000016,15000016,B,7,8,3205.389360733833,3233.982202729714,28.592841995880917,28.592841995880917,3233.982202729714,3205.389360733833,3233.982202729714,28.592841995880917,B,True,True,0.03759765625,1.3149324665039004,1.3149324665039004,1.0,0.03759765625
15,15000016,15000017,B,8,1,3233.982202729714,3262.575044725595,28.592841995880917,28.592841995880917,3262.575044725595,3233.982202729714,3262.575044725595,28.592841995880917,gray,False,True,0.03759765625,1.3149324665039004,,,
15,15000017,15000017,B,1,2,3262.575044725595,3291.167886721476,28.592841995880917,28.592841995880917,3291.167886721476,3262.575044725595,3291.167886721476,28.592841995880917,B,True,True,0.03759765625,1.3149324665039004,1.3149324665039004,1.0,0.03759765625
15,15000017,15000017,B,2,3,3291.167886721476,3319.760728717357,28.592841995880917,28.592841995880917,3319.760728717357,3291.167886721476,3319.760728717357,28.592841995880917,B,True,True,0.03759765625,1.3149324665039004,1.3149324665039004,1.0,0.03759765625
15,15000017,15000017,B,3,4,3319.760728717357,3348.353570713238,28.592841995880917,28.592841995880917,3348.353570713238,3319.760728717357,3348.353570713238,28.592841995880917,B,True,True,0.03759765625,1.3149324665039004,1.3149324665039004,1.0,0.03759765625
15,15000017,15000017,B,4,5,3348.353570713238,3376.9464127091187,28.592841995880917,28.592841995880917,3376.9464127091187,3348.353570713238,3376.9464127091187,28.592841995880917,B,True,True,0.03759765625,1.3149324665039004,1.3149324665039004,1.0,0.03759765625
15,15000017,15000017,B,5,6,3376.9464127091187,3405.5392547049996,28.592841995880917,28.592841995880917,3405.5392547049996,3376.9464127091187,3405.5392547049996,28.592841995880917,B,True,True,0.03759765625,1.3149324665039004,1.3149324665039004,1.0,0.03759765625
15,15000017,15000017,B,6,7,3405.5392547049996,3434.1320967008805,28.592841995880917,28.592841995880917,3434.1320967008805,3405.5392547049996,3434.1320967008805,28.592841995880917,B,True,True,0.03759765625,1.3149324665039004,1.3149324665039004,1.0,0.03759765625
15,15000017,15000017,B,7,8,3434.1320967008805,3462.7249386967615,28.592841995880917,28.592841995880917,3462.7249386967615,3434.1320967008805,3462.7249386967615,28.592841995880917,B,True,True,0.03759765625,1.3149324665039004,1.3149324665039004,1.0,0.03759765625
15,15000017,15000018,B,8,1,3462.7249386967615,3491.3177806926424,28.592841995880917,28.592841995880917,3491.3177806926424,3462.7249386967615,3491.3177806926424,28.592841995880917,gray,False,True,0.03759765625,1.3149324665039004,,,
15,15000018,15000018,A,1,2,3491.3177806926424,3513.531835249054,22.21405455641161,6.024011548588987,3497.3417922412314,3491.3177806926424,3513.531835249054,6.024011548588987,A,True,True,0.171539306640625,28.475925926935663,7.7221070203554465,0.27118019059921167,0.171539306640625
15,15000018,15000018,A,2,3,3513.531835249054,3555.355131660187,41.823296411133015,6.024011548588987,3519.555846797643,3513.531835249054,3555.355131660187,6.024011548588987,A,True,True,0.171539306640625,28.475925926935663,4.101525258897638,0.14403483382494559,0.171539306640625
15,15000018,15000018,A,3,4,3555.355131660187,3567.507231269562,12.152099609375,6.024011548588987,3561.379143208776,3555.355131660187,3567.507231269562,6.024011548588987,A,True,True,0.171539306640625,28.475925926935663,14.116022099447514,0.49571775596223994,0.171539306640625
15,15000018,15000018,A,4,5,3567.507231269562,3588.685186079132,21.17795480957011,6.024011548588987,3573.531242818151,3567.507231269562,3588.685186079132,6.024011548588987,A,True,True,0.171539306640625,28.475925926935663,8.099899550409281,0.28444727561071176,0.171539306640625
15,15000018,15000018,A,5,6,3588.685186079132,3624.617164033234,35.93197795410197,6.024011548588987,3594.709197627721,3588.685186079132,3624.617164033234,6.024011548588987,A,True,True,0.171539306640625,28.475925926935663,4.774001221411809,0.16765042982837772,0.171539306640625
15,15000018,15000018,A,6,7,3624.617164033234,3654.7288583691716,30.1116943359375,6.024011548588987,3630.641175581823,3624.617164033234,3654.7288583691716,6.024011548588987,A,True,True,0.171539306640625,28.475925926935663,5.696767001114827,0.20005554922890842,0.171539306640625
15,15000018,15000018,A,7,8,3654.7288583691716,3676.5780998974915,21.849241528319908,6.024011548588987,3660.7528699177606,3654.7288583691716,3676.5780998974915,6.024011548588987,A,True,True,0.171539306640625,28.475925926935663,7.851041713200169,0.27570803960315793,0.171539306640625
15,15000018,15000019,A,8,1,3676.5780998974915,3691.785009077179,15.2069091796875,6.024011548588987,3682.6021114460805,3676.5780998974915,3691.785009077179,6.024011548588987,gray,False,True,0.171539306640625,28.475925926935663,,,
15,15000019,15000019,A,1,2,3691.785009077179,3703.9373086865544,12.152299609375405,6.024011548588987,3697.809020625768,3691.785009077179,3703.9373086865544,6.024011548588987,A,True,True,0.171539306640625,28.475925926935663,14.115789780913873,0.4957095975432921,0.171539306640625
15,15000019,15000019,A,2,3,3703.9373086865544,3726.5334679394837,22.596159252929283,6.024011548588987,3709.9613202351434,3703.9373086865544,3726.5334679394837,6.024011548588987,A,True,True,0.171539306640625,28.475925926935663,7.591524945478833,0.26659448984933387,0.171539306640625
15,15000019,15000019,A,3,4,3726.5334679394837,3738.2365776806946,11.703109741210938,6.024011548588987,3732.5574794880727,3726.5334679394837,3738.2365776806946,6.024011548588987,A,True,True,0.171539306640625,28.475925926935663,14.657583363212622,0.5147359703358361,0.171539306640625
15,15000019,15000019,A,4,5,3738.2365776806946,3748.3704209668276,10.133843286133015,6.024011548588987,3744.2605892292836,3738.2365776806946,3748.3704209668276,6.024011548588987,A,True,True,0.171539306640625,28.475925926935663,16.927369192234952,0.5944449088562624,0.171539306640625
15,15000019,15000019,A,5,6,3748.3704209668276,3756.1291337353823,7.7587127685546875,6.024011548588987,3754.3944325154166,3748.3704209668276,3756.1291337353823,6.024011548588987,A,True,True,0.171539306640625,28.475925926935663,22.10924824229313,0.7764189406525943,0.171539306640625
15,15000019,15000019,A,6,7,3756.1291337353823,3763.3381486279604,7.209014892578125,6.024011548588987,3762.1531452839713,3756.1291337353823,3763.3381486279604,6.024011548588987,A,True,True,0.171539306640625,28.475925926935663,23.79511059371362,0.8356220147070121,0.171539306640625
15,15000019,15000019,A,7,8,3763.3381486279604,3787.1345116406555,23.79636301269511,6.024011548588987,3769.3621601765494,3763.3381486279604,3787.1345116406555,6.024011548588987,A,True,True,0.171539306640625,28.475925926935663,7.208635477157185,0.2531484137040287,0.171539306640625
15,15000019,15000020,A,8,1,3787.1345116406555,3793.1585231892445,6.024011548588987,6.024011548588987,3793.1585231892445,3787.1345116406555,3793.1585231892445,6.024011548588987,gray,False,True,0.171539306640625,28.475925926935663,,,
15,15000020,15000020,B,1,2,3793.1585231892445,3821.7513651851255,28.592841995880917,28.592841995880917,3821.7513651851255,3793.1585231892445,3821.7513651851255,28.592841995880917,B,True,True,0.03759765625,1.3149324665039004,1.3149324665039004,1.0,0.03759765625
15,15000020,15000020,B,2,3,3821.7513651851255,3850.3442071810064,28.592841995880917,28.592841995880917,3850.3442071810064,3821.7513651851255,3850.3442071810064,28.592841995880917,B,True,True,0.03759765625,1.3149324665039004,1.3149324665039004,1.0,0.03759765625
15,15000020,15000020,B,3,4,3850.3442071810064,3878.9370491768873,28.592841995880917,28.592841995880917,3878.9370491768873,3850.3442071810064,3878.9370491768873,28.592841995880917,B,True,True,0.03759765625,1.3149324665039004,1.3149324665039004,1.0,0.03759765625
15,15000020,15000020,B,4,5,3878.9370491768873,3907.529891172768,28.592841995880917,28.592841995880917,3907.529891172768,3878.9370491768873,3907.529891172768,28.592841995880917,B,True,True,0.03759765625,1.3149324665039004,1.3149324665039004,1.0,0.03759765625
15,15000020,15000020,B,5,6,3907.529891172768,3936.122733168649,28.592841995880917,28.592841995880917,3936.122733168649,3907.529891172768,3936.122733168649,28.592841995880917,B,True,True,0.03759765625,1.3149324665039004,1.3149324665039004,1.0,0.03759765625
15,15000020,15000020,B,6,7,3936.122733168649,3964.71557516453,28.592841995880917,28.592841995880917,3964.71557516453,3936.122733168649,3964.71557516453,28.592841995880917,B,True,True,0.03759765625,1.3149324665039004,1.3149324665039004,1.0,0.03759765625
15,15000020,15000020,B,7,8,3964.71557516453,3993.308417160411,28.592841995880917,28.592841995880917,3993.308417160411,3964.71557516453,3993.308417160411,28.592841995880917,B,True,True,0.03759765625,1.3149324665039004,1.3149324665039004,1.0,0.03759765625
15,15000020,15000021,B,8,1,3993.308417160411,4021.901259156292,28.592841995880917,28.592841995880917,4021.901259156292,3993.308417160411,4000.0,6.691582839589046,gray,False,False,0.03759765625,1.3149324665039004,,,
16,16000010,16000010,A,2,3,1993.0357905590668,2004.5164034496918,11.480612890625025,6.024011548589215,1999.059802107656,2000.0,2004.5164034496918,0.0,gray,True,False,0.171539306640625,28.47592592693459,,,
16,16000010,16000010,A,3,4,2004.5164034496918,2026.4876338207855,21.971230371093725,6.024011548589215,2010.540414998281,2004.5164034496918,2026.4876338207855,6.024011548589215,A,True,True,0.171539306640625,28.47592592693459,7.807451095970908,0.274177251198215,0.171539306640625
16,16000010,16000010,A,4,5,2026.4876338207855,2047.9720088207855,21.484375,6.024011548589215,2032.5116453693747,2026.4876338207855,2047.9720088207855,6.024011548589215,A,True,True,0.171539306640625,28.47592592693459,7.984375,0.2803903557161525,0.171539306640625
16,16000010,16000010,A,5,6,2047.9720088207855,2066.0113307201996,18.039321899414062,6.024011548588987,2053.9960203693745,2047.9720088207855,2066.0113307201996,6.024011548588987,A,True,True,0.171539306640625,28.475925926935663,9.509188183298441,0.3339378044351353,0.171539306640625
16,16000010,16000010,A,6,7,2066.0113307201996,2080.1943751537933,14.18304443359375,6.024011548588987,2072.0353422687886,2066.0113307201996,2080.1943751537933,6.024011548588987,A,True,True,0.171539306640625,28.475925926935663,12.094674556213018,0.4247333199013748,0.171539306640625
16,16000010,16000010,A,7,8,2080.1943751537933,2097.6293490063326,17.434973852539315,6.024011548588987,2086.2183867023823,2080.1943751537933,2097.6293490063326,6.024011548588987,A,True,True,0.171539306640625,28.475925926935663,9.838804926893605,0.3455130818972591,0.171539306640625
16,16000010,16000011,A,8,1,2097.6293490063326,2103.927795661606,6.2984466552734375,6.024011548588987,2103.6533605549216,2097.6293490063326,2103.927795661606,6.024011548588987,gray,False,True,0.171539306640625,28.475925926935663,,,
16,16000011,16000011,B,1,2,2103.927795661606,2132.520637657487,28.592841995880917,28.592841995880917,2132.520637657487,2103.927795661606,2132.520637657487,28.592841995880917,B,True,True,0.03759765625,1.3149324665039004,1.3149324665039004,1.0,0.03759765625
16,16000011,16000011,B,2,3,2132.520637657487,2161.113479653368,28.592841995880917,28.592841995880917,2161.113479653368,2132.520637657487,2161.113479653368,28.592841995880917,B,True,True,0.03759765625,1.3149324665039004,1.3149324665039004,1.0,0.03759765625
16,16000011,16000011,B,3,4,2161.113479653368,2189.706321649249,28.592841995880917,28.592841995880917,2189.706321649249,2161.113479653368,2189.706321649249,28.592841995880917,B,True,True,0.03759765625,1.3149324665039004,1.3149324665039004,1.0,0.03759765625
16,16000011,16000011,B,4,5,2189.706321649249,2218.2991636451297,28.592841995880917,28.592841995880917,2218.2991636451297,2189.706321649249,2218.2991636451297,28.592841995880917,B,True,True,0.03759765625,1.3149324665039004,1.3149324665039004,1.0,0.03759765625
16,16000011,16000011,B,5,6,2218.2991636451297,2246.8920056410107,28.592841995880917,28.592841995880917,2246.8920056410107,2218.2991636451297,2246.8920056410107,28.592841995880917,B,True,True,0.03759765625,1.3149324665039004,1.3149324665039004,1.0,0.03759765625
16,16000011,16000011,B,6,7,2246.8920056410107,2275.4848476368916,28.592841995880917,28.592841995880917,2275.4848476368916,2246.8920056410107,2275.4848476368916,28.592841995880917,B,True,True,0.03759765625,1.3149324665039004,1.3149324665039004,1.0,0.03759765625
16,16000011,16000011,B,7,8,2275.4848476368916,2304.0776896327725,28.592841995880917,28.592841995880917,2304.0776896327725,2275.4848476368916,2304.0776896327725,28.592841995880917,B,True,True,0.03759765625,1.3149324665039004,1.3149324665039004,1.0,0.03759765625
16,16000011,16000012,B,8,1,2304.0776896327725,2332.6705316286534,28.592841995880917,28.592841995880917,2332.6705316286534,2304.0776896327725,2332.6705316286534,28.592841995880917,gray,False,True,0.03759765625,1.3149324665039004,,,
16,16000012,16000012,B,1,2,2332.6705316286534,2361.2633736245343,28.592841995880917,28.592841995880917,2361.2633736245343,2332.6705316286534,2361.2633736245343,28.592841995880917,B,True,True,0.03759765625,1.3149324665039004,1.3149324665039004,1.0,0.03759765625
16,16000012,16000012,B,2,3,2361.2633736245343,2389.8562156204152,28.592841995880917,28.592841995880917,2389.8562156204152,2361.2633736245343,2389.8562156204152,28.592841995880917,B,True,True,0.03759765625,1.3149324665039004,1.3149324665039004,1.0,0.03759765625
16,16000012,16000012,B,3,4,2389.8562156204152,2418.449057616296,28.592841995880917,28.592841995880917,2418.449057616296,2389.8562156204152,2418.449057616296,28.592841995880917,B,True,True,0.03759765625,1.3149324665039004,1.3149324665039004,1.0,0.03759765625
16,16000012,16000012,B,4,5,2418.449057616296,2447.041899612177,28.592841995880917,28.592841995880917,2447.041899612177,2418.449057616296,2447.041899612177,28.592841995880917,B,True,True,0.03759765625,1.3149324665039004,1.3149324665039004,1.0,0.03759765625
16,16000012,16000012,B,5,6,2447.041899612177,2475.634741608058,28.592841995880917,28.592841995880917,2475.634741608058,2447.041899612177,2475.634741608058,28.592841995880917,B,True,True,0.03759765625,1.3149324665039004,1.3149324665039004,1.0,0.03759765625
16,16000012,16000012,B,6,7,2475.634741608058,2504.227583603939,28.592841995880917,28.592841995880917,2504.227583603939,2475.634741608058,2504.227583603939,28.592841995880917,B,True,True,0.03759765625,1.3149324665039004,1.3149324665039004,1.0,0.03759765625
16,16000012,16000012,B,7,8,2504.227583603939,2532.82042559982,28.592841995880917,28.592841995880917,2532.82042559982,2504.227583603939,2532.82042559982,28.592841995880917,B,True,True,0.03759765625,1.3149324665039004,1.3149324665039004,1.0,0.03759765625
16,16000012,16000013,B,8,1,2532.82042559982,2561.4132675957007,28.592841995880917,28.592841995880917,2561.4132675957007,2532.82042559982,2561.4132675957007,28.592841995880917,gray,False,True,0.03759765625,1.3149324665039004,,,
16,16000013,16000013,A,1,2,2561.4132675957007,2571.3252058237267,9.911938228025974,6.024011548588987,2567.4372791442897,2561.4132675957007,2571.3252058237267,6.024011548588987,A,True,True,0.171539306640625,28.475925926935663,17.306333301755064,0.6077531366727159,0.171539306640625
16,16000013,16000013,A,2,3,2571.3252058237267,2577.3492173723157,6.024011548588987,6.024011548588987,2577.3492173723157,2571.3252058237267,2577.3492173723157,6.024011548588987,A,True,True,0.171539306640625,28.475925926935663,28.475925926935663,1.0,0.171539306640625
16,16000013,16000013,A,3,4,2577.3492173723157,2588.9071455209923,11.557928148676638,6.024011548588987,2583.3732289209047,2577.3492173723157,2588.9071455209923,6.024011548588987,A,True,True,0.171539306640625,28.475925926935663,14.841700383841367,0.5212016782851108,0.171539306640625
16,16000013,16000013,A,4,5,2588.9071455209923,2597.7107038706017,8.803558349609375,6.024011548588987,2594.9311570695813,2588.9071455209923,2597.7107038706017,6.024011548588987,A,True,True,0.171539306640625,28.475925926935663,19.48522402287893,0.6842700768668478,0.171539306640625
16,16000013,16000013,A,5,6,2597.7107038706017,2614.6799031870078,16.969199316406048,6.024011548588987,2603.7347154191907,2597.7107038706017,2614.6799031870078,6.024011548588987,A,True,True,0.171539306640625,28.475925926935663,10.108862736663038,0.3549968054629951,0.171539306640625
16,16000013,16000013,A,6,7,2614.6799031870078,2631.330493812008,16.650590625000405,6.024011548588987,2620.7039147355968,2614.6799031870078,2631.330493812008,6.024011548588987,A,True,True,0.171539306640625,28.475925926935663,10.30229560644314,0.3617896616558514,0.171539306640625
16,16000013,16000013,A,7,8,2631.330493812008,2643.348316077633,12.017822265625,6.024011548588987,2637.354505360597,2631.330493812008,2643.348316077633,6.024011548588987,A,True,True,0.171539306640625,28.475925926935663,14.273743016759777,0.501256501838913,0.171539306640625
16,16000013,16000014,A,8,1,2643.348316077633,2655.722712537594,12.374396459960735,6.024011548588987,2649.372327626222,2643.348316077633,2655.722712537594,6.024011548588987,gray,False,True,0.171539306640625,28.475925926935663,,,
16,16000014,16000014,A,1,2,2655.722712537594,2662.08410169775,6.36138916015625,6.024011548588987,2661.746724086183,2655.722712537594,2662.08410169775,6.024011548588987,A,True,True,0.171539306640625,28.475925926935663,26.965699208443272,0.9469647897537249,0.171539306640625
16,16000014,16000014,A,2,3,2662.08410169775,2671.651462439938,9.567360742187702,6.024011548588987,2668.108113246339,2662.08410169775,2671.651462439938,6.024011548588987,A,True,True,0.171539306640625,28.475925926935663,17.929637155230786,0.6296419368850431,0.171539306640625
16,16000014,16000014,A,3,4,2671.651462439938,2677.675473988527,6.024011548588987,6.024011548588987,2677.675473988527,2671.651462439938,2677.675473988527,6.024011548588987,A,True,True,0.171539306640625,28.475925926935663,28.475925926935663,1.0,0.171539306640625
16,16000014,16000014,A,4,5,2677.675473988527,2692.4852315561484,14.809757567621546,6.024011548588987,2683.699485537116,2677.675473988527,2692.4852315561484,6.024011548588987,A,True,True,0.171539306640625,28.475925926935663,11.582857170846605,0.4067596327004863,0.171539306640625
16,16000014,16000014,A,5,6,2692.4852315561484,2699.564365271969,7.079133715820717,6.024011548588987,2698.5092431047374,2692.4852315561484,2699.564365271969,6.024011548588987,A,True,True,0.171539306640625,28.475925926935663,24.231680531371012,0.8509532084591506,0.171539306640625
16,16000014,16000014,A,6,7,2699.564365271969,2726.2980451791955,26.73367990722636,6.024011548588987,2705.588376820558,2699.564365271969,2726.2980451791955,6.024011548588987,A,True,True,0.171539306640625,28.475925926935663,6.4165991077889855,0.22533416908910625,0.171539306640625
16,16000014,16000014,A,7,8,2726.2980451791955,2732.3220567277845,6.024011548588987,6.024011548588987,2732.3220567277845,2726.2980451791955,2732.3220567277845,6.024011548588987,A,True,True,0.171539306640625,28.475925926935663,28.475925926935663,1.0,0.171539306640625
16,16000014,16000015,A,8,1,2732.3220567277845,2739.5622290415004,7.240172313715902,6.024011548588987,2738.3460682763734,2732.3220567277845,2739.5622290415004,6.024011548588987,gray,False,True,0.171539306640625,28.475925926935663,,,
16,16000015,16000015,A,1,2,2739.5622290415004,2757.265757581539,17.70352854003886,6.024011548588987,2745.5862405900893,2739.5622290415004,2757.265757581539,6.024011548588987,A,True,True,0.171539306640625,28.475925926935663,9.68955461351483,0.34027180146403535,0.171539306640625
16,16000015,16000015,A,2,3,2757.265757581539,2766.7406026498984,9.474845068359173,6.024011548588987,2763.289769130128,2757.265757581539,2766.7406026498984,6.024011548588987,A,True,True,0.171539306640625,28.475925926935663,18.104708351746346,0.6357899791634491,0.171539306640625
16,16000015,16000015,A,3,4,2766.7406026498984,2780.630015394039,13.889412744140827,6.024011548588987,2772.7646141984874,2766.7406026498984,2780.630015394039,6.024011548588987,A,True,True,0.171539306640625,28.475925926935663,12.350364252296261,0.4337124729143198,0.171539306640625
16,16000015,16000015,A,4,5,2780.630015394039,2789.362138904781,8.732123510741985,6.024011548588987,2786.654026942628,2780.630015394039,2789.362138904781,6.024011548588987,A,True,True,0.171539306640625,28.475925926935663,19.644626697000188,0.6898678816416691,0.171539306640625
16,16000015,16000015,A,5,6,2789.362138904781,2802.3409834116173,12.97884450683614,6.024011548588987,2795.38615045337,2789.362138904781,2802.3409834116173,6.024011548588987,A,True,True,0.171539306640625,28.475925926935663,13.216839646262256,0.4641408212738858,0.171539306640625
16,16000015,16000015,A,6,7,2802.3409834116173,2808.3649949602063,6.024011548588987,6.024011548588987,2808.3649949602063,2802.3409834116173,2808.3649949602063,6.024011548588987,A,True,True,0.171539306640625,28.475925926935663,28.475925926935663,1.0,0.171539306640625
16,16000015,16000015,A,7,8,2808.3649949602063,2821.7399634165004,13.374968456294027,6.024011548588987,2814.3890065087953,2808.3649949602063,2821.7399634165004,6.024011548588987,A,True,True,0.171539306640625,28.475925926935663,12.825398968316938,0.4503944490242287,0.171539306640625
16,16000015,16000016,A,8,1,2821.7399634165004,2827.7639749650893,6.024011548588987,6.024011548588987,2827.7639749650893,2821.7399634165004,2827.7639749650893,6.024011548588987,gray,False,True,0.171539306640625,28.475925926935663,,,
16,16000016,16000016,B,1,2,2827.7639749650893,2856.3568169609703,28.592841995880917,28.592841995880917,2856.3568169609703,2827.7639749650893,2856.3568169609703,28.592841995880917,B,True,True,0.03759765625,1.3149324665039004,1.3149324665039004,1.0,0.03759765625
16,16000016,16000016,B,2,3,2856.3568169609703,2884.949658956851,28.592841995880917,28.592841995880917,2884.949658956851,2856.3568169609703,2884.949658956851,28.592841995880917,B,True,True,0.03759765625,1.3149324665039004,1.3149324665039004,1.0,0.03759765625
16,16000016,16000016,B,3,4,2884.949658956851,2913.542500952732,28.592841995880917,28.592841995880917,2913.542500952732,2884.949658956851,2913.542500952732,28.592841995880917,B,True,True,0.03759765625,1.3149324665039004,1.3149324665039004,1.0,0.03759765625
16,16000016,16000016,B,4,5,2913.542500952732,2942.135342948613,28.592841995880917,28.592841995880917,2942.135342948613,2913.542500952732,2942.135342948613,28.592841995880917,B,True,True,0.03759765625,1.3149324665039004,1.3149324665039004,1.0,0.03759765625
16,16000016,16000016,B,5,6,2942.135342948613,2970.728184944494,28.592841995880917,28.592841995880917,2970.728184944494,2942.135342948613,2970.728184944494,28.592841995880917,B,True,True,0.03759765625,1.3149324665039004,1.3149324665039004,1.0,0.03759765625
16,16000016,16000016,B,6,7,2970.728184944494,2999.321026940375,28.592841995880917,28.592841995880917,2999.321026940375,2970.728184944494,2999.321026940375,28.592841995880917,B,True,True,0.03759765625,1.3149324665039004,1.3149324665039004,1.0,0.03759765625
16,16000016,16000016,B,7,8,2999.321026940375,3027.9138689362558,28.592841995880917,28.592841995880917,3027.9138689362558,2999.321026940375,3027.9138689362558,28.592841995880917,B,True,True,0.03759765625,1.3149324665039004,1.3149324665039004,1.0,0.03759765625
16,16000016,16000017,B,8,1,3027.9138689362558,3056.5067109321367,28.592841995880917,28.592841995880917,3056.5067109321367,3027.9138689362558,3056.5067109321367,28.592841995880917,gray,False,True,0.03759765625,1.3149324665039004,,,
16,16000017,16000017,B,1,2,3056.5067109321367,3085.0995529280176,28.592841995880917,28.592841995880917,3085.0995529280176,3056.5067109321367,3085.0995529280176,28.592841995880917,B,True,True,0.03759765625,1.3149324665039004,1.3149324665039004,1.0,0.03759765625
16,16000017,16000017,B,2,3,3085.0995529280176,3113.6923949238985,28.592841995880917,28.592841995880917,3113.6923949238985,3085.0995529280176,3113.6923949238985,28.592841995880917,B,True,True,0.03759765625,1.3149324665039004,1.3149324665039004,1.0,0.03759765625
16,16000017,16000017,B,3,4,3113.6923949238985,3142.2852369197794,28.592841995880917,28.592841995880917,3142.2852369197794,3113.6923949238985,3142.2852369197794,28.592841995880917,B,True,True,0.03759765625,1.3149324665039004,1.3149324665039004,1.0,0.03759765625
16,16000017,16000017,B,4,5,3142.2852369197794,3170.8780789156604,28.592841995880917,28.592841995880917,3170.8780789156604,3142.2852369197794,3170.8780789156604,28.592841995880917,B,True,True,0.03759765625,1.3149324665039004,1.3149324665039004,1.0,0.03759765625
16,16000017,16000017,B,5,6,3170.8780789156604,3199.4709209115413,28.592841995880917,28.592841995880917,3199.4709209115413,3170.8780789156604,3199.4709209115413,28.592841995880917,B,True,True,0.03759765625,1.3149324665039004,1.3149324665039004,1.0,0.03759765625
16,16000017,16000017,B,6,7,3199.4709209115413,3228.063762907422,28.592841995880917,28.592841995880917,3228.063762907422,3199.4709209115413,3228.063762907422,28.592841995880917,B,True,True,0.03759765625,1.3149324665039004,1.3149324665039004,1.0,0.03759765625
16,16000017,16000017,B,7,8,3228.063762907422,3256.656604903303,28.592841995880917,28.592841995880917,3256.656604903303,3228.063762907422,3256.656604903303,28.592841995880917,B,True,True,0.03759765625,1.3149324665039004,1.3149324665039004,1.0,0.03759765625
16,16000017,16000018,B,8,1,3256.656604903303,3285.249446899184,28.592841995880917,28.592841995880917,3285.249446899184,3256.656604903303,3285.249446899184,28.592841995880917,gray,False,True,0.03759765625,1.3149324665039004,,,
16,16000018,16000018,A,1,2,3285.249446899184,3291.273458447773,6.024011548588987,6.024011548588987,3291.273458447773,3285.249446899184,3291.273458447773,6.024011548588987,A,True,True,0.171539306640625,28.475925926935663,28.475925926935663,1.0,0.171539306640625
16,16000018,16000018,A,2,3,3291.273458447773,3305.511052778351,14.23759433057785,6.024011548588987,3297.297469996362,3291.273458447773,3305.511052778351,6.024011548588987,A,True,True,0.171539306640625,28.475925926935663,12.048335038751093,0.4231059973138381,0.171539306640625
16,16000018,16000018,A,3,4,3305.511052778351,3311.53506432694,6.024011548588987,6.024011548588987,3311.53506432694,3305.511052778351,3311.53506432694,6.024011548588987,A,True,True,0.171539306640625,28.475925926935663,28.475925926935663,1.0,0.171539306640625
16,16000018,16000018,A,4,5,3311.53506432694,3318.5948014599917,7.05973713305184,6.024011548588987,3317.559075875529,3311.53506432694,3318.5948014599917,6.024011548588987,A,True,True,0.171539306640625,28.475925926935663,24.298256919159623,0.8532911969747632,0.171539306640625
16,16000018,16000018,A,5,6,3318.5948014599917,3327.4277329785464,8.832931518554688,6.024011548588987,3324.6188130085807,3318.5948014599917,3327.4277329785464,6.024011548588987,A,True,True,0.171539306640625,28.475925926935663,19.42042755344418,0.6819945944259606,0.171539306640625
16,16000018,16000018,A,6,7,3327.4277329785464,3333.9905381543276,6.56280517578125,6.024011548588987,3333.4517445271354,3327.4277329785464,3333.9905381543276,6.024011548588987,A,True,True,0.171539306640625,28.475925926935663,26.138107416879794,0.9179019317561681,0.171539306640625
16,16000018,16000018,A,7,8,3333.9905381543276,3341.807997260773,7.8174591064453125,6.024011548588987,3340.0145497029166,3333.9905381543276,3341.807997260773,6.024011548588987,A,True,True,0.171539306640625,28.475925926935663,21.94310252281267,0.7705843377706103,0.171539306640625
16,16000018,16000019,A,8,1,3341.807997260773,3347.832008809362,6.024011548588987,6.024011548588987,3347.832008809362,3341.807997260773,3347.832008809362,6.024011548588987,gray,False,True,0.171539306640625,28.475925926935663,,,
16,16000019,16000019,A,1,2,3347.832008809362,3357.1912454541325,9.35923664477059,6.024011548588987,3353.856020357951,3347.832008809362,3357.1912454541325,6.024011548588987,A,True,True,0.171539306640625,28.475925926935663,18.328343768983704,0.6436434697860602,0.171539306640625
16,16000019,16000019,A,2,3,3357.1912454541325,3363.2152570027215,6.024011548588987,6.024011548588987,3363.2152570027215,3357.1912454541325,3363.2152570027215,6.024011548588987,A,True,True,0.171539306640625,28.475925926935663,28.475925926935663,1.0,0.171539306640625
16,16000019,16000019,A,3,4,3363.2152570027215,3369.2392685513105,6.024011548588987,6.024011548588987,3369.2392685513105,3363.2152570027215,3369.2392685513105,6.024011548588987,A,True,True,0.171539306640625,28.475925926935663,28.475925926935663,1.0,0.171539306640625
16,16000019,16000019,A,4,5,3369.2392685513105,3375.2632800998995,6.024011548588987,6.024011548588987,3375.2632800998995,3369.2392685513105,3375.2632800998995,6.024011548588987,A,True,True,0.171539306640625,28.475925926935663,28.475925926935663,1.0,0.171539306640625
16,16000019,16000019,A,5,6,3375.2632800998995,3381.2872916484885,6.024011548588987,6.024011548588987,3381.2872916484885,3375.2632800998995,3381.2872916484885,6.024011548588987,A,True,True,0.171539306640625,28.475925926935663,28.475925926935663,1.0,0.171539306640625
16,16000019,16000019,A,6,7,3381.2872916484885,3390.2568413525696,8.969549704081146,6.024011548588987,3387.3113031970775,3381.2872916484885,3390.2568413525696,6.024011548588987,A,True,True,0.171539306640625,28.475925926935663,19.124628582254758,0.6716069086331125,0.171539306640625
16,16000019,16000019,A,7,8,3390.2568413525696,3398.0449272900696,7.7880859375,6.024011548588987,3396.2808529011586,3390.2568413525696,3398.0449272900696,6.024011548588987,A,True,True,0.171539306640625,28.475925926935663,22.025862068965516,0.7734906364583226,0.171539306640625
16,16000019,16000020,A,8,1,3398.0449272900696,3407.205259834015,9.160332543945515,6.024011548588987,3404.0689388386586,3398.0449272900696,3407.205259834015,6.024011548588987,gray,False,True,0.171539306640625,28.475925926935663,,,
16,16000020,16000020,B,1,2,3407.205259834015,3435.798101829896,28.592841995880917,28.592841995880917,3435.798101829896,3407.205259834015,3435.798101829896,28.592841995880917,B,True,True,0.03759765625,1.3149324665039004,1.3149324665039004,1.0,0.03759765625
16,16000020,16000020,B,2,3,3435.798101829896,3464.390943825777,28.592841995880917,28.592841995880917,3464.390943825777,3435.798101829896,3464.390943825777,28.592841995880917,B,True,True,0.03759765625,1.3149324665039004,1.3149324665039004,1.0,0.03759765625
16,16000020,16000020,B,3,4,3464.390943825777,3492.983785821658,28.592841995880917,28.592841995880917,3492.983785821658,3464.390943825777,3492.983785821658,28.592841995880917,B,True,True,0.03759765625,1.3149324665039004,1.3149324665039004,1.0,0.03759765625
16,16000020,16000020,B,4,5,3492.983785821658,3521.576627817539,28.592841995880917,28.592841995880917,3521.576627817539,3492.983785821658,3521.576627817539,28.592841995880917,B,True,True,0.03759765625,1.3149324665039004,1.3149324665039004,1.0,0.03759765625
16,16000020,16000020,B,5,6,3521.576627817539,3550.1694698134197,28.592841995880917,28.592841995880917,3550.1694698134197,3521.576627817539,3550.1694698134197,28.592841995880917,B,True,True,0.03759765625,1.3149324665039004,1.3149324665039004,1.0,0.03759765625
16,16000020,16000020,B,6,7,3550.1694698134197,3578.7623118093006,28.592841995880917,28.592841995880917,3578.7623118093006,3550.1694698134197,3578.7623118093006,28.592841995880917,B,True,True,0.03759765625,1.3149324665039004,1.3149324665039004,1.0,0.03759765625
16,16000020,16000020,B,7,8,3578.7623118093006,3607.3551538051815,28.592841995880917,28.592841995880917,3607.3551538051815,3578.7623118093006,3607.3551538051815,28.592841995880917,B,True,True,0.03759765625,1.3149324665039004,1.3149324665039004,1.0,0.03759765625
16,16000020,16000021,B,8,1,3607.3551538051815,3635.9479958010625,28.592841995880917,28.592841995880917,3635.9479958010625,3607.3551538051815,3635.9479958010625,28.592841995880917,gray,False,True,0.03759765625,1.3149324665039004,,,
16,16000021,16000021,B,1,2,3635.9479958010625,3664.5408377969434,28.592841995880917,28.592841995880917,3664.5408377969434,3635.9479958010625,3664.5408377969434,28.592841995880917,B,True,True,0.03759765625,1.3149324665039004,1.3149324665039004,1.0,0.03759765625
16,16000021,16000021,B,2,3,3664.5408377969434,3693.1336797928243,28.592841995880917,28.592841995880917,3693.1336797928243,3664.5408377969434,3693.1336797928243,28.592841995880917,B,True,True,0.03759765625,1.3149324665039004,1.3149324665039004,1.0,0.03759765625
16,16000021,16000021,B,3,4,3693.1336797928243,3721.726521788705,28.592841995880917,28.592841995880917,3721.726521788705,3693.1336797928243,3721.726521788705,28.592841995880917,B,True,True,0.03759765625,1.3149324665039004,1.3149324665039004,1.0,0.03759765625
16,16000021,16000021,B,4,5,3721.726521788705,3750.319363784586,28.592841995880917,28.592841995880917,3750.319363784586,3721.726521788705,3750.319363784586,28.592841995880917,B,True,True,0.03759765625,1.3149324665039004,1.3149324665039004,1.0,0.03759765625
16,16000021,16000021,B,5,6,3750.319363784586,3778.912205780467,28.592841995880917,28.592841995880917,3778.912205780467,3750.319363784586,3778.912205780467,28.592841995880917,B,True,True,0.03759765625,1.3149324665039004,1.3149324665039004,1.0,0.03759765625
16,16000021,16000021,B,6,7,3778.912205780467,3807.505047776348,28.592841995880917,28.592841995880917,3807.505047776348,3778.912205780467,3807.505047776348,28.592841995880917,B,True,True,0.03759765625,1.3149324665039004,1.3149324665039004,1.0,0.03759765625
16,16000021,16000021,B,7,8,3807.505047776348,3836.097889772229,28.592841995880917,28.592841995880917,3836.097889772229,3807.505047776348,3836.097889772229,28.592841995880917,B,True,True,0.03759765625,1.3149324665039004,1.3149324665039004,1.0,0.03759765625
16,16000021,16000022,B,8,1,3836.097889772229,3864.69073176811,28.592841995880917,28.592841995880917,3864.69073176811,3836.097889772229,3864.69073176811,28.592841995880917,gray,False,True,0.03759765625,1.3149324665039004,,,
16,16000022,16000022,B,1,2,3864.69073176811,3893.2835737639907,28.592841995880917,28.592841995880917,3893.2835737639907,3864.69073176811,3893.2835737639907,28.592841995880917,B,True,True,0.03759765625,1.3149324665039004,1.3149324665039004,1.0,0.03759765625
16,16000022,16000022,B,2,3,3893.2835737639907,3921.8764157598716,28.592841995880917,28.592841995880917,3921.8764157598716,3893.2835737639907,3921.8764157598716,28.592841995880917,B,True,True,0.03759765625,1.3149324665039004,1.3149324665039004,1.0,0.03759765625
16,16000022,16000022,B,3,4,3921.8764157598716,3950.4692577557526,28.592841995880917,28.592841995880917,3950.4692577557526,3921.8764157598716,3950.4692577557526,28.592841995880917,B,True,True,0.03759765625,1.3149324665039004,1.3149324665039004,1.0,0.03759765625
16,16000022,16000022,B,4,5,3950.4692577557526,3979.0620997516335,28.592841995880917,28.592841995880917,3979.0620997516335,3950.4692577557526,3979.0620997516335,28.592841995880917,B,True,True,0.03759765625,1.3149324665039004,1.3149324665039004,1.0,0.03759765625
16,16000022,16000022,B,5,6,3979.0620997516335,4007.6549417475144,28.592841995880917,28.592841995880917,4007.6549417475144,3979.0620997516335,4000.0,20.93790024836653,gray,True,False,0.03759765625,1.3149324665039004,,,
17,17000010,17000010,A,5,6,1987.245080109848,2007.9280872143402,20.683007104492162,6.024011548589215,1993.2690916584372,2000.0,2007.9280872143402,0.0,gray,True,False,0.171539306640625,28.47592592693459,,,
17,17000010,17000010,A,6,7,2007.9280872143402,2027.5367755688324,19.608688354492188,6.024011548589215,2013.9520987629294,2007.9280872143402,2027.5367755688324,6.024011548589215,A,True,True,0.171539306640625,28.47592592693459,8.748127541194094,0.3072113463014554,0.171539306640625
17,17000010,17000010,A,7,8,2027.5367755688324,2059.7926112377777,32.25583566894534,6.024011548589215,2033.5607871174216,2027.5367755688324,2059.7926112377777,6.024011548589215,A,True,True,0.171539306640625,28.47592592693459,5.318085955087388,0.18675726186157682,0.171539306640625
17,17000010,17000011,A,8,1,2059.7926112377777,2065.8166227863667,6.024011548588987,6.024011548588987,2065.8166227863667,2059.7926112377777,2065.8166227863667,6.024011548588987,gray,False,True,0.171539306640625,28.475925926935663,,,
17,17000011,17000011,B,1,2,2065.8166227863667,2094.4094647822476,28.592841995880917,28.592841995880917,2094.4094647822476,2065.8166227863667,2094.4094647822476,28.592841995880917,B,True,True,0.03759765625,1.3149324665039004,1.3149324665039004,1.0,0.03759765625
17,17000011,17000011,B,2,3,2094.4094647822476,2123.0023067781285,28.592841995880917,28.592841995880917,2123.0023067781285,2094.4094647822476,2123.0023067781285,28.592841995880917,B,True,True,0.03759765625,1.3149324665039004,1.3149324665039004,1.0,0.03759765625
17,17000011,17000011,B,3,4,2123.0023067781285,2151.5951487740094,28.592841995880917,28.592841995880917,2151.5951487740094,2123.0023067781285,2151.5951487740094,28.592841995880917,B,True,True,0.03759765625,1.3149324665039004,1.3149324665039004,1.0,0.03759765625
17,17000011,17000011,B,4,5,2151.5951487740094,2180.1879907698903,28.592841995880917,28.592841995880917,2180.1879907698903,2151.5951487740094,2180.1879907698903,28.592841995880917,B,True,True,0.03759765625,1.3149324665039004,1.3149324665039004,1.0,0.03759765625
17,17000011,17000011,B,5,6,2180.1879907698903,2208.7808327657713,28.592841995880917,28.592841995880917,2208.7808327657713,2180.1879907698903,2208.7808327657713,28.592841995880917,B,True,True,0.03759765625,1.3149324665039004,1.3149324665039004,1.0,0.03759765625
17,17000011,17000011,B,6,7,2208.7808327657713,2237.373674761652,28.592841995880917,28.592841995880917,2237.373674761652,2208.7808327657713,2237.373674761652,28.592841995880917,B,True,True,0.03759765625,1.3149324665039004,1.3149324665039004,1.0,0.03759765625
17,17000011,17000011,B,7,8,2237.373674761652,2265.966516757533,28.592841995880917,28.592841995880917,2265.966516757533,2237.373674761652,2265.966516757533,28.592841995880917,B,True,True,0.03759765625,1.3149324665039004,1.3149324665039004,1.0,0.03759765625
17,17000011,17000012,B,8,1,2265.966516757533,2294.559358753414,28.592841995880917,28.592841995880917,2294.559358753414,2265.966516757533,2294.559358753414,28.592841995880917,gray,False,True,0.03759765625,1.3149324665039004,,,
17,17000012,17000012,B,1,2,2294.559358753414,2323.152200749295,28.592841995880917,28.592841995880917,2323.152200749295,2294.559358753414,2323.152200749295,28.592841995880917,B,True,True,0.03759765625,1.3149324665039004,1.3149324665039004,1.0,0.03759765625
17,17000012,17000012,B,2,3,2323.152200749295,2351.745042745176,28.592841995880917,28.592841995880917,2351.745042745176,2323.152200749295,2351.745042745176,28.592841995880917,B,True,True,0.03759765625,1.3149324665039004,1.3149324665039004,1.0,0.03759765625
17,17000012,17000012,B,3,4,2351.745042745176,2380.3378847410568,28.592841995880917,28.592841995880917,2380.3378847410568,2351.745042745176,2380.3378847410568,28.592841995880917,B,True,True,0.03759765625,1.3149324665039004,1.3149324665039004,1.0,0.03759765625
17,17000012,17000012,B,4,5,2380.3378847410568,2408.9307267369377,28.592841995880917,28.592841995880917,2408.9307267369377,2380.3378847410568,2408.9307267369377,28.592841995880917,B,True,True,0.03759765625,1.3149324665039004,1.3149324665039004,1.0,0.03759765625
17,17000012,17000012,B,5,6,2408.9307267369377,2437.5235687328186,28.592841995880917,28.592841995880917,2437.5235687328186,2408.9307267369377,2437.5235687328186,28.592841995880917,B,True,True,0.03759765625,1.3149324665039004,1.3149324665039004,1.0,0.03759765625
17,17000012,17000012,B,6,7,2437.5235687328186,2466.1164107286995,28.592841995880917,28.592841995880917,2466.1164107286995,2437.5235687328186,2466.1164107286995,28.592841995880917,B,True,True,0.03759765625,1.3149324665039004,1.3149324665039004,1.0,0.03759765625
17,17000012,17000012,B,7,8,2466.1164107286995,2494.7092527245804,28.592841995880917,28.592841995880917,2494.7092527245804,2466.1164107286995,2494.7092527245804,28.592841995880917,B,True,True,0.03759765625,1.3149324665039004,1.3149324665039004,1.0,0.03759765625
17,17000012,17000013,B,8,1,2494.7092527245804,2523.3020947204614,28.592841995880917,28.592841995880917,2523.3020947204614,2494.7092527245804,2523.3020947204614,28.592841995880917,gray,False,True,0.03759765625,1.3149324665039004,,,
17,17000013,17000013,B,1,2,2523.3020947204614,2551.8949367163423,28.592841995880917,28.592841995880917,2551.8949367163423,2523.3020947204614,2551.8949367163423,28.592841995880917,B,True,True,0.03759765625,1.3149324665039004,1.3149324665039004,1.0,0.03759765625
17,17000013,17000013,B,2,3,2551.8949367163423,2580.487778712223,28.592841995880917,28.592841995880917,2580.487778712223,2551.8949367163423,2580.487778712223,28.592841995880917,B,True,True,0.03759765625,1.3149324665039004,1.3149324665039004,1.0,0.03759765625
17,17000013,17000013,B,3,4,2580.487778712223,2609.080620708104,28.592841995880917,28.592841995880917,2609.080620708104,2580.487778712223,2609.080620708104,28.592841995880917,B,True,True,0.03759765625,1.3149324665039004,1.3149324665039004,1.0,0.03759765625
17,17000013,17000013,B,4,5,2609.080620708104,2637.673462703985,28.592841995880917,28.592841995880917,2637.673462703985,2609.080620708104,2637.673462703985,28.592841995880917,B,True,True,0.03759765625,1.3149324665039004,1.3149324665039004,1.0,0.03759765625
17,17000013,17000013,B,5,6,2637.673462703985,2666.266304699866,28.592841995880917,28.592841995880917,2666.266304699866,2637.673462703985,2666.266304699866,28.592841995880917,B,True,True,0.03759765625,1.3149324665039004,1.3149324665039004,1.0,0.03759765625
17,17000013,17000013,B,6,7,2666.266304699866,2694.859146695747,28.592841995880917,28.592841995880917,2694.859146695747,2666.266304699866,2694.859146695747,28.592841995880917,B,True,True,0.03759765625,1.3149324665039004,1.3149324665039004,1.0,0.03759765625
17,17000013,17000013,B,7,8,2694.859146695747,2723.451988691628,28.592841995880917,28.592841995880917,2723.451988691628,2694.859146695747,2723.451988691628,28.592841995880917,B,True,True,0.03759765625,1.3149324665039004,1.3149324665039004,1.0,0.03759765625
17,17000013,17000014,B,8,1,2723.451988691628,2752.0448306875087,28.592841995880917,28.592841995880917,2752.0448306875087,2723.451988691628,2752.0448306875087,28.592841995880917,gray,False,True,0.03759765625,1.3149324665039004,,,
17,17000014,17000014,B,1,2,2752.0448306875087,2780.6376726833896,28.592841995880917,28.592841995880917,2780.6376726833896,2752.0448306875087,2780.6376726833896,28.592841995880917,B,True,True,0.03759765625,1.3149324665039004,1.3149324665039004,1.0,0.03759765625
17,17000014,17000014,B,2,3,2780.6376726833896,2809.2305146792705,28.592841995880917,28.592841995880917,2809.2305146792705,2780.6376726833896,2809.2305146792705,28.592841995880917,B,True,True,0.03759765625,1.3149324665039004,1.3149324665039004,1.0,0.03759765625
17,17000014,17000014,B,3,4,2809.2305146792705,2837.8233566751514,28.592841995880917,28.592841995880917,2837.8233566751514,2809.2305146792705,2837.8233566751514,28.592841995880917,B,True,True,0.03759765625,1.3149324665039004,1.3149324665039004,1.0,0.03759765625
17,17000014,17000014,B,4,5,2837.8233566751514,2866.4161986710324,28.592841995880917,28.592841995880917,2866.4161986710324,2837.8233566751514,2866.4161986710324,28.592841995880917,B,True,True,0.03759765625,1.3149324665039004,1.3149324665039004,1.0,0.03759765625
17,17000014,17000014,B,5,6,2866.4161986710324,2895.0090406669133,28.592841995880917,28.592841995880917,2895.0090406669133,2866.4161986710324,2895.0090406669133,28.592841995880917,B,True,True,0.03759765625,1.3149324665039004,1.3149324665039004,1.0,0.03759765625
17,17000014,17000014,B,6,7,2895.0090406669133,2923.601882662794,28.592841995880917,28.592841995880917,2923.601882662794,2895.0090406669133,2923.601882662794,28.592841995880917,B,True,True,0.03759765625,1.3149324665039004,1.3149324665039004,1.0,0.03759765625
17,17000014,17000014,B,7,8,2923.601882662794,2952.194724658675,28.592841995880917,28.592841995880917,2952.194724658675,2923.601882662794,2952.194724658675,28.592841995880917,B,True,True,0.03759765625,1.3149324665039004,1.3149324665039004,1.0,0.03759765625
17,17000014,17000015,B,8,1,2952.194724658675,2980.787566654556,28.592841995880917,28.592841995880917,2980.787566654556,2952.194724658675,2980.787566654556,28.592841995880917,gray,False,True,0.03759765625,1.3149324665039004,,,
17,17000015,17000015,B,1,2,2980.787566654556,3009.380408650437,28.592841995880917,28.592841995880917,3009.380408650437,2980.787566654556,3009.380408650437,28.592841995880917,B,True,True,0.03759765625,1.3149324665039004,1.3149324665039004,1.0,0.03759765625
17,17000015,17000015,B,2,3,3009.380408650437,3037.973250646318,28.592841995880917,28.592841995880917,3037.973250646318,3009.380408650437,3037.973250646318,28.592841995880917,B,True,True,0.03759765625,1.3149324665039004,1.3149324665039004,1.0,0.03759765625
17,17000015,17000015,B,3,4,3037.973250646318,3066.566092642199,28.592841995880917,28.592841995880917,3066.566092642199,3037.973250646318,3066.566092642199,28.592841995880917,B,True,True,0.03759765625,1.3149324665039004,1.3149324665039004,1.0,0.03759765625
17,17000015,17000015,B,4,5,3066.566092642199,3095.1589346380797,28.592841995880917,28.592841995880917,3095.1589346380797,3066.566092642199,3095.1589346380797,28.592841995880917,B,True,True,0.03759765625,1.3149324665039004,1.3149324665039004,1.0,0.03759765625
17,17000015,17000015,B,5,6,3095.1589346380797,3123.7517766339606,28.592841995880917,28.592841995880917,3123.7517766339606,3095.1589346380797,3123.7517766339606,28.592841995880917,B,True,True,0.03759765625,1.3149324665039004,1.3149324665039004,1.0,0.03759765625
17,17000015,17000015,B,6,7,3123.7517766339606,3152.3446186298415,28.592841995880917,28.592841995880917,3152.3446186298415,3123.7517766339606,3152.3446186298415,28.592841995880917,B,True,True,0.03759765625,1.3149324665039004,1.3149324665039004,1.0,0.03759765625
17,17000015,17000015,B,7,8,3152.3446186298415,3180.9374606257225,28.592841995880917,28.592841995880917,3180.9374606257225,3152.3446186298415,3180.9374606257225,28.592841995880917,B,True,True,0.03759765625,1.3149324665039004,1.3149324665039004,1.0,0.03759765625
17,17000015,17000016,B,8,1,3180.9374606257225,3209.5303026216034,28.592841995880917,28.592841995880917,3209.5303026216034,3180.9374606257225,3209.5303026216034,28.592841995880917,gray,False,True,0.03759765625,1.3149324665039004,,,
17,17000016,17000016,B,1,2,3209.5303026216034,3238.1231446174843,28.592841995880917,28.592841995880917,3238.1231446174843,3209.5303026216034,3238.1231446174843,28.592841995880917,B,True,True,0.03759765625,1.3149324665039004,1.3149324665039004,1.0,0.03759765625
17,17000016,17000016,B,2,3,3238.1231446174843,3266.715986613365,28.592841995880917,28.592841995880917,3266.715986613365,3238.1231446174843,3266.715986613365,28.592841995880917,B,True,True,0.03759765625,1.3149324665039004,1.3149324665039004,1.0,0.03759765625
17,17000016,17000016,B,3,4,3266.715986613365,3295.308828609246,28.592841995880917,28.592841995880917,3295.308828609246,3266.715986613365,3295.308828609246,28.592841995880917,B,True,True,0.03759765625,1.3149324665039004,1.3149324665039004,1.0,0.03759765625
17,17000016,17000016,B,4,5,3295.308828609246,3323.901670605127,28.592841995880917,28.592841995880917,3323.901670605127,3295.308828609246,3323.901670605127,28.592841995880917,B,True,True,0.03759765625,1.3149324665039004,1.3149324665039004,1.0,0.03759765625
17,17000016,17000016,B,5,6,3323.901670605127,3352.494512601008,28.592841995880917,28.592841995880917,3352.494512601008,3323.901670605127,3352.494512601008,28.592841995880917,B,True,True,0.03759765625,1.3149324665039004,1.3149324665039004,1.0,0.03759765625
17,17000016,17000016,B,6,7,3352.494512601008,3381.087354596889,28.592841995880917,28.592841995880917,3381.087354596889,3352.494512601008,3381.087354596889,28.592841995880917,B,True,True,0.03759765625,1.3149324665039004,1.3149324665039004,1.0,0.03759765625
17,17000016,17000016,B,7,8,3381.087354596889,3409.68019659277,28.592841995880917,28.592841995880917,3409.68019659277,3381.087354596889,3409.68019659277,28.592841995880917,B,True,True,0.03759765625,1.3149324665039004,1.3149324665039004,1.0,0.03759765625
17,17000016,17000017,B,8,1,3409.68019659277,3438.2730385886507,28.592841995880917,28.592841995880917,3438.2730385886507,3409.68019659277,3438.2730385886507,28.592841995880917,gray,False,True,0.03759765625,1.3149324665039004,,,
17,17000017,17000017,A,1,2,3438.2730385886507,3448.428304365265,10.155265776614215,6.024011548588987,3444.2970501372397,3438.2730385886507,3448.428304365265,6.024011548588987,A,True,True,0.171539306640625,28.475925926935663,16.891660978056308,0.5931909298190131,0.171539306640625
17,17000017,17000017,A,2,3,3448.428304365265,3473.0977701123356,24.669465747070717,6.024011548588987,3454.452315913854,3448.428304365265,3473.0977701123356,6.024011548588987,A,True,True,0.171539306640625,28.475925926935663,6.953507157364921,0.24418897475735915,0.171539306640625
17,17000017,17000017,A,3,4,3473.0977701123356,3512.252204316437,39.15443420410156,6.024011548588987,3479.1217816609246,3473.0977701123356,3512.252204316437,6.024011548588987,A,True,True,0.171539306640625,28.475925926935663,4.381095273818454,0.15385260114314078,0.171539306640625
17,17000017,17000017,A,4,5,3512.252204316437,3532.460844550812,20.208640234374798,6.024011548588987,3518.276215865026,3512.252204316437,3532.460844550812,6.024011548588987,A,True,True,0.171539306640625,28.475925926935663,8.488414096700948,0.2980908897740766,0.171539306640625
17,17000017,17000017,A,5,6,3532.460844550812,3564.8090958935854,32.34825134277344,6.024011548588987,3538.484856099401,3532.460844550812,3564.8090958935854,6.024011548588987,A,True,True,0.171539306640625,28.475925926935663,5.302892722791542,0.18622371530245774,0.171539306640625
17,17000017,17000017,A,6,7,3564.8090958935854,3592.176397016632,27.367301123046673,6.024011548588987,3570.8331074421744,3564.8090958935854,3592.176397016632,6.024011548588987,A,True,True,0.171539306640625,28.475925926935663,6.268038849332044,0.22011712157893495,0.171539306640625
17,17000017,17000017,A,7,8,3592.176397016632,3610.5137467724917,18.337349755859577,6.024011548588987,3598.200408565221,3592.176397016632,3610.5137467724917,6.024011548588987,A,True,True,0.171539306640625,28.475925926935663,9.3546400611032,0.3285104788200953,0.171539306640625
17,17000017,17000018,A,8,1,3610.5137467724917,3626.505239179718,15.99149240722636,6.024011548588987,3616.5377583210807,3610.5137467724917,3626.505239179718,6.024011548588987,gray,False,True,0.171539306640625,28.475925926935663,,,
17,17000018,17000018,A,1,2,3626.505239179718,3644.561345747101,18.056106567382812,6.024011548588987,3632.529250728307,3626.505239179718,3644.561345747101,6.024011548588987,A,True,True,0.171539306640625,28.475925926935663,9.500348594004183,0.3336273811914122,0.171539306640625
17,17000018,17000018,A,2,3,3644.561345747101,3661.203544038117,16.64219829101603,6.024011548588987,3650.58535729569,3644.561345747101,3661.203544038117,6.024011548588987,A,True,True,0.171539306640625,28.475925926935663,10.30749085192833,0.361972105081871,0.171539306640625
17,17000018,17000018,A,3,4,3661.203544038117,3677.434317963898,16.23077392578125,6.024011548588987,3667.227555586706,3661.203544038117,3677.434317963898,6.024011548588987,A,True,True,0.171539306640625,28.475925926935663,10.568769389865563,0.37114752359530684,0.171539306640625
17,17000018,17000018,A,4,5,3677.434317963898,3698.364698920929,20.930380957031048,6.024011548588987,3683.458329512487,3677.434317963898,3698.364698920929,6.024011548588987,A,True,True,0.171539306640625,28.475925926935663,8.19570876386751,0.287811844464559,0.171539306640625
17,17000018,17000018,A,5,6,3698.364698920929,3723.7851785596013,25.420479638672077,6.024011548588987,3704.388710469518,3698.364698920929,3723.7851785596013,6.024011548588987,A,True,True,0.171539306640625,28.475925926935663,6.7480751377980654,0.23697473982452644,0.171539306640625
17,17000018,17000018,A,6,7,3723.7851785596013,3751.1861490185856,27.400970458984375,6.024011548588987,3729.8091901081903,3723.7851785596013,3751.1861490185856,6.024011548588987,A,True,True,0.171539306640625,28.475925926935663,6.2603369065849925,0.2198466495048464,0.171539306640625
17,17000018,17000018,A,7,8,3751.1861490185856,3760.589759248078,9.403610229492188,6.024011548588987,3757.2101605671746,3751.1861490185856,3760.589759248078,6.024011548588987,A,True,True,0.171539306640625,28.475925926935663,18.24185631414547,0.6406062567008687,0.171539306640625
17,17000018,17000019,A,8,1,3760.589759248078,3772.9851365429995,12.395377294921673,6.024011548588987,3766.613770796667,3760.589759248078,3772.9851365429995,6.024011548588987,gray,False,True,0.171539306640625,28.475925926935663,,,
17,17000019,17000019,A,1,2,3772.9851365429995,3782.9174638135073,9.932327270507812,6.024011548588987,3779.0091480915885,3772.9851365429995,3782.9174638135073,6.024011548588987,A,True,True,0.171539306640625,28.475925926935663,17.270806928601605,0.6065055434164118,0.171539306640625
17,17000019,17000019,A,2,3,3782.9174638135073,3797.683675459015,14.76621164550761,6.024011548588987,3788.9414753620963,3782.9174638135073,3797.683675459015,6.024011548588987,A,True,True,0.171539306640625,28.475925926935663,11.61701530214848,0.40795917688351024,0.171539306640625
17,17000019,17000019,A,3,4,3797.683675459015,3806.336371796906,8.65269633789103,6.024011548588987,3803.707687007604,3797.683675459015,3806.336371796906,6.024011548588987,A,True,True,0.171539306640625,28.475925926935663,19.824953972952578,0.6962005036752802,0.171539306640625
17,17000019,17000019,A,4,5,3806.336371796906,3825.168569257843,18.832197460937095,6.024011548588987,3812.360383345495,3806.336371796906,3825.168569257843,6.024011548588987,A,True,True,0.171539306640625,28.475925926935663,9.108831138609416,0.3198783127186492,0.171539306640625
17,17000019,17000019,A,5,6,3825.168569257843,3831.192580806432,6.024011548588987,6.024011548588987,3831.192580806432,3825.168569257843,3831.192580806432,6.024011548588987,A,True,True,0.171539306640625,28.475925926935663,28.475925926935663,1.0,0.171539306640625
17,17000019,17000019,A,6,7,3831.192580806432,3841.0427689892886,9.850188182856527,6.024011548588987,3837.216592355021,3831.192580806432,3841.0427689892886,6.024011548588987,A,True,True,0.171539306640625,28.475925926935663,17.414825326807012,0.6115630926801279,0.171539306640625
17,17000019,17000019,A,7,8,3841.0427689892886,3849.3428872998356,8.300118310547077,6.024011548588987,3847.0667805378775,3841.0427689892886,3849.3428872998356,6.024011548588987,A,True,True,0.171539306640625,28.475925926935663,20.667091747673958,0.7257741785360086,0.171539306640625
17,17000019,17000020,A,8,1,3849.3428872998356,3856.002104316437,6.65921701660136,6.024011548588987,3855.3668988484246,3849.3428872998356,3856.002104316437,6.024011548588987,gray,False,True,0.171539306640625,28.475925926935663,,,
17,17000020,17000020,B,1,2,3856.002104316437,3884.594946312318,28.592841995880917,28.592841995880917,3884.594946312318,3856.002104316437,3884.594946312318,28.592841995880917,B,True,True,0.03759765625,1.3149324665039004,1.3149324665039004,1.0,0.03759765625
17,17000020,17000020,B,2,3,3884.594946312318,3913.187788308199,28.592841995880917,28.592841995880917,3913.187788308199,3884.594946312318,3913.187788308199,28.592841995880917,B,True,True,0.03759765625,1.3149324665039004,1.3149324665039004,1.0,0.03759765625
17,17000020,17000020,B,3,4,3913.187788308199,3941.7806303040798,28.592841995880917,28.592841995880917,3941.7806303040798,3913.187788308199,3941.7806303040798,28.592841995880917,B,True,True,0.03759765625,1.3149324665039004,1.3149324665039004,1.0,0.03759765625
17,17000020,17000020,B,4,5,3941.7806303040798,3970.3734722999607,28.592841995880917,28.592841995880917,3970.3734722999607,3941.7806303040798,3970.3734722999607,28.592841995880917,B,True,True,0.03759765625,1.3149324665039004,1.3149324665039004,1.0,0.03759765625
17,17000020,17000020,B,5,6,3970.3734722999607,3998.9663142958416,28.592841995880917,28.592841995880917,3998.9663142958416,3970.3734722999607,3998.9663142958416,28.592841995880917,B,True,True,0.03759765625,1.3149324665039004,1.3149324665039004,1.0,0.03759765625
17,17000020,17000020,B,6,7,3998.9663142958416,4027.5591562917225,28.592841995880917,28.592841995880917,4027.5591562917225,3998.9663142958416,4000.0,1.0336857041584153,gray,True,False,0.03759765625,1.3149324665039004,,,
18,18000011,18000011,B,1,2,1989.8350926696767,2018.4279346655574,28.59284199588069,28.59284199588069,2018.4279346655574,2000.0,2018.4279346655574,18.42793466555736,gray,True,False,0.03759765625,1.3149324665039108,,,
18,18000011,18000011,B,2,3,2018.4279346655574,2047.020776661438,28.59284199588069,28.59284199588069,2047.020776661438,2018.4279346655574,2047.020776661438,28.59284199588069,B,True,True,0.03759765625,1.3149324665039108,1.3149324665039108,1.0,0.03759765625
18,18000011,18000011,B,3,4,2047.020776661438,2075.613618657319,28.592841995880917,28.592841995880917,2075.613618657319,2047.020776661438,2075.613618657319,28.592841995880917,B,True,True,0.03759765625,1.3149324665039004,1.3149324665039004,1.0,0.03759765625
18,18000011,18000011,B,4,5,2075.613618657319,2104.2064606532,28.592841995880917,28.592841995880917,2104.2064606532,2075.613618657319,2104.2064606532,28.592841995880917,B,True,True,0.03759765625,1.3149324665039004,1.3149324665039004,1.0,0.03759765625
18,18000011,18000011,B,5,6,2104.2064606532,2132.799302649081,28.592841995880917,28.592841995880917,2132.799302649081,2104.2064606532,2132.799302649081,28.592841995880917,B,True,True,0.03759765625,1.3149324665039004,1.3149324665039004,1.0,0.03759765625
18,18000011,18000011,B,6,7,2132.799302649081,2161.3921446449617,28.592841995880917,28.592841995880917,2161.3921446449617,2132.799302649081,2161.3921446449617,28.592841995880917,B,True,True,0.03759765625,1.3149324665039004,1.3149324665039004,1.0,0.03759765625
18,18000011,18000011,B,7,8,2161.3921446449617,2189.9849866408426,28.592841995880917,28.592841995880917,2189.9849866408426,2161.3921446449617,2189.9849866408426,28.592841995880917,B,True,True,0.03759765625,1.3149324665039004,1.3149324665039004,1.0,0.03759765625
18,18000011,18000012,B,8,1,2189.9849866408426,2218.5778286367236,28.592841995880917,28.592841995880917,2218.5778286367236,2189.9849866408426,2218.5778286367236,28.592841995880917,gray,False,True,0.03759765625,1.3149324665039004,,,
18,18000012,18000012,A,1,2,2218.5778286367236,2224.6018401853125,6.024011548588987,6.024011548588987,2224.6018401853125,2218.5778286367236,2224.6018401853125,6.024011548588987,A,True,True,0.171539306640625,28.475925926935663,28.475925926935663,1.0,0.171539306640625
18,18000012,18000012,A,2,3,2224.6018401853125,2231.013109186996,6.4112690016836495,6.024011548588987,2230.6258517339015,2224.6018401853125,2231.013109186996,6.024011548588987,A,True,True,0.171539306640625,28.475925926935663,26.75590535907594,0.939597378772757,0.171539306640625
18,18000012,18000012,A,3,4,2231.013109186996,2237.037120735585,6.024011548588987,6.024011548588987,2237.037120735585,2231.013109186996,2237.037120735585,6.024011548588987,A,True,True,0.171539306640625,28.475925926935663,28.475925926935663,1.0,0.171539306640625
18,18000012,18000012,A,4,5,2237.037120735585,2245.737459162582,8.70033842699695,6.024011548588987,2243.061132284174,2237.037120735585,2245.737459162582,6.024011548588987,A,True,True,0.171539306640625,28.475925926935663,19.716394721881446,0.692388186865998,0.171539306640625
18,18000012,18000012,A,5,6,2245.737459162582,2251.761470711171,6.024011548588987,6.024011548588987,2251.761470711171,2245.737459162582,2251.761470711171,6.024011548588987,A,True,True,0.171539306640625,28.475925926935663,28.475925926935663,1.0,0.171539306640625
18,18000012,18000012,A,6,7,2251.761470711171,2257.78548225976,6.024011548588987,6.024011548588987,2257.78548225976,2251.761470711171,2257.78548225976,6.024011548588987,A,True,True,0.171539306640625,28.475925926935663,28.475925926935663,1.0,0.171539306640625
18,18000012,18000012,A,7,8,2257.78548225976,2263.809493808349,6.024011548588987,6.024011548588987,2263.809493808349,2257.78548225976,2263.809493808349,6.024011548588987,A,True,True,0.171539306640625,28.475925926935663,28.475925926935663,1.0,0.171539306640625
18,18000012,18000013,A,8,1,2263.809493808349,2269.833505356938,6.024011548588987,6.024011548588987,2269.833505356938,2263.809493808349,2269.833505356938,6.024011548588987,gray,False,True,0.171539306640625,28.475925926935663,,,
18,18000013,18000013,A,1,2,2269.833505356938,2275.857516905527,6.024011548588987,6.024011548588987,2275.857516905527,2269.833505356938,2275.857516905527,6.024011548588987,A,True,True,0.171539306640625,28.475925926935663,28.475925926935663,1.0,0.171539306640625
18,18000013,18000013,A,2,3,2275.857516905527,2281.881528454116,6.024011548588987,6.024011548588987,2281.881528454116,2275.857516905527,2281.881528454116,6.024011548588987,A,True,True,0.171539306640625,28.475925926935663,28.475925926935663,1.0,0.171539306640625
18,18000013,18000013,A,3,4,2281.881528454116,2287.905540002705,6.024011548588987,6.024011548588987,2287.905540002705,2281.881528454116,2287.905540002705,6.024011548588987,A,True,True,0.171539306640625,28.475925926935663,28.475925926935663,1.0,0.171539306640625
18,18000013,18000013,A,4,5,2287.905540002705,2293.929551551294,6.024011548588987,6.024011548588987,2293.929551551294,2287.905540002705,2293.929551551294,6.024011548588987,A,True,True,0.171539306640625,28.475925926935663,28.475925926935663,1.0,0.171539306640625
18,18000013,18000013,A,5,6,2293.929551551294,2299.953563099883,6.024011548588987,6.024011548588987,2299.953563099883,2293.929551551294,2299.953563099883,6.024011548588987,A,True,True,0.171539306640625,28.475925926935663,28.475925926935663,1.0,0.171539306640625
18,18000013,18000013,A,6,7,2299.953563099883,2305.977574648472,6.024011548588987,6.024011548588987,2305.977574648472,2299.953563099883,2305.977574648472,6.024011548588987,A,True,True,0.171539306640625,28.475925926935663,28.475925926935663,1.0,0.171539306640625
18,18000013,18000013,A,7,8,2305.977574648472,2312.001586197061,6.024011548588987,6.024011548588987,2312.001586197061,2305.977574648472,2312.001586197061,6.024011548588987,A,True,True,0.171539306640625,28.475925926935663,28.475925926935663,1.0,0.171539306640625
18,18000013,18000014,A,8,1,2312.001586197061,2318.02559774565,6.024011548588987,6.024011548588987,2318.02559774565,2312.001586197061,2318.02559774565,6.024011548588987,gray,False,True,0.171539306640625,28.475925926935663,,,
18,18000014,18000014,B,1,2,2318.02559774565,2346.618439741531,28.592841995880917,28.592841995880917,2346.618439741531,2318.02559774565,2346.618439741531,28.592841995880917,B,True,True,0.03759765625,1.3149324665039004,1.3149324665039004,1.0,0.03759765625
18,18000014,18000014,B,2,3,2346.618439741531,2375.211281737412,28.592841995880917,28.592841995880917,2375.211281737412,2346.618439741531,2375.211281737412,28.592841995880917,B,True,True,0.03759765625,1.3149324665039004,1.3149324665039004,1.0,0.03759765625
18,18000014,18000014,B,3,4,2375.211281737412,2403.8041237332927,28.592841995880917,28.592841995880917,2403.8041237332927,2375.211281737412,2403.8041237332927,28.592841995880917,B,True,True,0.03759765625,1.3149324665039004,1.3149324665039004,1.0,0.03759765625
18,18000014,18000014,B,4,5,2403.8041237332927,2432.3969657291736,28.592841995880917,28.592841995880917,2432.3969657291736,2403.8041237332927,2432.3969657291736,28.592841995880917,B,True,True,0.03759765625,1.3149324665039004,1.3149324665039004,1.0,0.03759765625
18,18000014,18000014,B,5,6,2432.3969657291736,2460.9898077250546,28.592841995880917,28.592841995880917,2460.9898077250546,2432.3969657291736,2460.9898077250546,28.592841995880917,B,True,True,0.03759765625,1.3149324665039004,1.3149324665039004,1.0,0.03759765625
18,18000014,18000014,B,6,7,2460.9898077250546,2489.5826497209355,28.592841995880917,28.592841995880917,2489.5826497209355,2460.9898077250546,2489.5826497209355,28.592841995880917,B,True,True,0.03759765625,1.3149324665039004,1.3149324665039004,1.0,0.03759765625
18,18000014,18000014,B,7,8,2489.5826497209355,2518.1754917168164,28.592841995880917,28.592841995880917,2518.1754917168164,2489.5826497209355,2518.1754917168164,28.592841995880917,B,True,True,0.03759765625,1.3149324665039004,1.3149324665039004,1.0,0.03759765625
18,18000014,18000015,B,8,1,2518.1754917168164,2546.7683337126973,28.592841995880917,28.592841995880917,2546.7683337126973,2518.1754917168164,2546.7683337126973,28.592841995880917,gray,False,True,0.03759765625,1.3149324665039004,,,
18,18000015,18000015,B,1,2,2546.7683337126973,2575.3611757085782,28.592841995880917,28.592841995880917,2575.3611757085782,2546.7683337126973,2575.3611757085782,28.592841995880917,B,True,True,0.03759765625,1.3149324665039004,1.3149324665039004,1.0,0.03759765625
18,18000015,18000015,B,2,3,2575.3611757085782,2603.954017704459,28.592841995880917,28.592841995880917,2603.954017704459,2575.3611757085782,2603.954017704459,28.592841995880917,B,True,True,0.03759765625,1.3149324665039004,1.3149324665039004,1.0,0.03759765625
18,18000015,18000015,B,3,4,2603.954017704459,2632.54685970034,28.592841995880917,28.592841995880917,2632.54685970034,2603.954017704459,2632.54685970034,28.592841995880917,B,True,True,0.03759765625,1.3149324665039004,1.3149324665039004,1.0,0.03759765625
18,18000015,18000015,B,4,5,2632.54685970034,2661.139701696221,28.592841995880917,28.592841995880917,2661.139701696221,2632.54685970034,2661.139701696221,28.592841995880917,B,True,True,0.03759765625,1.3149324665039004,1.3149324665039004,1.0,0.03759765625
18,18000015,18000015,B,5,6,2661.139701696221,2689.732543692102,28.592841995880917,28.592841995880917,2689.732543692102,2661.139701696221,2689.732543692102,28.592841995880917,B,True,True,0.03759765625,1.3149324665039004,1.3149324665039004,1.0,0.03759765625
18,18000015,18000015,B,6,7,2689.732543692102,2718.325385687983,28.592841995880917,28.592841995880917,2718.325385687983,2689.732543692102,2718.325385687983,28.592841995880917,B,True,True,0.03759765625,1.3149324665039004,1.3149324665039004,1.0,0.03759765625
18,18000015,18000015,B,7,8,2718.325385687983,2746.9182276838637,28.592841995880917,28.592841995880917,2746.9182276838637,2718.325385687983,2746.9182276838637,28.592841995880917,B,True,True,0.03759765625,1.3149324665039004,1.3149324665039004,1.0,0.03759765625
18,18000015,18000016,B,8,1,2746.9182276838637,2775.5110696797447,28.592841995880917,28.592841995880917,2775.5110696797447,2746.9182276838637,2775.5110696797447,28.592841995880917,gray,False,True,0.03759765625,1.3149324665039004,,,
18,18000016,18000016,B,1,2,2775.5110696797447,2804.1039116756256,28.592841995880917,28.592841995880917,2804.1039116756256,2775.5110696797447,2804.1039116756256,28.592841995880917,B,True,True,0.03759765625,1.3149324665039004,1.3149324665039004,1.0,0.03759765625
18,18000016,18000016,B,2,3,2804.1039116756256,2832.6967536715065,28.592841995880917,28.592841995880917,2832.6967536715065,2804.1039116756256,2832.6967536715065,28.592841995880917,B,True,True,0.03759765625,1.3149324665039004,1.3149324665039004,1.0,0.03759765625
18,18000016,18000016,B,3,4,2832.6967536715065,2861.2895956673874,28.592841995880917,28.592841995880917,2861.2895956673874,2832.6967536715065,2861.2895956673874,28.592841995880917,B,True,True,0.03759765625,1.3149324665039004,1.3149324665039004,1.0,0.03759765625
18,18000016,18000016,B,4,5,2861.2895956673874,2889.8824376632683,28.592841995880917,28.592841995880917,2889.8824376632683,2861.2895956673874,2889.8824376632683,28.592841995880917,B,True,True,0.03759765625,1.3149324665039004,1.3149324665039004,1.0,0.03759765625
18,18000016,18000016,B,5,6,2889.8824376632683,2918.4752796591492,28.592841995880917,28.592841995880917,2918.4752796591492,2889.8824376632683,2918.4752796591492,28.592841995880917,B,True,True,0.03759765625,1.3149324665039004,1.3149324665039004,1.0,0.03759765625
18,18000016,18000016,B,6,7,2918.4752796591492,2947.06812165503,28.592841995880917,28.592841995880917,2947.06812165503,2918.4752796591492,2947.06812165503,28.592841995880917,B,True,True,0.03759765625,1.3149324665039004,1.3149324665039004,1.0,0.03759765625
18,18000016,18000016,B,7,8,2947.06812165503,2975.660963650911,28.592841995880917,28.592841995880917,2975.660963650911,2947.06812165503,2975.660963650911,28.592841995880917,B,True,True,0.03759765625,1.3149324665039004,1.3149324665039004,1.0,0.03759765625
18,18000016,18000017,B,8,1,2975.660963650911,3004.253805646792,28.592841995880917,28.592841995880917,3004.253805646792,2975.660963650911,3004.253805646792,28.592841995880917,gray,False,True,0.03759765625,1.3149324665039004,,,
18,18000017,18000017,B,1,2,3004.253805646792,3032.846647642673,28.592841995880917,28.592841995880917,3032.846647642673,3004.253805646792,3032.846647642673,28.592841995880917,B,True,True,0.03759765625,1.3149324665039004,1.3149324665039004,1.0,0.03759765625
18,18000017,18000017,B,2,3,3032.846647642673,3061.439489638554,28.592841995880917,28.592841995880917,3061.439489638554,3032.846647642673,3061.439489638554,28.592841995880917,B,True,True,0.03759765625,1.3149324665039004,1.3149324665039004,1.0,0.03759765625
18,18000017,18000017,B,3,4,3061.439489638554,3090.0323316344347,28.592841995880917,28.592841995880917,3090.0323316344347,3061.439489638554,3090.0323316344347,28.592841995880917,B,True,True,0.03759765625,1.3149324665039004,1.3149324665039004,1.0,0.03759765625
18,18000017,18000017,B,4,5,3090.0323316344347,3118.6251736303157,28.592841995880917,28.592841995880917,3118.6251736303157,3090.0323316344347,3118.6251736303157,28.592841995880917,B,True,True,0.03759765625,1.3149324665039004,1.3149324665039004,1.0,0.03759765625
18,18000017,18000017,B,5,6,3118.6251736303157,3147.2180156261966,28.592841995880917,28.592841995880917,3147.2180156261966,3118.6251736303157,3147.2180156261966,28.592841995880917,B,True,True,0.03759765625,1.3149324665039004,1.3149324665039004,1.0,0.03759765625
18,18000017,18000017,B,6,7,3147.2180156261966,3175.8108576220775,28.592841995880917,28.592841995880917,3175.8108576220775,3147.2180156261966,3175.8108576220775,28.592841995880917,B,True,True,0.03759765625,1.3149324665039004,1.3149324665039004,1.0,0.03759765625
18,18000017,18000017,B,7,8,3175.8108576220775,3204.4036996179584,28.592841995880917,28.592841995880917,3204.4036996179584,3175.8108576220775,3204.4036996179584,28.592841995880917,B,True,True,0.03759765625,1.3149324665039004,1.3149324665039004,1.0,0.03759765625
18,18000017,18000018,B,8,1,3204.4036996179584,3232.9965416138393,28.592841995880917,28.592841995880917,3232.9965416138393,3204.4036996179584,3232.9965416138393,28.592841995880917,gray,False,True,0.03759765625,1.3149324665039004,,,
18,18000018,18000018,B,1,2,3232.9965416138393,3261.5893836097202,28.592841995880917,28.592841995880917,3261.5893836097202,3232.9965416138393,3261.5893836097202,28.592841995880917,B,True,True,0.03759765625,1.3149324665039004,1.3149324665039004,1.0,0.03759765625
18,18000018,18000018,B,2,3,3261.5893836097202,3290.182225605601,28.592841995880917,28.592841995880917,3290.182225605601,3261.5893836097202,3290.182225605601,28.592841995880917,B,True,True,0.03759765625,1.3149324665039004,1.3149324665039004,1.0,0.03759765625
18,18000018,18000018,B,3,4,3290.182225605601,3318.775067601482,28.592841995880917,28.592841995880917,3318.775067601482,3290.182225605601,3318.775067601482,28.592841995880917,B,True,True,0.03759765625,1.3149324665039004,1.3149324665039004,1.0,0.03759765625
18,18000018,18000018,B,4,5,3318.775067601482,3347.367909597363,28.592841995880917,28.592841995880917,3347.367909597363,3318.775067601482,3347.367909597363,28.592841995880917,B,True,True,0.03759765625,1.3149324665039004,1.3149324665039004,1.0,0.03759765625
18,18000018,18000018,B,5,6,3347.367909597363,3375.960751593244,28.592841995880917,28.592841995880917,3375.960751593244,3347.367909597363,3375.960751593244,28.592841995880917,B,True,True,0.03759765625,1.3149324665039004,1.3149324665039004,1.0,0.03759765625
18,18000018,18000018,B,6,7,3375.960751593244,3404.553593589125,28.592841995880917,28.592841995880917,3404.553593589125,3375.960751593244,3404.553593589125,28.592841995880917,B,True,True,0.03759765625,1.3149324665039004,1.3149324665039004,1.0,0.03759765625
18,18000018,18000018,B,7,8,3404.553593589125,3433.1464355850057,28.592841995880917,28.592841995880917,3433.1464355850057,3404.553593589125,3433.1464355850057,28.592841995880917,B,True,True,0.03759765625,1.3149324665039004,1.3149324665039004,1.0,0.03759765625
18,18000018,18000019,B,8,1,3433.1464355850057,3461.7392775808867,28.592841995880917,28.592841995880917,3461.7392775808867,3433.1464355850057,3461.7392775808867,28.592841995880917,gray,False,True,0.03759765625,1.3149324665039004,,,
18,18000019,18000019,A,1,2,3461.7392775808867,3475.79170932132,14.052431740433349,6.024011548588987,3467.7632891294757,3461.7392775808867,3475.79170932132,6.024011548588987,A,True,True,0.171539306640625,28.475925926935663,12.207090545549597,0.42868107526585425,0.171539306640625
18,18000019,18000019,A,2,3,3475.79170932132,3490.5998826367495,14.808173315429485,6.024011548588987,3481.815720869909,3475.79170932132,3490.5998826367495,6.024011548588987,A,True,True,0.171539306640625,28.475925926935663,11.584096362641052,0.4068031498734705,0.171539306640625
18,18000019,18000019,A,3,4,3490.5998826367495,3506.4696862012024,15.869803564452923,6.024011548588987,3496.6238941853385,3490.5998826367495,3506.4696862012024,6.024011548588987,A,True,True,0.171539306640625,28.475925926935663,10.809163827639251,0.37958954716252985,0.171539306640625
18,18000019,18000019,A,4,5,3506.4696862012024,3522.9565263135073,16.48684011230489,6.024011548588987,3512.4936977497914,3506.4696862012024,3522.9565263135073,6.024011548588987,A,True,True,0.171539306640625,28.475925926935663,10.40462001645769,0.36538302716316085,0.171539306640625
18,18000019,18000019,A,5,6,3522.9565263135073,3557.3188378125305,34.362311499023235,6.024011548588987,3528.9805378620963,3522.9565263135073,3557.3188378125305,6.024011548588987,A,True,True,0.171539306640625,28.475925926935663,4.992077050622775,0.17530868226836901,0.171539306640625
18,18000019,18000019,A,6,7,3557.3188378125305,3577.1668076855776,19.847969873047077,6.024011548588987,3563.3428493611195,3557.3188378125305,3577.1668076855776,6.024011548588987,A,True,True,0.171539306640625,28.475925926935663,8.642662586543423,0.30350769308499437,0.171539306640625
18,18000019,18000019,A,7,8,3577.1668076855776,3604.8739983349915,27.70719064941386,6.024011548588987,3583.1908192341666,3577.1668076855776,3604.8739983349915,6.024011548588987,A,True,True,0.171539306640625,28.475925926935663,6.19114759093246,0.21741690180041492,0.171539306640625
18,18000019,18000020,A,8,1,3604.8739983349915,3647.393958466828,42.51996013183634,6.024011548588987,3610.8980098835805,3604.8739983349915,3647.393958466828,6.024011548588987,gray,False,True,0.171539306640625,28.475925926935663,,,
18,18000020,18000020,A,1,2,3647.393958466828,3672.9653001172182,25.571341650390423,6.024011548588987,3653.417970015417,3647.393958466828,3672.9653001172182,6.024011548588987,A,True,True,0.171539306640625,28.475925926935663,6.70826384418535,0.23557667137488708,0.171539306640625
18,18000020,18000020,A,2,3,3672.9653001172182,3696.174199751007,23.20889963378886,6.024011548588987,3678.9893116658072,3672.9653001172182,3696.174199751007,6.024011548588987,A,True,True,0.171539306640625,28.475925926935663,7.391100368708913,0.2595561032035695,0.171539306640625
18,18000020,18000020,A,3,4,3696.174199751007,3708.7293313916325,12.555131640625405,6.024011548588987,3702.198211299596,3696.174199751007,3708.7293313916325,6.024011548588987,A,True,True,0.171539306640625,28.475925926935663,13.662883954602659,0.47980473013096303,0.171539306640625
18,18000020,18000020,A,4,5,3708.7293313916325,3723.357169526398,14.627838134765625,6.024011548588987,3714.7533429402215,3708.7293313916325,3723.357169526398,6.024011548588987,A,True,True,0.171539306640625,28.475925926935663,11.726907630522089,0.41181830787912993,0.171539306640625
18,18000020,18000020,A,5,6,3723.357169526398,3741.547553437531,18.190383911132812,6.024011548588987,3729.381181074987,3723.357169526398,3741.547553437531,6.024011548588987,A,True,True,0.171539306640625,28.475925926935663,9.430219146482122,0.3311646185159508,0.171539306640625
18,18000020,18000020,A,6,7,3741.547553437531,3749.9607682568667,8.413214819335735,6.024011548588987,3747.57156498612,3741.547553437531,3749.9607682568667,6.024011548588987,A,True,True,0.171539306640625,28.475925926935663,20.38926977668316,0.7160177979461854,0.171539306640625
18,18000020,18000020,A,7,8,3749.9607682568667,3763.6780381543276,13.717269897460938,6.024011548588987,3755.9847798054557,3749.9607682568667,3763.6780381543276,6.024011548588987,A,True,True,0.171539306640625,28.475925926935663,12.505353319057816,0.43915528334862247,0.171539306640625
18,18000020,18000021,A,8,1,3763.6780381543276,3774.990804365265,11.312766210937298,6.024011548588987,3769.7020497029166,3763.6780381543276,3774.990804365265,6.024011548588987,gray,False,True,0.171539306640625,28.475925926935663,,,
18,18000021,18000021,B,1,2,3774.990804365265,3803.583646361146,28.592841995880917,28.592841995880917,3803.583646361146,3774.990804365265,3803.583646361146,28.592841995880917,B,True,True,0.03759765625,1.3149324665039004,1.3149324665039004,1.0,0.03759765625
18,18000021,18000021,B,2,3,3803.583646361146,3832.1764883570268,28.592841995880917,28.592841995880917,3832.1764883570268,3803.583646361146,3832.1764883570268,28.592841995880917,B,True,True,0.03759765625,1.3149324665039004,1.3149324665039004,1.0,0.03759765625
18,18000021,18000021,B,3,4,3832.1764883570268,3860.7693303529077,28.592841995880917,28.592841995880917,3860.7693303529077,3832.1764883570268,3860.7693303529077,28.592841995880917,B,True,True,0.03759765625,1.3149324665039004,1.3149324665039004,1.0,0.03759765625
18,18000021,18000021,B,4,5,3860.7693303529077,3889.3621723487886,28.592841995880917,28.592841995880917,3889.3621723487886,3860.7693303529077,3889.3621723487886,28.592841995880917,B,True,True,0.03759765625,1.3149324665039004,1.3149324665039004,1.0,0.03759765625
18,18000021,18000021,B,5,6,3889.3621723487886,3917.9550143446695,28.592841995880917,28.592841995880917,3917.9550143446695,3889.3621723487886,3917.9550143446695,28.592841995880917,B,True,True,0.03759765625,1.3149324665039004,1.3149324665039004,1.0,0.03759765625
18,18000021,18000021,B,6,7,3917.9550143446695,3946.5478563405504,28.592841995880917,28.592841995880917,3946.5478563405504,3917.9550143446695,3946.5478563405504,28.592841995880917,B,True,True,0.03759765625,1.3149324665039004,1.3149324665039004,1.0,0.03759765625
18,18000021,18000021,B,7,8,3946.5478563405504,3975.1406983364313,28.592841995880917,28.592841995880917,3975.1406983364313,3946.5478563405504,3975.1406983364313,28.592841995880917,B,True,True,0.03759765625,1.3149324665039004,1.3149324665039004,1.0,0.03759765625
18,18000021,18000022,B,8,1,3975.1406983364313,4003.7335403323123,28.592841995880917,28.592841995880917,4003.7335403323123,3975.1406983364313,4000.0,24.859301663568658,gray,False,False,0.03759765625,1.3149324665039004,,,
19,19000010,19000010,B,7,8,1972.726999620298,2001.3198416161788,28.59284199588069,28.59284199588069,2001.3198416161788,2000.0,2001.3198416161788,1.3198416161787918,gray,True,False,0.03759765625,1.3149324665039108,,,
19,19000010,19000011,B,8,1,2001.3198416161788,2029.9126836120595,28.59284199588069,28.59284199588069,2029.9126836120595,2001.3198416161788,2029.9126836120595,28.59284199588069,gray,False,True,0.03759765625,1.3149324665039108,,,
19,19000011,19000011,B,1,2,2029.9126836120595,2058.5055256079404,28.592841995880917,28.592841995880917,2058.5055256079404,2029.9126836120595,2058.5055256079404,28.592841995880917,B,True,True,0.03759765625,1.3149324665039004,1.3149324665039004,1.0,0.03759765625
19,19000011,19000011,B,2,3,2058.5055256079404,2087.0983676038213,28.592841995880917,28.592841995880917,2087.0983676038213,2058.5055256079404,2087.0983676038213,28.592841995880917,B,True,True,0.03759765625,1.3149324665039004,1.3149324665039004,1.0,0.03759765625
19,19000011,19000011,B,3,4,2087.0983676038213,2115.6912095997022,28.592841995880917,28.592841995880917,2115.6912095997022,2087.0983676038213,2115.6912095997022,28.592841995880917,B,True,True,0.03759765625,1.3149324665039004,1.3149324665039004,1.0,0.03759765625
19,19000011,19000011,B,4,5,2115.6912095997022,2144.284051595583,28.592841995880917,28.592841995880917,2144.284051595583,2115.6912095997022,2144.284051595583,28.592841995880917,B,True,True,0.03759765625,1.3149324665039004,1.3149324665039004,1.0,0.03759765625
19,19000011,19000011,B,5,6,2144.284051595583,2172.876893591464,28.592841995880917,28.592841995880917,2172.876893591464,2144.284051595583,2172.876893591464,28.592841995880917,B,True,True,0.03759765625,1.3149324665039004,1.3149324665039004,1.0,0.03759765625
19,19000011,19000011,B,6,7,2172.876893591464,2201.469735587345,28.592841995880917,28.592841995880917,2201.469735587345,2172.876893591464,2201.469735587345,28.592841995880917,B,True,True,0.03759765625,1.3149324665039004,1.3149324665039004,1.0,0.03759765625
19,19000011,19000011,B,7,8,2201.469735587345,2230.062577583226,28.592841995880917,28.592841995880917,2230.062577583226,2201.469735587345,2230.062577583226,28.592841995880917,B,True,True,0.03759765625,1.3149324665039004,1.3149324665039004,1.0,0.03759765625
19,19000011,19000012,B,8,1,2230.062577583226,2258.655419579107,28.592841995880917,28.592841995880917,2258.655419579107,2230.062577583226,2258.655419579107,28.592841995880917,gray,False,True,0.03759765625,1.3149324665039004,,,
19,19000012,19000012,B,1,2,2258.655419579107,2287.2482615749877,28.592841995880917,28.592841995880917,2287.2482615749877,2258.655419579107,2287.2482615749877,28.592841995880917,B,True,True,0.03759765625,1.3149324665039004,1.3149324665039004,1.0,0.03759765625
19,19000012,19000012,B,2,3,2287.2482615749877,2315.8411035708687,28.592841995880917,28.592841995880917,2315.8411035708687,2287.2482615749877,2315.8411035708687,28.592841995880917,B,True,True,0.03759765625,1.3149324665039004,1.3149324665039004,1.0,0.03759765625
19,19000012,19000012,B,3,4,2315.8411035708687,2344.4339455667496,28.592841995880917,28.592841995880917,2344.4339455667496,2315.8411035708687,2344.4339455667496,28.592841995880917,B,True,True,0.03759765625,1.3149324665039004,1.3149324665039004,1.0,0.03759765625
19,19000012,19000012,B,4,5,2344.4339455667496,2373.0267875626305,28.592841995880917,28.592841995880917,2373.0267875626305,2344.4339455667496,2373.0267875626305,28.592841995880917,B,True,True,0.03759765625,1.3149324665039004,1.3149324665039004,1.0,0.03759765625
19,19000012,19000012,B,5,6,2373.0267875626305,2401.6196295585114,28.592841995880917,28.592841995880917,2401.6196295585114,2373.0267875626305,2401.6196295585114,28.592841995880917,B,True,True,0.03759765625,1.3149324665039004,1.3149324665039004,1.0,0.03759765625
19,19000012,19000012,B,6,7,2401.6196295585114,2430.2124715543923,28.592841995880917,28.592841995880917,2430.2124715543923,2401.6196295585114,2430.2124715543923,28.592841995880917,B,True,True,0.03759765625,1.3149324665039004,1.3149324665039004,1.0,0.03759765625
19,19000012,19000012,B,7,8,2430.2124715543923,2458.8053135502732,28.592841995880917,28.592841995880917,2458.8053135502732,2430.2124715543923,2458.8053135502732,28.592841995880917,B,True,True,0.03759765625,1.3149324665039004,1.3149324665039004,1.0,0.03759765625
19,19000012,19000013,B,8,1,2458.8053135502732,2487.398155546154,28.592841995880917,28.592841995880917,2487.398155546154,2458.8053135502732,2487.398155546154,28.592841995880917,gray,False,True,0.03759765625,1.3149324665039004,,,
19,19000013,19000013,B,1,2,2487.398155546154,2515.990997542035,28.592841995880917,28.592841995880917,2515.990997542035,2487.398155546154,2515.990997542035,28.592841995880917,B,True,True,0.03759765625,1.3149324665039004,1.3149324665039004,1.0,0.03759765625
19,19000013,19000013,B,2,3,2515.990997542035,2544.583839537916,28.592841995880917,28.592841995880917,2544.583839537916,2515.990997542035,2544.583839537916,28.592841995880917,B,True,True,0.03759765625,1.3149324665039004,1.3149324665039004,1.0,0.03759765625
19,19000013,19000013,B,3,4,2544.583839537916,2573.176681533797,28.592841995880917,28.592841995880917,2573.176681533797,2544.583839537916,2573.176681533797,28.592841995880917,B,True,True,0.03759765625,1.3149324665039004,1.3149324665039004,1.0,0.03759765625
19,19000013,19000013,B,4,5,2573.176681533797,2601.769523529678,28.592841995880917,28.592841995880917,2601.769523529678,2573.176681533797,2601.769523529678,28.592841995880917,B,True,True,0.03759765625,1.3149324665039004,1.3149324665039004,1.0,0.03759765625
19,19000013,19000013,B,5,6,2601.769523529678,2630.3623655255587,28.592841995880917,28.592841995880917,2630.3623655255587,2601.769523529678,2630.3623655255587,28.592841995880917,B,True,True,0.03759765625,1.3149324665039004,1.3149324665039004,1.0,0.03759765625
19,19000013,19000013,B,6,7,2630.3623655255587,2658.9552075214397,28.592841995880917,28.592841995880917,2658.9552075214397,2630.3623655255587,2658.9552075214397,28.592841995880917,B,True,True,0.03759765625,1.3149324665039004,1.3149324665039004,1.0,0.03759765625
19,19000013,19000013,B,7,8,2658.9552075214397,2687.5480495173206,28.592841995880917,28.592841995880917,2687.5480495173206,2658.9552075214397,2687.5480495173206,28.592841995880917,B,True,True,0.03759765625,1.3149324665039004,1.3149324665039004,1.0,0.03759765625
19,19000013,19000014,B,8,1,2687.5480495173206,2716.1408915132015,28.592841995880917,28.592841995880917,2716.1408915132015,2687.5480495173206,2716.1408915132015,28.592841995880917,gray,False,True,0.03759765625,1.3149324665039004,,,
19,19000014,19000014,B,1,2,2716.1408915132015,2744.7337335090824,28.592841995880917,28.592841995880917,2744.7337335090824,2716.1408915132015,2744.7337335090824,28.592841995880917,B,True,True,0.03759765625,1.3149324665039004,1.3149324665039004,1.0,0.03759765625
19,19000014,19000014,B,2,3,2744.7337335090824,2773.3265755049633,28.592841995880917,28.592841995880917,2773.3265755049633,2744.7337335090824,2773.3265755049633,28.592841995880917,B,True,True,0.03759765625,1.3149324665039004,1.3149324665039004,1.0,0.03759765625
19,19000014,19000014,B,3,4,2773.3265755049633,2801.9194175008442,28.592841995880917,28.592841995880917,2801.9194175008442,2773.3265755049633,2801.9194175008442,28.592841995880917,B,True,True,0.03759765625,1.3149324665039004,1.3149324665039004,1.0,0.03759765625
19,19000014,19000014,B,4,5,2801.9194175008442,2830.512259496725,28.592841995880917,28.592841995880917,2830.512259496725,2801.9194175008442,2830.512259496725,28.592841995880917,B,True,True,0.03759765625,1.3149324665039004,1.3149324665039004,1.0,0.03759765625
19,19000014,19000014,B,5,6,2830.512259496725,2859.105101492606,28.592841995880917,28.592841995880917,2859.105101492606,2830.512259496725,2859.105101492606,28.592841995880917,B,True,True,0.03759765625,1.3149324665039004,1.3149324665039004,1.0,0.03759765625
19,19000014,19000014,B,6,7,2859.105101492606,2887.697943488487,28.592841995880917,28.592841995880917,2887.697943488487,2859.105101492606,2887.697943488487,28.592841995880917,B,True,True,0.03759765625,1.3149324665039004,1.3149324665039004,1.0,0.03759765625
19,19000014,19000014,B,7,8,2887.697943488487,2916.290785484368,28.592841995880917,28.592841995880917,2916.290785484368,2887.697943488487,2916.290785484368,28.592841995880917,B,True,True,0.03759765625,1.3149324665039004,1.3149324665039004,1.0,0.03759765625
19,19000014,19000015,B,8,1,2916.290785484368,2944.883627480249,28.592841995880917,28.592841995880917,2944.883627480249,2916.290785484368,2944.883627480249,28.592841995880917,gray,False,True,0.03759765625,1.3149324665039004,,,
19,19000015,19000015,B,1,2,2944.883627480249,2973.4764694761298,28.592841995880917,28.592841995880917,2973.4764694761298,2944.883627480249,2973.4764694761298,28.592841995880917,B,True,True,0.03759765625,1.3149324665039004,1.3149324665039004,1.0,0.03759765625
19,19000015,19000015,B,2,3,2973.4764694761298,3002.0693114720107,28.592841995880917,28.592841995880917,3002.0693114720107,2973.4764694761298,3002.0693114720107,28.592841995880917,B,True,True,0.03759765625,1.3149324665039004,1.3149324665039004,1.0,0.03759765625
19,19000015,19000015,B,3,4,3002.0693114720107,3030.6621534678916,28.592841995880917,28.592841995880917,3030.6621534678916,3002.0693114720107,3030.6621534678916,28.592841995880917,B,True,True,0.03759765625,1.3149324665039004,1.3149324665039004,1.0,0.03759765625
19,19000015,19000015,B,4,5,3030.6621534678916,3059.2549954637725,28.592841995880917,28.592841995880917,3059.2549954637725,3030.6621534678916,3059.2549954637725,28.592841995880917,B,True,True,0.03759765625,1.3149324665039004,1.3149324665039004,1.0,0.03759765625
19,19000015,19000015,B,5,6,3059.2549954637725,3087.8478374596534,28.592841995880917,28.592841995880917,3087.8478374596534,3059.2549954637725,3087.8478374596534,28.592841995880917,B,True,True,0.03759765625,1.3149324665039004,1.3149324665039004,1.0,0.03759765625
19,19000015,19000015,B,6,7,3087.8478374596534,3116.4406794555343,28.592841995880917,28.592841995880917,3116.4406794555343,3087.8478374596534,3116.4406794555343,28.592841995880917,B,True,True,0.03759765625,1.3149324665039004,1.3149324665039004,1.0,0.03759765625
19,19000015,19000015,B,7,8,3116.4406794555343,3145.0335214514153,28.592841995880917,28.592841995880917,3145.0335214514153,3116.4406794555343,3145.0335214514153,28.592841995880917,B,True,True,0.03759765625,1.3149324665039004,1.3149324665039004,1.0,0.03759765625
19,19000015,19000016,B,8,1,3145.0335214514153,3173.626363447296,28.592841995880917,28.592841995880917,3173.626363447296,3145.0335214514153,3173.626363447296,28.592841995880917,gray,False,True,0.03759765625,1.3149324665039004,,,
19,19000016,19000016,A,1,2,3173.626363447296,3179.650374995885,6.024011548588987,6.024011548588987,3179.650374995885,3173.626363447296,3179.650374995885,6.024011548588987,A,True,True,0.171539306640625,28.475925926935663,28.475925926935663,1.0,0.171539306640625
19,19000016,19000016,A,2,3,3179.650374995885,3185.674386544474,6.024011548588987,6.024011548588987,3185.674386544474,3179.650374995885,3185.674386544474,6.024011548588987,A,True,True,0.171539306640625,28.475925926935663,28.475925926935663,1.0,0.171539306640625
19,19000016,19000016,A,3,4,3185.674386544474,3191.698398093063,6.024011548588987,6.024011548588987,3191.698398093063,3185.674386544474,3191.698398093063,6.024011548588987,A,True,True,0.171539306640625,28.475925926935663,28.475925926935663,1.0,0.171539306640625
19,19000016,19000016,A,4,5,3191.698398093063,3201.4085458691716,9.710147776108442,6.024011548588987,3197.722409641652,3191.698398093063,3201.4085458691716,6.024011548588987,A,True,True,0.171539306640625,28.475925926935663,17.665983113325304,0.6203830968886906,0.171539306640625
19,19000016,19000016,A,5,6,3201.4085458691716,3207.4325574177606,6.024011548588987,6.024011548588987,3207.4325574177606,3201.4085458691716,3207.4325574177606,6.024011548588987,A,True,True,0.171539306640625,28.475925926935663,28.475925926935663,1.0,0.171539306640625
19,19000016,19000016,A,6,7,3207.4325574177606,3213.904731171906,6.472173754145388,6.024011548588987,3213.4565689663496,3207.4325574177606,3213.904731171906,6.024011548588987,A,True,True,0.171539306640625,28.475925926935663,26.504125685864835,0.9307555355309559,0.171539306640625
19,19000016,19000016,A,7,8,3213.904731171906,3226.3420701367495,12.437338964843548,6.024011548588987,3219.928742720495,3213.904731171906,3226.3420701367495,6.024011548588987,A,True,True,0.171539306640625,28.475925926935663,13.792283632818304,0.4843489082043174,0.171539306640625
19,19000016,19000017,A,8,1,3226.3420701367495,3234.7134232861636,8.371353149414062,6.024011548588987,3232.3660816853385,3226.3420701367495,3234.7134232861636,6.024011548588987,gray,False,True,0.171539306640625,28.475925926935663,,,
19,19000017,19000017,B,1,2,3234.7134232861636,3263.3062652820445,28.592841995880917,28.592841995880917,3263.3062652820445,3234.7134232861636,3263.3062652820445,28.592841995880917,B,True,True,0.03759765625,1.3149324665039004,1.3149324665039004,1.0,0.03759765625
19,19000017,19000017,B,2,3,3263.3062652820445,3291.8991072779254,28.592841995880917,28.592841995880917,3291.8991072779254,3263.3062652820445,3291.8991072779254,28.592841995880917,B,True,True,0.03759765625,1.3149324665039004,1.3149324665039004,1.0,0.03759765625
19,19000017,19000017,B,3,4,3291.8991072779254,3320.4919492738063,28.592841995880917,28.592841995880917,3320.4919492738063,3291.8991072779254,3320.4919492738063,28.592841995880917,B,True,True,0.03759765625,1.3149324665039004,1.3149324665039004,1.0,0.03759765625
19,19000017,19000017,B,4,5,3320.4919492738063,3349.0847912696872,28.592841995880917,28.592841995880917,3349.0847912696872,3320.4919492738063,3349.0847912696872,28.592841995880917,B,True,True,0.03759765625,1.3149324665039004,1.3149324665039004,1.0,0.03759765625
19,19000017,19000017,B,5,6,3349.0847912696872,3377.677633265568,28.592841995880917,28.592841995880917,3377.677633265568,3349.0847912696872,3377.677633265568,28.592841995880917,B,True,True,0.03759765625,1.3149324665039004,1.3149324665039004,1.0,0.03759765625
19,19000017,19000017,B,6,7,3377.677633265568,3406.270475261449,28.592841995880917,28.592841995880917,3406.270475261449,3377.677633265568,3406.270475261449,28.592841995880917,B,True,True,0.03759765625,1.3149324665039004,1.3149324665039004,1.0,0.03759765625
19,19000017,19000017,B,7,8,3406.270475261449,3434.86331725733,28.592841995880917,28.592841995880917,3434.86331725733,3406.270475261449,3434.86331725733,28.592841995880917,B,True,True,0.03759765625,1.3149324665039004,1.3149324665039004,1.0,0.03759765625
19,19000017,19000018,B,8,1,3434.86331725733,3463.456159253211,28.592841995880917,28.592841995880917,3463.456159253211,3434.86331725733,3463.456159253211,28.592841995880917,gray,False,True,0.03759765625,1.3149324665039004,,,
19,19000018,19000018,B,1,2,3463.456159253211,3492.049001249092,28.592841995880917,28.592841995880917,3492.049001249092,3463.456159253211,3492.049001249092,28.592841995880917,B,True,True,0.03759765625,1.3149324665039004,1.3149324665039004,1.0,0.03759765625
19,19000018,19000018,B,2,3,3492.049001249092,3520.6418432449727,28.592841995880917,28.592841995880917,3520.6418432449727,3492.049001249092,3520.6418432449727,28.592841995880917,B,True,True,0.03759765625,1.3149324665039004,1.3149324665039004,1.0,0.03759765625
19,19000018,19000018,B,3,4,3520.6418432449727,3549.2346852408537,28.592841995880917,28.592841995880917,3549.2346852408537,3520.6418432449727,3549.2346852408537,28.592841995880917,B,True,True,0.03759765625,1.3149324665039004,1.3149324665039004,1.0,0.03759765625
19,19000018,19000018,B,4,5,3549.2346852408537,3577.8275272367346,28.592841995880917,28.592841995880917,3577.8275272367346,3549.2346852408537,3577.8275272367346,28.592841995880917,B,True,True,0.03759765625,1.3149324665039004,1.3149324665039004,1.0,0.03759765625
19,19000018,19000018,B,5,6,3577.8275272367346,3606.4203692326155,28.592841995880917,28.592841995880917,3606.4203692326155,3577.8275272367346,3606.4203692326155,28.592841995880917,B,True,True,0.03759765625,1.3149324665039004,1.3149324665039004,1.0,0.03759765625
19,19000018,19000018,B,6,7,3606.4203692326155,3635.0132112284964,28.592841995880917,28.592841995880917,3635.0132112284964,3606.4203692326155,3635.0132112284964,28.592841995880917,B,True,True,0.03759765625,1.3149324665039004,1.3149324665039004,1.0,0.03759765625
19,19000018,19000018,B,7,8,3635.0132112284964,3663.6060532243773,28.592841995880917,28.592841995880917,3663.6060532243773,3635.0132112284964,3663.6060532243773,28.592841995880917,B,True,True,0.03759765625,1.3149324665039004,1.3149324665039004,1.0,0.03759765625
19,19000018,19000019,B,8,1,3663.6060532243773,3692.1988952202582,28.592841995880917,28.592841995880917,3692.1988952202582,3663.6060532243773,3692.1988952202582,28.592841995880917,gray,False,True,0.03759765625,1.3149324665039004,,,
19,19000019,19000019,B,1,2,3692.1988952202582,3720.791737216139,28.592841995880917,28.592841995880917,3720.791737216139,3692.1988952202582,3720.791737216139,28.592841995880917,B,True,True,0.03759765625,1.3149324665039004,1.3149324665039004,1.0,0.03759765625
19,19000019,19000019,B,2,3,3720.791737216139,3749.38457921202,28.592841995880917,28.592841995880917,3749.38457921202,3720.791737216139,3749.38457921202,28.592841995880917,B,True,True,0.03759765625,1.3149324665039004,1.3149324665039004,1.0,0.03759765625
19,19000019,19000019,B,3,4,3749.38457921202,3777.977421207901,28.592841995880917,28.592841995880917,3777.977421207901,3749.38457921202,3777.977421207901,28.592841995880917,B,True,True,0.03759765625,1.3149324665039004,1.3149324665039004,1.0,0.03759765625
19,19000019,19000019,B,4,5,3777.977421207901,3806.570263203782,28.592841995880917,28.592841995880917,3806.570263203782,3777.977421207901,3806.570263203782,28.592841995880917,B,True,True,0.03759765625,1.3149324665039004,1.3149324665039004,1.0,0.03759765625
19,19000019,19000019,B,5,6,3806.570263203782,3835.163105199663,28.592841995880917,28.592841995880917,3835.163105199663,3806.570263203782,3835.163105199663,28.592841995880917,B,True,True,0.03759765625,1.3149324665039004,1.3149324665039004,1.0,0.03759765625
19,19000019,19000019,B,6,7,3835.163105199663,3863.7559471955437,28.592841995880917,28.592841995880917,3863.7559471955437,3835.163105199663,3863.7559471955437,28.592841995880917,B,True,True,0.03759765625,1.3149324665039004,1.3149324665039004,1.0,0.03759765625
19,19000019,19000019,B,7,8,3863.7559471955437,3892.3487891914247,28.592841995880917,28.592841995880917,3892.3487891914247,3863.7559471955437,3892.3487891914247,28.592841995880917,B,True,True,0.03759765625,1.3149324665039004,1.3149324665039004,1.0,0.03759765625
19,19000019,19000020,B,8,1,3892.3487891914247,3920.9416311873056,28.592841995880917,28.592841995880917,3920.9416311873056,3892.3487891914247,3920.9416311873056,28.592841995880917,gray,False,True,0.03759765625,1.3149324665039004,,,
19,19000020,19000020,B,1,2,3920.9416311873056,3949.5344731831865,28.592841995880917,28.592841995880917,3949.5344731831865,3920.9416311873056,3949.5344731831865,28.592841995880917,B,True,True,0.03759765625,1.3149324665039004,1.3149324665039004,1.0,0.03759765625
19,19000020,19000020,B,2,3,3949.5344731831865,3978.1273151790674,28.592841995880917,28.592841995880917,3978.1273151790674,3949.5344731831865,3978.1273151790674,28.592841995880917,B,True,True,0.03759765625,1.3149324665039004,1.3149324665039004,1.0,0.03759765625
19,19000020,19000020,B,3,4,3978.1273151790674,4006.7201571749483,28.592841995880917,28.592841995880917,4006.7201571749483,3978.1273151790674,4000.0,21.87268482093259,gray,True,False,0.03759765625,1.3149324665039004,,,
20,20000012,20000012,B,1,2,1992.527954353012,2021.1207963488928,28.59284199588069,28.59284199588069,2021.1207963488928,2000.0,2021.1207963488928,21.12079634889278,gray,True,False,0.03759765625,1.3149324665039108,,,
20,20000012,20000012,B,2,3,2021.1207963488928,2049.7136383447737,28.592841995880917,28.592841995880917,2049.7136383447737,2021.1207963488928,2049.7136383447737,28.592841995880917,B,True,True,0.03759765625,1.3149324665039004,1.3149324665039004,1.0,0.03759765625
20,20000012,20000012,B,3,4,2049.7136383447737,2078.3064803406546,28.592841995880917,28.592841995880917,2078.3064803406546,2049.7136383447737,2078.3064803406546,28.592841995880917,B,True,True,0.03759765625,1.3149324665039004,1.3149324665039004,1.0,0.03759765625
20,20000012,20000012,B,4,5,2078.3064803406546,2106.8993223365355,28.592841995880917,28.592841995880917,2106.8993223365355,2078.3064803406546,2106.8993223365355,28.592841995880917,B,True,True,0.03759765625,1.3149324665039004,1.3149324665039004,1.0,0.03759765625
20,20000012,20000012,B,5,6,2106.8993223365355,2135.4921643324165,28.592841995880917,28.592841995880917,2135.4921643324165,2106.8993223365355,2135.4921643324165,28.592841995880917,B,True,True,0.03759765625,1.3149324665039004,1.3149324665039004,1.0,0.03759765625
20,20000012,20000012,B,6,7,2135.4921643324165,2164.0850063282974,28.592841995880917,28.592841995880917,2164.0850063282974,2135.4921643324165,2164.0850063282974,28.592841995880917,B,True,True,0.03759765625,1.3149324665039004,1.3149324665039004,1.0,0.03759765625
20,20000012,20000012,B,7,8,2164.0850063282974,2192.6778483241783,28.592841995880917,28.592841995880917,2192.6778483241783,2164.0850063282974,2192.6778483241783,28.592841995880917,B,True,True,0.03759765625,1.3149324665039004,1.3149324665039004,1.0,0.03759765625
20,20000012,20000013,B,8,1,2192.6778483241783,2221.270690320059,28.592841995880917,28.592841995880917,2221.270690320059,2192.6778483241783,2221.270690320059,28.592841995880917,gray,False,True,0.03759765625,1.3149324665039004,,,
20,20000013,20000013,B,1,2,2221.270690320059,2249.86353231594,28.592841995880917,28.592841995880917,2249.86353231594,2221.270690320059,2249.86353231594,28.592841995880917,B,True,True,0.03759765625,1.3149324665039004,1.3149324665039004,1.0,0.03759765625
20,20000013,20000013,B,2,3,2249.86353231594,2278.456374311821,28.592841995880917,28.592841995880917,2278.456374311821,2249.86353231594,2278.456374311821,28.592841995880917,B,True,True,0.03759765625,1.3149324665039004,1.3149324665039004,1.0,0.03759765625
20,20000013,20000013,B,3,4,2278.456374311821,2307.049216307702,28.592841995880917,28.592841995880917,2307.049216307702,2278.456374311821,2307.049216307702,28.592841995880917,B,True,True,0.03759765625,1.3149324665039004,1.3149324665039004,1.0,0.03759765625
20,20000013,20000013,B,4,5,2307.049216307702,2335.642058303583,28.592841995880917,28.592841995880917,2335.642058303583,2307.049216307702,2335.642058303583,28.592841995880917,B,True,True,0.03759765625,1.3149324665039004,1.3149324665039004,1.0,0.03759765625
20,20000013,20000013,B,5,6,2335.642058303583,2364.234900299464,28.592841995880917,28.592841995880917,2364.234900299464,2335.642058303583,2364.234900299464,28.592841995880917,B,True,True,0.03759765625,1.3149324665039004,1.3149324665039004,1.0,0.03759765625
20,20000013,20000013,B,6,7,2364.234900299464,2392.8277422953447,28.592841995880917,28.592841995880917,2392.8277422953447,2364.234900299464,2392.8277422953447,28.592841995880917,B,True,True,0.03759765625,1.3149324665039004,1.3149324665039004,1.0,0.03759765625
20,20000013,20000013,B,7,8,2392.8277422953447,2421.4205842912256,28.592841995880917,28.592841995880917,2421.4205842912256,2392.8277422953447,2421.4205842912256,28.592841995880917,B,True,True,0.03759765625,1.3149324665039004,1.3149324665039004,1.0,0.03759765625
20,20000013,20000014,B,8,1,2421.4205842912256,2450.0134262871065,28.592841995880917,28.592841995880917,2450.0134262871065,2421.4205842912256,2450.0134262871065,28.592841995880917,gray,False,True,0.03759765625,1.3149324665039004,,,
20,20000014,20000014,A,1,2,2450.0134262871065,2460.7143439096644,10.700917622557881,6.024011548588987,2456.0374378356955,2450.0134262871065,2460.7143439096644,6.024011548588987,A,True,True,0.171539306640625,28.475925926935663,16.03033615351029,0.5629434559789691,0.171539306640625
20,20000014,20000014,A,2,3,2460.7143439096644,2477.620700721188,16.906356811523438,6.024011548588987,2466.7383554582534,2460.7143439096644,2477.620700721188,6.024011548588987,A,True,True,0.171539306640625,28.475925926935663,10.14643832216431,0.35631636169437747,0.171539306640625
20,20000014,20000014,A,3,4,2477.620700721188,2504.622835315914,27.002134594726158,6.024011548588987,2483.644712269777,2477.620700721188,2504.622835315914,6.024011548588987,A,True,True,0.171539306640625,28.475925926935663,6.352805406507702,0.22309390124162812,0.171539306640625
20,20000014,20000014,A,4,5,2504.622835315914,2517.2826711313437,12.659835815429688,6.024011548588987,2510.646846864503,2504.622835315914,2517.2826711313437,6.024011548588987,A,True,True,0.171539306640625,28.475925926935663,13.549883990719257,0.4758364671086002,0.171539306640625
20,20000014,20000014,A,5,6,2517.2826711313437,2535.053538343258,17.770867211914265,6.024011548588987,2523.3066826799327,2517.2826711313437,2535.053538343258,6.024011548588987,A,True,True,0.171539306640625,28.475925926935663,9.652838243347997,0.3389824186267208,0.171539306640625
20,20000014,20000014,A,6,7,2535.053538343258,2544.3943060678675,9.340767724609577,6.024011548588987,2541.077549891847,2535.053538343258,2544.3943060678675,6.024011548588987,A,True,True,0.171539306640625,28.475925926935663,18.36458326532201,0.6449161060624465,0.171539306640625
20,20000014,20000014,A,7,8,2544.3943060678675,2563.0041066782187,18.609800610351158,6.024011548588987,2550.4183176164565,2544.3943060678675,2563.0041066782187,6.024011548588987,A,True,True,0.171539306640625,28.475925926935663,9.217686434813883,0.32370102585829463,0.171539306640625
20,20000014,20000015,A,8,1,2563.0041066782187,2569.0281182268077,6.024011548588987,6.024011548588987,2569.0281182268077,2563.0041066782187,2569.0281182268077,6.024011548588987,gray,False,True,0.171539306640625,28.475925926935663,,,
20,20000015,20000015,B,1,2,2569.0281182268077,2597.6209602226886,28.592841995880917,28.592841995880917,2597.6209602226886,2569.0281182268077,2597.6209602226886,28.592841995880917,B,True,True,0.03759765625,1.3149324665039004,1.3149324665039004,1.0,0.03759765625
20,20000015,20000015,B,2,3,2597.6209602226886,2626.2138022185695,28.592841995880917,28.592841995880917,2626.2138022185695,2597.6209602226886,2626.2138022185695,28.592841995880917,B,True,True,0.03759765625,1.3149324665039004,1.3149324665039004,1.0,0.03759765625
20,20000015,20000015,B,3,4,2626.2138022185695,2654.8066442144504,28.592841995880917,28.592841995880917,2654.8066442144504,2626.2138022185695,2654.8066442144504,28.592841995880917,B,True,True,0.03759765625,1.3149324665039004,1.3149324665039004,1.0,0.03759765625
20,20000015,20000015,B,4,5,2654.8066442144504,2683.3994862103314,28.592841995880917,28.592841995880917,2683.3994862103314,2654.8066442144504,2683.3994862103314,28.592841995880917,B,True,True,0.03759765625,1.3149324665039004,1.3149324665039004,1.0,0.03759765625
20,20000015,20000015,B,5,6,2683.3994862103314,2711.9923282062123,28.592841995880917,28.592841995880917,2711.9923282062123,2683.3994862103314,2711.9923282062123,28.592841995880917,B,True,True,0.03759765625,1.3149324665039004,1.3149324665039004,1.0,0.03759765625
20,20000015,20000015,B,6,7,2711.9923282062123,2740.585170202093,28.592841995880917,28.592841995880917,2740.585170202093,2711.9923282062123,2740.585170202093,28.592841995880917,B,True,True,0.03759765625,1.3149324665039004,1.3149324665039004,1.0,0.03759765625
20,20000015,20000015,B,7,8,2740.585170202093,2769.178012197974,28.592841995880917,28.592841995880917,2769.178012197974,2740.585170202093,2769.178012197974,28.592841995880917,B,True,True,0.03759765625,1.3149324665039004,1.3149324665039004,1.0,0.03759765625
20,20000015,20000016,B,8,1,2769.178012197974,2797.770854193855,28.592841995880917,28.592841995880917,2797.770854193855,2769.178012197974,2797.770854193855,28.592841995880917,gray,False,True,0.03759765625,1.3149324665039004,,,
20,20000016,20000016,B,1,2,2797.770854193855,2826.363696189736,28.592841995880917,28.592841995880917,2826.363696189736,2797.770854193855,2826.363696189736,28.592841995880917,B,True,True,0.03759765625,1.3149324665039004,1.3149324665039004,1.0,0.03759765625
20,20000016,20000016,B,2,3,2826.363696189736,2854.956538185617,28.592841995880917,28.592841995880917,2854.956538185617,2826.363696189736,2854.956538185617,28.592841995880917,B,True,True,0.03759765625,1.3149324665039004,1.3149324665039004,1.0,0.03759765625
20,20000016,20000016,B,3,4,2854.956538185617,2883.549380181498,28.592841995880917,28.592841995880917,2883.549380181498,2854.956538185617,2883.549380181498,28.592841995880917,B,True,True,0.03759765625,1.3149324665039004,1.3149324665039004,1.0,0.03759765625
20,20000016,20000016,B,4,5,2883.549380181498,2912.1422221773787,28.592841995880917,28.592841995880917,2912.1422221773787,2883.549380181498,2912.1422221773787,28.592841995880917,B,True,True,0.03759765625,1.3149324665039004,1.3149324665039004,1.0,0.03759765625
20,20000016,20000016,B,5,6,2912.1422221773787,2940.7350641732596,28.592841995880917,28.592841995880917,2940.7350641732596,2912.1422221773787,2940.7350641732596,28.592841995880917,B,True,True,0.03759765625,1.3149324665039004,1.3149324665039004,1.0,0.03759765625
20,20000016,20000016,B,6,7,2940.7350641732596,2969.3279061691405,28.592841995880917,28.592841995880917,2969.3279061691405,2940.7350641732596,2969.3279061691405,28.592841995880917,B,True,True,0.03759765625,1.3149324665039004,1.3149324665039004,1.0,0.03759765625
20,20000016,20000016,B,7,8,2969.3279061691405,2997.9207481650215,28.592841995880917,28.592841995880917,2997.9207481650215,2969.3279061691405,2997.9207481650215,28.592841995880917,B,True,True,0.03759765625,1.3149324665039004,1.3149324665039004,1.0,0.03759765625
20,20000016,20000017,B,8,1,2997.9207481650215,3026.5135901609024,28.592841995880917,28.592841995880917,3026.5135901609024,2997.9207481650215,3026.5135901609024,28.592841995880917,gray,False,True,0.03759765625,1.3149324665039004,,,
20,20000017,20000017,B,1,2,3026.5135901609024,3055.1064321567833,28.592841995880917,28.592841995880917,3055.1064321567833,3026.5135901609024,3055.1064321567833,28.592841995880917,B,True,True,0.03759765625,1.3149324665039004,1.3149324665039004,1.0,0.03759765625
20,20000017,20000017,B,2,3,3055.1064321567833,3083.699274152664,28.592841995880917,28.592841995880917,3083.699274152664,3055.1064321567833,3083.699274152664,28.592841995880917,B,True,True,0.03759765625,1.3149324665039004,1.3149324665039004,1.0,0.03759765625
20,20000017,20000017,B,3,4,3083.699274152664,3112.292116148545,28.592841995880917,28.592841995880917,3112.292116148545,3083.699274152664,3112.292116148545,28.592841995880917,B,True,True,0.03759765625,1.3149324665039004,1.3149324665039004,1.0,0.03759765625
20,20000017,20000017,B,4,5,3112.292116148545,3140.884958144426,28.592841995880917,28.592841995880917,3140.884958144426,3112.292116148545,3140.884958144426,28.592841995880917,B,True,True,0.03759765625,1.3149324665039004,1.3149324665039004,1.0,0.03759765625
20,20000017,20000017,B,5,6,3140.884958144426,3169.477800140307,28.592841995880917,28.592841995880917,3169.477800140307,3140.884958144426,3169.477800140307,28.592841995880917,B,True,True,0.03759765625,1.3149324665039004,1.3149324665039004,1.0,0.03759765625
20,20000017,20000017,B,6,7,3169.477800140307,3198.070642136188,28.592841995880917,28.592841995880917,3198.070642136188,3169.477800140307,3198.070642136188,28.592841995880917,B,True,True,0.03759765625,1.3149324665039004,1.3149324665039004,1.0,0.03759765625
20,20000017,20000017,B,7,8,3198.070642136188,3226.663484132069,28.592841995880917,28.592841995880917,3226.663484132069,3198.070642136188,3226.663484132069,28.592841995880917,B,True,True,0.03759765625,1.3149324665039004,1.3149324665039004,1.0,0.03759765625
20,20000017,20000018,B,8,1,3226.663484132069,3255.2563261279497,28.592841995880917,28.592841995880917,3255.2563261279497,3226.663484132069,3255.2563261279497,28.592841995880917,gray,False,True,0.03759765625,1.3149324665039004,,,
20,20000018,20000018,A,1,2,3255.2563261279497,3262.605445283234,7.34911915528437,6.024011548588987,3261.2803376765387,3255.2563261279497,3262.605445283234,6.024011548588987,A,True,True,0.171539306640625,28.475925926935663,23.34147848416364,0.8196916421279459,0.171539306640625
20,20000018,20000018,A,2,3,3262.605445283234,3277.1449639111634,14.539518627929283,6.024011548588987,3268.629456831823,3262.605445283234,3277.1449639111634,6.024011548588987,A,True,True,0.171539306640625,28.475925926935663,11.798142086431346,0.414319875557457,0.171539306640625
20,20000018,20000018,A,3,4,3277.1449639111634,3283.1689754597523,6.024011548588987,6.024011548588987,3283.1689754597523,3277.1449639111634,3283.1689754597523,6.024011548588987,A,True,True,0.171539306640625,28.475925926935663,28.475925926935663,1.0,0.171539306640625
20,20000018,20000018,A,4,5,3283.1689754597523,3291.051261323273,7.882285863520792,6.024011548588987,3289.1929870083413,3283.1689754597523,3291.051261323273,6.024011548588987,A,True,True,0.171539306640625,28.475925926935663,21.762634546725675,0.7642467747164696,0.171539306640625
20,20000018,20000018,A,5,6,3291.051261323273,3298.5873772412415,7.5361159179683455,6.024011548588987,3297.075272871862,3291.051261323273,3298.5873772412415,6.024011548588987,A,True,True,0.171539306640625,28.475925926935663,22.762296719935556,0.7993522942270499,0.171539306640625
20,20000018,20000018,A,6,7,3298.5873772412415,3309.9087357861636,11.321358544922077,6.024011548588987,3304.6113887898305,3298.5873772412415,3309.9087357861636,6.024011548588987,A,True,True,0.171539306640625,28.475925926935663,15.151830582873362,0.5320926392964485,0.171539306640625
20,20000018,20000018,A,7,8,3309.9087357861636,3321.351683173859,11.442947387695312,6.024011548588987,3315.9327473347525,3309.9087357861636,3321.351683173859,6.024011548588987,A,True,True,0.171539306640625,28.475925926935663,14.99083241657499,0.526438805011605,0.171539306640625
20,20000018,20000019,A,8,1,3321.351683173859,3333.5626291211247,12.210945947265827,6.024011548588987,3327.375694722448,3321.351683173859,3333.5626291211247,6.024011548588987,gray,False,True,0.171539306640625,28.475925926935663,,,
20,20000019,20000019,B,1,2,3333.5626291211247,3362.1554711170056,28.592841995880917,28.592841995880917,3362.1554711170056,3333.5626291211247,3362.1554711170056,28.592841995880917,B,True,True,0.03759765625,1.3149324665039004,1.3149324665039004,1.0,0.03759765625
20,20000019,20000019,B,2,3,3362.1554711170056,3390.7483131128865,28.592841995880917,28.592841995880917,3390.7483131128865,3362.1554711170056,3390.7483131128865,28.592841995880917,B,True,True,0.03759765625,1.3149324665039004,1.3149324665039004,1.0,0.03759765625
20,20000019,20000019,B,3,4,3390.7483131128865,3419.3411551087675,28.592841995880917,28.592841995880917,3419.3411551087675,3390.7483131128865,3419.3411551087675,28.592841995880917,B,True,True,0.03759765625,1.3149324665039004,1.3149324665039004,1.0,0.03759765625
20,20000019,20000019,B,4,5,3419.3411551087675,3447.9339971046484,28.592841995880917,28.592841995880917,3447.9339971046484,3419.3411551087675,3447.9339971046484,28.592841995880917,B,True,True,0.03759765625,1.3149324665039004,1.3149324665039004,1.0,0.03759765625
20,20000019,20000019,B,5,6,3447.9339971046484,3476.5268391005293,28.592841995880917,28.592841995880917,3476.5268391005293,3447.9339971046484,3476.5268391005293,28.592841995880917,B,True,True,0.03759765625,1.3149324665039004,1.3149324665039004,1.0,0.03759765625
20,20000019,20000019,B,6,7,3476.5268391005293,3505.11968109641,28.592841995880917,28.592841995880917,3505.11968109641,3476.5268391005293,3505.11968109641,28.592841995880917,B,True,True,0.03759765625,1.3149324665039004,1.3149324665039004,1.0,0.03759765625
20,20000019,20000019,B,7,8,3505.11968109641,3533.712523092291,28.592841995880917,28.592841995880917,3533.712523092291,3505.11968109641,3533.712523092291,28.592841995880917,B,True,True,0.03759765625,1.3149324665039004,1.3149324665039004,1.0,0.03759765625
20,20000019,20000020,B,8,1,3533.712523092291,3562.305365088172,28.592841995880917,28.592841995880917,3562.305365088172,3533.712523092291,3562.305365088172,28.592841995880917,gray,False,True,0.03759765625,1.3149324665039004,,,
20,20000020,20000020,B,1,2,3562.305365088172,3590.898207084053,28.592841995880917,28.592841995880917,3590.898207084053,3562.305365088172,3590.898207084053,28.592841995880917,B,True,True,0.03759765625,1.3149324665039004,1.3149324665039004,1.0,0.03759765625
20,20000020,20000020,B,2,3,3590.898207084053,3619.491049079934,28.592841995880917,28.592841995880917,3619.491049079934,3590.898207084053,3619.491049079934,28.592841995880917,B,True,True,0.03759765625,1.3149324665039004,1.3149324665039004,1.0,0.03759765625
20,20000020,20000020,B,3,4,3619.491049079934,3648.083891075815,28.592841995880917,28.592841995880917,3648.083891075815,3619.491049079934,3648.083891075815,28.592841995880917,B,True,True,0.03759765625,1.3149324665039004,1.3149324665039004,1.0,0.03759765625
20,20000020,20000020,B,4,5,3648.083891075815,3676.6767330716957,28.592841995880917,28.592841995880917,3676.6767330716957,3648.083891075815,3676.6767330716957,28.592841995880917,B,True,True,0.03759765625,1.3149324665039004,1.3149324665039004,1.0,0.03759765625
20,20000020,20000020,B,5,6,3676.6767330716957,3705.2695750675766,28.592841995880917,28.592841995880917,3705.2695750675766,3676.6767330716957,3705.2695750675766,28.592841995880917,B,True,True,0.03759765625,1.3149324665039004,1.3149324665039004,1.0,0.03759765625
20,20000020,20000020,B,6,7,3705.2695750675766,3733.8624170634575,28.592841995880917,28.592841995880917,3733.8624170634575,3705.2695750675766,3733.8624170634575,28.592841995880917,B,True,True,0.03759765625,1.3149324665039004,1.3149324665039004,1.0,0.03759765625
20,20000020,20000020,B,7,8,3733.8624170634575,3762.4552590593385,28.592841995880917,28.592841995880917,3762.4552590593385,3733.8624170634575,3762.4552590593385,28.592841995880917,B,True,True,0.03759765625,1.3149324665039004,1.3149324665039004,1.0,0.03759765625
20,20000020,20000021,B,8,1,3762.4552590593385,3791.0481010552194,28.592841995880917,28.592841995880917,3791.0481010552194,3762.4552590593385,3791.0481010552194,28.592841995880917,gray,False,True,0.03759765625,1.3149324665039004,,,
20,20000021,20000021,B,1,2,3791.0481010552194,3819.6409430511003,28.592841995880917,28.592841995880917,3819.6409430511003,3791.0481010552194,3819.6409430511003,28.592841995880917,B,True,True,0.03759765625,1.3149324665039004,1.3149324665039004,1.0,0.03759765625
20,20000021,20000021,B,2,3,3819.6409430511003,3848.233785046981,28.592841995880917,28.592841995880917,3848.233785046981,3819.6409430511003,3848.233785046981,28.592841995880917,B,True,True,0.03759765625,1.3149324665039004,1.3149324665039004,1.0,0.03759765625
20,20000021,20000021,B,3,4,3848.233785046981,3876.826627042862,28.592841995880917,28.592841995880917,3876.826627042862,3848.233785046981,3876.826627042862,28.592841995880917,B,True,True,0.03759765625,1.3149324665039004,1.3149324665039004,1.0,0.03759765625
20,20000021,20000021,B,4,5,3876.826627042862,3905.419469038743,28.592841995880917,28.592841995880917,3905.419469038743,3876.826627042862,3905.419469038743,28.592841995880917,B,True,True,0.03759765625,1.3149324665039004,1.3149324665039004,1.0,0.03759765625
20,20000021,20000021,B,5,6,3905.419469038743,3934.012311034624,28.592841995880917,28.592841995880917,3934.012311034624,3905.419469038743,3934.012311034624,28.592841995880917,B,True,True,0.03759765625,1.3149324665039004,1.3149324665039004,1.0,0.03759765625
20,20000021,20000021,B,6,7,3934.012311034624,3962.605153030505,28.592841995880917,28.592841995880917,3962.605153030505,3934.012311034624,3962.605153030505,28.592841995880917,B,True,True,0.03759765625,1.3149324665039004,1.3149324665039004,1.0,0.03759765625
20,20000021,20000021,B,7,8,3962.605153030505,3991.197995026386,28.592841995880917,28.592841995880917,3991.197995026386,3962.605153030505,3991.197995026386,28.592841995880917,B,True,True,0.03759765625,1.3149324665039004,1.3149324665039004,1.0,0.03759765625
20,20000021,20000022,B,8,1,3991.197995026386,4019.7908370222667,28.592841995880917,28.592841995880917,4019.7908370222667,3991.197995026386,4000.0,8.802004973614203,gray,False,False,0.03759765625,1.3149324665039004,,,
21,21000010,21000010,B,3,4,1995.7620350740267,2024.3548770699074,28.59284199588069,28.59284199588069,2024.3548770699074,2000.0,2024.3548770699074,24.35487706990739,gray,True,False,0.03759765625,1.3149324665039108,,,
21,21000010,21000010,B,4,5,2024.3548770699074,2052.947719065788,28.59284199588069,28.59284199588069,2052.947719065788,2024.3548770699074,2052.947719065788,28.59284199588069,B,True,True,0.03759765625,1.3149324665039108,1.3149324665039108,1.0,0.03759765625
21,21000010,21000010,B,5,6,2052.947719065788,2081.540561061669,28.592841995880917,28.592841995880917,2081.540561061669,2052.947719065788,2081.540561061669,28.592841995880917,B,True,True,0.03759765625,1.3149324665039004,1.3149324665039004,1.0,0.03759765625
21,21000010,21000010,B,6,7,2081.540561061669,2110.13340305755,28.592841995880917,28.592841995880917,2110.13340305755,2081.540561061669,2110.13340305755,28.592841995880917,B,True,True,0.03759765625,1.3149324665039004,1.3149324665039004,1.0,0.03759765625
21,21000010,21000010,B,7,8,2110.13340305755,2138.726245053431,28.592841995880917,28.592841995880917,2138.726245053431,2110.13340305755,2138.726245053431,28.592841995880917,B,True,True,0.03759765625,1.3149324665039004,1.3149324665039004,1.0,0.03759765625
21,21000010,21000011,B,8,1,2138.726245053431,2167.3190870493117,28.592841995880917,28.592841995880917,2167.3190870493117,2138.726245053431,2167.3190870493117,28.592841995880917,gray,False,True,0.03759765625,1.3149324665039004,,,
21,21000011,21000011,B,1,2,2167.3190870493117,2195.9119290451927,28.592841995880917,28.592841995880917,2195.9119290451927,2167.3190870493117,2195.9119290451927,28.592841995880917,B,True,True,0.03759765625,1.3149324665039004,1.3149324665039004,1.0,0.03759765625
21,21000011,21000011,B,2,3,2195.9119290451927,2224.5047710410736,28.592841995880917,28.592841995880917,2224.5047710410736,2195.9119290451927,2224.5047710410736,28.592841995880917,B,True,True,0.03759765625,1.3149324665039004,1.3149324665039004,1.0,0.03759765625
21,21000011,21000011,B,3,4,2224.5047710410736,2253.0976130369545,28.592841995880917,28.592841995880917,2253.0976130369545,2224.5047710410736,2253.0976130369545,28.592841995880917,B,True,True,0.03759765625,1.3149324665039004,1.3149324665039004,1.0,0.03759765625
21,21000011,21000011,B,4,5,2253.0976130369545,2281.6904550328354,28.592841995880917,28.592841995880917,2281.6904550328354,2253.0976130369545,2281.6904550328354,28.592841995880917,B,True,True,0.03759765625,1.3149324665039004,1.3149324665039004,1.0,0.03759765625
21,21000011,21000011,B,5,6,2281.6904550328354,2310.2832970287163,28.592841995880917,28.592841995880917,2310.2832970287163,2281.6904550328354,2310.2832970287163,28.592841995880917,B,True,True,0.03759765625,1.3149324665039004,1.3149324665039004,1.0,0.03759765625
21,21000011,21000011,B,6,7,2310.2832970287163,2338.8761390245973,28.592841995880917,28.592841995880917,2338.8761390245973,2310.2832970287163,2338.8761390245973,28.592841995880917,B,True,True,0.03759765625,1.3149324665039004,1.3149324665039004,1.0,0.03759765625
21,21000011,21000011,B,7,8,2338.8761390245973,2367.468981020478,28.592841995880917,28.592841995880917,2367.468981020478,2338.8761390245973,2367.468981020478,28.592841995880917,B,True,True,0.03759765625,1.3149324665039004,1.3149324665039004,1.0,0.03759765625
21,21000011,21000012,B,8,1,2367.468981020478,2396.061823016359,28.592841995880917,28.592841995880917,2396.061823016359,2367.468981020478,2396.061823016359,28.592841995880917,gray,False,True,0.03759765625,1.3149324665039004,,,
21,21000012,21000012,A,1,2,2396.061823016359,2403.1596174448205,7.097794428461384,6.024011548588987,2402.085834564948,2396.061823016359,2403.1596174448205,6.024011548588987,A,True,True,0.171539306640625,28.475925926935663,24.167973357015107,0.8487159792108596,0.171539306640625
21,21000012,21000012,A,2,3,2403.1596174448205,2412.4877966684535,9.328179223633015,6.024011548588987,2409.1836289934095,2403.1596174448205,2412.4877966684535,6.024011548588987,A,True,True,0.171539306640625,28.475925926935663,18.389366512816224,0.645786428859247,0.171539306640625
21,21000012,21000012,A,3,4,2412.4877966684535,2421.618456043453,9.130659374999595,6.024011548588987,2418.5118082170425,2412.4877966684535,2421.618456043453,6.024011548588987,A,True,True,0.171539306640625,28.475925926935663,18.78717621536863,0.659756464586026,0.171539306640625
21,21000012,21000012,A,4,5,2421.618456043453,2435.797504310055,14.179048266601967,6.024011548588987,2427.642467592042,2421.618456043453,2435.797504310055,6.024011548588987,A,True,True,0.171539306640625,28.475925926935663,12.098083271546313,0.42485302506362455,0.171539306640625
21,21000012,21000012,A,5,6,2435.797504310055,2442.263697645016,6.466193334960735,6.024011548588987,2441.821515858644,2435.797504310055,2442.263697645016,6.024011548588987,A,True,True,0.171539306640625,28.475925926935663,26.528638683468415,0.9316163678588134,0.171539306640625
21,21000012,21000012,A,6,7,2442.263697645016,2464.247416517086,21.983718872070312,6.024011548588987,2448.2877091936048,2442.263697645016,2464.247416517086,6.024011548588987,A,True,True,0.171539306640625,28.475925926935663,7.803015842718076,0.2740214967105644,0.171539306640625
21,21000012,21000012,A,7,8,2464.247416517086,2490.4356947153283,26.188278198242188,6.024011548588987,2470.271428065675,2464.247416517086,2490.4356947153283,6.024011548588987,A,True,True,0.171539306640625,28.475925926935663,6.550232334561769,0.2300270183090285,0.171539306640625
21,21000012,21000013,A,8,1,2490.4356947153283,2498.152345813961,7.71665109863261,6.024011548588987,2496.4597062639173,2490.4356947153283,2498.152345813961,6.024011548588987,gray,False,True,0.171539306640625,28.475925926935663,,,
21,21000013,21000013,B,1,2,2498.152345813961,2526.745187809842,28.592841995880917,28.592841995880917,2526.745187809842,2498.152345813961,2526.745187809842,28.592841995880917,B,True,True,0.03759765625,1.3149324665039004,1.3149324665039004,1.0,0.03759765625
21,21000013,21000013,B,2,3,2526.745187809842,2555.3380298057227,28.592841995880917,28.592841995880917,2555.3380298057227,2526.745187809842,2555.3380298057227,28.592841995880917,B,True,True,0.03759765625,1.3149324665039004,1.3149324665039004,1.0,0.03759765625
21,21000013,21000013,B,3,4,2555.3380298057227,2583.9308718016036,28.592841995880917,28.592841995880917,2583.9308718016036,2555.3380298057227,2583.9308718016036,28.592841995880917,B,True,True,0.03759765625,1.3149324665039004,1.3149324665039004,1.0,0.03759765625
21,21000013,21000013,B,4,5,2583.9308718016036,2612.5237137974846,28.592841995880917,28.592841995880917,2612.5237137974846,2583.9308718016036,2612.5237137974846,28.592841995880917,B,True,True,0.03759765625,1.3149324665039004,1.3149324665039004,1.0,0.03759765625
21,21000013,21000013,B,5,6,2612.5237137974846,2641.1165557933655,28.592841995880917,28.592841995880917,2641.1165557933655,2612.5237137974846,2641.1165557933655,28.592841995880917,B,True,True,0.03759765625,1.3149324665039004,1.3149324665039004,1.0,0.03759765625
21,21000013,21000013,B,6,7,2641.1165557933655,2669.7093977892464,28.592841995880917,28.592841995880917,2669.7093977892464,2641.1165557933655,2669.7093977892464,28.592841995880917,B,True,True,0.03759765625,1.3149324665039004,1.3149324665039004,1.0,0.03759765625
21,21000013,21000013,B,7,8,2669.7093977892464,2698.3022397851273,28.592841995880917,28.592841995880917,2698.3022397851273,2669.7093977892464,2698.3022397851273,28.592841995880917,B,True,True,0.03759765625,1.3149324665039004,1.3149324665039004,1.0,0.03759765625
21,21000013,21000014,B,8,1,2698.3022397851273,2726.8950817810082,28.592841995880917,28.592841995880917,2726.8950817810082,2698.3022397851273,2726.8950817810082,28.592841995880917,gray,False,True,0.03759765625,1.3149324665039004,,,
21,21000014,21000014,A,1,2,2726.8950817810082,2737.480730213375,10.585648432366725,6.024011548588987,2732.919093329597,2726.8950817810082,2737.480730213375,6.024011548588987,A,True,True,0.171539306640625,28.475925926935663,16.20489361011893,0.5690734570562483,0.171539306640625
21,21000014,21000014,A,2,3,2737.480730213375,2750.791071912594,13.310341699218952,6.024011548588987,2743.504741761964,2737.480730213375,2750.791071912594,6.024011548588987,A,True,True,0.171539306640625,28.475925926935663,12.887671144512458,0.4525812848923687,0.171539306640625
21,21000014,21000014,A,3,4,2750.791071912594,2759.279817737789,8.48874582519511,6.024011548588987,2756.815083461183,2750.791071912594,2759.279817737789,6.024011548588987,A,True,True,0.171539306640625,28.475925926935663,20.207850508550507,0.709646828004834,0.171539306640625
21,21000014,21000014,A,4,5,2759.279817737789,2771.452898182125,12.173080444335938,6.024011548588987,2765.303829286378,2759.279817737789,2771.452898182125,6.024011548588987,A,True,True,0.171539306640625,28.475925926935663,14.091692519820752,0.4948633647937425,0.171539306640625
21,21000014,21000014,A,5,6,2771.452898182125,2781.7337073129847,10.28080913085978,6.024011548588987,2777.476909730714,2771.452898182125,2781.7337073129847,6.024011548588987,A,True,True,0.171539306640625,28.475925926935663,16.685389686471034,0.5859472218491816,0.171539306640625
21,21000014,21000014,A,6,7,2781.7337073129847,2796.223071937008,14.489364624023438,6.024011548588987,2787.7577188615737,2781.7337073129847,2796.223071937008,6.024011548588987,A,True,True,0.171539306640625,28.475925926935663,11.838980596582681,0.41575401716381316,0.171539306640625
21,21000014,21000014,A,7,8,2796.223071937008,2803.0838049692347,6.8607330322265625,6.024011548588987,2802.247083485597,2796.223071937008,2803.0838049692347,6.024011548588987,A,True,True,0.171539306640625,28.475925926935663,25.003058103975537,0.8780419701936678,0.171539306640625
21,21000014,21000015,A,8,1,2803.0838049692347,2825.6213178842736,22.53751291503886,6.024011548588987,2809.1078165178237,2803.0838049692347,2825.6213178842736,6.024011548588987,gray,False,True,0.171539306640625,28.475925926935663,,,
21,21000015,21000015,B,1,2,2825.6213178842736,2854.2141598801545,28.592841995880917,28.592841995880917,2854.2141598801545,2825.6213178842736,2854.2141598801545,28.592841995880917,B,True,True,0.03759765625,1.3149324665039004,1.3149324665039004,1.0,0.03759765625
21,21000015,21000015,B,2,3,2854.2141598801545,2882.8070018760354,28.592841995880917,28.592841995880917,2882.8070018760354,2854.2141598801545,2882.8070018760354,28.592841995880917,B,True,True,0.03759765625,1.3149324665039004,1.3149324665039004,1.0,0.03759765625
21,21000015,21000015,B,3,4,2882.8070018760354,2911.3998438719163,28.592841995880917,28.592841995880917,2911.3998438719163,2882.8070018760354,2911.3998438719163,28.592841995880917,B,True,True,0.03759765625,1.3149324665039004,1.3149324665039004,1.0,0.03759765625
21,21000015,21000015,B,4,5,2911.3998438719163,2939.9926858677973,28.592841995880917,28.592841995880917,2939.9926858677973,2911.3998438719163,2939.9926858677973,28.592841995880917,B,True,True,0.03759765625,1.3149324665039004,1.3149324665039004,1.0,0.03759765625
21,21000015,21000015,B,5,6,2939.9926858677973,2968.585527863678,28.592841995880917,28.592841995880917,2968.585527863678,2939.9926858677973,2968.585527863678,28.592841995880917,B,True,True,0.03759765625,1.3149324665039004,1.3149324665039004,1.0,0.03759765625
21,21000015,21000015,B,6,7,2968.585527863678,2997.178369859559,28.592841995880917,28.592841995880917,2997.178369859559,2968.585527863678,2997.178369859559,28.592841995880917,B,True,True,0.03759765625,1.3149324665039004,1.3149324665039004,1.0,0.03759765625
21,21000015,21000015,B,7,8,2997.178369859559,3025.77121185544,28.592841995880917,28.592841995880917,3025.77121185544,2997.178369859559,3025.77121185544,28.592841995880917,B,True,True,0.03759765625,1.3149324665039004,1.3149324665039004,1.0,0.03759765625
21,21000015,21000016,B,8,1,3025.77121185544,3054.364053851321,28.592841995880917,28.592841995880917,3054.364053851321,3025.77121185544,3054.364053851321,28.592841995880917,gray,False,True,0.03759765625,1.3149324665039004,,,
21,21000016,21000016,B,1,2,3054.364053851321,3082.956895847202,28.592841995880917,28.592841995880917,3082.956895847202,3054.364053851321,3082.956895847202,28.592841995880917,B,True,True,0.03759765625,1.3149324665039004,1.3149324665039004,1.0,0.03759765625
21,21000016,21000016,B,2,3,3082.956895847202,3111.5497378430828,28.592841995880917,28.592841995880917,3111.5497378430828,3082.956895847202,3111.5497378430828,28.592841995880917,B,True,True,0.03759765625,1.3149324665039004,1.3149324665039004,1.0,0.03759765625
21,21000016,21000016,B,3,4,3111.5497378430828,3140.1425798389637,28.592841995880917,28.592841995880917,3140.1425798389637,3111.5497378430828,3140.1425798389637,28.592841995880917,B,True,True,0.03759765625,1.3149324665039004,1.3149324665039004,1.0,0.03759765625
21,21000016,21000016,B,4,5,3140.1425798389637,3168.7354218348446,28.592841995880917,28.592841995880917,3168.7354218348446,3140.1425798389637,3168.7354218348446,28.592841995880917,B,True,True,0.03759765625,1.3149324665039004,1.3149324665039004,1.0,0.03759765625
21,21000016,21000016,B,5,6,3168.7354218348446,3197.3282638307255,28.592841995880917,28.592841995880917,3197.3282638307255,3168.7354218348446,3197.3282638307255,28.592841995880917,B,True,True,0.03759765625,1.3149324665039004,1.3149324665039004,1.0,0.03759765625
21,21000016,21000016,B,6,7,3197.3282638307255,3225.9211058266064,28.592841995880917,28.592841995880917,3225.9211058266064,3197.3282638307255,3225.9211058266064,28.592841995880917,B,True,True,0.03759765625,1.3149324665039004,1.3149324665039004,1.0,0.03759765625
21,21000016,21000016,B,7,8,3225.9211058266064,3254.5139478224874,28.592841995880917,28.592841995880917,3254.5139478224874,3225.9211058266064,3254.5139478224874,28.592841995880917,B,True,True,0.03759765625,1.3149324665039004,1.3149324665039004,1.0,0.03759765625
21,21000016,21000017,B,8,1,3254.5139478224874,3283.1067898183683,28.592841995880917,28.592841995880917,3283.1067898183683,3254.5139478224874,3283.1067898183683,28.592841995880917,gray,False,True,0.03759765625,1.3149324665039004,,,
21,21000017,21000017,A,1,2,3283.1067898183683,3289.255301850617,6.148512032248618,6.024011548588987,3289.1308013669573,3283.1067898183683,3289.255301850617,6.024011548588987,A,True,True,0.171539306640625,28.475925926935663,27.899320313745907,0.9797511197820493,0.171539306640625
21,21000017,21000017,A,2,3,3289.255301850617,3307.659590278351,18.404288427734173,6.024011548588987,3295.279313399206,3289.255301850617,3307.659590278351,6.024011548588987,A,True,True,0.171539306640625,28.475925926935663,9.32061607892025,0.32731564560307363,0.171539306640625
21,21000017,21000017,A,3,4,3307.659590278351,3313.68360182694,6.024011548588987,6.024011548588987,3313.68360182694,3307.659590278351,3313.68360182694,6.024011548588987,A,True,True,0.171539306640625,28.475925926935663,28.475925926935663,1.0,0.171539306640625
21,21000017,21000017,A,4,5,3313.68360182694,3325.4555344922182,11.7719326652782,6.024011548588987,3319.707613375529,3313.68360182694,3325.4555344922182,6.024011548588987,A,True,True,0.171539306640625,28.475925926935663,14.571889894221638,0.5117266399558211,0.171539306640625
21,21000017,21000017,A,5,6,3325.4555344922182,3331.4795460408072,6.024011548588987,6.024011548588987,3331.4795460408072,3325.4555344922182,3331.4795460408072,6.024011548588987,A,True,True,0.171539306640625,28.475925926935663,28.475925926935663,1.0,0.171539306640625
21,21000017,21000017,A,6,7,3331.4795460408072,3337.9644082959294,6.484862255122152,6.024011548588987,3337.503557589396,3331.4795460408072,3337.9644082959294,6.024011548588987,A,True,True,0.171539306640625,28.475925926935663,26.4522668164821,0.9289343877475337,0.171539306640625
21,21000017,21000017,A,7,8,3337.9644082959294,3345.54258588382,7.578177587890423,6.024011548588987,3343.9884198445184,3337.9644082959294,3345.54258588382,6.024011548588987,A,True,True,0.171539306640625,28.475925926935663,22.63595761001126,0.794915595302897,0.171539306640625
21,21000017,21000018,A,8,1,3345.54258588382,3351.566597432409,6.024011548588987,6.024011548588987,3351.566597432409,3345.54258588382,3351.566597432409,6.024011548588987,gray,False,True,0.171539306640625,28.475925926935663,,,
21,21000018,21000018,A,1,2,3351.566597432409,3357.590608980998,6.024011548588987,6.024011548588987,3357.590608980998,3351.566597432409,3357.590608980998,6.024011548588987,A,True,True,0.171539306640625,28.475925926935663,28.475925926935663,1.0,0.171539306640625
21,21000018,21000018,A,2,3,3357.590608980998,3365.3653787549138,7.774769773915978,6.024011548588987,3363.614620529587,3357.590608980998,3365.3653787549138,6.024011548588987,A,True,True,0.171539306640625,28.475925926935663,22.06358665643478,0.7748154252488981,0.171539306640625
21,21000018,21000018,A,3,4,3365.3653787549138,3371.3893903035028,6.024011548588987,6.024011548588987,3371.3893903035028,3365.3653787549138,3371.3893903035028,6.024011548588987,A,True,True,0.171539306640625,28.475925926935663,28.475925926935663,1.0,0.171539306640625
21,21000018,21000018,A,4,5,3371.3893903035028,3377.4134018520917,6.024011548588987,6.024011548588987,3377.4134018520917,3371.3893903035028,3377.4134018520917,6.024011548588987,A,True,True,0.171539306640625,28.475925926935663,28.475925926935663,1.0,0.171539306640625
21,21000018,21000018,A,5,6,3377.4134018520917,3385.3727029736638,7.959301121572025,6.024011548588987,3383.4374134006807,3377.4134018520917,3385.3727029736638,6.024011548588987,A,True,True,0.171539306640625,28.475925926935663,21.552056395467122,0.7568518211055191,0.171539306640625
21,21000018,21000018,A,6,7,3385.3727029736638,3392.558958564484,7.18625559082011,6.024011548588987,3391.3967145222528,3385.3727029736638,3392.558958564484,6.024011548588987,A,True,True,0.171539306640625,28.475925926935663,23.870471133778388,0.8382684796633451,0.171539306640625
21,21000018,21000018,A,7,8,3392.558958564484,3410.251577070343,17.692618505859173,6.024011548588987,3398.582970113073,3392.558958564484,3410.251577070343,6.024011548588987,A,True,True,0.171539306640625,28.475925926935663,9.69552961218359,0.3404816277813285,0.171539306640625
21,21000018,21000019,A,8,1,3410.251577070343,3420.309989350617,10.058412280273842,6.024011548588987,3416.275588618932,3410.251577070343,3420.309989350617,6.024011548588987,gray,False,True,0.171539306640625,28.475925926935663,,,
21,21000019,21000019,A,1,2,3420.309989350617,3429.961173432648,9.65118408203125,6.024011548588987,3426.334000899206,3420.309989350617,3429.961173432648,6.024011548588987,A,True,True,0.171539306640625,28.475925926935663,17.77391304347826,0.6241733135941943,0.171539306640625
21,21000019,21000019,A,2,3,3429.961173432648,3451.9362999707337,21.975126538085533,6.024011548588987,3435.985184981237,3429.961173432648,3451.9362999707337,6.024011548588987,A,True,True,0.171539306640625,28.475925926935663,7.806066843043055,0.27412863985782526,0.171539306640625
21,21000019,21000019,A,3,4,3451.9362999707337,3469.3086313183903,17.372331347656655,6.024011548588987,3457.9603115193227,3451.9362999707337,3469.3086313183903,6.024011548588987,A,True,True,0.171539306640625,28.475925926935663,9.874282455691468,0.34675895986761524,0.171539306640625
21,21000019,21000019,A,4,5,3469.3086313183903,3489.361913374054,20.053282055663658,6.024011548588987,3475.3326428669793,3469.3086313183903,3489.361913374054,6.024011548588987,A,True,True,0.171539306640625,28.475925926935663,8.554176127601869,0.30040028020688125,0.171539306640625
21,21000019,21000019,A,5,6,3489.361913374054,3504.2373253613587,14.875411987304688,6.024011548588987,3495.385924922643,3489.361913374054,3504.2373253613587,6.024011548588987,A,True,True,0.171539306640625,28.475925926935663,11.531734837799718,0.40496435014573956,0.171539306640625
21,21000019,21000019,A,6,7,3504.2373253613587,3521.991307905304,17.753982543945312,6.024011548588987,3510.2613369099477,3504.2373253613587,3521.991307905304,6.024011548588987,A,True,True,0.171539306640625,28.475925926935663,9.662018435358071,0.3393048029465013,0.171539306640625
21,21000019,21000019,A,7,8,3521.991307905304,3546.719319990265,24.728012084960938,6.024011548588987,3528.015319453893,3521.991307905304,3546.719319990265,6.024011548588987,A,True,True,0.171539306640625,28.475925926935663,6.937043950449686,0.24361083001300643,0.171539306640625
21,21000019,21000020,A,8,1,3546.719319990265,3552.743331538854,6.024011548588987,6.024011548588987,3552.743331538854,3546.719319990265,3552.743331538854,6.024011548588987,gray,False,True,0.171539306640625,28.475925926935663,,,
21,21000020,21000020,B,1,2,3552.743331538854,3581.336173534735,28.592841995880917,28.592841995880917,3581.336173534735,3552.743331538854,3581.336173534735,28.592841995880917,B,True,True,0.03759765625,1.3149324665039004,1.3149324665039004,1.0,0.03759765625
21,21000020,21000020,B,2,3,3581.336173534735,3609.9290155306157,28.592841995880917,28.592841995880917,3609.9290155306157,3581.336173534735,3609.9290155306157,28.592841995880917,B,True,True,0.03759765625,1.3149324665039004,1.3149324665039004,1.0,0.03759765625
21,21000020,21000020,B,3,4,3609.9290155306157,3638.5218575264967,28.592841995880917,28.592841995880917,3638.5218575264967,3609.9290155306157,3638.5218575264967,28.592841995880917,B,True,True,0.03759765625,1.3149324665039004,1.3149324665039004,1.0,0.03759765625
21,21000020,21000020,B,4,5,3638.5218575264967,3667.1146995223776,28.592841995880917,28.592841995880917,3667.1146995223776,3638.5218575264967,3667.1146995223776,28.592841995880917,B,True,True,0.03759765625,1.3149324665039004,1.3149324665039004,1.0,0.03759765625
21,21000020,21000020,B,5,6,3667.1146995223776,3695.7075415182585,28.592841995880917,28.592841995880917,3695.7075415182585,3667.1146995223776,3695.7075415182585,28.592841995880917,B,True,True,0.03759765625,1.3149324665039004,1.3149324665039004,1.0,0.03759765625
21,21000020,21000020,B,6,7,3695.7075415182585,3724.3003835141394,28.592841995880917,28.592841995880917,3724.3003835141394,3695.7075415182585,3724.3003835141394,28.592841995880917,B,True,True,0.03759765625,1.3149324665039004,1.3149324665039004,1.0,0.03759765625
21,21000020,21000020,B,7,8,3724.3003835141394,3752.8932255100203,28.592841995880917,28.592841995880917,3752.8932255100203,3724.3003835141394,3752.8932255100203,28.592841995880917,B,True,True,0.03759765625,1.3149324665039004,1.3149324665039004,1.0,0.03759765625
21,21000020,21000021,B,8,1,3752.8932255100203,3781.4860675059012,28.592841995880917,28.592841995880917,3781.4860675059012,3752.8932255100203,3781.4860675059012,28.592841995880917,gray,False,True,0.03759765625,1.3149324665039004,,,
21,21000021,21000021,B,1,2,3781.4860675059012,3810.078909501782,28.592841995880917,28.592841995880917,3810.078909501782,3781.4860675059012,3810.078909501782,28.592841995880917,B,True,True,0.03759765625,1.3149324665039004,1.3149324665039004,1.0,0.03759765625
21,21000021,21000021,B,2,3,3810.078909501782,3838.671751497663,28.592841995880917,28.592841995880917,3838.671751497663,3810.078909501782,3838.671751497663,28.592841995880917,B,True,True,0.03759765625,1.3149324665039004,1.3149324665039004,1.0,0.03759765625
21,21000021,21000021,B,3,4,3838.671751497663,3867.264593493544,28.592841995880917,28.592841995880917,3867.264593493544,3838.671751497663,3867.264593493544,28.592841995880917,B,True,True,0.03759765625,1.3149324665039004,1.3149324665039004,1.0,0.03759765625
21,21000021,21000021,B,4,5,3867.264593493544,3895.857435489425,28.592841995880917,28.592841995880917,3895.857435489425,3867.264593493544,3895.857435489425,28.592841995880917,B,True,True,0.03759765625,1.3149324665039004,1.3149324665039004,1.0,0.03759765625
21,21000021,21000021,B,5,6,3895.857435489425,3924.450277485306,28.592841995880917,28.592841995880917,3924.450277485306,3895.857435489425,3924.450277485306,28.592841995880917,B,True,True,0.03759765625,1.3149324665039004,1.3149324665039004,1.0,0.03759765625
21,21000021,21000021,B,6,7,3924.450277485306,3953.0431194811867,28.592841995880917,28.592841995880917,3953.0431194811867,3924.450277485306,3953.0431194811867,28.592841995880917,B,True,True,0.03759765625,1.3149324665039004,1.3149324665039004,1.0,0.03759765625
21,21000021,21000021,B,7,8,3953.0431194811867,3981.6359614770677,28.592841995880917,28.592841995880917,3981.6359614770677,3953.0431194811867,3981.6359614770677,28.592841995880917,B,True,True,0.03759765625,1.3149324665039004,1.3149324665039004,1.0,0.03759765625
21,21000021,21000022,B,8,1,3981.6359614770677,4010.2288034729486,28.592841995880917,28.592841995880917,4010.2288034729486,3981.6359614770677,4000.0,18.364038522932333,gray,False,False,0.03759765625,1.3149324665039004,,,
22,22000010,22000010,B,2,3,1972.3429669795132,2000.935808975394,28.59284199588069,28.59284199588069,2000.935808975394,2000.0,2000.935808975394,0.9358089753939112,gray,True,False,0.03759765625,1.3149324665039108,,,
22,22000010,22000010,B,3,4,2000.935808975394,2029.5286509712746,28.59284199588069,28.59284199588069,2029.5286509712746,2000.935808975394,2029.5286509712746,28.59284199588069,B,True,True,0.03759765625,1.3149324665039108,1.3149324665039108,1.0,0.03759765625
22,22000010,22000010,B,4,5,2029.5286509712746,2058.1214929671555,28.592841995880917,28.592841995880917,2058.1214929671555,2029.5286509712746,2058.1214929671555,28.592841995880917,B,True,True,0.03759765625,1.3149324665039004,1.3149324665039004,1.0,0.03759765625
22,22000010,22000010,B,5,6,2058.1214929671555,2086.7143349630364,28.592841995880917,28.592841995880917,2086.7143349630364,2058.1214929671555,2086.7143349630364,28.592841995880917,B,True,True,0.03759765625,1.3149324665039004,1.3149324665039004,1.0,0.03759765625
22,22000010,22000010,B,6,7,2086.7143349630364,2115.3071769589174,28.592841995880917,28.592841995880917,2115.3071769589174,2086.7143349630364,2115.3071769589174,28.592841995880917,B,True,True,0.03759765625,1.3149324665039004,1.3149324665039004,1.0,0.03759765625
22,22000010,22000010,B,7,8,2115.3071769589174,2143.9000189547983,28.592841995880917,28.592841995880917,2143.9000189547983,2115.3071769589174,2143.9000189547983,28.592841995880917,B,True,True,0.03759765625,1.3149324665039004,1.3149324665039004,1.0,0.03759765625
22,22000010,22000011,B,8,1,2143.9000189547983,2172.492860950679,28.592841995880917,28.592841995880917,2172.492860950679,2143.9000189547983,2172.492860950679,28.592841995880917,gray,False,True,0.03759765625,1.3149324665039004,,,
22,22000011,22000011,A,1,2,2172.492860950679,2184.6831294262543,12.190268475575067,6.024011548588987,2178.516872499268,2172.492860950679,2184.6831294262543,6.024011548588987,A,True,True,0.171539306640625,28.475925926935663,14.071823519254588,0.49416561748897897,0.171539306640625
22,22000011,22000011,A,2,3,2184.6831294262543,2202.982613679184,18.299484252929688,6.024011548588987,2190.7071409748432,2184.6831294262543,2202.982613679184,6.024011548588987,A,True,True,0.171539306640625,28.475925926935663,9.373996789727126,0.3291902364748101,0.171539306640625
22,22000011,22000011,A,3,4,2202.982613679184,2213.414284821762,10.431671142578125,6.024011548588987,2209.006625227773,2202.982613679184,2213.414284821762,6.024011548588987,A,True,True,0.171539306640625,28.475925926935663,16.44408688656476,0.577473298980952,0.171539306640625
22,22000011,22000011,A,4,5,2213.414284821762,2224.9327632153168,11.518478393554688,6.024011548588987,2219.438296370351,2213.414284821762,2224.9327632153168,6.024011548588987,A,True,True,0.171539306640625,28.475925926935663,14.892531876138433,0.522986747273824,0.171539306640625
22,22000011,22000011,A,5,6,2224.9327632153168,2235.641481379379,10.708718164062248,6.024011548588987,2230.9567747639057,2224.9327632153168,2235.641481379379,6.024011548588987,A,True,True,0.171539306640625,28.475925926935663,16.01865919081703,0.5625333916065858,0.171539306640625
22,22000011,22000011,A,6,7,2235.641481379379,2241.665492927968,6.024011548588987,6.024011548588987,2241.665492927968,2235.641481379379,2241.665492927968,6.024011548588987,A,True,True,0.171539306640625,28.475925926935663,28.475925926935663,1.0,0.171539306640625
22,22000011,22000011,A,7,8,2241.665492927968,2250.902940729965,9.23744780199695,6.024011548588987,2247.689504476557,2241.665492927968,2250.902940729965,6.024011548588987,A,True,True,0.171539306640625,28.475925926935663,18.569989278157724,0.6521294277069384,0.171539306640625
22,22000011,22000012,A,8,1,2250.902940729965,2256.926952278554,6.024011548588987,6.024011548588987,2256.926952278554,2250.902940729965,2256.926952278554,6.024011548588987,gray,False,True,0.171539306640625,28.475925926935663,,,
22,22000012,22000012,B,1,2,2256.926952278554,2285.519794274435,28.592841995880917,28.592841995880917,2285.519794274435,2256.926952278554,2285.519794274435,28.592841995880917,B,True,True,0.03759765625,1.3149324665039004,1.3149324665039004,1.0,0.03759765625
22,22000012,22000012,B,2,3,2285.519794274435,2314.1126362703158,28.592841995880917,28.592841995880917,2314.1126362703158,2285.519794274435,2314.1126362703158,28.592841995880917,B,True,True,0.03759765625,1.3149324665039004,1.3149324665039004,1.0,0.03759765625
22,22000012,22000012,B,3,4,2314.1126362703158,2342.7054782661967,28.592841995880917,28.592841995880917,2342.7054782661967,2314.1126362703158,2342.7054782661967,28.592841995880917,B,True,True,0.03759765625,1.3149324665039004,1.3149324665039004,1.0,0.03759765625
22,22000012,22000012,B,4,5,2342.7054782661967,2371.2983202620776,28.592841995880917,28.592841995880917,2371.2983202620776,2342.7054782661967,2371.2983202620776,28.592841995880917,B,True,True,0.03759765625,1.3149324665039004,1.3149324665039004,1.0,0.03759765625
22,22000012,22000012,B,5,6,2371.2983202620776,2399.8911622579585,28.592841995880917,28.592841995880917,2399.8911622579585,2371.2983202620776,2399.8911622579585,28.592841995880917,B,True,True,0.03759765625,1.3149324665039004,1.3149324665039004,1.0,0.03759765625
22,22000012,22000012,B,6,7,2399.8911622579585,2428.4840042538394,28.592841995880917,28.592841995880917,2428.4840042538394,2399.8911622579585,2428.4840042538394,28.592841995880917,B,True,True,0.03759765625,1.3149324665039004,1.3149324665039004,1.0,0.03759765625
22,22000012,22000012,B,7,8,2428.4840042538394,2457.0768462497203,28.592841995880917,28.592841995880917,2457.0768462497203,2428.4840042538394,2457.0768462497203,28.592841995880917,B,True,True,0.03759765625,1.3149324665039004,1.3149324665039004,1.0,0.03759765625
22,22000012,22000013,B,8,1,2457.0768462497203,2485.6696882456013,28.592841995880917,28.592841995880917,2485.6696882456013,2457.0768462497203,2485.6696882456013,28.592841995880917,gray,False,True,0.03759765625,1.3149324665039004,,,
22,22000013,22000013,B,1,2,2485.6696882456013,2514.262530241482,28.592841995880917,28.592841995880917,2514.262530241482,2485.6696882456013,2514.262530241482,28.592841995880917,B,True,True,0.03759765625,1.3149324665039004,1.3149324665039004,1.0,0.03759765625
22,22000013,22000013,B,2,3,2514.262530241482,2542.855372237363,28.592841995880917,28.592841995880917,2542.855372237363,2514.262530241482,2542.855372237363,28.592841995880917,B,True,True,0.03759765625,1.3149324665039004,1.3149324665039004,1.0,0.03759765625
22,22000013,22000013,B,3,4,2542.855372237363,2571.448214233244,28.592841995880917,28.592841995880917,2571.448214233244,2542.855372237363,2571.448214233244,28.592841995880917,B,True,True,0.03759765625,1.3149324665039004,1.3149324665039004,1.0,0.03759765625
22,22000013,22000013,B,4,5,2571.448214233244,2600.041056229125,28.592841995880917,28.592841995880917,2600.041056229125,2571.448214233244,2600.041056229125,28.592841995880917,B,True,True,0.03759765625,1.3149324665039004,1.3149324665039004,1.0,0.03759765625
22,22000013,22000013,B,5,6,2600.041056229125,2628.633898225006,28.592841995880917,28.592841995880917,2628.633898225006,2600.041056229125,2628.633898225006,28.592841995880917,B,True,True,0.03759765625,1.3149324665039004,1.3149324665039004,1.0,0.03759765625
22,22000013,22000013,B,6,7,2628.633898225006,2657.2267402208868,28.592841995880917,28.592841995880917,2657.2267402208868,2628.633898225006,2657.2267402208868,28.592841995880917,B,True,True,0.03759765625,1.3149324665039004,1.3149324665039004,1.0,0.03759765625
22,22000013,22000013,B,7,8,2657.2267402208868,2685.8195822167677,28.592841995880917,28.592841995880917,2685.8195822167677,2657.2267402208868,2685.8195822167677,28.592841995880917,B,True,True,0.03759765625,1.3149324665039004,1.3149324665039004,1.0,0.03759765625
22,22000013,22000014,B,8,1,2685.8195822167677,2714.4124242126486,28.592841995880917,28.592841995880917,2714.4124242126486,2685.8195822167677,2714.4124242126486,28.592841995880917,gray,False,True,0.03759765625,1.3149324665039004,,,
22,22000014,22000014,B,1,2,2714.4124242126486,2743.0052662085295,28.592841995880917,28.592841995880917,2743.0052662085295,2714.4124242126486,2743.0052662085295,28.592841995880917,B,True,True,0.03759765625,1.3149324665039004,1.3149324665039004,1.0,0.03759765625
22,22000014,22000014,B,2,3,2743.0052662085295,2771.5981082044104,28.592841995880917,28.592841995880917,2771.5981082044104,2743.0052662085295,2771.5981082044104,28.592841995880917,B,True,True,0.03759765625,1.3149324665039004,1.3149324665039004,1.0,0.03759765625
22,22000014,22000014,B,3,4,2771.5981082044104,2800.1909502002914,28.592841995880917,28.592841995880917,2800.1909502002914,2771.5981082044104,2800.1909502002914,28.592841995880917,B,True,True,0.03759765625,1.3149324665039004,1.3149324665039004,1.0,0.03759765625
22,22000014,22000014,B,4,5,2800.1909502002914,2828.7837921961723,28.592841995880917,28.592841995880917,2828.7837921961723,2800.1909502002914,2828.7837921961723,28.592841995880917,B,True,True,0.03759765625,1.3149324665039004,1.3149324665039004,1.0,0.03759765625
22,22000014,22000014,B,5,6,2828.7837921961723,2857.376634192053,28.592841995880917,28.592841995880917,2857.376634192053,2828.7837921961723,2857.376634192053,28.592841995880917,B,True,True,0.03759765625,1.3149324665039004,1.3149324665039004,1.0,0.03759765625
22,22000014,22000014,B,6,7,2857.376634192053,2885.969476187934,28.592841995880917,28.592841995880917,2885.969476187934,2857.376634192053,2885.969476187934,28.592841995880917,B,True,True,0.03759765625,1.3149324665039004,1.3149324665039004,1.0,0.03759765625
22,22000014,22000014,B,7,8,2885.969476187934,2914.562318183815,28.592841995880917,28.592841995880917,2914.562318183815,2885.969476187934,2914.562318183815,28.592841995880917,B,True,True,0.03759765625,1.3149324665039004,1.3149324665039004,1.0,0.03759765625
22,22000014,22000015,B,8,1,2914.562318183815,2943.155160179696,28.592841995880917,28.592841995880917,2943.155160179696,2914.562318183815,2943.155160179696,28.592841995880917,gray,False,True,0.03759765625,1.3149324665039004,,,
22,22000015,22000015,B,1,2,2943.155160179696,2971.748002175577,28.592841995880917,28.592841995880917,2971.748002175577,2943.155160179696,2971.748002175577,28.592841995880917,B,True,True,0.03759765625,1.3149324665039004,1.3149324665039004,1.0,0.03759765625
22,22000015,22000015,B,2,3,2971.748002175577,3000.340844171458,28.592841995880917,28.592841995880917,3000.340844171458,2971.748002175577,3000.340844171458,28.592841995880917,B,True,True,0.03759765625,1.3149324665039004,1.3149324665039004,1.0,0.03759765625
22,22000015,22000015,B,3,4,3000.340844171458,3028.9336861673387,28.592841995880917,28.592841995880917,3028.9336861673387,3000.340844171458,3028.9336861673387,28.592841995880917,B,True,True,0.03759765625,1.3149324665039004,1.3149324665039004,1.0,0.03759765625
22,22000015,22000015,B,4,5,3028.9336861673387,3057.5265281632196,28.592841995880917,28.592841995880917,3057.5265281632196,3028.9336861673387,3057.5265281632196,28.592841995880917,B,True,True,0.03759765625,1.3149324665039004,1.3149324665039004,1.0,0.03759765625
22,22000015,22000015,B,5,6,3057.5265281632196,3086.1193701591005,28.592841995880917,28.592841995880917,3086.1193701591005,3057.5265281632196,3086.1193701591005,28.592841995880917,B,True,True,0.03759765625,1.3149324665039004,1.3149324665039004,1.0,0.03759765625
22,22000015,22000015,B,6,7,3086.1193701591005,3114.7122121549814,28.592841995880917,28.592841995880917,3114.7122121549814,3086.1193701591005,3114.7122121549814,28.592841995880917,B,True,True,0.03759765625,1.3149324665039004,1.3149324665039004,1.0,0.03759765625
22,22000015,22000015,B,7,8,3114.7122121549814,3143.3050541508624,28.592841995880917,28.592841995880917,3143.3050541508624,3114.7122121549814,3143.3050541508624,28.592841995880917,B,True,True,0.03759765625,1.3149324665039004,1.3149324665039004,1.0,0.03759765625
22,22000015,22000016,B,8,1,3143.3050541508624,3171.8978961467433,28.592841995880917,28.592841995880917,3171.8978961467433,3143.3050541508624,3171.8978961467433,28.592841995880917,gray,False,True,0.03759765625,1.3149324665039004,,,
22,22000016,22000016,B,1,2,3171.8978961467433,3200.490738142624,28.592841995880917,28.592841995880917,3200.490738142624,3171.8978961467433,3200.490738142624,28.592841995880917,B,True,True,0.03759765625,1.3149324665039004,1.3149324665039004,1.0,0.03759765625
22,22000016,22000016,B,2,3,3200.490738142624,3229.083580138505,28.592841995880917,28.592841995880917,3229.083580138505,3200.490738142624,3229.083580138505,28.592841995880917,B,True,True,0.03759765625,1.3149324665039004,1.3149324665039004,1.0,0.03759765625
22,22000016,22000016,B,3,4,3229.083580138505,3257.676422134386,28.592841995880917,28.592841995880917,3257.676422134386,3229.083580138505,3257.676422134386,28.592841995880917,B,True,True,0.03759765625,1.3149324665039004,1.3149324665039004,1.0,0.03759765625
22,22000016,22000016,B,4,5,3257.676422134386,3286.269264130267,28.592841995880917,28.592841995880917,3286.269264130267,3257.676422134386,3286.269264130267,28.592841995880917,B,True,True,0.03759765625,1.3149324665039004,1.3149324665039004,1.0,0.03759765625
22,22000016,22000016,B,5,6,3286.269264130267,3314.862106126148,28.592841995880917,28.592841995880917,3314.862106126148,3286.269264130267,3314.862106126148,28.592841995880917,B,True,True,0.03759765625,1.3149324665039004,1.3149324665039004,1.0,0.03759765625
22,22000016,22000016,B,6,7,3314.862106126148,3343.454948122029,28.592841995880917,28.592841995880917,3343.454948122029,3314.862106126148,3343.454948122029,28.592841995880917,B,True,True,0.03759765625,1.3149324665039004,1.3149324665039004,1.0,0.03759765625
22,22000016,22000016,B,7,8,3343.454948122029,3372.0477901179097,28.592841995880917,28.592841995880917,3372.0477901179097,3343.454948122029,3372.0477901179097,28.592841995880917,B,True,True,0.03759765625,1.3149324665039004,1.3149324665039004,1.0,0.03759765625
22,22000016,22000017,B,8,1,3372.0477901179097,3400.6406321137906,28.592841995880917,28.592841995880917,3400.6406321137906,3372.0477901179097,3400.6406321137906,28.592841995880917,gray,False,True,0.03759765625,1.3149324665039004,,,
22,22000017,22000017,A,1,2,3400.6406321137906,3406.6646436623796,6.024011548588987,6.024011548588987,3406.6646436623796,3400.6406321137906,3406.6646436623796,6.024011548588987,A,True,True,0.171539306640625,28.475925926935663,28.475925926935663,1.0,0.171539306640625
22,22000017,22000017,A,2,3,3406.6646436623796,3416.5460275586247,9.881383896245097,6.024011548588987,3412.6886552109686,3406.6646436623796,3416.5460275586247,6.024011548588987,A,True,True,0.171539306640625,28.475925926935663,17.3598463982165,0.6096323765822009,0.171539306640625
22,22000017,22000017,A,3,4,3416.5460275586247,3434.4299912793276,17.883963720702923,6.024011548588987,3422.5700391072137,3416.5460275586247,3434.4299912793276,6.024011548588987,A,True,True,0.171539306640625,28.475925926935663,9.59179459987647,0.33683872561290434,0.171539306640625
22,22000017,22000017,A,4,5,3434.4299912793276,3454.722554853546,20.292563574218548,6.024011548588987,3440.4540028279166,3434.4299912793276,3454.722554853546,6.024011548588987,A,True,True,0.171539306640625,28.475925926935663,8.453308819914877,0.29685808432022953,0.171539306640625
22,22000017,22000017,A,5,6,3454.722554853546,3477.3946451123356,22.672090258789467,6.024011548588987,3460.746566402135,3454.722554853546,3477.3946451123356,6.024011548588987,A,True,True,0.171539306640625,28.475925926935663,7.566100199963831,0.26570163932077734,0.171539306640625
22,22000017,22000017,A,6,7,3477.3946451123356,3499.2356943066716,21.841049194335938,6.024011548588987,3483.4186566609246,3477.3946451123356,3499.2356943066716,6.024011548588987,A,True,True,0.171539306640625,28.475925926935663,7.853986551392891,0.27581145461414924,0.171539306640625
22,22000017,22000017,A,7,8,3499.2356943066716,3526.1791825635073,26.943488256835735,6.024011548588987,3505.2597058552606,3499.2356943066716,3526.1791825635073,6.024011548588987,A,True,True,0.171539306640625,28.475925926935663,6.3666331918661045,0.2235794968775306,0.171539306640625
22,22000017,22000018,A,8,1,3526.1791825635073,3532.2031941120963,6.024011548588987,6.024011548588987,3532.2031941120963,3526.1791825635073,3532.2031941120963,6.024011548588987,gray,False,True,0.171539306640625,28.475925926935663,,,
22,22000018,22000018,B,1,2,3532.2031941120963,3560.796036107977,28.592841995880917,28.592841995880917,3560.796036107977,3532.2031941120963,3560.796036107977,28.592841995880917,B,True,True,0.03759765625,1.3149324665039004,1.3149324665039004,1.0,0.03759765625
22,22000018,22000018,B,2,3,3560.796036107977,3589.388878103858,28.592841995880917,28.592841995880917,3589.388878103858,3560.796036107977,3589.388878103858,28.592841995880917,B,True,True,0.03759765625,1.3149324665039004,1.3149324665039004,1.0,0.03759765625
22,22000018,22000018,B,3,4,3589.388878103858,3617.981720099739,28.592841995880917,28.592841995880917,3617.981720099739,3589.388878103858,3617.981720099739,28.592841995880917,B,True,True,0.03759765625,1.3149324665039004,1.3149324665039004,1.0,0.03759765625
22,22000018,22000018,B,4,5,3617.981720099739,3646.57456209562,28.592841995880917,28.592841995880917,3646.57456209562,3617.981720099739,3646.57456209562,28.592841995880917,B,True,True,0.03759765625,1.3149324665039004,1.3149324665039004,1.0,0.03759765625
22,22000018,22000018,B,5,6,3646.57456209562,3675.167404091501,28.592841995880917,28.592841995880917,3675.167404091501,3646.57456209562,3675.167404091501,28.592841995880917,B,True,True,0.03759765625,1.3149324665039004,1.3149324665039004,1.0,0.03759765625
22,22000018,22000018,B,6,7,3675.167404091501,3703.760246087382,28.592841995880917,28.592841995880917,3703.760246087382,3675.167404091501,3703.760246087382,28.592841995880917,B,True,True,0.03759765625,1.3149324665039004,1.3149324665039004,1.0,0.03759765625
22,22000018,22000018,B,7,8,3703.760246087382,3732.3530880832627,28.592841995880917,28.592841995880917,3732.3530880832627,3703.760246087382,3732.3530880832627,28.592841995880917,B,True,True,0.03759765625,1.3149324665039004,1.3149324665039004,1.0,0.03759765625
22,22000018,22000019,B,8,1,3732.3530880832627,3760.9459300791436,28.592841995880917,28.592841995880917,3760.9459300791436,3732.3530880832627,3760.9459300791436,28.592841995880917,gray,False,True,0.03759765625,1.3149324665039004,,,
22,22000019,22000019,A,1,2,3760.9459300791436,3777.64707807132,16.701147992176175,6.024011548588987,3766.9699416277326,3760.9459300791436,3777.64707807132,6.024011548588987,A,True,True,0.171539306640625,28.475925926935663,10.271108711867253,0.3606944595312249,0.171539306640625
22,22000019,22000019,A,2,3,3777.64707807132,3793.563139472687,15.916061401367188,6.024011548588987,3783.671089619909,3777.64707807132,3793.563139472687,6.024011548588987,A,True,True,0.171539306640625,28.475925926935663,10.777748484049566,0.37848632250636616,0.171539306640625
22,22000019,22000019,A,3,4,3793.563139472687,3810.2219224316714,16.658782958984375,6.024011548588987,3799.587151021276,3793.563139472687,3810.2219224316714,6.024011548588987,A,True,True,0.171539306640625,28.475925926935663,10.297229219143578,0.3616117433921025,0.171539306640625
22,22000019,22000019,A,4,5,3810.2219224316714,3823.6749338086247,13.453011376953327,6.024011548588987,3816.2459339802604,3810.2219224316714,3823.6749338086247,6.024011548588987,A,True,True,0.171539306640625,28.475925926935663,12.750996920622029,0.4477816438116498,0.171539306640625
22,22000019,22000019,A,5,6,3823.6749338086247,3829.6989453572137,6.024011548588987,6.024011548588987,3829.6989453572137,3823.6749338086247,3829.6989453572137,6.024011548588987,A,True,True,0.171539306640625,28.475925926935663,28.475925926935663,1.0,0.171539306640625
22,22000019,22000019,A,6,7,3829.6989453572137,3839.758741889679,10.059796532465498,6.024011548588987,3835.7229569058027,3829.6989453572137,3839.758741889679,6.024011548588987,A,True,True,0.171539306640625,28.475925926935663,17.051965821279232,0.5988204164118016,0.171539306640625
22,22000019,22000019,A,7,8,3839.758741889679,3852.129042182648,12.37030029296875,6.024011548588987,3845.782753438268,3839.758741889679,3852.129042182648,6.024011548588987,A,True,True,0.171539306640625,28.475925926935663,13.867028493894166,0.48697375212572824,0.171539306640625
22,22000019,22000020,A,8,1,3852.129042182648,3865.1874138623352,13.058371679687298,6.024011548588987,3858.153053731237,3852.129042182648,3865.1874138623352,6.024011548588987,gray,False,True,0.171539306640625,28.475925926935663,,,
22,22000020,22000020,B,1,2,3865.1874138623352,3893.780255858216,28.592841995880917,28.592841995880917,3893.780255858216,3865.1874138623352,3893.780255858216,28.592841995880917,B,True,True,0.03759765625,1.3149324665039004,1.3149324665039004,1.0,0.03759765625
22,22000020,22000020,B,2,3,3893.780255858216,3922.373097854097,28.592841995880917,28.592841995880917,3922.373097854097,3893.780255858216,3922.373097854097,28.592841995880917,B,True,True,0.03759765625,1.3149324665039004,1.3149324665039004,1.0,0.03759765625
22,22000020,22000020,B,3,4,3922.373097854097,3950.965939849978,28.592841995880917,28.592841995880917,3950.965939849978,3922.373097854097,3950.965939849978,28.592841995880917,B,True,True,0.03759765625,1.3149324665039004,1.3149324665039004,1.0,0.03759765625
22,22000020,22000020,B,4,5,3950.965939849978,3979.558781845859,28.592841995880917,28.592841995880917,3979.558781845859,3950.965939849978,3979.558781845859,28.592841995880917,B,True,True,0.03759765625,1.3149324665039004,1.3149324665039004,1.0,0.03759765625
22,22000020,22000020,B,5,6,3979.558781845859,4008.15162384174,28.592841995880917,28.592841995880917,4008.15162384174,3979.558781845859,4000.0,20.441218154141097,gray,True,False,0.03759765625,1.3149324665039004,,,
23,23000010,23000010,B,3,4,1979.826273726619,2008.4191157224998,28.59284199588069,28.59284199588069,2008.4191157224998,2000.0,2008.4191157224998,8.419115722499782,gray,True,False,0.03759765625,1.3149324665039108,,,
23,23000010,23000010,B,4,5,2008.4191157224998,2037.0119577183805,28.59284199588069,28.59284199588069,2037.0119577183805,2008.4191157224998,2037.0119577183805,28.59284199588069,B,True,True,0.03759765625,1.3149324665039108,1.3149324665039108,1.0,0.03759765625
23,23000010,23000010,B,5,6,2037.0119577183805,2065.6047997142614,28.592841995880917,28.592841995880917,2065.6047997142614,2037.0119577183805,2065.6047997142614,28.592841995880917,B,True,True,0.03759765625,1.3149324665039004,1.3149324665039004,1.0,0.03759765625
23,23000010,23000010,B,6,7,2065.6047997142614,2094.1976417101423,28.592841995880917,28.592841995880917,2094.1976417101423,2065.6047997142614,2094.1976417101423,28.592841995880917,B,True,True,0.03759765625,1.3149324665039004,1.3149324665039004,1.0,0.03759765625
23,23000010,23000010,B,7,8,2094.1976417101423,2122.790483706023,28.592841995880917,28.592841995880917,2122.790483706023,2094.1976417101423,2122.790483706023,28.592841995880917,B,True,True,0.03759765625,1.3149324665039004,1.3149324665039004,1.0,0.03759765625
23,23000010,23000011,B,8,1,2122.790483706023,2151.383325701904,28.592841995880917,28.592841995880917,2151.383325701904,2122.790483706023,2151.383325701904,28.592841995880917,gray,False,True,0.03759765625,1.3149324665039004,,,
23,23000011,23000011,B,1,2,2151.383325701904,2179.976167697785,28.592841995880917,28.592841995880917,2179.976167697785,2151.383325701904,2179.976167697785,28.592841995880917,B,True,True,0.03759765625,1.3149324665039004,1.3149324665039004,1.0,0.03759765625
23,23000011,23000011,B,2,3,2179.976167697785,2208.569009693666,28.592841995880917,28.592841995880917,2208.569009693666,2179.976167697785,2208.569009693666,28.592841995880917,B,True,True,0.03759765625,1.3149324665039004,1.3149324665039004,1.0,0.03759765625
23,23000011,23000011,B,3,4,2208.569009693666,2237.161851689547,28.592841995880917,28.592841995880917,2237.161851689547,2208.569009693666,2237.161851689547,28.592841995880917,B,True,True,0.03759765625,1.3149324665039004,1.3149324665039004,1.0,0.03759765625
23,23000011,23000011,B,4,5,2237.161851689547,2265.754693685428,28.592841995880917,28.592841995880917,2265.754693685428,2237.161851689547,2265.754693685428,28.592841995880917,B,True,True,0.03759765625,1.3149324665039004,1.3149324665039004,1.0,0.03759765625
23,23000011,23000011,B,5,6,2265.754693685428,2294.3475356813087,28.592841995880917,28.592841995880917,2294.3475356813087,2265.754693685428,2294.3475356813087,28.592841995880917,B,True,True,0.03759765625,1.3149324665039004,1.3149324665039004,1.0,0.03759765625
23,23000011,23000011,B,6,7,2294.3475356813087,2322.9403776771896,28.592841995880917,28.592841995880917,2322.9403776771896,2294.3475356813087,2322.9403776771896,28.592841995880917,B,True,True,0.03759765625,1.3149324665039004,1.3149324665039004,1.0,0.03759765625
23,23000011,23000011,B,7,8,2322.9403776771896,2351.5332196730706,28.592841995880917,28.592841995880917,2351.5332196730706,2322.9403776771896,2351.5332196730706,28.592841995880917,B,True,True,0.03759765625,1.3149324665039004,1.3149324665039004,1.0,0.03759765625
23,23000011,23000012,B,8,1,2351.5332196730706,2380.1260616689515,28.592841995880917,28.592841995880917,2380.1260616689515,2351.5332196730706,2380.1260616689515,28.592841995880917,gray,False,True,0.03759765625,1.3149324665039004,,,
23,23000012,23000012,B,1,2,2380.1260616689515,2408.7189036648324,28.592841995880917,28.592841995880917,2408.7189036648324,2380.1260616689515,2408.7189036648324,28.592841995880917,B,True,True,0.03759765625,1.3149324665039004,1.3149324665039004,1.0,0.03759765625
23,23000012,23000012,B,2,3,2408.7189036648324,2437.3117456607133,28.592841995880917,28.592841995880917,2437.3117456607133,2408.7189036648324,2437.3117456607133,28.592841995880917,B,True,True,0.03759765625,1.3149324665039004,1.3149324665039004,1.0,0.03759765625
23,23000012,23000012,B,3,4,2437.3117456607133,2465.9045876565942,28.592841995880917,28.592841995880917,2465.9045876565942,2437.3117456607133,2465.9045876565942,28.592841995880917,B,True,True,0.03759765625,1.3149324665039004,1.3149324665039004,1.0,0.03759765625
23,23000012,23000012,B,4,5,2465.9045876565942,2494.497429652475,28.592841995880917,28.592841995880917,2494.497429652475,2465.9045876565942,2494.497429652475,28.592841995880917,B,True,True,0.03759765625,1.3149324665039004,1.3149324665039004,1.0,0.03759765625
23,23000012,23000012,B,5,6,2494.497429652475,2523.090271648356,28.592841995880917,28.592841995880917,2523.090271648356,2494.497429652475,2523.090271648356,28.592841995880917,B,True,True,0.03759765625,1.3149324665039004,1.3149324665039004,1.0,0.03759765625
23,23000012,23000012,B,6,7,2523.090271648356,2551.683113644237,28.592841995880917,28.592841995880917,2551.683113644237,2523.090271648356,2551.683113644237,28.592841995880917,B,True,True,0.03759765625,1.3149324665039004,1.3149324665039004,1.0,0.03759765625
23,23000012,23000012,B,7,8,2551.683113644237,2580.275955640118,28.592841995880917,28.592841995880917,2580.275955640118,2551.683113644237,2580.275955640118,28.592841995880917,B,True,True,0.03759765625,1.3149324665039004,1.3149324665039004,1.0,0.03759765625
23,23000012,23000013,B,8,1,2580.275955640118,2608.868797635999,28.592841995880917,28.592841995880917,2608.868797635999,2580.275955640118,2608.868797635999,28.592841995880917,gray,False,True,0.03759765625,1.3149324665039004,,,
23,23000013,23000013,A,1,2,2608.868797635999,2629.8155775278283,20.946779891829465,6.024011548588987,2614.892809184588,2608.868797635999,2629.8155775278283,6.024011548588987,A,True,True,0.171539306640625,28.475925926935663,8.189292460534036,0.2875865206822898,0.171539306640625
23,23000013,23000013,A,2,3,2629.8155775278283,2642.815302869625,12.999725341796875,6.024011548588987,2635.8395890764173,2629.8155775278283,2642.815302869625,6.024011548588987,A,True,True,0.171539306640625,28.475925926935663,13.195610071013558,0.463395294146755,0.171539306640625
23,23000013,23000013,A,3,4,2642.815302869625,2649.3277540415,6.512451171875,6.024011548588987,2648.839314418214,2642.815302869625,2649.3277540415,6.024011548588987,A,True,True,0.171539306640625,28.475925926935663,26.34020618556701,0.9249991116408807,0.171539306640625
23,23000013,23000013,A,4,5,2649.3277540415,2662.1345557016566,12.806801660156452,6.024011548588987,2655.351765590089,2649.3277540415,2662.1345557016566,6.024011548588987,A,True,True,0.171539306640625,28.475925926935663,13.39439082392484,0.4703759540003211,0.171539306640625
23,23000013,23000013,A,5,6,2662.1345557016566,2673.4306372446254,11.29608154296875,6.024011548588987,2668.1585672502456,2662.1345557016566,2673.4306372446254,6.024011548588987,A,True,True,0.171539306640625,28.475925926935663,15.185735512630014,0.5332832917038064,0.171539306640625
23,23000013,23000013,A,6,7,2673.4306372446254,2686.7995252817345,13.368888037109173,6.024011548588987,2679.4546487932143,2673.4306372446254,2686.7995252817345,6.024011548588987,A,True,True,0.171539306640625,28.475925926935663,12.83123219855448,0.45059929680521077,0.171539306640625
23,23000013,23000013,A,7,8,2686.7995252817345,2694.176286854,7.376761572265423,6.024011548588987,2692.8235368303235,2686.7995252817345,2694.176286854,6.024011548588987,A,True,True,0.171539306640625,28.475925926935663,23.254012612467402,0.816620069603117,0.171539306640625
23,23000013,23000014,A,8,1,2694.176286854,2700.200298402589,6.024011548588987,6.024011548588987,2700.200298402589,2694.176286854,2700.200298402589,6.024011548588987,gray,False,True,0.171539306640625,28.475925926935663,,,
23,23000014,23000014,B,1,2,2700.200298402589,2728.79314039847,28.592841995880917,28.592841995880917,2728.79314039847,2700.200298402589,2728.79314039847,28.592841995880917,B,True,True,0.03759765625,1.3149324665039004,1.3149324665039004,1.0,0.03759765625
23,23000014,23000014,B,2,3,2728.79314039847,2757.385982394351,28.592841995880917,28.592841995880917,2757.385982394351,2728.79314039847,2757.385982394351,28.592841995880917,B,True,True,0.03759765625,1.3149324665039004,1.3149324665039004,1.0,0.03759765625
23,23000014,23000014,B,3,4,2757.385982394351,2785.9788243902317,28.592841995880917,28.592841995880917,2785.9788243902317,2757.385982394351,2785.9788243902317,28.592841995880917,B,True,True,0.03759765625,1.3149324665039004,1.3149324665039004,1.0,0.03759765625
23,23000014,23000014,B,4,5,2785.9788243902317,2814.5716663861126,28.592841995880917,28.592841995880917,2814.5716663861126,2785.9788243902317,2814.5716663861126,28.592841995880917,B,True,True,0.03759765625,1.3149324665039004,1.3149324665039004,1.0,0.03759765625
23,23000014,23000014,B,5,6,2814.5716663861126,2843.1645083819935,28.592841995880917,28.592841995880917,2843.1645083819935,2814.5716663861126,2843.1645083819935,28.592841995880917,B,True,True,0.03759765625,1.3149324665039004,1.3149324665039004,1.0,0.03759765625
23,23000014,23000014,B,6,7,2843.1645083819935,2871.7573503778744,28.592841995880917,28.592841995880917,2871.7573503778744,2843.1645083819935,2871.7573503778744,28.592841995880917,B,True,True,0.03759765625,1.3149324665039004,1.3149324665039004,1.0,0.03759765625
23,23000014,23000014,B,7,8,2871.7573503778744,2900.3501923737554,28.592841995880917,28.592841995880917,2900.3501923737554,2871.7573503778744,2900.3501923737554,28.592841995880917,B,True,True,0.03759765625,1.3149324665039004,1.3149324665039004,1.0,0.03759765625
23,23000014,23000015,B,8,1,2900.3501923737554,2928.9430343696363,28.592841995880917,28.592841995880917,2928.9430343696363,2900.3501923737554,2928.9430343696363,28.592841995880917,gray,False,True,0.03759765625,1.3149324665039004,,,
23,23000015,23000015,B,1,2,2928.9430343696363,2957.535876365517,28.592841995880917,28.592841995880917,2957.535876365517,2928.9430343696363,2957.535876365517,28.592841995880917,B,True,True,0.03759765625,1.3149324665039004,1.3149324665039004,1.0,0.03759765625
23,23000015,23000015,B,2,3,2957.535876365517,2986.128718361398,28.592841995880917,28.592841995880917,2986.128718361398,2957.535876365517,2986.128718361398,28.592841995880917,B,True,True,0.03759765625,1.3149324665039004,1.3149324665039004,1.0,0.03759765625
23,23000015,23000015,B,3,4,2986.128718361398,3014.721560357279,28.592841995880917,28.592841995880917,3014.721560357279,2986.128718361398,3014.721560357279,28.592841995880917,B,True,True,0.03759765625,1.3149324665039004,1.3149324665039004,1.0,0.03759765625
23,23000015,23000015,B,4,5,3014.721560357279,3043.31440235316,28.592841995880917,28.592841995880917,3043.31440235316,3014.721560357279,3043.31440235316,28.592841995880917,B,True,True,0.03759765625,1.3149324665039004,1.3149324665039004,1.0,0.03759765625
23,23000015,23000015,B,5,6,3043.31440235316,3071.907244349041,28.592841995880917,28.592841995880917,3071.907244349041,3043.31440235316,3071.907244349041,28.592841995880917,B,True,True,0.03759765625,1.3149324665039004,1.3149324665039004,1.0,0.03759765625
23,23000015,23000015,B,6,7,3071.907244349041,3100.500086344922,28.592841995880917,28.592841995880917,3100.500086344922,3071.907244349041,3100.500086344922,28.592841995880917,B,True,True,0.03759765625,1.3149324665039004,1.3149324665039004,1.0,0.03759765625
23,23000015,23000015,B,7,8,3100.500086344922,3129.0929283408027,28.592841995880917,28.592841995880917,3129.0929283408027,3100.500086344922,3129.0929283408027,28.592841995880917,B,True,True,0.03759765625,1.3149324665039004,1.3149324665039004,1.0,0.03759765625
23,23000015,23000016,B,8,1,3129.0929283408027,3157.6857703366836,28.592841995880917,28.592841995880917,3157.6857703366836,3129.0929283408027,3157.6857703366836,28.592841995880917,gray,False,True,0.03759765625,1.3149324665039004,,,
23,23000016,23000016,B,1,2,3157.6857703366836,3186.2786123325645,28.592841995880917,28.592841995880917,3186.2786123325645,3157.6857703366836,3186.2786123325645,28.592841995880917,B,True,True,0.03759765625,1.3149324665039004,1.3149324665039004,1.0,0.03759765625
23,23000016,23000016,B,2,3,3186.2786123325645,3214.8714543284455,28.592841995880917,28.592841995880917,3214.8714543284455,3186.2786123325645,3214.8714543284455,28.592841995880917,B,True,True,0.03759765625,1.3149324665039004,1.3149324665039004,1.0,0.03759765625
23,23000016,23000016,B,3,4,3214.8714543284455,3243.4642963243264,28.592841995880917,28.592841995880917,3243.4642963243264,3214.8714543284455,3243.4642963243264,28.592841995880917,B,True,True,0.03759765625,1.3149324665039004,1.3149324665039004,1.0,0.03759765625
23,23000016,23000016,B,4,5,3243.4642963243264,3272.0571383202073,28.592841995880917,28.592841995880917,3272.0571383202073,3243.4642963243264,3272.0571383202073,28.592841995880917,B,True,True,0.03759765625,1.3149324665039004,1.3149324665039004,1.0,0.03759765625
23,23000016,23000016,B,5,6,3272.0571383202073,3300.649980316088,28.592841995880917,28.592841995880917,3300.649980316088,3272.0571383202073,3300.649980316088,28.592841995880917,B,True,True,0.03759765625,1.3149324665039004,1.3149324665039004,1.0,0.03759765625
23,23000016,23000016,B,6,7,3300.649980316088,3329.242822311969,28.592841995880917,28.592841995880917,3329.242822311969,3300.649980316088,3329.242822311969,28.592841995880917,B,True,True,0.03759765625,1.3149324665039004,1.3149324665039004,1.0,0.03759765625
23,23000016,23000016,B,7,8,3329.242822311969,3357.83566430785,28.592841995880917,28.592841995880917,3357.83566430785,3329.242822311969,3357.83566430785,28.592841995880917,B,True,True,0.03759765625,1.3149324665039004,1.3149324665039004,1.0,0.03759765625
23,23000016,23000017,B,8,1,3357.83566430785,3386.428506303731,28.592841995880917,28.592841995880917,3386.428506303731,3357.83566430785,3386.428506303731,28.592841995880917,gray,False,True,0.03759765625,1.3149324665039004,,,
23,23000017,23000017,B,1,2,3386.428506303731,3415.021348299612,28.592841995880917,28.592841995880917,3415.021348299612,3386.428506303731,3415.021348299612,28.592841995880917,B,True,True,0.03759765625,1.3149324665039004,1.3149324665039004,1.0,0.03759765625
23,23000017,23000017,B,2,3,3415.021348299612,3443.614190295493,28.592841995880917,28.592841995880917,3443.614190295493,3415.021348299612,3443.614190295493,28.592841995880917,B,True,True,0.03759765625,1.3149324665039004,1.3149324665039004,1.0,0.03759765625
23,23000017,23000017,B,3,4,3443.614190295493,3472.2070322913737,28.592841995880917,28.592841995880917,3472.2070322913737,3443.614190295493,3472.2070322913737,28.592841995880917,B,True,True,0.03759765625,1.3149324665039004,1.3149324665039004,1.0,0.03759765625
23,23000017,23000017,B,4,5,3472.2070322913737,3500.7998742872546,28.592841995880917,28.592841995880917,3500.7998742872546,3472.2070322913737,3500.7998742872546,28.592841995880917,B,True,True,0.03759765625,1.3149324665039004,1.3149324665039004,1.0,0.03759765625
23,23000017,23000017,B,5,6,3500.7998742872546,3529.3927162831355,28.592841995880917,28.592841995880917,3529.3927162831355,3500.7998742872546,3529.3927162831355,28.592841995880917,B,True,True,0.03759765625,1.3149324665039004,1.3149324665039004,1.0,0.03759765625
23,23000017,23000017,B,6,7,3529.3927162831355,3557.9855582790165,28.592841995880917,28.592841995880917,3557.9855582790165,3529.3927162831355,3557.9855582790165,28.592841995880917,B,True,True,0.03759765625,1.3149324665039004,1.3149324665039004,1.0,0.03759765625
23,23000017,23000017,B,7,8,3557.9855582790165,3586.5784002748974,28.592841995880917,28.592841995880917,3586.5784002748974,3557.9855582790165,3586.5784002748974,28.592841995880917,B,True,True,0.03759765625,1.3149324665039004,1.3149324665039004,1.0,0.03759765625
23,23000017,23000018,B,8,1,3586.5784002748974,3615.1712422707783,28.592841995880917,28.592841995880917,3615.1712422707783,3586.5784002748974,3615.1712422707783,28.592841995880917,gray,False,True,0.03759765625,1.3149324665039004,,,
23,23000018,23000018,A,1,2,3615.1712422707783,3631.8805290967102,16.70928682593194,6.024011548588987,3621.1952538193673,3615.1712422707783,3631.8805290967102,6.024011548588987,A,True,True,0.171539306640625,28.475925926935663,10.266105814546492,0.3605187708693848,0.171539306640625
23,23000018,23000018,A,2,3,3631.8805290967102,3647.26387729007,15.38334819335978,6.024011548588987,3637.904540645299,3631.8805290967102,3647.26387729007,6.024011548588987,A,True,True,0.171539306640625,28.475925926935663,11.150973408680297,0.39159300516835804,0.171539306640625
23,23000018,23000018,A,3,4,3647.26387729007,3666.1003709179995,18.836493627929485,6.024011548588987,3653.287888838659,3647.26387729007,3666.1003709179995,6.024011548588987,A,True,True,0.171539306640625,28.475925926935663,9.106753625647082,0.31980535590004866,0.171539306640625
23,23000018,23000018,A,4,5,3666.1003709179995,3687.5806497510075,21.480278833008015,6.024011548588987,3672.1243824665885,3666.1003709179995,3687.5806497510075,6.024011548588987,A,True,True,0.171539306640625,28.475925926935663,7.985897574896764,0.28044382456209527,0.171539306640625
23,23000018,23000018,A,5,6,3687.5806497510075,3702.6699662549136,15.089316503906048,6.024011548588987,3693.6046612995965,3687.5806497510075,3702.6699662549136,6.024011548588987,A,True,True,0.171539306640625,28.475925926935663,11.368262213614514,0.39922361937531103,0.171539306640625
23,23000018,23000018,A,6,7,3702.6699662549136,3715.5773759228823,12.90740966796875,6.024011548588987,3708.6939778035025,3702.6699662549136,3715.5773759228823,6.024011548588987,A,True,True,0.171539306640625,28.475925926935663,13.289986996098829,0.46670956478109454,0.171539306640625
23,23000018,23000018,A,7,8,3715.5773759228823,3727.2133469922182,11.635971069335938,6.024011548588987,3721.6013874714713,3715.5773759228823,3727.2133469922182,6.024011548588987,A,True,True,0.171539306640625,28.475925926935663,14.742156509195818,0.5177059579035871,0.171539306640625
23,23000018,23000019,A,8,1,3727.2133469922182,3733.2373585408072,6.024011548588987,6.024011548588987,3733.2373585408072,3727.2133469922182,3733.2373585408072,6.024011548588987,gray,False,True,0.171539306640625,28.475925926935663,,,
23,23000019,23000019,B,1,2,3733.2373585408072,3761.830200536688,28.592841995880917,28.592841995880917,3761.830200536688,3733.2373585408072,3761.830200536688,28.592841995880917,B,True,True,0.03759765625,1.3149324665039004,1.3149324665039004,1.0,0.03759765625
23,23000019,23000019,B,2,3,3761.830200536688,3790.423042532569,28.592841995880917,28.592841995880917,3790.423042532569,3761.830200536688,3790.423042532569,28.592841995880917,B,True,True,0.03759765625,1.3149324665039004,1.3149324665039004,1.0,0.03759765625
23,23000019,23000019,B,3,4,3790.423042532569,3819.01588452845,28.592841995880917,28.592841995880917,3819.01588452845,3790.423042532569,3819.01588452845,28.592841995880917,B,True,True,0.03759765625,1.3149324665039004,1.3149324665039004,1.0,0.03759765625
23,23000019,23000019,B,4,5,3819.01588452845,3847.608726524331,28.592841995880917,28.592841995880917,3847.608726524331,3819.01588452845,3847.608726524331,28.592841995880917,B,True,True,0.03759765625,1.3149324665039004,1.3149324665039004,1.0,0.03759765625
23,23000019,23000019,B,5,6,3847.608726524331,3876.201568520212,28.592841995880917,28.592841995880917,3876.201568520212,3847.608726524331,3876.201568520212,28.592841995880917,B,True,True,0.03759765625,1.3149324665039004,1.3149324665039004,1.0,0.03759765625
23,23000019,23000019,B,6,7,3876.201568520212,3904.7944105160927,28.592841995880917,28.592841995880917,3904.7944105160927,3876.201568520212,3904.7944105160927,28.592841995880917,B,True,True,0.03759765625,1.3149324665039004,1.3149324665039004,1.0,0.03759765625
23,23000019,23000019,B,7,8,3904.7944105160927,3933.3872525119737,28.592841995880917,28.592841995880917,3933.3872525119737,3904.7944105160927,3933.3872525119737,28.592841995880917,B,True,True,0.03759765625,1.3149324665039004,1.3149324665039004,1.0,0.03759765625
23,23000019,23000020,B,8,1,3933.3872525119737,3961.9800945078546,28.592841995880917,28.592841995880917,3961.9800945078546,3933.3872525119737,3961.9800945078546,28.592841995880917,gray,False,True,0.03759765625,1.3149324665039004,,,
23,23000020,23000020,B,1,2,3961.9800945078546,3990.5729365037355,28.592841995880917,28.592841995880917,3990.5729365037355,3961.9800945078546,3990.5729365037355,28.592841995880917,B,True,True,0.03759765625,1.3149324665039004,1.3149324665039004,1.0,0.03759765625
23,23000020,23000020,B,2,3,3990.5729365037355,4019.1657784996164,28.592841995880917,28.592841995880917,4019.1657784996164,3990.5729365037355,4000.0,9.427063496264509,gray,True,False,0.03759765625,1.3149324665039004,,,
24,24000010,24000010,B,6,7,1983.0397370870594,2011.63257908294,28.59284199588069,28.59284199588069,2011.63257908294,2000.0,2011.63257908294,11.632579082940083,gray,True,False,0.03759765625,1.3149324665039108,,,
24,24000010,24000010,B,7,8,2011.63257908294,2040.2254210788208,28.59284199588069,28.59284199588069,2040.2254210788208,2011.63257908294,2040.2254210788208,28.59284199588069,B,True,True,0.03759765625,1.3149324665039108,1.3149324665039108,1.0,0.03759765625
24,24000010,24000011,B,8,1,2040.2254210788208,2068.8182630747015,28.59284199588069,28.59284199588069,2068.8182630747015,2040.2254210788208,2068.8182630747015,28.59284199588069,gray,False,True,0.03759765625,1.3149324665039108,,,
24,24000011,24000011,B,1,2,2068.8182630747015,2097.4111050705824,28.592841995880917,28.592841995880917,2097.4111050705824,2068.8182630747015,2097.4111050705824,28.592841995880917,B,True,True,0.03759765625,1.3149324665039004,1.3149324665039004,1.0,0.03759765625
24,24000011,24000011,B,2,3,2097.4111050705824,2126.0039470664633,28.592841995880917,28.592841995880917,2126.0039470664633,2097.4111050705824,2126.0039470664633,28.592841995880917,B,True,True,0.03759765625,1.3149324665039004,1.3149324665039004,1.0,0.03759765625
24,24000011,24000011,B,3,4,2126.0039470664633,2154.596789062344,28.592841995880917,28.592841995880917,2154.596789062344,2126.0039470664633,2154.596789062344,28.592841995880917,B,True,True,0.03759765625,1.3149324665039004,1.3149324665039004,1.0,0.03759765625
24,24000011,24000011,B,4,5,2154.596789062344,2183.189631058225,28.592841995880917,28.592841995880917,2183.189631058225,2154.596789062344,2183.189631058225,28.592841995880917,B,True,True,0.03759765625,1.3149324665039004,1.3149324665039004,1.0,0.03759765625
24,24000011,24000011,B,5,6,2183.189631058225,2211.782473054106,28.592841995880917,28.592841995880917,2211.782473054106,2183.189631058225,2211.782473054106,28.592841995880917,B,True,True,0.03759765625,1.3149324665039004,1.3149324665039004,1.0,0.03759765625
24,24000011,24000011,B,6,7,2211.782473054106,2240.375315049987,28.592841995880917,28.592841995880917,2240.375315049987,2211.782473054106,2240.375315049987,28.592841995880917,B,True,True,0.03759765625,1.3149324665039004,1.3149324665039004,1.0,0.03759765625
24,24000011,24000011,B,7,8,2240.375315049987,2268.968157045868,28.592841995880917,28.592841995880917,2268.968157045868,2240.375315049987,2268.968157045868,28.592841995880917,B,True,True,0.03759765625,1.3149324665039004,1.3149324665039004,1.0,0.03759765625
24,24000011,24000012,B,8,1,2268.968157045868,2297.560999041749,28.592841995880917,28.592841995880917,2297.560999041749,2268.968157045868,2297.560999041749,28.592841995880917,gray,False,True,0.03759765625,1.3149324665039004,,,
24,24000012,24000012,A,1,2,2297.560999041749,2303.585010590338,6.024011548588987,6.024011548588987,2303.585010590338,2297.560999041749,2303.585010590338,6.024011548588987,A,True,True,0.171539306640625,28.475925926935663,28.475925926935663,1.0,0.171539306640625
24,24000012,24000012,A,2,3,2303.585010590338,2309.609022138927,6.024011548588987,6.024011548588987,2309.609022138927,2303.585010590338,2309.609022138927,6.024011548588987,A,True,True,0.171539306640625,28.475925926935663,28.475925926935663,1.0,0.171539306640625
24,24000012,24000012,A,3,4,2309.609022138927,2315.6330336875158,6.024011548588987,6.024011548588987,2315.6330336875158,2309.609022138927,2315.6330336875158,6.024011548588987,A,True,True,0.171539306640625,28.475925926935663,28.475925926935663,1.0,0.171539306640625
24,24000012,24000012,A,4,5,2315.6330336875158,2321.6570452361048,6.024011548588987,6.024011548588987,2321.6570452361048,2315.6330336875158,2321.6570452361048,6.024011548588987,A,True,True,0.171539306640625,28.475925926935663,28.475925926935663,1.0,0.171539306640625
24,24000012,24000012,A,5,6,2321.6570452361048,2327.6810567846937,6.024011548588987,6.024011548588987,2327.6810567846937,2321.6570452361048,2327.6810567846937,6.024011548588987,A,True,True,0.171539306640625,28.475925926935663,28.475925926935663,1.0,0.171539306640625
24,24000012,24000012,A,6,7,2327.6810567846937,2333.7050683332827,6.024011548588987,6.024011548588987,2333.7050683332827,2327.6810567846937,2333.7050683332827,6.024011548588987,A,True,True,0.171539306640625,28.475925926935663,28.475925926935663,1.0,0.171539306640625
24,24000012,24000012,A,7,8,2333.7050683332827,2339.7290798818717,6.024011548588987,6.024011548588987,2339.7290798818717,2333.7050683332827,2339.7290798818717,6.024011548588987,A,True,True,0.171539306640625,28.475925926935663,28.475925926935663,1.0,0.171539306640625
24,24000012,24000013,A,8,1,2339.7290798818717,2345.7530914304607,6.024011548588987,6.024011548588987,2345.7530914304607,2339.7290798818717,2345.7530914304607,6.024011548588987,gray,False,True,0.171539306640625,28.475925926935663,,,
24,24000013,24000013,B,1,2,2345.7530914304607,2374.3459334263416,28.592841995880917,28.592841995880917,2374.3459334263416,2345.7530914304607,2374.3459334263416,28.592841995880917,B,True,True,0.03759765625,1.3149324665039004,1.3149324665039004,1.0,0.03759765625
24,24000013,24000013,B,2,3,2374.3459334263416,2402.9387754222225,28.592841995880917,28.592841995880917,2402.9387754222225,2374.3459334263416,2402.9387754222225,28.592841995880917,B,True,True,0.03759765625,1.3149324665039004,1.3149324665039004,1.0,0.03759765625
24,24000013,24000013,B,3,4,2402.9387754222225,2431.5316174181035,28.592841995880917,28.592841995880917,2431.5316174181035,2402.9387754222225,2431.5316174181035,28.592841995880917,B,True,True,0.03759765625,1.3149324665039004,1.3149324665039004,1.0,0.03759765625
24,24000013,24000013,B,4,5,2431.5316174181035,2460.1244594139844,28.592841995880917,28.592841995880917,2460.1244594139844,2431.5316174181035,2460.1244594139844,28.592841995880917,B,True,True,0.03759765625,1.3149324665039004,1.3149324665039004,1.0,0.03759765625
24,24000013,24000013,B,5,6,2460.1244594139844,2488.7173014098653,28.592841995880917,28.592841995880917,2488.7173014098653,2460.1244594139844,2488.7173014098653,28.592841995880917,B,True,True,0.03759765625,1.3149324665039004,1.3149324665039004,1.0,0.03759765625
24,24000013,24000013,B,6,7,2488.7173014098653,2517.310143405746,28.592841995880917,28.592841995880917,2517.310143405746,2488.7173014098653,2517.310143405746,28.592841995880917,B,True,True,0.03759765625,1.3149324665039004,1.3149324665039004,1.0,0.03759765625
24,24000013,24000013,B,7,8,2517.310143405746,2545.902985401627,28.592841995880917,28.592841995880917,2545.902985401627,2517.310143405746,2545.902985401627,28.592841995880917,B,True,True,0.03759765625,1.3149324665039004,1.3149324665039004,1.0,0.03759765625
24,24000013,24000014,B,8,1,2545.902985401627,2574.495827397508,28.592841995880917,28.592841995880917,2574.495827397508,2545.902985401627,2574.495827397508,28.592841995880917,gray,False,True,0.03759765625,1.3149324665039004,,,
24,24000014,24000014,B,1,2,2574.495827397508,2603.088669393389,28.592841995880917,28.592841995880917,2603.088669393389,2574.495827397508,2603.088669393389,28.592841995880917,B,True,True,0.03759765625,1.3149324665039004,1.3149324665039004,1.0,0.03759765625
24,24000014,24000014,B,2,3,2603.088669393389,2631.68151138927,28.592841995880917,28.592841995880917,2631.68151138927,2603.088669393389,2631.68151138927,28.592841995880917,B,True,True,0.03759765625,1.3149324665039004,1.3149324665039004,1.0,0.03759765625
24,24000014,24000014,B,3,4,2631.68151138927,2660.274353385151,28.592841995880917,28.592841995880917,2660.274353385151,2631.68151138927,2660.274353385151,28.592841995880917,B,True,True,0.03759765625,1.3149324665039004,1.3149324665039004,1.0,0.03759765625
24,24000014,24000014,B,4,5,2660.274353385151,2688.8671953810317,28.592841995880917,28.592841995880917,2688.8671953810317,2660.274353385151,2688.8671953810317,28.592841995880917,B,True,True,0.03759765625,1.3149324665039004,1.3149324665039004,1.0,0.03759765625
24,24000014,24000014,B,5,6,2688.8671953810317,2717.4600373769126,28.592841995880917,28.592841995880917,2717.4600373769126,2688.8671953810317,2717.4600373769126,28.592841995880917,B,True,True,0.03759765625,1.3149324665039004,1.3149324665039004,1.0,0.03759765625
24,24000014,24000014,B,6,7,2717.4600373769126,2746.0528793727935,28.592841995880917,28.592841995880917,2746.0528793727935,2717.4600373769126,2746.0528793727935,28.592841995880917,B,True,True,0.03759765625,1.3149324665039004,1.3149324665039004,1.0,0.03759765625
24,24000014,24000014,B,7,8,2746.0528793727935,2774.6457213686745,28.592841995880917,28.592841995880917,2774.6457213686745,2746.0528793727935,2774.6457213686745,28.592841995880917,B,True,True,0.03759765625,1.3149324665039004,1.3149324665039004,1.0,0.03759765625
24,24000014,24000015,B,8,1,2774.6457213686745,2803.2385633645554,28.592841995880917,28.592841995880917,2803.2385633645554,2774.6457213686745,2803.2385633645554,28.592841995880917,gray,False,True,0.03759765625,1.3149324665039004,,,
24,24000015,24000015,A,1,2,2803.2385633645554,2813.477610608883,10.239047244327594,6.024011548588987,2809.2625749131444,2803.2385633645554,2813.477610608883,6.024011548588987,A,True,True,0.171539306640625,28.475925926935663,16.75344419722815,0.5883371181753531,0.171539306640625
24,24000015,24000015,A,2,3,2813.477610608883,2824.2868367807578,10.809226171874798,6.024011548588987,2819.501622157472,2813.477610608883,2824.2868367807578,6.024011548588987,A,True,True,0.171539306640625,28.475925926935663,15.869712032389872,0.5573027571819378,0.171539306640625
24,24000015,24000015,A,3,4,2824.2868367807578,2830.3922597543906,6.1054229736328125,6.024011548588987,2830.3108483293468,2824.2868367807578,2830.3922597543906,6.024011548588987,A,True,True,0.171539306640625,28.475925926935663,28.096219931271477,0.9866657190836061,0.171539306640625
24,24000015,24000015,A,4,5,2830.3922597543906,2836.4162713029796,6.024011548588987,6.024011548588987,2836.4162713029796,2830.3922597543906,2836.4162713029796,6.024011548588987,A,True,True,0.171539306640625,28.475925926935663,28.475925926935663,1.0,0.171539306640625
24,24000015,24000015,A,5,6,2836.4162713029796,2842.4402828515686,6.024011548588987,6.024011548588987,2842.4402828515686,2836.4162713029796,2842.4402828515686,6.024011548588987,A,True,True,0.171539306640625,28.475925926935663,28.475925926935663,1.0,0.171539306640625
24,24000015,24000015,A,6,7,2842.4402828515686,2848.4642944001575,6.024011548588987,6.024011548588987,2848.4642944001575,2842.4402828515686,2848.4642944001575,6.024011548588987,A,True,True,0.171539306640625,28.475925926935663,28.475925926935663,1.0,0.171539306640625
24,24000015,24000015,A,7,8,2848.4642944001575,2854.4883059487465,6.024011548588987,6.024011548588987,2854.4883059487465,2848.4642944001575,2854.4883059487465,6.024011548588987,A,True,True,0.171539306640625,28.475925926935663,28.475925926935663,1.0,0.171539306640625
24,24000015,24000016,A,8,1,2854.4883059487465,2860.5123174973355,6.024011548588987,6.024011548588987,2860.5123174973355,2854.4883059487465,2860.5123174973355,6.024011548588987,gray,False,True,0.171539306640625,28.475925926935663,,,
24,24000016,24000016,B,1,2,2860.5123174973355,2889.1051594932164,28.592841995880917,28.592841995880917,2889.1051594932164,2860.5123174973355,2889.1051594932164,28.592841995880917,B,True,True,0.03759765625,1.3149324665039004,1.3149324665039004,1.0,0.03759765625
24,24000016,24000016,B,2,3,2889.1051594932164,2917.6980014890974,28.592841995880917,28.592841995880917,2917.6980014890974,2889.1051594932164,2917.6980014890974,28.592841995880917,B,True,True,0.03759765625,1.3149324665039004,1.3149324665039004,1.0,0.03759765625
24,24000016,24000016,B,3,4,2917.6980014890974,2946.2908434849783,28.592841995880917,28.592841995880917,2946.2908434849783,2917.6980014890974,2946.2908434849783,28.592841995880917,B,True,True,0.03759765625,1.3149324665039004,1.3149324665039004,1.0,0.03759765625
24,24000016,24000016,B,4,5,2946.2908434849783,2974.883685480859,28.592841995880917,28.592841995880917,2974.883685480859,2946.2908434849783,2974.883685480859,28.592841995880917,B,True,True,0.03759765625,1.3149324665039004,1.3149324665039004,1.0,0.03759765625
24,24000016,24000016,B,5,6,2974.883685480859,3003.47652747674,28.592841995880917,28.592841995880917,3003.47652747674,2974.883685480859,3003.47652747674,28.592841995880917,B,True,True,0.03759765625,1.3149324665039004,1.3149324665039004,1.0,0.03759765625
24,24000016,24000016,B,6,7,3003.47652747674,3032.069369472621,28.592841995880917,28.592841995880917,3032.069369472621,3003.47652747674,3032.069369472621,28.592841995880917,B,True,True,0.03759765625,1.3149324665039004,1.3149324665039004,1.0,0.03759765625
24,24000016,24000016,B,7,8,3032.069369472621,3060.662211468502,28.592841995880917,28.592841995880917,3060.662211468502,3032.069369472621,3060.662211468502,28.592841995880917,B,True,True,0.03759765625,1.3149324665039004,1.3149324665039004,1.0,0.03759765625
24,24000016,24000017,B,8,1,3060.662211468502,3089.255053464383,28.592841995880917,28.592841995880917,3089.255053464383,3060.662211468502,3089.255053464383,28.592841995880917,gray,False,True,0.03759765625,1.3149324665039004,,,
24,24000017,24000017,B,1,2,3089.255053464383,3117.8478954602638,28.592841995880917,28.592841995880917,3117.8478954602638,3089.255053464383,3117.8478954602638,28.592841995880917,B,True,True,0.03759765625,1.3149324665039004,1.3149324665039004,1.0,0.03759765625
24,24000017,24000017,B,2,3,3117.8478954602638,3146.4407374561447,28.592841995880917,28.592841995880917,3146.4407374561447,3117.8478954602638,3146.4407374561447,28.592841995880917,B,True,True,0.03759765625,1.3149324665039004,1.3149324665039004,1.0,0.03759765625
24,24000017,24000017,B,3,4,3146.4407374561447,3175.0335794520256,28.592841995880917,28.592841995880917,3175.0335794520256,3146.4407374561447,3175.0335794520256,28.592841995880917,B,True,True,0.03759765625,1.3149324665039004,1.3149324665039004,1.0,0.03759765625
24,24000017,24000017,B,4,5,3175.0335794520256,3203.6264214479065,28.592841995880917,28.592841995880917,3203.6264214479065,3175.0335794520256,3203.6264214479065,28.592841995880917,B,True,True,0.03759765625,1.3149324665039004,1.3149324665039004,1.0,0.03759765625
24,24000017,24000017,B,5,6,3203.6264214479065,3232.2192634437874,28.592841995880917,28.592841995880917,3232.2192634437874,3203.6264214479065,3232.2192634437874,28.592841995880917,B,True,True,0.03759765625,1.3149324665039004,1.3149324665039004,1.0,0.03759765625
24,24000017,24000017,B,6,7,3232.2192634437874,3260.8121054396684,28.592841995880917,28.592841995880917,3260.8121054396684,3232.2192634437874,3260.8121054396684,28.592841995880917,B,True,True,0.03759765625,1.3149324665039004,1.3149324665039004,1.0,0.03759765625
24,24000017,24000017,B,7,8,3260.8121054396684,3289.4049474355493,28.592841995880917,28.592841995880917,3289.4049474355493,3260.8121054396684,3289.4049474355493,28.592841995880917,B,True,True,0.03759765625,1.3149324665039004,1.3149324665039004,1.0,0.03759765625
24,24000017,24000018,B,8,1,3289.4049474355493,3317.99778943143,28.592841995880917,28.592841995880917,3317.99778943143,3289.4049474355493,3317.99778943143,28.592841995880917,gray,False,True,0.03759765625,1.3149324665039004,,,
24,24000018,24000018,B,1,2,3317.99778943143,3346.590631427311,28.592841995880917,28.592841995880917,3346.590631427311,3317.99778943143,3346.590631427311,28.592841995880917,B,True,True,0.03759765625,1.3149324665039004,1.3149324665039004,1.0,0.03759765625
24,24000018,24000018,B,2,3,3346.590631427311,3375.183473423192,28.592841995880917,28.592841995880917,3375.183473423192,3346.590631427311,3375.183473423192,28.592841995880917,B,True,True,0.03759765625,1.3149324665039004,1.3149324665039004,1.0,0.03759765625
24,24000018,24000018,B,3,4,3375.183473423192,3403.776315419073,28.592841995880917,28.592841995880917,3403.776315419073,3375.183473423192,3403.776315419073,28.592841995880917,B,True,True,0.03759765625,1.3149324665039004,1.3149324665039004,1.0,0.03759765625
24,24000018,24000018,B,4,5,3403.776315419073,3432.369157414954,28.592841995880917,28.592841995880917,3432.369157414954,3403.776315419073,3432.369157414954,28.592841995880917,B,True,True,0.03759765625,1.3149324665039004,1.3149324665039004,1.0,0.03759765625
24,24000018,24000018,B,5,6,3432.369157414954,3460.961999410835,28.592841995880917,28.592841995880917,3460.961999410835,3432.369157414954,3460.961999410835,28.592841995880917,B,True,True,0.03759765625,1.3149324665039004,1.3149324665039004,1.0,0.03759765625
24,24000018,24000018,B,6,7,3460.961999410835,3489.5548414067157,28.592841995880917,28.592841995880917,3489.5548414067157,3460.961999410835,3489.5548414067157,28.592841995880917,B,True,True,0.03759765625,1.3149324665039004,1.3149324665039004,1.0,0.03759765625
24,24000018,24000018,B,7,8,3489.5548414067157,3518.1476834025966,28.592841995880917,28.592841995880917,3518.1476834025966,3489.5548414067157,3518.1476834025966,28.592841995880917,B,True,True,0.03759765625,1.3149324665039004,1.3149324665039004,1.0,0.03759765625
24,24000018,24000019,B,8,1,3518.1476834025966,3546.7405253984775,28.592841995880917,28.592841995880917,3546.7405253984775,3518.1476834025966,3546.7405253984775,28.592841995880917,gray,False,True,0.03759765625,1.3149324665039004,,,
24,24000019,24000019,A,1,2,3546.7405253984775,3562.8411935742497,16.10066817577217,6.024011548588987,3552.7645369470665,3546.7405253984775,3562.8411935742497,6.024011548588987,A,True,True,0.171539306640625,28.475925926935663,10.654173154052854,0.3741466803007436,0.171539306640625
24,24000019,24000019,A,2,3,3562.8411935742497,3582.63850944339,19.79731586914022,6.024011548588987,3568.8652051228387,3562.8411935742497,3582.63850944339,6.024011548588987,A,True,True,0.171539306640625,28.475925926935663,8.664775961271502,0.3042842569370292,0.171539306640625
24,24000019,24000019,A,3,4,3582.63850944339,3614.428870576203,31.790361132812905,6.024011548588987,3588.662520991979,3582.63850944339,3614.428870576203,6.024011548588987,A,True,True,0.171539306640625,28.475925926935663,5.395953381088462,0.1894917620917245,0.171539306640625
24,24000019,24000019,A,4,5,3614.428870576203,3643.978178535187,29.549307958984173,6.024011548588987,3620.452882124792,3614.428870576203,3643.978178535187,6.024011548588987,A,True,True,0.171539306640625,28.475925926935663,5.805188631785543,0.2038630331698664,0.171539306640625
24,24000019,24000019,A,5,6,3643.978178535187,3655.3749680859682,11.39678955078125,6.024011548588987,3650.002190083776,3643.978178535187,3655.3749680859682,6.024011548588987,A,True,True,0.171539306640625,28.475925926935663,15.051546391752577,0.5285709209376461,0.171539306640625
24,24000019,24000019,A,6,7,3655.3749680859682,3669.7090745312807,14.3341064453125,6.024011548588987,3661.3989796345572,3655.3749680859682,3669.7090745312807,6.024011548588987,A,True,True,0.171539306640625,28.475925926935663,11.967213114754099,0.4202572076307514,0.171539306640625
24,24000019,24000019,A,7,8,3669.7090745312807,3696.010749238312,26.301674707031452,6.024011548588987,3675.7330860798697,3669.7090745312807,3696.010749238312,6.024011548588987,A,True,True,0.171539306640625,28.475925926935663,6.5219917952511945,0.22903528447101268,0.171539306640625
24,24000019,24000020,A,8,1,3696.010749238312,3702.034760786901,6.024011548588987,6.024011548588987,3702.034760786901,3696.010749238312,3702.034760786901,6.024011548588987,gray,False,True,0.171539306640625,28.475925926935663,,,
24,24000020,24000020,B,1,2,3702.034760786901,3730.627602782782,28.592841995880917,28.592841995880917,3730.627602782782,3702.034760786901,3730.627602782782,28.592841995880917,B,True,True,0.03759765625,1.3149324665039004,1.3149324665039004,1.0,0.03759765625
24,24000020,24000020,B,2,3,3730.627602782782,3759.220444778663,28.592841995880917,28.592841995880917,3759.220444778663,3730.627602782782,3759.220444778663,28.592841995880917,B,True,True,0.03759765625,1.3149324665039004,1.3149324665039004,1.0,0.03759765625
24,24000020,24000020,B,3,4,3759.220444778663,3787.813286774544,28.592841995880917,28.592841995880917,3787.813286774544,3759.220444778663,3787.813286774544,28.592841995880917,B,True,True,0.03759765625,1.3149324665039004,1.3149324665039004,1.0,0.03759765625
24,24000020,24000020,B,4,5,3787.813286774544,3816.406128770425,28.592841995880917,28.592841995880917,3816.406128770425,3787.813286774544,3816.406128770425,28.592841995880917,B,True,True,0.03759765625,1.3149324665039004,1.3149324665039004,1.0,0.03759765625
24,24000020,24000020,B,5,6,3816.406128770425,3844.998970766306,28.592841995880917,28.592841995880917,3844.998970766306,3816.406128770425,3844.998970766306,28.592841995880917,B,True,True,0.03759765625,1.3149324665039004,1.3149324665039004,1.0,0.03759765625
24,24000020,24000020,B,6,7,3844.998970766306,3873.5918127621867,28.592841995880917,28.592841995880917,3873.5918127621867,3844.998970766306,3873.5918127621867,28.592841995880917,B,True,True,0.03759765625,1.3149324665039004,1.3149324665039004,1.0,0.03759765625
24,24000020,24000020,B,7,8,3873.5918127621867,3902.1846547580676,28.592841995880917,28.592841995880917,3902.1846547580676,3873.5918127621867,3902.1846547580676,28.592841995880917,B,True,True,0.03759765625,1.3149324665039004,1.3149324665039004,1.0,0.03759765625
24,24000020,24000021,B,8,1,3902.1846547580676,3930.7774967539485,28.592841995880917,28.592841995880917,3930.7774967539485,3902.1846547580676,3930.7774967539485,28.592841995880917,gray,False,True,0.03759765625,1.3149324665039004,,,
24,24000021,24000021,A,1,2,3930.7774967539485,3936.8015083025375,6.024011548588987,6.024011548588987,3936.8015083025375,3930.7774967539485,3936.8015083025375,6.024011548588987,A,True,True,0.171539306640625,28.475925926935663,28.475925926935663,1.0,0.171539306640625
24,24000021,24000021,A,2,3,3936.8015083025375,3947.038047211945,10.2365389094075,6.024011548588987,3942.8255198511265,3936.8015083025375,3947.038047211945,6.024011548588987,A,True,True,0.171539306640625,28.475925926935663,16.75754941770195,0.5884812827754554,0.171539306640625
24,24000021,24000021,A,3,4,3947.038047211945,3957.2599100049138,10.22186279296875,6.024011548588987,3953.062058760534,3947.038047211945,3957.2599100049138,6.024011548588987,A,True,True,0.171539306640625,28.475925926935663,16.7816091954023,0.5893261992063411,0.171539306640625
24,24000021,24000021,A,4,5,3957.2599100049138,3963.2839215535028,6.024011548588987,6.024011548588987,3963.2839215535028,3957.2599100049138,3963.2839215535028,6.024011548588987,A,True,True,0.171539306640625,28.475925926935663,28.475925926935663,1.0,0.171539306640625
24,24000021,24000021,A,5,6,3963.2839215535028,3969.3079331020917,6.024011548588987,6.024011548588987,3969.3079331020917,3963.2839215535028,3969.3079331020917,6.024011548588987,A,True,True,0.171539306640625,28.475925926935663,28.475925926935663,1.0,0.171539306640625
24,24000021,24000021,A,6,7,3969.3079331020917,3975.5886674267886,6.280734324696823,6.024011548588987,3975.3319446506807,3969.3079331020917,3975.5886674267886,6.024011548588987,A,True,True,0.171539306640625,28.475925926935663,27.311982607846634,0.9591253565529174,0.171539306640625
24,24000021,24000021,A,7,8,3975.5886674267886,3982.0718454297185,6.48317800292989,6.024011548588987,3981.6126789753775,3975.5886674267886,3982.0718454297185,6.024011548588987,A,True,True,0.171539306640625,28.475925926935663,26.459138799382437,0.9291757138037248,0.171539306640625
24,24000021,24000022,A,8,1,3982.0718454297185,3988.0958569783074,6.024011548588987,6.024011548588987,3988.0958569783074,3982.0718454297185,3988.0958569783074,6.024011548588987,gray,False,True,0.171539306640625,28.475925926935663,,,
24,24000022,24000022,B,1,2,3988.0958569783074,4016.6886989741884,28.592841995880917,28.592841995880917,4016.6886989741884,3988.0958569783074,4000.0,11.904143021692562,gray,True,False,0.03759765625,1.3149324665039004,,,
25,25000010,25000010,B,5,6,1991.7423273177412,2020.335169313622,28.59284199588069,28.59284199588069,2020.335169313622,2000.0,2020.335169313622,20.33516931362192,gray,True,False,0.03759765625,1.3149324665039108,,,
25,25000010,25000010,B,6,7,2020.335169313622,2048.928011309503,28.592841995880917,28.592841995880917,2048.928011309503,2020.335169313622,2048.928011309503,28.592841995880917,B,True,True,0.03759765625,1.3149324665039004,1.3149324665039004,1.0,0.03759765625
25,25000010,25000010,B,7,8,2048.928011309503,2077.5208533053838,28.592841995880917,28.592841995880917,2077.5208533053838,2048.928011309503,2077.5208533053838,28.592841995880917,B,True,True,0.03759765625,1.3149324665039004,1.3149324665039004,1.0,0.03759765625
25,25000010,25000011,B,8,1,2077.5208533053838,2106.1136953012647,28.592841995880917,28.592841995880917,2106.1136953012647,2077.5208533053838,2106.1136953012647,28.592841995880917,gray,False,True,0.03759765625,1.3149324665039004,,,
25,25000011,25000011,B,1,2,2106.1136953012647,2134.7065372971456,28.592841995880917,28.592841995880917,2134.7065372971456,2106.1136953012647,2134.7065372971456,28.592841995880917,B,True,True,0.03759765625,1.3149324665039004,1.3149324665039004,1.0,0.03759765625
25,25000011,25000011,B,2,3,2134.7065372971456,2163.2993792930265,28.592841995880917,28.592841995880917,2163.2993792930265,2134.7065372971456,2163.2993792930265,28.592841995880917,B,True,True,0.03759765625,1.3149324665039004,1.3149324665039004,1.0,0.03759765625
25,25000011,25000011,B,3,4,2163.2993792930265,2191.8922212889074,28.592841995880917,28.592841995880917,2191.8922212889074,2163.2993792930265,2191.8922212889074,28.592841995880917,B,True,True,0.03759765625,1.3149324665039004,1.3149324665039004,1.0,0.03759765625
25,25000011,25000011,B,4,5,2191.8922212889074,2220.4850632847883,28.592841995880917,28.592841995880917,2220.4850632847883,2191.8922212889074,2220.4850632847883,28.592841995880917,B,True,True,0.03759765625,1.3149324665039004,1.3149324665039004,1.0,0.03759765625
25,25000011,25000011,B,5,6,2220.4850632847883,2249.0779052806693,28.592841995880917,28.592841995880917,2249.0779052806693,2220.4850632847883,2249.0779052806693,28.592841995880917,B,True,True,0.03759765625,1.3149324665039004,1.3149324665039004,1.0,0.03759765625
25,25000011,25000011,B,6,7,2249.0779052806693,2277.67074727655,28.592841995880917,28.592841995880917,2277.67074727655,2249.0779052806693,2277.67074727655,28.592841995880917,B,True,True,0.03759765625,1.3149324665039004,1.3149324665039004,1.0,0.03759765625
25,25000011,25000011,B,7,8,2277.67074727655,2306.263589272431,28.592841995880917,28.592841995880917,2306.263589272431,2277.67074727655,2306.263589272431,28.592841995880917,B,True,True,0.03759765625,1.3149324665039004,1.3149324665039004,1.0,0.03759765625
25,25000011,25000012,B,8,1,2306.263589272431,2334.856431268312,28.592841995880917,28.592841995880917,2334.856431268312,2306.263589272431,2334.856431268312,28.592841995880917,gray,False,True,0.03759765625,1.3149324665039004,,,
25,25000012,25000012,B,1,2,2334.856431268312,2363.449273264193,28.592841995880917,28.592841995880917,2363.449273264193,2334.856431268312,2363.449273264193,28.592841995880917,B,True,True,0.03759765625,1.3149324665039004,1.3149324665039004,1.0,0.03759765625
25,25000012,25000012,B,2,3,2363.449273264193,2392.042115260074,28.592841995880917,28.592841995880917,2392.042115260074,2363.449273264193,2392.042115260074,28.592841995880917,B,True,True,0.03759765625,1.3149324665039004,1.3149324665039004,1.0,0.03759765625
25,25000012,25000012,B,3,4,2392.042115260074,2420.6349572559548,28.592841995880917,28.592841995880917,2420.6349572559548,2392.042115260074,2420.6349572559548,28.592841995880917,B,True,True,0.03759765625,1.3149324665039004,1.3149324665039004,1.0,0.03759765625
25,25000012,25000012,B,4,5,2420.6349572559548,2449.2277992518357,28.592841995880917,28.592841995880917,2449.2277992518357,2420.6349572559548,2449.2277992518357,28.592841995880917,B,True,True,0.03759765625,1.3149324665039004,1.3149324665039004,1.0,0.03759765625
25,25000012,25000012,B,5,6,2449.2277992518357,2477.8206412477166,28.592841995880917,28.592841995880917,2477.8206412477166,2449.2277992518357,2477.8206412477166,28.592841995880917,B,True,True,0.03759765625,1.3149324665039004,1.3149324665039004,1.0,0.03759765625
25,25000012,25000012,B,6,7,2477.8206412477166,2506.4134832435975,28.592841995880917,28.592841995880917,2506.4134832435975,2477.8206412477166,2506.4134832435975,28.592841995880917,B,True,True,0.03759765625,1.3149324665039004,1.3149324665039004,1.0,0.03759765625
25,25000012,25000012,B,7,8,2506.4134832435975,2535.0063252394784,28.592841995880917,28.592841995880917,2535.0063252394784,2506.4134832435975,2535.0063252394784,28.592841995880917,B,True,True,0.03759765625,1.3149324665039004,1.3149324665039004,1.0,0.03759765625
25,25000012,25000013,B,8,1,2535.0063252394784,2563.5991672353593,28.592841995880917,28.592841995880917,2563.5991672353593,2535.0063252394784,2563.5991672353593,28.592841995880917,gray,False,True,0.03759765625,1.3149324665039004,,,
25,25000013,25000013,B,1,2,2563.5991672353593,2592.1920092312403,28.592841995880917,28.592841995880917,2592.1920092312403,2563.5991672353593,2592.1920092312403,28.592841995880917,B,True,True,0.03759765625,1.3149324665039004,1.3149324665039004,1.0,0.03759765625
25,25000013,25000013,B,2,3,2592.1920092312403,2620.784851227121,28.592841995880917,28.592841995880917,2620.784851227121,2592.1920092312403,2620.784851227121,28.592841995880917,B,True,True,0.03759765625,1.3149324665039004,1.3149324665039004,1.0,0.03759765625
25,25000013,25000013,B,3,4,2620.784851227121,2649.377693223002,28.592841995880917,28.592841995880917,2649.377693223002,2620.784851227121,2649.377693223002,28.592841995880917,B,True,True,0.03759765625,1.3149324665039004,1.3149324665039004,1.0,0.03759765625
25,25000013,25000013,B,4,5,2649.377693223002,2677.970535218883,28.592841995880917,28.592841995880917,2677.970535218883,2649.377693223002,2677.970535218883,28.592841995880917,B,True,True,0.03759765625,1.3149324665039004,1.3149324665039004,1.0,0.03759765625
25,25000013,25000013,B,5,6,2677.970535218883,2706.563377214764,28.592841995880917,28.592841995880917,2706.563377214764,2677.970535218883,2706.563377214764,28.592841995880917,B,True,True,0.03759765625,1.3149324665039004,1.3149324665039004,1.0,0.03759765625
25,25000013,25000013,B,6,7,2706.563377214764,2735.156219210645,28.592841995880917,28.592841995880917,2735.156219210645,2706.563377214764,2735.156219210645,28.592841995880917,B,True,True,0.03759765625,1.3149324665039004,1.3149324665039004,1.0,0.03759765625
25,25000013,25000013,B,7,8,2735.156219210645,2763.7490612065258,28.592841995880917,28.592841995880917,2763.7490612065258,2735.156219210645,2763.7490612065258,28.592841995880917,B,True,True,0.03759765625,1.3149324665039004,1.3149324665039004,1.0,0.03759765625
25,25000013,25000014,B,8,1,2763.7490612065258,2792.3419032024067,28.592841995880917,28.592841995880917,2792.3419032024067,2763.7490612065258,2792.3419032024067,28.592841995880917,gray,False,True,0.03759765625,1.3149324665039004,,,
25,25000014,25000014,A,1,2,2792.3419032024067,2806.4364423959923,14.09453919358566,6.024011548588987,2798.3659147509957,2792.3419032024067,2806.4364423959923,6.024011548588987,A,True,True,0.171539306640625,28.475925926935663,12.170621847551532,0.4274003900269743,0.171539306640625
25,25000014,25000014,A,2,3,2806.4364423959923,2812.4604539445813,6.024011548588987,6.024011548588987,2812.4604539445813,2806.4364423959923,2812.4604539445813,6.024011548588987,A,True,True,0.171539306640625,28.475925926935663,28.475925926935663,1.0,0.171539306640625
25,25000014,25000014,A,3,4,2812.4604539445813,2818.563265003414,6.102811058832685,6.024011548588987,2818.4844654931703,2812.4604539445813,2818.563265003414,6.024011548588987,A,True,True,0.171539306640625,28.475925926935663,28.108244706732926,0.987087997730218,0.171539306640625
25,25000014,25000014,A,4,5,2818.563265003414,2827.6104010385707,9.047136035156655,6.024011548588987,2824.587276552003,2818.563265003414,2827.6104010385707,6.024011548588987,A,True,True,0.171539306640625,28.475925926935663,18.96061979990497,0.6658473493910141,0.171539306640625
25,25000014,25000014,A,5,6,2827.6104010385707,2833.6344125871597,6.024011548588987,6.024011548588987,2833.6344125871597,2827.6104010385707,2833.6344125871597,6.024011548588987,A,True,True,0.171539306640625,28.475925926935663,28.475925926935663,1.0,0.171539306640625
25,25000014,25000014,A,6,7,2833.6344125871597,2839.6584241357486,6.024011548588987,6.024011548588987,2839.6584241357486,2833.6344125871597,2839.6584241357486,6.024011548588987,A,True,True,0.171539306640625,28.475925926935663,28.475925926935663,1.0,0.171539306640625
25,25000014,25000014,A,7,8,2839.6584241357486,2845.6824356843376,6.024011548588987,6.024011548588987,2845.6824356843376,2839.6584241357486,2845.6824356843376,6.024011548588987,A,True,True,0.171539306640625,28.475925926935663,28.475925926935663,1.0,0.171539306640625
25,25000014,25000015,A,8,1,2845.6824356843376,2851.7064472329266,6.024011548588987,6.024011548588987,2851.7064472329266,2845.6824356843376,2851.7064472329266,6.024011548588987,gray,False,True,0.171539306640625,28.475925926935663,,,
25,25000015,25000015,A,1,2,2851.7064472329266,2857.7304587815156,6.024011548588987,6.024011548588987,2857.7304587815156,2851.7064472329266,2857.7304587815156,6.024011548588987,A,True,True,0.171539306640625,28.475925926935663,28.475925926935663,1.0,0.171539306640625
25,25000015,25000015,A,2,3,2857.7304587815156,2863.7544703301046,6.024011548588987,6.024011548588987,2863.7544703301046,2857.7304587815156,2863.7544703301046,6.024011548588987,A,True,True,0.171539306640625,28.475925926935663,28.475925926935663,1.0,0.171539306640625
25,25000015,25000015,A,3,4,2863.7544703301046,2869.7784818786936,6.024011548588987,6.024011548588987,2869.7784818786936,2863.7544703301046,2869.7784818786936,6.024011548588987,A,True,True,0.171539306640625,28.475925926935663,28.475925926935663,1.0,0.171539306640625
25,25000015,25000015,A,4,5,2869.7784818786936,2875.8024934272826,6.024011548588987,6.024011548588987,2875.8024934272826,2869.7784818786936,2875.8024934272826,6.024011548588987,A,True,True,0.171539306640625,28.475925926935663,28.475925926935663,1.0,0.171539306640625
25,25000015,25000015,A,5,6,2875.8024934272826,2881.8265049758716,6.024011548588987,6.024011548588987,2881.8265049758716,2875.8024934272826,2881.8265049758716,6.024011548588987,A,True,True,0.171539306640625,28.475925926935663,28.475925926935663,1.0,0.171539306640625
25,25000015,25000015,A,6,7,2881.8265049758716,2887.8505165244605,6.024011548588987,6.024011548588987,2887.8505165244605,2881.8265049758716,2887.8505165244605,6.024011548588987,A,True,True,0.171539306640625,28.475925926935663,28.475925926935663,1.0,0.171539306640625
25,25000015,25000015,A,7,8,2887.8505165244605,2893.8745280730495,6.024011548588987,6.024011548588987,2893.8745280730495,2887.8505165244605,2893.8745280730495,6.024011548588987,A,True,True,0.171539306640625,28.475925926935663,28.475925926935663,1.0,0.171539306640625
25,25000015,25000016,A,8,1,2893.8745280730495,2899.8985396216385,6.024011548588987,6.024011548588987,2899.8985396216385,2893.8745280730495,2899.8985396216385,6.024011548588987,gray,False,True,0.171539306640625,28.475925926935663,,,
25,25000016,25000016,A,1,2,2899.8985396216385,2905.9225511702275,6.024011548588987,6.024011548588987,2905.9225511702275,2899.8985396216385,2905.9225511702275,6.024011548588987,A,True,True,0.171539306640625,28.475925926935663,28.475925926935663,1.0,0.171539306640625
25,25000016,25000016,A,2,3,2905.9225511702275,2911.9465627188165,6.024011548588987,6.024011548588987,2911.9465627188165,2905.9225511702275,2911.9465627188165,6.024011548588987,A,True,True,0.171539306640625,28.475925926935663,28.475925926935663,1.0,0.171539306640625
25,25000016,25000016,A,3,4,2911.9465627188165,2917.9705742674055,6.024011548588987,6.024011548588987,2917.9705742674055,2911.9465627188165,2917.9705742674055,6.024011548588987,A,True,True,0.171539306640625,28.475925926935663,28.475925926935663,1.0,0.171539306640625
25,25000016,25000016,A,4,5,2917.9705742674055,2923.9945858159945,6.024011548588987,6.024011548588987,2923.9945858159945,2917.9705742674055,2923.9945858159945,6.024011548588987,A,True,True,0.171539306640625,28.475925926935663,28.475925926935663,1.0,0.171539306640625
25,25000016,25000016,A,5,6,2923.9945858159945,2930.0185973645835,6.024011548588987,6.024011548588987,2930.0185973645835,2923.9945858159945,2930.0185973645835,6.024011548588987,A,True,True,0.171539306640625,28.475925926935663,28.475925926935663,1.0,0.171539306640625
25,25000016,25000016,A,6,7,2930.0185973645835,2936.0426089131724,6.024011548588987,6.024011548588987,2936.0426089131724,2930.0185973645835,2936.0426089131724,6.024011548588987,A,True,True,0.171539306640625,28.475925926935663,28.475925926935663,1.0,0.171539306640625
25,25000016,25000016,A,7,8,2936.0426089131724,2942.0666204617614,6.024011548588987,6.024011548588987,2942.0666204617614,2936.0426089131724,2942.0666204617614,6.024011548588987,A,True,True,0.171539306640625,28.475925926935663,28.475925926935663,1.0,0.171539306640625
25,25000016,25000017,A,8,1,2942.0666204617614,2948.0906320103504,6.024011548588987,6.024011548588987,2948.0906320103504,2942.0666204617614,2948.0906320103504,6.024011548588987,gray,False,True,0.171539306640625,28.475925926935663,,,
25,25000017,25000017,B,1,2,2948.0906320103504,2976.6834740062313,28.592841995880917,28.592841995880917,2976.6834740062313,2948.0906320103504,2976.6834740062313,28.592841995880917,B,True,True,0.03759765625,1.3149324665039004,1.3149324665039004,1.0,0.03759765625
25,25000017,25000017,B,2,3,2976.6834740062313,3005.2763160021123,28.592841995880917,28.592841995880917,3005.2763160021123,2976.6834740062313,3005.2763160021123,28.592841995880917,B,True,True,0.03759765625,1.3149324665039004,1.3149324665039004,1.0,0.03759765625
25,25000017,25000017,B,3,4,3005.2763160021123,3033.869157997993,28.592841995880917,28.592841995880917,3033.869157997993,3005.2763160021123,3033.869157997993,28.592841995880917,B,True,True,0.03759765625,1.3149324665039004,1.3149324665039004,1.0,0.03759765625
25,25000017,25000017,B,4,5,3033.869157997993,3062.461999993874,28.592841995880917,28.592841995880917,3062.461999993874,3033.869157997993,3062.461999993874,28.592841995880917,B,True,True,0.03759765625,1.3149324665039004,1.3149324665039004,1.0,0.03759765625
25,25000017,25000017,B,5,6,3062.461999993874,3091.054841989755,28.592841995880917,28.592841995880917,3091.054841989755,3062.461999993874,3091.054841989755,28.592841995880917,B,True,True,0.03759765625,1.3149324665039004,1.3149324665039004,1.0,0.03759765625
25,25000017,25000017,B,6,7,3091.054841989755,3119.647683985636,28.592841995880917,28.592841995880917,3119.647683985636,3091.054841989755,3119.647683985636,28.592841995880917,B,True,True,0.03759765625,1.3149324665039004,1.3149324665039004,1.0,0.03759765625
25,25000017,25000017,B,7,8,3119.647683985636,3148.240525981517,28.592841995880917,28.592841995880917,3148.240525981517,3119.647683985636,3148.240525981517,28.592841995880917,B,True,True,0.03759765625,1.3149324665039004,1.3149324665039004,1.0,0.03759765625
25,25000017,25000018,B,8,1,3148.240525981517,3176.8333679773978,28.592841995880917,28.592841995880917,3176.8333679773978,3148.240525981517,3176.8333679773978,28.592841995880917,gray,False,True,0.03759765625,1.3149324665039004,,,
25,25000018,25000018,A,1,2,3176.8333679773978,3182.8573795259867,6.024011548588987,6.024011548588987,3182.8573795259867,3176.8333679773978,3182.8573795259867,6.024011548588987,A,True,True,0.171539306640625,28.475925926935663,28.475925926935663,1.0,0.171539306640625
25,25000018,25000018,A,2,3,3182.8573795259867,3188.8813910745757,6.024011548588987,6.024011548588987,3188.8813910745757,3182.8573795259867,3188.8813910745757,6.024011548588987,A,True,True,0.171539306640625,28.475925926935663,28.475925926935663,1.0,0.171539306640625
25,25000018,25000018,A,3,4,3188.8813910745757,3203.884284394562,15.00289331998647,6.024011548588987,3194.9054026231647,3188.8813910745757,3203.884284394562,6.024011548588987,A,True,True,0.171539306640625,28.475925926935663,11.433748343201557,0.4015233208759776,0.171539306640625
25,25000018,25000018,A,4,5,3203.884284394562,3217.84493197757,13.960647583007812,6.024011548588987,3209.908295943151,3203.884284394562,3217.84493197757,6.024011548588987,A,True,True,0.171539306640625,28.475925926935663,12.287345957318905,0.43149943530707746,0.171539306640625
25,25000018,25000018,A,5,6,3217.84493197757,3225.234382050812,7.3894500732421875,6.024011548588987,3223.868943526159,3217.84493197757,3225.234382050812,6.024011548588987,A,True,True,0.171539306640625,28.475925926935663,23.214082907438954,0.8152178428544274,0.171539306640625
25,25000018,25000018,A,6,7,3225.234382050812,3231.258393599401,6.024011548588987,6.024011548588987,3231.258393599401,3225.234382050812,3231.258393599401,6.024011548588987,A,True,True,0.171539306640625,28.475925926935663,28.475925926935663,1.0,0.171539306640625
25,25000018,25000018,A,7,8,3231.258393599401,3244.2721916943665,13.013798094965296,6.024011548588987,3237.28240514799,3231.258393599401,3244.2721916943665,6.024011548588987,A,True,True,0.171539306640625,28.475925926935663,13.181340711516736,0.46289419158266504,0.171539306640625
25,25000018,25000019,A,8,1,3244.2721916943665,3263.6584831982727,19.38629150390625,6.024011548588987,3250.2962032429555,3244.2721916943665,3263.6584831982727,6.024011548588987,gray,False,True,0.171539306640625,28.475925926935663,,,
25,25000019,25000019,B,1,2,3263.6584831982727,3294.6724534375307,31.013970239258015,28.592841995880917,3292.2513251941537,3263.6584831982727,3294.6724534375307,28.592841995880917,B,True,True,0.03759765625,1.3149324665039004,1.2122813029080761,0.921934269469557,0.03759765625
25,25000019,25000019,B,2,3,3294.6724534375307,3324.8304056103825,30.157952172851765,28.592841995880917,3323.2652954334117,3294.6724534375307,3324.8304056103825,28.592841995880917,B,True,True,0.03759765625,1.3149324665039004,1.2466912884040404,0.948102902743517,0.03759765625
25,25000019,25000019,B,3,4,3324.8304056103825,3353.4232476062634,28.592841995880917,28.592841995880917,3353.4232476062634,3324.8304056103825,3353.4232476062634,28.592841995880917,B,True,True,0.03759765625,1.3149324665039004,1.3149324665039004,1.0,0.03759765625
25,25000019,25000019,B,4,5,3353.4232476062634,3382.0160896021443,28.592841995880917,28.592841995880917,3382.0160896021443,3353.4232476062634,3382.0160896021443,28.592841995880917,B,True,True,0.03759765625,1.3149324665039004,1.3149324665039004,1.0,0.03759765625
25,25000019,25000019,B,5,6,3382.0160896021443,3410.6089315980253,28.592841995880917,28.592841995880917,3410.6089315980253,3382.0160896021443,3410.6089315980253,28.592841995880917,B,True,True,0.03759765625,1.3149324665039004,1.3149324665039004,1.0,0.03759765625
25,25000019,25000019,B,6,7,3410.6089315980253,3439.201773593906,28.592841995880917,28.592841995880917,3439.201773593906,3410.6089315980253,3439.201773593906,28.592841995880917,B,True,True,0.03759765625,1.3149324665039004,1.3149324665039004,1.0,0.03759765625
25,25000019,25000019,B,7,8,3439.201773593906,3467.794615589787,28.592841995880917,28.592841995880917,3467.794615589787,3439.201773593906,3467.794615589787,28.592841995880917,B,True,True,0.03759765625,1.3149324665039004,1.3149324665039004,1.0,0.03759765625
25,25000019,25000020,B,8,1,3467.794615589787,3496.387457585668,28.592841995880917,28.592841995880917,3496.387457585668,3467.794615589787,3496.387457585668,28.592841995880917,gray,False,True,0.03759765625,1.3149324665039004,,,
25,25000020,25000020,A,1,2,3496.387457585668,3507.95355084964,11.566093263972107,6.024011548588987,3502.411469134257,3496.387457585668,3507.95355084964,6.024011548588987,A,True,True,0.171539306640625,28.475925926935663,14.831222844706147,0.5208337345293185,0.171539306640625
25,25000020,25000020,A,2,3,3507.95355084964,3528.3948587353825,20.44130788574239,6.024011548588987,3513.977562398229,3507.95355084964,3528.3948587353825,6.024011548588987,A,True,True,0.171539306640625,28.475925926935663,8.391797021964136,0.2946979509462149,0.171539306640625
25,25000020,25000020,A,3,4,3528.3948587353825,3543.186147382843,14.791288647460533,6.024011548588987,3534.4188702839715,3528.3948587353825,3543.186147382843,6.024011548588987,A,True,True,0.171539306640625,28.475925926935663,11.5973199312878,0.4072675269996323,0.171539306640625
25,25000020,25000020,A,4,5,3543.186147382843,3574.3007256299134,31.114578247070312,6.024011548588987,3549.210158931432,3543.186147382843,3574.3007256299134,6.024011548588987,A,True,True,0.171539306640625,28.475925926935663,5.5131490222521915,0.19360736632051878,0.171539306640625
25,25000020,25000020,A,5,6,3574.3007256299134,3602.3355173047185,28.034791674805092,6.024011548588987,3580.3247371785023,3574.3007256299134,3602.3355173047185,6.024011548588987,A,True,True,0.171539306640625,28.475925926935663,6.118800832566472,0.214876272970588,0.171539306640625
25,25000020,25000020,A,6,7,3602.3355173047185,3627.457969086945,25.122451782226562,6.024011548588987,3608.3595288533074,3602.3355173047185,3627.457969086945,6.024011548588987,A,True,True,0.171539306640625,28.475925926935663,6.828127609821279,0.23978597315293917,0.171539306640625
25,25000020,25000020,A,7,8,3627.457969086945,3654.993016889679,27.53504780273397,6.024011548588987,3633.481980635534,3627.457969086945,3654.993016889679,6.024011548588987,A,True,True,0.171539306640625,28.475925926935663,6.229853235395247,0.21877614274527826,0.171539306640625
25,25000020,25000021,A,8,1,3654.993016889679,3663.183934858429,8.19091796875,6.024011548588987,3661.017028438268,3654.993016889679,3663.183934858429,6.024011548588987,gray,False,True,0.171539306640625,28.475925926935663,,,
25,25000021,25000021,B,1,2,3663.183934858429,3691.77677685431,28.592841995880917,28.592841995880917,3691.77677685431,3663.183934858429,3691.77677685431,28.592841995880917,B,True,True,0.03759765625,1.3149324665039004,1.3149324665039004,1.0,0.03759765625
25,25000021,25000021,B,2,3,3691.77677685431,3720.369618850191,28.592841995880917,28.592841995880917,3720.369618850191,3691.77677685431,3720.369618850191,28.592841995880917,B,True,True,0.03759765625,1.3149324665039004,1.3149324665039004,1.0,0.03759765625
25,25000021,25000021,B,3,4,3720.369618850191,3748.9624608460717,28.592841995880917,28.592841995880917,3748.9624608460717,3720.369618850191,3748.9624608460717,28.592841995880917,B,True,True,0.03759765625,1.3149324665039004,1.3149324665039004,1.0,0.03759765625
25,25000021,25000021,B,4,5,3748.9624608460717,3777.5553028419527,28.592841995880917,28.592841995880917,3777.5553028419527,3748.9624608460717,3777.5553028419527,28.592841995880917,B,True,True,0.03759765625,1.3149324665039004,1.3149324665039004,1.0,0.03759765625
25,25000021,25000021,B,5,6,3777.5553028419527,3806.1481448378336,28.592841995880917,28.592841995880917,3806.1481448378336,3777.5553028419527,3806.1481448378336,28.592841995880917,B,True,True,0.03759765625,1.3149324665039004,1.3149324665039004,1.0,0.03759765625
25,25000021,25000021,B,6,7,3806.1481448378336,3834.7409868337145,28.592841995880917,28.592841995880917,3834.7409868337145,3806.1481448378336,3834.7409868337145,28.592841995880917,B,True,True,0.03759765625,1.3149324665039004,1.3149324665039004,1.0,0.03759765625
25,25000021,25000021,B,7,8,3834.7409868337145,3863.3338288295954,28.592841995880917,28.592841995880917,3863.3338288295954,3834.7409868337145,3863.3338288295954,28.592841995880917,B,True,True,0.03759765625,1.3149324665039004,1.3149324665039004,1.0,0.03759765625
25,25000021,25000022,B,8,1,3863.3338288295954,3891.9266708254763,28.592841995880917,28.592841995880917,3891.9266708254763,3863.3338288295954,3891.9266708254763,28.592841995880917,gray,False,True,0.03759765625,1.3149324665039004,,,
25,25000022,25000022,B,1,2,3891.9266708254763,3920.5195128213572,28.592841995880917,28.592841995880917,3920.5195128213572,3891.9266708254763,3920.5195128213572,28.592841995880917,B,True,True,0.03759765625,1.3149324665039004,1.3149324665039004,1.0,0.03759765625
25,25000022,25000022,B,2,3,3920.5195128213572,3949.112354817238,28.592841995880917,28.592841995880917,3949.112354817238,3920.5195128213572,3949.112354817238,28.592841995880917,B,True,True,0.03759765625,1.3149324665039004,1.3149324665039004,1.0,0.03759765625
25,25000022,25000022,B,3,4,3949.112354817238,3977.705196813119,28.592841995880917,28.592841995880917,3977.705196813119,3949.112354817238,3977.705196813119,28.592841995880917,B,True,True,0.03759765625,1.3149324665039004,1.3149324665039004,1.0,0.03759765625
25,25000022,25000022,B,4,5,3977.705196813119,4006.298038809,28.592841995880917,28.592841995880917,4006.298038809,3977.705196813119,4000.0,22.294803186880927,gray,True,False,0.03759765625,1.3149324665039004,,,
26,26000009,26000009,A,4,5,1999.0447016918793,2019.2618342602386,20.217132568359375,6.024011548589215,2005.0687132404685,2000.0,2019.2618342602386,5.068713240468469,gray,True,False,0.171539306640625,28.47592592693459,,,
26,26000009,26000009,A,5,6,2019.2618342602386,2039.9868030346527,20.724968774414037,6.024011548589215,2025.2858458088278,2019.2618342602386,2039.9868030346527,6.024011548589215,A,True,True,0.171539306640625,28.47592592693459,8.276939208342666,0.29066444510286277,0.171539306640625
26,26000009,26000009,A,6,7,2039.9868030346527,2069.8045656811373,29.817762646484653,6.024011548589215,2046.0108145832419,2039.9868030346527,2069.8045656811373,6.024011548589215,A,True,True,0.171539306640625,28.47592592693459,5.752923472977223,0.20202761756504262,0.171539306640625
26,26000009,26000009,A,7,8,2069.8045656811373,2093.3744356762545,23.569869995117188,6.024011548588987,2075.8285772297263,2069.8045656811373,2093.3744356762545,6.024011548588987,A,True,True,0.171539306640625,28.475925926935663,7.277906355705893,0.25558102568393215,0.171539306640625
26,26000009,26000010,A,8,1,2093.3744356762545,2099.3984472248435,6.024011548588987,6.024011548588987,2099.3984472248435,2093.3744356762545,2099.3984472248435,6.024011548588987,gray,False,True,0.171539306640625,28.475925926935663,,,
26,26000010,26000010,B,1,2,2099.3984472248435,2127.9912892207244,28.592841995880917,28.592841995880917,2127.9912892207244,2099.3984472248435,2127.9912892207244,28.592841995880917,B,True,True,0.03759765625,1.3149324665039004,1.3149324665039004,1.0,0.03759765625
26,26000010,26000010,B,2,3,2127.9912892207244,2156.5841312166053,28.592841995880917,28.592841995880917,2156.5841312166053,2127.9912892207244,2156.5841312166053,28.592841995880917,B,True,True,0.03759765625,1.3149324665039004,1.3149324665039004,1.0,0.03759765625
26,26000010,26000010,B,3,4,2156.5841312166053,2185.1769732124862,28.592841995880917,28.592841995880917,2185.1769732124862,2156.5841312166053,2185.1769732124862,28.592841995880917,B,True,True,0.03759765625,1.3149324665039004,1.3149324665039004,1.0,0.03759765625
26,26000010,26000010,B,4,5,2185.1769732124862,2213.769815208367,28.592841995880917,28.592841995880917,2213.769815208367,2185.1769732124862,2213.769815208367,28.592841995880917,B,True,True,0.03759765625,1.3149324665039004,1.3149324665039004,1.0,0.03759765625
26,26000010,26000010,B,5,6,2213.769815208367,2242.362657204248,28.592841995880917,28.592841995880917,2242.362657204248,2213.769815208367,2242.362657204248,28.592841995880917,B,True,True,0.03759765625,1.3149324665039004,1.3149324665039004,1.0,0.03759765625
26,26000010,26000010,B,6,7,2242.362657204248,2270.955499200129,28.592841995880917,28.592841995880917,2270.955499200129,2242.362657204248,2270.955499200129,28.592841995880917,B,True,True,0.03759765625,1.3149324665039004,1.3149324665039004,1.0,0.03759765625
26,26000010,26000010,B,7,8,2270.955499200129,2299.54834119601,28.592841995880917,28.592841995880917,2299.54834119601,2270.955499200129,2299.54834119601,28.592841995880917,B,True,True,0.03759765625,1.3149324665039004,1.3149324665039004,1.0,0.03759765625
26,26000010,26000011,B,8,1,2299.54834119601,2328.141183191891,28.592841995880917,28.592841995880917,2328.141183191891,2299.54834119601,2328.141183191891,28.592841995880917,gray,False,True,0.03759765625,1.3149324665039004,,,
26,26000011,26000011,B,1,2,2328.141183191891,2356.7340251877717,28.592841995880917,28.592841995880917,2356.7340251877717,2328.141183191891,2356.7340251877717,28.592841995880917,B,True,True,0.03759765625,1.3149324665039004,1.3149324665039004,1.0,0.03759765625
26,26000011,26000011,B,2,3,2356.7340251877717,2385.3268671836527,28.592841995880917,28.592841995880917,2385.3268671836527,2356.7340251877717,2385.3268671836527,28.592841995880917,B,True,True,0.03759765625,1.3149324665039004,1.3149324665039004,1.0,0.03759765625
26,26000011,26000011,B,3,4,2385.3268671836527,2413.9197091795336,28.592841995880917,28.592841995880917,2413.9197091795336,2385.3268671836527,2413.9197091795336,28.592841995880917,B,True,True,0.03759765625,1.3149324665039004,1.3149324665039004,1.0,0.03759765625
26,26000011,26000011,B,4,5,2413.9197091795336,2442.5125511754145,28.592841995880917,28.592841995880917,2442.5125511754145,2413.9197091795336,2442.5125511754145,28.592841995880917,B,True,True,0.03759765625,1.3149324665039004,1.3149324665039004,1.0,0.03759765625
26,26000011,26000011,B,5,6,2442.5125511754145,2471.1053931712954,28.592841995880917,28.592841995880917,2471.1053931712954,2442.5125511754145,2471.1053931712954,28.592841995880917,B,True,True,0.03759765625,1.3149324665039004,1.3149324665039004,1.0,0.03759765625
26,26000011,26000011,B,6,7,2471.1053931712954,2499.6982351671763,28.592841995880917,28.592841995880917,2499.6982351671763,2471.1053931712954,2499.6982351671763,28.592841995880917,B,True,True,0.03759765625,1.3149324665039004,1.3149324665039004,1.0,0.03759765625
26,26000011,26000011,B,7,8,2499.6982351671763,2528.2910771630573,28.592841995880917,28.592841995880917,2528.2910771630573,2499.6982351671763,2528.2910771630573,28.592841995880917,B,True,True,0.03759765625,1.3149324665039004,1.3149324665039004,1.0,0.03759765625
26,26000011,26000012,B,8,1,2528.2910771630573,2556.883919158938,28.592841995880917,28.592841995880917,2556.883919158938,2528.2910771630573,2556.883919158938,28.592841995880917,gray,False,True,0.03759765625,1.3149324665039004,,,
26,26000012,26000012,B,1,2,2556.883919158938,2585.476761154819,28.592841995880917,28.592841995880917,2585.476761154819,2556.883919158938,2585.476761154819,28.592841995880917,B,True,True,0.03759765625,1.3149324665039004,1.3149324665039004,1.0,0.03759765625
26,26000012,26000012,B,2,3,2585.476761154819,2614.0696031507,28.592841995880917,28.592841995880917,2614.0696031507,2585.476761154819,2614.0696031507,28.592841995880917,B,True,True,0.03759765625,1.3149324665039004,1.3149324665039004,1.0,0.03759765625
26,26000012,26000012,B,3,4,2614.0696031507,2642.662445146581,28.592841995880917,28.592841995880917,2642.662445146581,2614.0696031507,2642.662445146581,28.592841995880917,B,True,True,0.03759765625,1.3149324665039004,1.3149324665039004,1.0,0.03759765625
26,26000012,26000012,B,4,5,2642.662445146581,2671.255287142462,28.592841995880917,28.592841995880917,2671.255287142462,2642.662445146581,2671.255287142462,28.592841995880917,B,True,True,0.03759765625,1.3149324665039004,1.3149324665039004,1.0,0.03759765625
26,26000012,26000012,B,5,6,2671.255287142462,2699.8481291383428,28.592841995880917,28.592841995880917,2699.8481291383428,2671.255287142462,2699.8481291383428,28.592841995880917,B,True,True,0.03759765625,1.3149324665039004,1.3149324665039004,1.0,0.03759765625
26,26000012,26000012,B,6,7,2699.8481291383428,2728.4409711342237,28.592841995880917,28.592841995880917,2728.4409711342237,2699.8481291383428,2728.4409711342237,28.592841995880917,B,True,True,0.03759765625,1.3149324665039004,1.3149324665039004,1.0,0.03759765625
26,26000012,26000012,B,7,8,2728.4409711342237,2757.0338131301046,28.592841995880917,28.592841995880917,2757.0338131301046,2728.4409711342237,2757.0338131301046,28.592841995880917,B,True,True,0.03759765625,1.3149324665039004,1.3149324665039004,1.0,0.03759765625
26,26000012,26000013,B,8,1,2757.0338131301046,2785.6266551259855,28.592841995880917,28.592841995880917,2785.6266551259855,2757.0338131301046,2785.6266551259855,28.592841995880917,gray,False,True,0.03759765625,1.3149324665039004,,,
26,26000013,26000013,B,1,2,2785.6266551259855,2814.2194971218664,28.592841995880917,28.592841995880917,2814.2194971218664,2785.6266551259855,2814.2194971218664,28.592841995880917,B,True,True,0.03759765625,1.3149324665039004,1.3149324665039004,1.0,0.03759765625
26,26000013,26000013,B,2,3,2814.2194971218664,2842.8123391177473,28.592841995880917,28.592841995880917,2842.8123391177473,2814.2194971218664,2842.8123391177473,28.592841995880917,B,True,True,0.03759765625,1.3149324665039004,1.3149324665039004,1.0,0.03759765625
26,26000013,26000013,B,3,4,2842.8123391177473,2871.4051811136283,28.592841995880917,28.592841995880917,2871.4051811136283,2842.8123391177473,2871.4051811136283,28.592841995880917,B,True,True,0.03759765625,1.3149324665039004,1.3149324665039004,1.0,0.03759765625
26,26000013,26000013,B,4,5,2871.4051811136283,2899.998023109509,28.592841995880917,28.592841995880917,2899.998023109509,2871.4051811136283,2899.998023109509,28.592841995880917,B,True,True,0.03759765625,1.3149324665039004,1.3149324665039004,1.0,0.03759765625
26,26000013,26000013,B,5,6,2899.998023109509,2928.59086510539,28.592841995880917,28.592841995880917,2928.59086510539,2899.998023109509,2928.59086510539,28.592841995880917,B,True,True,0.03759765625,1.3149324665039004,1.3149324665039004,1.0,0.03759765625
26,26000013,26000013,B,6,7,2928.59086510539,2957.183707101271,28.592841995880917,28.592841995880917,2957.183707101271,2928.59086510539,2957.183707101271,28.592841995880917,B,True,True,0.03759765625,1.3149324665039004,1.3149324665039004,1.0,0.03759765625
26,26000013,26000013,B,7,8,2957.183707101271,2985.776549097152,28.592841995880917,28.592841995880917,2985.776549097152,2957.183707101271,2985.776549097152,28.592841995880917,B,True,True,0.03759765625,1.3149324665039004,1.3149324665039004,1.0,0.03759765625
26,26000013,26000014,B,8,1,2985.776549097152,3014.369391093033,28.592841995880917,28.592841995880917,3014.369391093033,2985.776549097152,3014.369391093033,28.592841995880917,gray,False,True,0.03759765625,1.3149324665039004,,,
26,26000014,26000014,B,1,2,3014.369391093033,3042.9622330889138,28.592841995880917,28.592841995880917,3042.9622330889138,3014.369391093033,3042.9622330889138,28.592841995880917,B,True,True,0.03759765625,1.3149324665039004,1.3149324665039004,1.0,0.03759765625
26,26000014,26000014,B,2,3,3042.9622330889138,3071.5550750847947,28.592841995880917,28.592841995880917,3071.5550750847947,3042.9622330889138,3071.5550750847947,28.592841995880917,B,True,True,0.03759765625,1.3149324665039004,1.3149324665039004,1.0,0.03759765625
26,26000014,26000014,B,3,4,3071.5550750847947,3100.1479170806756,28.592841995880917,28.592841995880917,3100.1479170806756,3071.5550750847947,3100.1479170806756,28.592841995880917,B,True,True,0.03759765625,1.3149324665039004,1.3149324665039004,1.0,0.03759765625
26,26000014,26000014,B,4,5,3100.1479170806756,3128.7407590765565,28.592841995880917,28.592841995880917,3128.7407590765565,3100.1479170806756,3128.7407590765565,28.592841995880917,B,True,True,0.03759765625,1.3149324665039004,1.3149324665039004,1.0,0.03759765625
26,26000014,26000014,B,5,6,3128.7407590765565,3157.3336010724374,28.592841995880917,28.592841995880917,3157.3336010724374,3128.7407590765565,3157.3336010724374,28.592841995880917,B,True,True,0.03759765625,1.3149324665039004,1.3149324665039004,1.0,0.03759765625
26,26000014,26000014,B,6,7,3157.3336010724374,3185.9264430683183,28.592841995880917,28.592841995880917,3185.9264430683183,3157.3336010724374,3185.9264430683183,28.592841995880917,B,True,True,0.03759765625,1.3149324665039004,1.3149324665039004,1.0,0.03759765625
26,26000014,26000014,B,7,8,3185.9264430683183,3214.5192850641993,28.592841995880917,28.592841995880917,3214.5192850641993,3185.9264430683183,3214.5192850641993,28.592841995880917,B,True,True,0.03759765625,1.3149324665039004,1.3149324665039004,1.0,0.03759765625
26,26000014,26000015,B,8,1,3214.5192850641993,3243.11212706008,28.592841995880917,28.592841995880917,3243.11212706008,3214.5192850641993,3243.11212706008,28.592841995880917,gray,False,True,0.03759765625,1.3149324665039004,,,
26,26000015,26000015,B,1,2,3243.11212706008,3271.704969055961,28.592841995880917,28.592841995880917,3271.704969055961,3243.11212706008,3271.704969055961,28.592841995880917,B,True,True,0.03759765625,1.3149324665039004,1.3149324665039004,1.0,0.03759765625
26,26000015,26000015,B,2,3,3271.704969055961,3300.297811051842,28.592841995880917,28.592841995880917,3300.297811051842,3271.704969055961,3300.297811051842,28.592841995880917,B,True,True,0.03759765625,1.3149324665039004,1.3149324665039004,1.0,0.03759765625
26,26000015,26000015,B,3,4,3300.297811051842,3328.890653047723,28.592841995880917,28.592841995880917,3328.890653047723,3300.297811051842,3328.890653047723,28.592841995880917,B,True,True,0.03759765625,1.3149324665039004,1.3149324665039004,1.0,0.03759765625
26,26000015,26000015,B,4,5,3328.890653047723,3357.483495043604,28.592841995880917,28.592841995880917,3357.483495043604,3328.890653047723,3357.483495043604,28.592841995880917,B,True,True,0.03759765625,1.3149324665039004,1.3149324665039004,1.0,0.03759765625
26,26000015,26000015,B,5,6,3357.483495043604,3386.0763370394848,28.592841995880917,28.592841995880917,3386.0763370394848,3357.483495043604,3386.0763370394848,28.592841995880917,B,True,True,0.03759765625,1.3149324665039004,1.3149324665039004,1.0,0.03759765625
26,26000015,26000015,B,6,7,3386.0763370394848,3414.6691790353657,28.592841995880917,28.592841995880917,3414.6691790353657,3386.0763370394848,3414.6691790353657,28.592841995880917,B,True,True,0.03759765625,1.3149324665039004,1.3149324665039004,1.0,0.03759765625
26,26000015,26000015,B,7,8,3414.6691790353657,3443.2620210312466,28.592841995880917,28.592841995880917,3443.2620210312466,3414.6691790353657,3443.2620210312466,28.592841995880917,B,True,True,0.03759765625,1.3149324665039004,1.3149324665039004,1.0,0.03759765625
26,26000015,26000016,B,8,1,3443.2620210312466,3471.8548630271275,28.592841995880917,28.592841995880917,3471.8548630271275,3443.2620210312466,3471.8548630271275,28.592841995880917,gray,False,True,0.03759765625,1.3149324665039004,,,
26,26000016,26000016,A,1,2,3471.8548630271275,3488.170401948273,16.315538921145617,6.024011548588987,3477.8788745757165,3471.8548630271275,3488.170401948273,6.024011548588987,A,True,True,0.171539306640625,28.475925926935663,10.51386089480029,0.36921928093846895,0.171539306640625
26,26000016,26000016,A,2,3,3488.170401948273,3498.870427778351,10.70002583007772,6.024011548588987,3494.194413496862,3488.170401948273,3498.870427778351,6.024011548588987,A,True,True,0.171539306640625,28.475925926935663,16.031672200120195,0.5629903744396131,0.171539306640625
26,26000016,26000016,A,3,4,3498.870427778351,3519.16319135257,20.292763574218952,6.024011548588987,3504.89443932694,3498.870427778351,3519.16319135257,6.024011548588987,A,True,True,0.171539306640625,28.475925926935663,8.453225506384848,0.29685515856707784,0.171539306640625
26,26000016,26000016,A,4,5,3519.16319135257,3540.387303999054,21.224112646484173,6.024011548588987,3525.187202901159,3519.16319135257,3540.387303999054,6.024011548588987,A,True,True,0.171539306640625,28.475925926935663,8.082284027504015,0.28382866454428096,0.171539306640625
26,26000016,26000016,A,5,6,3540.387303999054,3561.086995771515,20.699691772460938,6.024011548588987,3546.411315547643,3540.387303999054,3561.086995771515,6.024011548588987,A,True,True,0.171539306640625,28.475925926935663,8.287046422055544,0.29101938399891486,0.171539306640625
26,26000016,26000016,A,6,7,3561.086995771515,3573.3356072217102,12.248611450195312,6.024011548588987,3567.111007320104,3561.086995771515,3573.3356072217102,6.024011548588987,A,True,True,0.171539306640625,28.475925926935663,14.004796163069544,0.4918117921434213,0.171539306640625
26,26000016,26000016,A,7,8,3573.3356072217102,3596.6245340283513,23.28892680664103,6.024011548588987,3579.359618770299,3573.3356072217102,3596.6245340283513,6.024011548588987,A,True,True,0.171539306640625,28.475925926935663,7.365702510246593,0.2586641968779425,0.171539306640625
26,26000016,26000017,A,8,1,3596.6245340283513,3602.6485455769403,6.024011548588987,6.024011548588987,3602.6485455769403,3596.6245340283513,3602.6485455769403,6.024011548588987,gray,False,True,0.171539306640625,28.475925926935663,,,
26,26000017,26000017,B,1,2,3602.6485455769403,3631.241387572821,28.592841995880917,28.592841995880917,3631.241387572821,3602.6485455769403,3631.241387572821,28.592841995880917,B,True,True,0.03759765625,1.3149324665039004,1.3149324665039004,1.0,0.03759765625
26,26000017,26000017,B,2,3,3631.241387572821,3659.834229568702,28.592841995880917,28.592841995880917,3659.834229568702,3631.241387572821,3659.834229568702,28.592841995880917,B,True,True,0.03759765625,1.3149324665039004,1.3149324665039004,1.0,0.03759765625
26,26000017,26000017,B,3,4,3659.834229568702,3688.427071564583,28.592841995880917,28.592841995880917,3688.427071564583,3659.834229568702,3688.427071564583,28.592841995880917,B,True,True,0.03759765625,1.3149324665039004,1.3149324665039004,1.0,0.03759765625
26,26000017,26000017,B,4,5,3688.427071564583,3717.019913560464,28.592841995880917,28.592841995880917,3717.019913560464,3688.427071564583,3717.019913560464,28.592841995880917,B,True,True,0.03759765625,1.3149324665039004,1.3149324665039004,1.0,0.03759765625
26,26000017,26000017,B,5,6,3717.019913560464,3745.612755556345,28.592841995880917,28.592841995880917,3745.612755556345,3717.019913560464,3745.612755556345,28.592841995880917,B,True,True,0.03759765625,1.3149324665039004,1.3149324665039004,1.0,0.03759765625
26,26000017,26000017,B,6,7,3745.612755556345,3774.2055975522258,28.592841995880917,28.592841995880917,3774.2055975522258,3745.612755556345,3774.2055975522258,28.592841995880917,B,True,True,0.03759765625,1.3149324665039004,1.3149324665039004,1.0,0.03759765625
26,26000017,26000017,B,7,8,3774.2055975522258,3802.7984395481067,28.592841995880917,28.592841995880917,3802.7984395481067,3774.2055975522258,3802.7984395481067,28.592841995880917,B,True,True,0.03759765625,1.3149324665039004,1.3149324665039004,1.0,0.03759765625
26,26000017,26000018,B,8,1,3802.7984395481067,3831.3912815439876,28.592841995880917,28.592841995880917,3831.3912815439876,3802.7984395481067,3831.3912815439876,28.592841995880917,gray,False,True,0.03759765625,1.3149324665039004,,,
26,26000018,26000018,A,1,2,3831.3912815439876,3846.9048142773745,15.51353273338691,6.024011548588987,3837.4152930925766,3831.3912815439876,3846.9048142773745,6.024011548588987,A,True,True,0.171539306640625,28.475925926935663,11.05739805295622,0.3883068835523595,0.171539306640625
26,26000018,26000018,A,2,3,3846.9048142773745,3854.835569892609,7.930755615234375,6.024011548588987,3852.9288258259635,3846.9048142773745,3854.835569892609,6.024011548588987,A,True,True,0.171539306640625,28.475925926935663,21.62962962962963,0.7595759900881729,0.171539306640625
26,26000018,26000018,A,3,4,3854.835569892609,3860.859581441198,6.024011548588987,6.024011548588987,3860.859581441198,3854.835569892609,3860.859581441198,6.024011548588987,A,True,True,0.171539306640625,28.475925926935663,28.475925926935663,1.0,0.171539306640625
26,26000018,26000018,A,4,5,3860.859581441198,3866.883592989787,6.024011548588987,6.024011548588987,3866.883592989787,3860.859581441198,3866.883592989787,6.024011548588987,A,True,True,0.171539306640625,28.475925926935663,28.475925926935663,1.0,0.171539306640625
26,26000018,26000018,A,5,6,3866.883592989787,3876.966254609406,10.082661619619103,6.024011548588987,3872.907604538376,3866.883592989787,3876.966254609406,6.024011548588987,A,True,True,0.171539306640625,28.475925926935663,17.013296003789257,0.597462433616468,0.171539306640625
26,26000018,26000018,A,6,7,3876.966254609406,3883.1346200879216,6.168365478515625,6.024011548588987,3882.990266157995,3876.966254609406,3883.1346200879216,6.024011548588987,A,True,True,0.171539306640625,28.475925926935663,27.80952380952381,0.9765977015419367,0.171539306640625
26,26000018,26000018,A,7,8,3883.1346200879216,3894.9299455029604,11.79532541503886,6.024011548588987,3889.1586316365106,3883.1346200879216,3894.9299455029604,6.024011548588987,A,True,True,0.171539306640625,28.475925926935663,14.542990600489496,0.5107117723864121,0.171539306640625
26,26000018,26000019,A,8,1,3894.9299455029604,3905.1894737988587,10.259528295898235,6.024011548588987,3900.9539570515494,3894.9299455029604,3905.1894737988587,6.024011548588987,gray,False,True,0.171539306640625,28.475925926935663,,,
26,26000019,26000019,A,1,2,3905.1894737988587,3912.041914497101,6.85244069824239,6.024011548588987,3911.2134853474477,3905.1894737988587,3912.041914497101,6.024011548588987,A,True,True,0.171539306640625,28.475925926935663,25.033315017906514,0.8791045138317083,0.171539306640625
26,26000019,26000019,A,2,3,3912.041914497101,3918.06592604569,6.024011548588987,6.024011548588987,3918.06592604569,3912.041914497101,3918.06592604569,6.024011548588987,A,True,True,0.171539306640625,28.475925926935663,28.475925926935663,1.0,0.171539306640625
26,26000019,26000019,A,3,4,3918.06592604569,3924.8947739941714,6.828847948481325,6.024011548588987,3924.089937594279,3918.06592604569,3924.8947739941714,6.024011548588987,A,True,True,0.171539306640625,28.475925926935663,25.119801749103786,0.882141701504523,0.171539306640625
26,26000019,26000019,A,4,5,3924.8947739941714,3933.3836198193667,8.488845825195312,6.024011548588987,3930.9187855427604,3924.8947739941714,3933.3836198193667,6.024011548588987,A,True,True,0.171539306640625,28.475925926935663,20.207612456747405,0.7096384682484661,0.171539306640625
26,26000019,26000019,A,5,6,3933.3836198193667,3940.8066392285464,7.4230194091796875,6.024011548588987,3939.4076313679557,3933.3836198193667,3940.8066392285464,6.024011548588987,A,True,True,0.171539306640625,28.475925926935663,23.109101187111364,0.8115311595628304,0.171539306640625
26,26000019,26000019,A,6,7,3940.8066392285464,3946.8306507771354,6.024011548588987,6.024011548588987,3946.8306507771354,3940.8066392285464,3946.8306507771354,6.024011548588987,A,True,True,0.171539306640625,28.475925926935663,28.475925926935663,1.0,0.171539306640625
26,26000019,26000019,A,7,8,3946.8306507771354,3953.4496903760073,6.61903959887195,6.024011548588987,3952.8546623257243,3946.8306507771354,3953.4496903760073,6.024011548588987,A,True,True,0.171539306640625,28.475925926935663,25.916041757758872,0.9101035669307115,0.171539306640625
26,26000019,26000020,A,8,1,3953.4496903760073,3962.2994065625307,8.849716186523438,6.024011548588987,3959.4737019245963,3953.4496903760073,3962.2994065625307,6.024011548588987,gray,False,True,0.171539306640625,28.475925926935663,,,
26,26000020,26000020,B,1,2,3962.2994065625307,3990.8922485584117,28.592841995880917,28.592841995880917,3990.8922485584117,3962.2994065625307,3990.8922485584117,28.592841995880917,B,True,True,0.03759765625,1.3149324665039004,1.3149324665039004,1.0,0.03759765625
26,26000020,26000020,B,2,3,3990.8922485584117,4019.4850905542926,28.592841995880917,28.592841995880917,4019.4850905542926,3990.8922485584117,4000.0,9.107751441588334,gray,True,False,0.03759765625,1.3149324665039004,,,
27,27000009,27000009,A,3,4,1988.655092219223,2016.5596027172699,27.904510498046875,6.024011548589215,1994.6791037678122,2000.0,2016.5596027172699,0.0,gray,True,False,0.171539306640625,28.47592592693459,,,
27,27000009,27000009,A,4,5,2016.5596027172699,2028.5773249828949,12.017722265625025,6.024011548589215,2022.583614265859,2016.5596027172699,2028.5773249828949,6.024011548589215,A,True,True,0.171539306640625,28.47592592693459,14.27386178920848,0.5012606728165151,0.171539306640625
27,27000009,27000009,A,5,6,2028.5773249828949,2066.019723054184,37.44239807128906,6.024011548589215,2034.601336531484,2028.5773249828949,2066.019723054184,6.024011548589215,A,True,True,0.171539306640625,28.47592592693459,4.581418805334529,0.1608874393440212,0.171539306640625
27,27000009,27000009,A,6,7,2066.019723054184,2080.9579775463717,14.938254492187752,6.024011548588987,2072.043734602773,2066.019723054184,2080.9579775463717,6.024011548588987,A,True,True,0.171539306640625,28.475925926935663,11.483222938150824,0.4032607391806961,0.171539306640625
27,27000009,27000009,A,7,8,2080.9579775463717,2104.934975739731,23.976998193359123,6.024011548588987,2086.9819890949607,2080.9579775463717,2104.934975739731,6.024011548588987,A,True,True,0.171539306640625,28.475925926935663,7.154327879464745,0.25124127299043836,0.171539306640625
27,27000009,27000010,A,8,1,2104.934975739731,2110.95898728832,6.024011548588987,6.024011548588987,2110.95898728832,2104.934975739731,2110.95898728832,6.024011548588987,gray,False,True,0.171539306640625,28.475925926935663,,,
27,27000010,27000010,B,1,2,2110.95898728832,2139.5518292842007,28.592841995880917,28.592841995880917,2139.5518292842007,2110.95898728832,2139.5518292842007,28.592841995880917,B,True,True,0.03759765625,1.3149324665039004,1.3149324665039004,1.0,0.03759765625
27,27000010,27000010,B,2,3,2139.5518292842007,2168.1446712800816,28.592841995880917,28.592841995880917,2168.1446712800816,2139.5518292842007,2168.1446712800816,28.592841995880917,B,True,True,0.03759765625,1.3149324665039004,1.3149324665039004,1.0,0.03759765625
27,27000010,27000010,B,3,4,2168.1446712800816,2196.7375132759626,28.592841995880917,28.592841995880917,2196.7375132759626,2168.1446712800816,2196.7375132759626,28.592841995880917,B,True,True,0.03759765625,1.3149324665039004,1.3149324665039004,1.0,0.03759765625
27,27000010,27000010,B,4,5,2196.7375132759626,2225.3303552718435,28.592841995880917,28.592841995880917,2225.3303552718435,2196.7375132759626,2225.3303552718435,28.592841995880917,B,True,True,0.03759765625,1.3149324665039004,1.3149324665039004,1.0,0.03759765625
27,27000010,27000010,B,5,6,2225.3303552718435,2253.9231972677244,28.592841995880917,28.592841995880917,2253.9231972677244,2225.3303552718435,2253.9231972677244,28.592841995880917,B,True,True,0.03759765625,1.3149324665039004,1.3149324665039004,1.0,0.03759765625
27,27000010,27000010,B,6,7,2253.9231972677244,2282.5160392636053,28.592841995880917,28.592841995880917,2282.5160392636053,2253.9231972677244,2282.5160392636053,28.592841995880917,B,True,True,0.03759765625,1.3149324665039004,1.3149324665039004,1.0,0.03759765625
27,27000010,27000010,B,7,8,2282.5160392636053,2311.108881259486,28.592841995880917,28.592841995880917,2311.108881259486,2282.5160392636053,2311.108881259486,28.592841995880917,B,True,True,0.03759765625,1.3149324665039004,1.3149324665039004,1.0,0.03759765625
27,27000010,27000011,B,8,1,2311.108881259486,2339.701723255367,28.592841995880917,28.592841995880917,2339.701723255367,2311.108881259486,2339.701723255367,28.592841995880917,gray,False,True,0.03759765625,1.3149324665039004,,,
27,27000011,27000011,B,1,2,2339.701723255367,2368.294565251248,28.592841995880917,28.592841995880917,2368.294565251248,2339.701723255367,2368.294565251248,28.592841995880917,B,True,True,0.03759765625,1.3149324665039004,1.3149324665039004,1.0,0.03759765625
27,27000011,27000011,B,2,3,2368.294565251248,2396.887407247129,28.592841995880917,28.592841995880917,2396.887407247129,2368.294565251248,2396.887407247129,28.592841995880917,B,True,True,0.03759765625,1.3149324665039004,1.3149324665039004,1.0,0.03759765625
27,27000011,27000011,B,3,4,2396.887407247129,2425.48024924301,28.592841995880917,28.592841995880917,2425.48024924301,2396.887407247129,2425.48024924301,28.592841995880917,B,True,True,0.03759765625,1.3149324665039004,1.3149324665039004,1.0,0.03759765625
27,27000011,27000011,B,4,5,2425.48024924301,2454.073091238891,28.592841995880917,28.592841995880917,2454.073091238891,2425.48024924301,2454.073091238891,28.592841995880917,B,True,True,0.03759765625,1.3149324665039004,1.3149324665039004,1.0,0.03759765625
27,27000011,27000011,B,5,6,2454.073091238891,2482.6659332347717,28.592841995880917,28.592841995880917,2482.6659332347717,2454.073091238891,2482.6659332347717,28.592841995880917,B,True,True,0.03759765625,1.3149324665039004,1.3149324665039004,1.0,0.03759765625
27,27000011,27000011,B,6,7,2482.6659332347717,2511.2587752306526,28.592841995880917,28.592841995880917,2511.2587752306526,2482.6659332347717,2511.2587752306526,28.592841995880917,B,True,True,0.03759765625,1.3149324665039004,1.3149324665039004,1.0,0.03759765625
27,27000011,27000011,B,7,8,2511.2587752306526,2539.8516172265336,28.592841995880917,28.592841995880917,2539.8516172265336,2511.2587752306526,2539.8516172265336,28.592841995880917,B,True,True,0.03759765625,1.3149324665039004,1.3149324665039004,1.0,0.03759765625
27,27000011,27000012,B,8,1,2539.8516172265336,2568.4444592224145,28.592841995880917,28.592841995880917,2568.4444592224145,2539.8516172265336,2568.4444592224145,28.592841995880917,gray,False,True,0.03759765625,1.3149324665039004,,,
27,27000012,27000012,A,1,2,2568.4444592224145,2579.7175398081017,11.27308058568724,6.024011548588987,2574.4684707710035,2568.4444592224145,2579.7175398081017,6.024011548588987,A,True,True,0.171539306640625,28.475925926935663,15.216719630161986,0.5343713728292971,0.171539306640625
27,27000012,27000012,A,2,3,2579.7175398081017,2601.848224524899,22.130684716797077,6.024011548588987,2585.7415513566907,2579.7175398081017,2601.848224524899,6.024011548588987,A,True,True,0.171539306640625,28.475925926935663,7.751197436310117,0.27220176988092887,0.171539306640625
27,27000012,27000012,A,3,4,2601.848224524899,2607.872236073488,6.024011548588987,6.024011548588987,2607.872236073488,2601.848224524899,2607.872236073488,6.024011548588987,A,True,True,0.171539306640625,28.475925926935663,28.475925926935663,1.0,0.171539306640625
27,27000012,27000012,A,4,5,2607.872236073488,2618.9265241831017,11.054288109613935,6.024011548588987,2613.8962476220768,2607.872236073488,2618.9265241831017,6.024011548588987,A,True,True,0.171539306640625,28.475925926935663,15.517897212343954,0.5449479413649345,0.171539306640625
27,27000012,27000012,A,5,6,2618.9265241831017,2626.895045301266,7.9685211181640625,6.024011548588987,2624.9505357316907,2618.9265241831017,2626.895045301266,6.024011548588987,A,True,True,0.171539306640625,28.475925926935663,21.52711953659821,0.7559761038792243,0.171539306640625
27,27000012,27000012,A,6,7,2626.895045301266,2638.270854017086,11.375808715820312,6.024011548588987,2632.9190568498548,2626.895045301266,2638.270854017086,6.024011548588987,A,True,True,0.171539306640625,28.475925926935663,15.079306528956105,0.5295457843108251,0.171539306640625
27,27000012,27000012,A,7,8,2638.270854017086,2654.619220618649,16.348366601562702,6.024011548588987,2644.294865565675,2638.270854017086,2654.619220618649,6.024011548588987,A,True,True,0.171539306640625,28.475925926935663,10.492748959044505,0.36847788500247886,0.171539306640625
27,27000012,27000013,A,8,1,2654.619220618649,2662.625307239742,8.006086621093345,6.024011548588987,2660.643232167238,2654.619220618649,2662.625307239742,6.024011548588987,gray,False,True,0.171539306640625,28.475925926935663,,,
27,27000013,27000013,B,1,2,2662.625307239742,2691.218149235623,28.592841995880917,28.592841995880917,2691.218149235623,2662.625307239742,2691.218149235623,28.592841995880917,B,True,True,0.03759765625,1.3149324665039004,1.3149324665039004,1.0,0.03759765625
27,27000013,27000013,B,2,3,2691.218149235623,2719.810991231504,28.592841995880917,28.592841995880917,2719.810991231504,2691.218149235623,2719.810991231504,28.592841995880917,B,True,True,0.03759765625,1.3149324665039004,1.3149324665039004,1.0,0.03759765625
27,27000013,27000013,B,3,4,2719.810991231504,2748.403833227385,28.592841995880917,28.592841995880917,2748.403833227385,2719.810991231504,2748.403833227385,28.592841995880917,B,True,True,0.03759765625,1.3149324665039004,1.3149324665039004,1.0,0.03759765625
27,27000013,27000013,B,4,5,2748.403833227385,2776.996675223266,28.592841995880917,28.592841995880917,2776.996675223266,2748.403833227385,2776.996675223266,28.592841995880917,B,True,True,0.03759765625,1.3149324665039004,1.3149324665039004,1.0,0.03759765625
27,27000013,27000013,B,5,6,2776.996675223266,2805.5895172191467,28.592841995880917,28.592841995880917,2805.5895172191467,2776.996675223266,2805.5895172191467,28.592841995880917,B,True,True,0.03759765625,1.3149324665039004,1.3149324665039004,1.0,0.03759765625
27,27000013,27000013,B,6,7,2805.5895172191467,2834.1823592150276,28.592841995880917,28.592841995880917,2834.1823592150276,2805.5895172191467,2834.1823592150276,28.592841995880917,B,True,True,0.03759765625,1.3149324665039004,1.3149324665039004,1.0,0.03759765625
27,27000013,27000013,B,7,8,2834.1823592150276,2862.7752012109086,28.592841995880917,28.592841995880917,2862.7752012109086,2834.1823592150276,2862.7752012109086,28.592841995880917,B,True,True,0.03759765625,1.3149324665039004,1.3149324665039004,1.0,0.03759765625
27,27000013,27000014,B,8,1,2862.7752012109086,2891.3680432067895,28.592841995880917,28.592841995880917,2891.3680432067895,2862.7752012109086,2891.3680432067895,28.592841995880917,gray,False,True,0.03759765625,1.3149324665039004,,,
27,27000014,27000014,B,1,2,2891.3680432067895,2919.9608852026704,28.592841995880917,28.592841995880917,2919.9608852026704,2891.3680432067895,2919.9608852026704,28.592841995880917,B,True,True,0.03759765625,1.3149324665039004,1.3149324665039004,1.0,0.03759765625
27,27000014,27000014,B,2,3,2919.9608852026704,2948.5537271985513,28.592841995880917,28.592841995880917,2948.5537271985513,2919.9608852026704,2948.5537271985513,28.592841995880917,B,True,True,0.03759765625,1.3149324665039004,1.3149324665039004,1.0,0.03759765625
27,27000014,27000014,B,3,4,2948.5537271985513,2977.1465691944322,28.592841995880917,28.592841995880917,2977.1465691944322,2948.5537271985513,2977.1465691944322,28.592841995880917,B,True,True,0.03759765625,1.3149324665039004,1.3149324665039004,1.0,0.03759765625
27,27000014,27000014,B,4,5,2977.1465691944322,3005.739411190313,28.592841995880917,28.592841995880917,3005.739411190313,2977.1465691944322,3005.739411190313,28.592841995880917,B,True,True,0.03759765625,1.3149324665039004,1.3149324665039004,1.0,0.03759765625
27,27000014,27000014,B,5,6,3005.739411190313,3034.332253186194,28.592841995880917,28.592841995880917,3034.332253186194,3005.739411190313,3034.332253186194,28.592841995880917,B,True,True,0.03759765625,1.3149324665039004,1.3149324665039004,1.0,0.03759765625
27,27000014,27000014,B,6,7,3034.332253186194,3062.925095182075,28.592841995880917,28.592841995880917,3062.925095182075,3034.332253186194,3062.925095182075,28.592841995880917,B,True,True,0.03759765625,1.3149324665039004,1.3149324665039004,1.0,0.03759765625
27,27000014,27000014,B,7,8,3062.925095182075,3091.517937177956,28.592841995880917,28.592841995880917,3091.517937177956,3062.925095182075,3091.517937177956,28.592841995880917,B,True,True,0.03759765625,1.3149324665039004,1.3149324665039004,1.0,0.03759765625
27,27000014,27000015,B,8,1,3091.517937177956,3120.110779173837,28.592841995880917,28.592841995880917,3120.110779173837,3091.517937177956,3120.110779173837,28.592841995880917,gray,False,True,0.03759765625,1.3149324665039004,,,
27,27000015,27000015,B,1,2,3120.110779173837,3148.7036211697177,28.592841995880917,28.592841995880917,3148.7036211697177,3120.110779173837,3148.7036211697177,28.592841995880917,B,True,True,0.03759765625,1.3149324665039004,1.3149324665039004,1.0,0.03759765625
27,27000015,27000015,B,2,3,3148.7036211697177,3177.2964631655987,28.592841995880917,28.592841995880917,3177.2964631655987,3148.7036211697177,3177.2964631655987,28.592841995880917,B,True,True,0.03759765625,1.3149324665039004,1.3149324665039004,1.0,0.03759765625
27,27000015,27000015,B,3,4,3177.2964631655987,3205.8893051614796,28.592841995880917,28.592841995880917,3205.8893051614796,3177.2964631655987,3205.8893051614796,28.592841995880917,B,True,True,0.03759765625,1.3149324665039004,1.3149324665039004,1.0,0.03759765625
27,27000015,27000015,B,4,5,3205.8893051614796,3234.4821471573605,28.592841995880917,28.592841995880917,3234.4821471573605,3205.8893051614796,3234.4821471573605,28.592841995880917,B,True,True,0.03759765625,1.3149324665039004,1.3149324665039004,1.0,0.03759765625
27,27000015,27000015,B,5,6,3234.4821471573605,3263.0749891532414,28.592841995880917,28.592841995880917,3263.0749891532414,3234.4821471573605,3263.0749891532414,28.592841995880917,B,True,True,0.03759765625,1.3149324665039004,1.3149324665039004,1.0,0.03759765625
27,27000015,27000015,B,6,7,3263.0749891532414,3291.6678311491223,28.592841995880917,28.592841995880917,3291.6678311491223,3263.0749891532414,3291.6678311491223,28.592841995880917,B,True,True,0.03759765625,1.3149324665039004,1.3149324665039004,1.0,0.03759765625
27,27000015,27000015,B,7,8,3291.6678311491223,3320.2606731450032,28.592841995880917,28.592841995880917,3320.2606731450032,3291.6678311491223,3320.2606731450032,28.592841995880917,B,True,True,0.03759765625,1.3149324665039004,1.3149324665039004,1.0,0.03759765625
27,27000015,27000016,B,8,1,3320.2606731450032,3348.853515140884,28.592841995880917,28.592841995880917,3348.853515140884,3320.2606731450032,3348.853515140884,28.592841995880917,gray,False,True,0.03759765625,1.3149324665039004,,,
27,27000016,27000016,B,1,2,3348.853515140884,3377.446357136765,28.592841995880917,28.592841995880917,3377.446357136765,3348.853515140884,3377.446357136765,28.592841995880917,B,True,True,0.03759765625,1.3149324665039004,1.3149324665039004,1.0,0.03759765625
27,27000016,27000016,B,2,3,3377.446357136765,3406.039199132646,28.592841995880917,28.592841995880917,3406.039199132646,3377.446357136765,3406.039199132646,28.592841995880917,B,True,True,0.03759765625,1.3149324665039004,1.3149324665039004,1.0,0.03759765625
27,27000016,27000016,B,3,4,3406.039199132646,3434.632041128527,28.592841995880917,28.592841995880917,3434.632041128527,3406.039199132646,3434.632041128527,28.592841995880917,B,True,True,0.03759765625,1.3149324665039004,1.3149324665039004,1.0,0.03759765625
27,27000016,27000016,B,4,5,3434.632041128527,3463.224883124408,28.592841995880917,28.592841995880917,3463.224883124408,3434.632041128527,3463.224883124408,28.592841995880917,B,True,True,0.03759765625,1.3149324665039004,1.3149324665039004,1.0,0.03759765625
27,27000016,27000016,B,5,6,3463.224883124408,3491.8177251202887,28.592841995880917,28.592841995880917,3491.8177251202887,3463.224883124408,3491.8177251202887,28.592841995880917,B,True,True,0.03759765625,1.3149324665039004,1.3149324665039004,1.0,0.03759765625
27,27000016,27000016,B,6,7,3491.8177251202887,3520.4105671161697,28.592841995880917,28.592841995880917,3520.4105671161697,3491.8177251202887,3520.4105671161697,28.592841995880917,B,True,True,0.03759765625,1.3149324665039004,1.3149324665039004,1.0,0.03759765625
27,27000016,27000016,B,7,8,3520.4105671161697,3549.0034091120506,28.592841995880917,28.592841995880917,3549.0034091120506,3520.4105671161697,3549.0034091120506,28.592841995880917,B,True,True,0.03759765625,1.3149324665039004,1.3149324665039004,1.0,0.03759765625
27,27000016,27000017,B,8,1,3549.0034091120506,3577.5962511079315,28.592841995880917,28.592841995880917,3577.5962511079315,3549.0034091120506,3577.5962511079315,28.592841995880917,gray,False,True,0.03759765625,1.3149324665039004,,,
27,27000017,27000017,B,1,2,3577.5962511079315,3606.1890931038124,28.592841995880917,28.592841995880917,3606.1890931038124,3577.5962511079315,3606.1890931038124,28.592841995880917,B,True,True,0.03759765625,1.3149324665039004,1.3149324665039004,1.0,0.03759765625
27,27000017,27000017,B,2,3,3606.1890931038124,3634.7819350996933,28.592841995880917,28.592841995880917,3634.7819350996933,3606.1890931038124,3634.7819350996933,28.592841995880917,B,True,True,0.03759765625,1.3149324665039004,1.3149324665039004,1.0,0.03759765625
27,27000017,27000017,B,3,4,3634.7819350996933,3663.3747770955742,28.592841995880917,28.592841995880917,3663.3747770955742,3634.7819350996933,3663.3747770955742,28.592841995880917,B,True,True,0.03759765625,1.3149324665039004,1.3149324665039004,1.0,0.03759765625
27,27000017,27000017,B,4,5,3663.3747770955742,3691.967619091455,28.592841995880917,28.592841995880917,3691.967619091455,3663.3747770955742,3691.967619091455,28.592841995880917,B,True,True,0.03759765625,1.3149324665039004,1.3149324665039004,1.0,0.03759765625
27,27000017,27000017,B,5,6,3691.967619091455,3720.560461087336,28.592841995880917,28.592841995880917,3720.560461087336,3691.967619091455,3720.560461087336,28.592841995880917,B,True,True,0.03759765625,1.3149324665039004,1.3149324665039004,1.0,0.03759765625
27,27000017,27000017,B,6,7,3720.560461087336,3749.153303083217,28.592841995880917,28.592841995880917,3749.153303083217,3720.560461087336,3749.153303083217,28.592841995880917,B,True,True,0.03759765625,1.3149324665039004,1.3149324665039004,1.0,0.03759765625
27,27000017,27000017,B,7,8,3749.153303083217,3777.746145079098,28.592841995880917,28.592841995880917,3777.746145079098,3749.153303083217,3777.746145079098,28.592841995880917,B,True,True,0.03759765625,1.3149324665039004,1.3149324665039004,1.0,0.03759765625
27,27000017,27000018,B,8,1,3777.746145079098,3806.338987074979,28.592841995880917,28.592841995880917,3806.338987074979,3777.746145079098,3806.338987074979,28.592841995880917,gray,False,True,0.03759765625,1.3149324665039004,,,
27,27000018,27000018,A,1,2,3806.338987074979,3825.7560326367493,19.417045561770465,6.024011548588987,3812.362998623568,3806.338987074979,3825.7560326367493,6.024011548588987,A,True,True,0.171539306640625,28.475925926935663,8.834470007031486,0.310243467752347,0.171539306640625
27,27000018,27000018,A,2,3,3825.7560326367493,3834.4589829785464,8.702950341797077,6.024011548588987,3831.7800441853383,3825.7560326367493,3834.4589829785464,6.024011548588987,A,True,True,0.171539306640625,28.475925926935663,19.710477470701477,0.692180388489392,0.171539306640625
27,27000018,27000018,A,3,4,3834.4589829785464,3863.521635566437,29.062652587890625,6.024011548588987,3840.4829945271354,3834.4589829785464,3863.521635566437,6.024011548588987,A,True,True,0.171539306640625,28.475925926935663,5.902396765809991,0.20727672845316875,0.171539306640625
27,27000018,27000018,A,4,5,3863.521635566437,3878.627936738312,15.106301171875202,6.024011548588987,3869.545647115026,3863.521635566437,3878.627936738312,6.024011548588987,A,True,True,0.171539306640625,28.475925926935663,11.355480384569294,0.398774754987968,0.171539306640625
27,27000018,27000018,A,5,6,3878.627936738312,3891.144902876007,12.516966137694908,6.024011548588987,3884.651948286901,3878.627936738312,3891.144902876007,6.024011548588987,A,True,True,0.171539306640625,28.475925926935663,13.70454347751517,0.48126770355698617,0.171539306640625
27,27000018,27000018,A,6,7,3891.144902876007,3897.4057840283513,6.2608811523441545,6.024011548588987,3897.168914424596,3891.144902876007,3897.4057840283513,6.024011548588987,A,True,True,0.171539306640625,28.475925926935663,27.39858854793921,0.9621667305301778,0.171539306640625
27,27000018,27000018,A,7,8,3897.4057840283513,3903.4297955769403,6.024011548588987,6.024011548588987,3903.4297955769403,3897.4057840283513,3903.4297955769403,6.024011548588987,A,True,True,0.171539306640625,28.475925926935663,28.475925926935663,1.0,0.171539306640625
27,27000018,27000019,A,8,1,3903.4297955769403,3910.6025292187805,7.172733641840296,6.024011548588987,3909.4538071255292,3903.4297955769403,3910.6025292187805,6.024011548588987,gray,False,True,0.171539306640625,28.475925926935663,,,
27,27000019,27000019,B,1,2,3910.6025292187805,3939.1953712146615,28.592841995880917,28.592841995880917,3939.1953712146615,3910.6025292187805,3939.1953712146615,28.592841995880917,B,True,True,0.03759765625,1.3149324665039004,1.3149324665039004,1.0,0.03759765625
27,27000019,27000019,B,2,3,3939.1953712146615,3967.7882132105424,28.592841995880917,28.592841995880917,3967.7882132105424,3939.1953712146615,3967.7882132105424,28.592841995880917,B,True,True,0.03759765625,1.3149324665039004,1.3149324665039004,1.0,0.03759765625
27,27000019,27000019,B,3,4,3967.7882132105424,3996.3810552064233,28.592841995880917,28.592841995880917,3996.3810552064233,3967.7882132105424,3996.3810552064233,28.592841995880917,B,True,True,0.03759765625,1.3149324665039004,1.3149324665039004,1.0,0.03759765625
27,27000019,27000019,B,4,5,3996.3810552064233,4024.973897202304,28.592841995880917,28.592841995880917,4024.973897202304,3996.3810552064233,4000.0,3.618944793576702,gray,True,False,0.03759765625,1.3149324665039004,,,
28,28000010,28000010,A,6,7,1999.0993518627777,2021.6368647778168,22.537512915039088,6.024011548589215,2005.1233634113669,2000.0,2021.6368647778168,5.123363411366881,gray,True,False,0.171539306640625,28.47592592693459,,,
28,28000010,28000010,A,7,8,2021.6368647778168,2041.3881228100433,19.751258032226588,6.024011548589215,2027.660876326406,2021.6368647778168,2041.3881228100433,6.024011548589215,A,True,True,0.171539306640625,28.47592592693459,8.684981298950056,0.30499381552103183,0.171539306640625
28,28000010,28000011,A,8,1,2041.3881228100433,2062.671281794418,21.283158984374722,6.024011548589215,2047.4121343586326,2041.3881228100433,2062.671281794418,6.024011548589215,gray,False,True,0.171539306640625,28.47592592693459,,,
28,28000011,28000011,A,1,2,2062.671281794418,2075.356294611801,12.685012817382812,6.024011548588987,2068.695293343007,2062.671281794418,2075.356294611801,6.024011548588987,A,True,True,0.171539306640625,28.475925926935663,13.522990406880583,0.4748920348219143,0.171539306640625
28,28000011,28000011,A,2,3,2075.356294611801,2092.0610354077,16.704740795898942,6.024011548588987,2081.38030616039,2075.356294611801,2092.0610354077,6.024011548588987,A,True,True,0.171539306640625,28.475925926935663,10.268899633733817,0.3606168824881077,0.171539306640625
28,28000011,28000011,A,3,4,2092.0610354077,2107.5576801098478,15.496644702147933,6.024011548588987,2098.085046956289,2092.0610354077,2107.5576801098478,6.024011548588987,A,True,True,0.171539306640625,28.475925926935663,11.069448253972588,0.38873005507792413,0.171539306640625
28,28000011,28000011,A,4,5,2107.5576801098478,2117.8843470776214,10.32666696777369,6.024011548588987,2113.5816916584367,2107.5576801098478,2117.8843470776214,6.024011548588987,A,True,True,0.171539306640625,28.475925926935663,16.611294542173745,0.5833451942807927,0.171539306640625
28,28000011,28000011,A,5,6,2117.8843470776214,2127.56920049559,9.684853417968498,6.024011548588987,2123.9083586262104,2117.8843470776214,2127.56920049559,6.024011548588987,A,True,True,0.171539306640625,28.475925926935663,17.712122139336127,0.62200337874113,0.171539306640625
28,28000011,28000011,A,6,7,2127.56920049559,2138.2398531567233,10.670652661133317,6.024011548588987,2133.593212044179,2127.56920049559,2138.2398531567233,6.024011548588987,A,True,True,0.171539306640625,28.475925926935663,16.07580267938419,0.564540121386463,0.171539306640625
28,28000011,28000011,A,7,8,2138.2398531567233,2145.9441157543793,7.7042625976559975,6.024011548588987,2144.2638647053122,2138.2398531567233,2145.9441157543793,6.024011548588987,A,True,True,0.171539306640625,28.475925926935663,22.265506200790117,0.7819063112440868,0.171539306640625
28,28000011,28000012,A,8,1,2145.9441157543793,2154.0091487133636,8.065032958984375,6.024011548588987,2151.9681273029682,2145.9441157543793,2154.0091487133636,6.024011548588987,gray,False,True,0.171539306640625,28.475925926935663,,,
28,28000012,28000012,B,1,2,2154.0091487133636,2182.6019907092445,28.592841995880917,28.592841995880917,2182.6019907092445,2154.0091487133636,2182.6019907092445,28.592841995880917,B,True,True,0.03759765625,1.3149324665039004,1.3149324665039004,1.0,0.03759765625
28,28000012,28000012,B,2,3,2182.6019907092445,2211.1948327051255,28.592841995880917,28.592841995880917,2211.1948327051255,2182.6019907092445,2211.1948327051255,28.592841995880917,B,True,True,0.03759765625,1.3149324665039004,1.3149324665039004,1.0,0.03759765625
28,28000012,28000012,B,3,4,2211.1948327051255,2239.7876747010064,28.592841995880917,28.592841995880917,2239.7876747010064,2211.1948327051255,2239.7876747010064,28.592841995880917,B,True,True,0.03759765625,1.3149324665039004,1.3149324665039004,1.0,0.03759765625
28,28000012,28000012,B,4,5,2239.7876747010064,2268.3805166968873,28.592841995880917,28.592841995880917,2268.3805166968873,2239.7876747010064,2268.3805166968873,28.592841995880917,B,True,True,0.03759765625,1.3149324665039004,1.3149324665039004,1.0,0.03759765625
28,28000012,28000012,B,5,6,2268.3805166968873,2296.973358692768,28.592841995880917,28.592841995880917,2296.973358692768,2268.3805166968873,2296.973358692768,28.592841995880917,B,True,True,0.03759765625,1.3149324665039004,1.3149324665039004,1.0,0.03759765625
28,28000012,28000012,B,6,7,2296.973358692768,2325.566200688649,28.592841995880917,28.592841995880917,2325.566200688649,2296.973358692768,2325.566200688649,28.592841995880917,B,True,True,0.03759765625,1.3149324665039004,1.3149324665039004,1.0,0.03759765625
28,28000012,28000012,B,7,8,2325.566200688649,2354.15904268453,28.592841995880917,28.592841995880917,2354.15904268453,2325.566200688649,2354.15904268453,28.592841995880917,B,True,True,0.03759765625,1.3149324665039004,1.3149324665039004,1.0,0.03759765625
28,28000012,28000013,B,8,1,2354.15904268453,2382.751884680411,28.592841995880917,28.592841995880917,2382.751884680411,2354.15904268453,2382.751884680411,28.592841995880917,gray,False,True,0.03759765625,1.3149324665039004,,,
28,28000013,28000013,A,1,2,2382.751884680411,2396.857074622555,14.10518994214408,6.024011548588987,2388.775896229,2382.751884680411,2396.857074622555,6.024011548588987,A,True,True,0.171539306640625,28.475925926935663,12.161431880338785,0.42707766242765666,0.171539306640625
28,28000013,28000013,A,2,3,2396.857074622555,2410.557459852047,13.700385229491985,6.024011548588987,2402.881086171144,2396.857074622555,2410.557459852047,6.024011548588987,A,True,True,0.171539306640625,28.475925926935663,12.52076520238006,0.4396965083595945,0.171539306640625
28,28000013,28000013,A,3,4,2410.557459852047,2416.964906849117,6.40744699707011,6.024011548588987,2416.581471400636,2410.557459852047,2416.964906849117,6.024011548588987,A,True,True,0.171539306640625,28.475925926935663,26.771865099947547,0.9401578431071761,0.171539306640625
28,28000013,28000013,A,4,5,2416.964906849117,2432.8937567514613,15.928849902344155,6.024011548588987,2422.988918397706,2416.964906849117,2432.8937567514613,6.024011548588987,A,True,True,0.171539306640625,28.475925926935663,10.769095552553393,0.3781824541960477,0.171539306640625
28,28000013,28000013,A,5,6,2432.8937567514613,2445.154856702633,12.261099951171673,6.024011548588987,2438.9177683000503,2432.8937567514613,2445.154856702633,6.024011548588987,A,True,True,0.171539306640625,28.475925926935663,13.990531626343415,0.49131085894241744,0.171539306640625
28,28000013,28000013,A,6,7,2445.154856702633,2461.3185919565394,16.163735253906452,6.024011548588987,2451.178868251222,2445.154856702633,2461.3185919565394,6.024011548588987,A,True,True,0.171539306640625,28.475925926935663,10.612603086230788,0.37268684830340215,0.171539306640625
28,28000013,28000013,A,7,8,2461.3185919565394,2483.80165470068,22.483062744140625,6.024011548588987,2467.3426035051284,2461.3185919565394,2483.80165470068,6.024011548588987,A,True,True,0.171539306640625,28.475925926935663,7.629712579320642,0.2679355396167687,0.171539306640625
28,28000013,28000014,A,8,1,2483.80165470068,2494.2458143442345,10.444159643554485,6.024011548588987,2489.825666249269,2483.80165470068,2494.2458143442345,6.024011548588987,gray,False,True,0.171539306640625,28.475925926935663,,,
28,28000014,28000014,A,1,2,2494.2458143442345,2505.164140857906,10.918326513671673,6.024011548588987,2500.2698258928235,2494.2458143442345,2505.164140857906,6.024011548588987,A,True,True,0.171539306640625,28.475925926935663,15.7111354405666,0.5517339622556499,0.171539306640625
28,28000014,28000014,A,2,3,2505.164140857906,2516.2211408823205,11.057000024414265,6.024011548588987,2511.188152406495,2505.164140857906,2516.2211408823205,6.024011548588987,A,True,True,0.171539306640625,28.475925926935663,15.51409118765125,0.5448142837376998,0.171539306640625
28,28000014,28000014,A,3,4,2516.2211408823205,2523.690218128414,7.469077246093548,6.024011548588987,2522.2451524309095,2516.2211408823205,2523.690218128414,6.024011548588987,A,True,True,0.171539306640625,28.475925926935663,22.96659961983161,0.8065268774318335,0.171539306640625
28,28000014,28000014,A,4,5,2523.690218128414,2541.5324201791955,17.842202050781452,6.024011548588987,2529.714229677003,2523.690218128414,2541.5324201791955,6.024011548588987,A,True,True,0.171539306640625,28.475925926935663,9.614245268179323,0.33762713433262276,0.171539306640625
28,28000014,28000014,A,5,6,2541.5324201791955,2548.4855688852504,6.95314870605489,6.024011548588987,2547.5564317277845,2541.5324201791955,2548.4855688852504,6.024011548588987,A,True,True,0.171539306640625,28.475925926935663,24.670737516550798,0.8663717408119291,0.171539306640625
28,28000014,28000014,A,6,7,2548.4855688852504,2560.679530164547,12.193961279296673,6.024011548588987,2554.5095804338393,2548.4855688852504,2560.679530164547,6.024011548588987,A,True,True,0.171539306640625,28.475925926935663,14.067562026121104,0.49401596500201794,0.171539306640625
28,28000014,28000014,A,7,8,2560.679530164547,2567.569636365719,6.890106201171875,6.024011548588987,2566.703541713136,2560.679530164547,2567.569636365719,6.024011548588987,A,True,True,0.171539306640625,28.475925926935663,24.89646772228989,0.8742987949248763,0.171539306640625
28,28000014,28000015,A,8,1,2567.569636365719,2575.5507459848595,7.981109619140625,6.024011548588987,2573.593647914308,2567.569636365719,2575.5507459848595,6.024011548588987,gray,False,True,0.171539306640625,28.475925926935663,,,
28,28000015,28000015,B,1,2,2575.5507459848595,2604.1435879807404,28.592841995880917,28.592841995880917,2604.1435879807404,2575.5507459848595,2604.1435879807404,28.592841995880917,B,True,True,0.03759765625,1.3149324665039004,1.3149324665039004,1.0,0.03759765625
28,28000015,28000015,B,2,3,2604.1435879807404,2632.7364299766214,28.592841995880917,28.592841995880917,2632.7364299766214,2604.1435879807404,2632.7364299766214,28.592841995880917,B,True,True,0.03759765625,1.3149324665039004,1.3149324665039004,1.0,0.03759765625
28,28000015,28000015,B,3,4,2632.7364299766214,2661.3292719725023,28.592841995880917,28.592841995880917,2661.3292719725023,2632.7364299766214,2661.3292719725023,28.592841995880917,B,True,True,0.03759765625,1.3149324665039004,1.3149324665039004,1.0,0.03759765625
28,28000015,28000015,B,4,5,2661.3292719725023,2689.922113968383,28.592841995880917,28.592841995880917,2689.922113968383,2661.3292719725023,2689.922113968383,28.592841995880917,B,True,True,0.03759765625,1.3149324665039004,1.3149324665039004,1.0,0.03759765625
28,28000015,28000015,B,5,6,2689.922113968383,2718.514955964264,28.592841995880917,28.592841995880917,2718.514955964264,2689.922113968383,2718.514955964264,28.592841995880917,B,True,True,0.03759765625,1.3149324665039004,1.3149324665039004,1.0,0.03759765625
28,28000015,28000015,B,6,7,2718.514955964264,2747.107797960145,28.592841995880917,28.592841995880917,2747.107797960145,2718.514955964264,2747.107797960145,28.592841995880917,B,True,True,0.03759765625,1.3149324665039004,1.3149324665039004,1.0,0.03759765625
28,28000015,28000015,B,7,8,2747.107797960145,2775.700639956026,28.592841995880917,28.592841995880917,2775.700639956026,2747.107797960145,2775.700639956026,28.592841995880917,B,True,True,0.03759765625,1.3149324665039004,1.3149324665039004,1.0,0.03759765625
28,28000015,28000016,B,8,1,2775.700639956026,2804.293481951907,28.592841995880917,28.592841995880917,2804.293481951907,2775.700639956026,2804.293481951907,28.592841995880917,gray,False,True,0.03759765625,1.3149324665039004,,,
28,28000016,28000016,B,1,2,2804.293481951907,2833.1828108041955,28.8893288522886,28.592841995880917,2832.886323947788,2804.293481951907,2833.1828108041955,28.592841995880917,B,True,True,0.03759765625,1.3149324665039004,1.3014375114851977,0.9897371497301435,0.03759765625
28,28000016,28000016,B,2,3,2833.1828108041955,2861.7756528000764,28.592841995880917,28.592841995880917,2861.7756528000764,2833.1828108041955,2861.7756528000764,28.592841995880917,B,True,True,0.03759765625,1.3149324665039004,1.3149324665039004,1.0,0.03759765625
28,28000016,28000016,B,3,4,2861.7756528000764,2890.3684947959573,28.592841995880917,28.592841995880917,2890.3684947959573,2861.7756528000764,2890.3684947959573,28.592841995880917,B,True,True,0.03759765625,1.3149324665039004,1.3149324665039004,1.0,0.03759765625
28,28000016,28000016,B,4,5,2890.3684947959573,2918.961336791838,28.592841995880917,28.592841995880917,2918.961336791838,2890.3684947959573,2918.961336791838,28.592841995880917,B,True,True,0.03759765625,1.3149324665039004,1.3149324665039004,1.0,0.03759765625
28,28000016,28000016,B,5,6,2918.961336791838,2947.554178787719,28.592841995880917,28.592841995880917,2947.554178787719,2918.961336791838,2947.554178787719,28.592841995880917,B,True,True,0.03759765625,1.3149324665039004,1.3149324665039004,1.0,0.03759765625
28,28000016,28000016,B,6,7,2947.554178787719,2976.1470207836,28.592841995880917,28.592841995880917,2976.1470207836,2947.554178787719,2976.1470207836,28.592841995880917,B,True,True,0.03759765625,1.3149324665039004,1.3149324665039004,1.0,0.03759765625
28,28000016,28000016,B,7,8,2976.1470207836,3004.739862779481,28.592841995880917,28.592841995880917,3004.739862779481,2976.1470207836,3004.739862779481,28.592841995880917,B,True,True,0.03759765625,1.3149324665039004,1.3149324665039004,1.0,0.03759765625
28,28000016,28000017,B,8,1,3004.739862779481,3033.332704775362,28.592841995880917,28.592841995880917,3033.332704775362,3004.739862779481,3033.332704775362,28.592841995880917,gray,False,True,0.03759765625,1.3149324665039004,,,
28,28000017,28000017,A,1,2,3033.332704775362,3039.356716323951,6.024011548588987,6.024011548588987,3039.356716323951,3033.332704775362,3039.356716323951,6.024011548588987,A,True,True,0.171539306640625,28.475925926935663,28.475925926935663,1.0,0.171539306640625
28,28000017,28000017,A,2,3,3039.356716323951,3045.38072787254,6.024011548588987,6.024011548588987,3045.38072787254,3039.356716323951,3045.38072787254,6.024011548588987,A,True,True,0.171539306640625,28.475925926935663,28.475925926935663,1.0,0.171539306640625
28,28000017,28000017,A,3,4,3045.38072787254,3051.404739421129,6.024011548588987,6.024011548588987,3051.404739421129,3045.38072787254,3051.404739421129,6.024011548588987,A,True,True,0.171539306640625,28.475925926935663,28.475925926935663,1.0,0.171539306640625
28,28000017,28000017,A,4,5,3051.404739421129,3057.428750969718,6.024011548588987,6.024011548588987,3057.428750969718,3051.404739421129,3057.428750969718,6.024011548588987,A,True,True,0.171539306640625,28.475925926935663,28.475925926935663,1.0,0.171539306640625
28,28000017,28000017,A,5,6,3057.428750969718,3063.452762518307,6.024011548588987,6.024011548588987,3063.452762518307,3057.428750969718,3063.452762518307,6.024011548588987,A,True,True,0.171539306640625,28.475925926935663,28.475925926935663,1.0,0.171539306640625
28,28000017,28000017,A,6,7,3063.452762518307,3069.476774066896,6.024011548588987,6.024011548588987,3069.476774066896,3063.452762518307,3069.476774066896,6.024011548588987,A,True,True,0.171539306640625,28.475925926935663,28.475925926935663,1.0,0.171539306640625
28,28000017,28000017,A,7,8,3069.476774066896,3075.500785615485,6.024011548588987,6.024011548588987,3075.500785615485,3069.476774066896,3075.500785615485,6.024011548588987,A,True,True,0.171539306640625,28.475925926935663,28.475925926935663,1.0,0.171539306640625
28,28000017,28000018,A,8,1,3075.500785615485,3081.524797164074,6.024011548588987,6.024011548588987,3081.524797164074,3075.500785615485,3081.524797164074,6.024011548588987,gray,False,True,0.171539306640625,28.475925926935663,,,
28,28000018,28000018,B,1,2,3081.524797164074,3110.1176391599547,28.592841995880917,28.592841995880917,3110.1176391599547,3081.524797164074,3110.1176391599547,28.592841995880917,B,True,True,0.03759765625,1.3149324665039004,1.3149324665039004,1.0,0.03759765625
28,28000018,28000018,B,2,3,3110.1176391599547,3138.7104811558356,28.592841995880917,28.592841995880917,3138.7104811558356,3110.1176391599547,3138.7104811558356,28.592841995880917,B,True,True,0.03759765625,1.3149324665039004,1.3149324665039004,1.0,0.03759765625
28,28000018,28000018,B,3,4,3138.7104811558356,3167.3033231517165,28.592841995880917,28.592841995880917,3167.3033231517165,3138.7104811558356,3167.3033231517165,28.592841995880917,B,True,True,0.03759765625,1.3149324665039004,1.3149324665039004,1.0,0.03759765625
28,28000018,28000018,B,4,5,3167.3033231517165,3195.8961651475975,28.592841995880917,28.592841995880917,3195.8961651475975,3167.3033231517165,3195.8961651475975,28.592841995880917,B,True,True,0.03759765625,1.3149324665039004,1.3149324665039004,1.0,0.03759765625
28,28000018,28000018,B,5,6,3195.8961651475975,3224.4890071434784,28.592841995880917,28.592841995880917,3224.4890071434784,3195.8961651475975,3224.4890071434784,28.592841995880917,B,True,True,0.03759765625,1.3149324665039004,1.3149324665039004,1.0,0.03759765625
28,28000018,28000018,B,6,7,3224.4890071434784,3253.0818491393593,28.592841995880917,28.592841995880917,3253.0818491393593,3224.4890071434784,3253.0818491393593,28.592841995880917,B,True,True,0.03759765625,1.3149324665039004,1.3149324665039004,1.0,0.03759765625
28,28000018,28000018,B,7,8,3253.0818491393593,3281.67469113524,28.592841995880917,28.592841995880917,3281.67469113524,3253.0818491393593,3281.67469113524,28.592841995880917,B,True,True,0.03759765625,1.3149324665039004,1.3149324665039004,1.0,0.03759765625
28,28000018,28000019,B,8,1,3281.67469113524,3310.267533131121,28.592841995880917,28.592841995880917,3310.267533131121,3281.67469113524,3310.267533131121,28.592841995880917,gray,False,True,0.03759765625,1.3149324665039004,,,
28,28000019,28000019,B,1,2,3310.267533131121,3338.860375127002,28.592841995880917,28.592841995880917,3338.860375127002,3310.267533131121,3338.860375127002,28.592841995880917,B,True,True,0.03759765625,1.3149324665039004,1.3149324665039004,1.0,0.03759765625
28,28000019,28000019,B,2,3,3338.860375127002,3367.453217122883,28.592841995880917,28.592841995880917,3367.453217122883,3338.860375127002,3367.453217122883,28.592841995880917,B,True,True,0.03759765625,1.3149324665039004,1.3149324665039004,1.0,0.03759765625
28,28000019,28000019,B,3,4,3367.453217122883,3396.046059118764,28.592841995880917,28.592841995880917,3396.046059118764,3367.453217122883,3396.046059118764,28.592841995880917,B,True,True,0.03759765625,1.3149324665039004,1.3149324665039004,1.0,0.03759765625
28,28000019,28000019,B,4,5,3396.046059118764,3424.638901114645,28.592841995880917,28.592841995880917,3424.638901114645,3396.046059118764,3424.638901114645,28.592841995880917,B,True,True,0.03759765625,1.3149324665039004,1.3149324665039004,1.0,0.03759765625
28,28000019,28000019,B,5,6,3424.638901114645,3453.2317431105257,28.592841995880917,28.592841995880917,3453.2317431105257,3424.638901114645,3453.2317431105257,28.592841995880917,B,True,True,0.03759765625,1.3149324665039004,1.3149324665039004,1.0,0.03759765625
28,28000019,28000019,B,6,7,3453.2317431105257,3481.8245851064066,28.592841995880917,28.592841995880917,3481.8245851064066,3453.2317431105257,3481.8245851064066,28.592841995880917,B,True,True,0.03759765625,1.3149324665039004,1.3149324665039004,1.0,0.03759765625
28,28000019,28000019,B,7,8,3481.8245851064066,3510.4174271022875,28.592841995880917,28.592841995880917,3510.4174271022875,3481.8245851064066,3510.4174271022875,28.592841995880917,B,True,True,0.03759765625,1.3149324665039004,1.3149324665039004,1.0,0.03759765625
28,28000019,28000020,B,8,1,3510.4174271022875,3539.0102690981685,28.592841995880917,28.592841995880917,3539.0102690981685,3510.4174271022875,3539.0102690981685,28.592841995880917,gray,False,True,0.03759765625,1.3149324665039004,,,
28,28000020,28000020,B,1,2,3539.0102690981685,3567.6031110940494,28.592841995880917,28.592841995880917,3567.6031110940494,3539.0102690981685,3567.6031110940494,28.592841995880917,B,True,True,0.03759765625,1.3149324665039004,1.3149324665039004,1.0,0.03759765625
28,28000020,28000020,B,2,3,3567.6031110940494,3596.1959530899303,28.592841995880917,28.592841995880917,3596.1959530899303,3567.6031110940494,3596.1959530899303,28.592841995880917,B,True,True,0.03759765625,1.3149324665039004,1.3149324665039004,1.0,0.03759765625
28,28000020,28000020,B,3,4,3596.1959530899303,3624.788795085811,28.592841995880917,28.592841995880917,3624.788795085811,3596.1959530899303,3624.788795085811,28.592841995880917,B,True,True,0.03759765625,1.3149324665039004,1.3149324665039004,1.0,0.03759765625
28,28000020,28000020,B,4,5,3624.788795085811,3653.381637081692,28.592841995880917,28.592841995880917,3653.381637081692,3624.788795085811,3653.381637081692,28.592841995880917,B,True,True,0.03759765625,1.3149324665039004,1.3149324665039004,1.0,0.03759765625
28,28000020,28000020,B,5,6,3653.381637081692,3681.974479077573,28.592841995880917,28.592841995880917,3681.974479077573,3653.381637081692,3681.974479077573,28.592841995880917,B,True,True,0.03759765625,1.3149324665039004,1.3149324665039004,1.0,0.03759765625
28,28000020,28000020,B,6,7,3681.974479077573,3710.567321073454,28.592841995880917,28.592841995880917,3710.567321073454,3681.974479077573,3710.567321073454,28.592841995880917,B,True,True,0.03759765625,1.3149324665039004,1.3149324665039004,1.0,0.03759765625
28,28000020,28000020,B,7,8,3710.567321073454,3739.160163069335,28.592841995880917,28.592841995880917,3739.160163069335,3710.567321073454,3739.160163069335,28.592841995880917,B,True,True,0.03759765625,1.3149324665039004,1.3149324665039004,1.0,0.03759765625
28,28000020,28000021,B,8,1,3739.160163069335,3767.753005065216,28.592841995880917,28.592841995880917,3767.753005065216,3739.160163069335,3767.753005065216,28.592841995880917,gray,False,True,0.03759765625,1.3149324665039004,,,
28,28000021,28000021,B,1,2,3767.753005065216,3796.3458470610967,28.592841995880917,28.592841995880917,3796.3458470610967,3767.753005065216,3796.3458470610967,28.592841995880917,B,True,True,0.03759765625,1.3149324665039004,1.3149324665039004,1.0,0.03759765625
28,28000021,28000021,B,2,3,3796.3458470610967,3824.9386890569776,28.592841995880917,28.592841995880917,3824.9386890569776,3796.3458470610967,3824.9386890569776,28.592841995880917,B,True,True,0.03759765625,1.3149324665039004,1.3149324665039004,1.0,0.03759765625
28,28000021,28000021,B,3,4,3824.9386890569776,3853.5315310528586,28.592841995880917,28.592841995880917,3853.5315310528586,3824.9386890569776,3853.5315310528586,28.592841995880917,B,True,True,0.03759765625,1.3149324665039004,1.3149324665039004,1.0,0.03759765625
28,28000021,28000021,B,4,5,3853.5315310528586,3882.1243730487395,28.592841995880917,28.592841995880917,3882.1243730487395,3853.5315310528586,3882.1243730487395,28.592841995880917,B,True,True,0.03759765625,1.3149324665039004,1.3149324665039004,1.0,0.03759765625
28,28000021,28000021,B,5,6,3882.1243730487395,3910.7172150446204,28.592841995880917,28.592841995880917,3910.7172150446204,3882.1243730487395,3910.7172150446204,28.592841995880917,B,True,True,0.03759765625,1.3149324665039004,1.3149324665039004,1.0,0.03759765625
28,28000021,28000021,B,6,7,3910.7172150446204,3939.3100570405013,28.592841995880917,28.592841995880917,3939.3100570405013,3910.7172150446204,3939.3100570405013,28.592841995880917,B,True,True,0.03759765625,1.3149324665039004,1.3149324665039004,1.0,0.03759765625
28,28000021,28000021,B,7,8,3939.3100570405013,3967.902899036382,28.592841995880917,28.592841995880917,3967.902899036382,3939.3100570405013,3967.902899036382,28.592841995880917,B,True,True,0.03759765625,1.3149324665039004,1.3149324665039004,1.0,0.03759765625
28,28000021,28000022,B,8,1,3967.902899036382,3996.495741032263,28.592841995880917,28.592841995880917,3996.495741032263,3967.902899036382,3996.495741032263,28.592841995880917,gray,False,True,0.03759765625,1.3149324665039004,,,
28,28000022,28000022,B,1,2,3996.495741032263,4025.088583028144,28.592841995880917,28.592841995880917,4025.088583028144,3996.495741032263,4000.0,3.5042589677368596,gray,True,False,0.03759765625,1.3149324665039004,,,
29,29000013,29000013,A,1,2,1989.2676326000824,2025.9590167797699,36.691384179687475,6.024011548589215,1995.2916441486716,2000.0,2025.9590167797699,0.0,gray,True,False,0.171539306640625,28.47592592693459,,,
29,29000013,29000013,A,2,3,2025.9590167797699,2042.1603175366058,16.201300756835963,6.024011548589215,2031.983028328359,2025.9590167797699,2042.1603175366058,6.024011548589215,A,True,True,0.171539306640625,28.47592592693459,10.587995940279416,0.3718227097319608,0.171539306640625
29,29000013,29000013,A,3,4,2042.1603175366058,2062.956521149887,20.79620361328125,6.024011548588987,2048.184329085195,2042.1603175366058,2062.956521149887,6.024011548588987,A,True,True,0.171539306640625,28.475925926935663,8.248587570621469,0.28966880977938797,0.171539306640625
29,29000013,29000013,A,4,5,2062.956521149887,2084.2520686352386,21.295547485351562,6.024011548588987,2068.980532698476,2062.956521149887,2084.2520686352386,6.024011548588987,A,True,True,0.171539306640625,28.475925926935663,8.055172413793104,0.2828765756190437,0.171539306640625
29,29000013,29000013,A,5,6,2084.2520686352386,2114.9050685131683,30.652999877929688,6.024011548588987,2090.2760801838276,2084.2520686352386,2114.9050685131683,6.024011548588987,A,True,True,0.171539306640625,28.475925926935663,5.596167008898015,0.19652274076203244,0.171539306640625
29,29000013,29000013,A,6,7,2114.9050685131683,2128.8404390942233,13.93537058105494,6.024011548588987,2120.9290800617573,2114.9050685131683,2128.8404390942233,6.024011548588987,A,True,True,0.171539306640625,28.475925926935663,12.30963365077867,0.432282120776795,0.171539306640625
29,29000013,29000013,A,7,8,2128.8404390942233,2144.1144869457858,15.2740478515625,6.024011548588987,2134.8644506428122,2128.8404390942233,2144.1144869457858,6.024011548588987,A,True,True,0.171539306640625,28.475925926935663,11.23076923076923,0.3943952256227051,0.171539306640625
29,29000013,29000014,A,8,1,2144.1144869457858,2152.0032808910983,7.8887939453125,6.024011548588987,2150.1384984943747,2144.1144869457858,2152.0032808910983,6.024011548588987,gray,False,True,0.171539306640625,28.475925926935663,,,
29,29000014,29000014,B,1,2,2152.0032808910983,2180.596122886979,28.592841995880917,28.592841995880917,2180.596122886979,2152.0032808910983,2180.596122886979,28.592841995880917,B,True,True,0.03759765625,1.3149324665039004,1.3149324665039004,1.0,0.03759765625
29,29000014,29000014,B,2,3,2180.596122886979,2209.18896488286,28.592841995880917,28.592841995880917,2209.18896488286,2180.596122886979,2209.18896488286,28.592841995880917,B,True,True,0.03759765625,1.3149324665039004,1.3149324665039004,1.0,0.03759765625
29,29000014,29000014,B,3,4,2209.18896488286,2237.781806878741,28.592841995880917,28.592841995880917,2237.781806878741,2209.18896488286,2237.781806878741,28.592841995880917,B,True,True,0.03759765625,1.3149324665039004,1.3149324665039004,1.0,0.03759765625
29,29000014,29000014,B,4,5,2237.781806878741,2266.374648874622,28.592841995880917,28.592841995880917,2266.374648874622,2237.781806878741,2266.374648874622,28.592841995880917,B,True,True,0.03759765625,1.3149324665039004,1.3149324665039004,1.0,0.03759765625
29,29000014,29000014,B,5,6,2266.374648874622,2294.967490870503,28.592841995880917,28.592841995880917,2294.967490870503,2266.374648874622,2294.967490870503,28.592841995880917,B,True,True,0.03759765625,1.3149324665039004,1.3149324665039004,1.0,0.03759765625
29,29000014,29000014,B,6,7,2294.967490870503,2323.5603328663838,28.592841995880917,28.592841995880917,2323.5603328663838,2294.967490870503,2323.5603328663838,28.592841995880917,B,True,True,0.03759765625,1.3149324665039004,1.3149324665039004,1.0,0.03759765625
29,29000014,29000014,B,7,8,2323.5603328663838,2352.1531748622647,28.592841995880917,28.592841995880917,2352.1531748622647,2323.5603328663838,2352.1531748622647,28.592841995880917,B,True,True,0.03759765625,1.3149324665039004,1.3149324665039004,1.0,0.03759765625
29,29000014,29000015,B,8,1,2352.1531748622647,2380.7460168581456,28.592841995880917,28.592841995880917,2380.7460168581456,2352.1531748622647,2380.7460168581456,28.592841995880917,gray,False,True,0.03759765625,1.3149324665039004,,,
29,29000015,29000015,A,1,2,2380.7460168581456,2390.8481634897425,10.102146631596952,6.024011548588987,2386.7700284067346,2380.7460168581456,2390.8481634897425,6.024011548588987,A,True,True,0.171539306640625,28.475925926935663,16.980480772679893,0.5963100485739741,0.171539306640625
29,29000015,29000015,A,2,3,2390.8481634897425,2397.3898878305627,6.54172434082011,6.024011548588987,2396.8721750383315,2390.8481634897425,2397.3898878305627,6.024011548588987,A,True,True,0.171539306640625,28.475925926935663,26.222337980557555,0.9208598887298546,0.171539306640625
29,29000015,29000015,A,3,4,2397.3898878305627,2418.744181653805,21.354293823242188,6.024011548588987,2403.4138993791516,2397.3898878305627,2418.744181653805,6.024011548588987,A,True,True,0.171539306640625,28.475925926935663,8.033012379642367,0.28209837321018805,0.171539306640625
29,29000015,29000015,A,4,5,2418.744181653805,2440.811923865719,22.067742211914265,6.024011548588987,2424.768193202394,2418.744181653805,2440.811923865719,6.024011548588987,A,True,True,0.171539306640625,28.475925926935663,7.773305714438325,0.27297815475371345,0.171539306640625
29,29000015,29000015,A,5,6,2440.811923865719,2446.835935414308,6.024011548588987,6.024011548588987,2446.835935414308,2440.811923865719,2446.835935414308,6.024011548588987,A,True,True,0.171539306640625,28.475925926935663,28.475925926935663,1.0,0.171539306640625
29,29000015,29000015,A,6,7,2446.835935414308,2468.624118689938,21.788183275629763,6.024011548588987,2452.859946962897,2446.835935414308,2468.624118689938,6.024011548588987,A,True,True,0.171539306640625,28.475925926935663,7.873043129414692,0.2764806717651805,0.171539306640625
29,29000015,29000015,A,7,8,2468.624118689938,2483.1888143198203,14.564695629882408,6.024011548588987,2474.648130238527,2468.624118689938,2483.1888143198203,6.024011548588987,A,True,True,0.171539306640625,28.475925926935663,11.77774743803623,0.4136036688765067,0.171539306640625
29,29000015,29000016,A,8,1,2483.1888143198203,2489.2128258684093,6.024011548588987,6.024011548588987,2489.2128258684093,2483.1888143198203,2489.2128258684093,6.024011548588987,gray,False,True,0.171539306640625,28.475925926935663,,,
29,29000016,29000016,B,1,2,2489.2128258684093,2517.80566786429,28.592841995880917,28.592841995880917,2517.80566786429,2489.2128258684093,2517.80566786429,28.592841995880917,B,True,True,0.03759765625,1.3149324665039004,1.3149324665039004,1.0,0.03759765625
29,29000016,29000016,B,2,3,2517.80566786429,2546.398509860171,28.592841995880917,28.592841995880917,2546.398509860171,2517.80566786429,2546.398509860171,28.592841995880917,B,True,True,0.03759765625,1.3149324665039004,1.3149324665039004,1.0,0.03759765625
29,29000016,29000016,B,3,4,2546.398509860171,2574.991351856052,28.592841995880917,28.592841995880917,2574.991351856052,2546.398509860171,2574.991351856052,28.592841995880917,B,True,True,0.03759765625,1.3149324665039004,1.3149324665039004,1.0,0.03759765625
29,29000016,29000016,B,4,5,2574.991351856052,2603.584193851933,28.592841995880917,28.592841995880917,2603.584193851933,2574.991351856052,2603.584193851933,28.592841995880917,B,True,True,0.03759765625,1.3149324665039004,1.3149324665039004,1.0,0.03759765625
29,29000016,29000016,B,5,6,2603.584193851933,2632.177035847814,28.592841995880917,28.592841995880917,2632.177035847814,2603.584193851933,2632.177035847814,28.592841995880917,B,True,True,0.03759765625,1.3149324665039004,1.3149324665039004,1.0,0.03759765625
29,29000016,29000016,B,6,7,2632.177035847814,2660.7698778436948,28.592841995880917,28.592841995880917,2660.7698778436948,2632.177035847814,2660.7698778436948,28.592841995880917,B,True,True,0.03759765625,1.3149324665039004,1.3149324665039004,1.0,0.03759765625
29,29000016,29000016,B,7,8,2660.7698778436948,2689.3627198395757,28.592841995880917,28.592841995880917,2689.3627198395757,2660.7698778436948,2689.3627198395757,28.592841995880917,B,True,True,0.03759765625,1.3149324665039004,1.3149324665039004,1.0,0.03759765625
29,29000016,29000017,B,8,1,2689.3627198395757,2717.9555618354566,28.592841995880917,28.592841995880917,2717.9555618354566,2689.3627198395757,2717.9555618354566,28.592841995880917,gray,False,True,0.03759765625,1.3149324665039004,,,
29,29000017,29000017,B,1,2,2717.9555618354566,2746.5484038313375,28.592841995880917,28.592841995880917,2746.5484038313375,2717.9555618354566,2746.5484038313375,28.592841995880917,B,True,True,0.03759765625,1.3149324665039004,1.3149324665039004,1.0,0.03759765625
29,29000017,29000017,B,2,3,2746.5484038313375,2775.1412458272184,28.592841995880917,28.592841995880917,2775.1412458272184,2746.5484038313375,2775.1412458272184,28.592841995880917,B,True,True,0.03759765625,1.3149324665039004,1.3149324665039004,1.0,0.03759765625
29,29000017,29000017,B,3,4,2775.1412458272184,2803.7340878230993,28.592841995880917,28.592841995880917,2803.7340878230993,2775.1412458272184,2803.7340878230993,28.592841995880917,B,True,True,0.03759765625,1.3149324665039004,1.3149324665039004,1.0,0.03759765625
29,29000017,29000017,B,4,5,2803.7340878230993,2832.3269298189803,28.592841995880917,28.592841995880917,2832.3269298189803,2803.7340878230993,2832.3269298189803,28.592841995880917,B,True,True,0.03759765625,1.3149324665039004,1.3149324665039004,1.0,0.03759765625
29,29000017,29000017,B,5,6,2832.3269298189803,2860.919771814861,28.592841995880917,28.592841995880917,2860.919771814861,2832.3269298189803,2860.919771814861,28.592841995880917,B,True,True,0.03759765625,1.3149324665039004,1.3149324665039004,1.0,0.03759765625
29,29000017,29000017,B,6,7,2860.919771814861,2889.512613810742,28.592841995880917,28.592841995880917,2889.512613810742,2860.919771814861,2889.512613810742,28.592841995880917,B,True,True,0.03759765625,1.3149324665039004,1.3149324665039004,1.0,0.03759765625
29,29000017,29000017,B,7,8,2889.512613810742,2918.105455806623,28.592841995880917,28.592841995880917,2918.105455806623,2889.512613810742,2918.105455806623,28.592841995880917,B,True,True,0.03759765625,1.3149324665039004,1.3149324665039004,1.0,0.03759765625
29,29000017,29000018,B,8,1,2918.105455806623,2946.698297802504,28.592841995880917,28.592841995880917,2946.698297802504,2918.105455806623,2946.698297802504,28.592841995880917,gray,False,True,0.03759765625,1.3149324665039004,,,
29,29000018,29000018,B,1,2,2946.698297802504,2975.291139798385,28.592841995880917,28.592841995880917,2975.291139798385,2946.698297802504,2975.291139798385,28.592841995880917,B,True,True,0.03759765625,1.3149324665039004,1.3149324665039004,1.0,0.03759765625
29,29000018,29000018,B,2,3,2975.291139798385,3003.8839817942658,28.592841995880917,28.592841995880917,3003.8839817942658,2975.291139798385,3003.8839817942658,28.592841995880917,B,True,True,0.03759765625,1.3149324665039004,1.3149324665039004,1.0,0.03759765625
29,29000018,29000018,B,3,4,3003.8839817942658,3032.4768237901467,28.592841995880917,28.592841995880917,3032.4768237901467,3003.8839817942658,3032.4768237901467,28.592841995880917,B,True,True,0.03759765625,1.3149324665039004,1.3149324665039004,1.0,0.03759765625
29,29000018,29000018,B,4,5,3032.4768237901467,3061.0696657860276,28.592841995880917,28.592841995880917,3061.0696657860276,3032.4768237901467,3061.0696657860276,28.592841995880917,B,True,True,0.03759765625,1.3149324665039004,1.3149324665039004,1.0,0.03759765625
29,29000018,29000018,B,5,6,3061.0696657860276,3089.6625077819085,28.592841995880917,28.592841995880917,3089.6625077819085,3061.0696657860276,3089.6625077819085,28.592841995880917,B,True,True,0.03759765625,1.3149324665039004,1.3149324665039004,1.0,0.03759765625
29,29000018,29000018,B,6,7,3089.6625077819085,3118.2553497777894,28.592841995880917,28.592841995880917,3118.2553497777894,3089.6625077819085,3118.2553497777894,28.592841995880917,B,True,True,0.03759765625,1.3149324665039004,1.3149324665039004,1.0,0.03759765625
29,29000018,29000018,B,7,8,3118.2553497777894,3146.8481917736704,28.592841995880917,28.592841995880917,3146.8481917736704,3118.2553497777894,3146.8481917736704,28.592841995880917,B,True,True,0.03759765625,1.3149324665039004,1.3149324665039004,1.0,0.03759765625
29,29000018,29000019,B,8,1,3146.8481917736704,3175.4410337695513,28.592841995880917,28.592841995880917,3175.4410337695513,3146.8481917736704,3175.4410337695513,28.592841995880917,gray,False,True,0.03759765625,1.3149324665039004,,,
29,29000019,29000019,B,1,2,3175.4410337695513,3204.033875765432,28.592841995880917,28.592841995880917,3204.033875765432,3175.4410337695513,3204.033875765432,28.592841995880917,B,True,True,0.03759765625,1.3149324665039004,1.3149324665039004,1.0,0.03759765625
29,29000019,29000019,B,2,3,3204.033875765432,3232.626717761313,28.592841995880917,28.592841995880917,3232.626717761313,3204.033875765432,3232.626717761313,28.592841995880917,B,True,True,0.03759765625,1.3149324665039004,1.3149324665039004,1.0,0.03759765625
29,29000019,29000019,B,3,4,3232.626717761313,3261.219559757194,28.592841995880917,28.592841995880917,3261.219559757194,3232.626717761313,3261.219559757194,28.592841995880917,B,True,True,0.03759765625,1.3149324665039004,1.3149324665039004,1.0,0.03759765625
29,29000019,29000019,B,4,5,3261.219559757194,3289.812401753075,28.592841995880917,28.592841995880917,3289.812401753075,3261.219559757194,3289.812401753075,28.592841995880917,B,True,True,0.03759765625,1.3149324665039004,1.3149324665039004,1.0,0.03759765625
29,29000019,29000019,B,5,6,3289.812401753075,3318.405243748956,28.592841995880917,28.592841995880917,3318.405243748956,3289.812401753075,3318.405243748956,28.592841995880917,B,True,True,0.03759765625,1.3149324665039004,1.3149324665039004,1.0,0.03759765625
29,29000019,29000019,B,6,7,3318.405243748956,3346.9980857448368,28.592841995880917,28.592841995880917,3346.9980857448368,3318.405243748956,3346.9980857448368,28.592841995880917,B,True,True,0.03759765625,1.3149324665039004,1.3149324665039004,1.0,0.03759765625
29,29000019,29000019,B,7,8,3346.9980857448368,3375.5909277407177,28.592841995880917,28.592841995880917,3375.5909277407177,3346.9980857448368,3375.5909277407177,28.592841995880917,B,True,True,0.03759765625,1.3149324665039004,1.3149324665039004,1.0,0.03759765625
29,29000019,29000020,B,8,1,3375.5909277407177,3404.1837697365986,28.592841995880917,28.592841995880917,3404.1837697365986,3375.5909277407177,3404.1837697365986,28.592841995880917,gray,False,True,0.03759765625,1.3149324665039004,,,
29,29000020,29000020,B,1,2,3404.1837697365986,3432.7766117324795,28.592841995880917,28.592841995880917,3432.7766117324795,3404.1837697365986,3432.7766117324795,28.592841995880917,B,True,True,0.03759765625,1.3149324665039004,1.3149324665039004,1.0,0.03759765625
29,29000020,29000020,B,2,3,3432.7766117324795,3461.3694537283604,28.592841995880917,28.592841995880917,3461.3694537283604,3432.7766117324795,3461.3694537283604,28.592841995880917,B,True,True,0.03759765625,1.3149324665039004,1.3149324665039004,1.0,0.03759765625
29,29000020,29000020,B,3,4,3461.3694537283604,3489.9622957242414,28.592841995880917,28.592841995880917,3489.9622957242414,3461.3694537283604,3489.9622957242414,28.592841995880917,B,True,True,0.03759765625,1.3149324665039004,1.3149324665039004,1.0,0.03759765625
29,29000020,29000020,B,4,5,3489.9622957242414,3518.5551377201223,28.592841995880917,28.592841995880917,3518.5551377201223,3489.9622957242414,3518.5551377201223,28.592841995880917,B,True,True,0.03759765625,1.3149324665039004,1.3149324665039004,1.0,0.03759765625
29,29000020,29000020,B,5,6,3518.5551377201223,3547.147979716003,28.592841995880917,28.592841995880917,3547.147979716003,3518.5551377201223,3547.147979716003,28.592841995880917,B,True,True,0.03759765625,1.3149324665039004,1.3149324665039004,1.0,0.03759765625
29,29000020,29000020,B,6,7,3547.147979716003,3575.740821711884,28.592841995880917,28.592841995880917,3575.740821711884,3547.147979716003,3575.740821711884,28.592841995880917,B,True,True,0.03759765625,1.3149324665039004,1.3149324665039004,1.0,0.03759765625
29,29000020,29000020,B,7,8,3575.740821711884,3604.333663707765,28.592841995880917,28.592841995880917,3604.333663707765,3575.740821711884,3604.333663707765,28.592841995880917,B,True,True,0.03759765625,1.3149324665039004,1.3149324665039004,1.0,0.03759765625
29,29000020,29000021,B,8,1,3604.333663707765,3632.926505703646,28.592841995880917,28.592841995880917,3632.926505703646,3604.333663707765,3632.926505703646,28.592841995880917,gray,False,True,0.03759765625,1.3149324665039004,,,
29,29000021,29000021,B,1,2,3632.926505703646,3661.519347699527,28.592841995880917,28.592841995880917,3661.519347699527,3632.926505703646,3661.519347699527,28.592841995880917,B,True,True,0.03759765625,1.3149324665039004,1.3149324665039004,1.0,0.03759765625
29,29000021,29000021,B,2,3,3661.519347699527,3690.112189695408,28.592841995880917,28.592841995880917,3690.112189695408,3661.519347699527,3690.112189695408,28.592841995880917,B,True,True,0.03759765625,1.3149324665039004,1.3149324665039004,1.0,0.03759765625
29,29000021,29000021,B,3,4,3690.112189695408,3718.7050316912887,28.592841995880917,28.592841995880917,3718.7050316912887,3690.112189695408,3718.7050316912887,28.592841995880917,B,True,True,0.03759765625,1.3149324665039004,1.3149324665039004,1.0,0.03759765625
29,29000021,29000021,B,4,5,3718.7050316912887,3747.2978736871696,28.592841995880917,28.592841995880917,3747.2978736871696,3718.7050316912887,3747.2978736871696,28.592841995880917,B,True,True,0.03759765625,1.3149324665039004,1.3149324665039004,1.0,0.03759765625
29,29000021,29000021,B,5,6,3747.2978736871696,3775.8907156830505,28.592841995880917,28.592841995880917,3775.8907156830505,3747.2978736871696,3775.8907156830505,28.592841995880917,B,True,True,0.03759765625,1.3149324665039004,1.3149324665039004,1.0,0.03759765625
29,29000021,29000021,B,6,7,3775.8907156830505,3804.4835576789314,28.592841995880917,28.592841995880917,3804.4835576789314,3775.8907156830505,3804.4835576789314,28.592841995880917,B,True,True,0.03759765625,1.3149324665039004,1.3149324665039004,1.0,0.03759765625
29,29000021,29000021,B,7,8,3804.4835576789314,3833.0763996748124,28.592841995880917,28.592841995880917,3833.0763996748124,3804.4835576789314,3833.0763996748124,28.592841995880917,B,True,True,0.03759765625,1.3149324665039004,1.3149324665039004,1.0,0.03759765625
29,29000021,29000022,B,8,1,3833.0763996748124,3861.6692416706933,28.592841995880917,28.592841995880917,3861.6692416706933,3833.0763996748124,3861.6692416706933,28.592841995880917,gray,False,True,0.03759765625,1.3149324665039004,,,
29,29000022,29000022,A,1,2,3861.6692416706933,3869.2620920117497,7.592850341056419,6.024011548588987,3867.6932532192823,3861.6692416706933,3869.2620920117497,6.024011548588987,A,True,True,0.171539306640625,28.475925926935663,22.5922149042066,0.7933794659451757,0.171539306640625
29,29000022,29000022,A,2,3,3869.2620920117497,3882.723395722687,13.4613037109375,6.024011548588987,3875.2861035603387,3869.2620920117497,3882.723395722687,6.024011548588987,A,True,True,0.171539306640625,28.475925926935663,12.743142144638403,0.4475058046342415,0.171539306640625
29,29000022,29000022,A,3,4,3882.723395722687,3888.747407271276,6.024011548588987,6.024011548588987,3888.747407271276,3882.723395722687,3888.747407271276,6.024011548588987,A,True,True,0.171539306640625,28.475925926935663,28.475925926935663,1.0,0.171539306640625
29,29000022,29000022,A,4,5,3888.747407271276,3899.9484612256165,11.201053954340296,6.024011548588987,3894.771418819865,3888.747407271276,3899.9484612256165,6.024011548588987,A,True,True,0.171539306640625,28.475925926935663,15.31456837364445,0.5378075646403563,0.171539306640625
29,29000022,29000022,A,5,6,3899.9484612256165,3908.2653642041323,8.316902978515827,6.024011548588987,3905.9724727742055,3899.9484612256165,3908.2653642041323,6.024011548588987,A,True,True,0.171539306640625,28.475925926935663,20.62538267955563,0.7243094652120118,0.171539306640625
29,29000022,29000022,A,6,7,3908.2653642041323,3921.8315720898745,13.566207885742188,6.024011548588987,3914.2893757527213,3908.2653642041323,3921.8315720898745,6.024011548588987,A,True,True,0.171539306640625,28.475925926935663,12.644602536343953,0.44404535145890717,0.171539306640625
29,29000022,29000022,A,7,8,3921.8315720898745,3927.8555836384635,6.024011548588987,6.024011548588987,3927.8555836384635,3921.8315720898745,3927.8555836384635,6.024011548588987,A,True,True,0.171539306640625,28.475925926935663,28.475925926935663,1.0,0.171539306640625
29,29000022,29000023,A,8,1,3927.8555836384635,3933.8795951870525,6.024011548588987,6.024011548588987,3933.8795951870525,3927.8555836384635,3933.8795951870525,6.024011548588987,gray,False,True,0.171539306640625,28.475925926935663,,,
29,29000023,29000023,A,1,2,3933.8795951870525,3945.921766792023,12.042171604970463,6.024011548588987,3939.9036067356415,3933.8795951870525,3945.921766792023,6.024011548588987,A,True,True,0.171539306640625,28.475925926935663,14.244881427351636,0.5002429583466945,0.171539306640625
29,29000023,29000023,A,2,3,3945.921766792023,3951.945778340612,6.024011548588987,6.024011548588987,3951.945778340612,3945.921766792023,3951.945778340612,6.024011548588987,A,True,True,0.171539306640625,28.475925926935663,28.475925926935663,1.0,0.171539306640625
29,29000023,29000023,A,3,4,3951.945778340612,3957.969789889201,6.024011548588987,6.024011548588987,3957.969789889201,3951.945778340612,3957.969789889201,6.024011548588987,A,True,True,0.171539306640625,28.475925926935663,28.475925926935663,1.0,0.171539306640625
29,29000023,29000023,A,4,5,3957.969789889201,3965.2030541211243,7.2332642319233855,6.024011548588987,3963.99380143779,3957.969789889201,3965.2030541211243,6.024011548588987,A,True,True,0.171539306640625,28.475925926935663,23.715338074275113,0.8328206125807673,0.171539306640625
29,29000023,29000023,A,5,6,3965.2030541211243,3971.2270656697133,6.024011548588987,6.024011548588987,3971.2270656697133,3965.2030541211243,3971.2270656697133,6.024011548588987,A,True,True,0.171539306640625,28.475925926935663,28.475925926935663,1.0,0.171539306640625
29,29000023,29000023,A,6,7,3971.2270656697133,3977.2510772183023,6.024011548588987,6.024011548588987,3977.2510772183023,3971.2270656697133,3977.2510772183023,6.024011548588987,A,True,True,0.171539306640625,28.475925926935663,28.475925926935663,1.0,0.171539306640625
29,29000023,29000023,A,7,8,3977.2510772183023,3984.639899628937,7.38882241063493,6.024011548588987,3983.2750887668913,3977.2510772183023,3984.639899628937,6.024011548588987,A,True,True,0.171539306640625,28.475925926935663,23.2160548876806,0.8152870936400456,0.171539306640625
29,29000023,29000024,A,8,1,3984.639899628937,3990.663911177526,6.024011548588987,6.024011548588987,3990.663911177526,3984.639899628937,3990.663911177526,6.024011548588987,gray,False,True,0.171539306640625,28.475925926935663,,,
29,29000024,29000024,B,1,2,3990.663911177526,4019.256753173407,28.592841995880917,28.592841995880917,4019.256753173407,3990.663911177526,4000.0,9.336088822473812,gray,True,False,0.03759765625,1.3149324665039004,,,
30,30000010,30000010,B,4,5,1985.8773066404685,2014.4701486363492,28.59284199588069,28.59284199588069,2014.4701486363492,2000.0,2014.4701486363492,14.470148636349222,gray,True,False,0.03759765625,1.3149324665039108,,,
30,30000010,30000010,B,5,6,2014.4701486363492,2043.06299063223,28.59284199588069,28.59284199588069,2043.06299063223,2014.4701486363492,2043.06299063223,28.59284199588069,B,True,True,0.03759765625,1.3149324665039108,1.3149324665039108,1.0,0.03759765625
30,30000010,30000010,B,6,7,2043.06299063223,2071.6558326281106,28.59284199588069,28.59284199588069,2071.6558326281106,2043.06299063223,2071.6558326281106,28.59284199588069,B,True,True,0.03759765625,1.3149324665039108,1.3149324665039108,1.0,0.03759765625
30,30000010,30000010,B,7,8,2071.6558326281106,2100.2486746239915,28.592841995880917,28.592841995880917,2100.2486746239915,2071.6558326281106,2100.2486746239915,28.592841995880917,B,True,True,0.03759765625,1.3149324665039004,1.3149324665039004,1.0,0.03759765625
30,30000010,30000011,B,8,1,2100.2486746239915,2128.8415166198724,28.592841995880917,28.592841995880917,2128.8415166198724,2100.2486746239915,2128.8415166198724,28.592841995880917,gray,False,True,0.03759765625,1.3149324665039004,,,
30,30000011,30000011,B,1,2,2128.8415166198724,2157.4343586157534,28.592841995880917,28.592841995880917,2157.4343586157534,2128.8415166198724,2157.4343586157534,28.592841995880917,B,True,True,0.03759765625,1.3149324665039004,1.3149324665039004,1.0,0.03759765625
30,30000011,30000011,B,2,3,2157.4343586157534,2186.0272006116343,28.592841995880917,28.592841995880917,2186.0272006116343,2157.4343586157534,2186.0272006116343,28.592841995880917,B,True,True,0.03759765625,1.3149324665039004,1.3149324665039004,1.0,0.03759765625
30,30000011,30000011,B,3,4,2186.0272006116343,2214.620042607515,28.592841995880917,28.592841995880917,2214.620042607515,2186.0272006116343,2214.620042607515,28.592841995880917,B,True,True,0.03759765625,1.3149324665039004,1.3149324665039004,1.0,0.03759765625
30,30000011,30000011,B,4,5,2214.620042607515,2243.212884603396,28.592841995880917,28.592841995880917,2243.212884603396,2214.620042607515,2243.212884603396,28.592841995880917,B,True,True,0.03759765625,1.3149324665039004,1.3149324665039004,1.0,0.03759765625
30,30000011,30000011,B,5,6,2243.212884603396,2271.805726599277,28.592841995880917,28.592841995880917,2271.805726599277,2243.212884603396,2271.805726599277,28.592841995880917,B,True,True,0.03759765625,1.3149324665039004,1.3149324665039004,1.0,0.03759765625
30,30000011,30000011,B,6,7,2271.805726599277,2300.398568595158,28.592841995880917,28.592841995880917,2300.398568595158,2271.805726599277,2300.398568595158,28.592841995880917,B,True,True,0.03759765625,1.3149324665039004,1.3149324665039004,1.0,0.03759765625
30,30000011,30000011,B,7,8,2300.398568595158,2328.991410591039,28.592841995880917,28.592841995880917,2328.991410591039,2300.398568595158,2328.991410591039,28.592841995880917,B,True,True,0.03759765625,1.3149324665039004,1.3149324665039004,1.0,0.03759765625
30,30000011,30000012,B,8,1,2328.991410591039,2357.58425258692,28.592841995880917,28.592841995880917,2357.58425258692,2328.991410591039,2357.58425258692,28.592841995880917,gray,False,True,0.03759765625,1.3149324665039004,,,
30,30000012,30000012,B,1,2,2357.58425258692,2386.1770945828007,28.592841995880917,28.592841995880917,2386.1770945828007,2357.58425258692,2386.1770945828007,28.592841995880917,B,True,True,0.03759765625,1.3149324665039004,1.3149324665039004,1.0,0.03759765625
30,30000012,30000012,B,2,3,2386.1770945828007,2414.7699365786816,28.592841995880917,28.592841995880917,2414.7699365786816,2386.1770945828007,2414.7699365786816,28.592841995880917,B,True,True,0.03759765625,1.3149324665039004,1.3149324665039004,1.0,0.03759765625
30,30000012,30000012,B,3,4,2414.7699365786816,2443.3627785745625,28.592841995880917,28.592841995880917,2443.3627785745625,2414.7699365786816,2443.3627785745625,28.592841995880917,B,True,True,0.03759765625,1.3149324665039004,1.3149324665039004,1.0,0.03759765625
30,30000012,30000012,B,4,5,2443.3627785745625,2471.9556205704434,28.592841995880917,28.592841995880917,2471.9556205704434,2443.3627785745625,2471.9556205704434,28.592841995880917,B,True,True,0.03759765625,1.3149324665039004,1.3149324665039004,1.0,0.03759765625
30,30000012,30000012,B,5,6,2471.9556205704434,2500.5484625663244,28.592841995880917,28.592841995880917,2500.5484625663244,2471.9556205704434,2500.5484625663244,28.592841995880917,B,True,True,0.03759765625,1.3149324665039004,1.3149324665039004,1.0,0.03759765625
30,30000012,30000012,B,6,7,2500.5484625663244,2529.1413045622053,28.592841995880917,28.592841995880917,2529.1413045622053,2500.5484625663244,2529.1413045622053,28.592841995880917,B,True,True,0.03759765625,1.3149324665039004,1.3149324665039004,1.0,0.03759765625
30,30000012,30000012,B,7,8,2529.1413045622053,2557.734146558086,28.592841995880917,28.592841995880917,2557.734146558086,2529.1413045622053,2557.734146558086,28.592841995880917,B,True,True,0.03759765625,1.3149324665039004,1.3149324665039004,1.0,0.03759765625
30,30000012,30000013,B,8,1,2557.734146558086,2586.326988553967,28.592841995880917,28.592841995880917,2586.326988553967,2557.734146558086,2586.326988553967,28.592841995880917,gray,False,True,0.03759765625,1.3149324665039004,,,
30,30000013,30000013,B,1,2,2586.326988553967,2614.919830549848,28.592841995880917,28.592841995880917,2614.919830549848,2586.326988553967,2614.919830549848,28.592841995880917,B,True,True,0.03759765625,1.3149324665039004,1.3149324665039004,1.0,0.03759765625
30,30000013,30000013,B,2,3,2614.919830549848,2643.512672545729,28.592841995880917,28.592841995880917,2643.512672545729,2614.919830549848,2643.512672545729,28.592841995880917,B,True,True,0.03759765625,1.3149324665039004,1.3149324665039004,1.0,0.03759765625
30,30000013,30000013,B,3,4,2643.512672545729,2672.10551454161,28.592841995880917,28.592841995880917,2672.10551454161,2643.512672545729,2672.10551454161,28.592841995880917,B,True,True,0.03759765625,1.3149324665039004,1.3149324665039004,1.0,0.03759765625
30,30000013,30000013,B,4,5,2672.10551454161,2700.698356537491,28.592841995880917,28.592841995880917,2700.698356537491,2672.10551454161,2700.698356537491,28.592841995880917,B,True,True,0.03759765625,1.3149324665039004,1.3149324665039004,1.0,0.03759765625
30,30000013,30000013,B,5,6,2700.698356537491,2729.2911985333717,28.592841995880917,28.592841995880917,2729.2911985333717,2700.698356537491,2729.2911985333717,28.592841995880917,B,True,True,0.03759765625,1.3149324665039004,1.3149324665039004,1.0,0.03759765625
30,30000013,30000013,B,6,7,2729.2911985333717,2757.8840405292526,28.592841995880917,28.592841995880917,2757.8840405292526,2729.2911985333717,2757.8840405292526,28.592841995880917,B,True,True,0.03759765625,1.3149324665039004,1.3149324665039004,1.0,0.03759765625
30,30000013,30000013,B,7,8,2757.8840405292526,2786.4768825251335,28.592841995880917,28.592841995880917,2786.4768825251335,2757.8840405292526,2786.4768825251335,28.592841995880917,B,True,True,0.03759765625,1.3149324665039004,1.3149324665039004,1.0,0.03759765625
30,30000013,30000014,B,8,1,2786.4768825251335,2815.0697245210145,28.592841995880917,28.592841995880917,2815.0697245210145,2786.4768825251335,2815.0697245210145,28.592841995880917,gray,False,True,0.03759765625,1.3149324665039004,,,
30,30000014,30000014,B,1,2,2815.0697245210145,2843.6625665168954,28.592841995880917,28.592841995880917,2843.6625665168954,2815.0697245210145,2843.6625665168954,28.592841995880917,B,True,True,0.03759765625,1.3149324665039004,1.3149324665039004,1.0,0.03759765625
30,30000014,30000014,B,2,3,2843.6625665168954,2872.2554085127763,28.592841995880917,28.592841995880917,2872.2554085127763,2843.6625665168954,2872.2554085127763,28.592841995880917,B,True,True,0.03759765625,1.3149324665039004,1.3149324665039004,1.0,0.03759765625
30,30000014,30000014,B,3,4,2872.2554085127763,2900.848250508657,28.592841995880917,28.592841995880917,2900.848250508657,2872.2554085127763,2900.848250508657,28.592841995880917,B,True,True,0.03759765625,1.3149324665039004,1.3149324665039004,1.0,0.03759765625
30,30000014,30000014,B,4,5,2900.848250508657,2929.441092504538,28.592841995880917,28.592841995880917,2929.441092504538,2900.848250508657,2929.441092504538,28.592841995880917,B,True,True,0.03759765625,1.3149324665039004,1.3149324665039004,1.0,0.03759765625
30,30000014,30000014,B,5,6,2929.441092504538,2958.033934500419,28.592841995880917,28.592841995880917,2958.033934500419,2929.441092504538,2958.033934500419,28.592841995880917,B,True,True,0.03759765625,1.3149324665039004,1.3149324665039004,1.0,0.03759765625
30,30000014,30000014,B,6,7,2958.033934500419,2986.6267764963,28.592841995880917,28.592841995880917,2986.6267764963,2958.033934500419,2986.6267764963,28.592841995880917,B,True,True,0.03759765625,1.3149324665039004,1.3149324665039004,1.0,0.03759765625
30,30000014,30000014,B,7,8,2986.6267764963,3015.219618492181,28.592841995880917,28.592841995880917,3015.219618492181,2986.6267764963,3015.219618492181,28.592841995880917,B,True,True,0.03759765625,1.3149324665039004,1.3149324665039004,1.0,0.03759765625
30,30000014,30000015,B,8,1,3015.219618492181,3043.812460488062,28.592841995880917,28.592841995880917,3043.812460488062,3015.219618492181,3043.812460488062,28.592841995880917,gray,False,True,0.03759765625,1.3149324665039004,,,
30,30000015,30000015,B,1,2,3043.812460488062,3072.4053024839427,28.592841995880917,28.592841995880917,3072.4053024839427,3043.812460488062,3072.4053024839427,28.592841995880917,B,True,True,0.03759765625,1.3149324665039004,1.3149324665039004,1.0,0.03759765625
30,30000015,30000015,B,2,3,3072.4053024839427,3100.9981444798236,28.592841995880917,28.592841995880917,3100.9981444798236,3072.4053024839427,3100.9981444798236,28.592841995880917,B,True,True,0.03759765625,1.3149324665039004,1.3149324665039004,1.0,0.03759765625
30,30000015,30000015,B,3,4,3100.9981444798236,3129.5909864757045,28.592841995880917,28.592841995880917,3129.5909864757045,3100.9981444798236,3129.5909864757045,28.592841995880917,B,True,True,0.03759765625,1.3149324665039004,1.3149324665039004,1.0,0.03759765625
30,30000015,30000015,B,4,5,3129.5909864757045,3158.1838284715855,28.592841995880917,28.592841995880917,3158.1838284715855,3129.5909864757045,3158.1838284715855,28.592841995880917,B,True,True,0.03759765625,1.3149324665039004,1.3149324665039004,1.0,0.03759765625
30,30000015,30000015,B,5,6,3158.1838284715855,3186.7766704674664,28.592841995880917,28.592841995880917,3186.7766704674664,3158.1838284715855,3186.7766704674664,28.592841995880917,B,True,True,0.03759765625,1.3149324665039004,1.3149324665039004,1.0,0.03759765625
30,30000015,30000015,B,6,7,3186.7766704674664,3215.3695124633473,28.592841995880917,28.592841995880917,3215.3695124633473,3186.7766704674664,3215.3695124633473,28.592841995880917,B,True,True,0.03759765625,1.3149324665039004,1.3149324665039004,1.0,0.03759765625
30,30000015,30000015,B,7,8,3215.3695124633473,3243.962354459228,28.592841995880917,28.592841995880917,3243.962354459228,3215.3695124633473,3243.962354459228,28.592841995880917,B,True,True,0.03759765625,1.3149324665039004,1.3149324665039004,1.0,0.03759765625
30,30000015,30000016,B,8,1,3243.962354459228,3272.555196455109,28.592841995880917,28.592841995880917,3272.555196455109,3243.962354459228,3272.555196455109,28.592841995880917,gray,False,True,0.03759765625,1.3149324665039004,,,
30,30000016,30000016,B,1,2,3272.555196455109,3301.14803845099,28.592841995880917,28.592841995880917,3301.14803845099,3272.555196455109,3301.14803845099,28.592841995880917,B,True,True,0.03759765625,1.3149324665039004,1.3149324665039004,1.0,0.03759765625
30,30000016,30000016,B,2,3,3301.14803845099,3329.740880446871,28.592841995880917,28.592841995880917,3329.740880446871,3301.14803845099,3329.740880446871,28.592841995880917,B,True,True,0.03759765625,1.3149324665039004,1.3149324665039004,1.0,0.03759765625
30,30000016,30000016,B,3,4,3329.740880446871,3358.333722442752,28.592841995880917,28.592841995880917,3358.333722442752,3329.740880446871,3358.333722442752,28.592841995880917,B,True,True,0.03759765625,1.3149324665039004,1.3149324665039004,1.0,0.03759765625
30,30000016,30000016,B,4,5,3358.333722442752,3386.926564438633,28.592841995880917,28.592841995880917,3386.926564438633,3358.333722442752,3386.926564438633,28.592841995880917,B,True,True,0.03759765625,1.3149324665039004,1.3149324665039004,1.0,0.03759765625
30,30000016,30000016,B,5,6,3386.926564438633,3415.5194064345137,28.592841995880917,28.592841995880917,3415.5194064345137,3386.926564438633,3415.5194064345137,28.592841995880917,B,True,True,0.03759765625,1.3149324665039004,1.3149324665039004,1.0,0.03759765625
30,30000016,30000016,B,6,7,3415.5194064345137,3444.1122484303946,28.592841995880917,28.592841995880917,3444.1122484303946,3415.5194064345137,3444.1122484303946,28.592841995880917,B,True,True,0.03759765625,1.3149324665039004,1.3149324665039004,1.0,0.03759765625
30,30000016,30000016,B,7,8,3444.1122484303946,3472.7050904262755,28.592841995880917,28.592841995880917,3472.7050904262755,3444.1122484303946,3472.7050904262755,28.592841995880917,B,True,True,0.03759765625,1.3149324665039004,1.3149324665039004,1.0,0.03759765625
30,30000016,30000017,B,8,1,3472.7050904262755,3504.9466775830388,32.24158715676322,28.592841995880917,3501.2979324221565,3472.7050904262755,3504.9466775830388,28.592841995880917,gray,False,True,0.03759765625,1.3149324665039004,,,
30,30000017,30000017,A,1,2,3504.9466775830388,3531.1976982861634,26.251020703124595,6.024011548588987,3510.9706891316278,3504.9466775830388,3531.1976982861634,6.024011548588987,A,True,True,0.171539306640625,28.475925926935663,6.534576639155486,0.22947723125569605,0.171539306640625
30,30000017,30000017,A,2,3,3531.1976982861634,3555.9509873730776,24.753289086914265,6.024011548588987,3537.2217098347523,3531.1976982861634,3555.9509873730776,6.024011548588987,A,True,True,0.171539306640625,28.475925926935663,6.929960137350338,0.24336206503456378,0.171539306640625
30,30000017,30000017,A,3,4,3555.9509873730776,3572.33701947757,16.386032104492188,6.024011548588987,3561.9749989216666,3555.9509873730776,3572.33701947757,6.024011548588987,A,True,True,0.171539306640625,28.475925926935663,10.468629961587707,0.36763088892871876,0.171539306640625
30,30000017,30000017,A,4,5,3572.33701947757,3585.408079658234,13.071060180664062,6.024011548588987,3578.361031026159,3572.33701947757,3585.408079658234,6.024011548588987,A,True,True,0.171539306640625,28.475925926935663,13.123595505617978,0.4608663310647341,0.171539306640625
30,30000017,30000017,A,5,6,3585.408079658234,3602.524344819367,17.116265161133015,6.024011548588987,3591.432091206823,3585.408079658234,3602.524344819367,6.024011548588987,A,True,True,0.171539306640625,28.475925926935663,10.022005678560657,0.35194661287838025,0.171539306640625
30,30000017,30000017,A,6,7,3602.524344819367,3637.5413583691716,35.01701354980469,6.024011548588987,3608.548356367956,3602.524344819367,3637.5413583691716,6.024011548588987,A,True,True,0.171539306640625,28.475925926935663,4.898741761533852,0.17203099116436749,0.171539306640625
30,30000017,30000017,A,7,8,3637.5413583691716,3654.741346870148,17.19998850097636,6.024011548588987,3643.5653699177606,3637.5413583691716,3654.741346870148,6.024011548588987,A,True,True,0.171539306640625,28.475925926935663,9.973222169938516,0.35023346371696895,0.171539306640625
30,30000017,30000018,A,8,1,3654.741346870148,3660.765358418737,6.024011548588987,6.024011548588987,3660.765358418737,3654.741346870148,3660.765358418737,6.024011548588987,gray,False,True,0.171539306640625,28.475925926935663,,,
30,30000018,30000018,B,1,2,3660.765358418737,3689.358200414618,28.592841995880917,28.592841995880917,3689.358200414618,3660.765358418737,3689.358200414618,28.592841995880917,B,True,True,0.03759765625,1.3149324665039004,1.3149324665039004,1.0,0.03759765625
30,30000018,30000018,B,2,3,3689.358200414618,3717.9510424104988,28.592841995880917,28.592841995880917,3717.9510424104988,3689.358200414618,3717.9510424104988,28.592841995880917,B,True,True,0.03759765625,1.3149324665039004,1.3149324665039004,1.0,0.03759765625
30,30000018,30000018,B,3,4,3717.9510424104988,3746.5438844063797,28.592841995880917,28.592841995880917,3746.5438844063797,3717.9510424104988,3746.5438844063797,28.592841995880917,B,True,True,0.03759765625,1.3149324665039004,1.3149324665039004,1.0,0.03759765625
30,30000018,30000018,B,4,5,3746.5438844063797,3775.1367264022606,28.592841995880917,28.592841995880917,3775.1367264022606,3746.5438844063797,3775.1367264022606,28.592841995880917,B,True,True,0.03759765625,1.3149324665039004,1.3149324665039004,1.0,0.03759765625
30,30000018,30000018,B,5,6,3775.1367264022606,3803.7295683981415,28.592841995880917,28.592841995880917,3803.7295683981415,3775.1367264022606,3803.7295683981415,28.592841995880917,B,True,True,0.03759765625,1.3149324665039004,1.3149324665039004,1.0,0.03759765625
30,30000018,30000018,B,6,7,3803.7295683981415,3832.3224103940224,28.592841995880917,28.592841995880917,3832.3224103940224,3803.7295683981415,3832.3224103940224,28.592841995880917,B,True,True,0.03759765625,1.3149324665039004,1.3149324665039004,1.0,0.03759765625
30,30000018,30000018,B,7,8,3832.3224103940224,3860.9152523899033,28.592841995880917,28.592841995880917,3860.9152523899033,3832.3224103940224,3860.9152523899033,28.592841995880917,B,True,True,0.03759765625,1.3149324665039004,1.3149324665039004,1.0,0.03759765625
30,30000018,30000019,B,8,1,3860.9152523899033,3889.5080943857843,28.592841995880917,28.592841995880917,3889.5080943857843,3860.9152523899033,3889.5080943857843,28.592841995880917,gray,False,True,0.03759765625,1.3149324665039004,,,
30,30000019,30000019,B,1,2,3889.5080943857843,3918.100936381665,28.592841995880917,28.592841995880917,3918.100936381665,3889.5080943857843,3918.100936381665,28.592841995880917,B,True,True,0.03759765625,1.3149324665039004,1.3149324665039004,1.0,0.03759765625
30,30000019,30000019,B,2,3,3918.100936381665,3946.693778377546,28.592841995880917,28.592841995880917,3946.693778377546,3918.100936381665,3946.693778377546,28.592841995880917,B,True,True,0.03759765625,1.3149324665039004,1.3149324665039004,1.0,0.03759765625
30,30000019,30000019,B,3,4,3946.693778377546,3975.286620373427,28.592841995880917,28.592841995880917,3975.286620373427,3946.693778377546,3975.286620373427,28.592841995880917,B,True,True,0.03759765625,1.3149324665039004,1.3149324665039004,1.0,0.03759765625
30,30000019,30000019,B,4,5,3975.286620373427,4003.879462369308,28.592841995880917,28.592841995880917,4003.879462369308,3975.286620373427,4000.0,24.713379626572987,gray,True,False,0.03759765625,1.3149324665039004,,,
31,31000010,31000010,B,7,8,1973.493417290948,2002.0862592868286,28.59284199588069,28.59284199588069,2002.0862592868286,2000.0,2002.0862592868286,2.0862592868286356,gray,True,False,0.03759765625,1.3149324665039108,,,
31,31000010,31000011,B,8,1,2002.0862592868286,2030.6791012827093,28.59284199588069,28.59284199588069,2030.6791012827093,2002.0862592868286,2030.6791012827093,28.59284199588069,gray,False,True,0.03759765625,1.3149324665039108,,,
31,31000011,31000011,B,1,2,2030.6791012827093,2059.2719432785902,28.592841995880917,28.592841995880917,2059.2719432785902,2030.6791012827093,2059.2719432785902,28.592841995880917,B,True,True,0.03759765625,1.3149324665039004,1.3149324665039004,1.0,0.03759765625
31,31000011,31000011,B,2,3,2059.2719432785902,2087.864785274471,28.592841995880917,28.592841995880917,2087.864785274471,2059.2719432785902,2087.864785274471,28.592841995880917,B,True,True,0.03759765625,1.3149324665039004,1.3149324665039004,1.0,0.03759765625
31,31000011,31000011,B,3,4,2087.864785274471,2116.457627270352,28.592841995880917,28.592841995880917,2116.457627270352,2087.864785274471,2116.457627270352,28.592841995880917,B,True,True,0.03759765625,1.3149324665039004,1.3149324665039004,1.0,0.03759765625
31,31000011,31000011,B,4,5,2116.457627270352,2145.050469266233,28.592841995880917,28.592841995880917,2145.050469266233,2116.457627270352,2145.050469266233,28.592841995880917,B,True,True,0.03759765625,1.3149324665039004,1.3149324665039004,1.0,0.03759765625
31,31000011,31000011,B,5,6,2145.050469266233,2173.643311262114,28.592841995880917,28.592841995880917,2173.643311262114,2145.050469266233,2173.643311262114,28.592841995880917,B,True,True,0.03759765625,1.3149324665039004,1.3149324665039004,1.0,0.03759765625
31,31000011,31000011,B,6,7,2173.643311262114,2202.236153257995,28.592841995880917,28.592841995880917,2202.236153257995,2173.643311262114,2202.236153257995,28.592841995880917,B,True,True,0.03759765625,1.3149324665039004,1.3149324665039004,1.0,0.03759765625
31,31000011,31000011,B,7,8,2202.236153257995,2230.8289952538757,28.592841995880917,28.592841995880917,2230.8289952538757,2202.236153257995,2230.8289952538757,28.592841995880917,B,True,True,0.03759765625,1.3149324665039004,1.3149324665039004,1.0,0.03759765625
31,31000011,31000012,B,8,1,2230.8289952538757,2259.4218372497567,28.592841995880917,28.592841995880917,2259.4218372497567,2230.8289952538757,2259.4218372497567,28.592841995880917,gray,False,True,0.03759765625,1.3149324665039004,,,
31,31000012,31000012,B,1,2,2259.4218372497567,2288.0146792456376,28.592841995880917,28.592841995880917,2288.0146792456376,2259.4218372497567,2288.0146792456376,28.592841995880917,B,True,True,0.03759765625,1.3149324665039004,1.3149324665039004,1.0,0.03759765625
31,31000012,31000012,B,2,3,2288.0146792456376,2316.6075212415185,28.592841995880917,28.592841995880917,2316.6075212415185,2288.0146792456376,2316.6075212415185,28.592841995880917,B,True,True,0.03759765625,1.3149324665039004,1.3149324665039004,1.0,0.03759765625
31,31000012,31000012,B,3,4,2316.6075212415185,2345.2003632373994,28.592841995880917,28.592841995880917,2345.2003632373994,2316.6075212415185,2345.2003632373994,28.592841995880917,B,True,True,0.03759765625,1.3149324665039004,1.3149324665039004,1.0,0.03759765625
31,31000012,31000012,B,4,5,2345.2003632373994,2373.7932052332803,28.592841995880917,28.592841995880917,2373.7932052332803,2345.2003632373994,2373.7932052332803,28.592841995880917,B,True,True,0.03759765625,1.3149324665039004,1.3149324665039004,1.0,0.03759765625
31,31000012,31000012,B,5,6,2373.7932052332803,2402.3860472291612,28.592841995880917,28.592841995880917,2402.3860472291612,2373.7932052332803,2402.3860472291612,28.592841995880917,B,True,True,0.03759765625,1.3149324665039004,1.3149324665039004,1.0,0.03759765625
31,31000012,31000012,B,6,7,2402.3860472291612,2430.978889225042,28.592841995880917,28.592841995880917,2430.978889225042,2402.3860472291612,2430.978889225042,28.592841995880917,B,True,True,0.03759765625,1.3149324665039004,1.3149324665039004,1.0,0.03759765625
31,31000012,31000012,B,7,8,2430.978889225042,2459.571731220923,28.592841995880917,28.592841995880917,2459.571731220923,2430.978889225042,2459.571731220923,28.592841995880917,B,True,True,0.03759765625,1.3149324665039004,1.3149324665039004,1.0,0.03759765625
31,31000012,31000013,B,8,1,2459.571731220923,2488.164573216804,28.592841995880917,28.592841995880917,2488.164573216804,2459.571731220923,2488.164573216804,28.592841995880917,gray,False,True,0.03759765625,1.3149324665039004,,,
31,31000013,31000013,B,1,2,2488.164573216804,2516.757415212685,28.592841995880917,28.592841995880917,2516.757415212685,2488.164573216804,2516.757415212685,28.592841995880917,B,True,True,0.03759765625,1.3149324665039004,1.3149324665039004,1.0,0.03759765625
31,31000013,31000013,B,2,3,2516.757415212685,2545.350257208566,28.592841995880917,28.592841995880917,2545.350257208566,2516.757415212685,2545.350257208566,28.592841995880917,B,True,True,0.03759765625,1.3149324665039004,1.3149324665039004,1.0,0.03759765625
31,31000013,31000013,B,3,4,2545.350257208566,2573.9430992044468,28.592841995880917,28.592841995880917,2573.9430992044468,2545.350257208566,2573.9430992044468,28.592841995880917,B,True,True,0.03759765625,1.3149324665039004,1.3149324665039004,1.0,0.03759765625
31,31000013,31000013,B,4,5,2573.9430992044468,2602.5359412003277,28.592841995880917,28.592841995880917,2602.5359412003277,2573.9430992044468,2602.5359412003277,28.592841995880917,B,True,True,0.03759765625,1.3149324665039004,1.3149324665039004,1.0,0.03759765625
31,31000013,31000013,B,5,6,2602.5359412003277,2631.1287831962086,28.592841995880917,28.592841995880917,2631.1287831962086,2602.5359412003277,2631.1287831962086,28.592841995880917,B,True,True,0.03759765625,1.3149324665039004,1.3149324665039004,1.0,0.03759765625
31,31000013,31000013,B,6,7,2631.1287831962086,2659.7216251920895,28.592841995880917,28.592841995880917,2659.7216251920895,2631.1287831962086,2659.7216251920895,28.592841995880917,B,True,True,0.03759765625,1.3149324665039004,1.3149324665039004,1.0,0.03759765625
31,31000013,31000013,B,7,8,2659.7216251920895,2688.3144671879704,28.592841995880917,28.592841995880917,2688.3144671879704,2659.7216251920895,2688.3144671879704,28.592841995880917,B,True,True,0.03759765625,1.3149324665039004,1.3149324665039004,1.0,0.03759765625
31,31000013,31000014,B,8,1,2688.3144671879704,2716.9073091838513,28.592841995880917,28.592841995880917,2716.9073091838513,2688.3144671879704,2716.9073091838513,28.592841995880917,gray,False,True,0.03759765625,1.3149324665039004,,,
31,31000014,31000014,B,1,2,2716.9073091838513,2745.5001511797323,28.592841995880917,28.592841995880917,2745.5001511797323,2716.9073091838513,2745.5001511797323,28.592841995880917,B,True,True,0.03759765625,1.3149324665039004,1.3149324665039004,1.0,0.03759765625
31,31000014,31000014,B,2,3,2745.5001511797323,2774.092993175613,28.592841995880917,28.592841995880917,2774.092993175613,2745.5001511797323,2774.092993175613,28.592841995880917,B,True,True,0.03759765625,1.3149324665039004,1.3149324665039004,1.0,0.03759765625
31,31000014,31000014,B,3,4,2774.092993175613,2802.685835171494,28.592841995880917,28.592841995880917,2802.685835171494,2774.092993175613,2802.685835171494,28.592841995880917,B,True,True,0.03759765625,1.3149324665039004,1.3149324665039004,1.0,0.03759765625
31,31000014,31000014,B,4,5,2802.685835171494,2831.278677167375,28.592841995880917,28.592841995880917,2831.278677167375,2802.685835171494,2831.278677167375,28.592841995880917,B,True,True,0.03759765625,1.3149324665039004,1.3149324665039004,1.0,0.03759765625
31,31000014,31000014,B,5,6,2831.278677167375,2859.871519163256,28.592841995880917,28.592841995880917,2859.871519163256,2831.278677167375,2859.871519163256,28.592841995880917,B,True,True,0.03759765625,1.3149324665039004,1.3149324665039004,1.0,0.03759765625
31,31000014,31000014,B,6,7,2859.871519163256,2888.464361159137,28.592841995880917,28.592841995880917,2888.464361159137,2859.871519163256,2888.464361159137,28.592841995880917,B,True,True,0.03759765625,1.3149324665039004,1.3149324665039004,1.0,0.03759765625
31,31000014,31000014,B,7,8,2888.464361159137,2917.0572031550178,28.592841995880917,28.592841995880917,2917.0572031550178,2888.464361159137,2917.0572031550178,28.592841995880917,B,True,True,0.03759765625,1.3149324665039004,1.3149324665039004,1.0,0.03759765625
31,31000014,31000015,B,8,1,2917.0572031550178,2945.6500451508987,28.592841995880917,28.592841995880917,2945.6500451508987,2917.0572031550178,2945.6500451508987,28.592841995880917,gray,False,True,0.03759765625,1.3149324665039004,,,
31,31000015,31000015,B,1,2,2945.6500451508987,2974.2428871467796,28.592841995880917,28.592841995880917,2974.2428871467796,2945.6500451508987,2974.2428871467796,28.592841995880917,B,True,True,0.03759765625,1.3149324665039004,1.3149324665039004,1.0,0.03759765625
31,31000015,31000015,B,2,3,2974.2428871467796,3002.8357291426605,28.592841995880917,28.592841995880917,3002.8357291426605,2974.2428871467796,3002.8357291426605,28.592841995880917,B,True,True,0.03759765625,1.3149324665039004,1.3149324665039004,1.0,0.03759765625
31,31000015,31000015,B,3,4,3002.8357291426605,3031.4285711385414,28.592841995880917,28.592841995880917,3031.4285711385414,3002.8357291426605,3031.4285711385414,28.592841995880917,B,True,True,0.03759765625,1.3149324665039004,1.3149324665039004,1.0,0.03759765625
31,31000015,31000015,B,4,5,3031.4285711385414,3060.0214131344223,28.592841995880917,28.592841995880917,3060.0214131344223,3031.4285711385414,3060.0214131344223,28.592841995880917,B,True,True,0.03759765625,1.3149324665039004,1.3149324665039004,1.0,0.03759765625
31,31000015,31000015,B,5,6,3060.0214131344223,3088.6142551303033,28.592841995880917,28.592841995880917,3088.6142551303033,3060.0214131344223,3088.6142551303033,28.592841995880917,B,True,True,0.03759765625,1.3149324665039004,1.3149324665039004,1.0,0.03759765625
31,31000015,31000015,B,6,7,3088.6142551303033,3117.207097126184,28.592841995880917,28.592841995880917,3117.207097126184,3088.6142551303033,3117.207097126184,28.592841995880917,B,True,True,0.03759765625,1.3149324665039004,1.3149324665039004,1.0,0.03759765625
31,31000015,31000015,B,7,8,3117.207097126184,3145.799939122065,28.592841995880917,28.592841995880917,3145.799939122065,3117.207097126184,3145.799939122065,28.592841995880917,B,True,True,0.03759765625,1.3149324665039004,1.3149324665039004,1.0,0.03759765625
31,31000015,31000016,B,8,1,3145.799939122065,3174.392781117946,28.592841995880917,28.592841995880917,3174.392781117946,3145.799939122065,3174.392781117946,28.592841995880917,gray,False,True,0.03759765625,1.3149324665039004,,,
31,31000016,31000016,B,1,2,3174.392781117946,3202.985623113827,28.592841995880917,28.592841995880917,3202.985623113827,3174.392781117946,3202.985623113827,28.592841995880917,B,True,True,0.03759765625,1.3149324665039004,1.3149324665039004,1.0,0.03759765625
31,31000016,31000016,B,2,3,3202.985623113827,3231.578465109708,28.592841995880917,28.592841995880917,3231.578465109708,3202.985623113827,3231.578465109708,28.592841995880917,B,True,True,0.03759765625,1.3149324665039004,1.3149324665039004,1.0,0.03759765625
31,31000016,31000016,B,3,4,3231.578465109708,3260.1713071055888,28.592841995880917,28.592841995880917,3260.1713071055888,3231.578465109708,3260.1713071055888,28.592841995880917,B,True,True,0.03759765625,1.3149324665039004,1.3149324665039004,1.0,0.03759765625
31,31000016,31000016,B,4,5,3260.1713071055888,3288.7641491014697,28.592841995880917,28.592841995880917,3288.7641491014697,3260.1713071055888,3288.7641491014697,28.592841995880917,B,True,True,0.03759765625,1.3149324665039004,1.3149324665039004,1.0,0.03759765625
31,31000016,31000016,B,5,6,3288.7641491014697,3317.3569910973506,28.592841995880917,28.592841995880917,3317.3569910973506,3288.7641491014697,3317.3569910973506,28.592841995880917,B,True,True,0.03759765625,1.3149324665039004,1.3149324665039004,1.0,0.03759765625
31,31000016,31000016,B,6,7,3317.3569910973506,3345.9498330932315,28.592841995880917,28.592841995880917,3345.9498330932315,3317.3569910973506,3345.9498330932315,28.592841995880917,B,True,True,0.03759765625,1.3149324665039004,1.3149324665039004,1.0,0.03759765625
31,31000016,31000016,B,7,8,3345.9498330932315,3374.5426750891124,28.592841995880917,28.592841995880917,3374.5426750891124,3345.9498330932315,3374.5426750891124,28.592841995880917,B,True,True,0.03759765625,1.3149324665039004,1.3149324665039004,1.0,0.03759765625
31,31000016,31000017,B,8,1,3374.5426750891124,3403.1355170849934,28.592841995880917,28.592841995880917,3403.1355170849934,3374.5426750891124,3403.1355170849934,28.592841995880917,gray,False,True,0.03759765625,1.3149324665039004,,,
31,31000017,31000017,A,1,2,3403.1355170849934,3410.469877753937,7.334360668943646,6.024011548588987,3409.1595286335823,3403.1355170849934,3410.469877753937,6.024011548588987,A,True,True,0.171539306640625,28.475925926935663,23.388447116731648,0.821341057591679,0.171539306640625
31,31000017,31000017,A,2,3,3410.469877753937,3426.7760826855774,16.306204931640423,6.024011548588987,3416.493889302526,3410.469877753937,3426.7760826855774,6.024011548588987,A,True,True,0.171539306640625,28.475925926935663,10.519879233688004,0.3694306292508348,0.171539306640625
31,31000017,31000017,A,3,4,3426.7760826855774,3439.838750532257,13.062667846679688,6.024011548588987,3432.8000942341664,3426.7760826855774,3439.838750532257,6.024011548588987,A,True,True,0.171539306640625,28.475925926935663,13.13202698361709,0.4611624225077568,0.171539306640625
31,31000017,31000017,A,4,5,3439.838750532257,3456.375844648468,16.537094116210938,6.024011548588987,3445.862762080846,3439.838750532257,3456.375844648468,6.024011548588987,A,True,True,0.171539306640625,28.475925926935663,10.373001776198935,0.3642726773069391,0.171539306640625
31,31000017,31000017,A,5,6,3456.375844648468,3468.63704459964,12.261199951171875,6.024011548588987,3462.399856197057,3456.375844648468,3468.63704459964,6.024011548588987,A,True,True,0.171539306640625,28.475925926935663,13.990417522245037,0.49130685190508105,0.171539306640625
31,31000017,31000017,A,6,7,3468.63704459964,3481.775243452179,13.138198852539062,6.024011548588987,3474.661056148229,3468.63704459964,3481.775243452179,6.024011548588987,A,True,True,0.171539306640625,28.475925926935663,13.056531459597572,0.45851121726817207,0.171539306640625
31,31000017,31000017,A,7,8,3481.775243452179,3493.7804772168274,12.005233764648438,6.024011548588987,3487.799255000768,3481.775243452179,3493.7804772168274,6.024011548588987,A,True,True,0.171539306640625,28.475925926935663,14.288710241174414,0.5017821115926763,0.171539306640625
31,31000017,31000018,A,8,1,3493.7804772168274,3520.178563764679,26.398086547851562,6.024011548588987,3499.8044887654164,3493.7804772168274,3520.178563764679,6.024011548588987,gray,False,True,0.171539306640625,28.475925926935663,,,
31,31000018,31000018,A,1,2,3520.178563764679,3538.8012528760073,18.622689111328327,6.024011548588987,3526.202575313268,3520.178563764679,3538.8012528760073,6.024011548588987,A,True,True,0.171539306640625,28.475925926935663,9.211307003792289,0.32347699693512766,0.171539306640625
31,31000018,31000018,A,2,3,3538.8012528760073,3552.380049262726,13.57879638671875,6.024011548588987,3544.8252644245963,3538.8012528760073,3552.380049262726,6.024011548588987,A,True,True,0.171539306640625,28.475925926935663,12.632880098887515,0.4436336901318439,0.171539306640625
31,31000018,31000018,A,3,4,3552.380049262726,3566.7939828808903,14.413933618164265,6.024011548588987,3558.404060811315,3552.380049262726,3566.7939828808903,6.024011548588987,A,True,True,0.171539306640625,28.475925926935663,11.90093635678003,0.4179297413301253,0.171539306640625
31,31000018,31000018,A,4,5,3566.7939828808903,3581.9085763867497,15.114593505859375,6.024011548588987,3572.8179944294793,3566.7939828808903,3581.9085763867497,6.024011548588987,A,True,True,0.171539306640625,28.475925926935663,11.349250416435314,0.3985559748102851,0.171539306640625
31,31000018,31000018,A,5,6,3581.9085763867497,3599.1590188916325,17.250442504882812,6.024011548588987,3587.9325879353387,3581.9085763867497,3599.1590188916325,6.024011548588987,A,True,True,0.171539306640625,28.475925926935663,9.944052541960593,0.3492091027162848,0.171539306640625
31,31000018,31000018,A,6,7,3599.1590188916325,3620.659978559601,21.500959667968345,6.024011548588987,3605.1830304402215,3599.1590188916325,3620.659978559601,6.024011548588987,A,True,True,0.171539306640625,28.475925926935663,7.978216288465508,0.2801740778837619,0.171539306640625
31,31000018,31000018,A,7,8,3620.659978559601,3639.383475678742,18.72349711914103,6.024011548588987,3626.68399010819,3620.659978559601,3639.383475678742,6.024011548588987,A,True,True,0.171539306640625,28.475925926935663,9.161712982841244,0.32173538470175217,0.171539306640625
31,31000018,31000019,A,8,1,3639.383475678742,3651.5605522900696,12.17707661132772,6.024011548588987,3645.407487227331,3639.383475678742,3651.5605522900696,6.024011548588987,gray,False,True,0.171539306640625,28.475925926935663,,,
31,31000019,31000019,B,1,2,3651.5605522900696,3680.1533942859505,28.592841995880917,28.592841995880917,3680.1533942859505,3651.5605522900696,3680.1533942859505,28.592841995880917,B,True,True,0.03759765625,1.3149324665039004,1.3149324665039004,1.0,0.03759765625
31,31000019,31000019,B,2,3,3680.1533942859505,3708.7462362818314,28.592841995880917,28.592841995880917,3708.7462362818314,3680.1533942859505,3708.7462362818314,28.592841995880917,B,True,True,0.03759765625,1.3149324665039004,1.3149324665039004,1.0,0.03759765625
31,31000019,31000019,B,3,4,3708.7462362818314,3737.3390782777124,28.592841995880917,28.592841995880917,3737.3390782777124,3708.7462362818314,3737.3390782777124,28.592841995880917,B,True,True,0.03759765625,1.3149324665039004,1.3149324665039004,1.0,0.03759765625
31,31000019,31000019,B,4,5,3737.3390782777124,3765.9319202735933,28.592841995880917,28.592841995880917,3765.9319202735933,3737.3390782777124,3765.9319202735933,28.592841995880917,B,True,True,0.03759765625,1.3149324665039004,1.3149324665039004,1.0,0.03759765625
31,31000019,31000019,B,5,6,3765.9319202735933,3794.524762269474,28.592841995880917,28.592841995880917,3794.524762269474,3765.9319202735933,3794.524762269474,28.592841995880917,B,True,True,0.03759765625,1.3149324665039004,1.3149324665039004,1.0,0.03759765625
31,31000019,31000019,B,6,7,3794.524762269474,3823.117604265355,28.592841995880917,28.592841995880917,3823.117604265355,3794.524762269474,3823.117604265355,28.592841995880917,B,True,True,0.03759765625,1.3149324665039004,1.3149324665039004,1.0,0.03759765625
31,31000019,31000019,B,7,8,3823.117604265355,3851.710446261236,28.592841995880917,28.592841995880917,3851.710446261236,3823.117604265355,3851.710446261236,28.592841995880917,B,True,True,0.03759765625,1.3149324665039004,1.3149324665039004,1.0,0.03759765625
31,31000019,31000020,B,8,1,3851.710446261236,3880.303288257117,28.592841995880917,28.592841995880917,3880.303288257117,3851.710446261236,3880.303288257117,28.592841995880917,gray,False,True,0.03759765625,1.3149324665039004,,,
31,31000020,31000020,B,1,2,3880.303288257117,3908.896130252998,28.592841995880917,28.592841995880917,3908.896130252998,3880.303288257117,3908.896130252998,28.592841995880917,B,True,True,0.03759765625,1.3149324665039004,1.3149324665039004,1.0,0.03759765625
31,31000020,31000020,B,2,3,3908.896130252998,3937.488972248879,28.592841995880917,28.592841995880917,3937.488972248879,3908.896130252998,3937.488972248879,28.592841995880917,B,True,True,0.03759765625,1.3149324665039004,1.3149324665039004,1.0,0.03759765625
31,31000020,31000020,B,3,4,3937.488972248879,3966.0818142447597,28.592841995880917,28.592841995880917,3966.0818142447597,3937.488972248879,3966.0818142447597,28.592841995880917,B,True,True,0.03759765625,1.3149324665039004,1.3149324665039004,1.0,0.03759765625
31,31000020,31000020,B,4,5,3966.0818142447597,3994.6746562406406,28.592841995880917,28.592841995880917,3994.6746562406406,3966.0818142447597,3994.6746562406406,28.592841995880917,B,True,True,0.03759765625,1.3149324665039004,1.3149324665039004,1.0,0.03759765625
31,31000020,31000020,B,5,6,3994.6746562406406,4023.2674982365215,28.592841995880917,28.592841995880917,4023.2674982365215,3994.6746562406406,4000.0,5.325343759359384,gray,True,False,0.03759765625,1.3149324665039004,,,
