request_id,npu_id,input_order,profile_id,seq_len_k,nql,category,arrival_ms,admission_ms,completion_ms,layer_compute_ms,layer_kv_gib,warm_active_ms,warm_compute_ms,warm_stall_ms,warm_conditional_utilization
207,0,207,S,1.05859375,128,SS,0.0,1559.171530401958,1569.41777214947,0.5291376447445161,0.0012536048889160156,2.6781571064996115,2.6781571064996115,0.0,1.0
208,0,208,S,1.0341796875,126,SS,0.0,1569.41777214947,1574.4625917804492,0.5264764019405788,0.001223444938659668,5.044819630979191,4.211811215523994,0.8330084154551969,0.8348784542583316
209,0,209,S,0.96484375,126,SS,0.0,1574.4625917804492,1585.1996308841103,0.5250450419528175,0.0011303424835205078,10.737039103661118,4.200360335622463,6.536678768038655,0.3912028535120286
210,0,210,S,1.0009765625,116,SS,0.0,1585.1996308841103,1589.3204240673244,0.5150991479017808,0.0011919736862182617,4.1207931832141185,4.1207931832141185,0.0,1.0
211,0,211,S,1.0390625,133,SS,0.0,1589.3204240673244,1600.4699214571576,0.5353747577801626,0.0012208223342895508,11.149497389833186,4.282998062240949,6.866499327592237,0.3841427028043844
212,0,212,S,1.046875,137,SS,0.0,1600.4699214571576,1604.7968613627856,0.5408674882036155,0.0012260675430297852,4.3269399056280236,4.3269399056280236,0.0,1.0
213,0,213,S,0.98828125,124,SS,0.0,1604.7968613627856,1615.6433011316883,0.5233946791395978,0.0011644363403320312,10.846439768902655,4.1871574331162265,6.659282335786429,0.38603979944839034
214,0,214,S,1.0009765625,134,SS,0.0,1615.6433011316883,1620.908879411254,0.5358679403958397,0.001168370246887207,5.265578279565716,4.286943523165974,0.9786347563997424,0.8141448660638929
215,0,215,S,1.01171875,136,SS,0.0,1620.908879411254,1628.982082476912,0.5387535056065125,0.0011801719665527344,8.073203065657935,4.3100280448525154,3.76317502080542,0.5338684051175002
216,0,216,S,1.0166015625,128,SS,0.0,1628.982082476912,1637.4924210915785,0.5282570047524275,0.001197218894958496,8.51033861466658,4.226056038020033,4.284282576646547,0.4965790703952621
217,0,217,S,0.9482421875,144,SS,0.0,1637.4924210915785,1644.0685679958917,0.5478548064810063,0.001084446907043457,6.576146904313191,4.3828384518474195,2.1933084524657716,0.6664751435179748
218,0,218,S,1.0,142,SS,0.0,1644.0685679958917,1653.980312027838,0.5464300412501076,0.0011565685272216797,9.911744031946228,4.371440330000041,5.540303701946186,0.4410364428208185
219,0,219,S,1.0283203125,135,SS,0.0,1653.980312027838,1659.0133554833362,0.537795842995667,0.001203775405883789,5.033043455498273,4.30236674396474,0.7306767115335333,0.8548240805003747
220,0,220,S,0.9462890625,137,SS,0.0,1659.0133554833362,1670.3817157813812,0.5386097282309179,0.00109100341796875,11.36836029804499,4.308877825847958,7.059482472197033,0.37902368616773635
221,0,221,S,1.0,141,SS,0.0,1670.3817157813812,1675.7661789663032,0.5451070986433538,0.0011578798294067383,5.3844631849219695,4.360856789146055,1.0236063957759143,0.8098962959497422
222,0,222,S,1.044921875,114,SS,0.0,1675.7661789663032,1686.5626957633972,0.5137815850882269,0.0012536048889160156,10.796516797094,4.110252680706253,6.686264116387747,0.38070173537937463
223,0,223,S,1.01953125,140,SS,0.0,1686.5626957633972,1690.9165530116438,0.5442321560307583,0.0011854171752929688,4.353857248246641,4.353857248246641,0.0,1.0
224,0,224,S,1.009765625,133,SS,0.0,1690.9165530116438,1701.3625055177176,0.5347363577870338,0.001181483268737793,10.445952506073809,4.277890862296772,6.168061643777037,0.4095261643023351
225,0,225,S,0.978515625,143,SS,0.0,1701.3625055177176,1706.7202055088248,0.5472496238638822,0.001126408576965332,5.357699991107211,4.3779969909119245,0.9797030001952862,0.8171411236498103
226,0,226,S,0.974609375,138,SS,0.0,1706.7202055088248,1714.5544820550738,0.5405641908302188,0.0011277198791503906,7.83427654624893,4.324513526642477,3.509763019606453,0.5519990902941847
227,0,227,S,1.0361328125,122,SS,0.0,1714.5544820550738,1722.034647482159,0.5222169563232064,0.0012313127517700195,7.48016542708524,4.177735650586328,3.3024297764989115,0.55850845697329
228,0,228,S,1.060546875,125,SS,0.0,1722.034647482159,1730.0432766591694,0.5259417805318127,0.0012601613998413086,8.008629177010334,4.20753424425493,3.8010949327554044,0.525375086204906
229,0,229,S,1.0283203125,141,SS,0.0,1730.0432766591694,1736.687009376587,0.5457613386346217,0.0011959075927734375,6.643732717417606,4.366090709076161,2.277642008341445,0.6571743468291187
230,0,230,S,1.0009765625,136,SS,0.0,1736.687009376587,1744.305726944435,0.5385141456093292,0.0011657476425170898,7.61871756784808,4.3081131648741575,3.3106044029739223,0.5654643483642079
231,0,231,S,0.9853515625,131,SS,0.0,1744.305726944435,1750.7703956452024,0.5315632725789818,0.0011513233184814453,6.464668700767334,4.252506180631826,2.2121625201355073,0.6578072871896852
232,0,232,S,1.0361328125,130,SS,0.0,1750.7703956452024,1757.2232424415977,0.5313243299615885,0.0012208223342895508,6.452846796395306,4.250594639692281,2.2022521567030253,0.6587161874146387
233,0,233,S,1.0107421875,118,SS,0.0,1757.2232424415977,1765.0736535202068,0.5174263107094532,0.0012024641036987305,7.850411078609113,4.139410485675398,3.711000592933715,0.5272858254460725
234,0,234,S,0.986328125,144,SS,0.0,1765.0736535202068,1771.2743610161986,0.548753366468209,0.0011355876922607422,6.2007074959917645,4.390026931745524,1.8106805642462405,0.7079880698425635
235,0,235,S,1.0537109375,141,SS,0.0,1771.2743610161986,1780.0545615774606,0.546347898626793,0.001230001449584961,8.780200561262063,4.370783189015128,4.409417372246935,0.4977999259263929
236,0,236,S,0.9697265625,137,SS,0.0,1780.0545615774606,1784.6551905733952,0.5391358082245562,0.0011224746704101562,4.600628995934585,4.313086465796005,0.28754253013858033,0.9374993005537565
237,0,237,S,1.01953125,112,SS,0.0,1784.6551905733952,1790.9663859027096,0.5111629022821863,0.0012221336364746094,6.311195329314387,4.089303218257555,2.2218921110568317,0.6479443282738319
238,0,238,S,0.9443359375,128,SS,0.0,1790.9663859027096,1799.049526940587,0.5267414847660428,0.0011001825332641602,8.08314103787734,4.213931878128278,3.8692091597490617,0.5213235620140646
239,0,239,S,1.048828125,124,SS,0.0,1799.049526940587,1805.272728020505,0.5246247591296302,0.001245737075805664,6.223201079917999,4.196998073037321,2.026203006880678,0.6744114514603831
240,0,240,S,0.9482421875,124,SS,0.0,1805.272728020505,1814.6247663472564,0.5225812391461893,0.001110672950744629,9.352038326751426,4.180649913168963,5.171388413582463,0.4470308789486298
241,0,241,S,1.04296875,135,SS,0.0,1814.6247663472564,1820.059947992033,0.5381198429919613,0.001223444938659668,5.435181644776549,4.304958743936368,1.130222900840181,0.7920542541708104
242,0,242,S,0.99609375,129,SS,0.0,1820.059947992033,1830.5210324916143,0.5291492273630811,0.001168370246887207,10.461084499581375,4.23319381890542,6.227890680675955,0.4046610864365756
243,0,243,S,1.0107421875,115,SS,0.0,1830.5210324916143,1834.6347442235847,0.5142139664962297,0.0012063980102539062,4.1137117319703975,4.1137117319703975,0.0,1.0
244,0,244,S,1.021484375,131,SS,0.0,1834.6347442235847,1840.4469538244775,0.5323387925711741,0.0011998414993286133,5.8122096008928565,4.258710340569451,1.553499260323406,0.7327179563371629
245,0,245,S,0.94921875,138,SS,0.0,1840.4469538244775,1850.222579510785,0.5399901108373449,0.0010936260223388672,9.775625686307421,4.3199208866990375,5.455704799608384,0.4419073546105482
246,0,246,S,0.9580078125,137,SS,0.0,1850.222579510785,1856.6145598107398,0.5388727682277371,0.0011067390441894531,6.3919802999548665,4.310982145821981,2.0809981541328852,0.674436081389741
247,0,247,S,0.9501953125,125,SS,0.0,1856.6145598107398,1865.9329228540962,0.5236817805506355,0.0011119842529296875,9.318363043356385,4.18945424440426,5.128908798952125,0.4495912237923775
248,0,248,S,1.0546875,118,SS,0.0,1865.9329228540962,1870.9972495727043,0.5182759107037862,0.0012614727020263672,5.064326718608072,4.146207285630226,0.9181194329778464,0.8187084909817606
249,0,249,S,0.953125,144,SS,0.0,1870.9972495727043,1881.3065672922744,0.5479700064793657,0.00109100341796875,10.309317719570117,4.3837600518345425,5.925557667735575,0.4252231011866941
250,0,250,S,1.0625,122,SS,0.0,1881.3065672922744,1885.4885192628276,0.5227439963191792,0.0012667179107666016,4.1819519705532,4.1819519705532,0.0,1.0
251,0,251,S,1.0166015625,138,SS,0.0,1885.4885192628276,1894.142722488786,0.5415136308184334,0.0011841058731079102,8.654203225958327,4.332109046546975,4.322094179411351,0.500578612893304
252,0,252,S,0.962890625,130,SS,0.0,1894.142722488786,1900.7871156389372,0.5297643299767391,0.0011224746704101562,6.644393150151245,4.238114639814739,2.406278510336506,0.6378482645504304
253,0,253,S,1.029296875,113,SS,0.0,1900.7871156389372,1906.770190479593,0.5124159236855729,0.0012339353561401367,5.983074840655945,4.099327389483733,1.883747451172212,0.6851539548909118
254,0,254,S,1.025390625,116,SS,0.0,1906.770190479593,1916.401317387061,0.5155631478989228,0.0012247562408447266,9.631126907467888,4.124505183192014,5.506621724275874,0.42824741308246184
255,0,255,S,1.0556640625,131,SS,0.0,1916.401317387061,1921.0830153599773,0.5330723925637886,0.001245737075805664,4.681697972916254,4.26457914051025,0.417118832406004,0.9109043695644086
256,0,256,S,1.0,122,SS,0.0,1921.0830153599773,1931.6934459908177,0.5214947163287252,0.0011827945709228516,10.610430630840483,4.171957730630311,6.438472900210172,0.3931940065188323
257,0,257,S,0.9951171875,116,SS,0.0,1931.6934459908177,1935.8133482940382,0.5149877879024667,0.0011841058731079102,4.119902303220442,4.119902303220442,0.0,1.0
258,0,258,S,0.9794921875,125,SS,0.0,1935.8133482940382,1943.1053425320908,0.5242817805456383,0.0011513233184814453,7.291994238052666,4.194254244364856,3.09773999368781,0.5751861709486122
259,0,259,S,1.0615234375,125,SS,0.0,1943.1053425320908,1950.8522468614995,0.5259617805316462,0.0012614727020263672,7.746904329408608,4.207694244252707,3.5392100851559007,0.5431452442596408
260,0,260,S,0.9873046875,123,SS,0.0,1950.8522468614995,1955.937031628417,0.5223078977352115,0.0011644363403320312,5.084784766917437,4.178463181880943,0.9063215850364941,0.8217581222054486
261,0,261,S,0.9892578125,127,SS,0.0,1955.937031628417,1966.2075664299323,0.5266163033530437,0.001161813735961914,10.270534801515396,4.212930426823732,6.057604374691664,0.41019581825496787
262,0,262,S,1.033203125,124,SS,0.0,1966.2075664299323,1970.4020249829905,0.5243073191322024,0.0012247562408447266,4.194458553058212,4.194458553058212,0.0,1.0
263,0,263,S,1.013671875,135,SS,0.0,1970.4020249829905,1979.1509719839119,0.5374718429993728,0.0011841058731079102,8.748947000921362,4.299774743994931,4.449172256926431,0.49146197177124473
264,0,264,S,0.966796875,132,SS,0.0,1979.1509719839119,1986.1583867039612,0.5324825351900512,0.0011250972747802734,7.007414720049383,4.25986028151965,2.7475544385297326,0.6079075453221684
265,0,265,S,0.974609375,128,SS,0.0,1986.1583867039612,1991.3917628772494,0.527376364760339,0.0011408329010009766,5.233376173288207,4.2190109180828586,1.0143652552053481,0.8061738308851574
266,0,266,S,0.974609375,122,SS,0.0,1991.3917628772494,2002.053434060487,0.5209871963326033,0.0011487007141113281,10.661671183237559,4.167897570659989,6.49377361257757,0.3909234771011153
267,0,267,S,1.0380859375,141,SS,0.0,2002.053434060487,2006.8825563685255,0.5459869386316106,0.0012090206146240234,4.82912230803845,4.367895509052687,0.4612267989857628,0.9044905534452886
268,0,268,S,1.01953125,130,SS,0.0,2006.8825563685255,2017.9724640202337,0.5309707299650227,0.0011985301971435547,11.089907651708245,4.247765839720159,6.8421418119880855,0.3830298658137023
269,0,269,S,1.0576171875,118,SS,0.0,2017.9724640202337,2022.1191244258614,0.5183325507034084,0.001265406608581543,4.146660405627699,4.146660405627699,0.0,1.0
270,0,270,S,0.96875,116,SS,0.0,2022.1191244258614,2031.2291877392886,0.5144866679055535,0.0011487007141113281,9.11006331342719,4.115893343245261,4.994169970181929,0.4517963488990143
271,0,271,S,1.009765625,126,SS,0.0,2031.2291877392886,2038.1696356792634,0.5259724019448881,0.0011906623840332031,6.940447939974774,4.20777921555964,2.7326687244151344,0.6062691128801887
272,0,272,S,1.0029296875,113,SS,0.0,2038.1696356792634,2043.0520640693906,0.5119277636881894,0.0011985301971435547,4.882428390127188,4.095422109505307,0.7870062806218812,0.8388084334809098
273,0,273,S,1.0537109375,125,SS,0.0,2043.0520640693906,2054.0246089520624,0.5258017805329787,0.0012509822845458984,10.972544882671855,4.206414244264579,6.766130638407276,0.38335812605400815
274,0,274,S,1.0546875,143,SS,0.0,2054.0246089520624,2059.2687661122845,0.5490342638389905,0.0012286901473999023,5.24415716022213,4.392274110712606,0.8518830495095244,0.8375557742679396
275,0,275,S,0.9423828125,123,SS,0.0,2059.2687661122845,2069.8586852035282,0.5214026177423396,0.001104116439819336,10.5899190912437,4.171220941938373,6.418698149305328,0.39388600668227547
276,0,276,S,0.990234375,142,SS,0.0,2069.8586852035282,2074.2283079335525,0.5462028412532088,0.0011434555053710938,4.369622730024275,4.369622730024275,0.0,1.0
277,0,277,S,1.01171875,119,SS,0.0,2074.2283079335525,2085.9767727803137,0.5185161321137294,0.0012024641036987305,11.74846484676118,4.148129056909966,7.600335789851215,0.35307839032718585
278,0,278,S,0.9404296875,138,SS,0.0,2085.9767727803137,2090.295103907034,0.5397913908398115,0.0010818243026733398,4.318331126720295,4.318331126720295,0.0,1.0
279,0,279,S,0.9775390625,113,SS,0.0,2090.295103907034,2099.069597199536,0.511457683690709,0.0011644363403320312,8.77449329250203,4.0916614695270255,4.682831822975004,0.4663131343462793
280,0,280,S,1.048828125,134,SS,0.0,2099.069597199536,2106.0339812352936,0.5369185003841755,0.0012326240539550781,6.9643840357575755,4.295348003073741,2.6690360326838345,0.6167592110113295
281,0,281,S,0.96875,114,SS,0.0,2106.0339812352936,2111.0971556938257,0.5123588650962385,0.0011513233184814453,5.063174458532103,4.098870920770423,0.9643035377616798,0.8095456623785294
282,0,282,S,0.970703125,143,SS,0.0,2111.0971556938257,2122.3828332478356,0.5470665838664351,0.0011159181594848633,11.285677554009908,4.376532670932647,6.909144883077261,0.3877952962937191
283,0,283,S,1.0234375,131,SS,0.0,2122.3828332478356,2127.5817529438323,0.5323807125707521,0.0012024641036987305,5.198919695996665,4.259045700564457,0.9398739954322082,0.8192174431630592
284,0,284,S,1.0283203125,128,SS,0.0,2127.5817529438323,2138.657751715326,0.5285027647502196,0.0012129545211791992,11.075998771493687,4.228022118000808,6.8479766534928785,0.38172829423586385
285,0,285,S,0.9755859375,136,SS,0.0,2138.657751715326,2143.930453241324,0.5379483856159868,0.0011316537857055664,5.272701525997945,4.3035870849271305,0.9691144410708148,0.816201536102047
286,0,286,S,0.939453125,138,SS,0.0,2143.930453241324,2154.847206914266,0.5397693108400857,0.0010805130004882812,10.916753672941923,4.318154486722051,6.598599186219872,0.39555298361498753
287,0,287,S,1.0556640625,128,SS,0.0,2154.847206914266,2159.079816552228,0.5290762047450679,0.0012496709823608398,4.232609637962014,4.232609637962014,0.0,1.0
288,0,288,S,1.052734375,121,SS,0.0,2159.079816552228,2171.04004759954,0.5214711349165126,0.0012549161911010742,11.960231047311936,4.171769079333899,7.788461967978037,0.34880338538873834
289,0,289,S,1.0361328125,117,SS,0.0,2171.04004759954,2175.174785593956,0.516842249301922,0.0012378692626953125,4.134737994416355,4.134737994416355,0.0,1.0
290,0,290,S,1.0625,117,SS,0.0,2175.174785593956,2187.473123630179,0.5173476892986786,0.0012732744216918945,12.298338036222958,4.138781514389848,8.15955652183311,0.33653177382176935
291,0,291,S,0.970703125,112,SS,0.0,2187.473123630179,2191.555258848473,0.5102669022867414,0.0011565685272216797,4.082135218293843,4.082135218293843,0.0,1.0
292,0,292,S,0.9375,125,SS,0.0,2191.555258848473,2204.2269321317954,0.523421780552801,0.0010949373245239258,12.671673283322434,4.187374244422244,8.48429903890019,0.3304515631675394
293,0,293,S,0.9599609375,132,SS,0.0,2204.2269321317954,2208.4856096933263,0.5323346951915913,0.0011159181594848633,4.258677561530931,4.258677561530931,0.0,1.0
294,0,294,S,0.947265625,132,SS,0.0,2208.4856096933263,2219.2625651538883,0.5320601351944516,0.0010988712310791016,10.776955460562021,4.256481081556558,6.520474379005464,0.39496136892585626
295,0,295,S,1.05859375,136,SS,0.0,2219.2625651538883,2225.000926118681,0.5397979855942215,0.0012431144714355469,5.738360964792719,4.318383884754439,1.4199770800382794,0.7525465740565221
296,0,296,S,0.955078125,130,SS,0.0,2225.000926118681,2234.8543077258687,0.5295979299783552,0.0011119842529296875,9.853381607187657,4.236783439828287,5.616598167359371,0.42998268094455194
297,0,297,S,0.9384765625,114,SS,0.0,2234.8543077258687,2241.8078566947497,0.5117934250994227,0.001110672950744629,6.953548968881023,4.094347400794504,2.859201568086519,0.588814060146523
298,0,298,S,1.021484375,122,SS,0.0,2241.8078566947497,2246.9011995531387,0.5219241563254439,0.0012116432189941406,5.093342858388951,4.17539325060352,0.917949607785431,0.8197746287050892
299,0,299,S,0.9462890625,122,SS,0.0,2246.9011995531387,2258.545070875355,0.5204211163369289,0.001110672950744629,11.643871322216455,4.16336893069456,7.480502391521895,0.35755882347745205
300,0,300,S,1.017578125,135,SS,0.0,2258.545070875355,2262.8455368193418,0.5375582429983845,0.0011893510818481445,4.300465943986637,4.300465943986637,0.0,1.0
301,0,301,S,0.95703125,136,SS,0.0,2262.8455368193418,2275.665677371346,0.5375349456208519,0.0011067390441894531,12.820140552004432,4.300279564966331,8.5198609870381,0.33543154597427416
302,0,302,S,1.0205078125,112,SS,0.0,2275.665677371346,2279.7551239496047,0.5111808222820953,0.001223444938659668,4.089446578258503,4.089446578258503,0.0,1.0
303,0,303,S,1.01953125,144,SS,0.0,2279.7551239496047,2292.7314939544976,0.5495367264570524,0.0011801719665527344,12.976370004892942,4.396293811656506,8.580076193236437,0.3387922670206548
304,0,304,S,1.048828125,130,SS,0.0,2292.7314939544976,2296.9842517941706,0.5315947299589624,0.0012378692626953125,4.252757839672995,4.252757839672995,0.0,1.0
305,0,305,S,1.0537109375,139,SS,0.0,2296.9842517941706,2309.3649845544883,0.5436844134142765,0.0012326240539550781,12.380732760317642,4.349475307313696,8.031257453003946,0.351310006565565
306,0,306,S,0.9599609375,113,SS,0.0,2309.3649845544883,2313.4540425040273,0.5111322436924532,0.0011408329010009766,4.089057949538983,4.089057949538983,0.0,1.0
307,0,307,S,1.0224609375,136,SS,0.0,2313.4540425040273,2325.9637243789725,0.5389928656036959,0.001194596290588379,12.509681874945272,4.311942924829054,8.197738950116218,0.34468845554459143
308,0,308,S,0.9619140625,125,SS,0.0,2325.9637243789725,2330.155098623363,0.5239217805486367,0.0011277198791503906,4.1913742443903175,4.1913742443903175,0.0,1.0
309,0,309,S,1.0126953125,132,SS,0.0,2330.155098623363,2342.8148296970185,0.5334751751797099,0.0011867284774780273,12.659731073655621,4.2678014014381915,8.39192967221743,0.3371162765312851
310,0,310,S,1.0576171875,134,SS,0.0,2342.8148296970185,2347.1117213800762,0.5371114603820332,0.0012444257736206055,4.2968916830577655,4.2968916830577655,0.0,1.0
311,0,311,S,0.966796875,123,SS,0.0,2347.1117213800762,2358.0267844736572,0.5218946177384656,0.0011368989944458008,10.915063093581011,4.175156941906607,6.739906151674404,0.3825133126680647
312,0,312,S,1.01171875,118,SS,0.0,2358.0267844736572,2363.521449329285,0.5174451907093274,0.001203775405883789,5.494664855627889,4.139561525673344,1.3551033299545452,0.7533783468946998
313,0,313,S,1.0390625,132,SS,0.0,2363.521449329285,2372.950602062073,0.5340454151737692,0.0012221336364746094,9.42915273278777,4.272363321390003,5.156789411397767,0.4531015078941096
314,0,314,S,0.951171875,119,SS,0.0,2372.950602062073,2379.4944743964734,0.5173356521218971,0.0011211633682250977,6.543872334400476,4.138685216974409,2.405187117426067,0.6324520109015206
315,0,315,S,1.0458984375,128,SS,0.0,2379.4944743964734,2384.671293516734,0.5288714047469079,0.001236557960510254,5.176819120260461,4.230971237975609,0.945847882284852,0.8172916881366209
316,0,316,S,0.9931640625,122,SS,0.0,2384.671293516734,2395.4316067159375,0.5213580763297693,0.0011736154556274414,10.760313199203665,4.170864610638091,6.589448588565574,0.38761553994048825
317,0,317,S,0.97265625,137,SS,0.0,2395.4316067159375,2400.817876193049,0.5392015682237609,0.001126408576965332,5.386269477111455,4.3136125457895105,1.0726569313219443,0.8008534597312447
318,0,318,S,0.984375,118,SS,0.0,2400.817876193049,2411.422458957568,0.5169165507128535,0.0011670589447021484,10.60458276451891,4.135332405701774,6.469250358817135,0.3899571060483283
319,0,319,S,0.9658203125,122,SS,0.0,2411.422458957568,2415.5889510882407,0.5208115163339456,0.0011368989944458008,4.16649213067285,4.16649213067285,0.0,1.0
320,0,320,S,1.001953125,129,SS,0.0,2415.5889510882407,2422.486315274347,0.529273067361923,0.0011762380599975586,6.897364186106188,4.234184538894624,2.663179647211564,0.6138844382646662
321,0,321,S,1.0546875,124,SS,0.0,2422.486315274347,2431.2041813256487,0.5247437991286656,0.0012536048889160156,8.717866051301826,4.197950393030624,4.519915658271202,0.4815341699823147
322,0,322,S,1.0205078125,122,SS,0.0,2431.2041813256487,2436.265367012974,0.5219046363255929,0.001210331916809082,5.061185687325178,4.175237090603332,0.8859485967218461,0.8249523626567301
323,0,323,S,1.0341796875,131,SS,0.0,2436.265367012974,2447.070820854828,0.532611272568431,0.001216888427734375,10.80545384185416,4.260890180546994,6.544563661307166,0.39432773883524797
324,0,324,S,0.9814453125,144,SS,0.0,2447.070820854828,2452.507199010001,0.5486381664698496,0.0011290311813354492,5.436378155172861,4.38910533176022,1.0472728234126407,0.807358356332123
325,0,325,S,1.0361328125,129,SS,0.0,2452.507199010001,2463.376387952635,0.5299954673551682,0.0012221336364746094,10.869188942634082,4.239963738840743,6.6292252037933395,0.3900901678330024
326,0,326,S,0.98046875,125,SS,0.0,2463.376387952635,2468.546750372716,0.5243017805454717,0.001152634620666504,5.170362420080892,4.194414244364452,0.9759481757164394,0.8112418247653188
327,0,327,S,1.0341796875,115,SS,0.0,2468.546750372716,2473.713151677972,0.5146555664936253,0.0012378692626953125,5.166401305255931,4.1172445319498365,1.0491567733060947,0.7969269688286202
328,0,328,S,0.9443359375,131,SS,0.0,2473.713151677972,2483.8059110060854,0.5306829525878445,0.0010962486267089844,10.092759328113516,4.245463620703958,5.8472957074095575,0.42064449202490767
329,0,329,S,0.9541015625,131,SS,0.0,2483.8059110060854,2488.6122589376296,0.5308925525857343,0.0011093616485595703,4.806347931544224,4.247140420684445,0.5592075108597783,0.8836523034069839
330,0,330,S,0.978515625,124,SS,0.0,2488.6122589376296,2499.301480252246,0.5231962791412055,0.0011513233184814453,10.689221314616589,4.18557023313042,6.5036510814861686,0.391569236891654
331,0,331,S,1.0166015625,133,SS,0.0,2499.301480252246,2504.3608280971266,0.5348853177854304,0.0011906623840332031,5.059347844880449,4.279082542281685,0.7802653025987638,0.8457774941510864
332,0,332,S,0.9794921875,124,SS,0.0,2504.3608280971266,2515.5616584825334,0.5232161191410447,0.001152634620666504,11.200830385406789,4.185728953129001,7.015101432277788,0.37369809282912236
333,0,333,S,1.0556640625,121,SS,0.0,2515.5616584825334,2520.8427405904545,0.5215292149160825,0.00125885009765625,5.2810821079210655,4.172233719327778,1.1088483885932874,0.7900338669360714
334,0,334,S,1.0546875,115,SS,0.0,2520.8427405904545,2529.047464122425,0.5150419664913465,0.001265406608581543,8.204723531970558,4.120335731931846,4.084387800038712,0.5021906851433238
335,0,335,S,1.037109375,142,SS,0.0,2529.047464122425,2537.142793930042,0.5472934012383233,0.0012063980102539062,8.095329807616963,4.378347209905769,3.716982597711194,0.5408485279730229
336,0,336,S,1.0498046875,139,SS,0.0,2537.142793930042,2541.491557557366,0.543595453415409,0.0012273788452148438,4.348763627323933,4.348763627323933,0.0,1.0
337,0,337,S,0.9951171875,127,SS,0.0,2541.491557557366,2553.905717013493,0.5267382233519745,0.0011696815490722656,12.414159456126981,4.213905786815303,8.200253669311678,0.3394435041460289
338,0,338,S,0.986328125,121,SS,0.0,2553.905717013493,2558.0669542529013,0.5201546549262603,0.0011657476425170898,4.161237239408365,4.161237239408365,0.0,1.0
339,0,339,S,0.9814453125,117,SS,0.0,2558.0669542529013,2568.1896319989332,0.5157939293086492,0.0011644363403320312,8.67266079006913,2.676334478505396,5.996326311563735,0.30859439142022094
100207,1,207,S,1.046875,144,SS,0.0,1561.4151146331933,1570.1326075776064,0.5501818464478647,0.001216888427734375,3.3929925346360506,3.3929925346360506,0.0,1.0
100208,1,208,S,1.01171875,116,SS,0.0,1570.1326075776064,1576.3962387472907,0.5153033079005234,0.0012063980102539062,6.263631169684231,4.1224264632037375,2.1412047064804938,0.658152811288785
100209,1,209,S,1.0068359375,119,SS,0.0,1576.3962387472907,1586.134445303126,0.518420932114388,0.0011959075927734375,9.738206555835404,4.147367456915163,5.590839098920242,0.4258861663218619
100210,1,210,S,0.947265625,143,SS,0.0,1586.134445303126,1591.363922238532,0.5465174638740943,0.001084446907043457,5.229476935405955,4.372139710992997,0.8573372244129587,0.8360567921031656
100211,1,211,S,0.9697265625,122,SS,0.0,1591.363922238532,1602.6357175596386,0.5208895963333491,0.0011421442031860352,11.271795321106538,4.1671167706663255,7.104678550440212,0.3696941482661029
100212,1,212,S,0.994140625,113,SS,0.0,1602.6357175596386,1606.7298379091517,0.5117650436890615,0.0011867284774780273,4.094120349513105,4.094120349513105,0.0,1.0
100213,1,213,S,0.962890625,142,SS,0.0,1606.7298379091517,1619.2102424305638,0.5455666812618921,0.0011067390441894531,12.480404521412083,4.364533450094314,8.11587107131777,0.34971089619781753
100214,1,214,S,0.9482421875,136,SS,0.0,1619.2102424305638,1623.5089552755496,0.5373391056231565,0.0010949373245239258,4.298712844985857,4.298712844985857,0.0,1.0
100215,1,215,S,0.970703125,135,SS,0.0,1623.5089552755496,1635.9064828433222,0.5365214430102431,0.001126408576965332,12.397527567772613,4.292171544082521,8.105356023690092,0.34621189754318643
100216,1,216,S,0.9599609375,130,SS,0.0,1635.9064828433222,1640.1440982831411,0.5297019299773451,0.0011185407638549805,4.23761543981891,4.23761543981891,0.0,1.0
100217,1,217,S,1.04296875,130,SS,0.0,1640.1440982831411,1652.109335113271,0.5314699299601746,0.001230001449584961,11.965236830129925,4.2517594396813365,7.713477390448588,0.3553426898308346
100218,1,218,S,1.0263671875,123,SS,0.0,1652.109335113271,1656.2940958951037,0.5230950977290129,0.001216888427734375,4.184760781832665,4.184760781832665,0.0,1.0
100219,1,219,S,1.017578125,122,SS,0.0,1656.2940958951037,1667.7794308320613,0.5218460763260404,0.0012063980102539062,11.485334936957543,4.174768610608226,7.310566326349317,0.36348688423309655
100220,1,220,S,1.037109375,142,SS,0.0,1667.7794308320613,1672.2488001720467,0.5472934012383233,0.0012063980102539062,4.4693693399854055,4.378347209905769,0.09102213007963655,0.9796342340147852
100221,1,221,S,1.013671875,116,SS,0.0,1672.2488001720467,1679.6832027162127,0.5153404279002947,0.0012090206146240234,7.434402544166005,4.122723423202842,3.311679120963163,0.5545467034789587
100222,1,222,S,1.0478515625,128,SS,0.0,1679.6832027162127,1687.6914832244734,0.5289123647465399,0.001239180564880371,8.008280508260668,4.231298917971799,3.7769815902888695,0.5283654729135857
100223,1,223,S,1.0205078125,130,SS,0.0,1687.6914832244734,1694.0889664929953,0.5309915299648207,0.0011998414993286133,6.39748326852191,4.2479322397193755,2.1495510288025343,0.6640005235528859
100224,1,224,S,1.05078125,125,SS,0.0,1694.0889664929953,1702.8931273003996,0.5257417805334785,0.0012470483779907227,8.804160807404287,4.2059342442680645,4.5982265631362225,0.4777211975422893
100225,1,225,S,0.9716796875,128,SS,0.0,1702.8931273003996,1707.1116466984872,0.527314924760891,0.0011368989944458008,4.218519398087665,4.218519398087665,0.0,1.0
100226,1,226,S,0.9833984375,134,SS,0.0,1707.1116466984872,1715.8472448091177,0.5354820204001245,0.0011447668075561523,8.735598110630463,4.283856163201563,4.4517419474289,0.4903907103954888
100227,1,227,S,0.953125,121,SS,0.0,1715.8472448091177,1722.165458074197,0.5194964149311344,0.0011211633682250977,6.318213265079294,4.155971319449236,2.1622419456300577,0.6577763594051582
100228,1,228,S,0.9599609375,116,SS,0.0,1722.165458074197,1730.053378768485,0.5143196279065825,0.0011368989944458008,7.887920694287914,4.114557023252928,3.7733636710349856,0.5216275851039565
100229,1,229,S,1.0478515625,124,SS,0.0,1730.053378768485,1736.5629462853526,0.524604919129791,0.0012444257736206055,6.509567516867719,4.19683935303874,2.3127281638289787,0.6447186148947388
100230,1,230,S,0.9775390625,131,SS,0.0,1736.5629462853526,1744.143907516124,0.5313955925806699,0.0011408329010009766,7.580961230771436,4.251164740644526,3.3297964901269097,0.5607685636735448
100231,1,231,S,1.02734375,133,SS,0.0,1744.143907516124,1750.4115257253711,0.5351193977829111,0.0012050867080688477,6.267618209247075,4.280955182262915,1.9866630269841608,0.6830274339216943
100232,1,232,S,0.9580078125,119,SS,0.0,1750.4115257253711,1756.6587442520986,0.5174689321209751,0.0011303424835205078,6.247218526727465,4.139751456967133,2.1074670697603324,0.6626551383237261
100233,1,233,S,0.9697265625,137,SS,0.0,1756.6587442520986,1764.6011035296358,0.5391358082245562,0.0011224746704101562,7.942359277537207,4.313086465796005,3.6292728117412025,0.5430485218660898
100234,1,234,S,0.97265625,140,SS,0.0,1764.6011035296358,1771.0515255921894,0.5431569560447789,0.0011224746704101562,6.450422062553571,4.345255648358943,2.1051664141946276,0.6736389659808956
100235,1,235,S,1.046875,114,SS,0.0,1771.0515255921894,1779.6949293351954,0.5138180650880215,0.0012562274932861328,8.643403743006047,4.110544520704934,4.532859222301113,0.4755701160010082
100236,1,236,S,1.0625,143,SS,0.0,1779.6949293351954,1784.0886677658873,0.5492173038364374,0.001239180564880371,4.393738430691883,4.393738430691883,0.0,1.0
100237,1,237,S,0.953125,119,SS,0.0,1784.0886677658873,1791.7125266876412,0.5173737321216338,0.0011237859725952148,7.623858921753936,4.13898985697233,3.4848690647816056,0.5428995866072662
100238,1,238,S,0.9697265625,144,SS,0.0,1791.7125266876412,1799.6058095338478,0.5483616864737874,0.001113295555114746,7.893282846206603,4.386893491790033,3.5063893544165694,0.5557755343707607
100239,1,239,S,0.97265625,136,SS,0.0,1799.6058095338478,1805.8682439385514,0.537883105616755,0.0011277198791503906,6.2624344047035265,4.303064844934852,1.9593695597686747,0.6871233400389709
100240,1,240,S,1.0517578125,134,SS,0.0,1805.8682439385514,1815.2432373786444,0.5369828203834615,0.001236557960510254,9.374993440093021,4.295862563067203,5.079130877025818,0.458225660691724
100241,1,241,S,0.9638671875,112,SS,0.0,1815.2432373786444,1820.5136295901564,0.5101414622873791,0.0011473894119262695,5.2703922115119894,4.0811316982999415,1.189260513212048,0.7743506620599554
100242,1,242,S,1.0,123,SS,0.0,1820.5136295901564,1830.9866567358113,0.5225637377331969,0.001181483268737793,10.473027145654896,4.180509901865662,6.292517243789234,0.3991692032995535
100243,1,243,S,1.021484375,113,SS,0.0,1830.9866567358113,1835.084827005303,0.5122712836863482,0.001223444938659668,4.098170269491675,4.098170269491675,0.0,1.0
100244,1,244,S,0.9892578125,144,SS,0.0,1835.084827005303,1843.9291830996535,0.5488224864672246,0.001139521598815918,8.844356094350587,4.3905798917385255,4.453776202612062,0.4964273085457344
100245,1,245,S,0.9560546875,112,SS,0.0,1843.9291830996535,1850.7457148085275,0.5099981022881079,0.0011368989944458008,6.816531708873981,4.079984818305093,2.7365468905688886,0.5985426302636627
100246,1,246,S,1.0146484375,135,SS,0.0,1850.7457148085275,1857.1367061023054,0.5374934429991257,0.0011854171752929688,6.390991293777915,4.299947543993767,2.0910437497841485,0.6728138635050358
100247,1,247,S,1.02734375,130,SS,0.0,1857.1367061023054,1866.4570600163543,0.5311371299634067,0.0012090206146240234,9.320353914048837,4.249097039706612,5.071256874342225,0.45589438758348283
100248,1,248,S,0.9501953125,137,SS,0.0,1866.4570600163543,1872.567597470415,0.5386974082298575,0.0010962486267089844,6.1105374540607045,4.309579265838693,1.8009581882220118,0.7052700843810064
100249,1,249,S,1.033203125,112,SS,0.0,1872.567597470415,1882.1744608278816,0.511413782280911,0.0012404918670654297,9.606863357466636,4.0913102582471765,5.51555309921946,0.42587368072299403
100250,1,250,S,0.962890625,121,SS,0.0,1882.1744608278816,1886.331980947319,0.5196900149297009,0.0011342763900756836,4.157520119437322,4.157520119437322,0.0,1.0
100251,1,251,S,0.9423828125,112,SS,0.0,1886.331980947319,1897.6394407823673,0.5097472222893834,0.0011185407638549805,11.307459835048348,4.077977778315471,7.229482056732877,0.3606449050276936
100252,1,252,S,1.060546875,115,SS,0.0,1897.6394407823673,1901.7606597142922,0.5151523664906953,0.0012732744216918945,4.121218931924886,4.121218931924886,0.0,1.0
100253,1,253,S,1.021484375,116,SS,0.0,1901.7606597142922,1910.9223256149855,0.5154889078993801,0.0012195110321044922,9.161665900693379,4.123911263195623,5.0377546374977555,0.4501267900288216
100254,1,254,S,0.939453125,133,SS,0.0,1910.9223256149855,1917.9964221299954,0.5332041978035242,0.0010870695114135742,7.074096515009842,4.265633582428563,2.8084629325812784,0.6029934103072707
100255,1,255,S,1.0146484375,112,SS,0.0,1917.9964221299954,1924.041737266553,0.5110733022826419,0.0012155771255493164,6.0453151365575195,4.088586418261912,1.956728718295608,0.6763231239240476
100256,1,256,S,1.0390625,116,SS,0.0,1924.041737266553,1933.2184585581094,0.5158229878973223,0.0012431144714355469,9.176721291556532,4.126583903178471,5.050137388378062,0.44967955025236794
100257,1,257,S,1.0517578125,140,SS,0.0,1933.2184585581094,1937.5782294062778,0.544971356021119,0.0012286901473999023,4.359770848168409,4.359770848168409,0.0,1.0
100258,1,258,S,0.951171875,117,SS,0.0,1937.5782294062778,1948.5667626673971,0.5152136093123733,0.0011237859725952148,10.9885332611193,4.121708874499745,6.866824386619555,0.3750918140352341
100259,1,259,S,1.0048828125,130,SS,0.0,1948.5667626673971,1952.8120325071418,0.5306587299680529,0.0011788606643676758,4.245269839744651,4.245269839744651,0.0,1.0
100260,1,260,S,0.9853515625,114,SS,0.0,1952.8120325071418,1961.629704940028,0.5126689450944925,0.0011736154556274414,8.817672432886184,4.101351560755575,4.716320872130609,0.46512859169720006
100261,1,261,S,0.986328125,121,SS,0.0,1961.629704940028,1968.2392992903588,0.5201546549262603,0.0011657476425170898,6.609594350330781,4.161237239410184,2.448357110920597,0.6295752838753157
100262,1,262,S,1.0576171875,123,SS,0.0,1968.2392992903588,1973.2657127036712,0.5237248577240541,0.00125885009765625,5.026413413312412,4.189798861792951,0.8366145515194603,0.8335563586346292
100263,1,263,S,1.0029296875,124,SS,0.0,1973.2657127036712,1983.9307509561756,0.5236922791371863,0.0011841058731079102,10.665038252504473,4.189538233096755,6.475500019407718,0.39282918015909835
100264,1,264,S,1.0390625,119,SS,0.0,1983.9307509561756,1988.0831449730565,0.5190492521100406,0.001239180564880371,4.152394016880862,4.152394016880862,0.0,1.0
100265,1,265,S,1.0439453125,113,SS,0.0,1988.0831449730565,1996.736732750213,0.5126871236841193,0.0012536048889160156,8.653587777156417,4.101496989473162,4.552090787683255,0.4739649143330144
100266,1,266,S,0.9775390625,123,SS,0.0,1996.736732750213,2003.6494399612677,0.522111097736761,0.0011513233184814453,6.912707211054794,4.176888781894377,2.7358184291604175,0.6042334290123992
100267,1,267,S,1.052734375,126,SS,0.0,2003.6494399612677,2008.6597006858083,0.5268594419373036,0.0012483596801757812,5.010260724540558,4.214875535499232,0.7953851890413262,0.8412487427759036
100268,1,268,S,1.0439453125,142,SS,0.0,2008.6597006858083,2019.5835519861444,0.5474524412361524,0.0012155771255493164,10.923851300336082,4.379619529889169,6.544231770446913,0.4009226608343182
100269,1,269,S,0.98828125,132,SS,0.0,2019.5835519861444,2024.7811557737,0.5329471751852105,0.0011539459228515625,5.197603787555636,4.263577401481598,0.9340263860740379,0.8202967320613528
100270,1,270,S,1.0419921875,123,SS,0.0,2024.7811557737,2035.96460884861,0.5234099777265335,0.0012378692626953125,11.183453074909949,4.187279821811899,6.99617325309805,0.37441743563140184
100271,1,271,S,0.98046875,135,SS,0.0,2035.96460884861,2040.2585083926717,0.5367374430077725,0.001139521598815918,4.293899544061787,4.293899544061787,0.0,1.0
100272,1,272,S,0.9951171875,142,SS,0.0,2040.2585083926717,2051.9616778145773,0.5463164412516582,0.0011500120162963867,11.703169421905613,4.37053153001375,7.3326378918918635,0.3734485396608145
100273,1,273,S,0.9560546875,121,SS,0.0,2051.9616778145773,2056.1181137740223,0.5195544949307043,0.0011250972747802734,4.156435959444934,4.156435959444934,0.0,1.0
100274,1,274,S,0.974609375,141,SS,0.0,2056.1181137740223,2065.1378523757994,0.5445205386511828,0.0011237859725952148,9.019738601777135,4.356164309210726,4.663574292566409,0.4829590414463278
100275,1,275,S,0.9794921875,137,SS,0.0,2065.1378523757994,2072.0206246631406,0.5393550082219054,0.0011355876922607422,6.88277228734114,4.314840065773751,2.567932221567389,0.6269043759750189
100276,1,276,S,1.029296875,112,SS,0.0,2072.0206246631406,2076.976051991042,0.5113421022812754,0.0012352466583251953,4.955427327901361,4.090736818248843,0.8646905096525188,0.8255063685862349
100277,1,277,S,0.9599609375,142,SS,0.0,2076.976051991042,2087.7553502825444,0.5454985212628225,0.0011028051376342773,10.779298291502528,4.363988170101948,6.41531012140058,0.4048490033476614
100278,1,278,S,1.013671875,121,SS,0.0,2087.7553502825444,2091.9209241619224,0.5206967349222468,0.0012024641036987305,4.1655738793779165,4.1655738793779165,0.0,1.0
100279,1,279,S,0.9833984375,114,SS,0.0,2091.9209241619224,2103.402101643567,0.5126324650946978,0.0011709928512573242,11.481177481644863,4.1010597207568935,7.38011776088797,0.35719853014321234
100280,1,280,S,0.9375,133,SS,0.0,2103.402101643567,2107.6673947459985,0.5331616378039822,0.001084446907043457,4.265293102431315,4.265293102431315,0.0,1.0
100281,1,281,S,1.0234375,133,SS,0.0,2107.6673947459985,2119.778517977788,0.5350342777838272,0.0011998414993286133,12.111123231789406,4.280274222270236,7.83084900951917,0.3534167839226775
100282,1,282,S,1.0205078125,113,SS,0.0,2119.778517977788,2123.8765436072813,0.5122532036864451,0.0012221336364746094,4.09802562949335,4.09802562949335,0.0,1.0
100283,1,283,S,1.0166015625,139,SS,0.0,2123.8765436072813,2132.9331068681136,0.5428392934250339,0.0011827945709228516,9.056563260832263,4.342714347400033,4.71384891343223,0.47951018751024044
100284,1,284,S,1.0537109375,117,SS,0.0,2132.9331068681136,2139.836246164695,0.5171792092997597,0.0012614727020263672,6.90313929658123,4.137433674397471,2.7657056221837593,0.5993553797250664
100285,1,285,S,1.001953125,122,SS,0.0,2139.836246164695,2145.6570906668426,0.5215337563284269,0.0011854171752929688,5.820844502147793,4.1722700506288675,1.6485744515189253,0.7167808810369991
100286,1,286,S,0.9677734375,121,SS,0.0,2145.6570906668426,2155.7900658925096,0.519786814928984,0.0011408329010009766,10.132975225666996,4.158294519431365,5.974680706235631,0.4103725141751393
100287,1,287,S,1.046875,126,SS,0.0,2155.7900658925096,2160.9073813591376,0.5267384819383378,0.0012404918670654297,5.1173154666280425,4.213907855508296,0.9034076111197464,0.823460637318295
100288,1,288,S,1.001953125,121,SS,0.0,2160.9073813591376,2171.9708854633095,0.5204644149239669,0.0011867284774780273,11.063504104171898,4.1637153193914855,6.899788784780412,0.3763468861390312
100289,1,289,S,0.9931640625,143,SS,0.0,2171.9708854633095,2176.351628054184,0.5475928238590952,0.001146078109741211,4.3807425908744335,4.3807425908744335,0.0,1.0
100290,1,290,S,0.9384765625,134,SS,0.0,2176.351628054184,2188.6456153460417,0.5344957804110745,0.001084446907043457,12.293987291857775,4.275966243287257,8.018021048570517,0.3478095545225755
100291,1,291,S,0.9541015625,127,SS,0.0,2188.6456153460417,2192.852693612916,0.5258847833594583,0.0011146068572998047,4.207078266874305,4.207078266874305,0.0,1.0
100292,1,292,S,0.9541015625,137,SS,0.0,2192.852693612916,2205.3853323775184,0.5387850882287973,0.0011014938354492188,12.532638764602325,4.3102807058312465,8.222358058771079,0.34392443497257513
100293,1,293,S,1.0283203125,124,SS,0.0,2205.3853323775184,2209.5789973305837,0.5242081191330064,0.0012181997299194336,4.1936649530653085,4.1936649530653085,0.0,1.0
100294,1,294,S,1.052734375,141,SS,0.0,2209.5789973305837,2221.02228335704,0.5463253386270942,0.0012286901473999023,11.443286026456462,4.370602709015657,7.072683317440806,0.3819359840268767
100295,1,295,S,1.0498046875,113,SS,0.0,2221.02228335704,2225.1246481865087,0.5127956036835378,0.0012614727020263672,4.10236482946857,4.10236482946857,0.0,1.0
100296,1,296,S,1.0068359375,133,SS,0.0,2225.1246481865087,2234.898105067203,0.5346725177877208,0.0011775493621826172,9.773456880694084,4.277380142302718,5.496076738391366,0.4376527358249265
100297,1,297,S,1.0078125,120,SS,0.0,2234.898105067203,2241.9135137137337,0.5195102735186815,0.0011959075927734375,7.0154086465308865,4.156082188150322,2.859326458380565,0.5924219667810087
100298,1,298,S,0.9912109375,124,SS,0.0,2241.9135137137337,2247.5330397737553,0.5234541991391155,0.001168370246887207,5.619526060021599,4.187633593111968,1.4318924669096305,0.7451933754527109
100299,1,299,S,1.0322265625,140,SS,0.0,2247.5330397737553,2258.7530131469957,0.544523356026961,0.0012024641036987305,11.219973373240464,4.356186848217476,6.863786525022988,0.38825286863932695
100300,1,300,S,1.01171875,117,SS,0.0,2258.7530131469957,2262.884007141436,0.5163742493049254,0.0012050867080688477,4.1309939944403595,4.1309939944403595,0.0,1.0
100301,1,301,S,1.015625,122,SS,0.0,2262.884007141436,2275.645409281226,0.5218070363263386,0.001203775405883789,12.76140213978988,4.174456290609669,8.58694584918021,0.32711580160880366
100302,1,302,S,0.9921875,131,SS,0.0,2275.645409281226,2279.899089221845,0.5317099925775046,0.0011605024337768555,4.253679940618895,4.253679940618895,0.0,1.0
100303,1,303,S,1.0322265625,139,SS,0.0,2279.899089221845,2292.7783948927413,0.5431951334205046,0.001203775405883789,12.879305670896429,4.345561067362723,8.533744603533705,0.3374064703800343
100304,1,304,S,1.03515625,120,SS,0.0,2292.7783948927413,2296.938777880858,0.5200478735148303,0.0012326240539550781,4.160382988116908,4.160382988116908,0.0,1.0
100305,1,305,S,0.9609375,144,SS,0.0,2296.938777880858,2309.748573248182,0.5481543264767404,0.0011014938354492188,12.809795367323659,4.385234611814667,8.424560755508992,0.3423344781135931
100306,1,306,S,0.9736328125,113,SS,0.0,2309.748573248182,2313.839656157712,0.5113853636910966,0.0011591911315917969,4.091082909530087,4.091082909530087,0.0,1.0
100307,1,307,S,1.0234375,128,SS,0.0,2313.839656157712,2326.3487301140794,0.5284003647511396,0.0012063980102539062,12.509073956367502,4.227202918009425,8.281871038358076,0.33793092380412776
100308,1,308,S,1.0341796875,133,SS,0.0,2326.3487301140794,2330.630876976329,0.5352683577813079,0.0012142658233642578,4.282146862249647,4.282146862249647,0.0,1.0
100309,1,309,S,0.9404296875,136,SS,0.0,2330.630876976329,2342.978957369806,0.537165025625205,0.001084446907043457,12.348080393476721,4.297320205001597,8.050760188475124,0.3480152435087641
100310,1,310,S,0.9833984375,116,SS,0.0,2342.978957369806,2347.0970779130353,0.5147650679038386,0.001168370246887207,4.118120543229452,4.118120543229452,0.0,1.0
100311,1,311,S,1.015625,113,SS,0.0,2347.0970779130353,2357.9708948226917,0.5121628036869296,0.0012155771255493164,10.873816909656398,4.097302429494448,6.77651448016195,0.3768044343155966
100312,1,312,S,0.958984375,127,SS,0.0,2357.9708948226917,2363.5472467841073,0.5259863833585673,0.0011211633682250977,5.576351961415639,4.207891066867887,1.368460894547752,0.7545956740147464
100313,1,313,S,1.009765625,113,SS,0.0,2363.5472467841073,2372.910875608534,0.512054323687511,0.0012077093124389648,9.363628824426542,4.096434589500859,5.267194234925682,0.43748365791846067
100314,1,314,S,0.9580078125,139,SS,0.0,2372.910875608534,2379.8812284933083,0.5415048934420194,0.001104116439819336,6.9703528847744565,4.332039147535397,2.6383137372390593,0.6214949542939204
100315,1,315,S,1.0234375,131,SS,0.0,2379.8812284933083,2385.161519013012,0.5323807125707521,0.0012024641036987305,5.2802905197036125,4.259045700564457,1.0212448191391559,0.8065930623839085
100316,1,316,S,0.97265625,128,SS,0.0,2385.161519013012,2395.7413470531155,0.527335404760707,0.0011382102966308594,10.57982804010362,4.218683238086669,6.361144802016952,0.39874780781837266
100317,1,317,S,1.04296875,113,SS,0.0,2395.7413470531155,2400.7674751767922,0.5126690436842163,0.001252293586730957,5.026128123676699,4.101352349473018,0.9247757742036811,0.8160063270477889
100318,1,318,S,0.9443359375,143,SS,0.0,2400.7674751767922,2411.4563447539845,0.5464488238750517,0.0010805130004882812,10.688869577192236,4.3715905909994035,6.317278986192832,0.4089853056423706
100319,1,319,S,0.9912109375,122,SS,0.0,2411.4563447539845,2415.626897044626,0.5213190363300677,0.0011709928512573242,4.1705522906413535,4.1705522906413535,0.0,1.0
100320,1,320,S,1.0361328125,115,SS,0.0,2415.626897044626,2422.3479738732526,0.5146923664934083,0.0012404918670654297,6.721076828626792,4.1175389319469105,2.6035378966798817,0.612630838321808
100321,1,321,S,1.01171875,124,SS,0.0,2422.3479738732526,2431.193068931901,0.5238708391357394,0.0011959075927734375,8.84509505864844,4.1909667130858,4.65412834556264,0.4738181653557258
100322,1,322,S,0.982421875,115,SS,0.0,2431.193068931901,2436.208149429523,0.5136803664993768,0.001168370246887207,5.015080497621966,4.109442931996455,0.9056375656255113,0.8194171427447787
100323,1,323,S,1.0556640625,129,SS,0.0,2436.208149429523,2446.6898813144026,0.5304082673513082,0.0012483596801757812,10.481731884879537,4.243266138812032,6.238465746067504,0.40482490731643045
100324,1,324,S,1.0087890625,140,SS,0.0,2446.6898813144026,2452.049219300547,0.5439857560339713,0.0011709928512573242,5.35933798614451,4.351886048272718,1.0074519378717923,0.8120193314031777
100325,1,325,S,0.951171875,144,SS,0.0,2452.049219300547,2459.707706683328,0.547923926480022,0.0010883808135986328,7.658487382781004,4.383391411840421,3.2750959709405834,0.5723573328195121
100326,1,326,S,1.0498046875,112,SS,0.0,2459.707706683328,2467.961306300191,0.5117184222793623,0.0012627840042114258,8.253599616863085,4.093747378236003,4.1598522386270815,0.49599539210406945
100327,1,327,S,1.033203125,142,SS,0.0,2467.961306300191,2473.339323844155,0.5472025212395637,0.0012011528015136719,5.378017543963779,4.377620169914735,1.0003973740490437,0.8139839883616822
100328,1,328,S,1.0537109375,139,SS,0.0,2473.339323844155,2483.257165952395,0.5436844134142765,0.0012326240539550781,9.917842108240166,4.349475307313696,5.568366800926469,0.4385505697554881
100329,1,329,S,1.02734375,129,SS,0.0,2483.257165952395,2488.587858897243,0.5298097073569051,0.001210331916809082,5.330692944848124,4.238477658855118,1.0922152859930065,0.7951081975095595
100330,1,330,S,0.9658203125,141,SS,0.0,2488.587858897243,2499.373708313555,0.5443174986538927,0.0011119842529296875,10.785849416311976,4.354539989231853,6.431309427080123,0.40372712627030244
100331,1,331,S,1.0185546875,138,SS,0.0,2499.373708313555,2504.7431439358415,0.5415577908178852,0.0011867284774780273,5.369435622286346,4.332462326543464,1.0369732957428823,0.8068748060897075
100332,1,332,S,0.955078125,118,SS,0.0,2504.7431439358415,2515.9998078259587,0.5163501507166316,0.0011277198791503906,11.256663890117125,4.130801205734315,7.12586268438281,0.3669649592505808
100333,1,333,S,0.939453125,121,SS,0.0,2515.9998078259587,2520.9887178441254,0.5192253749331414,0.0011028051376342773,4.9889100181667345,4.153802999466279,0.8351070187004552,0.8326073199036509
100334,1,334,S,0.9658203125,130,SS,0.0,2520.9887178441254,2530.5274428981875,0.529826729976133,0.001126408576965332,9.53872505406207,4.238613839810569,5.300111214251501,0.4443585296554442
100335,1,335,S,0.953125,129,SS,0.0,2530.5274428981875,2537.5222826513054,0.528241067371573,0.001110672950744629,6.994839753117958,4.225928538973676,2.768911214144282,0.6041494427502736
100336,1,336,S,0.9794921875,125,SS,0.0,2537.5222826513054,2544.537668751372,0.5242817805456383,0.0011513233184814453,7.015386100066735,4.194254244364856,2.8211318557018785,0.5978650618139119
100337,1,337,S,0.951171875,128,SS,0.0,2544.537668751372,2554.2635642717546,0.5268848447647548,0.0011093616485595703,9.725895520382437,4.215078758119489,5.510816762262948,0.4333872134741733
100338,1,338,S,0.99609375,123,SS,0.0,2554.2635642717546,2559.4609636828536,0.5224850177338168,0.0011762380599975586,5.197399411099013,4.179880141869944,1.0175192692290693,0.8042253079383964
100339,1,339,S,0.951171875,118,SS,0.0,2559.4609636828536,2569.6359552136487,0.5162746307171352,0.0011224746704101562,7.278651360116783,1.23385687506061,6.044794485056173,0.16951723801767768
200207,2,207,S,0.947265625,140,SS,0.0,1557.4754401052896,1568.5368675187094,0.5425745560523735,0.0010883808135986328,1.7972524757390147,1.7972524757390147,0.0,1.0
200208,2,208,S,0.9716796875,123,SS,0.0,1568.5368675187094,1572.7128116606111,0.5219930177376908,0.0011434555053710938,4.175944141901709,4.175944141901709,0.0,1.0
200209,2,209,S,0.9912109375,124,SS,0.0,1572.7128116606111,1584.5816938068808,0.5234541991391155,0.001168370246887207,11.868882146269698,4.187633593113787,7.6812485531559105,0.3528245997817014
200210,2,210,S,0.9921875,116,SS,0.0,1584.5816938068808,1588.7011506701026,0.5149321079028097,0.0011801719665527344,4.119456863221785,4.119456863221785,0.0,1.0
200211,2,211,S,0.9814453125,133,SS,0.0,1588.7011506701026,1600.7004857233815,0.5341192377936756,0.0011434555053710938,11.999335053278855,4.2729539023494,7.7263811509294555,0.35609922411340633
200212,2,212,S,1.060546875,127,SS,0.0,1600.7004857233815,1604.925283030102,0.5280996633400361,0.0012575387954711914,4.224797306720575,4.224797306720575,0.0,1.0
200213,2,213,S,0.9873046875,124,SS,0.0,1604.925283030102,1617.4903487670074,0.5233748391397586,0.0011631250381469727,12.565065736905353,4.186998713117646,8.378067023787708,0.3332253726950147
200214,2,214,S,0.95703125,115,SS,0.0,1617.4903487670074,1621.5959644990255,0.5132019665021983,0.0011342763900756836,4.105615732018123,4.105615732018123,0.0,1.0
200215,2,215,S,1.0615234375,113,SS,0.0,1621.5959644990255,1632.4385372699655,0.513012563682375,0.0012772083282470703,10.842572770940023,4.104100509459386,6.738472261480638,0.37851722060460474
200216,2,216,S,1.0283203125,125,SS,0.0,1632.4385372699655,1638.0304456385477,0.5252817805373097,0.001216888427734375,5.591908368582153,4.2022542442991835,1.3896541242829699,0.751488394893831
200217,2,217,S,0.9951171875,134,SS,0.0,1638.0304456385477,1645.9520053634196,0.5357393003972679,0.0011605024337768555,7.9215597248719405,4.285914403179049,3.6356453216928912,0.5410442579536741
200218,2,218,S,0.99609375,122,SS,0.0,1645.9520053634196,1654.3012942307373,0.5214166363293219,0.0011775493621826172,8.349288867317682,4.171333090635017,4.177955776682666,0.4996033981963678
200219,2,219,S,1.0419921875,112,SS,0.0,1654.3012942307373,1660.8507934024194,0.5115750622800911,0.001252293586730957,6.5494991716821005,4.092600498241154,2.4568986734409464,0.6248722827443394
200220,2,220,S,1.0048828125,141,SS,0.0,1660.8507934024194,1670.9264171961395,0.5452198986418484,0.0011644363403320312,10.07562379372007,4.361759189134318,5.713864604585751,0.43290214863450077
200221,2,221,S,0.95703125,137,SS,0.0,1670.9264171961395,1677.6523940293646,0.5388508482280021,0.0011054277420043945,6.725976833225104,4.310806785824752,2.415170047400352,0.640919065395847
200222,2,222,S,1.0615234375,137,SS,0.0,1677.6523940293646,1687.1522062168926,0.5411962881996395,0.001245737075805664,9.49981218752805,4.329570305597372,5.170241881930679,0.4557532528149876
200223,2,223,S,1.017578125,131,SS,0.0,1687.1522062168926,1692.420121017821,0.5322549525720182,0.001194596290588379,5.267914800928338,4.258039620575801,1.0098751803525374,0.8082969792574147
200224,2,224,S,0.9873046875,126,SS,0.0,1692.420121017821,1702.8371311163953,0.5255087219488529,0.0011605024337768555,10.417010098574337,4.204069775591051,6.212940322983286,0.40357739272676874
200225,2,225,S,0.9423828125,118,SS,0.0,1702.8371311163953,1706.9659688021418,0.5161047107182686,0.001110672950744629,4.1288376857464755,4.1288376857464755,0.0,1.0
200226,2,226,S,1.0556640625,137,SS,0.0,1706.9659688021418,1715.8093054373967,0.5410647682012298,0.0012378692626953125,8.8433366352549,4.32851814561036,4.51481848964454,0.48946662601921803
200227,2,227,S,0.9716796875,117,SS,0.0,1715.8093054373967,1722.0792004744044,0.5156067293098506,0.0011513233184814453,6.2698950370077,4.124853834478927,2.1450412025287733,0.6578824382437363
200228,2,228,S,0.986328125,137,SS,0.0,1722.0792004744044,1730.0885715298086,0.53950844822005,0.0011447668075561523,8.009371055404245,4.316067585759811,3.693303469644434,0.5388772171876824
200229,2,229,S,1.0029296875,144,SS,0.0,1730.0885715298086,1736.7299173768447,0.5491450464626307,0.0011578798294067383,6.641345847036064,4.393160371701015,2.248185475335049,0.661486462666542
200230,2,230,S,1.0263671875,120,SS,0.0,1736.7299173768447,1744.2446344641005,0.5198750735160681,0.0012208223342895508,7.514717087255804,4.159000588128038,3.355716499127766,0.5534473939386594
200231,2,231,S,0.9443359375,123,SS,0.0,1744.2446344641005,1750.185202777108,0.5214419777420297,0.0011067390441894531,5.940568313007589,4.171535821937141,1.7690324910704476,0.7022115733949329
200232,2,232,S,1.03515625,117,SS,0.0,1750.185202777108,1756.6355190526674,0.5168235293020422,0.001236557960510254,6.450316275559317,4.134588234415787,2.3157280411435295,0.6409900007666323
200233,2,233,S,0.9560546875,122,SS,0.0,1756.6355190526674,1764.4865718896706,0.5206163163354374,0.0011237859725952148,7.851052837003181,4.164930530683705,3.6861223063194757,0.5304932493962806
200234,2,234,S,1.046875,121,SS,0.0,1764.4865718896706,1770.5360995127567,0.5213549749173727,0.0012470483779907227,6.049527623086078,4.170839799338864,1.8786878237472138,0.6894488395130547
200235,2,235,S,0.970703125,112,SS,0.0,1770.5360995127567,1779.1691677733215,0.5102669022867414,0.0011565685272216797,8.633068260564869,4.082135218293843,4.550933042271026,0.47284871323683303
200236,2,236,S,0.9375,129,SS,0.0,1779.1691677733215,1783.3924543923185,0.5279108273746609,0.0010896921157836914,4.223286618997008,4.223286618997008,0.0,1.0
200237,2,237,S,1.0224609375,127,SS,0.0,1783.3924543923185,1790.5852398753855,0.5273071833469853,0.0012063980102539062,7.1927854830669276,4.218457466775362,2.9743280162915653,0.5864845374168808
200238,2,238,S,1.001953125,134,SS,0.0,1790.5852398753855,1798.994966477489,0.5358893803956016,0.0011696815490722656,8.409726602103547,4.287115043165613,4.122611558937933,0.5097805488817277
200239,2,239,S,0.95703125,117,SS,0.0,1798.994966477489,1804.8905191115728,0.5153259293116524,0.0011316537857055664,5.895552634083742,4.122607434494057,1.7729451995896852,0.6992741292241508
200240,2,240,S,0.9541015625,141,SS,0.0,1804.8905191115728,1814.1582226524727,0.5440467786575061,0.0010962486267089844,9.267703540899902,4.352374229260022,4.91532931163988,0.4696281241682233
200241,2,241,S,0.984375,116,SS,0.0,1814.1582226524727,1818.2764916757017,0.5147836279037243,0.0011696815490722656,4.118269023229004,4.118269023229004,0.0,1.0
200242,2,242,S,0.958984375,121,SS,0.0,1818.2764916757017,1826.752562891069,0.5196125749302742,0.0011290311813354492,8.476071215367256,4.1569005994424515,4.319170615924804,0.49042775760377316
200243,2,243,S,1.0498046875,126,SS,0.0,1826.752562891069,1833.7871011246548,0.5267989619378206,0.0012444257736206055,7.034538233585863,4.214391695502854,2.8201465380830086,0.5990999772211862
200244,2,244,S,1.005859375,133,SS,0.0,1833.7871011246548,1840.2689834809908,0.5346512377879498,0.0011762380599975586,6.481882356335973,4.277209902304094,2.204672454031879,0.659871572356318
200245,2,245,S,1.0224609375,114,SS,0.0,1840.2689834809908,1849.6216363565013,0.5133620650905893,0.001223444938659668,9.352652875510557,4.1068965207250585,5.245756354785499,0.4391156793040782
200246,2,246,S,1.044921875,127,SS,0.0,1849.6216363565013,1856.00423613456,0.5277745433428871,0.001236557960510254,6.382599778058648,4.222196346743658,2.1604034313149896,0.6615167006488843
200247,2,247,S,1.0009765625,140,SS,0.0,1856.00423613456,1865.3640539217697,0.543806556036308,0.0011605024337768555,9.35981778720975,4.350452448290525,5.009365338919224,0.46480097659972036
200248,2,248,S,1.0390625,137,SS,0.0,1865.3640539217697,1869.7013073074495,0.5406921282057361,0.0012155771255493164,4.337253385679787,4.325537025646554,0.011716360033233286,0.9972986683065562
200249,2,249,S,1.02734375,121,SS,0.0,1869.7013073074495,1881.1485987549827,0.5209677749202398,0.0012208223342895508,11.447291447533189,4.167742199362692,7.279549248170497,0.364081077035984
200250,2,250,S,0.9833984375,135,SS,0.0,1881.1485987549827,1885.4430166990392,0.5368022430070314,0.0011434555053710938,4.294417944056477,4.294417944056477,0.0,1.0
200251,2,251,S,1.001953125,129,SS,0.0,1885.4430166990392,1894.0701620248167,0.529273067361923,0.0011762380599975586,8.62714532577752,4.234184538894624,4.392960786882895,0.49079786870438735
200252,2,252,S,1.03515625,125,SS,0.0,1894.0701620248167,1900.887405979237,0.5254217805361436,0.0012260675430297852,6.817243954420292,4.20337424428908,2.613869710131212,0.6165797017669608
200253,2,253,S,0.9765625,125,SS,0.0,1900.887405979237,1907.1283371090751,0.524221780546138,0.0011473894119262695,6.240931129838145,4.193774244369706,2.047156885468439,0.6719789334509879
200254,2,254,S,0.970703125,140,SS,0.0,1907.1283371090751,1917.0420370747147,0.5431121560453631,0.001119852066040039,9.91369996563958,4.344897248362031,5.568802717277549,0.43827201382140285
200255,2,255,S,1.0361328125,121,SS,0.0,1917.0420370747147,1922.1538265928934,0.5211420149189496,0.0012326240539550781,5.111789518178739,4.169136119351606,0.9426533988271331,0.8155922900434704
200256,2,256,S,1.033203125,130,SS,0.0,1922.1538265928934,1932.2302789674213,0.5312619299621945,0.001216888427734375,10.07645237452789,4.250095439698271,5.826356934829619,0.42178489826856347
200257,2,257,S,0.9677734375,125,SS,0.0,1932.2302789674213,1936.422613211802,0.5240417805476372,0.0011355876922607422,4.192334244380618,4.192334244380618,0.0,1.0
200258,2,258,S,1.056640625,115,SS,0.0,1936.422613211802,1946.607732498915,0.5150787664911295,0.0012680292129516602,10.185119287113139,4.12063013192892,6.064489155184219,0.40457357599558047
200259,2,259,S,0.9638671875,144,SS,0.0,1946.607732498915,1951.967555280125,0.548223446475756,0.0011054277420043945,5.359822781209914,4.385787571805849,0.9740352094040645,0.8182710046274724
200260,2,260,S,1.0458984375,113,SS,0.0,1951.967555280125,1957.957390344749,0.5127232836839255,0.0012562274932861328,5.989835064624003,4.101786269471631,1.888048795152372,0.6847911879405164
200261,2,261,S,0.94140625,120,SS,0.0,1957.957390344749,1967.270746758481,0.5182046735280345,0.0011067390441894531,9.31335641373198,4.1456373882247135,5.167719025507267,0.44512817979479685
200262,2,262,S,0.9404296875,116,SS,0.0,1967.270746758481,1971.382334181752,0.5139484279088689,0.001110672950744629,4.111587423270976,4.111587423270976,0.0,1.0
200263,2,263,S,1.0546875,137,SS,0.0,1971.382334181752,1982.9091093009501,0.5410428482014951,0.001236557960510254,11.526775119198192,4.328342785611312,7.198432333586879,0.3755033598601509
200264,2,264,S,0.994140625,116,SS,0.0,1982.9091093009501,1987.028863124171,0.5149692279025812,0.0011827945709228516,4.11975382322089,4.11975382322089,0.0,1.0
200265,2,265,S,0.966796875,132,SS,0.0,1987.028863124171,1992.926443957045,0.5324825351900512,0.0011250972747802734,5.897580832873928,4.25986028151965,1.6377205513542776,0.7223063832842447
200266,2,266,S,1.0400390625,121,SS,0.0,1992.926443957045,2002.639705226598,0.5212194549183762,0.0012378692626953125,9.713261269552959,4.1697556393464765,5.543505630206482,0.4292848224331131
200267,2,267,S,1.013671875,144,SS,0.0,2002.639705226598,2008.0263692701126,0.5493984864590213,0.0011723041534423828,5.386664043514656,4.395187891672322,0.9914761518423347,0.815938743565039
200268,2,268,S,0.9384765625,114,SS,0.0,2008.0263692701126,2018.8046864756466,0.5117934250994227,0.001110672950744629,10.778317205533995,4.094347400794504,6.68396980473949,0.3798688907292793
200269,2,269,S,1.0087890625,126,SS,0.0,2018.8046864756466,2023.0123044112074,0.5259522419450604,0.0011893510818481445,4.207617935560847,4.207617935560847,0.0,1.0
200270,2,270,S,0.9375,131,SS,0.0,2023.0123044112074,2034.9545505774022,0.5305362325893216,0.0010870695114135742,11.942246166194764,4.244289860715071,7.697956305479693,0.35540130404693016
200271,2,271,S,0.9462890625,113,SS,0.0,2034.9545505774022,2039.0415835669519,0.51087912369381,0.0011224746704101562,4.087032989549698,4.087032989549698,0.0,1.0
200272,2,272,S,1.037109375,144,SS,0.0,2039.0415835669519,2048.1769657113173,0.549951446451146,0.001203775405883789,9.135382144365394,4.399611571609057,4.735770572756337,0.4816012622222586
200273,2,273,S,1.0107421875,142,SS,0.0,2048.1769657113173,2055.238967420298,0.5466799612466964,0.0011709928512573242,7.062001708980915,4.373439689974475,2.68856201900644,0.6192917915061771
200274,2,274,S,1.052734375,141,SS,0.0,2055.238967420298,2060.3207069945743,0.5463253386270942,0.0012286901473999023,5.081739574276071,4.370602709015657,0.7111368652604142,0.8600603484562231
200275,2,275,S,1.005859375,138,SS,0.0,2060.3207069945743,2070.992438770423,0.5412707508214483,0.0011696815490722656,10.671731775848912,4.330166006569925,6.341565769278986,0.40576038617925914
200276,2,276,S,0.994140625,120,SS,0.0,2070.992438770423,2076.0347654604093,0.5192414735206072,0.0011775493621826172,5.042326689986112,4.15393178816521,0.8883949018209023,0.8238125063206984
200277,2,277,S,1.0439453125,129,SS,0.0,2076.0347654604093,2086.9878218672543,0.5301605873536241,0.0012326240539550781,10.953056406845008,4.241284698829986,6.711771708015021,0.3872238525293667
200278,2,278,S,0.958984375,132,SS,0.0,2086.9878218672543,2091.2463304687894,0.5323135751918113,0.0011146068572998047,4.258508601535141,4.258508601535141,0.0,1.0
200279,2,279,S,0.9521484375,131,SS,0.0,2091.2463304687894,2102.8564613261046,0.5308506325861563,0.0011067390441894531,11.610130857315198,4.24680506068762,7.363325796627578,0.36578442679755285
200280,2,280,S,1.001953125,115,SS,0.0,2102.8564613261046,2106.9688482580827,0.5140483664972064,0.001194596290588379,4.112386931978108,4.112386931978108,0.0,1.0
200281,2,281,S,1.033203125,120,SS,0.0,2106.9688482580827,2116.170741551319,0.5200094735151054,0.001230001449584961,9.20189329323648,4.160075788120594,5.041817505115887,0.45208911422373343
200282,2,282,S,0.9814453125,144,SS,0.0,2116.170741551319,2123.50791697652,0.5486381664698496,0.0011290311813354492,7.337175425200712,4.38910533176022,2.948070093440492,0.5982009530104909
200283,2,283,S,0.9775390625,136,SS,0.0,2123.50791697652,2131.137832414814,0.5379919056154747,0.0011342763900756836,7.62991543829412,4.303935244923196,3.325980193370924,0.5640868866412313
200284,2,284,S,1.0087890625,122,SS,0.0,2131.137832414814,2139.483800759213,0.5216703963273829,0.001194596290588379,8.345968344398898,4.173363170619268,4.17260517377963,0.5000454109582232
200285,2,285,S,1.03125,113,SS,0.0,2139.483800759213,2144.52871070021,0.5124520836853791,0.001236557960510254,5.044909940997059,4.099616669482202,0.9452932715148563,0.8126243515601724
200286,2,286,S,1.0224609375,129,SS,0.0,2144.52871070021,2155.4169663535067,0.5297065073578701,0.001203775405883789,10.88825565329671,4.237652058862295,6.650603594434415,0.38919476119935087
200287,2,287,S,1.009765625,141,SS,0.0,2155.4169663535067,2160.5196374635807,0.5453326986403428,0.0011709928512573242,5.10267111007397,4.362661589122581,0.7400095209513893,0.8549760498005795
200288,2,288,S,1.0126953125,122,SS,0.0,2160.5196374635807,2171.9592042583968,0.5217484763267862,0.0011998414993286133,11.439566794816074,4.1739878106127435,7.26557898420333,0.3648728912098505
200289,2,289,S,1.0380859375,121,SS,0.0,2171.9592042583968,2176.1286501377467,0.5211807349186628,0.0012352466583251953,4.169445879349951,4.169445879349951,0.0,1.0
200290,2,290,S,1.029296875,137,SS,0.0,2176.1286501377467,2188.1919935139067,0.5404729282083869,0.0012024641036987305,12.063343376159992,4.3237834256688075,7.739559950491184,0.3584233069427189
200291,2,291,S,0.9921875,122,SS,0.0,2188.1919935139067,2192.3627019645446,0.5213385563299184,0.0011723041534423828,4.170708450637903,4.170708450637903,0.0,1.0
200292,2,292,S,1.05859375,136,SS,0.0,2192.3627019645446,2204.9550836040016,0.5397979855942215,0.0012431144714355469,12.592381639457017,4.318383884754439,8.273997754702577,0.3429362298886494
200293,2,293,S,0.943359375,130,SS,0.0,2204.9550836040016,2209.1898702438466,0.5293483299807792,0.0010962486267089844,4.23478663984497,4.23478663984497,0.0,1.0
200294,2,294,S,0.9384765625,125,SS,0.0,2209.1898702438466,2221.6306519579425,0.5234417805526344,0.0010962486267089844,12.44078171409592,4.18753424442184,8.25324746967408,0.3365973570356267
200295,2,295,S,1.0546875,139,SS,0.0,2221.6306519579425,2225.9803051852555,0.5437066534139935,0.0012339353561401367,4.349653227312956,4.349653227312956,0.0,1.0
200296,2,296,S,1.0478515625,115,SS,0.0,2225.9803051852555,2236.9230854391126,0.5149131664921062,0.0012562274932861328,10.942780253857109,4.11930533193663,6.823474921920479,0.37644046909236417
200297,2,297,S,1.0615234375,141,SS,0.0,2236.9230854391126,2242.742238500681,0.5465283786243842,0.0012404918670654297,5.819153061568613,4.37222702899453,1.4469260325740834,0.7513510957238768
200298,2,298,S,1.0361328125,144,SS,0.0,2242.742238500681,2252.572296862125,0.5499284064514742,0.0012024641036987305,9.830058361443662,4.399427251610177,5.4306311098334845,0.44754843662637916
200299,2,299,S,1.0595703125,126,SS,0.0,2252.572296862125,2259.64201380196,0.5270005619360969,0.0012575387954711914,7.0697169398349615,4.216004495487141,2.8537124443478206,0.5963470010703938
200300,2,300,S,0.9970703125,141,SS,0.0,2259.64201380196,2266.5209238254774,0.5450394186442572,0.0011539459228515625,6.878910023517619,4.3603153491530975,2.518594674364522,0.6338671874244685
200301,2,301,S,0.947265625,131,SS,0.0,2266.5209238254774,2276.737882991492,0.5307458325872114,0.0011001825332641602,10.216959166014476,4.245966660699196,5.97099250531528,0.4155802711655058
200302,2,302,S,1.0146484375,123,SS,0.0,2276.737882991492,2280.9207544933374,0.5228589377308726,0.0012011528015136719,4.182871501845511,4.182871501845511,0.0,1.0
200303,2,303,S,0.9619140625,128,SS,0.0,2280.9207544933374,2293.7633792813326,0.527110124762731,0.0011237859725952148,12.842624787995192,4.21688099810126,8.625743789893932,0.32835040092762374
200304,2,304,S,1.044921875,119,SS,0.0,2293.7633792813326,2297.9166872182072,0.5191634921092502,0.0012470483779907227,4.153307936874626,4.153307936874626,0.0,1.0
200305,2,305,S,0.9736328125,114,SS,0.0,2297.9166872182072,2310.6157443298875,0.512450065095725,0.0011578798294067383,12.699057111680304,4.099600520767126,8.599456590913178,0.3228271583247237
200306,2,306,S,1.0078125,135,SS,0.0,2310.6157443298875,2314.914482273893,0.5373422430008551,0.0011762380599975586,4.298737944005552,4.298737944005552,0.0,1.0
200307,2,307,S,0.9697265625,112,SS,0.0,2314.914482273893,2327.341317647708,0.5102489822868326,0.001155257225036621,12.42683537381481,4.081991858292895,8.344843515521916,0.32848200973952374
200308,2,308,S,1.0380859375,124,SS,0.0,2327.341317647708,2331.536569800759,0.5244065191313987,0.0012313127517700195,4.195252153051115,4.195252153051115,0.0,1.0
200309,2,309,S,1.001953125,132,SS,0.0,2331.536569800759,2343.9216351074574,0.5332428551821301,0.0011723041534423828,12.38506530669838,4.265942841455399,8.119122465242981,0.34444249875276733
200310,2,310,S,1.056640625,141,SS,0.0,2343.9216351074574,2348.2929597364637,0.5464155786258896,0.0012339353561401367,4.371324629006267,4.371324629006267,0.0,1.0
200311,2,311,S,0.9814453125,116,SS,0.0,2348.2929597364637,2360.481498366321,0.5147279479040673,0.0011657476425170898,12.188538629857248,4.117823583233985,8.070715046623263,0.3378439128991966
200312,2,312,S,1.0419921875,143,SS,0.0,2360.481498366321,2364.8713929570667,0.5487368238431389,0.0012116432189941406,4.3898945907458256,4.3898945907458256,0.0,1.0
200313,2,313,S,1.01953125,116,SS,0.0,2364.8713929570667,2376.6906463399196,0.5154517878996087,0.001216888427734375,11.819253382852821,4.1236143031965184,7.695639079656303,0.34888957615368416
200314,2,314,S,0.974609375,126,SS,0.0,2376.6906463399196,2380.892619475528,0.5252466419510938,0.0011434555053710938,4.2019731356085686,4.2019731356085686,0.0,1.0
200315,2,315,S,0.9638671875,115,SS,0.0,2380.892619475528,2390.0943173175847,0.5133307665014386,0.0011434555053710938,9.201697842056547,4.1066461320115195,5.095051710045027,0.4462922172082211
200316,2,316,S,1.052734375,130,SS,0.0,2390.0943173175847,2396.982403348328,0.5316779299581544,0.0012431144714355469,6.888086030743125,4.253423439666221,2.6346625910769035,0.6175044011764961
200317,2,317,S,0.94140625,131,SS,0.0,2396.982403348328,2402.32838420042,0.5306200725884774,0.0010923147201538086,5.345980852091998,4.244960580708721,1.1010202713832768,0.7940470978394126
200318,2,318,S,0.9619140625,127,SS,0.0,2402.32838420042,2412.971730242965,0.5260473433580329,0.0011250972747802734,10.64334604254509,4.208378746865492,6.4349672956795985,0.3953999738468677
200319,2,319,S,1.0537109375,125,SS,0.0,2412.971730242965,2418.069423517909,0.5258017805329787,0.0012509822845458984,5.097693274944049,4.206414244265034,0.8912790306790157,0.8251603259341259
200320,2,320,S,0.986328125,141,SS,0.0,2418.069423517909,2428.647028234538,0.5447912586475694,0.001139521598815918,10.57760471662914,4.358330069178919,6.21927464745022,0.4120337435494401
200321,2,321,S,0.9619140625,120,SS,0.0,2428.647028234538,2432.7958912227386,0.5186078735251461,0.0011342763900756836,4.1488629882005625,4.1488629882005625,0.0,1.0
200322,2,322,S,1.02734375,140,SS,0.0,2432.7958912227386,2439.0240448422965,0.5444113560284214,0.0011959075927734375,6.2281536195578155,4.355290848227014,1.8728627713308015,0.6992908515535667
200323,2,323,S,0.9892578125,130,SS,0.0,2439.0240448422965,2448.769320950042,0.5303259299712849,0.0011578798294067383,9.745276107745667,4.242607439769927,5.50266866797574,0.43535015251110737
200324,2,324,S,0.95703125,134,SS,0.0,2448.769320950042,2454.1231890873128,0.5349031404065516,0.0011093616485595703,5.353868137270638,4.279225123253127,1.0746430140175107,0.7992772727186823
200325,2,325,S,1.0302734375,113,SS,0.0,2454.1231890873128,2464.9129131679906,0.512434003685476,0.0012352466583251953,10.789724080677843,4.099472029483877,6.690252051193966,0.37994224864611514
200326,2,326,S,1.044921875,122,SS,0.0,2464.9129131679906,2470.080617607548,0.522392636321864,0.0012431144714355469,5.167704439557383,4.1791410905752855,0.9885633489820975,0.80870358192026
200327,2,327,S,1.041015625,127,SS,0.0,2470.080617607548,2480.9601626630797,0.5276932633435999,0.0012313127517700195,10.879545055531707,4.221546106749884,6.657998948781824,0.38802597766746116
200328,2,328,S,1.013671875,129,SS,0.0,2480.9601626630797,2486.016293786024,0.5295207473596072,0.0011919736862182617,5.056131122944407,4.23616597887667,0.8199651440677371,0.8378275554708645
200329,2,329,S,1.0390625,140,SS,0.0,2486.016293786024,2491.3340919715147,0.5446801560249163,0.0012116432189941406,5.317798185490574,4.357441248197574,0.9603569372929996,0.8194070358079214
200330,2,330,S,0.9384765625,141,SS,0.0,2491.3340919715147,2502.0850046007827,0.5436858186623237,0.0010752677917480469,10.750912629267987,4.3494865492975805,6.401426079970406,0.40456905374308955
200331,2,331,S,1.0146484375,114,SS,0.0,2502.0850046007827,2506.190733761515,0.5132161450914111,0.0012129545211791992,4.105729160732153,4.105729160732153,0.0,1.0
200332,2,332,S,0.9658203125,136,SS,0.0,2506.190733761515,2517.2061501738344,0.5377307856185474,0.0011185407638549805,11.01541641231961,4.301846284946805,6.713570127372805,0.3905296108584359
200333,2,333,S,0.9970703125,137,SS,0.0,2517.2061501738344,2522.6230885628115,0.5397495682171342,0.0011591911315917969,5.416938388977087,4.317996545738424,1.0989418432386628,0.7971286058052836
200334,2,334,S,1.0,143,SS,0.0,2522.6230885628115,2533.9545261792964,0.5477529838568614,0.001155257225036621,11.331437616484891,4.382023870854027,6.949413745630864,0.3867138503660905
200335,2,335,S,1.033203125,139,SS,0.0,2533.9545261792964,2539.2859011080773,0.5432173734202214,0.0012050867080688477,5.3313749287808605,4.345738987361983,0.9856359414188773,0.8151253748638037
200336,2,336,S,0.939453125,118,SS,0.0,2539.2859011080773,2550.6631278990985,0.5160480707186464,0.0011067390441894531,11.377226791021258,4.128384565749002,7.248842225272256,0.3628638719768743
200337,2,337,S,1.0166015625,122,SS,0.0,2550.6631278990985,2555.8876723809076,0.5218265563261896,0.0012050867080688477,5.224544481809062,4.174612450609857,1.049932031199205,0.7990385506612333
200338,2,338,S,0.974609375,124,SS,0.0,2555.8876723809076,2565.0897430400555,0.5231169191418484,0.001146078109741211,9.202070659147921,4.1849353531360975,5.017135306011824,0.45478191899947956
200339,2,339,S,1.0048828125,123,SS,0.0,2565.0897430400555,2571.631602514436,0.5226621377324221,0.001188039779663086,1.64987200291489,0.2510846445707102,1.3987873583441797,0.1521843174059016
300207,3,207,S,1.0048828125,122,SS,0.0,1562.1312584226114,1570.0554810117255,0.5215923163279794,0.0011893510818481445,3.3158659687551335,3.3158659687551335,0.0,1.0
300208,3,208,S,0.962890625,126,SS,0.0,1570.0554810117255,1576.1106185444075,0.5250047219531623,0.0011277198791503906,6.055137532682011,4.200037775624878,1.8550997570571326,0.6936321021538464
300209,3,209,S,1.0478515625,141,SS,0.0,1576.1106185444075,1585.8721800363726,0.5462125386285996,0.0012221336364746094,9.76156149196504,4.369700309029213,5.391861182935827,0.4476435775798791
300210,3,210,S,0.9736328125,125,SS,0.0,1585.8721800363726,1591.1320860311414,0.5241617805466379,0.0011434555053710938,5.259905994768815,4.193294244372737,1.0666117503960777,0.7972184766311669
300211,3,211,S,1.02734375,117,SS,0.0,1591.1320860311414,1602.1762887346977,0.5166737693030032,0.0012260675430297852,11.044202703556266,4.133390154423978,6.910812549132288,0.3742588093835886
300212,3,212,S,0.994140625,114,SS,0.0,1602.1762887346977,1606.2789535754455,0.512833105093568,0.0011854171752929688,4.102664840747821,4.102664840747821,0.0,1.0
300213,3,213,S,1.0,138,SS,0.0,1606.2789535754455,1618.6865727556108,0.5411382708230926,0.001161813735961914,12.407619180165284,4.329106166584097,8.078513013581187,0.34890707908770846
300214,3,214,S,0.9541015625,123,SS,0.0,1618.6865727556108,1622.8596829775345,0.5216387777404802,0.001119852066040039,4.173110221923707,4.173110221923707,0.0,1.0
300215,3,215,S,1.048828125,127,SS,0.0,1622.8596829775345,1634.967269077348,0.5278558233421744,0.0012418031692504883,12.107586099813489,4.2228465867374325,7.884739513076056,0.34877691985213166
300216,3,216,S,0.94140625,124,SS,0.0,1634.967269077348,1639.1468079505269,0.5224423591473146,0.0011014938354492188,4.179538873178899,4.179538873178899,0.0,1.0
300217,3,217,S,0.98828125,133,SS,0.0,1639.1468079505269,1651.215019143169,0.5342681977920725,0.001152634620666504,12.068211192642138,4.274145582336132,7.794065610306006,0.3541656268778287
300218,3,218,S,1.0419921875,141,SS,0.0,1651.215019143169,1655.5836365722123,0.5460771786304063,0.0012142658233642578,4.368617429043297,4.368617429043297,0.0,1.0
300219,3,219,S,0.96484375,136,SS,0.0,1655.5836365722123,1666.4834326405307,0.5377090256188035,0.0011172294616699219,10.899796068318437,4.3016722049505915,6.598123863367846,0.39465620989496464
300220,3,220,S,1.041015625,144,SS,0.0,1666.4834326405307,1672.2575838877146,0.5500436064498335,0.0012090206146240234,5.774151247183909,4.400348851599119,1.3738023955847893,0.7620771717306848
300221,3,221,S,0.9560546875,113,SS,0.0,1672.2575838877146,1681.5517695667738,0.5110599236928409,0.0011355876922607422,9.294185679059183,4.088479389542044,5.205706289517138,0.43989646115569175
300222,3,222,S,0.951171875,134,SS,0.0,1681.5517695667738,1688.3165439547945,0.53477450040798,0.0011014938354492188,6.764774388020669,4.278196003264384,2.4865783847562852,0.6324225698998008
300223,3,223,S,1.015625,137,SS,0.0,1688.3165439547945,1696.333221150784,0.5401660482120977,0.0011841058731079102,8.016677195989587,4.321328385696688,3.6953488102928986,0.5390423338809839
300224,3,224,S,0.9599609375,133,SS,0.0,1696.333221150784,1704.008759643117,0.5336510777987145,0.0011146068572998047,7.675538492332862,4.269208622390579,3.406329869942283,0.556209655733616
300225,3,225,S,0.9765625,129,SS,0.0,1704.008759643117,1709.0853700452685,0.528736427366941,0.0011421442031860352,5.076610402151573,4.229891418935949,0.8467189832156237,0.8332117463934663
300226,3,226,S,0.9853515625,130,SS,0.0,1709.0853700452685,1718.1702480240413,0.5302427299720929,0.001152634620666504,9.084877978772738,4.2419418397767,4.842936138996038,0.46692336976767385
300227,3,227,S,1.0234375,144,SS,0.0,1718.1702480240413,1723.39001231665,0.5496288864557399,0.0011854171752929688,5.2197642926087156,4.397031091646568,0.8227332009621477,0.8423811584505543
300228,3,228,S,1.0126953125,114,SS,0.0,1723.39001231665,1731.2244682610053,0.5131796650916165,0.001210331916809082,7.834455944355341,4.105437320733472,3.7290186236218688,0.5240232825217946
300229,3,229,S,0.9619140625,126,SS,0.0,1731.2244682610053,1738.60565143057,0.5249845619533348,0.001126408576965332,7.3811831695647925,4.199876495626086,3.181306673938707,0.5689977337161405
300230,3,230,S,1.0224609375,143,SS,0.0,1738.60565143057,1746.7691392169913,0.5482792238495214,0.0011854171752929688,8.163487786421229,4.3862337907958135,3.777253995625415,0.5372989959134469
300231,3,231,S,1.0390625,117,SS,0.0,1746.7691392169913,1753.0798771850784,0.5168984093015616,0.0012418031692504883,6.310737968087096,4.135187274412601,2.175550693674495,0.6552620779572716
300232,3,232,S,0.9912109375,115,SS,0.0,1753.0798771850784,1759.042694025878,0.5138459664984001,0.0011801719665527344,5.962816840799633,4.110767731986925,1.8520491088127073,0.6894003021960436
300233,3,233,S,1.0078125,133,SS,0.0,1759.042694025878,1766.0825454889998,0.5346937977874918,0.0011788606643676758,7.0398514631217495,4.277550382299523,2.762301080822226,0.6076194085496639
300234,3,234,S,1.0029296875,128,SS,0.0,1766.0825454889998,1773.1219470693409,0.5279702847550034,0.0011788606643676758,7.039401580341064,4.22376227803943,2.8156393023016335,0.6000172358166255
300235,3,235,S,0.939453125,124,SS,0.0,1773.1219470693409,1780.9879570189535,0.5224026791476363,0.0010988712310791016,7.8660099496125895,4.179221433181738,3.686788516430852,0.5313013154003917
300236,3,236,S,1.0234375,121,SS,0.0,1780.9879570189535,1786.138851729873,0.5208903349208132,0.0012155771255493164,5.1508947109196015,4.167122679366003,0.9837720315535989,0.8090094853874495
300237,3,237,S,1.056640625,118,SS,0.0,1786.138851729873,1796.3187476749843,0.5183136707035343,0.0012640953063964844,10.179895945111184,4.146509365627935,6.033386579483249,0.40732335457900865
300238,3,238,S,1.0625,123,SS,0.0,1796.3187476749843,1800.5093337367705,0.5238232577232793,0.001265406608581543,4.1905860617862345,4.1905860617862345,0.0,1.0
300239,3,239,S,1.048828125,116,SS,0.0,1800.5093337367705,1807.6516937489946,0.516008587896179,0.0012562274932861328,7.142360012224117,4.1280687031685375,3.0142913090555794,0.5779698441556246
300240,3,240,S,1.0078125,120,SS,0.0,1807.6516937489946,1816.056552256084,0.5195102735186815,0.0011959075927734375,8.40485850708933,4.156082188150322,4.248776318939008,0.4944856816619518
300241,3,241,S,0.9462890625,114,SS,0.0,1816.056552256084,1821.8953504814583,0.511939345098601,0.0011211633682250977,5.838798225374376,4.095514760789229,1.7432834645851472,0.7014311169361619
300242,3,242,S,0.990234375,135,SS,0.0,1821.8953504814583,1831.1776114440927,0.536953443005302,0.001152634620666504,9.282260962634382,4.295627544042873,4.986633418591509,0.4627781487005013
300243,3,243,S,0.943359375,122,SS,0.0,1831.1776114440927,1835.3405118947921,0.5203625563373763,0.0011067390441894531,4.162900450699453,4.162900450699453,0.0,1.0
300244,3,244,S,1.056640625,116,SS,0.0,1835.3405118947921,1845.661989377935,0.5161570678952644,0.0012667179107666016,10.321477483142871,4.129256543161318,6.192220939981553,0.4000644820380858
300245,3,245,S,1.052734375,122,SS,0.0,1845.661989377935,1851.1956675277127,0.5225487963206709,0.0012536048889160156,5.533678149777643,4.180390370565874,1.3532877792117688,0.7554451591540163
300246,3,246,S,0.970703125,129,SS,0.0,1851.1956675277127,1857.6324094442164,0.5286125873680989,0.0011342763900756836,6.436741916503706,4.228900698944926,2.20784121755878,0.6569939813964096
300247,3,247,S,1.0546875,127,SS,0.0,1857.6324094442164,1866.9226961555257,0.5279777433411054,0.0012496709823608398,9.290286711309363,4.223821946729004,5.06646476458036,0.45464925658184585
300248,3,248,S,1.037109375,139,SS,0.0,1866.9226961555257,1873.2060964283726,0.543306333419089,0.001210331916809082,6.283400272846848,4.346450667353565,1.9369496054932824,0.6917354423744677
300249,3,249,S,0.9931640625,133,SS,0.0,1873.2060964283726,1882.7163620429637,0.5343745977909272,0.0011591911315917969,9.510265614591162,4.274996782327435,5.235268832263728,0.44951392059634004
300250,3,250,S,1.041015625,120,SS,0.0,1882.7163620429637,1887.7876474961358,0.5201630735140049,0.0012404918670654297,5.071285453172095,4.161304588111307,0.9099808650607883,0.820562089540514
300251,3,251,S,0.9970703125,129,SS,0.0,1887.7876474961358,1898.1754447938272,0.529169867362888,0.0011696815490722656,10.38779729769135,4.233358938903621,6.154438358787729,0.40753191630380287
300252,3,252,S,0.9501953125,139,SS,0.0,1898.1754447938272,1902.5060605813812,0.541326973444284,0.0010936260223388672,4.330615787554052,4.330615787554052,0.0,1.0
300253,3,253,S,1.021484375,134,SS,0.0,1902.5060605813812,1913.0891599219237,0.5363181803908408,0.0011959075927734375,10.583099340542503,4.290545443127485,6.292553897415019,0.4054148321835129
300254,3,254,S,0.9677734375,116,SS,0.0,1913.0891599219237,1918.4925751616404,0.5144681079056678,0.0011473894119262695,5.403415239716651,4.115744863245709,1.2876703764709418,0.7616932404146556
300255,3,255,S,1.0009765625,119,SS,0.0,1918.4925751616404,1925.7656619119548,0.5183066921151784,0.001188039779663086,7.273086750314405,4.146453536921399,3.1266332133930064,0.5701091818741408
300256,3,256,S,0.955078125,116,SS,0.0,1925.7656619119548,1933.407259272095,0.5142268279071541,0.0011303424835205078,7.641597360140167,4.113814623256985,3.5277827368831822,0.5383448550580957
300257,3,257,S,0.9638671875,140,SS,0.0,1933.407259272095,1938.779717671316,0.5429553560474079,0.001110672950744629,5.372458399220932,4.343642848380114,1.028815550840818,0.8085019046420149
300258,3,258,S,1.04296875,120,SS,0.0,1938.779717671316,1949.1145654112934,0.5202014735137299,0.0012431144714355469,10.334847739977477,4.16161178810944,6.173235951868037,0.40267761004464586
300259,3,259,S,1.025390625,139,SS,0.0,1949.1145654112934,1953.458881038674,0.5430394534224862,0.001194596290588379,4.344315627380638,4.344315627380638,0.0,1.0
300260,3,260,S,0.9765625,133,SS,0.0,1953.458881038674,1963.6944772537488,0.5340128377948208,0.0011368989944458008,10.235596215074793,4.272102702358097,5.9634935127166955,0.4173770254893628
300261,3,261,S,1.05078125,119,SS,0.0,1963.6944772537488,1968.8459589849354,0.5192777321084597,0.0012549161911010742,5.15148173118655,4.154221856868389,0.9972598743181607,0.8064130038002756
300262,3,262,S,0.984375,116,SS,0.0,1968.8459589849354,1973.8219091056606,0.5147836279037243,0.0011696815490722656,4.9759501207252015,4.118269023229004,0.8576810974961973,0.8276347076061129
300263,3,263,S,1.060546875,139,SS,0.0,1973.8219091056606,1984.551819160382,0.5438400934122949,0.0012418031692504883,10.729910054721358,4.350720747297601,6.379189307423758,0.4054759755775588
300264,3,264,S,1.0234375,119,SS,0.0,1984.551819160382,1988.7017760572794,0.5187446121121484,0.0012181997299194336,4.149956896897493,4.149956896897493,0.0,1.0
300265,3,265,S,1.037109375,137,SS,0.0,1988.7017760572794,2000.468827544534,0.5406482882062662,0.0012129545211791992,11.767051487254548,4.325186305650277,7.441865181604271,0.3675675516789479
300266,3,266,S,1.0166015625,140,SS,0.0,2000.468827544534,2004.822147192787,0.5441649560316346,0.001181483268737793,4.353319648253091,4.353319648253091,0.0,1.0
300267,3,267,S,1.0341796875,120,SS,0.0,2004.822147192787,2012.164930324265,0.5200286735149677,0.0012313127517700195,7.342783131477972,4.16022938812057,3.1825537433574027,0.5665739153163835
300268,3,268,S,0.9462890625,117,SS,0.0,2012.164930324265,2020.5056463638775,0.515120009312974,0.0011172294616699219,8.340716039612516,4.120960074504183,4.219755965108334,0.49407749345889845
300269,3,269,S,0.998046875,131,SS,0.0,2020.5056463638775,2025.7750626303446,0.5318357525762386,0.001168370246887207,5.269416266467033,4.25468602060937,1.0147302458576632,0.8074302361885701
300270,3,270,S,0.9599609375,123,SS,0.0,2025.7750626303446,2036.5833273087223,0.5217568577395504,0.0011277198791503906,10.808264678377782,4.174054861916375,6.634209816461407,0.3861910293764994
300271,3,271,S,1.0595703125,128,SS,0.0,2036.5833273087223,2041.888385892702,0.529158124744332,0.0012549161911010742,5.305058583979644,4.233264997954393,1.071793586025251,0.7979676248511408
300272,3,272,S,1.02734375,142,SS,0.0,2041.888385892702,2052.932392773146,0.5470662012414245,0.0011932849884033203,11.044006880444158,4.376529609930913,6.6674772705132455,0.39628095647789935
300273,3,273,S,1.052734375,143,SS,0.0,2052.932392773146,2057.324300803863,0.5489885038396286,0.0012260675430297852,4.391908030716877,4.391908030716877,0.0,1.0
300274,3,274,S,1.015625,130,SS,0.0,2057.324300803863,2068.8379533812436,0.5308875299658306,0.0011932849884033203,11.513652577380526,4.247100239725114,7.266552337655412,0.36887514289504236
300275,3,275,S,1.0361328125,126,SS,0.0,2068.8379533812436,2073.050087156767,0.526516721940234,0.0012260675430297852,4.212133775523398,4.212133775523398,0.0,1.0
300276,3,276,S,1.05859375,143,SS,0.0,2073.050087156767,2082.2635687981187,0.5491257838377139,0.0012339353561401367,9.213481641351791,4.393006270700425,4.820475370651366,0.47680197798233076
300277,3,277,S,0.984375,127,SS,0.0,2082.2635687981187,2089.176543778639,0.5265147033539347,0.001155257225036621,6.9129749805201754,4.21211762683015,2.7008573536900258,0.6093060713657036
300278,3,278,S,1.025390625,121,SS,0.0,2089.176543778639,2094.269441811589,0.5209290549205264,0.0012181997299194336,5.092898032949961,4.167432439364347,0.9254655935856135,0.818283109616951
300279,3,279,S,1.005859375,143,SS,0.0,2094.269441811589,2105.0564336444168,0.5478902638549467,0.0011631250381469727,10.78699183282788,4.383122110841214,6.403869721986666,0.40633405297500347
300280,3,280,S,0.9462890625,139,SS,0.0,2105.0564336444168,2110.2207882017265,0.5412380134454164,0.0010883808135986328,5.164354557309707,4.32990410756247,0.8344504497472371,0.8384211539918104
300281,3,281,S,0.9990234375,133,SS,0.0,2110.2207882017265,2121.4746608314113,0.5345022777895531,0.0011670589447021484,11.253872629684793,4.2760182223173615,6.977854407367431,0.37995971369342996
300282,3,282,S,0.9736328125,113,SS,0.0,2121.4746608314113,2125.5657437409413,0.5113853636910966,0.0011591911315917969,4.091082909530087,4.091082909530087,0.0,1.0
300283,3,283,S,0.9462890625,120,SS,0.0,2125.5657437409413,2137.2442007126674,0.5183006735273469,0.001113295555114746,11.678456971726064,4.1464053882191365,7.532051583506927,0.3550473661253129
300284,3,284,S,1.0615234375,130,SS,0.0,2137.2442007126674,2141.4991217523175,0.5318651299563363,0.0012549161911010742,4.254921039650071,4.254921039650071,0.0,1.0
300285,3,285,S,1.01953125,113,SS,0.0,2141.4991217523175,2153.21714946256,0.5122351236865419,0.0012208223342895508,11.718027710242495,4.097880989491387,7.620146720751109,0.34970739878943197
300286,3,286,S,1.0537109375,143,SS,0.0,2153.21714946256,2157.609240533273,0.5490113838393095,0.0012273788452148438,4.392091070712922,4.392091070712922,0.0,1.0
300287,3,287,S,0.982421875,128,SS,0.0,2157.609240533273,2166.482856496188,0.5275402047588672,0.0011513233184814453,8.87361596291521,4.220321638069436,4.653294324845774,0.4756033679739
300288,3,288,S,1.005859375,115,SS,0.0,2166.482856496188,2173.6262305061273,0.5141219664967723,0.0011998414993286133,7.14337400993918,4.112975731975894,3.030398277963286,0.5757749386008857
300289,3,289,S,1.046875,135,SS,0.0,2173.6262305061273,2183.199230202847,0.5382062429909729,0.0012286901473999023,9.572999696719762,4.305649943926255,5.267349752793507,0.449770195375814
300290,3,290,S,1.0341796875,119,SS,0.0,2183.199230202847,2190.1147139705195,0.5189540521106993,0.0012326240539550781,6.915483767672413,4.15163241688424,2.7638513507881726,0.600338682926528
300291,3,291,S,0.9658203125,115,SS,0.0,2190.1147139705195,2196.563561062313,0.5133675665012215,0.001146078109741211,6.448847091793596,4.106940532008593,2.341906559785002,0.6368488000335489
300292,3,292,S,1.0419921875,132,SS,0.0,2196.563561062313,2206.9207515032576,0.5341087751731092,0.0012260675430297852,10.357190440944578,4.272870201384649,6.084320239559929,0.4125510895785906
300293,3,293,S,0.96875,115,SS,0.0,2206.9207515032576,2213.485239335335,0.513422766500896,0.0011500120162963867,6.564487832077248,4.107382132006023,2.4571057000712244,0.6256972725176482
300294,3,294,S,1.009765625,122,SS,0.0,2213.485239335335,2223.295187982556,0.5216899163272337,0.0011959075927734375,9.809948647221063,4.173519330619456,5.636429316601607,0.42543742895144715
300295,3,295,S,1.001953125,137,SS,0.0,2223.295187982556,2227.614061328284,0.5398591682158088,0.0011657476425170898,4.318873345728207,4.318873345728207,0.0,1.0
300296,3,296,S,1.0380859375,118,SS,0.0,2227.614061328284,2240.295817776205,0.517954950705927,0.001239180564880371,12.681756447920634,4.1436396056487865,8.538116842271847,0.32674019743757177
300297,3,297,S,1.015625,135,SS,0.0,2240.295817776205,2244.5959381201974,0.5375150429988785,0.0011867284774780273,4.300120343992603,4.300120343992603,0.0,1.0
300298,3,298,S,0.9775390625,131,SS,0.0,2244.5959381201974,2257.4383126692146,0.5313955925806699,0.0011408329010009766,12.842374549017222,4.251164740646345,8.591209808370877,0.33102637868256773
300299,3,299,S,1.0458984375,115,SS,0.0,2257.4383126692146,2261.557323601154,0.514876366492323,0.0012536048889160156,4.119010931939556,4.119010931939556,0.0,1.0
300300,3,300,S,1.05078125,114,SS,0.0,2261.557323601154,2274.4112780655137,0.5138910250876108,0.0012614727020263672,12.853954464359504,4.1111282007004775,8.742826263659026,0.31983372993108933
300301,3,301,S,1.0380859375,139,SS,0.0,2274.4112780655137,2278.7579066528647,0.5433285734188059,0.0012116432189941406,4.346628587351006,4.346628587351006,0.0,1.0
300302,3,302,S,1.03515625,114,SS,0.0,2278.7579066528647,2291.583894459239,0.5135991850892541,0.0012404918670654297,12.825987806374542,4.108793480714667,8.717194325659875,0.32034908677151464
300303,3,303,S,0.9638671875,128,SS,0.0,2291.583894459239,2295.8011031373385,0.5271510847623628,0.001126408576965332,4.217208678099269,4.217208678099269,0.0,1.0
300304,3,304,S,0.9658203125,119,SS,0.0,2295.8011031373385,2306.9055320036214,0.5176212521199212,0.0011408329010009766,11.104428866282888,4.140970016960637,6.963458849322251,0.37291157130414315
300305,3,305,S,0.9921875,135,SS,0.0,2306.9055320036214,2312.5216739078996,0.5369966430048079,0.001155257225036621,5.616141904278265,4.295973144038726,1.3201687602395396,0.7649331546922166
300306,3,306,S,1.0166015625,123,SS,0.0,2312.5216739078996,2322.2614938037905,0.5228982977305626,0.001203775405883789,9.739819895890832,4.18318638184428,5.556633514046553,0.4294931966461864
300307,3,307,S,0.982421875,143,SS,0.0,2322.2614938037905,2329.273002536039,0.5473411438626057,0.0011316537857055664,7.0115087322483305,4.378729150899744,2.6327795813485864,0.6245059826796576
300308,3,308,S,1.02734375,132,SS,0.0,2329.273002536039,2339.189566424612,0.5337919751764095,0.0012063980102539062,9.916563888573364,4.27033580141142,5.646228087161944,0.4306265607114207
300309,3,309,S,0.939453125,142,SS,0.0,2339.189566424612,2346.1328601838054,0.545021401269335,0.0010752677917480469,6.943293759193239,4.360171210155386,2.583122549037853,0.627968707845944
300310,3,310,S,1.03515625,124,SS,0.0,2346.1328601838054,2352.6043797154634,0.5243469991318809,0.0012273788452148438,6.471519531658032,4.194775993055373,2.276743538602659,0.6481902700803026
300311,3,311,S,0.955078125,131,SS,0.0,2352.6043797154634,2362.2947171496985,0.5309135125855233,0.001110672950744629,9.690337434235062,4.247308100682858,5.443029333552204,0.43830342642945674
300312,3,312,S,1.0205078125,123,SS,0.0,2362.2947171496985,2367.4463248986453,0.5229770177299428,0.0012090206146240234,5.151607748946844,4.183816141838179,0.9677916071086656,0.8121379471667823
300313,3,313,S,1.0263671875,125,SS,0.0,2367.4463248986453,2378.6629102744337,0.5252417805376427,0.0012142658233642578,11.216585375788327,4.20193424430181,7.0146511314865165,0.3746179522131519
300314,3,314,S,0.9931640625,115,SS,0.0,2378.6629102744337,2382.7739724064195,0.5138827664981831,0.0011827945709228516,4.111062131985818,4.111062131985818,0.0,1.0
300315,3,315,S,1.0390625,129,SS,0.0,2382.7739724064195,2394.4531682384436,0.5300573873545892,0.0012260675430297852,11.679195832024106,4.240459098837164,7.438736733186943,0.3630780029571826
300316,3,316,S,1.02734375,123,SS,0.0,2394.4531682384436,2398.6380864602756,0.5231147777288581,0.0012181997299194336,4.184918221832049,4.184918221832049,0.0,1.0
300317,3,317,S,1.0361328125,112,SS,0.0,2398.6380864602756,2407.5861651891946,0.5114675422806377,0.0012444257736206055,8.948078728918972,4.091740338244563,4.856338390674409,0.45727585353273825
300318,3,318,S,0.986328125,144,SS,0.0,2407.5861651891946,2414.23874332511,0.548753366468209,0.0011355876922607422,6.652578135915519,4.390026931745524,2.262551204169995,0.6598985899985036
300319,3,319,S,1.0048828125,133,SS,0.0,2414.23874332511,2419.622388641505,0.5346299577881789,0.0011749267578125,5.3836453163949045,4.277039662305469,1.1066056540894351,0.7944504905032524
300320,3,320,S,0.998046875,127,SS,0.0,2419.622388641505,2430.1482286798096,0.52679918335144,0.0011736154556274414,10.525840038304523,4.214393466812908,6.311446571491615,0.4003854753137358
300321,3,321,S,1.0517578125,130,SS,0.0,2430.1482286798096,2435.263403722198,0.5316571299583565,0.0012418031692504883,5.115175042388273,4.253257039665186,0.8619180027230868,0.8314978479562143
300322,3,322,S,1.0146484375,132,SS,0.0,2435.263403722198,2446.0496462941906,0.5335174151792699,0.0011893510818481445,10.786242571992716,4.268139321433409,6.518103250559307,0.3957021449263483
300323,3,323,S,0.96484375,134,SS,0.0,2446.0496462941906,2451.4001900884145,0.5350746604046474,0.001119852066040039,5.350543794223995,4.280597283235693,1.0699465109883022,0.8000303236199415
300324,3,324,S,1.0078125,123,SS,0.0,2451.4001900884145,2456.3431385778117,0.5227211777319573,0.0011919736862182617,4.942948489397168,4.181769421855279,0.7611790675418888,0.8460070807586505
300325,3,325,S,0.9677734375,117,SS,0.0,2456.3431385778117,2465.9941009694853,0.515531849310331,0.001146078109741211,9.650962391673602,4.124254794482113,5.526707597191489,0.42734129790416825
300326,3,326,S,0.951171875,123,SS,0.0,2465.9941009694853,2471.1511249427417,0.521579737740945,0.0011159181594848633,5.1570239732564005,4.172637901927374,0.9843860713290269,0.8091174141454618
300327,3,327,S,0.95703125,144,SS,0.0,2471.1511249427417,2482.1249970542217,0.5480621664780531,0.0010962486267089844,10.973872111479977,4.384497331822786,6.5893747796571915,0.3995396781812392
300328,3,328,S,1.0283203125,127,SS,0.0,2482.1249970542217,2487.486208704229,0.5274291033459162,0.0012142658233642578,5.361211650007135,4.219432826768752,1.1417788232383828,0.7870297056381157
300329,3,329,S,0.947265625,132,SS,0.0,2487.486208704229,2497.208923707495,0.5320601351944516,0.0010988712310791016,9.72271500326633,4.256481081556558,5.466233921709772,0.43778729296565827
300330,3,330,S,0.9482421875,120,SS,0.0,2497.208923707495,2503.0907760814366,0.5183390735270718,0.0011159181594848633,5.881852373941456,4.1467125882154505,1.7351397857260054,0.7050011330761639
300331,3,331,S,1.0,123,SS,0.0,2503.0907760814366,2509.026515244192,0.5225637377331969,0.001181483268737793,5.935739162755453,4.180509901863843,1.7552292608916105,0.704294745310741
300332,3,332,S,0.9423828125,119,SS,0.0,2509.026515244192,2519.282180356898,0.5171642921230829,0.0011093616485595703,10.255665112706083,4.1373143369855825,6.118350775720501,0.4034174567439538
300333,3,333,S,0.9921875,127,SS,0.0,2519.282180356898,2523.4955984637195,0.5266772633525091,0.0011657476425170898,4.2134181068213366,4.2134181068213366,0.0,1.0
300334,3,334,S,1.044921875,121,SS,0.0,2523.4955984637195,2534.4476730326137,0.5213162549176593,0.0012444257736206055,10.952074568894204,4.17053003934052,6.781544529553685,0.380798177834321
300335,3,335,S,1.0283203125,121,SS,0.0,2534.4476730326137,2539.6342595375986,0.5209871349200964,0.0012221336364746094,5.186586504984916,4.167897079361865,1.0186894256230516,0.8035915481899373
300336,3,336,S,0.96484375,128,SS,0.0,2539.6342595375986,2551.126020177267,0.527171564762179,0.0011277198791503906,11.491760639668428,4.217372518098273,7.274388121570155,0.36699098165517974
300337,3,337,S,0.9912109375,134,SS,0.0,2551.126020177267,2556.458891505727,0.5356535403982202,0.001155257225036621,5.332871328459987,4.285228323184128,1.0476430052758587,0.8035499188429895
300338,3,338,S,1.025390625,120,SS,0.0,2556.458891505727,2567.640129004372,0.5198558735162058,0.0012195110321044922,10.280723537243375,3.258333026726632,7.022390510516743,0.31693615871712333
400207,4,207,S,1.0595703125,135,SS,0.0,1555.570589101722,1567.5037059247259,0.5384870429877613,0.001245737075805664,0.7640908817554646,0.7640908817554646,0.0,1.0
400208,4,208,S,1.0458984375,133,SS,0.0,1567.5037059247259,1571.7878956669535,0.5355237177785594,0.001230001449584961,4.284189742227682,4.284189742227682,0.0,1.0
400209,4,209,S,1.0166015625,129,SS,0.0,1571.7878956669535,1583.5954640477207,0.529582667359028,0.0011959075927734375,11.80756838076718,4.236661338873091,7.570907041894088,0.35880896068101537
400210,4,210,S,1.03515625,135,SS,0.0,1583.5954640477207,1587.8990403916719,0.5379470429939376,0.0012129545211791992,4.303576343951136,4.303576343951136,0.0,1.0
400211,4,211,S,1.0302734375,118,SS,0.0,1587.8990403916719,1593.6533086565692,0.5178039107069345,0.0012286901473999023,5.754268264897291,4.14243128565613,1.6118369792411613,0.7198884540934882
400212,4,212,S,0.98046875,119,SS,0.0,1593.6533086565692,1603.24443442935,0.5179068521179451,0.0011605024337768555,9.591125772780742,4.143254816943227,5.447870955837516,0.4319883729083847
400213,4,213,S,0.9951171875,130,SS,0.0,1603.24443442935,1608.2026033622901,0.5304507299700728,0.0011657476425170898,4.958168932940225,4.243605839759766,0.714563093180459,0.8558816565459946
400214,4,214,S,0.9951171875,126,SS,0.0,1608.2026033622901,1619.6037162715893,0.5256700019474738,0.0011709928512573242,11.401112909299172,4.205360015579572,7.1957528937196,0.36885522045391933
400215,4,215,S,1.03125,138,SS,0.0,1619.6037162715893,1624.234717723972,0.5418448308143221,0.001203775405883789,4.631001452382634,4.3347586465151835,0.29624280586745044,0.936030508970142
400216,4,216,S,0.9765625,124,SS,0.0,1624.234717723972,1635.9873991592606,0.5231565991415269,0.0011487007141113281,11.75268143528865,4.18525279313144,7.567428642157211,0.3561104600831588
400217,4,217,S,0.9609375,132,SS,0.0,1635.9873991592606,1640.246245680791,0.5323558151913713,0.0011172294616699219,4.258846521530359,4.258846521530359,0.0,1.0
400218,4,218,S,1.04296875,112,SS,0.0,1640.246245680791,1652.2449030611624,0.51159298228,0.0012536048889160156,11.99865738037147,4.092743858240283,7.905913522131186,0.3411001521666564
400219,4,219,S,0.98828125,112,SS,0.0,1652.2449030611624,1656.3296187594424,0.5105894622851016,0.0011801719665527344,4.084715698279979,4.084715698279979,0.0,1.0
400220,4,220,S,0.9375,118,SS,0.0,1656.3296187594424,1668.6829222587344,0.5160103107188984,0.001104116439819336,12.353303499291997,4.1280824857512926,8.225221013540704,0.33416830453391555
400221,4,221,S,1.0546875,113,SS,0.0,1668.6829222587344,1672.7860102881982,0.5128860036830534,0.0012680292129516602,4.103088029463834,4.103088029463834,0.0,1.0
400222,4,222,S,0.9599609375,141,SS,0.0,1672.7860102881982,1683.4624076937928,0.5441821386556994,0.001104116439819336,10.676397405594571,4.353457109245937,6.322940296348634,0.4077646179566779
400223,4,223,S,0.970703125,113,SS,0.0,1683.4624076937928,1688.7052780057854,0.5113311236913873,0.001155257225036621,5.242870311992647,4.0906489895314735,1.1522213224611733,0.7802308174921743
400224,4,224,S,0.990234375,128,SS,0.0,1688.7052780057854,1696.7622122908647,0.5277040447573952,0.001161813735961914,8.056934285079251,4.221632358059651,3.8353019270196,0.5239750268135798
400225,4,225,S,0.9423828125,119,SS,0.0,1696.7622122908647,1704.3276963453175,0.5171642921230829,0.0011093616485595703,7.5654840544527815,4.1373143369837635,3.428169717469018,0.5468671015899748
400226,4,226,S,0.9443359375,132,SS,0.0,1704.3276963453175,1710.845513060638,0.5319967751951118,0.0010949373245239258,6.517816715320578,4.255974201560093,2.2618425137604845,0.6529754344819382
400227,4,227,S,0.9716796875,143,SS,0.0,1710.845513060638,1718.7576972749703,0.547089463866116,0.0011172294616699219,7.912184214332228,4.376715710928693,3.5354685034035356,0.5531615028629713
400228,4,228,S,0.9716796875,142,SS,0.0,1718.7576972749703,1723.8913061801773,0.5457711612591011,0.0011185407638549805,5.133608905206984,4.3661692900732305,0.7674396151337533,0.8505068014909853
400229,4,229,S,1.0107421875,120,SS,0.0,1723.8913061801773,1731.7416713447103,0.5195678735182688,0.0011998414993286133,7.850365164533059,4.156542988146612,3.6938221763864476,0.5294712922304988
400230,4,230,S,0.974609375,141,SS,0.0,1731.7416713447103,1739.1769832471866,0.5445205386511828,0.0011237859725952148,7.435311902476315,4.356164309208907,3.0791475932674075,0.5858751275461754
400231,4,231,S,0.9931640625,127,SS,0.0,1739.1769832471866,1746.8486236294036,0.5266975833523309,0.0011670589447021484,7.671640382216992,4.213580666819325,3.458059715397667,0.5492411605458574
400232,4,232,S,0.96484375,125,SS,0.0,1746.8486236294036,1753.165968852422,0.5239817805481369,0.0011316537857055664,6.317345223018492,4.191854244385468,2.1254909786330245,0.6635468058816258
400233,4,233,S,0.9404296875,123,SS,0.0,1753.165968852422,1759.149771935523,0.5213632577426496,0.0011014938354492188,5.983803083100838,4.170906061941423,1.812897021159415,0.6970326402820124
400234,4,234,S,0.939453125,139,SS,0.0,1759.149771935523,1766.227579855776,0.541082333447398,0.0010792016983032227,7.077807920253008,4.328658667578566,2.7491492526744423,0.611581822557263
400235,4,235,S,0.9736328125,125,SS,0.0,1766.227579855776,1773.1721183195805,0.5241617805466379,0.0011434555053710938,6.94453846380452,4.193294244372737,2.7512442194317828,0.6038261961149062
400236,4,236,S,1.0302734375,142,SS,0.0,1773.1721183195805,1781.1349757549617,0.5471343612404941,0.001197218894958496,7.962857435381238,4.377074889924188,3.58578254545705,0.5496864568333976
400237,4,237,S,1.0615234375,118,SS,0.0,1781.1349757549617,1786.1954856215805,0.5184080707029046,0.0012706518173217773,5.060509866618759,4.147264565623118,0.9132453009956407,0.8195349233444265
400238,4,238,S,1.0361328125,129,SS,0.0,1786.1954856215805,1794.5013137232304,0.5299954673551682,0.0012221336364746094,8.305828101649922,4.239963738840743,4.0658643628091795,0.5104805549730183
400239,4,239,S,0.9443359375,141,SS,0.0,1794.5013137232304,1800.2881656421214,0.543821178660517,0.0010831356048583984,5.786851918890989,4.350569429283496,1.4362824896074926,0.7518024463493189
400240,4,240,S,1.04296875,142,SS,0.0,1800.2881656421214,1807.7052890022844,0.5474297212364626,0.0012142658233642578,7.417123360163032,4.37943776989232,3.037685590270712,0.5904496335350229
400241,4,241,S,1.009765625,117,SS,0.0,1807.7052890022844,1816.0500999717785,0.5163368093051655,0.0012024641036987305,8.34481096949412,4.130694474441043,4.2141164950530765,0.49500156319196464
400242,4,242,S,1.0400390625,136,SS,0.0,1816.0500999717785,1822.2395806670138,0.5393845455990867,0.0012181997299194336,6.189480695235261,4.315076364791821,1.87440433044344,0.6971629086933934
400243,4,243,S,0.9912109375,122,SS,0.0,1822.2395806670138,1831.6382884981272,0.5213190363300677,0.0011709928512573242,9.39870783111337,4.1705522906413535,5.228155540472017,0.44373677377598725
400244,4,244,S,1.0166015625,120,SS,0.0,1831.6382884981272,1836.9528502961307,0.5196830735174436,0.0012077093124389648,5.314561798003524,4.157464588139192,1.1570972098643324,0.7822779649868764
400245,4,245,S,0.951171875,114,SS,0.0,1836.9528502961307,1847.503061724843,0.5120305450980875,0.0011277198791503906,10.550211428712373,4.096244360784112,6.453967067928261,0.38826182664322667
400246,4,246,S,1.021484375,144,SS,0.0,1847.503061724843,1851.8997241764937,0.5495828064563961,0.0011827945709228516,4.396662451650627,4.396662451650627,0.0,1.0
400247,4,247,S,1.033203125,140,SS,0.0,1851.8997241764937,1860.6431223686582,0.5445457560266689,0.001203775405883789,8.743398192164477,4.356366048214113,4.387032143950364,0.49824632854055917
400248,4,248,S,0.9716796875,114,SS,0.0,1860.6431223686582,1867.436136896138,0.5124135850959305,0.001155257225036621,6.793014527479727,4.099308680766626,2.693705846713101,0.6034594308879696
400249,4,249,S,0.9814453125,132,SS,0.0,1867.436136896138,1873.6990418224254,0.5327993351867508,0.0011447668075561523,6.262904926287547,4.262394681494698,2.0005102447928493,0.6805778998183374
400250,4,250,S,1.0244140625,133,SS,0.0,1873.6990418224254,1882.8904271829451,0.5350555577835981,0.0012011528015136719,9.19138536051969,4.280444462268861,4.9109408982508285,0.4657017733860786
400251,4,251,S,0.943359375,124,SS,0.0,1882.8904271829451,1887.9934515296295,0.5224820391469931,0.001104116439819336,5.1030243466843785,4.17985631317606,0.9231680335083183,0.8190939390465314
400252,4,252,S,1.0234375,126,SS,0.0,1887.9934515296295,1898.2921161931142,0.526254641942475,0.0012090206146240234,10.298664663484715,4.210037135539096,6.088627527945619,0.4087944673513201
400253,4,253,S,0.9609375,126,SS,0.0,1898.2921161931142,1902.4918314087415,0.524964401953507,0.0011250972747802734,4.199715215627293,4.199715215627293,0.0,1.0
400254,4,254,S,0.9658203125,116,SS,0.0,1902.4918314087415,1913.054684228462,0.5144309879058965,0.0011447668075561523,10.562852819720547,4.115447903246604,6.447404916473943,0.3896151895218288
400255,4,255,S,0.9970703125,138,SS,0.0,1913.054684228462,1918.6970142110015,0.541072030823915,0.0011578798294067383,5.642329982539422,4.328576246591183,1.3137537359482394,0.7671611302398582
400256,4,256,S,0.9677734375,112,SS,0.0,1918.6970142110015,1926.429382906423,0.5102131422870148,0.001152634620666504,7.732368695421428,4.081705138296456,3.6506635571249717,0.5278725445041645
400257,4,257,S,0.98828125,129,SS,0.0,1926.429382906423,1934.2983212144677,0.5289841073646251,0.0011578798294067383,7.86893830804479,4.2318728589161765,3.637065449128613,0.5377946418247722
400258,4,258,S,1.00390625,122,SS,0.0,1934.2983212144677,1940.5821990947509,0.5215727963281286,0.001188039779663086,6.283877880283171,4.172582370625605,2.111295509657566,0.6640139178576104
400259,4,259,S,1.04296875,119,SS,0.0,1940.5821990947509,1949.6621903891705,0.5191254121095137,0.0012444257736206055,9.079991294419642,4.1530032968767046,4.926987997542938,0.45737965623701055
400260,4,260,S,1.03515625,122,SS,0.0,1949.6621903891705,1953.8397698797567,0.5221974363233556,0.001230001449584961,4.17757949058614,4.17757949058614,0.0,1.0
400261,4,261,S,0.994140625,131,SS,0.0,1953.8397698797567,1962.0154452754864,0.5317519125770827,0.0011631250381469727,8.17567539572974,4.254015300617539,3.921660095112202,0.5203258562392857
400262,4,262,S,0.9677734375,127,SS,0.0,1962.0154452754864,1968.7745368227763,0.5261692633569637,0.001132965087890625,6.759091547289927,4.209354106855244,2.549737440434683,0.6227692105373235
400263,4,263,S,0.9462890625,140,SS,0.0,1968.7745368227763,1973.9321209065645,0.5425521560526656,0.0010870695114135742,5.1575840837881515,4.340417248420636,0.8171668353675159,0.8415601525652061
400264,4,264,S,0.9931640625,144,SS,0.0,1973.9321209065645,1984.584705873573,0.548914646465912,0.0011447668075561523,10.652584967008579,4.391317171726769,6.26126779528181,0.41223019439195546
400265,4,265,S,0.958984375,142,SS,0.0,1984.584705873573,1988.9485122836782,0.5454758012631326,0.0011014938354492188,4.363806410105099,4.363806410105099,0.0,1.0
400266,4,266,S,1.046875,143,SS,0.0,1988.9485122836782,2000.3193127866152,0.5488512238415434,0.0012181997299194336,11.370800502937072,4.39080979073151,6.979990712205563,0.386147816910284
400267,4,267,S,0.9560546875,118,SS,0.0,2000.3193127866152,2004.4502650323475,0.5163690307165055,0.0011290311813354492,4.13095224573226,4.13095224573226,0.0,1.0
400268,4,268,S,0.9404296875,118,SS,0.0,2004.4502650323475,2011.908169209722,0.5160669507185205,0.0011080503463745117,7.45790417737453,4.128535605748766,3.329368571625764,0.5535785265616231
400269,4,269,S,1.0498046875,137,SS,0.0,2011.908169209722,2020.4683544619966,0.5409332482028204,0.001230001449584961,8.56018525227455,4.327465985623348,4.232719266651202,0.5055341511999971
400270,4,270,S,1.0029296875,117,SS,0.0,2020.4683544619966,2025.3462770375327,0.5162057693060065,0.0011932849884033203,4.877922575536104,4.1296461544479826,0.7482764210881214,0.8465993648933875
400271,4,271,S,0.955078125,118,SS,0.0,2025.3462770375327,2036.5020034486556,0.5163501507166316,0.0011277198791503906,11.155726411122941,4.130801205732496,7.024925205390446,0.37028527354470026
400272,4,272,S,1.0146484375,143,SS,0.0,2036.5020034486556,2041.935902130597,0.5480961838520746,0.0011749267578125,5.4338986819414,4.384769470816536,1.049129211124864,0.8069288235698139
400273,4,273,S,0.947265625,136,SS,0.0,2041.935902130597,2052.973982750329,0.5373173456234126,0.0010936260223388672,11.038080619732,4.298538764986915,6.7395418547450845,0.38942810014475887
400274,4,274,S,0.998046875,123,SS,0.0,2052.973982750329,2057.1541777721977,0.5225243777335069,0.0011788606643676758,4.1801950218687125,4.1801950218687125,0.0,1.0
400275,4,275,S,0.966796875,130,SS,0.0,2057.1541777721977,2068.746499095594,0.529847529975931,0.0011277198791503906,11.59232132339639,4.238780239807966,7.353541083588425,0.36565413617831477
400276,4,276,S,1.0537109375,122,SS,0.0,2068.746499095594,2072.9270456261565,0.5225683163205216,0.0012549161911010742,4.180546530562424,4.180546530562424,0.0,1.0
400277,4,277,S,0.9443359375,142,SS,0.0,2072.9270456261565,2082.1486090681383,0.5451350012677844,0.0010818243026733398,9.221563441981743,4.36108001014145,4.860483431840294,0.4729219765801709
400278,4,278,S,0.9443359375,130,SS,0.0,2082.1486090681383,2088.820806113805,0.5293691299805772,0.001097559928894043,6.672197045666508,4.234953039846005,2.437244005820503,0.6347164226207234
400279,4,279,S,1.041015625,142,SS,0.0,2088.820806113805,2093.900013464085,0.5473842812370828,0.0012116432189941406,5.079207350280285,4.379074249896803,0.7001331003834821,0.8621570154357162
400280,4,280,S,1.0126953125,114,SS,0.0,2093.900013464085,2104.7874637471036,0.5131796650916165,0.001210331916809082,10.887450283018552,4.105437320733472,6.78201296228508,0.3770797766247284
400281,4,281,S,0.9462890625,122,SS,0.0,2104.7874637471036,2109.4206398423303,0.5204211163369289,0.001110672950744629,4.633176095226645,4.16336893069456,0.46980716453208515,0.8985993290831086
400282,4,282,S,1.0380859375,119,SS,0.0,2109.4206398423303,2120.855976853653,0.5190302121101723,0.0012378692626953125,11.435337011322645,4.152241696880083,7.283095314442562,0.36310619378937065
400283,4,283,S,0.947265625,141,SS,0.0,2120.855976853653,2125.2070877229294,0.5438888586596137,0.0010870695114135742,4.351110869276454,4.351110869276454,0.0,1.0
400284,4,284,S,1.0625,122,SS,0.0,2125.2070877229294,2137.17811365582,0.5227439963191792,0.0012667179107666016,11.971025932890825,4.1819519705532,7.789073962337625,0.34933947967342854
400285,4,285,S,1.0322265625,137,SS,0.0,2137.17811365582,2141.5024231614807,0.5405386882075917,0.0012063980102539062,4.324309505660494,4.324309505660494,0.0,1.0
400286,4,286,S,0.962890625,129,SS,0.0,2141.5024231614807,2153.2837158101493,0.5284474673696431,0.0011237859725952148,11.781292648668568,4.227579738955683,7.5537129097128854,0.35883836052858353
400287,4,287,S,0.9990234375,112,SS,0.0,2153.2837158101493,2157.3700084684233,0.5107865822840995,0.001194596290588379,4.086292658274033,4.086292658274033,0.0,1.0
400288,4,288,S,0.9873046875,113,SS,0.0,2157.3700084684233,2166.375984838367,0.51163848368974,0.0011775493621826172,9.00597636994371,4.093107869517553,4.912868500426157,0.45448796458957796
400289,4,289,S,0.9873046875,120,SS,0.0,2166.375984838367,2173.5528717034103,0.51910707352157,0.001168370246887207,7.176886865043343,4.152856588170835,3.0240302768725087,0.5786431730446059
400290,4,290,S,0.95703125,135,SS,0.0,2173.5528717034103,2183.1292847671293,0.5362190430137018,0.0011080503463745117,9.576413063718974,4.289752344109729,5.2866607196092446,0.4479498028715791
400291,4,291,S,0.962890625,124,SS,0.0,2183.1292847671293,2190.0473147666626,0.5228788391437778,0.0011303424835205078,6.918029999533246,4.183030713149492,2.7349992863837542,0.604656341968988
400292,4,292,S,1.0078125,114,SS,0.0,2190.0473147666626,2196.5506934599275,0.51308846509213,0.001203775405883789,6.503378693264949,4.104707720736769,2.39867097252818,0.6311654163685255
400293,4,293,S,0.939453125,120,SS,0.0,2196.5506934599275,2206.8036304766183,0.5181662735283097,0.001104116439819336,10.252937016690794,4.1453301882247615,6.107606828466032,0.40430660809449653
400294,4,294,S,1.0244140625,137,SS,0.0,2206.8036304766183,2213.5210705258587,0.5403633282097121,0.0011959075927734375,6.717440049240395,4.322906625679025,2.39453342356137,0.6435348278497636
400295,4,295,S,1.0048828125,134,SS,0.0,2213.5210705258587,2223.370644061288,0.5359537003948877,0.0011736154556274414,9.8495735354295,4.2876296031608945,5.561943932268605,0.4353111926864688
400296,4,296,S,0.9423828125,135,SS,0.0,2223.370644061288,2227.6578044054263,0.5358950430174076,0.0010883808135986328,4.287160344138101,4.287160344138101,0.0,1.0
400297,4,297,S,1.025390625,127,SS,0.0,2227.6578044054263,2240.3402565355736,0.5273681433464509,0.001210331916809082,12.68245213014734,4.218945146771148,8.463506983376192,0.332660048977621
400298,4,298,S,0.9560546875,117,SS,0.0,2240.3402565355736,2244.462714210067,0.5153072093117727,0.0011303424835205078,4.122457674493489,4.122457674493489,0.0,1.0
400299,4,299,S,0.99609375,124,SS,0.0,2244.462714210067,2257.0131182278496,0.5235533991383117,0.0011749267578125,12.550404017782512,4.1884271931048715,8.36197682467764,0.3337284749694385
400300,4,300,S,0.9521484375,136,SS,0.0,2257.0131182278496,2261.3125273928276,0.5374261456221322,0.0011001825332641602,4.2994091649779875,4.2994091649779875,0.0,1.0
400301,4,301,S,1.0068359375,118,SS,0.0,2261.3125273928276,2274.062366452693,0.5173507907099569,0.001197218894958496,12.74983905986528,4.138806325678161,8.61103273418712,0.32461635839047936
400302,4,302,S,1.001953125,123,SS,0.0,2274.062366452693,2278.2431912345555,0.5226030977328869,0.0011841058731079102,4.180824781862611,4.180824781862611,0.0,1.0
400303,4,303,S,1.0419921875,119,SS,0.0,2278.2431912345555,2289.621005936268,0.5191063721096454,0.0012431144714355469,11.377814701712396,4.152850976875925,7.224963724836471,0.364995483381436
400304,4,304,S,1.0146484375,139,SS,0.0,2289.621005936268,2295.4447151199797,0.5427948134256001,0.0011801719665527344,5.823709183711799,4.342358507405152,1.481350676306647,0.7456345037884441
400305,4,305,S,1.021484375,141,SS,0.0,2295.4447151199797,2306.842581920115,0.5456034186367296,0.0011867284774780273,11.397866800135489,4.364827349094412,7.033039451041077,0.38295125093429994
400306,4,306,S,1.03125,122,SS,0.0,2306.842581920115,2312.3062421212953,0.5221193563239521,0.0012247562408447266,5.463660201180119,4.176954850590846,1.2867053505892727,0.7644975523347239
400307,4,307,S,1.037109375,132,SS,0.0,2312.3062421212953,2322.181266484045,0.5340031751742094,0.0012195110321044922,9.875024362749627,4.272025401394785,5.602998961354842,0.43260909993393387
400308,4,308,S,1.029296875,130,SS,0.0,2322.181266484045,2329.0708937854856,0.5311787299630026,0.0012116432189941406,6.889627301440669,4.249429839703225,2.6401974617374435,0.6167866059771681
400309,4,309,S,0.9951171875,122,SS,0.0,2329.0708937854856,2335.700017787689,0.521397116329471,0.0011762380599975586,6.629124002203298,4.171176930634829,2.4579470715684693,0.6292199284925836
400310,4,310,S,1.056640625,127,SS,0.0,2335.700017787689,2345.602461004324,0.528018383340749,0.001252293586730957,9.90244321663522,4.224147066724981,5.6782961499102385,0.42657624732740623
400311,4,311,S,0.994140625,141,SS,0.0,2345.602461004324,2350.833175584203,0.5449717386451606,0.0011500120162963867,5.230714579879077,4.35977390916014,0.8709406707189373,0.8334948968408306
400312,4,312,S,0.98046875,143,SS,0.0,2350.833175584203,2362.2262848927594,0.547295383863244,0.0011290311813354492,11.393109308556177,4.378363070907653,7.014746237648524,0.3842992244109798
400313,4,313,S,1.025390625,137,SS,0.0,2362.2262848927594,2367.487271003347,0.5403852482094471,0.001197218894958496,5.26098611058751,4.323081985676254,0.9379041249112561,0.8217246529079855
400314,4,314,S,0.9599609375,126,SS,0.0,2367.487271003347,2378.6782072494816,0.5249442419536795,0.0011237859725952148,11.190936246134697,4.199553935628501,6.9913823105061965,0.3752638602582522
400315,4,315,S,1.013671875,142,SS,0.0,2378.6782072494816,2384.0985364955695,0.5467481212457661,0.0011749267578125,5.420329246087931,4.373984969966841,1.04634427612109,0.8069592770815023
400316,4,316,S,0.9921875,120,SS,0.0,2384.0985364955695,2394.649690748897,0.5192030735208821,0.0011749267578125,10.55115425332724,4.153624588165258,6.397529665161983,0.39366542166279467
400317,4,317,S,1.05859375,133,SS,0.0,2394.649690748897,2398.936093611103,0.535800357775582,0.0012470483779907227,4.28640286220616,4.28640286220616,0.0,1.0
400318,4,318,S,1.037109375,124,SS,0.0,2398.936093611103,2407.6907181227375,0.5243866791315595,0.001230001449584961,8.754624511634574,4.195093433052534,4.55953107858204,0.47918599221216274
400319,4,319,S,0.986328125,129,SS,0.0,2407.6907181227375,2414.6367875946426,0.528942827365011,0.001155257225036621,6.946069471905048,4.231542618919775,2.714526852985273,0.6091995820132822
400320,4,320,S,1.0595703125,119,SS,0.0,2414.6367875946426,2419.6777128792696,0.5194490921072741,0.0012667179107666016,5.040925284627065,4.155592736857216,0.885332547769849,0.8243710236154894
400321,4,321,S,1.0478515625,142,SS,0.0,2419.6777128792696,2430.2879846159562,0.547543321234912,0.0012208223342895508,10.610271736686627,4.380346569880203,6.229925166806424,0.41284018718714705
400322,4,322,S,0.9853515625,112,SS,0.0,2430.2879846159562,2435.252360396363,0.5105357022853749,0.0011762380599975586,4.964375780406954,4.084285618282593,0.8800901621243611,0.8227188671740285
400323,4,323,S,1.048828125,143,SS,0.0,2435.252360396363,2446.0818105308213,0.5488969838409051,0.0012208223342895508,10.829450134458057,4.391175870729057,6.438274263728999,0.40548465676542933
400324,4,324,S,0.9521484375,133,SS,0.0,2446.0818105308213,2451.4137871111757,0.5334808378005468,0.001104116439819336,5.3319765803544215,4.2678467024052225,1.064129877949199,0.8004248777329653
400325,4,325,S,1.029296875,144,SS,0.0,2451.4137871111757,2457.983104191812,0.5497671264537712,0.0011932849884033203,6.5693170806362104,4.398137011630752,2.171180069005459,0.6694968377450904
400326,4,326,S,0.9658203125,127,SS,0.0,2457.983104191812,2467.5321857926124,0.52612862335732,0.0011303424835205078,9.549081600800491,4.209028986857447,5.340052613943044,0.44077840810414776
400327,4,327,S,1.0009765625,131,SS,0.0,2467.5321857926124,2471.787374853217,0.5318986325756055,0.0011723041534423828,4.255189060604607,4.255189060604607,0.0,1.0
400328,4,328,S,0.9736328125,119,SS,0.0,2471.787374853217,2482.5918339947993,0.5177735721188671,0.0011513233184814453,10.804459141582356,4.1421885769523215,6.662270564630035,0.38337768903309316
400329,4,329,S,0.9462890625,130,SS,0.0,2482.5918339947993,2487.7679582483497,0.5294107299801734,0.0011001825332641602,5.17612425355037,4.235285839840799,0.9408384137095709,0.8182349635319829
400330,4,330,S,1.0361328125,131,SS,0.0,2487.7679582483497,2498.3590370428456,0.532653192568009,0.0012195110321044922,10.591078794495843,4.261225540543819,6.329853253952024,0.4023410290138118
400331,4,331,S,0.955078125,129,SS,0.0,2498.3590370428456,2503.62790741538,0.5282823473711871,0.001113295555114746,5.268870372534366,4.226258778970077,1.0426115935642883,0.8021185719430056
400332,4,332,S,0.96875,130,SS,0.0,2503.62790741538,2513.5335511102576,0.5298891299755271,0.0011303424835205078,9.905643694877654,4.23911303980276,5.666530655074894,0.4279492752192232
400333,4,333,S,0.9775390625,118,SS,0.0,2513.5335511102576,2519.92037203664,0.516784390713735,0.0011578798294067383,6.38682092638237,4.134275125710701,2.252545800671669,0.6473134558435854
400334,4,334,S,1.0400390625,125,SS,0.0,2519.92037203664,2524.1245462809215,0.5255217805353107,0.0012326240539550781,4.204174244281603,4.204174244281603,0.0,1.0
400335,4,335,S,1.0029296875,116,SS,0.0,2524.1245462809215,2535.0345356281628,0.5151362679015522,0.001194596290588379,10.909989347241208,4.121090143213223,6.7888992040279845,0.37773548736372664
400336,4,336,S,1.0048828125,112,SS,0.0,2535.0345356281628,2540.1305343537933,0.5108941022835529,0.0012024641036987305,5.095998725630579,4.087152818268805,1.0088459073617742,0.8020317583111366
400337,4,337,S,1.041015625,127,SS,0.0,2540.1305343537933,2551.6160050359126,0.5276932633435999,0.0012313127517700195,11.485470682119285,4.221546106749884,7.263924575369401,0.3675553421874156
400338,4,338,S,1.0048828125,118,SS,0.0,2551.6160050359126,2556.814201129228,0.5173130307102088,0.001194596290588379,5.198196093315346,4.13850424568227,1.0596918476330757,0.7961423869723204
400339,4,339,S,0.9775390625,132,SS,0.0,2556.814201129228,2568.122303044331,0.532714855187631,0.001139521598815918,9.925413913742432,2.879030840141695,7.046383073600737,0.2900665770880824
500207,5,207,S,0.9541015625,132,SS,0.0,1557.8447866038673,1568.5847664391833,0.5322079751929115,0.0011080503463745117,1.845151396212941,1.845151396212941,0.0,1.0
500208,5,208,S,1.013671875,115,SS,0.0,1568.5847664391833,1572.6989197711512,0.5142691664959043,0.001210331916809082,4.114153331967827,4.114153331967827,0.0,1.0
500209,5,209,S,1.0,116,SS,0.0,1572.6989197711512,1584.5481019610531,0.5150805879018951,0.0011906623840332031,11.849182189901967,4.120644703214566,7.728537486687401,0.3477577302108018
500210,5,210,S,1.0478515625,116,SS,0.0,1584.5481019610531,1588.676022184224,0.5159900278962933,0.0012549161911010742,4.127920223170804,4.127920223170804,0.0,1.0
500211,5,211,S,1.0322265625,124,SS,0.0,1588.676022184224,1600.6822616307359,0.5242874791323633,0.001223444938659668,12.006239446511927,4.194299833059631,7.811939613452296,0.34934334366271247
500212,5,212,S,1.0556640625,121,SS,0.0,1600.6822616307359,1604.8544953500636,0.5215292149160825,0.00125885009765625,4.172233719327778,4.172233719327778,0.0,1.0
500213,5,213,S,1.0390625,132,SS,0.0,1604.8544953500636,1615.7043058716288,0.5340454151737692,0.0012221336364746094,10.849810521565132,4.272363321390003,6.577447200175129,0.39377308137300965
500214,5,214,S,0.96875,119,SS,0.0,1615.7043058716288,1621.2535817262421,0.5176783721195258,0.0011447668075561523,5.54927585461337,4.1414269769556995,1.4078488776576705,0.7463004336886118
500215,5,215,S,1.0595703125,125,SS,0.0,1621.2535817262421,1629.0738271010957,0.5259217805319794,0.00125885009765625,7.8202453748535845,4.207374244255334,3.6128711305982506,0.5380105153457678
500216,5,216,S,0.9931640625,128,SS,0.0,1629.0738271010957,1637.5763590727104,0.5277654847568432,0.0011657476425170898,8.502531971614644,4.222123878054845,4.2804080935597995,0.49657253770409016
500217,5,217,S,0.9501953125,131,SS,0.0,1637.5763590727104,1644.043129568013,0.5308087125865784,0.001104116439819336,6.466770495302626,4.246469700692614,2.2203007946100115,0.6566600289552864
500218,5,218,S,1.052734375,126,SS,0.0,1644.043129568013,1653.854496097978,0.5268594419373036,0.0012483596801757812,9.811366529964971,4.214875535499232,5.596490994465739,0.42959107914545314
500219,5,219,S,1.029296875,134,SS,0.0,1653.854496097978,1659.1310729353952,0.5364897003889365,0.0012063980102539062,5.276576837417224,4.2919176031118695,0.9846592343053544,0.8133905248336486
500220,5,220,S,0.9423828125,139,SS,0.0,1659.1310729353952,1670.5210186334266,0.5411490534465487,0.0010831356048583984,11.389945698031397,4.329192427572707,7.06075327045869,0.38008894356019196
500221,5,221,S,1.0126953125,119,SS,0.0,1670.5210186334266,1675.7154987491012,0.5185351721135976,0.001203775405883789,5.194480115674651,4.148281376908926,1.0461987387657246,0.7985941392654949
500222,5,222,S,0.99609375,117,SS,0.0,1675.7154987491012,1686.510422354485,0.5160747293068473,0.0011841058731079102,10.794923605383701,4.128597834454922,6.666325770928779,0.38245734619149
500223,5,223,S,0.9658203125,121,SS,0.0,1686.510422354485,1690.6684071139198,0.5197480949292708,0.0011382102966308594,4.157984759434839,4.157984759434839,0.0,1.0
500224,5,224,S,0.9423828125,122,SS,0.0,1690.6684071139198,1700.8753461997785,0.5203430363375255,0.0011054277420043945,10.206939085858721,4.1627442907010845,6.044194795157637,0.40783473435913703
500225,5,225,S,1.001953125,133,SS,0.0,1700.8753461997785,1706.1455730672508,0.5345661177888659,0.0011709928512573242,5.2702268674722745,4.2765289423114154,0.9936979251608591,0.811450635779279
500226,5,226,S,0.9814453125,130,SS,0.0,1706.1455730672508,1713.953330712726,0.530159529972901,0.0011473894119262695,7.807757645475249,4.241276239783474,3.566481405691775,0.5432131006578282
500227,5,227,S,0.9541015625,123,SS,0.0,1713.953330712726,1721.2658758721368,0.5216387777404802,0.001119852066040039,7.312545159410774,4.173110221923707,3.139434937487067,0.5706782154436589
500228,5,228,S,1.0576171875,115,SS,0.0,1721.2658758721368,1727.6949590784927,0.5150971664910209,0.0012693405151367188,6.4290832063559264,4.1207773319274565,2.30830587442847,0.6409587805386575
500229,5,229,S,0.9580078125,121,SS,0.0,1727.6949590784927,1735.5868692667595,0.5195932149304177,0.0011277198791503906,7.89191018826682,4.156745719443279,3.735164468823541,0.5267097090921358
500230,5,230,S,0.990234375,128,SS,0.0,1735.5868692667595,1740.713251980787,0.5277040447573952,0.001161813735961914,5.126382714027386,4.221632358059651,0.9047503559677352,0.8235109615417406
500231,5,231,S,0.96484375,139,SS,0.0,1740.713251980787,1748.8719803976774,0.5416605734400376,0.001113295555114746,8.158728416890426,4.333284587521121,3.8254438293693056,0.5311225433794603
500232,5,232,S,0.9833984375,139,SS,0.0,1748.8719803976774,1756.1396736855781,0.542083133434659,0.0011382102966308594,7.267693287900784,4.336665067477952,2.9310282204228315,0.5967044694494206
500233,5,233,S,0.994140625,135,SS,0.0,1756.1396736855781,1764.0724644937195,0.5370398430043138,0.0011578798294067383,7.9327908081413625,4.296318744034579,3.6364720641067834,0.5415898197675023
500234,5,234,S,0.990234375,133,SS,0.0,1764.0724644937195,1770.4780877386615,0.5343107577916144,0.001155257225036621,6.405623244942035,4.274486062333381,2.1311371826086543,0.6673021342159908
500235,5,235,S,1.015625,144,SS,0.0,1770.4780877386615,1779.423466213288,0.549444566458365,0.0011749267578125,8.945378474626523,4.395556531666443,4.5498219429600795,0.4913773681163291
500236,5,236,S,1.052734375,143,SS,0.0,1779.423466213288,1783.815374244005,0.5489885038396286,0.0012260675430297852,4.391908030716877,4.391908030716877,0.0,1.0
500237,5,237,S,0.9765625,122,SS,0.0,1783.815374244005,1790.6920849678759,0.5210262363323049,0.0011513233184814453,6.876710723870929,4.168209890658545,2.7085008332123834,0.6061342490661353
500238,5,238,S,1.0185546875,128,SS,0.0,1790.6920849678759,1799.0032928339,0.5282979647520596,0.0011998414993286133,8.311207866024233,4.226383718016223,4.0848241480080105,0.5085161851496279
500239,5,239,S,1.0234375,119,SS,0.0,1799.0032928339,1805.1942017324352,0.5187446121121484,0.0012181997299194336,6.190908898535099,4.149956896897493,2.0409520016376064,0.6703307971272944
500240,5,240,S,1.046875,134,SS,0.0,1805.1942017324352,1814.5585098101099,0.5368756203846516,0.001230001449584961,9.36430807767465,4.2950049630780995,5.069303114596551,0.458656948004282
500241,5,241,S,0.974609375,134,SS,0.0,1814.5585098101099,1819.9887655830469,0.5352890604022669,0.001132965087890625,5.4302557729370164,4.282312483217538,1.1479432897194783,0.7886023536054177
500242,5,242,S,0.939453125,144,SS,0.0,1819.9887655830469,1830.5269422097585,0.5476474464839596,0.0010726451873779297,10.538176626711675,4.381179571872053,6.156997054839621,0.4157436079375293
500243,5,243,S,0.984375,113,SS,0.0,1830.5269422097585,1834.6196161592793,0.5115842436900306,0.0011736154556274414,4.0926739495207585,4.0926739495207585,0.0,1.0
500244,5,244,S,1.0615234375,134,SS,0.0,1834.6196161592793,1842.1163859347255,0.537197220381081,0.0012496709823608398,7.496769775446182,4.297577763049048,3.199192012397134,0.5732572683670643
500245,5,245,S,1.060546875,137,SS,0.0,1842.1163859347255,1850.3989413844972,0.5411743681999045,0.0012444257736206055,8.282555449771735,4.329394945600143,3.953160504171592,0.5227124613719863
500246,5,246,S,1.0546875,126,SS,0.0,1850.3989413844972,1856.6711277523207,0.5268997619369589,0.0012509822845458984,6.272186367823451,4.215198095494998,2.0569882723284536,0.6720460535291363
500247,5,247,S,1.005859375,112,SS,0.0,1856.6711277523207,1865.898005620459,0.5109120222834618,0.001203775405883789,9.226877868138217,4.087296178267934,5.139581689870283,0.4429771626632207
500248,5,248,S,0.9892578125,115,SS,0.0,1865.898005620459,1870.8710317252885,0.5138091664986172,0.0011775493621826172,4.973026104829614,4.110473331988032,0.8625527728415818,0.8265537411911223
500249,5,249,S,1.025390625,131,SS,0.0,1870.8710317252885,1881.2403839844894,0.5324226325703302,0.0012050867080688477,10.369352259200923,4.259381060563101,6.1099711986378225,0.4107663578295039
500250,5,250,S,0.94921875,135,SS,0.0,1881.2403839844894,1885.5287539286157,0.5360462430156783,0.001097559928894043,4.288369944126316,4.288369944126316,0.0,1.0
500251,5,251,S,0.951171875,116,SS,0.0,1885.5287539286157,1894.111165278883,0.5141525879076114,0.0011250972747802734,8.582411350267193,4.113220703260595,4.469190647006599,0.47926165915276703
500252,5,252,S,0.98828125,113,SS,0.0,1894.111165278883,1900.8255694913337,0.511656563689643,0.0011788606643676758,6.714404212450745,4.093252509517697,2.621151702933048,0.6096225934577251
500253,5,253,S,0.970703125,130,SS,0.0,1900.8255694913337,1907.0839518090095,0.529930729975123,0.001132965087890625,6.258382317675796,4.239445839801192,2.018936477874604,0.6774028214651505
500254,5,254,S,0.98046875,122,SS,0.0,1907.0839518090095,1916.9064537095821,0.5211043163317083,0.0011565685272216797,9.82250190057266,4.1688345306538395,5.653667369918821,0.42441677007064693
500255,5,255,S,1.052734375,115,SS,0.0,1916.9064537095821,1921.8502886648728,0.5150051664915635,0.0012627840042114258,4.94383495529064,4.120041331932953,0.8237936233576875,0.8333695135845695
500256,5,256,S,1.037109375,143,SS,0.0,1921.8502886648728,1932.2376920871825,0.5486224238447346,0.0012050867080688477,10.387403422309717,4.3889793907583226,5.998424031551394,0.42252902022961963
500257,5,257,S,0.9853515625,124,SS,0.0,1932.2376920871825,1936.424373360303,0.5233351591400801,0.0011605024337768555,4.1866812731204845,4.1866812731204845,0.0,1.0
500258,5,258,S,1.0498046875,136,SS,0.0,1936.424373360303,1946.6364520450127,0.5396021455965262,0.0012313127517700195,10.212078684709695,4.3168171647721465,5.895261519937549,0.4227167943031633
500259,5,259,S,0.943359375,119,SS,0.0,1946.6364520450127,1951.7649348380837,0.517183332122951,0.001110672950744629,5.1284827930710435,4.137466656982724,0.9910161360883194,0.8067623162493096
500260,5,260,S,0.9453125,114,SS,0.0,1951.7649348380837,1957.7483468226656,0.5119211050987037,0.001119852066040039,5.983411984581835,4.095368840789888,1.888043143791947,0.6844537617237304
500261,5,261,S,1.04296875,135,SS,0.0,1957.7483468226656,1967.2580196408885,0.5381198429919613,0.001223444938659668,9.509672818222953,4.304958743936368,5.204714074286585,0.45269262426010826
500262,5,262,S,1.0498046875,126,SS,0.0,1967.2580196408885,1971.4724113363914,0.5267989619378206,0.0012444257736206055,4.214391695502854,4.214391695502854,0.0,1.0
500263,5,263,S,0.9951171875,142,SS,0.0,1971.4724113363914,1982.9956180643649,0.5463164412516582,0.0011500120162963867,11.523206727973502,4.370531530013977,7.152675197959525,0.37928084023730685
500264,5,264,S,1.0087890625,124,SS,0.0,1982.9956180643649,1987.186108617455,0.5238113191362216,0.0011919736862182617,4.190490553090058,4.190490553090058,0.0,1.0
500265,5,265,S,0.9462890625,113,SS,0.0,1987.186108617455,1994.6973906325238,0.51087912369381,0.0011224746704101562,7.5112820150689,4.087032989549698,3.4242490255192024,0.5441192304257009
500266,5,266,S,0.9375,125,SS,0.0,1994.6973906325238,2003.0693065821386,0.523421780552801,0.0010949373245239258,8.371915949614731,4.187374244422244,4.184541705192487,0.5001691691153378
500267,5,267,S,1.060546875,123,SS,0.0,2003.0693065821386,2008.0725698449917,0.5237838977235892,0.0012627840042114258,5.003263262853125,4.190271181789285,0.8129920810638396,0.837507634847056
500268,5,268,S,1.0048828125,141,SS,0.0,2008.0725698449917,2018.9433542677416,0.5452198986418484,0.0011644363403320312,10.87078442274992,4.361759189134318,6.509025233615603,0.4012368399106703
500269,5,269,S,0.9404296875,140,SS,0.0,2018.9433542677416,2023.282696316177,0.5424177560544182,0.0010792016983032227,4.3393420484353555,4.3393420484353555,0.0,1.0
500270,5,270,S,1.0419921875,127,SS,0.0,2023.282696316177,2035.0449942960686,0.5277135833434218,0.0012326240539550781,11.762297979891628,4.2217086667478725,7.540589313143755,0.35891869717678837
500271,5,271,S,0.9609375,118,SS,0.0,2035.0449942960686,2039.176701741796,0.516463430715876,0.0011355876922607422,4.131707445727443,4.131707445727443,0.0,1.0
500272,5,272,S,0.98828125,114,SS,0.0,2039.176701741796,2048.118757094999,0.5127236650941843,0.0011775493621826172,8.942055353203159,4.101789320753369,4.84026603244979,0.4587076638128901
500273,5,273,S,1.05078125,134,SS,0.0,2048.118757094999,2055.1501335450903,0.5369613803836996,0.0012352466583251953,7.031376450091102,4.295691043069382,2.7356854070217196,0.6109317391211112
500274,5,274,S,1.0341796875,135,SS,0.0,2055.1501335450903,2060.297755523352,0.5379254429941847,0.0012116432189941406,5.147621978261668,4.3034035439522995,0.8442184343093686,0.8359983623749975
500275,5,275,S,1.017578125,125,SS,0.0,2060.297755523352,2070.900372424147,0.525061780539142,0.0012024641036987305,10.602616900795056,4.200494244312722,6.402122656482334,0.39617523519101594
500276,5,276,S,0.9482421875,120,SS,0.0,2070.900372424147,2075.0470850123625,0.5183390735270718,0.0011159181594848633,4.1467125882154505,4.1467125882154505,0.0,1.0
500277,5,277,S,0.9619140625,119,SS,0.0,2075.0470850123625,2086.163353288411,0.5175450921204481,0.0011355876922607422,11.116268276048686,4.140360736964794,6.975907539083892,0.37245959112786897
500278,5,278,S,1.0439453125,126,SS,0.0,2086.163353288411,2090.3767773039212,0.526678001938855,0.001236557960510254,4.2134240155101,4.2134240155101,0.0,1.0
500279,5,279,S,0.9794921875,123,SS,0.0,2090.3767773039212,2099.2153934377084,0.522150457736451,0.0011539459228515625,8.838616133787127,4.177203661893145,4.661412471893982,0.4726083358145929
500280,5,280,S,1.02734375,141,SS,0.0,2099.2153934377084,2106.392347329078,0.5457387786349229,0.001194596290588379,7.176953891369521,4.3659102290803276,2.811043662289194,0.6083235722512376
500281,5,281,S,1.0625,115,SS,0.0,2106.392347329078,2111.2639960050533,0.5151891664904783,0.0012758970260620117,4.871648675975393,4.121513331923779,0.7501353440516141,0.8460202297117776
500282,5,282,S,0.9833984375,116,SS,0.0,2111.2639960050533,2122.4042612927137,0.5147650679038386,0.001168370246887207,11.14026528766044,4.118120543229452,7.022144744430989,0.36966090455591794
500283,5,283,S,1.0595703125,127,SS,0.0,2122.4042612927137,2127.521155421398,0.5280793433402144,0.0012562274932861328,5.11689412868418,4.224634746722586,0.892259381961594,0.8256248107695282
500284,5,284,S,0.94921875,143,SS,0.0,2127.521155421398,2138.3644790921608,0.546563223873456,0.0010870695114135742,10.843323670762857,4.3725057909869065,6.47081787977595,0.4032440535531196
500285,5,285,S,1.033203125,113,SS,0.0,2138.3644790921608,2142.4643850416433,0.5124882436851852,0.001239180564880371,4.0999059494824905,4.0999059494824905,0.0,1.0
500286,5,286,S,0.9638671875,118,SS,0.0,2142.4643850416433,2154.246082217036,0.516520070715498,0.001139521598815918,11.781697175392765,4.1321605657249165,7.649536609667848,0.35072710698721243
500287,5,287,S,1.0263671875,143,SS,0.0,2154.246082217036,2158.6330481678233,0.5483707438482449,0.0011906623840332031,4.386965950787271,4.386965950787271,0.0,1.0
500288,5,288,S,0.9443359375,126,SS,0.0,2158.6330481678233,2170.9004728820423,0.5246216819564375,0.0011028051376342773,12.267424714219032,4.1969734556514595,8.070451258567573,0.3421234328658072
500289,5,289,S,1.0556640625,125,SS,0.0,2170.9004728820423,2175.107207126303,0.5258417805326455,0.0012536048889160156,4.206734244260588,4.206734244260588,0.0,1.0
500290,5,290,S,1.04296875,141,SS,0.0,2175.107207126303,2187.4992876066185,0.5460997386301052,0.0012155771255493164,12.392080480315599,4.368797909039131,8.023282571276468,0.3525475739105164
500291,5,291,S,1.056640625,114,SS,0.0,2187.4992876066185,2191.611291327315,0.5140004650869945,0.0012693405151367188,4.112003720696521,4.112003720696521,0.0,1.0
500292,5,292,S,0.974609375,138,SS,0.0,2191.611291327315,2204.317933637646,0.5405641908302188,0.0011277198791503906,12.706642310331063,4.324513526640658,8.382128783690405,0.3403348753371799
500293,5,293,S,0.9931640625,122,SS,0.0,2204.317933637646,2208.488798248284,0.5213580763297693,0.0011736154556274414,4.170864610638091,4.170864610638091,0.0,1.0
500294,5,294,S,1.0244140625,120,SS,0.0,2208.488798248284,2219.2754859116085,0.5198366735163432,0.0012181997299194336,10.786687663324301,4.158693388129905,6.627994275194396,0.3855394276659954
500295,5,295,S,0.9658203125,138,SS,0.0,2219.2754859116085,2225.0180217190086,0.5403654708326855,0.0011159181594848633,5.742535807400145,4.322923766660097,1.4196120407400485,0.7527900411329331
500296,5,296,S,0.984375,138,SS,0.0,2225.0180217190086,2234.8906717886707,0.5407849908274781,0.0011408329010009766,9.872650069662086,4.326279926619463,5.546370143042623,0.43820857582239214
500297,5,297,S,0.9873046875,139,SS,0.0,2234.8906717886707,2242.046969451185,0.5421720934335266,0.0011434555053710938,7.156297662514135,4.337376747469534,2.8189209150446004,0.6060922773223126
500298,5,298,S,1.05078125,132,SS,0.0,2242.046969451185,2248.831192237984,0.534298855171129,0.0012378692626953125,6.784222786799091,4.274390841368586,2.5098319454305056,0.6300487138609011
500299,5,299,S,0.998046875,143,SS,0.0,2248.831192237984,2258.6155019957246,0.5477072238574997,0.001152634620666504,9.78430975774063,4.3816577908582985,5.402651966882331,0.44782492575849325
500300,5,300,S,1.0556640625,126,SS,0.0,2258.6155019957246,2262.83086137122,0.5269199219367864,0.001252293586730957,4.215359375495609,4.215359375495609,0.0,1.0
500301,5,301,S,1.0263671875,124,SS,0.0,2262.83086137122,2275.589237331115,0.5241684391333279,0.0012155771255493164,12.758375959894693,4.193347513068147,8.565028446826545,0.32867408252035546
500302,5,302,S,0.9462890625,138,SS,0.0,2275.589237331115,2279.908628297821,0.5399238708381672,0.0010896921157836914,4.319390966706123,4.319390966706123,0.0,1.0
500303,5,303,S,0.96875,132,SS,0.0,2279.908628297821,2292.7529927810624,0.532524775189611,0.0011277198791503906,12.844364483241407,4.260198201518506,8.5841662817229,0.33167839538320243
500304,5,304,S,0.9755859375,114,SS,0.0,2292.7529927810624,2296.852885141828,0.5124865450955196,0.0011605024337768555,4.099892360765807,4.099892360765807,0.0,1.0
500305,5,305,S,0.9609375,117,SS,0.0,2296.852885141828,2309.263349074211,0.515400809311172,0.0011368989944458008,12.410463932382754,4.123206474490871,8.287257457891883,0.33223628842207464
500306,5,306,S,0.9501953125,122,SS,0.0,2309.263349074211,2313.4273426449026,0.5204991963363321,0.0011159181594848633,4.163993570691673,4.163993570691673,0.0,1.0
500307,5,307,S,0.94140625,132,SS,0.0,2313.4273426449026,2325.9185060349796,0.5319334151957718,0.00109100341796875,12.491163390076963,4.2554673215672665,8.235696068509696,0.3406782209692197
500308,5,308,S,0.9619140625,129,SS,0.0,2325.9185060349796,2330.145920653939,0.528426827369836,0.0011224746704101562,4.227414618959301,4.227414618959301,0.0,1.0
500309,5,309,S,1.0576171875,118,SS,0.0,2330.145920653939,2341.0988035648134,0.5183325507034084,0.001265406608581543,10.95288291087445,4.14666040562588,6.80622250524857,0.3785907728009138
500310,5,310,S,0.970703125,127,SS,0.0,2341.0988035648134,2346.646677408772,0.5262302233564291,0.0011368989944458008,5.547873843958769,4.20984178685103,1.338032057107739,0.7588207492200352
500311,5,311,S,1.001953125,139,SS,0.0,2346.646677408772,2356.247364483407,0.5425056934292802,0.0011631250381469727,9.600687074635061,4.340045547432965,5.260641527202097,0.4520557241053435
500312,5,312,S,1.0126953125,133,SS,0.0,2356.247364483407,2363.199840022009,0.5348001977863466,0.0011854171752929688,6.952475538601902,4.278401582290826,2.6740739563110765,0.6153781568214168
500313,5,313,S,0.9580078125,112,SS,0.0,2363.199840022009,2369.4113828217005,0.5100339422879258,0.001139521598815918,6.211542799691415,4.08027153830335,2.131271261388065,0.6568853616377005
500314,5,314,S,0.970703125,133,SS,0.0,2369.4113828217005,2379.0609558561036,0.533885157796195,0.0011290311813354492,9.649573034403147,4.271081262369989,5.378491772033158,0.4426186782713094
500315,5,315,S,0.966796875,125,SS,0.0,2379.0609558561036,2384.1552422847312,0.5240217805478038,0.0011342763900756836,5.0942864286275835,4.192174244381022,0.9021121842465618,0.8229168703241538
500316,5,316,S,0.9775390625,120,SS,0.0,2384.1552422847312,2394.9188453962242,0.5189150735229455,0.001155257225036621,10.763603111493012,4.151320588181989,6.612282523311023,0.38568131369962433
500317,5,317,S,1.0341796875,114,SS,0.0,2394.9188453962242,2399.0274929569396,0.5135809450893569,0.001239180564880371,4.108647560715326,4.108647560715326,0.0,1.0
500318,5,318,S,0.9375,116,SS,0.0,2399.0274929569396,2407.6797390097067,0.5138927479092118,0.0011067390441894531,8.652246052767168,4.111141983274138,4.541104069493031,0.4751531519332265
500319,5,319,S,0.994140625,121,SS,0.0,2407.6797390097067,2414.568847342555,0.5203095349251137,0.0011762380599975586,6.889108332848082,4.162476279401744,2.7266320534463375,0.6042111806479462
500320,5,320,S,0.9833984375,119,SS,0.0,2414.568847342555,2419.5015276451145,0.5179639721175497,0.0011644363403320312,4.932680302559675,4.143711776941927,0.7889685256177472,0.8400527751193738
500321,5,321,S,0.958984375,144,SS,0.0,2419.5015276451145,2429.8121268245764,0.5481082464773968,0.0010988712310791016,10.31059917946186,4.384865971820545,5.925733207641315,0.42527751253825813
500322,5,322,S,0.98046875,130,SS,0.0,2429.8121268245764,2434.8522344581024,0.530138729973103,0.001146078109741211,5.040107633526077,4.241109839786077,0.7989977937399999,0.8414720772181172
500323,5,323,S,0.953125,121,SS,0.0,2434.8522344581024,2442.428855851384,0.5194964149311344,0.0011211633682250977,7.5766213932815845,4.155971319447417,3.4206500738341674,0.5485256691237919
500324,5,324,S,1.0400390625,122,SS,0.0,2442.428855851384,2450.8070172004127,0.5222950363226098,0.001236557960510254,8.378161349028687,4.178360290581622,4.199801058447065,0.4987204371596443
500325,5,325,S,0.9375,123,SS,0.0,2450.8070172004127,2455.8620652561845,0.5213042177431144,0.001097559928894043,5.055048055771749,4.17043374194327,0.8846143138284788,0.8250037775964475
500326,5,326,S,1.0205078125,144,SS,0.0,2455.8620652561845,2465.7023737478307,0.5495597664567243,0.001181483268737793,9.840308491646283,4.396478131653566,5.443830359992717,0.44678255111471976
500327,5,327,S,0.9736328125,114,SS,0.0,2465.7023737478307,2470.696177629008,0.512450065095725,0.0011578798294067383,4.993803881177428,4.099600520767126,0.8942033604103017,0.8209374293250242
500328,5,328,S,1.0576171875,121,SS,0.0,2470.696177629008,2481.5424620114727,0.5215679349157958,0.0012614727020263672,10.846284382464546,4.172543479326123,6.673740903138423,0.3846979603514708
500329,5,329,S,0.9892578125,143,SS,0.0,2481.5424620114727,2487.060727279098,0.5475013038603718,0.0011408329010009766,5.518265267625338,4.380010430882976,1.1382548367423624,0.793729590452946
500330,5,330,S,1.025390625,114,SS,0.0,2487.060727279098,2494.5906762275995,0.5134167850902812,0.0012273788452148438,7.529948948501442,4.107334280721261,3.4226146677801808,0.545466418007877
500331,5,331,S,1.060546875,139,SS,0.0,2494.5906762275995,2502.7106668690303,0.5438400934122949,0.0012418031692504883,8.119990641430832,4.350720747297601,3.769269894133231,0.5358036652282343
500332,5,332,S,0.9931640625,130,SS,0.0,2502.7106668690303,2508.091085217957,0.5304091299704767,0.0011631250381469727,5.380418348926469,4.243273039763153,1.1371453091633157,0.7886511353916921
500333,5,333,S,1.0615234375,123,SS,0.0,2508.091085217957,2519.2673929647945,0.5238035777234342,0.0012640953063964844,11.176307746837665,4.19042862178685,6.985879125050815,0.3749385500746015
500334,5,334,S,1.0068359375,121,SS,0.0,2519.2673929647945,2523.431882684182,0.5205612149232501,0.0011932849884033203,4.164489719387348,4.164489719387348,0.0,1.0
500335,5,335,S,0.96875,128,SS,0.0,2523.431882684182,2534.458833451012,0.5272534847614431,0.001132965087890625,11.026950766830396,4.218027878090652,6.808922888739744,0.3825198794555867
500336,5,336,S,1.01171875,120,SS,0.0,2534.458833451012,2539.633611997037,0.5195870735181313,0.0012011528015136719,5.174778546024754,4.156696588146588,1.0180819578781666,0.8032607678138703
500337,5,337,S,1.015625,140,SS,0.0,2539.633611997037,2551.214967470954,0.5441425560319266,0.0011801719665527344,11.581355473917029,4.353140448256454,7.228215025660575,0.37587486698429967
500338,5,338,S,0.94140625,127,SS,0.0,2551.214967470954,2556.4905244955285,0.5256206233617746,0.001097559928894043,5.275557024574482,4.204964986893174,1.0705920376813083,0.7970655927527083
500339,5,339,S,1.0244140625,116,SS,0.0,2556.4905244955285,2567.6398987671223,0.515544587899037,0.001223444938659668,10.249090547441938,3.2240729790405567,7.025017568401381,0.31457161629284763
600207,6,207,S,0.9619140625,125,SS,0.0,1557.9455123388286,1568.9345128911514,0.5239217805486367,0.0011277198791503906,2.1948978481809718,2.1948978481809718,0.0,1.0
600208,6,208,S,0.9677734375,119,SS,0.0,1568.9345128911514,1573.817227603274,0.5176593321196576,0.0011434555053710938,4.882714712122606,4.141274656956739,0.7414400551658673,0.848150035609279
600209,6,209,S,0.9580078125,138,SS,0.0,1573.817227603274,1584.7099464080227,0.5401888308348782,0.0011054277420043945,10.89271880474871,4.321510646679599,6.571208158069112,0.39673388473001103
600210,6,210,S,1.060546875,121,SS,0.0,1584.7099464080227,1588.8829545273463,0.5216260149153658,0.001265406608581543,4.17300811932364,4.17300811932364,0.0,1.0
600211,6,211,S,1.013671875,134,SS,0.0,1588.8829545273463,1598.6607488493103,0.5361466603927452,0.0011854171752929688,9.777794321963938,4.289173283141281,5.488621038822657,0.4386647071831401
600212,6,212,S,1.0478515625,118,SS,0.0,1598.6607488493103,1604.194974509528,0.5181437507046677,0.001252293586730957,5.534225660217771,4.145150005637333,1.389075654580438,0.7490027079008235
600213,6,213,S,0.9736328125,119,SS,0.0,1604.194974509528,1612.1570250697573,0.5177735721188671,0.0011513233184814453,7.962050560229272,4.1421885769505025,3.81986198327877,0.5202414309751916
600214,6,214,S,1.044921875,123,SS,0.0,1612.1570250697573,1620.7187143511824,0.5234690177260686,0.0012418031692504883,8.56168928142506,4.187752141808232,4.373937139616828,0.4891268538434038
600215,6,215,S,0.9970703125,129,SS,0.0,1620.7187143511824,1626.7918721746973,0.529169867362888,0.0011696815490722656,6.0731578235149755,4.233358938903621,1.8397988846113549,0.6970605839539125
600216,6,216,S,0.9833984375,136,SS,0.0,1626.7918721746973,1636.9522514910097,0.5381224656139383,0.0011421442031860352,10.160379316312401,4.304979724911391,5.85539959140101,0.42370265822652736
600217,6,217,S,0.96875,144,SS,0.0,1636.9522514910097,1642.2064126471184,0.5483386464741156,0.0011119842529296875,5.254161156108694,4.3867091717929725,0.8674519843157213,0.8349019075467095
600218,6,218,S,0.9501953125,135,SS,0.0,1642.2064126471184,1653.3862671624072,0.5360678430154312,0.0010988712310791016,11.179854515288753,4.288542744123333,6.8913117711654195,0.3835955770496508
600219,6,219,S,0.958984375,119,SS,0.0,1653.3862671624072,1657.5261709393733,0.5174879721208432,0.0011316537857055664,4.139903776966094,4.139903776966094,0.0,1.0
600220,6,220,S,1.044921875,113,SS,0.0,1657.5261709393733,1669.8321248978255,0.5127052036840223,0.0012549161911010742,12.305953958452164,4.101641629471487,8.204312328980677,0.3333054587494482
600221,6,221,S,1.0234375,135,SS,0.0,1669.8321248978255,1674.1336276418015,0.5376878429969022,0.001197218894958496,4.301502743976016,4.301502743976016,0.0,1.0
600222,6,222,S,0.986328125,117,SS,0.0,1674.1336276418015,1685.98539730889,0.5158875293080486,0.0011709928512573242,11.851769667088547,4.127100234463796,7.724669432624751,0.3482264970036025
600223,6,223,S,0.9833984375,124,SS,0.0,1685.98539730889,1690.1717611420133,0.5232954791404016,0.0011578798294067383,4.186363833123323,4.186363833123323,0.0,1.0
600224,6,224,S,1.03515625,136,SS,0.0,1690.1717611420133,1700.4080297295152,0.5392757456003671,0.0012116432189941406,10.236268587501854,4.314205964803477,5.922062622698377,0.4214627554879696
600225,6,225,S,1.0380859375,129,SS,0.0,1700.4080297295152,1705.6392988092855,0.530036747354782,0.0012247562408447266,5.2312690797703,4.240293978838963,0.9909751009313368,0.8105669798627813
600226,6,226,S,1.017578125,134,SS,0.0,1705.6392988092855,1713.4521016315596,0.536232420391793,0.0011906623840332031,7.8128028222740795,4.289859363134383,3.5229434591396966,0.549080715425726
600227,6,227,S,0.97265625,124,SS,0.0,1713.4521016315596,1720.8672784975997,0.52307723914217,0.0011434555053710938,7.415176866040156,4.184617913137117,3.2305589529030385,0.5643315039863347
600228,6,228,S,0.9951171875,128,SS,0.0,1720.8672784975997,1727.5069079922257,0.5278064447564752,0.001168370246887207,6.639629494625979,4.222451558051034,2.4171779365749444,0.6359468644249843
600229,6,229,S,1.03125,142,SS,0.0,1727.5069079922257,1735.6108666855057,0.5471570812401839,0.0011985301971435547,8.103958693279992,4.377256649921037,3.726702043358955,0.540138075179328
600230,6,230,S,1.0517578125,122,SS,0.0,1735.6108666855057,1740.7076426325566,0.52252927632082,0.001252293586730957,5.096775947050901,4.180234210565686,0.9165417364852146,0.820172252811006
600231,6,231,S,1.0205078125,124,SS,0.0,1740.7076426325566,1748.7830980198114,0.5240493991342926,0.0012077093124389648,8.075455387254806,4.192395193074844,3.8830601941799614,0.5191527897846538
600232,6,232,S,0.9921875,143,SS,0.0,1748.7830980198114,1756.1381899356693,0.5475699438594144,0.0011447668075561523,7.355091915857884,4.38055955087475,2.9745323649831334,0.5955818908843384
600233,6,233,S,1.0029296875,133,SS,0.0,1756.1381899356693,1764.06091099108,0.534587397788637,0.0011723041534423828,7.922721055410648,4.276699182308221,3.646021873102427,0.5398018120791396
600234,6,234,S,0.98046875,124,SS,0.0,1764.06091099108,1770.041964784453,0.523235959140884,0.0011539459228515625,5.981053793373121,4.185887673127581,1.7951661202455398,0.6998578875457456
600235,6,235,S,1.037109375,122,SS,0.0,1770.041964784453,1777.459759838813,0.5222364763230574,0.0012326240539550781,7.417795054359885,4.177891810584697,3.2399032437751885,0.5632255650052097
600236,6,236,S,1.0400390625,123,SS,0.0,1777.459759838813,1783.0747814876315,0.5233706177268435,0.0012352466583251953,5.615021648818583,4.186964941814949,1.428056707003634,0.7456720924123059
600237,6,237,S,1.0146484375,142,SS,0.0,1783.0747814876315,1789.381641278613,0.5467708412454559,0.0011762380599975586,6.306859790981434,4.37416672996369,1.9326930610177442,0.6935569958632313
600238,6,238,S,1.041015625,143,SS,0.0,1789.381641278613,1798.6190495475491,0.5487139438434582,0.001210331916809082,9.237408268936179,4.389711550747961,4.847696718188217,0.4752102995717759
600239,6,239,S,1.048828125,136,SS,0.0,1798.6190495475491,1804.4218635967325,0.5395803855967821,0.001230001449584961,5.8028140491833256,4.316643084774114,1.4861709644092116,0.7438878875296079
600240,6,240,S,1.025390625,137,SS,0.0,1804.4218635967325,1813.9866917754528,0.5403852482094471,0.001197218894958496,9.56482817872029,4.323081985676254,5.241746193044037,0.4519769623561239
600241,6,241,S,1.05078125,120,SS,0.0,1813.9866917754528,1818.149532363553,0.5203550735126294,0.0012536048889160156,4.162840588100153,4.162840588100153,0.0,1.0
600242,6,242,S,0.9794921875,139,SS,0.0,1818.149532363553,1826.7434273415565,0.5419941734357913,0.001132965087890625,8.593894978003618,4.33595338748637,4.257941590517248,0.5045387916171187
600243,6,243,S,0.9658203125,135,SS,0.0,1826.7434273415565,1833.8376178242015,0.5364134430114783,0.001119852066040039,7.09419048264499,4.291307544091978,2.8028829385530116,0.6049044714249077
600244,6,244,S,1.0087890625,121,SS,0.0,1833.8376178242015,1840.250662489609,0.5205999349229634,0.0011959075927734375,6.413044665407597,4.164799479383873,2.2482451860237234,0.6494262392789946
600245,6,245,S,0.9765625,129,SS,0.0,1840.250662489609,1849.6901158338987,0.528736427366941,0.0011421442031860352,9.439453344289632,4.229891418935949,5.2095619253536825,0.44810766732533397
600246,6,246,S,1.0419921875,122,SS,0.0,1849.6901158338987,1856.0210615786416,0.5223340763223114,0.001239180564880371,6.3309457447428485,4.17867261057836,2.1522731341644885,0.6600392388527869
600247,6,247,S,0.9892578125,133,SS,0.0,1856.0210615786416,1865.3743844491594,0.5342894777918434,0.0011539459228515625,9.353322870517786,4.274315822334756,5.07900704818303,0.45698367109807003
600248,6,248,S,1.0625,142,SS,0.0,1865.3743844491594,1870.2720427676286,0.5478841212302602,0.0012404918670654297,4.897658318469212,4.383072969842033,0.514585348627179,0.8949323707032272
600249,6,249,S,1.05078125,118,SS,0.0,1870.2720427676286,1881.1835968736964,0.5182003907042899,0.0012562274932861328,10.911554106067797,4.145603125634807,6.76595098043299,0.37992783478290065
600250,6,250,S,1.05859375,136,SS,0.0,1881.1835968736964,1885.5019807584508,0.5397979855942215,0.0012431144714355469,4.318383884754439,4.318383884754439,0.0,1.0
600251,6,251,S,0.9482421875,131,SS,0.0,1885.5019807584508,1894.119387149578,0.5307667925870004,0.0011014938354492188,8.617406391127133,4.246134340695789,4.371272050431344,0.4927392475150991
600252,6,252,S,0.9375,132,SS,0.0,1894.119387149578,1900.7933155414914,0.531848935196652,0.0010857582092285156,6.673928391913478,4.254791481573193,2.419136910340285,0.6375242932975648
600253,6,253,S,1.0205078125,132,SS,0.0,1900.7933155414914,1907.080839886339,0.5336441351779498,0.001197218894958496,6.287524344847498,4.269153081422701,2.018371263424797,0.6789879207260943
600254,6,254,S,0.99609375,140,SS,0.0,1907.080839886339,1917.0118386945044,0.5436945560377686,0.0011539459228515625,9.930998808165441,4.3495564483018825,5.5814423598635585,0.4379777434597617
600255,6,255,S,0.9541015625,133,SS,0.0,1917.0118386945044,1922.6163278197957,0.5335233978000887,0.0011067390441894531,5.604489125291366,4.268187182400652,1.3363019428907137,0.7615657889565015
600256,6,256,S,0.98828125,125,SS,0.0,1922.6163278197957,1932.363352637278,0.5244617805441392,0.0011631250381469727,9.74702481748227,4.195694244353945,5.551330573128325,0.4304589680359226
600257,6,257,S,0.962890625,135,SS,0.0,1932.363352637278,1936.6541417813753,0.5363486430122195,0.0011159181594848633,4.290789144097289,4.290789144097289,0.0,1.0
600258,6,258,S,1.060546875,132,SS,0.0,1936.6541417813753,1946.72195126604,0.5345100551689286,0.0012509822845458984,10.067809484664622,4.276080441351951,5.791729043312671,0.4247279855528966
600259,6,259,S,1.0048828125,142,SS,0.0,1946.72195126604,1952.0599252487384,0.5465436412485571,0.0011631250381469727,5.337973982698486,4.372349129987924,0.9656248527105618,0.8191027427558923
600260,6,260,S,1.009765625,115,SS,0.0,1952.0599252487384,1958.0231492171838,0.5141955664963384,0.0012050867080688477,5.963223968445391,4.113564531970042,1.8496594364753491,0.6898222427561187
600261,6,261,S,1.0537109375,137,SS,0.0,1958.0231492171838,1967.7778754683245,0.5410209282017601,0.0012352466583251953,9.75472625114071,4.328167425614083,5.426558825526627,0.44369952720179623
600262,6,262,S,0.99609375,123,SS,0.0,1967.7778754683245,1972.0126513457365,0.5224850177338168,0.0011762380599975586,4.234775877411948,4.179880141869944,0.05489573554200433,0.9870369206940053
600263,6,263,S,0.9951171875,138,SS,0.0,1972.0126513457365,1983.4878876973276,0.5410278708244631,0.001155257225036621,11.475236351591093,4.328222966596513,7.14701338499458,0.3771794178336367
600264,6,264,S,0.953125,142,SS,0.0,1983.4878876973276,1987.850603547448,0.5453394812649933,0.0010936260223388672,4.362715850120367,4.362715850120367,0.0,1.0
600265,6,265,S,1.0166015625,144,SS,0.0,1987.850603547448,1996.8086561315463,0.5494676064580369,0.0011762380599975586,8.958052584098368,4.395740851663504,4.562311732434864,0.4907027292367627
600266,6,266,S,0.9853515625,142,SS,0.0,1996.8086561315463,2003.8478403068054,0.5460892412547594,0.0011368989944458008,7.039184175259152,4.368713930038211,2.6704702452209403,0.6206278769339594
600267,6,267,S,1.0224609375,123,SS,0.0,2003.8478403068054,2010.0117569586096,0.5230163777296327,0.0012116432189941406,6.163916651804129,4.184131021836947,1.979785629967182,0.6788104476740914
600268,6,268,S,0.9658203125,129,SS,0.0,2010.0117569586096,2019.8820865775929,0.5285093873690639,0.0011277198791503906,9.870329618983305,4.228075098952104,5.6422545200312015,0.42836209753526117
600269,6,269,S,1.0537109375,132,SS,0.0,2019.8820865775929,2025.0439903832105,0.5343622151704689,0.0012418031692504883,5.161903805617612,4.2748977213632315,0.8870060842543808,0.8281629961238203
600270,6,270,S,0.9658203125,134,SS,0.0,2025.0439903832105,2036.0567613137812,0.5350961004044092,0.0011211633682250977,11.012770930570696,4.280768803235333,6.732002127335363,0.38870951100528317
600271,6,271,S,0.9462890625,119,SS,0.0,2036.0567613137812,2040.1946849307608,0.5172404521225559,0.0011146068572998047,4.137923616979606,4.137923616979606,0.0,1.0
600272,6,272,S,0.9501953125,137,SS,0.0,2040.1946849307608,2051.8620119246752,0.5386974082298575,0.0010962486267089844,11.667326993914457,4.309579265838693,7.357747728075765,0.3693716022604423
600273,6,273,S,0.9755859375,135,SS,0.0,2051.8620119246752,2056.1550474687483,0.536629443009008,0.001132965087890625,4.293035544073064,4.293035544073064,0.0,1.0
600274,6,274,S,1.0380859375,137,SS,0.0,2056.1550474687483,2065.147174075803,0.5406702082060011,0.0012142658233642578,8.992126607054615,4.325361665647506,4.666764941407109,0.48101654421259143
600275,6,275,S,1.0419921875,128,SS,0.0,2065.147174075803,2071.959254499797,0.5287894847476438,0.0012313127517700195,6.812080423994303,4.230315877979592,2.5817645460147105,0.6210020455834727
600276,6,276,S,1.0478515625,132,SS,0.0,2071.959254499797,2077.038623444792,0.534235495171789,0.0012339353561401367,5.079368944994712,4.27388396137394,0.8054849836207723,0.8414202645361075
600277,6,277,S,0.98046875,113,SS,0.0,2077.038623444792,2087.9556602789116,0.5115119236904182,0.001168370246887207,10.917036834119699,4.092095389522001,6.824941444597698,0.37483572252249975
600278,6,278,S,0.939453125,112,SS,0.0,2087.9556602789116,2092.803912441698,0.5096934622896567,0.0011146068572998047,4.848252162786139,4.077547698318085,0.7707044644680536,0.8410345752261462
600279,6,279,S,1.0625,140,SS,0.0,2092.803912441698,2103.872456021089,0.5452177560179059,0.0012431144714355469,11.06854357939119,4.361742048142332,6.706801531248857,0.3940664837118746
600280,6,280,S,0.966796875,138,SS,0.0,2103.872456021089,2108.1955564277473,0.5403875508324114,0.0011172294616699219,4.323100406658341,4.323100406658341,0.0,1.0
600281,6,281,S,1.0302734375,132,SS,0.0,2108.1955564277473,2120.2858403426076,0.5338553351757495,0.001210331916809082,12.090283914860265,4.270842681406066,7.819441233454199,0.3532458552240232
600282,6,282,S,1.0078125,113,SS,0.0,2120.2858403426076,2124.381985652108,0.5120181636877048,0.0012050867080688477,4.096145309500571,4.096145309500571,0.0,1.0
600283,6,283,S,1.0009765625,129,SS,0.0,2124.381985652108,2135.6647966915802,0.5292524273621161,0.0011749267578125,11.282811039472108,4.234019418898242,7.048791620573866,0.37526281385780796
600284,6,284,S,1.0126953125,113,SS,0.0,2135.6647966915802,2140.2707149568687,0.5121085636872204,0.0012116432189941406,4.605918265288437,4.096868509499473,0.5090497557889648,0.8894792033924452
600285,6,285,S,0.9482421875,143,SS,0.0,2140.2707149568687,2149.4205197839897,0.546540343873775,0.0010857582092285156,9.149804827120988,4.372322750990861,4.777482076130127,0.47785967390592143
600286,6,286,S,1.02734375,137,SS,0.0,2149.4205197839897,2156.441635545714,0.540429088208917,0.0011998414993286133,7.021115761724104,4.323432705670712,2.6976830560533926,0.615775733144877
600287,6,287,S,0.9384765625,139,SS,0.0,2156.441635545714,2162.4577967851155,0.5410600934476811,0.001077890396118164,6.016161239401754,4.328480747582944,1.68768049181881,0.719475521904956
600288,6,288,S,1.0322265625,120,SS,0.0,2162.4577967851155,2172.656727503214,0.5199902735152429,0.0012286901473999023,10.198930718098381,4.159922188122437,6.039008529975945,0.40787826715407527
600289,6,289,S,0.951171875,129,SS,0.0,2172.656727503214,2177.8610767961254,0.528199787371959,0.0011080503463745117,5.204349292911502,4.225598298977275,0.9787509939342272,0.8119359522491469
600290,6,290,S,1.001953125,115,SS,0.0,2177.8610767961254,2189.094658724853,0.5140483664972064,0.001194596290588379,11.233581928727745,4.112386931978108,7.121194996749637,0.36607975604481613
600291,6,291,S,0.990234375,125,SS,0.0,2189.094658724853,2193.2906729692027,0.524501780543806,0.0011657476425170898,4.196014244349499,4.196014244349499,0.0,1.0
600292,6,292,S,0.982421875,118,SS,0.0,2193.2906729692027,2204.633004200189,0.5168787907131054,0.0011644363403320312,11.342331230986474,4.135030325705884,7.20730090528059,0.364566176167494
600293,6,293,S,0.9775390625,121,SS,0.0,2204.633004200189,2208.7928475196086,0.5199804149275506,0.0011539459228515625,4.159843319419451,4.159843319419451,0.0,1.0
600294,6,294,S,0.943359375,139,SS,0.0,2208.7928475196086,2221.2107381922515,0.5411712934462656,0.001084446907043457,12.417890672642898,4.329370347568329,8.088520325074569,0.3486397538598163
600295,6,295,S,0.990234375,143,SS,0.0,2221.2107381922515,2225.5909316631305,0.5475241838600526,0.0011421442031860352,4.380193470879021,4.380193470879021,0.0,1.0
600296,6,296,S,0.966796875,133,SS,0.0,2225.5909316631305,2236.844575340622,0.5338000377971113,0.0011237859725952148,11.25364367749171,4.270400302375492,6.983243375116217,0.3794682348897072
600297,6,297,S,0.9638671875,135,SS,0.0,2236.844575340622,2242.569503531862,0.5363702430119724,0.0011172294616699219,5.7249281912399965,4.290961944094306,1.4339662471456904,0.7495224046058997
600298,6,298,S,1.04296875,124,SS,0.0,2242.569503531862,2252.48186636898,0.524505719130595,0.0012378692626953125,9.912362837117598,4.196045753044018,5.71631708407358,0.42331438245295105
600299,6,299,S,0.9638671875,112,SS,0.0,2252.48186636898,2259.4672797284047,0.5101414622873791,0.0011473894119262695,6.985413359424911,4.0811316982981225,2.904281661126788,0.5842362489245891
600300,6,300,S,0.9892578125,126,SS,0.0,2259.4672797284047,2266.353282527914,0.5255490419485082,0.0011631250381469727,6.886002799509242,4.204392335588636,2.681610463920606,0.6105708141577112
600301,6,301,S,1.0517578125,138,SS,0.0,2266.353282527914,2276.6691592712,0.5423085108085666,0.0012313127517700195,10.315876743286026,4.33846808646922,5.977408656816806,0.42056222601659754
600302,6,302,S,0.95703125,135,SS,0.0,2276.6691592712,2281.040959221491,0.5362190430137018,0.0011080503463745117,4.371799950291006,4.289752344109729,0.08204760618127693,0.9812325341703214
600303,6,303,S,1.0400390625,129,SS,0.0,2281.040959221491,2293.790807295267,0.5300780273543961,0.0012273788452148438,12.749848073775865,4.2406242188335455,8.50922385494232,0.3326019411600475
600304,6,304,S,1.060546875,142,SS,0.0,2293.790807295267,2298.173516745115,0.5478386812308804,0.0012378692626953125,4.382709449848335,4.382709449848335,0.0,1.0
600305,6,305,S,0.9814453125,136,SS,0.0,2298.173516745115,2310.8154858317844,0.5380789456144504,0.001139521598815918,12.641969086669178,4.304631564915326,8.337337521753852,0.3405032503563479
600306,6,306,S,1.033203125,126,SS,0.0,2310.8154858317844,2315.0271357673096,0.526456241940751,0.0012221336364746094,4.211649935525202,4.211649935525202,0.0,1.0
600307,6,307,S,1.048828125,120,SS,0.0,2315.0271357673096,2327.493016315788,0.5203166735129046,0.0012509822845458984,12.465880548478253,4.16253338810202,8.303347160376234,0.3339141083467347
600308,6,308,S,0.97265625,143,SS,0.0,2327.493016315788,2331.8699150667126,0.5471123438657969,0.0011185407638549805,4.376898750924738,4.376898750924738,0.0,1.0
600309,6,309,S,1.0146484375,117,SS,0.0,2331.8699150667126,2344.3792358451456,0.516430409304565,0.0012090206146240234,12.509320778432993,4.131443274436606,8.377877503996388,0.33026919267747323
600310,6,310,S,0.9619140625,112,SS,0.0,2344.3792358451456,2348.4600808234454,0.5101056222875614,0.0011447668075561523,4.080844978299865,4.080844978299865,0.0,1.0
600311,6,311,S,1.033203125,112,SS,0.0,2348.4600808234454,2360.6141042520844,0.511413782280911,0.0012404918670654297,12.154023428638993,4.0913102582489955,8.062713170389998,0.336621883466876
600312,6,312,S,1.0517578125,133,SS,0.0,2360.6141042520844,2364.899315434302,0.5356513977771853,0.0012378692626953125,4.285211182217608,4.285211182217608,0.0,1.0
600313,6,313,S,0.958984375,117,SS,0.0,2364.899315434302,2377.0506434423987,0.5153633693114122,0.0011342763900756836,12.151328008096698,4.122906954489736,8.028421053606962,0.3392968202111367
600314,6,314,S,1.025390625,132,SS,0.0,2377.0506434423987,2381.320641323815,0.5337497351768496,0.001203775405883789,4.269997881416202,4.269997881416202,0.0,1.0
600315,6,315,S,0.953125,138,SS,0.0,2381.320641323815,2391.918571791154,0.5400784308362486,0.0010988712310791016,10.59793046733921,4.320627446690196,6.277303020649015,0.4076859590658328
600316,6,316,S,0.9423828125,124,SS,0.0,2391.918571791154,2397.418010842562,0.5224621991471539,0.0011028051376342773,5.49943905140799,4.179697593175661,1.319741458232329,0.7600225321354469
600317,6,317,S,0.99609375,144,SS,0.0,2397.418010842562,2402.5390011844825,0.5489837664649277,0.0011487007141113281,5.120990341920333,4.39187013171977,0.7291202102005627,0.8576212487198036
600318,6,318,S,1.0205078125,137,SS,0.0,2402.5390011844825,2413.169792029575,0.5402756482107725,0.0011906623840332031,10.630790845092633,4.322205185686471,6.3085856594061624,0.40657419082623375
600319,6,319,S,1.048828125,134,SS,0.0,2413.169792029575,2418.569540633624,0.5369185003841755,0.0012326240539550781,5.399748604048909,4.295348003073741,1.1044006009751683,0.7954718484214149
600320,6,320,S,0.9375,113,SS,0.0,2418.569540633624,2429.0149366060946,0.5107164036946822,0.001110672950744629,10.445395972470578,4.085731229555677,6.359664742914902,0.3911513972590267
600321,6,321,S,1.037109375,123,SS,0.0,2429.0149366060946,2434.1378821727994,0.5233115777273084,0.0012313127517700195,5.122945566704857,4.186492621818616,0.9364529448862413,0.81720419772319
600322,6,322,S,0.9453125,135,SS,0.0,2434.1378821727994,2440.5143940294165,0.5359598430166664,0.0010923147201538086,6.376511856617071,4.28767874413461,2.0888331124824617,0.6724175913960192
600323,6,323,S,1.02734375,112,SS,0.0,2440.5143940294165,2449.016358549484,0.5113062622814576,0.0012326240539550781,8.501964520067304,4.090450098250585,4.411514421816719,0.4811182272751009
600324,6,324,S,0.984375,125,SS,0.0,2449.016358549484,2454.104797842359,0.5243817805448054,0.0011578798294067383,5.088439292875137,4.1950542443591985,0.8933850485159383,0.8244284746077523
600325,6,325,S,1.060546875,138,SS,0.0,2454.104797842359,2465.0541869114345,0.5425072308060997,0.0012431144714355469,10.94938906907555,4.340057846449781,6.609331222625769,0.39637442957502006
600326,6,326,S,1.0361328125,143,SS,0.0,2465.0541869114345,2470.345930022267,0.5485995438450538,0.001203775405883789,5.291743110832613,4.388796350758639,0.9029467600739736,0.8293668567875923
600327,6,327,S,1.00390625,130,SS,0.0,2470.345930022267,2481.1078160823363,0.5306379299682548,0.0011775493621826172,10.761886060069173,4.245103439745435,6.516782620323738,0.3944571997929282
600328,6,328,S,0.962890625,142,SS,0.0,2481.1078160823363,2486.5400402974196,0.5455666812618921,0.0011067390441894531,5.432224215083352,4.364533450094314,1.0676907649890381,0.8034523755436234
600329,6,329,S,1.056640625,119,SS,0.0,2486.5400402974196,2491.4306505440773,0.5193919721076693,0.0012627840042114258,4.890610246657616,4.155135776862153,0.7354744697954629,0.8496149902155652
600330,6,330,S,1.00390625,139,SS,0.0,2491.4306505440773,2502.1218442668287,0.542550173428714,0.0011657476425170898,10.69119372275145,4.340401387431484,6.350792335319966,0.4059791170180436
600331,6,331,S,0.9765625,121,SS,0.0,2502.1218442668287,2506.281532706249,0.5199610549276941,0.001152634620666504,4.159688439420279,4.159688439420279,0.0,1.0
600332,6,332,S,1.021484375,142,SS,0.0,2506.281532706249,2517.6723837617956,0.5469298812432851,0.0011854171752929688,11.390851055546591,4.375439049945271,7.01541200560132,0.38411871322070545
600333,6,333,S,1.025390625,130,SS,0.0,2517.6723837617956,2522.996995636516,0.5310955299638106,0.0012063980102539062,5.324611874720631,4.248764239709999,1.075847635010632,0.7979481584153814
600334,6,334,S,1.0615234375,112,SS,0.0,2522.996995636516,2533.923385401731,0.511933462278269,0.001278519630432129,10.926389765214935,4.095467698225548,6.8309220669893875,0.37482350403276
600335,6,335,S,1.0302734375,141,SS,0.0,2533.923385401731,2539.2733737526005,0.5458064586340196,0.0011985301971435547,5.349988350869353,4.366451669073285,0.9835366817960676,0.8161609675960796
600336,6,336,S,1.060546875,122,SS,0.0,2539.2733737526005,2550.6837849625367,0.5227049563194774,0.0012640953063964844,11.410411209936228,4.181639650556463,7.228771559379766,0.36647580649109956
600337,6,337,S,0.9619140625,135,SS,0.0,2550.6837849625367,2556.039869204636,0.5363270430124666,0.0011146068572998047,5.356084242099314,4.290616344100272,1.0654678979990422,0.8010733495144892
600338,6,338,S,0.9599609375,117,SS,0.0,2556.039869204636,2567.214901009287,0.5153820893112921,0.0011355876922607422,10.699745838334366,3.6477707481753896,7.051975090158976,0.3409212520830532
700207,7,207,S,1.0087890625,125,SS,0.0,1555.219968612403,1567.322705879568,0.524881780540641,0.0011906623840332031,0.5830908365976484,0.5830908365976484,0.0,1.0
700208,7,208,S,0.994140625,138,SS,0.0,1567.322705879568,1571.6507522061663,0.5410057908247372,0.0011539459228515625,4.328046326598269,4.328046326598269,0.0,1.0
700209,7,209,S,1.02734375,133,SS,0.0,1571.6507522061663,1583.5632352752148,0.5351193977829111,0.0012050867080688477,11.912483069048449,4.280955182262915,7.631527886785534,0.35936715774949435
700210,7,210,S,0.955078125,135,SS,0.0,1583.5632352752148,1587.8526420193286,0.536175843014196,0.0011054277420043945,4.289406744113876,4.289406744113876,0.0,1.0
700211,7,211,S,0.966796875,135,SS,0.0,1587.8526420193286,1598.668630901005,0.5364350430112313,0.0011211633682250977,10.815988881676276,4.2914803440889955,6.52450853758728,0.39677188937937374
700212,7,212,S,1.0224609375,138,SS,0.0,1598.668630901005,1604.4081703923785,0.5416461108167888,0.0011919736862182617,5.7395394913735345,4.333168886534622,1.4063706048389122,0.754968041085409
700213,7,213,S,1.052734375,114,SS,0.0,1604.4081703923785,1612.246642065966,0.5139275050874053,0.0012640953063964844,7.838471673587492,4.111420040699159,3.727051632888333,0.5245180708572306
700214,7,214,S,0.9775390625,129,SS,0.0,1612.246642065966,1620.8397261601315,0.5287570673667481,0.0011434555053710938,8.593084094165533,4.23005653893415,4.363027555231383,0.492262904980325
700215,7,215,S,1.03515625,130,SS,0.0,1620.8397261601315,1628.9278190132607,0.5313035299617905,0.0012195110321044922,8.088092853129183,4.250428239694884,3.837664613434299,0.5255167462686146
700216,7,216,S,0.943359375,113,SS,0.0,1628.9278190132607,1637.2009743495241,0.5108248836941006,0.0011185407638549805,8.273155336263471,4.0865990695529035,4.186556266710568,0.49395894352910763
700217,7,217,S,0.990234375,143,SS,0.0,1637.2009743495241,1643.9248792618894,0.5475241838600526,0.0011421442031860352,6.723904912365242,4.38019347088084,2.343711441484402,0.6514359628771188
700218,7,218,S,0.9580078125,133,SS,0.0,1643.9248792618894,1653.7602542536338,0.5336085177991725,0.0011119842529296875,9.835374991744402,4.26886814239333,5.566506849351072,0.4340320675090197
700219,7,219,S,0.98828125,118,SS,0.0,1653.7602542536338,1658.9599953296367,0.5169920707123496,0.0011723041534423828,5.199741076002965,4.135936565699012,1.063804510303953,0.7954120224921472
700220,7,220,S,1.0048828125,117,SS,0.0,1658.9599953296367,1670.2447061848015,0.5162432093057662,0.0011959075927734375,11.284710855164803,4.12994567444548,7.154765180719323,0.36597709302895254
700221,7,221,S,0.9580078125,118,SS,0.0,1670.2447061848015,1674.3759605105315,0.5164067907162537,0.0011316537857055664,4.131254325729969,4.131254325729969,0.0,1.0
700222,7,222,S,1.0322265625,122,SS,0.0,1674.3759605105315,1686.1657860216749,0.5221388763238031,0.0012260675430297852,11.789825511143363,4.177111010591034,7.612714500552329,0.35429795009628967
700223,7,223,S,1.0009765625,132,SS,0.0,1686.1657860216749,1690.4315599031345,0.5332217351823503,0.0011709928512573242,4.265773881459609,4.265773881459609,0.0,1.0
700224,7,224,S,1.009765625,135,SS,0.0,1690.4315599031345,1700.86986246967,0.537385443000361,0.0011788606643676758,10.438302566535413,4.299083544003224,6.139219022532188,0.4118565750130519
700225,7,225,S,0.982421875,140,SS,0.0,1700.86986246967,1706.1752483791508,0.543380956041858,0.0011355876922607422,5.305385909480947,4.34704764833441,0.9583382611465368,0.8193650231109586
700226,7,226,S,1.046875,133,SS,0.0,1706.1752483791508,1713.9820756171187,0.5355449977783303,0.0012313127517700195,7.806827237967809,4.284359982226306,3.5224672557415033,0.5487965663425601
700227,7,227,S,0.9814453125,133,SS,0.0,1713.9820756171187,1721.5295955573501,0.5341192377936756,0.0011434555053710938,7.547519940231496,4.2729539023494,3.2745660378820958,0.5661401276428215
700228,7,228,S,0.974609375,142,SS,0.0,1721.5295955573501,1729.5730637515705,0.5458393212581707,0.0011224746704101562,8.043468194220395,4.3667145700655965,3.6767536241547987,0.5428895178827565
700229,7,229,S,1.056640625,119,SS,0.0,1729.5730637515705,1736.05794377138,0.5193919721076693,0.0012627840042114258,6.484880019809452,4.155135776862153,2.3297442429472994,0.6407421207746947
700230,7,230,S,1.037109375,118,SS,0.0,1736.05794377138,1741.4345352754767,0.517936070706053,0.0012378692626953125,5.376591504096723,4.143488565649022,1.2331029384477006,0.7706534079243084
700231,7,231,S,0.9482421875,125,SS,0.0,1741.4345352754767,1748.860641741599,0.5236417805509687,0.0011093616485595703,7.426106466122292,4.189134244406887,3.236972221715405,0.5641091012521313
700232,7,232,S,1.0341796875,114,SS,0.0,1748.860641741599,1756.0177441455287,0.5135809450893569,0.001239180564880371,7.157102403929684,4.108647560715326,3.0484548432143583,0.5740657781366142
700233,7,233,S,1.05859375,112,SS,0.0,1756.0177441455287,1763.8543471763624,0.5118797022785424,0.0012745857238769531,7.836603030833658,4.095037618228162,3.741565412605496,0.5225526420205224
700234,7,234,S,1.01171875,141,SS,0.0,1763.8543471763624,1770.0303750475773,0.5453778186397407,0.0011736154556274414,6.176027871214956,4.363022549117886,1.8130053220970694,0.7064447635433981
700235,7,235,S,0.9501953125,131,SS,0.0,1770.0303750475773,1777.4473512401155,0.5308087125865784,0.001104116439819336,7.416976192538186,4.246469700692614,3.170506491845572,0.5725338184265382
700236,7,236,S,1.0068359375,114,SS,0.0,1777.4473512401155,1782.9617987795984,0.5130702250922328,0.0012024641036987305,5.514447539482944,4.104561800737429,1.4098857387455155,0.7443287421539762
700237,7,237,S,0.994140625,141,SS,0.0,1782.9617987795984,1789.307837273722,0.5449717386451606,0.0011500120162963867,6.346038494123604,4.359773909161959,1.9862645849616456,0.6870071641070385
700238,7,238,S,0.96484375,127,SS,0.0,1789.307837273722,1798.4440098647874,0.5261083033574983,0.0011290311813354492,9.13617259106536,4.208866426859458,4.927306164205902,0.4606815802686874
700239,7,239,S,0.98046875,124,SS,0.0,1798.4440098647874,1803.6007994066088,0.523235959140884,0.0011539459228515625,5.156789541821354,4.185887673127581,0.9709018686937725,0.8117235809567566
700240,7,240,S,1.0517578125,116,SS,0.0,1803.6007994066088,1813.9758153177552,0.516064267895836,0.0012601613998413086,10.37501591114642,4.128514143167195,6.246501767979225,0.3979284637753391
700241,7,241,S,1.001953125,130,SS,0.0,1813.9758153177552,1818.220585957504,0.5305963299686588,0.0011749267578125,4.244770639748822,4.244770639748822,0.0,1.0
700242,7,242,S,1.029296875,141,SS,0.0,1818.220585957504,1826.7720990257164,0.5457838986343208,0.001197218894958496,8.551513068212444,4.366271189073814,4.18524187913863,0.5105846362211679
700243,7,243,S,0.9794921875,119,SS,0.0,1826.7720990257164,1833.7163307419316,0.5178878121180767,0.0011591911315917969,6.944231716215199,4.143102496944266,2.8011292192709334,0.5966250358941612
700244,7,244,S,1.0068359375,118,SS,0.0,1833.7163307419316,1840.1374926536346,0.5173507907099569,0.001197218894958496,6.421161911702939,4.13880632567998,2.282355586022959,0.644557228519151
700245,7,245,S,0.9892578125,135,SS,0.0,1840.1374926536346,1849.6798865617648,0.5369318430055491,0.0011513233184814453,9.54239390813018,4.2954547440440365,5.246939164086143,0.4501443542782574
700246,7,246,S,0.962890625,124,SS,0.0,1849.6798865617648,1856.0119289313373,0.5228788391437778,0.0011303424835205078,6.332042369572491,4.183030713149492,2.1490116564229993,0.660613190658721
700247,7,247,S,0.9892578125,120,SS,0.0,1856.0119289313373,1865.3204814242324,0.5191454735212949,0.0011709928512573242,9.30855249289516,4.153163788170787,5.155388704724373,0.44616644653835574
700248,7,248,S,1.0166015625,136,SS,0.0,1865.3204814242324,1869.631379869075,0.5388623056052322,0.0011867284774780273,4.310898444842678,4.310898444842678,0.0,1.0
700249,7,249,S,0.998046875,142,SS,0.0,1869.631379869075,1881.1339552995596,0.546384601250728,0.0011539459228515625,11.502575430484512,4.371076810006343,7.131498620478169,0.3800085325606271
700250,7,250,S,0.943359375,140,SS,0.0,1881.1339552995596,1885.4738349479885,0.5424849560535419,0.0010831356048583984,4.339879648428905,4.339879648428905,0.0,1.0
700251,7,251,S,0.9541015625,129,SS,0.0,1885.4738349479885,1894.0943276667795,0.52826170737138,0.0011119842529296875,8.620492718790956,4.226093658971877,4.394399059819079,0.49023806374313555
700252,7,252,S,1.013671875,141,SS,0.0,1894.0943276667795,1901.0441987539268,0.5454229386391385,0.0011762380599975586,6.949871087147358,4.363383509113191,2.5864875780341663,0.627836610837653
700253,7,253,S,0.9814453125,135,SS,0.0,1901.0441987539268,1908.5395526716711,0.5367590430075255,0.0011408329010009766,7.495353917744296,4.294072344060623,3.201281573683673,0.5728978766292748
700254,7,254,S,0.984375,128,SS,0.0,1908.5395526716711,1917.0691223803121,0.5275811647584991,0.0011539459228515625,8.52956970864102,4.220649318067444,4.308920390573576,0.49482558467066007
700255,7,255,S,1.05859375,114,SS,0.0,1917.0691223803121,1922.0342270966162,0.5140369450867891,0.001271963119506836,4.96510471630404,4.112295560695202,0.8528091556088384,0.8282394421997894
700256,7,256,S,0.939453125,128,SS,0.0,1922.0342270966162,1932.2593233008342,0.5266390847669628,0.0010936260223388672,10.225096204218062,4.213112678135076,6.011983526082986,0.4120364829816545
700257,7,257,S,1.0146484375,115,SS,0.0,1932.2593233008342,1936.3736238328006,0.5142875664957957,0.0012116432189941406,4.114300531966364,4.114300531966364,0.0,1.0
700258,7,258,S,1.009765625,122,SS,0.0,1936.3736238328006,1944.8115065028194,0.5216899163272337,0.0011959075927734375,8.43788267001878,4.173519330617637,4.264363339401143,0.4946168954738912
700259,7,259,S,1.0185546875,129,SS,0.0,1944.8115065028194,1951.8078676001637,0.5296239473586422,0.0011985301971435547,6.996361097344334,4.2369915788694925,2.7593695184748412,0.605599327981765
700260,7,260,S,1.0400390625,138,SS,0.0,1951.8078676001637,1957.9699259439083,0.5420435508118554,0.0012155771255493164,6.1620583437445475,4.336348406495745,1.8257099372488028,0.7037175184973404
700261,7,261,S,0.9765625,140,SS,0.0,1957.9699259439083,1967.2201063284144,0.5432465560436106,0.0011277198791503906,9.250180384506166,4.34597244834913,4.904207936157036,0.4698256971970548
700262,7,262,S,1.0029296875,123,SS,0.0,1967.2201063284144,1971.4010885502764,0.522622777732732,0.0011854171752929688,4.180982221861996,4.180982221861996,0.0,1.0
700263,7,263,S,1.0166015625,126,SS,0.0,1971.4010885502764,1982.860610638755,0.5261135219436816,0.0011998414993286133,11.45952208847848,4.208908175549368,7.250613912929111,0.36728479102815703
700264,7,264,S,1.0078125,115,SS,0.0,1982.860610638755,1986.9738807707279,0.5141587664965553,0.0012024641036987305,4.113270131972968,4.113270131972968,0.0,1.0
700265,7,265,S,1.0615234375,139,SS,0.0,1986.9738807707279,1993.3784212894468,0.5438623334120118,0.0012431144714355469,6.404540518718932,4.35089866729686,2.0536418514220713,0.6793459506705016
700266,7,266,S,0.9970703125,114,SS,0.0,1993.3784212894468,2002.6025317309454,0.5128878250932598,0.0011893510818481445,9.224110441498624,4.103102600745842,5.121007840752782,0.4448236636766915
700267,7,267,S,1.0322265625,123,SS,0.0,2002.6025317309454,2007.5853017223403,0.5232131777280832,0.0012247562408447266,4.982769991394889,4.1857054218253325,0.7970645695695566,0.8400358493476388
700268,7,268,S,0.9765625,133,SS,0.0,2007.5853017223403,2018.4435211268842,0.5340128377948208,0.0011368989944458008,10.858219404543888,4.272102702358097,6.586116702185791,0.39344413141719453
700269,7,269,S,0.943359375,120,SS,0.0,2018.4435211268842,2022.589465715107,0.5182430735277596,0.0011093616485595703,4.1459445882228465,4.1459445882228465,0.0,1.0
700270,7,270,S,1.0361328125,115,SS,0.0,2022.589465715107,2033.1648098979135,0.5146923664934083,0.0012404918670654297,10.575344182806475,4.1175389319469105,6.457805250859565,0.3893527114362156
700271,7,271,S,1.015625,119,SS,0.0,2033.1648098979135,2038.5467905507905,0.5185922921132023,0.0012077093124389648,5.381980652877019,4.148738336905808,1.2332423159712107,0.7708571629086102
700272,7,272,S,1.041015625,124,SS,0.0,2038.5467905507905,2044.6352890598716,0.5244660391309165,0.0012352466583251953,6.0884985090810915,4.195728313046857,1.8927701960342347,0.6891236495810686
700273,7,273,S,0.9873046875,142,SS,0.0,2044.6352890598716,2054.6430349679754,0.5461346812541392,0.001139521598815918,10.007745908103743,4.369077450032137,5.638668458071606,0.43656958221673964
700274,7,274,S,0.9404296875,134,SS,0.0,2054.6430349679754,2059.7590360531553,0.5345386604105985,0.0010870695114135742,5.11600108517996,4.276309283286537,0.839691801893423,0.8358695027790664
700275,7,275,S,1.0068359375,124,SS,0.0,2059.7590360531553,2070.30327366656,0.5237716391365432,0.0011893510818481445,10.544237613404675,4.1901731130928965,6.354064500311779,0.3973898603883902
700276,7,276,S,0.94921875,127,SS,0.0,2070.30327366656,2074.5095391334444,0.5257831833603492,0.0011080503463745117,4.206265466884361,4.206265466884361,0.0,1.0
700277,7,277,S,1.03515625,134,SS,0.0,2074.5095391334444,2086.0873873577434,0.5366183403875082,0.0012142658233642578,11.577848224299032,4.292946723100613,7.284901501198419,0.37078968733505957
700278,7,278,S,1.01171875,122,SS,0.0,2086.0873873577434,2090.2612190083596,0.5217289563269354,0.0011985301971435547,4.173831650616194,4.173831650616194,0.0,1.0
700279,7,279,S,1.0439453125,118,SS,0.0,2090.2612190083596,2099.1475425854173,0.5180682307051715,0.0012470483779907227,8.886323577057738,4.144545845640096,4.741777731417642,0.46639600839432355
700280,7,280,S,1.0341796875,131,SS,0.0,2099.1475425854173,2106.058925001888,0.532611272568431,0.001216888427734375,6.9113824164705875,4.260890180546994,2.6504922359235934,0.6165033163832495
700281,7,281,S,0.974609375,115,SS,0.0,2106.058925001888,2111.125698243728,0.5135331665002448,0.0011578798294067383,5.06677324184011,4.108265332000883,0.9585079098392271,0.8108247864885455
700282,7,282,S,1.0029296875,139,SS,0.0,2111.125698243728,2122.4070765124848,0.5425279334289972,0.0011644363403320312,11.281378268756725,4.340223467432224,6.941154801324501,0.3847245756710667
700283,7,283,S,1.0322265625,130,SS,0.0,2122.4070765124848,2127.6130431145534,0.5312411299623966,0.0012155771255493164,5.205966602068656,4.249929039699055,0.9560375623696018,0.8163573385219743
700284,7,284,S,1.015625,117,SS,0.0,2127.6130431145534,2138.631243012852,0.5164491293044446,0.001210331916809082,11.018199898298462,4.131593034435355,6.886606863863108,0.37497895051562785
700285,7,285,S,0.9970703125,127,SS,0.0,2138.631243012852,2143.732298583981,0.5267788633516182,0.0011723041534423828,5.101055571129109,4.214230906811281,0.8868246643178281,0.8261487937247601
700286,7,286,S,0.9951171875,141,SS,0.0,2143.732298583981,2154.4497187928064,0.5449942986448595,0.0011513233184814453,10.717420208825388,4.359954389157792,6.3574658196675955,0.4068100628887851
700287,7,287,S,0.978515625,122,SS,0.0,2154.4497187928064,2158.6182410034635,0.5210652763320066,0.0011539459228515625,4.168522210657102,4.168522210657102,0.0,1.0
700288,7,288,S,1.052734375,138,SS,0.0,2158.6182410034635,2170.902032877328,0.5423305908082924,0.0012326240539550781,12.28379187386463,4.338644726467464,7.945147147397165,0.35320076821705987
700289,7,289,S,0.9970703125,125,SS,0.0,2170.902032877328,2175.0991671216675,0.52464178054264,0.0011749267578125,4.197134244339395,4.197134244339395,0.0,1.0
700290,7,290,S,1.056640625,133,SS,0.0,2175.0991671216675,2187.1189210280336,0.53575779777604,0.0012444257736206055,12.019753906366077,4.286062382208911,7.733691524157166,0.35658486983987786
700291,7,291,S,0.994140625,121,SS,0.0,2187.1189210280336,2191.2813973074353,0.5203095349251137,0.0011762380599975586,4.162476279401744,4.162476279401744,0.0,1.0
700292,7,292,S,1.0439453125,138,SS,0.0,2191.2813973074353,2202.4031315218276,0.5421318708107591,0.0012208223342895508,11.12173421439229,4.337054966486903,6.7846792479053875,0.3899621122823143
700293,7,293,S,1.0263671875,129,SS,0.0,2202.4031315218276,2208.130584839637,0.5297890673570982,0.0012090206146240234,5.72745331780925,4.238312538855098,1.4891407789541518,0.739999490816671
700294,7,294,S,0.9912109375,118,SS,0.0,2208.130584839637,2218.555251740804,0.5170487107119719,0.0011762380599975586,10.424666901167257,4.136389685696486,6.288277215470771,0.39678866719792566
700295,7,295,S,0.9638671875,115,SS,0.0,2218.555251740804,2224.7071991968173,0.5133307665014386,0.0011434555053710938,6.151947456013204,4.1066461320115195,2.0453013240016844,0.6675359569265322
700296,7,296,S,0.998046875,115,SS,0.0,2224.7071991968173,2231.235127810183,0.5139747664976405,0.0011893510818481445,6.527928613365475,4.111798131980322,2.416130481385153,0.6298779253746287
700297,7,297,S,1.001953125,118,SS,0.0,2231.235127810183,2240.845091909268,0.5172563907105866,0.0011906623840332031,9.609964099085119,4.138051125682978,5.471912973402141,0.4306000608344547
700298,7,298,S,1.037109375,114,SS,0.0,2240.845091909268,2244.9541772299813,0.5136356650890487,0.0012431144714355469,4.109085320713348,4.109085320713348,0.0,1.0
700299,7,299,S,1.0517578125,140,SS,0.0,2244.9541772299813,2257.592533163652,0.544971356021119,0.0012286901473999023,12.638355933670937,4.359770848168409,8.278585085502527,0.34496344865182715
700300,7,300,S,0.9638671875,122,SS,0.0,2257.592533163652,2261.7587129743247,0.520772476334244,0.0011342763900756836,4.166179810672475,4.166179810672475,0.0,1.0
700301,7,301,S,1.025390625,129,SS,0.0,2261.7587129743247,2274.515206942319,0.5297684273572911,0.0012077093124389648,12.756493967994174,4.238147418858716,8.518346549135458,0.3322345018538915
700302,7,302,S,0.939453125,117,SS,0.0,2274.515206942319,2278.63511869683,0.5149889693138149,0.0011080503463745117,4.119911754511122,4.119911754511122,0.0,1.0
700303,7,303,S,0.98046875,114,SS,0.0,2278.63511869683,2291.4736415472294,0.5125777450950061,0.0011670589447021484,12.838522850399386,4.100621960758872,8.737900889640514,0.3193998257074651
700304,7,304,S,1.0400390625,117,SS,0.0,2291.4736415472294,2295.6089785816407,0.5169171293014415,0.0012431144714355469,4.13533703441135,4.13533703441135,0.0,1.0
700305,7,305,S,0.9658203125,141,SS,0.0,2295.6089785816407,2306.9042975136135,0.5443174986538927,0.0011119842529296875,11.295318931972815,4.354539989231853,6.9407789427409625,0.3855172231485896
700306,7,306,S,1.0283203125,116,SS,0.0,2306.9042975136135,2312.318255666566,0.5156188278985797,0.0012286901473999023,5.413958152952546,4.124950623187033,1.289007529765513,0.7619103263547499
700307,7,307,S,0.9638671875,123,SS,0.0,2312.318255666566,2322.124186786771,0.5218355777389304,0.001132965087890625,9.80593112020506,4.174684621910274,5.631246498294786,0.4257305676263993
700308,7,308,S,1.029296875,130,SS,0.0,2322.124186786771,2329.026965162286,0.5311787299630026,0.0012116432189941406,6.902778375515027,4.249429839703225,2.6533485358118014,0.6156115130070605
700309,7,309,S,0.9775390625,126,SS,0.0,2329.026965162286,2335.256739313314,0.5253071219505767,0.0011473894119262695,6.229774151027868,4.202456975603127,2.0273171754247414,0.6745761361043484
700310,7,310,S,1.041015625,119,SS,0.0,2335.256739313314,2345.2937919870546,0.5190873321097771,0.0012418031692504883,10.037052673740618,4.152698656878783,5.884354016861835,0.413736859999077
700311,7,311,S,0.94140625,123,SS,0.0,2345.2937919870546,2349.9466228973893,0.5213829377424947,0.0011028051376342773,4.652830910334615,4.171063501940807,0.4817674083938073,0.8964571423982479
700312,7,312,S,0.9638671875,130,SS,0.0,2349.9466228973893,2361.629929328309,0.529785129976537,0.0011237859725952148,11.683306430919856,4.238281039812136,7.44502539110772,0.3627638344394983
700313,7,313,S,1.04296875,123,SS,0.0,2361.629929328309,2365.8173665901204,0.5234296577263786,0.001239180564880371,4.187437261811283,4.187437261811283,0.0,1.0
700314,7,314,S,1.0244140625,121,SS,0.0,2365.8173665901204,2377.7043674138663,0.5209096949206697,0.001216888427734375,11.887000823745893,4.167277559365175,7.719723264380718,0.35057434765550566
700315,7,315,S,0.9736328125,126,SS,0.0,2377.7043674138663,2381.906179269478,0.5252264819512662,0.0011421442031860352,4.201811855611595,4.201811855611595,0.0,1.0
700316,7,316,S,0.978515625,120,SS,0.0,2381.906179269478,2393.774032190878,0.5189342735228079,0.0011565685272216797,11.8678529214003,4.1514741881837836,7.716378733216516,0.34980836177180624
700317,7,317,S,1.0576171875,123,SS,0.0,2393.774032190878,2397.963831052671,0.5237248577240541,0.00125885009765625,4.189798861792951,4.189798861792951,0.0,1.0
700318,7,318,S,0.9921875,131,SS,0.0,2397.963831052671,2403.8834961624025,0.5317099925775046,0.0011605024337768555,5.919665109731341,4.253679940618895,1.6659851691124459,0.7185676658678323
700319,7,319,S,0.9384765625,129,SS,0.0,2403.8834961624025,2413.6186261095795,0.5279314673744679,0.00109100341796875,9.735129947177029,4.223451738995209,5.51167820818182,0.43383619550141866
700320,7,320,S,1.0185546875,127,SS,0.0,2413.6186261095795,2418.6835849195027,0.5272259033476981,0.0012011528015136719,5.064958809923155,4.217807226781588,0.8471515831415672,0.8327426510395609
700321,7,321,S,1.0244140625,112,SS,0.0,2418.6835849195027,2428.936594690606,0.5112525022817308,0.0012286901473999023,10.25300977110328,4.090020018255018,6.162989752848262,0.3989092090580257
700322,7,322,S,1.0615234375,129,SS,0.0,2428.936594690606,2434.12290891294,0.5305321073501502,0.0012562274932861328,5.186314222334204,4.244256858801236,0.9420573635329674,0.8183570599181752
700323,7,323,S,1.0009765625,139,SS,0.0,2434.12290891294,2440.5526511527078,0.5424834534295634,0.001161813735961914,6.42974223976762,4.339867627437343,2.089874612330277,0.674967590550596
700324,7,324,S,0.986328125,126,SS,0.0,2440.5526511527078,2449.1861564786686,0.5254885619490252,0.0011591911315917969,8.633505325960869,4.20390849559044,4.4295968303704285,0.48692950740984975
700325,7,325,S,1.0048828125,141,SS,0.0,2449.1861564786686,2455.2210556862674,0.5452198986418484,0.0011644363403320312,6.034899207598755,4.361759189134318,1.6731400184644372,0.7227559299817754
700326,7,326,S,1.0341796875,142,SS,0.0,2455.2210556862674,2465.2089098595384,0.5472252412392536,0.0012024641036987305,9.98785417327099,4.377801929913403,5.610052243357586,0.43831255983182693
700327,7,327,S,1.0146484375,117,SS,0.0,2465.2089098595384,2470.174664814101,0.516430409304565,0.0012090206146240234,4.965754954562726,4.131443274436606,0.8343116801261203,0.8319869410069213
700328,7,328,S,0.978515625,112,SS,0.0,2470.174664814101,2480.9828284830896,0.5104102622860126,0.0011670589447021484,10.808163668988527,4.0832820982868725,6.724881570701655,0.3777961014786338
700329,7,329,S,0.9990234375,134,SS,0.0,2480.9828284830896,2486.1791835624167,0.5358250603963158,0.0011657476425170898,5.196355079327077,4.286600483170332,0.9097545961567448,0.8249244745078973
700330,7,330,S,1.029296875,143,SS,0.0,2486.1791835624167,2492.654234669252,0.5484393838472876,0.001194596290588379,6.475051106835508,4.387515070779045,2.0875360360564628,0.6776031568534314
700331,7,331,S,0.98828125,117,SS,0.0,2492.654234669252,2502.0055259932496,0.5159249693078084,0.0011736154556274414,9.35129132399743,4.127399754463113,5.223891569534317,0.4413721711215771
700332,7,332,S,0.953125,133,SS,0.0,2502.0055259932496,2506.2735429356517,0.5335021178003178,0.0011054277420043945,4.268016942402028,4.268016942402028,0.0,1.0
700333,7,333,S,1.0439453125,127,SS,0.0,2506.2735429356517,2516.3741534921846,0.5277542233430654,0.0012352466583251953,10.100610556532956,4.22203378674385,5.878576769789106,0.41799787875328864
700334,7,334,S,1.0146484375,135,SS,0.0,2516.3741534921846,2521.463401522798,0.5374934429991257,0.0011854171752929688,5.089248030613362,4.299947543993767,0.7893004866195952,0.8449082296890003
700335,7,335,S,1.0107421875,142,SS,0.0,2521.463401522798,2532.3190830061617,0.5466799612466964,0.0011709928512573242,10.855681483363696,4.373439689974475,6.482241793389221,0.40287104007949753
700336,7,336,S,1.0625,121,SS,0.0,2532.3190830061617,2537.6702954294487,0.521664734915079,0.0012680292129516602,5.351212423287052,4.173317879321985,1.177894543965067,0.779882678766557
700337,7,337,S,0.958984375,117,SS,0.0,2537.6702954294487,2544.432254917012,0.5153633693114122,0.0011342763900756836,6.761959487563217,4.122906954489736,2.6390525330734818,0.6097207417572821
700338,7,338,S,0.966796875,128,SS,0.0,2544.432254917012,2554.2600234647566,0.527212524761811,0.0011303424835205078,9.827768547744654,4.217700198096281,5.6100683496483725,0.42916153118646544
700339,7,339,S,1.01953125,119,SS,0.0,2554.2600234647566,2559.3915491503476,0.5186684521126753,0.0012129545211791992,5.1315256855909865,4.14934761690165,0.9821780686893362,0.8085992102802423
700340,7,340,S,0.9892578125,137,SS,0.0,2559.3915491503476,2569.7547587306767,0.5395742082192547,0.0011487007141113281,7.348065892622799,1.3014499780470032,6.046615914575796,0.17711463085185633
800207,8,207,S,1.0029296875,129,SS,0.0,1561.2424082874525,1569.943806065544,0.5292937073617301,0.0011775493621826172,3.2041910225736956,3.2041910225736956,0.0,1.0
800208,8,208,S,0.966796875,136,SS,0.0,1569.943806065544,1576.3757034993823,0.5377525456182913,0.001119852066040039,6.43189743383823,4.302020364946657,2.129877068891574,0.6688571155245286
800209,8,209,S,1.0,144,SS,0.0,1576.3757034993823,1586.271404424952,0.5490759264636151,0.0011539459228515625,9.8957009255696,4.392607411708013,5.503093513861586,0.4438904777687765
800210,8,210,S,1.0234375,116,SS,0.0,1586.271404424952,1591.315910100195,0.5155260278991514,0.0012221336364746094,5.044505675243045,4.124208223192909,0.9202974520501357,0.8175643935605651
800211,8,211,S,1.0361328125,143,SS,0.0,1591.315910100195,1602.740173440386,0.5485995438450538,0.001203775405883789,11.424263340190919,4.388796350760458,7.035466989430461,0.38416449446858725
800212,8,212,S,1.0009765625,126,SS,0.0,1602.740173440386,1607.2022915146845,0.5257909619464396,0.0011788606643676758,4.462118074298587,4.206327695572327,0.2557903787262603,0.942675120992519
800213,8,213,S,1.015625,143,SS,0.0,1607.2022915146845,1619.2975958684708,0.5481190638517554,0.0011762380599975586,12.095304353786332,4.384952510814401,7.7103518429719315,0.36253345782421165
800214,8,214,S,0.951171875,128,SS,0.0,1619.2975958684708,1623.5126746265885,0.5268848447647548,0.0011093616485595703,4.21507875811767,4.21507875811767,0.0,1.0
800215,8,215,S,1.017578125,144,SS,0.0,1623.5126746265885,1635.9709481580887,0.5494906464577086,0.0011775493621826172,12.458273531500254,4.395925171662384,8.06234835983787,0.352851874743917
800216,8,216,S,1.005859375,135,SS,0.0,1635.9709481580887,1640.2693405021002,0.5372990430013492,0.0011736154556274414,4.298392344011518,4.298392344011518,0.0,1.0
800217,8,217,S,0.9423828125,123,SS,0.0,1640.2693405021002,1652.2827243015336,0.5214026177423396,0.001104116439819336,12.013383799433313,4.171220941938373,7.842162857494941,0.34721449106913027
800218,8,218,S,0.98828125,130,SS,0.0,1652.2827243015336,1656.525165341306,0.5303051299714868,0.0011565685272216797,4.24244103977253,4.24244103977253,0.0,1.0
800219,8,219,S,0.9560546875,124,SS,0.0,1656.525165341306,1668.8691456184679,0.5227399591449031,0.0011211633682250977,12.34398027716179,4.1819196731594275,8.162060604002363,0.33878210911407597
800220,8,220,S,0.982421875,136,SS,0.0,1668.8691456184679,1673.1739512633812,0.5381007056141943,0.0011408329010009766,4.304805644913358,4.304805644913358,0.0,1.0
800221,8,221,S,1.0556640625,121,SS,0.0,1673.1739512633812,1683.9012853534916,0.5215292149160825,0.00125885009765625,10.72733409011039,4.172233719327778,6.555100370782611,0.3889348168222142
800222,8,222,S,0.943359375,124,SS,0.0,1683.9012853534916,1689.2393662148936,0.5224820391469931,0.001104116439819336,5.338080861401977,4.17985631317606,1.1582245482259168,0.7830260390769495
800223,8,223,S,0.982421875,127,SS,0.0,1689.2393662148936,1698.231510572141,0.5264740633542909,0.001152634620666504,8.992144357247298,4.211792506834172,4.780351850413126,0.4683857753506415
800224,8,224,S,1.025390625,123,SS,0.0,1698.231510572141,1704.8995932674245,0.523075417729168,0.0012155771255493164,6.668082695283601,4.184603341833281,2.4834793534503206,0.6275572054307441
800225,8,225,S,1.0390625,121,SS,0.0,1704.8995932674245,1712.7625928528346,0.5212000949185195,0.001236557960510254,7.86299958541008,4.169600759347304,3.6933988260627757,0.5302811877396082
800226,8,226,S,0.962890625,117,SS,0.0,1712.7625928528346,1719.135913707016,0.5154382493109317,0.001139521598815918,6.373320854181429,4.12350599448655,2.2498148596948795,0.6469948852145403
800227,8,227,S,0.998046875,140,SS,0.0,1719.135913707016,1724.3537327398735,0.5437393560371844,0.0011565685272216797,5.217819032857506,4.349914848296976,0.8679041845605298,0.8336653342909772
800228,8,228,S,1.0380859375,128,SS,0.0,1724.3537327398735,1733.3051637405372,0.5287075647483797,0.0012260675430297852,8.95143100066366,4.229660517987213,4.7217704826764475,0.4725122181775881
800229,8,229,S,1.0234375,120,SS,0.0,1733.3051637405372,1739.5739766491242,0.5198174735164808,0.001216888427734375,6.268812908587051,4.158539788131748,2.110273120455304,0.6633695802973094
800230,8,230,S,0.970703125,118,SS,0.0,1739.5739766491242,1747.6192579943058,0.5166522307146165,0.0011487007141113281,8.045281345181593,4.133217845717809,3.912063499463784,0.5137443513014294
800231,8,231,S,0.9404296875,121,SS,0.0,1747.6192579943058,1754.0479216910032,0.5192447349329979,0.001104116439819336,6.428663696697413,4.153957879463633,2.27470581723378,0.6461619514484229
800232,8,232,S,1.0556640625,140,SS,0.0,1754.0479216910032,1762.923695535404,0.5450609560199506,0.0012339353561401367,8.875773844400783,4.360487648160415,4.515286196240368,0.491279715391937
800233,8,233,S,1.0615234375,128,SS,0.0,1762.923695535404,1768.0680910885,0.529199084743964,0.0012575387954711914,5.144395553096047,4.233592677952402,0.910802875143645,0.822952402134883
800234,8,234,S,0.947265625,143,SS,0.0,1768.0680910885,1774.262699093315,0.5465174638740943,0.001084446907043457,6.1946080048148815,4.372139710992997,1.8224682938218848,0.7057976400757989
800235,8,235,S,0.96875,138,SS,0.0,1774.262699093315,1782.184268548059,0.5404317108318634,0.001119852066040039,7.921569454744031,4.32345368665483,3.598115768089201,0.5457824628509217
800236,8,236,S,1.037109375,114,SS,0.0,1782.184268548059,1788.2302281343043,0.5136356650890487,0.0012431144714355469,6.045959586245317,4.109085320711529,1.9368742655337883,0.6796415460764546
800237,8,237,S,0.9384765625,144,SS,0.0,1788.2302281343043,1797.3467158169253,0.5476244064842877,0.001071333885192871,9.116487682621027,4.380995251874992,4.735492430746035,0.4805573598510516
800238,8,238,S,1.01171875,118,SS,0.0,1797.3467158169253,1801.4862773426005,0.5174451907093274,0.001203775405883789,4.139561525675163,4.139561525675163,0.0,1.0
800239,8,239,S,1.0595703125,113,SS,0.0,1801.4862773426005,1811.4164999070663,0.5129764036825687,0.0012745857238769531,9.930222564465794,4.103811229460916,5.826411335004877,0.4132647785907591
800240,8,240,S,1.021484375,139,SS,0.0,1811.4164999070663,1817.2621137273993,0.5429504934236185,0.0011893510818481445,5.845613820333028,4.343603947389056,1.5020098729439724,0.743053523700202
800241,8,241,S,1.0009765625,117,SS,0.0,1817.2621137273993,1823.925681789175,0.5161683293062468,0.0011906623840332031,6.663568061775777,4.129346634450485,2.534221427325292,0.6196900213472201
800242,8,242,S,1.0107421875,135,SS,0.0,1823.925681789175,1833.0155635053827,0.5374070430001139,0.0011801719665527344,9.089881716207628,4.299256344000241,4.790625372207387,0.47297164894175603
800243,8,243,S,1.005859375,143,SS,0.0,1833.0155635053827,1838.8972453522977,0.5478902638549467,0.0011631250381469727,5.881681846914944,4.383122110839395,1.4985597360755492,0.7452157775481221
800244,8,244,S,1.0244140625,127,SS,0.0,1838.8972453522977,1848.5688784827928,0.527347823346629,0.0012090206146240234,9.671633130495138,4.218782586773159,5.452850543721979,0.436201676578398
800245,8,245,S,0.96875,143,SS,0.0,1848.5688784827928,1854.0048900574486,0.5470208238670734,0.001113295555114746,5.436011574655822,4.3761665909369185,1.0598449837189037,0.8050326109200738
800246,8,246,S,0.9765625,143,SS,0.0,1854.0048900574486,1864.3679576243612,0.5472038638645204,0.0011237859725952148,10.363067566912605,4.377630910916196,5.985436655996409,0.42242616702540636
800247,8,247,S,1.005859375,123,SS,0.0,1864.3679576243612,1868.5494121662196,0.5226818177322672,0.0011893510818481445,4.181454541858329,4.181454541858329,0.0,1.0
800248,8,248,S,1.0048828125,141,SS,0.0,1868.5494121662196,1877.3190845565682,0.5452198986418484,0.0011644363403320312,8.76967239034866,4.361759189134318,4.407913201214342,0.4973685441128441
800249,8,249,S,0.994140625,120,SS,0.0,1877.3190845565682,1884.2455366267382,0.5192414735206072,0.0011775493621826172,6.926452070169944,4.15393178816521,2.7725202820047343,0.599719993162862
800250,8,250,S,0.9443359375,114,SS,0.0,1884.2455366267382,1890.5175899713515,0.5119028650988064,0.0011185407638549805,6.272053344613369,4.0952229207905475,2.176830423822821,0.6529317746169443
800251,8,251,S,1.0341796875,139,SS,0.0,1890.5175899713515,1899.4255041048539,0.5432396134199383,0.0012063980102539062,8.907914133502345,4.345916907359424,4.561997226142921,0.4878714413079698
800252,8,252,S,1.0146484375,126,SS,0.0,1899.4255041048539,1903.7024187531824,0.5260732019440263,0.001197218894958496,4.276914648328557,4.208585615551783,0.0683290327767736,0.9840237558157778
800253,8,253,S,0.990234375,123,SS,0.0,1903.7024187531824,1915.4548384668099,0.5223669377347465,0.001168370246887207,11.752419713627432,4.178935501877277,7.573484211750156,0.35558085940647804
800254,8,254,S,1.0361328125,133,SS,0.0,1915.4548384668099,1919.7373258090568,0.5353109177808497,0.001216888427734375,4.282487342246895,4.282487342246895,0.0,1.0
800255,8,255,S,0.9453125,144,SS,0.0,1919.7373258090568,1929.7746152124282,0.5477856864819907,0.0010805130004882812,10.03728940337146,4.382285491856237,5.655003911515223,0.4366004919997879
800256,8,256,S,1.0234375,114,SS,0.0,1929.7746152124282,1935.24084793465,0.5133803050904867,0.0012247562408447266,5.4662327222217755,4.107042440724399,1.3591902814973764,0.7513478934089496
800257,8,257,S,1.033203125,140,SS,0.0,1935.24084793465,1942.768732120482,0.5445457560266689,0.001203775405883789,7.527884185831908,4.356366048214113,3.171518137617795,0.578697272789232
800258,8,258,S,0.9375,114,SS,0.0,1942.768732120482,1950.6547076583722,0.5117751850995254,0.0011093616485595703,7.885975537890317,4.094201480796983,3.7917740570933347,0.519175016600708
800259,8,259,S,1.0615234375,131,SS,0.0,1950.6547076583722,1955.937085623021,0.5331981525625226,0.0012536048889160156,5.282377964648731,4.265585220500725,1.016792744148006,0.8075123077233984
800260,8,260,S,1.0166015625,141,SS,0.0,1955.937085623021,1966.2496161316699,0.5454906186382351,0.0011801719665527344,10.312530508648933,4.363924949106149,5.948605559542784,0.4231672280092848
800261,8,261,S,0.9580078125,121,SS,0.0,1966.2496161316699,1970.4063618511132,0.5195932149304177,0.0011277198791503906,4.156745719443279,4.156745719443279,0.0,1.0
800262,8,262,S,0.94140625,116,SS,0.0,1970.4063618511132,1978.9722127968457,0.5139669879087545,0.0011119842529296875,8.565850945732564,4.111735903270528,4.4541150424620355,0.480014878769162
800263,8,263,S,0.955078125,143,SS,0.0,1978.9722127968457,1986.103657452193,0.5467005038715412,0.0010949373245239258,7.131444655347195,4.373604030972274,2.7578406243749214,0.6132844384752986
800264,8,264,S,0.9560546875,136,SS,0.0,1986.103657452193,1991.41748543452,0.5375131856211081,0.0011054277420043945,5.313827982326984,4.300105484968299,1.0137224973586854,0.809229335098882
800265,8,265,S,0.9462890625,121,SS,0.0,1991.41748543452,2002.0679096898464,0.5193608949321379,0.0011119842529296875,10.65042425532647,4.154887159456848,6.495537095869622,0.3901147090341414
800266,8,266,S,1.0625,115,SS,0.0,2002.0679096898464,2006.1894230217702,0.5151891664904783,0.0012758970260620117,4.121513331923779,4.121513331923779,0.0,1.0
800267,8,267,S,1.037109375,136,SS,0.0,2006.1894230217702,2017.8721908393693,0.5393192655998549,0.0012142658233642578,11.682767817599142,4.3145541247995425,7.3682136927996,0.36930924179628194
800268,8,268,S,1.02734375,136,SS,0.0,2017.8721908393693,2022.1850041641885,0.5391016656024156,0.0012011528015136719,4.312813324819217,4.312813324819217,0.0,1.0
800269,8,269,S,0.9560546875,114,SS,0.0,2022.1850041641885,2031.2147785059108,0.5121217450975738,0.0011342763900756836,9.02977434172226,4.096973960780815,4.932800380941444,0.4537183107500995
800270,8,270,S,0.998046875,120,SS,0.0,2031.2147785059108,2038.1143497337796,0.519318273520057,0.0011827945709228516,6.899571227868819,4.154546188159657,2.7450250397091622,0.6021455610717621
800271,8,271,S,1.0068359375,134,SS,0.0,2038.1143497337796,2043.1459743829234,0.5359965803944114,0.0011762380599975586,5.0316246491438505,4.287972643154717,0.7436520059891336,0.8522043956288217
800272,8,272,S,0.94140625,122,SS,0.0,2043.1459743829234,2053.696803204663,0.5203235163376746,0.001104116439819336,10.550828821739515,4.162588130701124,6.388240691038391,0.3945271220896216
800273,8,273,S,0.953125,141,SS,0.0,2053.696803204663,2059.080894977397,0.544024218657807,0.0010949373245239258,5.384091772733882,4.352193749262369,1.0318980234715127,0.8083431585068348
800274,8,274,S,0.9384765625,137,SS,0.0,2059.080894977397,2069.802220893271,0.5384343682330384,0.0010805130004882812,10.721325915874331,4.307474945864669,6.413850970009662,0.4017669996848885
800275,8,275,S,0.9482421875,135,SS,0.0,2069.802220893271,2074.0904180373986,0.5360246430159252,0.0010962486267089844,4.28819714412748,4.28819714412748,0.0,1.0
800276,8,276,S,0.982421875,140,SS,0.0,2074.0904180373986,2085.95131638289,0.543380956041858,0.0011355876922607422,11.860898345491478,4.34704764833441,7.513850697157068,0.36650239481959596
800277,8,277,S,1.009765625,115,SS,0.0,2085.95131638289,2090.06488091486,0.5141955664963384,0.0012050867080688477,4.113564531970042,4.113564531970042,0.0,1.0
800278,8,278,S,0.9501953125,127,SS,0.0,2090.06488091486,2099.064601311976,0.5258035033601709,0.0011093616485595703,8.999720397115652,4.2064280268823495,4.793292370233303,0.46739541244308885
800279,8,279,S,0.9404296875,116,SS,0.0,2099.064601311976,2105.8606022269896,0.5139484279088689,0.001110672950744629,6.796000915013792,4.111587423270976,2.6844134917428164,0.6050010108426584
800280,8,280,S,1.01171875,133,SS,0.0,2105.8606022269896,2111.1528895056904,0.5347789177865757,0.0011841058731079102,5.292287278700769,4.278231342294021,1.0140559364067485,0.8083898543286006
800281,8,281,S,1.0615234375,119,SS,0.0,2111.1528895056904,2122.287714696017,0.5194871721070106,0.0012693405151367188,11.13482519032641,4.155897376855137,6.978927813471273,0.37323418246975726
800282,8,282,S,0.9619140625,127,SS,0.0,2122.287714696017,2127.5229283684935,0.5260473433580329,0.0011250972747802734,5.235213672476675,4.208378746865492,1.0268349256111833,0.8038599778630605
800283,8,283,S,0.9521484375,131,SS,0.0,2127.5229283684935,2138.3142172279877,0.5308506325861563,0.0011067390441894531,10.791288859494216,4.24680506068762,6.544483798806596,0.3935401151782964
800284,8,284,S,1.025390625,119,SS,0.0,2138.3142172279877,2142.464478764883,0.518782692111885,0.0012208223342895508,4.150261536895414,4.150261536895414,0.0,1.0
800285,8,285,S,0.970703125,141,SS,0.0,2142.464478764883,2154.3424014018233,0.5444302986523871,0.0011185407638549805,11.877922636940184,4.355442389220116,7.522480247720068,0.3666838488806744
800286,8,286,S,0.94921875,130,SS,0.0,2154.3424014018233,2158.57818644166,0.5294731299795672,0.001104116439819336,4.235785039836628,4.235785039836628,0.0,1.0
800287,8,287,S,0.9443359375,112,SS,0.0,2158.57818644166,2170.515680673146,0.5097830622892012,0.0011211633682250977,11.937494231486198,4.07826449831191,7.859229733174288,0.3416348874586365
800288,8,288,S,0.9990234375,124,SS,0.0,2170.515680673146,2174.7045840262504,0.5236129191378293,0.0011788606643676758,4.188903353104251,4.188903353104251,0.0,1.0
800289,8,289,S,1.005859375,129,SS,0.0,2174.7045840262504,2186.989256452223,0.529355627361151,0.001181483268737793,12.28467242597253,4.234845018887427,8.049827407085104,0.34472592121659035
800290,8,290,S,0.98828125,117,SS,0.0,2186.989256452223,2191.116656206686,0.5159249693078084,0.0011736154556274414,4.127399754463113,4.127399754463113,0.0,1.0
800291,8,291,S,0.9560546875,125,SS,0.0,2191.116656206686,2202.2563921650944,0.5238017805496361,0.001119852066040039,11.139735958408437,4.190414244396379,6.949321714012058,0.37616818388171874
800292,8,292,S,0.9521484375,130,SS,0.0,2202.2563921650944,2207.9921680003463,0.5295355299789611,0.0011080503463745117,5.735775835251843,4.236284239832457,1.4994915954193857,0.7385721411559406
800293,8,293,S,0.96484375,130,SS,0.0,2207.9921680003463,2217.993888080895,0.529805929976335,0.0011250972747802734,10.001720080548694,4.2384474398095335,5.76327264073916,0.4237718518090153
800294,8,294,S,0.9521484375,123,SS,0.0,2217.993888080895,2224.3678320149224,0.52159941774079,0.0011172294616699219,6.373943934027466,4.172795341924939,2.201148592102527,0.654664582104082
800295,8,295,S,0.9736328125,117,SS,0.0,2224.3678320149224,2229.377929670347,0.5156441693096103,0.0011539459228515625,5.010097655424488,4.125153354478243,0.8849443009462448,0.8233678539203511
800296,8,296,S,0.9697265625,124,SS,0.0,2229.377929670347,2240.9725115664223,0.5230177191426524,0.001139521598815918,11.594581896075397,4.184141753139556,7.41044014293584,0.3608704298820667
800297,8,297,S,1.0390625,116,SS,0.0,2240.9725115664223,2245.0990954696026,0.5158229878973223,0.0012431144714355469,4.12658390318029,4.12658390318029,0.0,1.0
800298,8,298,S,1.0302734375,127,SS,0.0,2245.0990954696026,2257.9498086978624,0.5274697433455598,0.001216888427734375,12.850713228259792,4.21975794676473,8.630955281495062,0.3283676066698874
800299,8,299,S,0.9892578125,129,SS,0.0,2257.9498086978624,2262.1818466767786,0.529004747364432,0.0011591911315917969,4.232037978916196,4.232037978916196,0.0,1.0
800300,8,300,S,1.0244140625,113,SS,0.0,2262.1818466767786,2274.9194759967354,0.5123255236860574,0.0012273788452148438,12.737629319956795,4.09860418948665,8.639025130470145,0.3217713505813146
800301,8,301,S,0.951171875,141,SS,0.0,2274.9194759967354,2279.2713087860025,0.5439790986584093,0.0010923147201538086,4.351832789267064,4.351832789267064,0.0,1.0
800302,8,302,S,1.0361328125,113,SS,0.0,2279.2713087860025,2292.091184074527,0.5125424836848946,0.0012431144714355469,12.8198752885246,4.100339869477466,8.719535419047133,0.31984241478135017
800303,8,303,S,0.9970703125,131,SS,0.0,2292.091184074527,2296.345702415138,0.5318147925764496,0.0011670589447021484,4.254518340610957,4.254518340610957,0.0,1.0
800304,8,304,S,1.0234375,130,SS,0.0,2296.345702415138,2309.1203750042905,0.5310539299642146,0.001203775405883789,12.774672589152487,4.248431439715205,8.526241149437283,0.3325667573917101
800305,8,305,S,1.0537109375,113,SS,0.0,2309.1203750042905,2313.223318393756,0.5128679236831502,0.0012667179107666016,4.1029433894655085,4.1029433894655085,0.0,1.0
800306,8,306,S,1.0263671875,123,SS,0.0,2313.223318393756,2325.810618506964,0.5230950977290129,0.001216888427734375,12.58730011320813,4.184760781830846,8.402539331377284,0.3324589661161479
800307,8,307,S,1.0126953125,132,SS,0.0,2325.810618506964,2330.0784199084023,0.5334751751797099,0.0011867284774780273,4.2678014014381915,4.2678014014381915,0.0,1.0
800308,8,308,S,0.9404296875,113,SS,0.0,2330.0784199084023,2340.9951166511287,0.5107706436943914,0.0011146068572998047,10.916696742726344,4.08616514955429,6.830531593172054,0.3743041733092796
800309,8,309,S,0.9609375,121,SS,0.0,2340.9951166511287,2346.5092112864995,0.5196512949299875,0.0011316537857055664,5.514094635370839,4.157210359440796,1.3568842759300423,0.7539243764105641
800310,8,310,S,1.056640625,112,SS,0.0,2346.5092112864995,2356.0673518898893,0.5118438622787246,0.001271963119506836,9.558140603389802,4.094750898228085,5.463389705161717,0.4284045473003273
800311,8,311,S,0.9873046875,126,SS,0.0,2356.0673518898893,2362.99856195063,0.5255087219488529,0.0011605024337768555,6.931210060740796,4.204069775591051,2.727140285149744,0.6065419657966228
800312,8,312,S,0.9560546875,120,SS,0.0,2362.99856195063,2369.3664715540067,0.5184926735259714,0.001126408576965332,6.3679096033765745,4.1479413882079825,2.219968215168592,0.6513819520943801
800313,8,313,S,0.98046875,125,SS,0.0,2369.3664715540067,2379.231862912753,0.5243017805454717,0.001152634620666504,9.865391358746365,4.194414244364452,5.6709771143819125,0.4251645060837661
800314,8,314,S,1.02734375,113,SS,0.0,2379.231862912753,2384.1792021221936,0.5123797636857668,0.0012313127517700195,4.947339209440543,4.099038109485264,0.8483010999552789,0.8285338716341614
800315,8,315,S,1.0439453125,137,SS,0.0,2384.1792021221936,2395.029246990823,0.5408017282044107,0.0012221336364746094,10.850044868629539,4.326413825634518,6.523631042995021,0.3987461690728459
800316,8,316,S,0.94140625,118,SS,0.0,2395.029246990823,2399.1579336365717,0.5160858307183945,0.0011093616485595703,4.12868664574853,4.12868664574853,0.0,1.0
800317,8,317,S,0.9560546875,123,SS,0.0,2399.1579336365717,2409.522363981981,0.5216781377401702,0.0011224746704101562,10.364430345409346,4.173425101922476,6.19100524348687,0.40266806402640215
800318,8,318,S,1.0009765625,129,SS,0.0,2409.522363981981,2415.131523543359,0.5292524273621161,0.0011749267578125,5.609159561377965,4.234019418898242,1.3751401424797223,0.7548402523707312
800319,8,319,S,1.0224609375,121,SS,0.0,2415.131523543359,2421.115640680914,0.5208709749209565,0.0012142658233642578,5.984117137555131,4.16696779936683,1.817149338188301,0.69633793984676
800320,8,320,S,0.9482421875,128,SS,0.0,2421.115640680914,2430.70540726815,0.5268234047653066,0.0011054277420043945,9.589766587235772,4.214587238122476,5.375179349113296,0.43948798959634755
800321,8,321,S,0.96484375,113,SS,0.0,2430.70540726815,2435.695987492204,0.5112226436919688,0.0011473894119262695,4.990580224054156,4.089781149534247,0.9007990745199095,0.8195001314319851
800322,8,322,S,1.00390625,130,SS,0.0,2435.695987492204,2446.184879711621,0.5306379299682548,0.0011775493621826172,10.488892219416812,4.245103439745435,6.243788779671377,0.40472371637940857
800323,8,323,S,0.9375,118,SS,0.0,2446.184879711621,2451.3914345579883,0.5160103107188984,0.001104116439819336,5.206554846367453,4.128082485749474,1.0784723606179796,0.792862575649152
800324,8,324,S,0.9384765625,142,SS,0.0,2451.3914345579883,2457.915393241745,0.544998681269645,0.0010739564895629883,6.523958683756518,4.359989450156718,2.1639692335998006,0.6683042706895593
800325,8,325,S,0.9609375,123,SS,0.0,2457.915393241745,2467.4840362140135,0.5217765377393954,0.0011290311813354492,9.568642972268663,4.17421230191394,5.394430670354723,0.43623869278135075
800326,8,326,S,0.9501953125,124,SS,0.0,2467.4840362140135,2471.6650035671814,0.5226209191458677,0.001113295555114746,4.180967353167944,4.180967353167944,0.0,1.0
800327,8,327,S,0.986328125,119,SS,0.0,2471.6650035671814,2482.521620366143,0.5180210921171544,0.001168370246887207,10.856616798961568,4.14416873693699,6.712448062024578,0.3817182473764183
800328,8,328,S,0.9951171875,133,SS,0.0,2482.521620366143,2487.6132536557266,0.534417157790469,0.001161813735961914,5.091633289583569,4.275337262322864,0.8162960272607052,0.8396789437034521
800329,8,329,S,1.015625,135,SS,0.0,2487.6132536557266,2498.2824670275845,0.5375150429988785,0.0011867284774780273,10.66921337185795,4.300120343992603,6.369093027865347,0.4030400549805271
800330,8,330,S,0.9990234375,127,SS,0.0,2498.2824670275845,2503.5591135344175,0.5268195033512618,0.0011749267578125,5.2766465068330035,4.214556026810897,1.062090480022107,0.7987186599203204
800331,8,331,S,1.05859375,130,SS,0.0,2503.5591135344175,2511.743255561832,0.5318027299569423,0.0012509822845458984,8.18414202741451,4.254421839654242,3.9297201877602674,0.5198372444421369
800332,8,332,S,1.0107421875,113,SS,0.0,2511.743255561832,2519.761754656482,0.512072403687414,0.0012090206146240234,8.018499094649997,4.096579229499184,3.9219198651508123,0.5108910260066567
800333,8,333,S,1.0126953125,136,SS,0.0,2519.761754656482,2524.0719567813308,0.5387752656062564,0.001181483268737793,4.310202124848729,4.310202124848729,0.0,1.0
800334,8,334,S,1.0498046875,134,SS,0.0,2524.0719567813308,2535.084873217793,0.5369399403839376,0.0012339353561401367,11.012916436462092,4.295519523071562,6.71739691339053,0.3900437770370934
800335,8,335,S,0.98046875,113,SS,0.0,2535.084873217793,2540.1758650323463,0.5115119236904182,0.001168370246887207,5.09099181455349,4.092095389522001,0.9988964250314893,0.8037913904760229
800336,8,336,S,0.94140625,135,SS,0.0,2540.1758650323463,2551.713340169778,0.5358734430176546,0.0010870695114135742,11.537475137431557,4.286987544142903,7.250487593288653,0.3715706853603033
800337,8,337,S,0.943359375,117,SS,0.0,2551.713340169778,2556.8972962616476,0.5150638493133343,0.001113295555114746,5.183956091869732,4.120510794506117,1.0634452973636144,0.7948583517072085
800338,8,338,S,1.0439453125,116,SS,0.0,2556.8972962616476,2568.100715151463,0.5159157878967505,0.0012496709823608398,9.842318781322774,2.7662261946798026,7.076092586642972,0.28105431820894866
900207,9,207,S,0.9853515625,129,SS,0.0,1559.7106625242793,1569.616459544927,0.5289221873652041,0.0011539459228515625,2.8768445019566116,2.8768445019566116,0.0,1.0
900208,9,208,S,1.0009765625,124,SS,0.0,1569.616459544927,1574.8507380293659,0.5236525991375078,0.001181483268737793,5.234278484438846,4.189220793099594,1.0450576913392524,0.8003435059013123
900209,9,209,S,0.994140625,131,SS,0.0,1574.8507380293659,1585.6952677743022,0.5317519125770827,0.0011631250381469727,10.84452974493638,4.254015300617539,6.590514444318842,0.3922729155318016
900210,9,210,S,1.0595703125,138,SS,0.0,1585.6952677743022,1590.36516158766,0.5424851508063738,0.0012418031692504883,4.669893813357703,4.339881206451537,0.3300126069061662,0.9293318820307643
900211,9,211,S,1.021484375,128,SS,0.0,1590.36516158766,1602.2052237928183,0.5283594047515076,0.001203775405883789,11.840062205158347,4.2268752380114165,7.61318696714693,0.3569977222053697
900212,9,212,S,0.982421875,133,SS,0.0,1602.2052237928183,1606.4783479351663,0.5341405177934466,0.0011447668075561523,4.273124142348024,4.273124142348024,0.0,1.0
900213,9,213,S,0.9423828125,128,SS,0.0,1606.4783479351663,1618.7101359288793,0.5267005247664107,0.001097559928894043,12.231787993712942,4.213604198132089,8.018183795580853,0.3444798258682912
900214,9,214,S,1.0458984375,112,SS,0.0,1618.7101359288793,1622.803309867117,0.5116467422797266,0.0012575387954711914,4.093173938237669,4.093173938237669,0.0,1.0
900215,9,215,S,1.0029296875,136,SS,0.0,1622.803309867117,1634.6722538922904,0.538557665608817,0.001168370246887207,11.868944025173505,4.308461324870223,7.560482700303282,0.36300291885547414
900216,9,216,S,1.0244140625,113,SS,0.0,1634.6722538922904,1638.770858081779,0.5123255236860574,0.0012273788452148438,4.098604189488469,4.098604189488469,0.0,1.0
900217,9,217,S,1.025390625,130,SS,0.0,1638.770858081779,1651.0748809621114,0.5310955299638106,0.0012063980102539062,12.304022880332468,4.248764239709999,8.055258640622469,0.3453150470405491
900218,9,218,S,0.974609375,127,SS,0.0,1651.0748809621114,1655.285372988958,0.5263115033557163,0.0011421442031860352,4.210492026846623,4.210492026846623,0.0,1.0
900219,9,219,S,1.01953125,138,SS,0.0,1655.285372988958,1666.3123364351773,0.541579870817611,0.001188039779663086,11.02696344621927,4.332638966541708,6.694324479677562,0.3929131521722063
900220,9,220,S,0.9677734375,113,SS,0.0,1666.3123364351773,1671.7862123889736,0.511276883691678,0.0011513233184814453,5.473875953796323,4.09021506953286,1.3836608842634632,0.7472246547158515
900221,9,221,S,0.9658203125,116,SS,0.0,1671.7862123889736,1679.7341746256616,0.5144309879058965,0.0011447668075561523,7.947962236687999,4.115447903246604,3.832514333441395,0.5177991264540224
900222,9,222,S,1.0107421875,122,SS,0.0,1679.7341746256616,1687.7080517999968,0.5217094363270846,0.001197218894958496,7.973877174335257,4.173675490616006,3.8002016837192514,0.5234185828757696
900223,9,223,S,1.0595703125,127,SS,0.0,1687.7080517999968,1694.3138914086885,0.5280793433402144,0.0012562274932861328,6.605839608691667,4.224634746722586,2.3812048619690813,0.6395303242246453
900224,9,224,S,1.052734375,129,SS,0.0,1694.3138914086885,1703.3945088786325,0.5303463473518871,0.0012444257736206055,9.080617469943945,4.242770778815611,4.837846691128334,0.46723373084031056
900225,9,225,S,0.9931640625,112,SS,0.0,1703.3945088786325,1707.47994137691,0.5106790622846461,0.0011867284774780273,4.0854324982774415,4.0854324982774415,0.0,1.0
900226,9,226,S,1.0126953125,120,SS,0.0,1707.47994137691,1717.5895708162986,0.5196062735179937,0.0012024641036987305,10.109629439388755,4.156850188144745,5.95277925124401,0.41117730507005357
900227,9,227,S,1.05078125,141,SS,0.0,1717.5895708162986,1722.7575897999925,0.5462802186276964,0.0012260675430297852,5.168018983693855,4.3702417490221706,0.7977772346716847,0.8456319070829977
900228,9,228,S,1.029296875,127,SS,0.0,1722.7575897999925,1730.7049961603566,0.5274494233457382,0.0012155771255493164,7.947406360364084,4.219595386766741,3.727810973597343,0.530939931272551
900229,9,229,S,1.017578125,123,SS,0.0,1730.7049961603566,1738.122758385476,0.5229179777304075,0.0012050867080688477,7.417762225119304,4.183343821843664,3.2344184032756402,0.5639630517782445
900230,9,230,S,1.0166015625,136,SS,0.0,1738.122758385476,1746.2282801949539,0.5388623056052322,0.0011867284774780273,8.105521809477978,4.310898444842678,3.7946233646352994,0.5318471217734364
900231,9,231,S,0.9619140625,136,SS,0.0,1746.2282801949539,1752.6334355779304,0.5376437456195717,0.001113295555114746,6.405155382976545,4.301149964956494,2.1040054180200514,0.6715137584933503
900232,9,232,S,0.947265625,130,SS,0.0,1752.6334355779304,1757.9228591145443,0.5294315299799712,0.0011014938354492188,5.289423536613867,4.235452239840015,1.0539712967738524,0.8007398557747989
900233,9,233,S,1.0615234375,113,SS,0.0,1757.9228591145443,1765.5687935157464,0.513012563682375,0.0012772083282470703,7.645934401202112,4.104100509459386,3.5418338917427263,0.5367689930499704
900234,9,234,S,1.001953125,123,SS,0.0,1765.5687935157464,1771.6037993121754,0.5226030977328869,0.0011841058731079102,6.0350057964290045,4.180824781862611,1.854181014566393,0.692762347359544
900235,9,235,S,1.0107421875,143,SS,0.0,1771.6037993121754,1780.5582598329165,0.548004663853351,0.0011696815490722656,8.954460520741122,4.384037310826898,4.570423209914225,0.4895925668187602
900236,9,236,S,1.013671875,124,SS,0.0,1780.5582598329165,1785.6699914983335,0.5239105191354179,0.0011985301971435547,5.111731665416983,4.191284153082961,0.9204475123340217,0.8199343055189621
900237,9,237,S,0.9580078125,133,SS,0.0,1785.6699914983335,1794.4142502275777,0.5336085177991725,0.0011119842529296875,8.744258729244166,4.26886814239333,4.4753905868508355,0.48819096902023185
900238,9,238,S,1.0458984375,122,SS,0.0,1794.4142502275777,1800.0414804747488,0.5224121563217149,0.0012444257736206055,5.6272302471711555,4.179297250573654,1.4479329965975012,0.74269170924268
900239,9,239,S,0.9931640625,131,SS,0.0,1800.0414804747488,1806.2935322011845,0.5317309525772935,0.001161813735961914,6.252051726435639,4.253847620619126,1.9982041058165123,0.680392262692345
900240,9,240,S,0.96875,130,SS,0.0,1806.2935322011845,1815.6392902687553,0.5298891299755271,0.0011303424835205078,9.345758067570841,4.239113039804579,5.1066450277662625,0.4535868582468467
900241,9,241,S,1.025390625,114,SS,0.0,1815.6392902687553,1820.6409773930498,0.5134167850902812,0.0012273788452148438,5.001687124294449,4.10733428072308,0.8943528435713688,0.8211897663035993
900242,9,242,S,1.05859375,115,SS,0.0,1820.6409773930498,1831.0793855201655,0.5151155664909124,0.0012706518173217773,10.438408127115736,4.1209245319278125,6.317483595187923,0.3947847681125758
900243,9,243,S,0.9443359375,131,SS,0.0,1831.0793855201655,1835.3248491408676,0.5306829525878445,0.0010962486267089844,4.2454636207021395,4.2454636207021395,0.0,1.0
900244,9,244,S,1.0498046875,119,SS,0.0,1835.3248491408676,1845.6521091105164,0.5192586921085915,0.0012536048889160156,10.327259969648821,4.154069536869429,6.173190432779393,0.4022431457209349
900245,9,245,S,1.0380859375,118,SS,0.0,1845.6521091105164,1851.1587331804878,0.517954950705927,0.001239180564880371,5.506624069971394,4.1436396056469675,1.3629844643244269,0.7524827467781894
900246,9,246,S,1.0478515625,113,SS,0.0,1851.1587331804878,1857.1467946088146,0.5127594436837316,0.00125885009765625,5.988061428326773,4.102075549470101,1.8859858788566726,0.6850423294031457
900247,9,247,S,0.9609375,134,SS,0.0,1857.1467946088146,1866.4789135945557,0.5349889004055994,0.0011146068572998047,9.33211898574109,4.27991120324441,5.05220778249668,0.4586215852780975
900248,9,248,S,1.03125,119,SS,0.0,1866.4789135945557,1871.6324097214615,0.5188969321110944,0.0012286901473999023,5.153496126905793,4.151175456889177,1.0023206700166156,0.8055066608503656
900249,9,249,S,1.029296875,131,SS,0.0,1871.6324097214615,1882.1375881943638,0.532506472569486,0.001210331916809082,10.505178472902344,4.260051780556751,6.245126692345593,0.4055192200251877
900250,9,250,S,0.994140625,143,SS,0.0,1882.1375881943638,1886.5185138252343,0.5476157038587762,0.0011473894119262695,4.380925630870479,4.380925630870479,0.0,1.0
900251,9,251,S,1.021484375,112,SS,0.0,1886.5185138252343,1897.6940328234093,0.5111987422820041,0.0012247562408447266,11.175518998174994,4.089589938255813,7.085929059919181,0.3659418358041053
900252,9,252,S,1.01171875,123,SS,0.0,1897.6940328234093,1901.8764320052603,0.5227998977313374,0.001197218894958496,4.182399181850997,4.182399181850997,0.0,1.0
900253,9,253,S,1.0361328125,124,SS,0.0,1901.8764320052603,1910.962694468192,0.5243668391317202,0.0012286901473999023,9.0862624629317,4.194934713053954,4.891327749877746,0.461678795892987
900254,9,254,S,0.9609375,113,SS,0.0,1910.962694468192,1917.8672220131702,0.5111503236923564,0.0011421442031860352,6.904527544978237,4.089202589539127,2.8153249554391095,0.5922494425434314
900255,9,255,S,1.0302734375,112,SS,0.0,1917.8672220131702,1923.8573926388951,0.5113600222811843,0.001236557960510254,5.990170625724886,4.09088017824979,1.8992904474750958,0.6829321623463342
900256,9,256,S,1.0537109375,130,SS,0.0,1923.8573926388951,1933.269241895157,0.5316987299579523,0.0012444257736206055,9.411849256261803,4.2535898396636185,5.1582594165981845,0.45193986047254847
900257,9,257,S,1.0126953125,128,SS,0.0,1933.269241895157,1937.4946425731828,0.5281750847531634,0.0011919736862182617,4.225400678025835,4.225400678025835,0.0,1.0
900258,9,258,S,0.958984375,124,SS,0.0,1937.4946425731828,1948.6745254676566,0.5227994791444208,0.0011250972747802734,11.179882894473849,4.182395833155169,6.9974870613186795,0.3741001469006892
900259,9,259,S,0.9921875,122,SS,0.0,1948.6745254676566,1952.8452339182963,0.5213385563299184,0.0011723041534423828,4.170708450639722,4.170708450639722,0.0,1.0
900260,9,260,S,0.962890625,138,SS,0.0,1952.8452339182963,1961.7067664139688,0.5402992308335077,0.0011119842529296875,8.861532495672463,4.3223938466671825,4.539138649005281,0.48777046732921503
900261,9,261,S,0.9853515625,128,SS,0.0,1961.7067664139688,1968.3401705279807,0.5276016447583152,0.001155257225036621,6.63340411401191,4.2208131580664485,2.4125909559454612,0.6362967015910754
900262,9,262,S,1.041015625,130,SS,0.0,1968.3401705279807,1973.5289793086865,0.5314283299605784,0.0012273788452148438,5.188808780705813,4.251426639684723,0.9373821410210894,0.8193454065012623
900263,9,263,S,0.99609375,113,SS,0.0,1973.5289793086865,1984.0066957718234,0.5118012036888677,0.0011893510818481445,10.477716463136858,4.094409629511574,6.383306833625284,0.3907730891474968
900264,9,264,S,1.0146484375,132,SS,0.0,1984.0066957718234,1988.2748350932568,0.5335174151792699,0.0011893510818481445,4.268139321433409,4.268139321433409,0.0,1.0
900265,9,265,S,1.0,127,SS,0.0,1988.2748350932568,1998.7131114830906,0.5268398233510836,0.0011762380599975586,10.438276389833845,4.2147185868088854,6.22355780302496,0.40377533889730377
900266,9,266,S,1.0380859375,130,SS,0.0,1998.7131114830906,2004.224608881838,0.5313659299611845,0.001223444938659668,5.511497398747451,4.250927439688894,1.2605699590585573,0.7712835790605588
900267,9,267,S,0.9560546875,123,SS,0.0,2004.224608881838,2010.1226202900846,0.5216781377401702,0.0011224746704101562,5.898011408246475,4.173425101920657,1.7245863063258184,0.7075986825127978
900268,9,268,S,0.984375,112,SS,0.0,2010.1226202900846,2019.9069658410315,0.5105177822854661,0.0011749267578125,9.78434555094691,4.084142258283464,5.700203292663446,0.41741598730517127
900269,9,269,S,1.03515625,125,SS,0.0,2019.9069658410315,2024.8602681144177,0.5254217805361436,0.0012260675430297852,4.953302273386271,4.20337424428908,0.749928029097191,0.8486003906673535
900270,9,270,S,0.97265625,120,SS,0.0,2024.8602681144177,2035.8544898602904,0.5188190735236331,0.0011487007141113281,10.994221745872665,4.1505525881893846,6.84366915768328,0.3775212729129774
900271,9,271,S,0.9970703125,121,SS,0.0,2035.8544898602904,2040.0174307796879,0.5203676149246836,0.0011801719665527344,4.1629409193974425,4.1629409193974425,0.0,1.0
900272,9,272,S,0.9951171875,112,SS,0.0,2040.0174307796879,2051.5997636310335,0.5107149022844639,0.0011893510818481445,11.582332851345654,4.085719218276154,7.496613633069501,0.35275442958811776
900273,9,273,S,1.0205078125,112,SS,0.0,2051.5997636310335,2055.689210209292,0.5111808222820953,0.001223444938659668,4.089446578258503,4.089446578258503,0.0,1.0
900274,9,274,S,1.033203125,126,SS,0.0,2055.689210209292,2061.67997203123,0.526456241940751,0.0012221336364746094,5.990761821938122,4.211649935525202,1.7791118864129203,0.7030240995564493
900275,9,275,S,1.0615234375,115,SS,0.0,2061.67997203123,2071.3314697427086,0.5151707664905869,0.0012745857238769531,9.651497711478441,4.121366131923423,5.530131579555018,0.427018298623427
900276,9,276,S,0.96484375,113,SS,0.0,2071.3314697427086,2076.3715535401416,0.5112226436919688,0.0011473894119262695,5.040083797432999,4.089781149534247,0.9503026478987522,0.8114510222265039
900277,9,277,S,0.990234375,121,SS,0.0,2076.3715535401416,2087.072834339761,0.5202320949256871,0.0011709928512573242,10.701280799619326,4.161856759405055,6.539424040214271,0.3889120225266029
900278,9,278,S,0.9873046875,138,SS,0.0,2087.072834339761,2091.399644186375,0.5408512308266558,0.0011447668075561523,4.326809846614196,4.326809846614196,0.0,1.0
900279,9,279,S,1.037109375,125,SS,0.0,2091.399644186375,2102.985044987241,0.5254617805358105,0.0012286901473999023,11.585400800865955,4.203694244286453,7.381706556579502,0.3628440928838859
900280,9,280,S,0.9853515625,122,SS,0.0,2102.985044987241,2107.1546603178886,0.5212019163309626,0.0011631250381469727,4.169615330647503,4.169615330647503,0.0,1.0
900281,9,281,S,1.0146484375,139,SS,0.0,2107.1546603178886,2116.359649208544,0.5427948134256001,0.0011801719665527344,9.204988890655386,4.342358507405152,4.8626303832502344,0.4717396793181768
900282,9,282,S,1.0517578125,131,SS,0.0,2116.359649208544,2123.5498783113185,0.5329885525646327,0.0012404918670654297,7.190229102774538,4.263908420518419,2.9263206822561187,0.5930142641592712
900283,9,283,S,0.955078125,117,SS,0.0,2123.5498783113185,2131.1729655808845,0.5152884893118929,0.0011290311813354492,7.6230872695659855,4.1223079144947405,3.500779355071245,0.5407661973059691
900284,9,284,S,1.0498046875,123,SS,0.0,2131.1729655808845,2139.709773123414,0.5235674177252939,0.0012483596801757812,8.53680754252946,4.1885393418015155,4.348268200727944,0.4906446960335772
900285,9,285,S,1.021484375,136,SS,0.0,2139.709773123414,2145.5721120107924,0.5389711056039519,0.0011932849884033203,5.862338887378428,4.311768844832841,1.550570042545587,0.7355031716293384
900286,9,286,S,0.9775390625,135,SS,0.0,2145.5721120107924,2155.5482039684052,0.5366726430085138,0.0011355876922607422,9.97609195761288,4.293381144067098,5.682710813545782,0.4303670377447519
900287,9,287,S,1.017578125,127,SS,0.0,2155.5482039684052,2160.740691866843,0.5272055833478763,0.0011998414993286133,5.192487898437776,4.217644666783599,0.9748432316541766,0.812258930454615
900288,9,288,S,1.005859375,127,SS,0.0,2160.740691866843,2171.988633242781,0.5269617433500146,0.0011841058731079102,11.247941375937899,4.215693946800457,7.032247429137442,0.3747969344700585
900289,9,289,S,0.974609375,143,SS,0.0,2171.988633242781,2176.3658980737014,0.5471581038651586,0.0011211633682250977,4.377264830920467,4.377264830920467,0.0,1.0
900290,9,290,S,0.9423828125,122,SS,0.0,2176.3658980737014,2188.593200536741,0.5203430363375255,0.0011054277420043945,12.22730246303945,4.1627442907010845,8.064558172338366,0.3404466605192912
900291,9,291,S,1.0380859375,132,SS,0.0,2188.593200536741,2192.8653948981314,0.5340242951739892,0.0012208223342895508,4.272194361390575,4.272194361390575,0.0,1.0
900292,9,292,S,1.0068359375,121,SS,0.0,2192.8653948981314,2205.4161904426223,0.5205612149232501,0.0011932849884033203,12.550795544490938,4.164489719387348,8.386305825103591,0.3318108166629576
900293,9,293,S,0.9501953125,137,SS,0.0,2205.4161904426223,2209.725769708461,0.5386974082298575,0.0010962486267089844,4.309579265838693,4.309579265838693,0.0,1.0
900294,9,294,S,1.0595703125,122,SS,0.0,2209.725769708461,2222.20393585463,0.5226854363196266,0.0012627840042114258,12.47816614616886,4.181483490556275,8.296682655612585,0.335104008199162
900295,9,295,S,1.05859375,137,SS,0.0,2222.20393585463,2226.5329800802338,0.5411305282004348,0.0012418031692504883,4.329044225603866,4.329044225603866,0.0,1.0
900296,9,296,S,0.94140625,137,SS,0.0,2226.5329800802338,2239.2754343937468,0.5385001282322431,0.001084446907043457,12.742454313513008,4.308001025856356,8.434453287656652,0.33808251690475705
900297,9,297,S,0.9853515625,135,SS,0.0,2239.2754343937468,2243.5701979377973,0.5368454430065372,0.001146078109741211,4.294763544050511,4.294763544050511,0.0,1.0
900298,9,298,S,1.0478515625,122,SS,0.0,2243.5701979377973,2256.4001464237313,0.5224511963214166,0.0012470483779907227,12.829948485933983,4.179609570572211,8.650338915361772,0.32576978583776034
900299,9,299,S,0.98828125,131,SS,0.0,2256.4001464237313,2260.6531556443565,0.5316261525783488,0.001155257225036621,4.253009220625245,4.253009220625245,0.0,1.0
900300,9,300,S,1.0283203125,133,SS,0.0,2260.6531556443565,2272.0348855391753,0.535140677782682,0.0012063980102539062,11.381729894818818,4.281125422261539,7.100604472557279,0.37614013527156265
900301,9,301,S,0.9658203125,122,SS,0.0,2272.0348855391753,2277.6290596677704,0.5208115163339456,0.0011368989944458008,5.594174128595114,4.16649213067285,1.4276819979222637,0.7447912837348875
900302,9,302,S,0.9775390625,119,SS,0.0,2277.6290596677704,2287.5484163647584,0.5178497321183403,0.0011565685272216797,9.919356696987961,4.142797856948164,5.776558840039797,0.41764783579222786
900303,9,303,S,0.9970703125,128,SS,0.0,2287.5484163647584,2294.691617159283,0.5278474047561073,0.0011709928512573242,7.143200794524546,4.222779238047224,2.920421556477322,0.5911606518584913
900304,9,304,S,1.05078125,127,SS,0.0,2294.691617159283,2303.049301591979,0.5278964633418181,0.0012444257736206055,8.35768443269626,4.22317170673341,4.13451272596285,0.5053040397423786
900305,9,305,S,0.9990234375,130,SS,0.0,2303.049301591979,2311.3891889153247,0.5305339299692649,0.0011709928512573242,8.339887323345465,4.244271439754812,4.0956158835906535,0.5089123240159392
900306,9,306,S,1.0478515625,116,SS,0.0,2311.3891889153247,2315.5171091384955,0.5159900278962933,0.0012549161911010742,4.127920223170804,4.127920223170804,0.0,1.0
900307,9,307,S,1.0419921875,113,SS,0.0,2315.5171091384955,2327.936878329128,0.5126509636843131,0.0012509822845458984,12.41976919063245,4.101207709474693,8.318561481157758,0.3302160971371359
900308,9,308,S,0.986328125,122,SS,0.0,2327.936878329128,2332.1066498197756,0.5212214363308134,0.0011644363403320312,4.16977149064769,4.16977149064769,0.0,1.0
900309,9,309,S,0.986328125,141,SS,0.0,2332.1066498197756,2344.5094639104855,0.5447912586475694,0.001139521598815918,12.402814090709853,4.358330069178919,8.044484021530934,0.3513984840298028
900310,9,310,S,1.0361328125,144,SS,0.0,2344.5094639104855,2348.9088911620956,0.5499284064514742,0.0012024641036987305,4.399427251610177,4.399427251610177,0.0,1.0
900311,9,311,S,1.0048828125,142,SS,0.0,2348.9088911620956,2361.142027398165,0.5465436412485571,0.0011631250381469727,12.233136236069186,4.372349129989743,7.860787106079442,0.3574184939670621
900312,9,312,S,0.99609375,139,SS,0.0,2361.142027398165,2365.481005425613,0.5423722534309788,0.001155257225036621,4.33897802744832,4.33897802744832,0.0,1.0
900313,9,313,S,1.041015625,116,SS,0.0,2365.481005425613,2376.870141435087,0.5158601078970936,0.001245737075805664,11.389136009473987,4.1268808631757565,7.26225514629823,0.362352408448089
900314,9,314,S,0.9853515625,123,SS,0.0,2376.870141435087,2381.048289736973,0.5222685377355214,0.001161813735961914,4.1781483018858125,4.1781483018858125,0.0,1.0
900315,9,315,S,1.0166015625,139,SS,0.0,2381.048289736973,2390.240407165271,0.5428392934250339,0.0011827945709228516,9.192117428297934,4.342714347400033,4.8494030808979005,0.47243895449279044
900316,9,316,S,1.056640625,139,SS,0.0,2390.240407165271,2397.1815039139556,0.5437511334134273,0.001236557960510254,6.941096748684686,4.3500090673078375,2.591087681376848,0.626703419475049
900317,9,317,S,1.0537109375,112,SS,0.0,2397.1815039139556,2402.3450783935073,0.5117901022789978,0.0012680292129516602,5.1635744795516985,4.094320818232518,1.0692536613191805,0.7929237458366218
900318,9,318,S,1.0322265625,116,SS,0.0,2402.3450783935073,2412.956080229061,0.5156930678981225,0.0012339353561401367,10.611001835553907,4.125544543185242,6.485457292368665,0.3887987776386888
900319,9,319,S,0.9736328125,139,SS,0.0,2412.956080229061,2418.153960728566,0.5418607334374899,0.0011250972747802734,5.197880499504663,4.334885867501725,0.8629946320029376,0.8339718213827391
900320,9,320,S,0.939453125,125,SS,0.0,2418.153960728566,2428.6550719253887,0.5234617805524678,0.001097559928894043,10.501111196822876,4.1876942444214365,6.31341695240144,0.39878582046521216
900321,9,321,S,0.9765625,127,SS,0.0,2428.6550719253887,2432.8658890722313,0.52635214335536,0.0011447668075561523,4.210817146842601,4.210817146842601,0.0,1.0
900322,9,322,S,1.0439453125,133,SS,0.0,2432.8658890722313,2439.014681683957,0.5354811577790175,0.0012273788452148438,6.148792611725639,4.283849262232252,1.8649433494933874,0.6966976336237177
900323,9,323,S,0.9453125,115,SS,0.0,2439.014681683957,2448.6568600352502,0.5129811665035005,0.0011185407638549805,9.642178351293296,4.103849332026584,5.538329019266712,0.4256143355278363
900324,9,324,S,1.041015625,128,SS,0.0,2448.6568600352502,2453.9636163648524,0.5287690047478278,0.001230001449584961,5.3067563296021945,4.230152037984226,1.0766042916179686,0.7971257346766715
900325,9,325,S,0.99609375,121,SS,0.0,2453.9636163648524,2464.532404348291,0.520348254924827,0.0011788606643676758,10.568787983438597,4.162786039400089,6.406001944038508,0.3938754420964087
900326,9,326,S,0.9462890625,112,SS,0.0,2464.532404348291,2469.568172911399,0.509818902289019,0.0011237859725952148,5.035768563107922,4.078551218313805,0.9572173447941168,0.8099163349549663
900327,9,327,S,0.9521484375,136,SS,0.0,2469.568172911399,2477.369341675157,0.5374261456221322,0.0011001825332641602,7.801168763758142,4.2994091649779875,3.501759598780154,0.551123721993009
900328,9,328,S,1.029296875,133,SS,0.0,2477.369341675157,2485.924510466151,0.535161957782453,0.0012077093124389648,8.555168790993775,4.281295662258344,4.273873128735431,0.5004338040373164
900329,9,329,S,1.0361328125,114,SS,0.0,2485.924510466151,2491.0554930555313,0.5136174250891514,0.0012418031692504883,5.130982589380437,4.108939400714007,1.02204318866643,0.8008094607879305
900330,9,330,S,0.9580078125,141,SS,0.0,2491.0554930555313,2500.5512651105514,0.5441370186563016,0.0011014938354492188,9.495772055020097,4.353096149250632,5.142675905769465,0.45842466773929097
900331,9,331,S,0.9814453125,128,SS,0.0,2500.5512651105514,2505.803648058466,0.5275197247590511,0.0011500120162963867,5.252382947914612,4.220157798074069,1.0322251498405421,0.8034748874793348
900332,9,332,S,1.001953125,141,SS,0.0,2505.803648058466,2517.1512634715064,0.5451522186427517,0.0011605024337768555,11.34761541304033,4.36121774914136,6.98639766389897,0.38432900573362605
900333,9,333,S,0.986328125,115,SS,0.0,2517.1512634715064,2522.38647083222,0.5137539664989427,0.0011736154556274414,5.235207360713503,4.110031731990603,1.1251756287229,0.7850752508550969
900334,9,334,S,0.958984375,143,SS,0.0,2522.38647083222,2533.4475997266995,0.5467920238702646,0.0011001825332641602,11.06112889447968,4.3743361909619125,6.686792703517767,0.39546923579789667
900335,9,335,S,1.056640625,122,SS,0.0,2533.4475997266995,2538.635535082163,0.5226268763200742,0.00125885009765625,5.187935355463651,4.181015010559349,1.0069203449043016,0.8059111619723889
900336,9,336,S,0.95703125,127,SS,0.0,2538.635535082163,2549.5267542101956,0.5259457433589236,0.0011185407638549805,10.89121912803239,4.2075659468719095,6.68365318116048,0.3863264431106942
900337,9,337,S,0.9716796875,118,SS,0.0,2549.5267542101956,2554.89565882074,0.5166711107144907,0.0011500120162963867,5.368904610544632,4.133368885715754,1.2355357248288783,0.7698719171873044
900338,9,338,S,1.015625,139,SS,0.0,2554.89565882074,2563.363799152989,0.542817053425317,0.001181483268737793,8.468140332248822,4.342536427400773,4.125603904848049,0.5128087463150907
900339,9,339,S,0.990234375,127,SS,0.0,2563.363799152989,2571.275909723927,0.5266366233528654,0.0011631250381469727,3.375815889981368,0.5583404123631226,2.8174754776182453,0.16539421300200238
1000207,10,207,S,1.0498046875,143,SS,0.0,1558.0548362924153,1569.1615226176093,0.548919863840586,0.0012221336364746094,2.421907574638908,2.421907574638908,0.0,1.0
1000208,10,208,S,0.978515625,134,SS,0.0,1569.1615226176093,1574.3915547818863,0.5353748204013148,0.0011382102966308594,5.230032164276963,4.28299856321064,0.9470336010663232,0.818923943234057
1000209,10,209,S,1.0234375,125,SS,0.0,1574.3915547818863,1585.1708046695062,0.5251817805381426,0.001210331916809082,10.779249887619926,4.201454244304841,6.577795643315085,0.3897724134895743
1000210,10,210,S,1.0625,114,SS,0.0,1585.1708046695062,1589.283683910197,0.5141099050863781,0.0012772083282470703,4.112879240690745,4.112879240690745,0.0,1.0
1000211,10,211,S,0.982421875,123,SS,0.0,1589.283683910197,1601.5386272124153,0.5222094977359862,0.0011578798294067383,12.254943302218408,4.17767598188766,8.077267320330748,0.3408972101185822
1000212,10,212,S,1.015625,117,SS,0.0,1601.5386272124153,1605.6702202468507,0.5164491293044446,0.001210331916809082,4.131593034435355,4.131593034435355,0.0,1.0
1000213,10,213,S,0.96484375,130,SS,0.0,1605.6702202468507,1618.0693998041627,0.529805929976335,0.0011250972747802734,12.399179557311982,4.2384474398113525,8.160732117500629,0.3418328946863163
1000214,10,214,S,0.96484375,114,SS,0.0,1618.0693998041627,1622.1676870449357,0.5122859050966495,0.001146078109741211,4.098287240773061,4.098287240773061,0.0,1.0
1000215,10,215,S,0.99609375,134,SS,0.0,1622.1676870449357,1634.3885390506155,0.5357607403970299,0.001161813735961914,12.220852005679717,4.28608592317687,7.934766082502847,0.3507190759846273
1000216,10,216,S,0.9814453125,117,SS,0.0,1634.3885390506155,1638.5148904850855,0.5157939293086492,0.0011644363403320312,4.1263514344700525,4.1263514344700525,0.0,1.0
1000217,10,217,S,0.955078125,122,SS,0.0,1638.5148904850855,1649.2383611532346,0.5205967963355865,0.0011224746704101562,10.723470668149048,4.164774370685336,6.558696297463712,0.3883793316146784
1000218,10,218,S,1.03125,129,SS,0.0,1649.2383611532346,1654.8520619787046,0.529892267356133,0.0012155771255493164,5.613700825470005,4.239138138849739,1.3745626866202656,0.7551414424538413
1000219,10,219,S,1.01953125,116,SS,0.0,1654.8520619787046,1662.9146537391457,0.5154517878996087,0.001216888427734375,8.062591760441137,4.1236143031965184,3.9389774572446186,0.5114502167192574
1000220,10,220,S,0.978515625,120,SS,0.0,1662.9146537391457,1671.3407716834865,0.5189342735228079,0.0011565685272216797,8.426117944340831,4.151474188181965,4.274643756158866,0.4926912031857075
1000221,10,221,S,0.970703125,124,SS,0.0,1671.3407716834865,1679.5530816662967,0.5230375591424915,0.0011408329010009766,8.212309982810211,4.184300473139956,4.028009509670255,0.5095156517348252
1000222,10,222,S,0.9453125,129,SS,0.0,1679.5530816662967,1687.5130749727884,0.5280759473731169,0.0011001825332641602,7.959993306491697,4.224607578984433,3.735385727507264,0.5307300416369816
1000223,10,223,S,0.943359375,126,SS,0.0,1687.5130749727884,1694.1645640017716,0.5246015219566099,0.0011014938354492188,6.651489028983178,4.196812175652667,2.454676853330511,0.6309582948066952
1000224,10,224,S,1.05078125,116,SS,0.0,1694.1645640017716,1702.8960197287386,0.5160457078959503,0.00125885009765625,8.731455726966942,4.128365663167642,4.6030900637993,0.47281527757361924
1000225,10,225,S,1.001953125,117,SS,0.0,1702.8960197287386,1707.0255161231878,0.5161870493061265,0.0011919736862182617,4.129496394449234,4.129496394449234,0.0,1.0
1000226,10,226,S,1.001953125,120,SS,0.0,1707.0255161231878,1715.765369407102,0.5193950735195066,0.001188039779663086,8.739853283914272,4.155160588155923,4.584692695758349,0.47542681246188756
1000227,10,227,S,1.03125,131,SS,0.0,1715.765369407102,1722.2027958179697,0.5325483925690639,0.0012129545211791992,6.437426410867602,4.260387140551757,2.177039270315845,0.661815276576896
1000228,10,228,S,1.0556640625,129,SS,0.0,1722.2027958179697,1730.156228678638,0.5304082673513082,0.0012483596801757812,7.953432860668272,4.243266138810213,3.7101667218580587,0.5335137937473808
1000229,10,229,S,0.982421875,130,SS,0.0,1730.156228678638,1736.6570745059103,0.5301803299726989,0.0011487007141113281,6.500845827272315,4.241442639780871,2.2594031874914435,0.6524447360353006
1000230,10,230,S,1.0224609375,127,SS,0.0,1736.6570745059103,1744.2343639944331,0.5273071833469853,0.0012063980102539062,7.577289488522865,4.218457466775362,3.358832021747503,0.556723809109439
1000231,10,231,S,1.0068359375,122,SS,0.0,1744.2343639944331,1750.038526310967,0.5216313563276811,0.0011919736862182617,5.804162316533848,4.173050850620712,1.6311114659131363,0.7189755597863414
1000232,10,232,S,1.0068359375,135,SS,0.0,1750.038526310967,1756.6873854357264,0.5373206430011022,0.0011749267578125,6.648859124759383,4.298565144008535,2.3502939807508483,0.6465116892011299
1000233,10,233,S,1.001953125,130,SS,0.0,1756.6873854357264,1764.5879264515731,0.5305963299686588,0.0011749267578125,7.900541015846784,4.244770639748822,3.655770376097962,0.5372759449301923
1000234,10,234,S,1.0224609375,135,SS,0.0,1764.5879264515731,1770.9469355985464,0.5376662429971492,0.0011959075927734375,6.3590091469732215,4.30132994397718,2.0576792029960416,0.6764151213754015
1000235,10,235,S,1.05078125,135,SS,0.0,1770.9469355985464,1779.9002529289035,0.5382926429899848,0.0012339353561401367,8.953317330357095,4.306341143919781,4.646976186437314,0.4809771601994617
1000236,10,236,S,0.966796875,114,SS,0.0,1779.9002529289035,1783.9988320096752,0.512322385096444,0.0011487007141113281,4.098579080771742,4.098579080771742,0.0,1.0
1000237,10,237,S,1.0068359375,132,SS,0.0,1783.9988320096752,1792.114548773982,0.5333484551810302,0.0011788606643676758,8.115716764306853,4.2667876414489,3.848929122857953,0.5257437839889078
1000238,10,238,S,0.9482421875,138,SS,0.0,1792.114548773982,1799.57380450897,0.5399680308376189,0.0010923147201538086,7.459255734987892,4.319744246700793,3.1395114882870985,0.5791119650770098
1000239,10,239,S,1.04296875,128,SS,0.0,1799.57380450897,1805.818311691847,0.5288099647474599,0.0012326240539550781,6.244507182876987,4.230479717980415,2.0140274648965715,0.6774721517785711
1000240,10,240,S,0.9794921875,120,SS,0.0,1805.818311691847,1815.081676069159,0.5189534735226703,0.0011578798294067383,9.263364377311973,4.151627788181941,5.111736589130032,0.44817710057376076
1000241,10,241,S,0.9765625,137,SS,0.0,1815.081676069159,1820.3993217600798,0.5392892482227006,0.0011316537857055664,5.317645690920926,4.314313985782064,1.0033317051388622,0.8113203166484185
1000242,10,242,S,0.947265625,134,SS,0.0,1820.3993217600798,1830.9852838964666,0.5346887404089321,0.0010962486267089844,10.585962136386797,4.277509923271282,6.308452213115515,0.4040737977484664
1000243,10,243,S,1.0322265625,138,SS,0.0,1830.9852838964666,1835.3202191829782,0.541866910814048,0.0012050867080688477,4.334935286511609,4.334935286511609,0.0,1.0
1000244,10,244,S,1.03515625,118,SS,0.0,1835.3202191829782,1845.6404812330052,0.5178983107063049,0.0012352466583251953,10.32026205002694,4.143186485651313,6.177075564375627,0.4014613646017348
1000245,10,245,S,0.9609375,120,SS,0.0,1845.6404812330052,1851.1503752286683,0.5185886735252836,0.001132965087890625,5.509893995663106,4.1487093882024055,1.3611846074607001,0.7529562985182469
1000246,10,246,S,1.03515625,135,SS,0.0,1851.1503752286683,1857.239561691413,0.5379470429939376,0.0012129545211791992,6.089186462744692,4.303576343951136,1.7856101187935565,0.7067571949523295
1000247,10,247,S,1.0068359375,142,SS,0.0,1857.239561691413,1866.5994783783528,0.5465890812479368,0.0011657476425170898,9.359916686939869,4.372712649983441,4.9872040369564274,0.4671743132163558
1000248,10,248,S,1.025390625,143,SS,0.0,1866.5994783783528,1873.1355610573662,0.5483478638485642,0.0011893510818481445,6.5360826790133615,4.386782910789407,2.1492997682239547,0.671163925890179
1000249,10,249,S,1.04296875,130,SS,0.0,1873.1355610573662,1882.3401432012402,0.5314699299601746,0.001230001449584961,9.20458214387395,4.2517594396813365,4.952822704192613,0.46191770285966405
1000250,10,250,S,1.01171875,112,SS,0.0,1882.3401432012402,1886.4282995395029,0.5110195422829152,0.0012116432189941406,4.088156338262706,4.088156338262706,0.0,1.0
1000251,10,251,S,1.009765625,122,SS,0.0,1886.4282995395029,1897.68501456683,0.5216899163272337,0.0011959075927734375,11.256715027327118,4.173519330617637,7.083195696709481,0.370758193708012
1000252,10,252,S,1.0302734375,144,SS,0.0,1897.68501456683,1902.0833358984578,0.549790166453443,0.001194596290588379,4.3983213316278125,4.3983213316278125,0.0,1.0
1000253,10,253,S,1.0,137,SS,0.0,1902.0833358984578,1908.9312031129218,0.5398153282163389,0.0011631250381469727,6.847867214464031,4.318522625730111,2.5293445887339203,0.6306376117528314
1000254,10,254,S,0.994140625,144,SS,0.0,1908.9312031129218,1917.021895413734,0.5489376864655839,0.001146078109741211,8.09069230081218,4.3915014917238295,3.69919080908835,0.5427843908095468
1000255,10,255,S,0.9521484375,117,SS,0.0,1917.021895413734,1921.884085163631,0.5152323293122532,0.0011250972747802734,4.86218974989697,4.121858634498494,0.740331115398476,0.8477370992330845
1000256,10,256,S,1.0380859375,135,SS,0.0,1921.884085163631,1932.2652841493182,0.5380118429931964,0.001216888427734375,10.381198985687206,4.304094743945825,6.077104241741381,0.4146047821528108
1000257,10,257,S,0.984375,129,SS,0.0,1932.2652841493182,1936.4964965282416,0.5289015473653971,0.001152634620666504,4.231212378923374,4.231212378923374,0.0,1.0
1000258,10,258,S,0.9677734375,123,SS,0.0,1936.4964965282416,1944.7251782768205,0.5219142977383107,0.0011382102966308594,8.228681748578992,4.1753143819059915,4.053367366673001,0.5074098755401526
1000259,10,259,S,1.0205078125,135,SS,0.0,1944.7251782768205,1951.7181624838547,0.5376230429976434,0.0011932849884033203,6.992984207034169,4.300984343981327,2.6919998630528426,0.6150427652410557
1000260,10,260,S,0.9404296875,118,SS,0.0,1951.7181624838547,1956.5811825237815,0.5160669507185205,0.0011080503463745117,4.863020039926823,4.128535605748766,0.7344844341780572,0.8489653696370313
1000261,10,261,S,1.060546875,131,SS,0.0,1956.5811825237815,1967.1024751585944,0.5331771925627334,0.001252293586730957,10.52129263481288,4.2654175405023125,6.255875094310568,0.40540812698136425
1000262,10,262,S,0.9794921875,117,SS,0.0,1967.1024751585944,1971.2285270730652,0.5157564893088895,0.001161813735961914,4.126051914470736,4.126051914470736,0.0,1.0
1000263,10,263,S,0.9736328125,123,SS,0.0,1971.2285270730652,1982.8495795929678,0.5220323777373809,0.001146078109741211,11.621052519902605,4.176259021898659,7.444793498003946,0.35937011856251894
1000264,10,264,S,0.9423828125,139,SS,0.0,1982.8495795929678,1987.1787720205405,0.5411490534465487,0.0010831356048583984,4.329192427572707,4.329192427572707,0.0,1.0
1000265,10,265,S,0.9912109375,136,SS,0.0,1987.1787720205405,1994.7923204474398,0.5382965456118899,0.001152634620666504,7.613548426899342,4.306372364895651,3.307176062003691,0.5656196195824874
1000266,10,266,S,1.0380859375,119,SS,0.0,1994.7923204474398,2003.096255048795,0.5190302121101723,0.0012378692626953125,8.303934601355195,4.152241696881902,4.151692904473293,0.5000330441191407
1000267,10,267,S,0.990234375,115,SS,0.0,2003.096255048795,2008.0274605110556,0.5138275664985087,0.0011788606643676758,4.93120546226055,4.110620531988388,0.8205849302721617,0.8335934414916892
1000268,10,268,S,0.9658203125,120,SS,0.0,2008.0274605110556,2018.4691138521328,0.5186846735245959,0.001139521598815918,10.441653341077199,4.1494773881968285,6.2921759528803705,0.39739658583309695
1000269,10,269,S,0.9384765625,134,SS,0.0,2018.4691138521328,2022.7450800954218,0.5344957804110745,0.001084446907043457,4.275966243289076,4.275966243289076,0.0,1.0
1000270,10,270,S,1.0537109375,127,SS,0.0,2022.7450800954218,2033.2648503768578,0.5279574233412835,0.0012483596801757812,10.519770281435967,4.223659386731015,6.296110894704952,0.4014973021021594
1000271,10,271,S,0.984375,121,SS,0.0,2033.2648503768578,2038.7070502836973,0.5201159349265472,0.0011631250381469727,5.442199906839505,4.160927479411839,1.2812724274276661,0.7645671880194217
1000272,10,272,S,1.0419921875,115,SS,0.0,2038.7070502836973,2045.754571733927,0.5148027664927572,0.0012483596801757812,7.047521450229624,4.11842213194177,2.9290993182878537,0.5843788005508778
1000273,10,273,S,0.9560546875,118,SS,0.0,2045.754571733927,2054.543447021399,0.5163690307165055,0.0011290311813354492,8.788875287472138,4.130952245730668,4.657923041741469,0.47002057835762234
1000274,10,274,S,1.0146484375,130,SS,0.0,2054.543447021399,2059.69347693176,0.5308667299660327,0.0011919736862182617,5.1500299103608995,4.246933839727717,0.9030960706331825,0.8246425581303282
1000275,10,275,S,0.982421875,117,SS,0.0,2059.69347693176,2070.293310227694,0.5158126493085292,0.0011657476425170898,10.599833295933877,4.126501194466982,6.4733321014668945,0.3892986879378489
1000276,10,276,S,0.974609375,117,SS,0.0,2070.293310227694,2074.418613342171,0.5156628893094902,0.001155257225036621,4.125303114476992,4.125303114476992,0.0,1.0
1000277,10,277,S,1.025390625,113,SS,0.0,2074.418613342171,2086.0371488377777,0.5123436036859604,0.0012286901473999023,11.61853549560692,4.098748829488613,7.519786666118307,0.3527767188074942
1000278,10,278,S,1.005859375,113,SS,0.0,2086.0371488377777,2090.1330048672817,0.5119820036878987,0.0012024641036987305,4.095856029503921,4.095856029503921,0.0,1.0
1000279,10,279,S,0.974609375,128,SS,0.0,2090.1330048672817,2099.0939082145896,0.527376364760339,0.0011408329010009766,8.960903347307976,4.21901091808104,4.741892429226937,0.47082428573995383
1000280,10,280,S,1.056640625,129,SS,0.0,2099.0939082145896,2105.996946418046,0.5304289073511151,0.0012496709823608398,6.903038203456163,4.243431258808414,2.6596069446477486,0.6147193646826181
1000281,10,281,S,1.03125,128,SS,0.0,2105.996946418046,2111.162189216143,0.5285642047496676,0.001216888427734375,5.165242798097097,4.228513637997821,0.9367291600992758,0.8186476034690234
1000282,10,282,S,1.0263671875,132,SS,0.0,2111.162189216143,2122.4032620321664,0.5337708551766296,0.0012050867080688477,11.241072816023461,4.270166841411992,6.970905974611469,0.37987182462915203
1000283,10,283,S,0.9541015625,138,SS,0.0,2122.4032620321664,2127.673379197315,0.5401005108359744,0.0011001825332641602,5.270117165148804,4.32080408668844,0.9493130784603636,0.8198686957591464
1000284,10,284,S,0.9853515625,142,SS,0.0,2127.673379197315,2138.8456381069054,0.5460892412547594,0.0011368989944458008,11.172258909590255,4.368713930038211,6.8035449795520435,0.39103228500085263
1000285,10,285,S,0.9931640625,115,SS,0.0,2138.8456381069054,2143.9240115235734,0.5138827664981831,0.0011827945709228516,5.078373416668001,4.111062131985818,0.9673112846821823,0.8095234033977654
1000286,10,286,S,0.958984375,118,SS,0.0,2143.9240115235734,2154.7328515188087,0.5164256707161277,0.001132965087890625,10.808839995235303,4.131405365729734,6.677434629505569,0.38222467605690513
1000287,10,287,S,0.95703125,113,SS,0.0,2154.7328515188087,2158.821475548349,0.511078003692744,0.0011368989944458008,4.0886240295403695,4.0886240295403695,0.0,1.0
1000288,10,288,S,0.9765625,134,SS,0.0,2158.821475548349,2171.009272020034,0.5353319404017908,0.0011355876922607422,12.187796471685033,4.2826555232131795,7.905140948471853,0.3513888284205223
1000289,10,289,S,1.03515625,133,SS,0.0,2171.009272020034,2175.291589122284,0.5352896377810787,0.0012155771255493164,4.28231710225009,4.28231710225009,0.0,1.0
1000290,10,290,S,1.017578125,115,SS,0.0,2175.291589122284,2187.409187010547,0.5143427664954701,0.0012155771255493164,12.117597888262935,4.114742131961975,8.00285575630096,0.3395674761536278
1000291,10,291,S,0.974609375,144,SS,0.0,2187.409187010547,2191.7970021023243,0.5484768864721465,0.001119852066040039,4.387815091777156,4.387815091777156,0.0,1.0
1000292,10,292,S,0.998046875,135,SS,0.0,2191.7970021023243,2204.40002537484,0.5371262430033256,0.0011631250381469727,12.603023272515657,4.297009944028105,8.306013328487552,0.3409507267513273
1000293,10,293,S,0.9814453125,127,SS,0.0,2204.40002537484,2208.611655321676,0.5264537433544692,0.0011513233184814453,4.211629946836183,4.211629946836183,0.0,1.0
1000294,10,294,S,1.00390625,120,SS,0.0,2208.611655321676,2219.612415198718,0.5194334735192317,0.0011906623840332031,11.000759877041673,4.155467788154056,6.845292088887618,0.3777437044895798
1000295,10,295,S,1.0419921875,116,SS,0.0,2219.612415198718,2224.7197981602353,0.5158786678969792,0.0012470483779907227,5.107382961517487,4.127029343177128,0.9803536183403594,0.808051672309084
1000296,10,296,S,1.0283203125,142,SS,0.0,2224.7197981602353,2231.3212185732027,0.5470889212411143,0.001194596290588379,6.6014204129674,4.376711369928671,2.224709043038729,0.662995400403729
1000297,10,297,S,1.0107421875,122,SS,0.0,2231.3212185732027,2241.48348342168,0.5217094363270846,0.001197218894958496,10.162264848477207,4.173675490616006,5.988589357861201,0.4107032785355345
1000298,10,298,S,1.017578125,136,SS,0.0,2241.48348342168,2246.17787937999,0.538884065604976,0.001188039779663086,4.694395958309997,4.311072524840711,0.3833234334692861,0.9183444607413807
1000299,10,299,S,0.9677734375,135,SS,0.0,2246.17787937999,2258.5959081223364,0.5364566430109842,0.0011224746704101562,12.41802874234645,4.291653144089651,8.1263755982568,0.3455985835702552
1000300,10,300,S,1.0009765625,118,SS,0.0,2258.5959081223364,2262.733808208023,0.5172375107107127,0.0011893510818481445,4.1379000856868515,4.1379000856868515,0.0,1.0
1000301,10,301,S,0.9609375,124,SS,0.0,2262.733808208023,2275.5195352738706,0.5228391591440993,0.0011277198791503906,12.785727065847368,4.182713273152331,8.603013792695037,0.3271392586132233
1000302,10,302,S,0.953125,126,SS,0.0,2275.5195352738706,2279.7179602495094,0.5248031219548861,0.0011146068572998047,4.198424975638773,4.198424975638773,0.0,1.0
1000303,10,303,S,0.9443359375,126,SS,0.0,2279.7179602495094,2292.5874137179608,0.5246216819564375,0.0011028051376342773,12.869453468451411,4.1969734556514595,8.672480012799952,0.3261190124304854
1000304,10,304,S,1.03125,116,SS,0.0,2292.5874137179608,2296.7128097811483,0.5156745078982367,0.0012326240539550781,4.125396063187509,4.125396063187509,0.0,1.0
1000305,10,305,S,0.943359375,137,SS,0.0,2296.7128097811483,2309.274857963783,0.538543968231713,0.0010870695114135742,12.562048182634499,4.308351745854452,8.253696436780046,0.3429657077585663
1000306,10,306,S,1.01953125,141,SS,0.0,2309.274857963783,2313.639324352882,0.5455582986373317,0.0011841058731079102,4.364466389099107,4.364466389099107,0.0,1.0
1000307,10,307,S,1.033203125,133,SS,0.0,2313.639324352882,2326.329804898287,0.5352470777815369,0.0012129545211791992,12.69048054540508,4.2819766222528415,8.408503923152239,0.3374164285530734
1000308,10,308,S,0.95703125,126,SS,0.0,2326.329804898287,2330.528874993921,0.5248837619541965,0.001119852066040039,4.199070095633942,4.199070095633942,0.0,1.0
1000309,10,309,S,0.9482421875,129,SS,0.0,2330.528874993921,2342.872965971479,0.5281378673725379,0.001104116439819336,12.344090977558153,4.225102938980854,8.1189880385773,0.342277365474881
1000310,10,310,S,1.0234375,115,SS,0.0,2342.872965971479,2346.988591303436,0.514453166494819,0.001223444938659668,4.115625331956835,4.115625331956835,0.0,1.0
1000311,10,311,S,1.0537109375,112,SS,0.0,2346.988591303436,2357.7328756036886,0.5117901022789978,0.0012680292129516602,10.74428430025273,4.094320818232518,6.649963482020212,0.3810696649320989
1000312,10,312,S,0.9716796875,130,SS,0.0,2357.7328756036886,2363.530889062423,0.5299515299749211,0.0011342763900756836,5.798013458734204,4.239612239798589,1.5584012189356145,0.7312180749446143
1000313,10,313,S,0.94140625,133,SS,0.0,2363.530889062423,2372.9556518124477,0.5332467578030661,0.0010896921157836914,9.424762750024911,4.265974062425812,5.158788687599099,0.4526346366028722
1000314,10,314,S,0.9775390625,115,SS,0.0,2372.9556518124477,2379.7077443337585,0.5135883664999195,0.001161813735961914,6.752092521310715,4.108706931998313,2.643385589312402,0.6085086836459302
1000315,10,315,S,1.0537109375,116,SS,0.0,2379.7077443337585,2384.6802079479435,0.5161013878956073,0.0012627840042114258,4.972463614185017,4.12881110316448,0.8436525110205366,0.8303351062009107
1000316,10,316,S,1.0029296875,126,SS,0.0,2384.6802079479435,2395.4701459913063,0.5258312819460949,0.001181483268737793,10.789938043362781,4.206650255568093,6.5832877877946885,0.3898678786349224
1000317,10,317,S,1.0419921875,118,SS,0.0,2395.4701459913063,2400.7323267147553,0.5180304707054233,0.0012444257736206055,5.262180723449092,4.144243765644205,1.1179369578048863,0.7875525344800139
1000318,10,318,S,0.94921875,113,SS,0.0,2400.7323267147553,2411.316908595637,0.5109333636935193,0.001126408576965332,10.584581880881615,4.087466909546492,6.497114971335122,0.38617178794086077
1000319,10,319,S,0.9375,134,SS,0.0,2411.316908595637,2415.5927033189264,0.5344743404113126,0.0010831356048583984,4.275794723289437,4.275794723289437,0.0,1.0
1000320,10,320,S,0.94921875,119,SS,0.0,2415.5927033189264,2422.1392102796717,0.5172975721221607,0.0011185407638549805,6.546506960745319,4.138380576976488,2.408126383768831,0.6321509473359413
1000321,10,321,S,0.966796875,128,SS,0.0,2422.1392102796717,2431.1765468277176,0.527212524761811,0.0011303424835205078,9.037336548045914,4.217700198096281,4.819636349949633,0.4666972592725063
1000322,10,322,S,1.0078125,118,SS,0.0,2431.1765468277176,2436.2182036165896,0.517369670709831,0.0011985301971435547,5.041656788871933,4.138957365677925,0.902699423194008,0.8209518297265954
1000323,10,323,S,0.98046875,137,SS,0.0,2436.2182036165896,2446.724603304112,0.5393769282216405,0.0011368989944458008,10.50639968752239,4.315015425774618,6.191384261747771,0.4107035287168084
1000324,10,324,S,0.994140625,113,SS,0.0,2446.724603304112,2451.9230659773702,0.5117650436890615,0.0011867284774780273,5.198462673258291,4.094120349513105,1.1043423237451861,0.7875636715781194
1000325,10,325,S,0.9970703125,115,SS,0.0,2451.9230659773702,2457.7717084169403,0.5139563664977489,0.001188039779663086,5.848642439570085,4.111650931983604,1.736991507586481,0.7030094546668574
1000326,10,326,S,0.962890625,127,SS,0.0,2457.7717084169403,2467.4967196736166,0.5260676633578546,0.001126408576965332,9.725011256676225,4.208541306863481,5.516469949812745,0.43275438925320675
1000327,10,327,S,0.99609375,136,SS,0.0,2467.4967196736166,2471.8039624385005,0.5384053456106095,0.0011591911315917969,4.307242764883995,4.307242764883995,0.0,1.0
1000328,10,328,S,0.986328125,112,SS,0.0,2471.8039624385005,2482.5713989815367,0.5105536222852838,0.0011775493621826172,10.767436543036183,4.08442897828354,6.683007564752643,0.37933160431998425
1000329,10,329,S,1.05078125,140,SS,0.0,2482.5713989815367,2487.735190783004,0.544948956021411,0.0012273788452148438,5.163791801467141,4.359591648171772,0.8042001532953691,0.8442617006621221
1000330,10,330,S,1.021484375,115,SS,0.0,2487.735190783004,2498.328211715796,0.5144163664950361,0.0012208223342895508,10.593020932792115,4.115330931959761,6.477690000832354,0.38849455297687585
1000331,10,331,S,1.0029296875,136,SS,0.0,2498.328211715796,2503.6648125213387,0.538557665608817,0.001168370246887207,5.33660080554273,4.308461324872042,1.0281394806706885,0.8073418795719484
1000332,10,332,S,1.056640625,130,SS,0.0,2503.6648125213387,2513.5993490917613,0.5317611299573464,0.0012483596801757812,9.934536570422551,4.254089039659448,5.680447530763104,0.42821212741064035
1000333,10,333,S,0.9697265625,134,SS,0.0,2513.5993490917613,2519.344259330933,0.535181860403457,0.001126408576965332,5.744910239171531,4.2814548832284345,1.463455355943097,0.7452605358453537
1000334,10,334,S,0.9462890625,122,SS,0.0,2519.344259330933,2523.5076282616274,0.5204211163369289,0.001110672950744629,4.16336893069456,4.16336893069456,0.0,1.0
1000335,10,335,S,0.9443359375,119,SS,0.0,2523.5076282616274,2534.4438060024117,0.5172023721228194,0.0011119842529296875,10.936177740784387,4.137618976983504,6.798558763800884,0.3783423308449938
1000336,10,336,S,1.02734375,122,SS,0.0,2534.4438060024117,2539.6320791345006,0.5220412763245489,0.0012195110321044922,5.188273132088852,4.176330210597371,1.0119429214914817,0.8049557346484449
1000337,10,337,S,0.9697265625,129,SS,0.0,2539.6320791345006,2551.138673659069,0.5285919473682921,0.001132965087890625,11.5065945245683,4.228735578944907,7.277858945623393,0.36750539613748656
1000338,10,338,S,0.97265625,127,SS,0.0,2551.138673659069,2556.4151839444507,0.5262708633560728,0.001139521598815918,5.276510285381846,4.210166906847007,1.0663433785348388,0.7979074576071502
1000339,10,339,S,0.96484375,136,SS,0.0,2556.4151839444507,2567.6668922276754,0.5377090256188035,0.0011172294616699219,10.324431098519653,3.374395020245629,6.9500360782740245,0.32683592810546813
1100207,11,207,S,0.9541015625,140,SS,0.0,1555.5588376796384,1567.3153680928738,0.5427313560503289,0.001097559928894043,0.5757530499033692,0.5757530499033692,0.0,1.0
1100208,11,208,S,1.0400390625,140,SS,0.0,1567.3153680928738,1571.6729885410716,0.544702556024624,0.0012129545211791992,4.357620448197849,4.357620448197849,0.0,1.0
1100209,11,209,S,0.9677734375,128,SS,0.0,1571.6729885410716,1581.726408507247,0.5272330047616269,0.0011316537857055664,10.053419966175397,4.217864038093467,5.835555928081931,0.4195451947978316
1100210,11,210,S,0.9736328125,143,SS,0.0,1581.726408507247,1587.4714971068329,0.5471352238654777,0.001119852066040039,5.74508859958587,4.3770817909244215,1.3680068086614483,0.7618823826737746
1100211,11,211,S,1.0595703125,133,SS,0.0,1587.4714971068329,1595.472747791904,0.5358216377753529,0.0012483596801757812,8.001250685071227,4.286573102202965,3.714677582868262,0.5357378828538486
1100212,11,212,S,1.03125,128,SS,0.0,1595.472747791904,1603.8223872956364,0.5285642047496676,0.001216888427734375,8.349639503732305,4.228513637997821,4.121125865734484,0.5064306831579576
1100213,11,213,S,0.984375,134,SS,0.0,1603.8223872956364,1612.071752171402,0.5355034603998865,0.001146078109741211,8.24936487576565,4.284027683199383,3.965337192566267,0.5193160622322175
1100214,11,214,S,1.017578125,120,SS,0.0,1612.071752171402,1620.5878363575728,0.519702273517306,0.0012090206146240234,8.516084186170701,4.157618188139168,4.358465998031534,0.48820773694214276
1100215,11,215,S,1.0625,134,SS,0.0,1620.5878363575728,1626.7271190699034,0.537218660380843,0.0012509822845458984,6.139282712330669,4.297749283046869,1.8415334292837997,0.7000409468706981
1100216,11,216,S,0.9716796875,117,SS,0.0,1626.7271190699034,1636.5011174234196,0.5156067293098506,0.0011513233184814453,9.773998353516163,4.124853834478927,5.649144519037236,0.42202317672736506
1100217,11,217,S,0.990234375,117,SS,0.0,1636.5011174234196,1640.6288166978802,0.5159624093075681,0.0011762380599975586,4.1276992744606105,4.1276992744606105,0.0,1.0
1100218,11,218,S,1.021484375,129,SS,0.0,1640.6288166978802,1652.7531988911655,0.5296858673580631,0.0012024641036987305,12.124382193285328,4.2374869388640946,7.886895254421233,0.34950126705927176
1100219,11,219,S,1.05078125,123,SS,0.0,1652.7531988911655,1656.9418956729664,0.5235870977251389,0.0012496709823608398,4.1886967818009,4.1886967818009,0.0,1.0
1100220,11,220,S,0.998046875,140,SS,0.0,1656.9418956729664,1669.3731568596056,0.5437393560371844,0.0011565685272216797,12.431261186639176,4.349914848296976,8.0813463383422,0.34991742052464964
1100221,11,221,S,0.990234375,118,SS,0.0,1669.3731568596056,1673.5093955053023,0.5170298307120978,0.0011749267578125,4.1362386456967215,4.1362386456967215,0.0,1.0
1100222,11,222,S,1.0078125,115,SS,0.0,1673.5093955053023,1685.4551925157941,0.5141587664965553,0.0012024641036987305,11.945797010491788,4.113270131972968,7.83252687851882,0.34432781072375107
1100223,11,223,S,0.984375,117,SS,0.0,1685.4551925157941,1689.5819932302604,0.5158500893082889,0.001168370246887207,4.126800714466299,4.126800714466299,0.0,1.0
1100224,11,224,S,0.9404296875,143,SS,0.0,1689.5819932302604,1698.5203304301326,0.5463573038763281,0.0010752677917480469,8.938337199872194,4.370858431009765,4.567478768862429,0.4890012910983334
1100225,11,225,S,1.0244140625,137,SS,0.0,1698.5203304301326,1705.119787295039,0.5403633282097121,0.0011959075927734375,6.599456864906415,4.322906625677206,2.276550239229209,0.6550397576905002
1100226,11,226,S,0.9716796875,131,SS,0.0,1705.119787295039,1712.9151027903501,0.531269832581936,0.001132965087890625,7.795315495311115,4.25015866065587,3.545156834655245,0.545219582608599
1100227,11,227,S,1.046875,143,SS,0.0,1712.9151027903501,1720.5197095349965,0.5488512238415434,0.0012181997299194336,7.604606744646389,4.39080979073151,3.21379695391488,0.577388146181605
1100228,11,228,S,0.943359375,143,SS,0.0,1720.5197095349965,1725.7678908250468,0.5464259438753707,0.0010792016983032227,5.248181290050297,4.371407551003358,0.8767737390469392,0.8329376043641709
1100229,11,229,S,1.0517578125,136,SS,0.0,1725.7678908250468,1735.1396297901458,0.539645665596014,0.0012339353561401367,9.371738965098984,4.317165324768212,5.054573640330773,0.46065787159092236
1100230,11,230,S,0.98828125,112,SS,0.0,1735.1396297901458,1740.1723261217278,0.5105894622851016,0.0011801719665527344,5.032696331581974,4.084715698279979,0.9479806333019951,0.8116356380668
1100231,11,231,S,1.0478515625,129,SS,0.0,1740.1723261217278,1748.2687218142842,0.5302431473528522,0.0012378692626953125,8.09639569255637,4.241945178822789,3.854450513733582,0.5239300720841411
1100232,11,232,S,0.9453125,124,SS,0.0,1748.2687218142842,1755.5089078075043,0.5225217191466716,0.0011067390441894531,7.240185993220166,4.1801737531732215,3.0600122400469445,0.5773572332378765
1100233,11,233,S,1.0126953125,136,SS,0.0,1755.5089078075043,1763.4466126046457,0.5387752656062564,0.001181483268737793,7.93770479714135,4.310202124850548,3.6275026722908024,0.5430035803804149
1100234,11,234,S,1.0087890625,140,SS,0.0,1763.4466126046457,1768.9866927908415,0.5439857560339713,0.0011709928512573242,5.540080186195837,4.351886048270899,1.1881941379249383,0.7855276281225044
1100235,11,235,S,0.98046875,118,SS,0.0,1768.9866927908415,1775.594513373916,0.5168410307133572,0.001161813735961914,6.607820583074499,4.134728245706356,2.4730923373681435,0.6257325231101449
1100236,11,236,S,0.9794921875,122,SS,0.0,1775.594513373916,1782.4964382192002,0.5210847963318574,0.001155257225036621,6.901924845284157,4.168678370655471,2.733246474628686,0.603987795303767
1100237,11,237,S,1.0068359375,131,SS,0.0,1782.4964382192002,1788.7030426619033,0.5320243925743394,0.0011801719665527344,6.20660444270311,4.256195140595082,1.950409302108028,0.6857526011020315
1100238,11,238,S,0.9443359375,113,SS,0.0,1788.7030426619033,1797.6703918137362,0.5108429636940038,0.001119852066040039,8.967349151832877,4.086743709551229,4.880605442281649,0.45573598622686845
1100239,11,239,S,1.0,143,SS,0.0,1797.6703918137362,1803.0538901168827,0.5477529838568614,0.001155257225036621,5.383498303146553,4.382023870854027,1.0014744322925253,0.8139732984206232
1100240,11,240,S,0.96875,142,SS,0.0,1803.0538901168827,1813.5019782842,0.5457030012600315,0.0011146068572998047,10.448088167317337,4.3656240100808645,6.082464157236473,0.4178395071106858
1100241,11,241,S,0.9873046875,142,SS,0.0,1813.5019782842,1817.8710557342338,0.5461346812541392,0.001139521598815918,4.369077450033728,4.369077450033728,0.0,1.0
1100242,11,242,S,0.962890625,140,SS,0.0,1817.8710557342338,1826.7191891222153,0.5429329560476999,0.0011093616485595703,8.848133387981534,4.3434636483816575,4.504669739599876,0.49089038986249994
1100243,11,243,S,1.0361328125,136,SS,0.0,1826.7191891222153,1833.8326292603692,0.539297505600111,0.0012129545211791992,7.113440138153919,4.31438004480151,2.7990600933524092,0.6065110496482197
1100244,11,244,S,1.0205078125,131,SS,0.0,1833.8326292603692,1840.30690192169,0.5323178325713852,0.0011985301971435547,6.474272661320811,4.258542660571038,2.2157300007497724,0.6577638730004085
1100245,11,245,S,1.021484375,118,SS,0.0,1840.30690192169,1849.663714559112,0.5176339907080679,0.001216888427734375,9.356812637421854,4.141071925663709,5.215740711758144,0.4425729237221028
1100246,11,246,S,1.0478515625,135,SS,0.0,1849.663714559112,1855.77296564175,0.5382278429907259,0.001230001449584961,6.1092510826381385,4.305822743925091,1.8034283387130472,0.7048036961783737
1100247,11,247,S,0.955078125,129,SS,0.0,1855.77296564175,1865.3034520147305,0.5282823473711871,0.001113295555114746,9.530486372980477,4.226258778970077,5.304227594010399,0.4434462852758265
1100248,11,248,S,0.95703125,130,SS,0.0,1865.3034520147305,1869.5405682545536,0.529639529977951,0.0011146068572998047,4.237116239823081,4.237116239823081,0.0,1.0
1100249,11,249,S,0.94140625,121,SS,0.0,1869.5405682545536,1879.3526402951795,0.5192640949328545,0.0011054277420043945,9.812072040625935,4.154112759462805,5.65795928116313,0.42336753565027885
1100250,11,250,S,1.0224609375,112,SS,0.0,1879.3526402951795,1884.8156529335984,0.5112166622819131,0.0012260675430297852,5.463012638418832,4.0897332982549415,1.37327934016389,0.748622338797781
1100251,11,251,S,0.9931640625,135,SS,0.0,1884.8156529335984,1892.137671704892,0.5370182430045609,0.0011565685272216797,7.322018771293642,4.296145944035743,3.025872827257899,0.5867433665806769
1100252,11,252,S,0.9482421875,116,SS,0.0,1892.137671704892,1900.2758078625595,0.5140969079079543,0.0011211633682250977,8.138136157667532,4.112775263263757,4.025360894403775,0.5053706627148049
1100253,11,253,S,0.958984375,135,SS,0.0,1900.2758078625595,1906.5699979540818,0.5362622430132077,0.001110672950744629,6.294190091522296,4.290097944105582,2.0040921474167135,0.6815965011739884
1100254,11,254,S,0.958984375,116,SS,0.0,1906.5699979540818,1916.379484399123,0.5143010679066967,0.0011355876922607422,9.809486445041102,4.114408543253376,5.695077901787727,0.4194315947429943
1100255,11,255,S,0.9892578125,139,SS,0.0,1916.379484399123,1921.4631744769122,0.5422165734329605,0.001146078109741211,5.083690077789242,4.337732587464416,0.7459574903248267,0.8532645619795094
1100256,11,256,S,0.9423828125,122,SS,0.0,1921.4631744769122,1931.722192000646,0.5203430363375255,0.0011054277420043945,10.259017523733746,4.1627442907010845,6.096273233032662,0.4057644195529226
1100257,11,257,S,1.00390625,121,SS,0.0,1931.722192000646,1935.8862170800357,0.5205031349236802,0.0011893510818481445,4.16402507938983,4.16402507938983,0.0,1.0
1100258,11,258,S,1.0029296875,118,SS,0.0,1935.8862170800357,1944.42807161861,0.5172752707104608,0.0011919736862182617,8.54185453857417,4.138202165684561,4.40365237288961,0.4844617930446894
1100259,11,259,S,1.0517578125,120,SS,0.0,1944.42807161861,1951.2354521279012,0.520374273512492,0.0012549161911010742,6.807380509291306,4.162994188100129,2.6443863211911776,0.6115412797063586
1100260,11,260,S,1.0078125,132,SS,0.0,1951.2354521279012,1956.4917123599557,0.5333695751808101,0.0011801719665527344,5.256260232054501,4.266956601446509,0.9893036306079921,0.8117856447489272
1100261,11,261,S,0.9541015625,131,SS,0.0,1956.4917123599557,1966.7597311121788,0.5308925525857343,0.0011093616485595703,10.268018752223043,4.247140420686264,6.020878331536778,0.41362803508386187
1100262,11,262,S,1.0400390625,134,SS,0.0,1966.7597311121788,1971.0535354352685,0.5367255403863179,0.0012208223342895508,4.2938043230897165,4.2938043230897165,0.0,1.0
1100263,11,263,S,0.9716796875,140,SS,0.0,1971.0535354352685,1982.8245239343614,0.543134556045071,0.0011211633682250977,11.770988499092937,4.345076448360487,7.42591205073245,0.36913437207888833
1100264,11,264,S,0.95703125,127,SS,0.0,1982.8245239343614,1987.0320898812333,0.5259457433589236,0.0011185407638549805,4.2075659468719095,4.2075659468719095,0.0,1.0
1100265,11,265,S,1.02734375,144,SS,0.0,1987.0320898812333,1994.7152517203235,0.5497210464544274,0.0011906623840332031,7.6831618390901895,4.397768371634811,3.2853934674553784,0.5723904381735082
1100266,11,266,S,1.0205078125,117,SS,0.0,1994.7152517203235,2003.0146373228247,0.5165427293038442,0.001216888427734375,8.299385602501161,4.1323418344309175,4.1670437680702435,0.4979093673133546
1100267,11,267,S,1.029296875,118,SS,0.0,2003.0146373228247,2008.0017893032766,0.5177850307070605,0.0012273788452148438,4.987151980451927,4.142280245656366,0.8448717347955608,0.8305903373093113
1100268,11,268,S,1.0185546875,135,SS,0.0,2008.0017893032766,2018.8693785502355,0.5375798429981375,0.0011906623840332031,10.867589246958914,4.300638743985473,6.566950502973441,0.3957307040463389
1100269,11,269,S,0.97265625,120,SS,0.0,2018.8693785502355,2023.019931138425,0.5188190735236331,0.0011487007141113281,4.1505525881893846,4.1505525881893846,0.0,1.0
1100270,11,270,S,1.0458984375,138,SS,0.0,2023.019931138425,2034.987171210584,0.5421760308102109,0.001223444938659668,11.96724007215903,4.337408246481573,7.629831825677456,0.3624401466276471
1100271,11,271,S,1.037109375,128,SS,0.0,2034.987171210584,2039.2166678885721,0.5286870847485637,0.0012247562408447266,4.229496677988209,4.229496677988209,0.0,1.0
1100272,11,272,S,1.0595703125,129,SS,0.0,2039.2166678885721,2048.2026483222735,0.5304908273505362,0.0012536048889160156,8.985980433701343,4.243926618804835,4.742053814896508,0.4722830914352162
1100273,11,273,S,1.021484375,117,SS,0.0,2048.2026483222735,2055.069555316213,0.5165614493037239,0.0012181997299194336,6.866906993939665,4.132491594431485,2.7344153995081797,0.6017981018351615
1100274,11,274,S,0.9482421875,129,SS,0.0,2055.069555316213,2060.138633556336,0.5281378673725379,0.001104116439819336,5.069078240122963,4.225102938980854,0.843975301142109,0.8335051736897957
1100275,11,275,S,0.9970703125,113,SS,0.0,2060.138633556336,2070.712366192948,0.5118192836887708,0.0011906623840332031,10.573732636612021,4.094554269511718,6.479178367100303,0.3872383017643307
1100276,11,276,S,1.017578125,115,SS,0.0,2070.712366192948,2074.82710832491,0.5143427664954701,0.0012155771255493164,4.114742131961975,4.114742131961975,0.0,1.0
1100277,11,277,S,0.9912109375,120,SS,0.0,2074.82710832491,2086.505016729226,0.5191838735210198,0.0011736154556274414,11.677908404315986,4.153470988167101,7.524437416148885,0.35566908425416643
1100278,11,278,S,1.0234375,132,SS,0.0,2086.505016729226,2090.7746766906434,0.5337074951772898,0.0012011528015136719,4.2696599614173465,4.2696599614173465,0.0,1.0
1100279,11,279,S,0.982421875,143,SS,0.0,2090.7746766906434,2102.0530257112823,0.5473411438626057,0.0011316537857055664,11.27834902063887,4.378729150899744,6.899619869739126,0.3882420328442458
1100280,11,280,S,0.982421875,141,SS,0.0,2102.0530257112823,2106.7052487194196,0.544701018648774,0.0011342763900756836,4.652223008137298,4.357608149191947,0.29461485894535144,0.93667224068364
1100281,11,281,S,0.9921875,121,SS,0.0,2106.7052487194196,2113.5778831522434,0.5202708149254004,0.0011736154556274414,6.872634432823816,4.162166519403399,2.710467913420416,0.605614420508797
1100282,11,282,S,0.96484375,126,SS,0.0,2113.5778831522434,2122.9229951606676,0.5250450419528175,0.0011303424835205078,9.345112008424167,4.200360335624282,5.1447516727998845,0.44947137410850296
1100283,11,283,S,0.9990234375,135,SS,0.0,2122.9229951606676,2128.1703967176218,0.5371478430030785,0.0011644363403320312,5.247401556954173,4.297182744023303,0.9502188129308706,0.8189163145573292
1100284,11,284,S,1.0224609375,124,SS,0.0,2128.1703967176218,2139.206120342109,0.524089079133971,0.001210331916809082,11.035723624487218,4.192712633070187,6.843010991417032,0.37992185884095153
1100285,11,285,S,0.978515625,117,SS,0.0,2139.206120342109,2144.155453585206,0.5157377693090096,0.0011605024337768555,4.949333243097044,4.125902154471987,0.8234310886250569,0.8336278750731695
1100286,11,286,S,0.94921875,136,SS,0.0,2144.155453585206,2154.959983192371,0.5373608656229005,0.0010962486267089844,10.804529607165023,4.298886924982071,6.505642682182952,0.3978782123130344
1100287,11,287,S,0.96875,120,SS,0.0,2154.959983192371,2159.109921380566,0.5187422735241833,0.0011434555053710938,4.1499381881949375,4.1499381881949375,0.0,1.0
1100288,11,288,S,1.05859375,113,SS,0.0,2159.109921380566,2170.5238141393943,0.5129583236826657,0.0012732744216918945,11.413892758828297,4.103666589460772,7.310226169367525,0.3595326043594296
1100289,11,289,S,1.0146484375,143,SS,0.0,2170.5238141393943,2174.908583610211,0.5480961838520746,0.0011749267578125,4.384769470816536,4.384769470816536,0.0,1.0
1100290,11,290,S,1.013671875,131,SS,0.0,2174.908583610211,2187.0985496748617,0.5321711125728624,0.0011893510818481445,12.18996606465089,4.25736890058397,7.9325971640669195,0.34925190751184404
1100291,11,291,S,1.0146484375,140,SS,0.0,2187.0985496748617,2191.451510923118,0.5441201560322186,0.0011788606643676758,4.352961248256179,4.352961248256179,0.0,1.0
1100292,11,292,S,0.96484375,142,SS,0.0,2191.451510923118,2204.217172594765,0.5456121212612719,0.0011093616485595703,12.765661671647194,4.36489697009165,8.400764701555545,0.3419248513992955
1100293,11,293,S,0.9658203125,133,SS,0.0,2204.217172594765,2208.487402657144,0.5337787577973402,0.0011224746704101562,4.270230062378687,4.270230062378687,0.0,1.0
1100294,11,294,S,0.9921875,143,SS,0.0,2208.487402657144,2219.3462167805997,0.5475699438594144,0.0011447668075561523,10.858814123455886,4.38055955087475,6.478254572581136,0.4034104922573819
1100295,11,295,S,1.0029296875,125,SS,0.0,2219.3462167805997,2224.923280025318,0.5247617805416405,0.0011827945709228516,5.577063244718374,4.198094244333333,1.378969000385041,0.7527428074818838
1100296,11,296,S,1.0234375,135,SS,0.0,2224.923280025318,2234.8456129709184,0.5376878429969022,0.001197218894958496,9.922332945600374,4.301502743976016,5.620830201624358,0.43351727537860235
1100297,11,297,S,0.9853515625,123,SS,0.0,2234.8456129709184,2241.867289236554,0.5222685377355214,0.001161813735961914,7.021676265635506,4.1781483018858125,2.8435279637496933,0.5950357356026102
1100298,11,298,S,1.0234375,125,SS,0.0,2241.867289236554,2247.1502017633425,0.5251817805381426,0.001210331916809082,5.28291252678855,4.20145424430666,1.08145828248189,0.7952912759774007
1100299,11,299,S,1.0185546875,125,SS,0.0,2247.1502017633425,2258.6180397666253,0.5250817805389754,0.001203775405883789,11.46783800328285,4.200654244312318,7.267183758970532,0.3662987080136478
1100300,11,300,S,1.009765625,129,SS,0.0,2258.6180397666253,2262.853545265509,0.5294381873603791,0.0011867284774780273,4.235505498883867,4.235505498883867,0.0,1.0
1100301,11,301,S,0.96875,144,SS,0.0,2262.853545265509,2275.7198808870694,0.5483386464741156,0.0011119842529296875,12.86633562156021,4.3867091717911535,8.479626449769057,0.3409447181247405
1100302,11,302,S,0.97265625,113,SS,0.0,2275.7198808870694,2279.8108191565975,0.5113672836911934,0.0011578798294067383,4.090938269528124,4.090938269528124,0.0,1.0
1100303,11,303,S,1.0625,140,SS,0.0,2279.8108191565975,2292.7589448200124,0.5452177560179059,0.0012431144714355469,12.948125663414885,4.361742048142332,8.586383615272553,0.3368628140879492
1100304,11,304,S,0.9912109375,118,SS,0.0,2292.7589448200124,2296.895334505709,0.5170487107119719,0.0011762380599975586,4.136389685696486,4.136389685696486,0.0,1.0
1100305,11,305,S,1.02734375,134,SS,0.0,2296.895334505709,2309.671948015762,0.5364468203894126,0.001203775405883789,12.776613510053267,4.291574563114409,8.485038946938857,0.3358929625395327
1100306,11,306,S,1.0048828125,130,SS,0.0,2309.671948015762,2313.917217855505,0.5306587299680529,0.0011788606643676758,4.245269839742832,4.245269839742832,0.0,1.0
1100307,11,307,S,0.986328125,127,SS,0.0,2313.917217855505,2326.392823922908,0.5265553433535781,0.0011578798294067383,12.475606067403078,4.212442746829765,8.263163320573312,0.33765435715674436
1100308,11,308,S,1.0029296875,126,SS,0.0,2326.392823922908,2330.599474178476,0.5258312819460949,0.001181483268737793,4.206650255568093,4.206650255568093,0.0,1.0
1100309,11,309,S,1.0361328125,118,SS,0.0,2330.599474178476,2342.899914155248,0.517917190706179,0.001236557960510254,12.30043997677194,4.143337525649258,8.157102451122682,0.3368446603108105
1100310,11,310,S,1.0107421875,113,SS,0.0,2342.899914155248,2346.9964933847473,0.512072403687414,0.0012090206146240234,4.096579229499184,4.096579229499184,0.0,1.0
1100311,11,311,S,0.9423828125,123,SS,0.0,2346.9964933847473,2357.975938469755,0.5214026177423396,0.001104116439819336,10.979445085007683,4.171220941938373,6.80822414306931,0.3799118179145621
1100312,11,312,S,1.0439453125,141,SS,0.0,2357.975938469755,2363.69766010649,0.5461222986298041,0.001216888427734375,5.721721636734856,4.3689783890367835,1.352743247698072,0.7635775849329809
1100313,11,313,S,1.009765625,123,SS,0.0,2363.69766010649,2372.9749846040645,0.5227605377316473,0.001194596290588379,9.277324497574682,4.182084301854047,5.095240195720635,0.4507856012740899
1100314,11,314,S,0.984375,113,SS,0.0,2372.9749846040645,2378.959919540969,0.5115842436900306,0.0011736154556274414,5.984934936904665,4.0926739495189395,1.8922609873857255,0.6838293135456575
1100315,11,315,S,0.9404296875,129,SS,0.0,2378.959919540969,2384.0464491420225,0.527972747374082,0.0010936260223388672,5.086529601053371,4.22378197899161,0.8627476220617609,0.8303858053075924
1100316,11,316,S,0.9794921875,131,SS,0.0,2384.0464491420225,2394.8678998159057,0.5314375125802479,0.0011434555053710938,10.821450673883191,4.25150010064317,6.569950573240021,0.39287709464904425
1100317,11,317,S,1.0546875,143,SS,0.0,2394.8678998159057,2399.2601739266183,0.5490342638389905,0.0012286901473999023,4.392274110712606,4.392274110712606,0.0,1.0
1100318,11,318,S,0.958984375,126,SS,0.0,2399.2601739266183,2409.452753976793,0.5249240819538518,0.0011224746704101562,10.192580050174456,4.199392655631527,5.993187394542929,0.41200487363939325
1100319,11,319,S,0.98046875,121,SS,0.0,2409.452753976793,2414.9914601933137,0.5200384949271206,0.0011578798294067383,5.53870621652095,4.1603079594169685,1.3783982571039815,0.7511335313303906
1100320,11,320,S,0.998046875,124,SS,0.0,2414.9914601933137,2421.036603093893,0.5235930791379901,0.0011775493621826172,6.045142900579322,4.188744633105671,1.8563982674736508,0.6929107718370483
1100321,11,321,S,1.0576171875,138,SS,0.0,2421.036603093893,2430.5979705128793,0.542440990806922,0.001239180564880371,9.561367418986265,4.339527926455048,5.221839492531217,0.45386059716081306
1100322,11,322,S,0.9638671875,113,SS,0.0,2430.5979705128793,2435.655192682848,0.5112045636920656,0.001146078109741211,5.057222169968554,4.0896365095359215,0.9675856604326327,0.8086725028260625
1100323,11,323,S,0.978515625,114,SS,0.0,2435.655192682848,2446.124611568476,0.5125412650952115,0.0011644363403320312,10.469418885628329,4.100330120760191,6.369088764868138,0.39164830116682325
1100324,11,324,S,1.0439453125,112,SS,0.0,2446.124611568476,2451.3208406256394,0.5116109022799088,0.0012549161911010742,5.196229057163237,4.092887218237593,1.103341838925644,0.7876648956795625
1100325,11,325,S,0.9951171875,131,SS,0.0,2451.3208406256394,2456.447664990344,0.5317728725768716,0.0011644363403320312,5.126824364704589,4.254182980614132,0.872641384090457,0.8297891010080001
1100326,11,326,S,0.998046875,120,SS,0.0,2456.447664990344,2466.1023491997653,0.519318273520057,0.0011827945709228516,9.654684209421248,4.154546188161476,5.500138021259772,0.4303140421835217
1100327,11,327,S,0.9873046875,112,SS,0.0,2466.1023491997653,2471.1126266016904,0.5105715422851927,0.0011788606643676758,5.010277401925123,4.08457233828085,0.9257050636442727,0.8152387603751072
1100328,11,328,S,1.0087890625,127,SS,0.0,2471.1126266016904,2481.985987050876,0.5270227033494799,0.001188039779663086,10.873360449185384,4.216181626794423,6.657178822390961,0.38775332120166156
1100329,11,329,S,0.9970703125,117,SS,0.0,2481.985987050876,2486.9664665984405,0.5160934493067272,0.0011854171752929688,4.980479547564755,4.12874759445549,0.8517319531092653,0.8289859550721925
1100330,11,330,S,0.984375,135,SS,0.0,2486.9664665984405,2494.6260948135314,0.5368238430067844,0.0011447668075561523,7.659628215090834,4.294590744055313,3.365037471035521,0.5606787462078385
1100331,11,331,S,1.033203125,133,SS,0.0,2494.6260948135314,2502.6709723357626,0.5352470777815369,0.0012129545211791992,8.044877522231218,4.2819766222528415,3.7629008999783764,0.5322612569824743
1100332,11,332,S,0.9599609375,123,SS,0.0,2502.6709723357626,2507.7948217856388,0.5217568577395504,0.0011277198791503906,5.123849449876161,4.174054861916375,0.9497945879597864,0.8146326122086311
1100333,11,333,S,0.9521484375,143,SS,0.0,2507.7948217856388,2517.8261518536524,0.5466318638724986,0.00109100341796875,10.03133006801363,4.373054910978681,5.65827515703495,0.43593968908697445
1100334,11,334,S,0.99609375,143,SS,0.0,2517.8261518536524,2523.2429179641254,0.547661463858138,0.0011500120162963867,5.416766110472963,4.381291710866208,1.0354743996067555,0.8088390049544998
1100335,11,335,S,0.99609375,121,SS,0.0,2523.2429179641254,2534.3968564144184,0.520348254924827,0.0011788606643676758,11.153938450293026,4.162786039400089,6.991152410892937,0.37321221180763536
1100336,11,336,S,1.0556640625,137,SS,0.0,2534.3968564144184,2539.728684472716,0.5410647682012298,0.0012378692626953125,5.33182805829756,4.328518145608541,1.0033099126890193,0.8118262813956207
1100337,11,337,S,0.939453125,122,SS,0.0,2539.728684472716,2551.1781689658196,0.5202844763379729,0.0011014938354492188,11.449484493103682,4.162275810704159,7.287208682399523,0.363533905234878
1100338,11,338,S,1.0234375,130,SS,0.0,2551.1781689658196,2556.4696363190164,0.5310539299642146,0.001203775405883789,5.291467353196822,4.248431439715205,1.0430359134816172,0.8028834264938872
1100339,11,339,S,0.994140625,127,SS,0.0,2556.4696363190164,2567.670637732013,0.5267179033521528,0.001168370246887207,10.269978723953955,3.2827205377748214,6.987258186179133,0.3196423893379762
1200208,12,208,S,1.041015625,115,SS,0.0,1559.532751893656,1569.3532561834597,0.5147843664928657,0.0012470483779907227,2.613641140489335,2.613641140489335,0.0,1.0
1200209,12,209,S,1.0029296875,144,SS,0.0,1569.3532561834597,1574.833981053136,0.5491450464626307,0.0011578798294067383,5.480724869676351,4.393160371701015,1.087564497975336,0.8015655731977002
1200210,12,210,S,1.005859375,136,SS,0.0,1574.833981053136,1585.687267878879,0.5386229456080489,0.0011723041534423828,10.853286825742998,4.30898356486432,6.544303260878678,0.3970210715010136
1200211,12,211,S,1.0625,113,SS,0.0,1585.687267878879,1589.7915130283368,0.513030643682278,0.001278519630432129,4.104245149457711,4.104245149457711,0.0,1.0
1200212,12,212,S,1.0595703125,141,SS,0.0,1589.7915130283368,1602.1495394197227,0.5464832586249864,0.0012378692626953125,12.35802639138592,4.371866068999225,7.986160322386695,0.35376733553883694
1200213,12,213,S,0.96484375,130,SS,0.0,1602.1495394197227,1606.387986859534,0.529805929976335,0.0011250972747802734,4.2384474398113525,4.2384474398113525,0.0,1.0
1200214,12,214,S,0.939453125,114,SS,0.0,1606.387986859534,1617.5586854485264,0.51181166509932,0.0011119842529296875,11.170698588992309,4.094493320793845,7.076205268198464,0.36653869837904224
1200215,12,215,S,0.9599609375,138,SS,0.0,1617.5586854485264,1621.8805493752006,0.5402329908343301,0.0011080503463745117,4.321863926674268,4.321863926674268,0.0,1.0
1200216,12,216,S,1.0546875,140,SS,0.0,1621.8805493752006,1631.941388917859,0.5450385560202428,0.0012326240539550781,10.060839542658414,4.360308448161959,5.700531094496455,0.4333940949633531
1200217,12,217,S,1.0439453125,131,SS,0.0,1631.941388917859,1637.9745114360742,0.5328208725663207,0.001230001449584961,6.033122518215123,4.262566980531119,1.7705555376840039,0.7065275017475003
1200218,12,218,S,1.0146484375,128,SS,0.0,1637.9745114360742,1645.9186166721747,0.5282160447527955,0.001194596290588379,7.94410523610054,4.225728358022025,3.718376878078516,0.5319325754672749
1200219,12,219,S,1.033203125,136,SS,0.0,1645.9186166721747,1654.3959417530457,0.5392322256008791,0.0012090206146240234,8.477325080870969,4.313857804807412,4.163467276063557,0.5088701640735243
1200220,12,220,S,0.96875,113,SS,0.0,1654.3959417530457,1660.9642622118738,0.5112949636915812,0.001152634620666504,6.568320458828111,4.090359709533004,2.4779607492951072,0.6227405826455042
1200221,12,221,S,0.9697265625,124,SS,0.0,1660.9642622118738,1670.9052221083034,0.5230177191426524,0.001139521598815918,9.940959896429604,4.184141753141375,5.756818143288228,0.42089916836342456
1200222,12,222,S,0.962890625,128,SS,0.0,1670.9052221083034,1677.615496783946,0.5271306047625469,0.0011250972747802734,6.710274675642495,4.217044838100264,2.4932298375422306,0.6284459343233205
1200223,12,223,S,1.0283203125,133,SS,0.0,1677.615496783946,1687.098381128397,0.535140677782682,0.0012063980102539062,9.482884344451122,4.281125422261539,5.201758922189583,0.45145814994217714
1200224,12,224,S,1.00390625,130,SS,0.0,1687.098381128397,1692.368136878289,0.5306379299682548,0.0011775493621826172,5.269755749892056,4.245103439745435,1.024652310146621,0.8055598098322471
1200225,12,225,S,0.94921875,121,SS,0.0,1692.368136878289,1701.340760007488,0.5194189749317077,0.0011159181594848633,8.972623129198837,4.155351799454365,4.817271329744472,0.4631144916732277
1200226,12,226,S,0.966796875,134,SS,0.0,1701.340760007488,1706.6021680061851,0.5351175404041713,0.0011224746704101562,5.261407998697223,4.280940323233153,0.9804676754640695,0.8136491836962951
1200227,12,227,S,1.01953125,139,SS,0.0,1706.6021680061851,1714.4862530386488,0.5429060134241847,0.0011867284774780273,7.884085032463645,4.343248107394174,3.5408369250694705,0.5508880345037301
1200228,12,228,S,0.9775390625,130,SS,0.0,1714.4862530386488,1721.7950290067597,0.530076329973709,0.0011421442031860352,7.308775968110922,4.240610639790248,3.0681653283206742,0.5802080482823043
1200229,12,229,S,0.970703125,129,SS,0.0,1721.7950290067597,1729.6912617508424,0.5286125873680989,0.0011342763900756836,7.896232744082681,4.228900698944926,3.667332045137755,0.535559276936714
1200230,12,230,S,0.947265625,124,SS,0.0,1729.6912617508424,1736.1587645801521,0.52256139914635,0.0011093616485595703,6.467502829309751,4.180491193170383,2.2870116361393684,0.6463841305526802
1200231,12,231,S,0.99609375,133,SS,0.0,1736.1587645801521,1742.4265218945368,0.5344384377902401,0.0011631250381469727,6.267757314384653,4.275507502321489,1.9922498120631644,0.6821431156099641
1200232,12,232,S,0.95703125,143,SS,0.0,1742.4265218945368,1749.1267932491637,0.5467462638709029,0.001097559928894043,6.700271354626921,4.373970110968003,2.326301243658918,0.6528049207958609
1200233,12,233,S,1.0068359375,132,SS,0.0,1749.1267932491637,1756.5680364764212,0.5333484551810302,0.0011788606643676758,7.441243227257473,4.2667876414489,3.1744555858085732,0.5733971476459125
1200234,12,234,S,1.037109375,118,SS,0.0,1756.5680364764212,1764.428217855281,0.517936070706053,0.0012378692626953125,7.8601813788598065,4.143488565649022,3.716692813210784,0.5271492305245091
1200235,12,235,S,0.9990234375,121,SS,0.0,1764.428217855281,1770.492240562849,0.5204063349243969,0.0011827945709228516,6.064022707568029,4.163250679395787,1.9007720281722413,0.6865493221521025
1200236,12,236,S,0.962890625,127,SS,0.0,1770.492240562849,1779.3539314732736,0.5260676633578546,0.001126408576965332,8.861690910424613,4.208541306863481,4.653149603561133,0.4749140259352406
1200237,12,237,S,0.9931640625,136,SS,0.0,1779.3539314732736,1783.6606519981653,0.5383400656113777,0.001155257225036621,4.306720524891716,4.306720524891716,0.0,1.0
1200238,12,238,S,0.9716796875,125,SS,0.0,1783.6606519981653,1790.4818472997965,0.5241217805469709,0.0011408329010009766,6.821195301631178,4.192974244375364,2.6282210572558142,0.6146978731678716
1200239,12,239,S,0.9462890625,127,SS,0.0,1790.4818472997965,1798.5317725342625,0.5257222233608838,0.001104116439819336,8.049925234465945,4.205777786886756,3.8441474475791892,0.5224617203746961
1200240,12,240,S,1.013671875,143,SS,0.0,1798.5317725342625,1803.7744905001834,0.5480733038523937,0.0011736154556274414,5.242717965920974,4.384586430818672,0.8581315351023022,0.836319340334464
1200241,12,241,S,0.990234375,134,SS,0.0,1803.7744905001834,1814.1824108283033,0.5356321003984582,0.0011539459228515625,10.407920328119872,4.285056803188127,6.122863524931745,0.411711145752227
1200242,12,242,S,1.060546875,134,SS,0.0,1814.1824108283033,1818.4798170713545,0.537175780381319,0.0012483596801757812,4.297406243051228,4.297406243051228,0.0,1.0
1200243,12,243,S,1.0126953125,112,SS,0.0,1818.4798170713545,1828.5131835734805,0.5110374622828241,0.0012129545211791992,10.033366502126,4.088299698261835,5.945066803864165,0.40747038368383665
1200244,12,244,S,1.0595703125,122,SS,0.0,1828.5131835734805,1834.1565820868386,0.5226854363196266,0.0012627840042114258,5.643398513358079,4.181483490556275,1.4619150228018043,0.740951304547887
1200245,12,245,S,1.041015625,114,SS,0.0,1834.1565820868386,1840.3187047094361,0.5137086250886379,0.0012483596801757812,6.162122622597508,4.109669000708891,2.052453621888617,0.6669242487382618
1200246,12,246,S,0.9951171875,131,SS,0.0,1840.3187047094361,1849.7721744713856,0.5317728725768716,0.0011644363403320312,9.453469761949464,4.254182980614132,5.199286781335331,0.45001286170474286
1200247,12,247,S,1.0126953125,141,SS,0.0,1849.7721744713856,1855.8602915234605,0.5454003786394395,0.0011749267578125,6.088117052074949,4.363203029115539,1.7249140229594104,0.7166752859372955
1200248,12,248,S,0.94921875,123,SS,0.0,1855.8602915234605,1865.3063312503414,0.521540377741255,0.001113295555114746,9.446039726880826,4.172323021930424,5.273716704950402,0.44170077011820547
1200249,12,249,S,1.0244140625,134,SS,0.0,1865.3063312503414,1869.5973912534623,0.5363825003901267,0.0011998414993286133,4.291060003120947,4.291060003120947,0.0,1.0
1200250,12,250,S,1.0400390625,143,SS,0.0,1869.5973912534623,1881.1013483414754,0.5486910638437772,0.0012090206146240234,11.503957088013067,4.389528510750097,7.11442857726297,0.38156683627791976
1200251,12,251,S,0.986328125,129,SS,0.0,1881.1013483414754,1885.3328909603952,0.528942827365011,0.001155257225036621,4.231542618919775,4.231542618919775,0.0,1.0
1200252,12,252,S,0.970703125,143,SS,0.0,1885.3328909603952,1892.158160757036,0.5470665838664351,0.0011159181594848633,6.825269796640896,4.376532670930828,2.4487371257100676,0.6412248601637358
1200253,12,253,S,1.041015625,126,SS,0.0,1892.158160757036,1900.3604778266556,0.5266175219393721,0.0012326240539550781,8.20231706961954,4.212940175515541,3.989376894103998,0.5136280565304893
1200254,12,254,S,0.9853515625,122,SS,0.0,1900.3604778266556,1905.4273533973255,0.5212019163309626,0.0011631250381469727,5.066875570669936,4.169615330647503,0.8972602400224332,0.822916464494154
1200255,12,255,S,1.0263671875,138,SS,0.0,1905.4273533973255,1916.0694541926866,0.5417344308156926,0.001197218894958496,10.642100795361102,4.333875446525781,6.308225348835322,0.40723871441012094
1200256,12,256,S,1.0126953125,115,SS,0.0,1916.0694541926866,1920.183460324654,0.5142507664960128,0.0012090206146240234,4.1140061319674714,4.1140061319674714,0.0,1.0
1200257,12,257,S,1.0537109375,123,SS,0.0,1920.183460324654,1931.1667475886434,0.5236461377246739,0.0012536048889160156,10.983287263989268,4.1891691017972335,6.794118162192035,0.3814130506749283
1200258,12,258,S,1.0322265625,142,SS,0.0,1931.1667475886434,1935.6217407824693,0.5471798012398739,0.0011998414993286133,4.454993193825885,4.377438409919705,0.07755478390618009,0.98259149216801
1200259,12,259,S,1.0517578125,134,SS,0.0,1935.6217407824693,1943.9190621272671,0.5369828203834615,0.001236557960510254,8.297321344797865,4.295862563067203,4.001458781730662,0.5177408930606937
1200260,12,260,S,1.017578125,125,SS,0.0,1943.9190621272671,1951.2292800614105,0.525061780539142,0.0012024641036987305,7.310217934143338,4.200494244312722,3.1097236898306164,0.5746058848250964
1200261,12,261,S,1.0263671875,118,SS,0.0,1951.2292800614105,1956.2712828068277,0.5177283907074383,0.001223444938659668,5.042002745417221,4.141827125658892,0.900175619758329,0.8214646708440377
1200262,12,262,S,0.9970703125,143,SS,0.0,1956.2712828068277,1966.75303205839,0.5476843438578188,0.0011513233184814453,10.481749251562405,4.381474750862253,6.100274500700152,0.4180098803841498
1200263,12,263,S,0.9375,126,SS,0.0,1966.75303205839,1970.9488765540518,0.5244805619576443,0.0010936260223388672,4.195844495661731,4.195844495661731,0.0,1.0
1200264,12,264,S,1.0263671875,137,SS,0.0,1970.9488765540518,1981.172243962831,0.540407168209182,0.0011985301971435547,10.223367408779268,4.323257345673483,5.900110063105785,0.4228799741620267
1200265,12,265,S,1.03125,138,SS,0.0,1981.172243962831,1986.793029576574,0.5418448308143221,0.001203775405883789,5.62078561374301,4.3347586465151835,1.2860269672278264,0.7712015622721053
1200266,12,266,S,0.98046875,114,SS,0.0,1986.793029576574,1992.7694818625678,0.5125777450950061,0.0011670589447021484,5.976452285993673,4.100621960760691,1.8758303252329824,0.6861297914769351
1200267,12,267,S,1.05078125,139,SS,0.0,1992.7694818625678,2002.6621279233318,0.5436176934151258,0.0012286901473999023,9.892646060764037,4.348941547321374,5.543704513442663,0.4396135796842097
1200268,12,268,S,0.947265625,126,SS,0.0,2002.6621279233318,2007.6163930229286,0.5246821619559203,0.0011067390441894531,4.954265099596796,4.197457295647837,0.7568078039489592,0.8472411571172176
1200269,12,269,S,1.0390625,140,SS,0.0,2007.6163930229286,2018.5260017842338,0.5446801560249163,0.0012116432189941406,10.909608761305208,4.357441248199393,6.552167513105815,0.3994131543611905
1200270,12,270,S,0.9423828125,143,SS,0.0,2018.5260017842338,2022.8972262952393,0.5464030638756898,0.001077890396118164,4.371224511005494,4.371224511005494,0.0,1.0
1200271,12,271,S,0.994140625,115,SS,0.0,2022.8972262952393,2033.2381597234614,0.5139011664980745,0.0011841058731079102,10.340933428222115,4.111209331984355,6.22972409623776,0.39756656016798114
1200272,12,272,S,1.04296875,125,SS,0.0,2033.2381597234614,2038.730327290988,0.5255817805348111,0.001236557960510254,5.4921675675266215,4.204654244278572,1.2875133232480493,0.7655728257708866
1200273,12,273,S,1.0244140625,113,SS,0.0,2038.730327290988,2046.4054376918039,0.5123255236860574,0.0012273788452148438,7.675110400815811,4.098604189488469,3.5765062113273416,0.534012408349568
1200274,12,274,S,0.98828125,113,SS,0.0,2046.4054376918039,2054.531956887207,0.511656563689643,0.0011788606643676758,8.126519195403034,4.093252509516105,4.033266685886929,0.5036907452124834
1200275,12,275,S,0.9677734375,141,SS,0.0,2054.531956887207,2059.7593816014764,0.5443626186532905,0.0011146068572998047,5.227424714269546,4.354900949227158,0.8725237650423878,0.8330872632826984
1200276,12,276,S,1.0107421875,119,SS,0.0,2059.7593816014764,2070.340108809004,0.5184970921138611,0.0012011528015136719,10.580727207527616,4.147976736909186,6.43275047061843,0.3920313467639658
1200277,12,277,S,1.0400390625,124,SS,0.0,2070.340108809004,2074.5356784020523,0.5244461991310772,0.0012339353561401367,4.195569593048276,4.195569593048276,0.0,1.0
1200278,12,278,S,0.97265625,137,SS,0.0,2074.5356784020523,2086.1251462666937,0.5392015682237609,0.001126408576965332,11.589467864641392,4.3136125457895105,7.275855318851882,0.37220108776089905
1200279,12,279,S,1.03125,130,SS,0.0,2086.1251462666937,2090.3749089063954,0.5312203299625985,0.0012142658233642578,4.2497626397016575,4.2497626397016575,0.0,1.0
1200280,12,280,S,0.982421875,128,SS,0.0,2090.3749089063954,2099.233791302406,0.5275402047588672,0.0011513233184814453,8.858882396010813,4.220321638069436,4.638560757941377,0.4763943632404311
1200281,12,281,S,1.0498046875,143,SS,0.0,2099.233791302406,2106.5354771729844,0.548919863840586,0.0012221336364746094,7.30168587057824,4.391358910725103,2.910326959853137,0.6014171231906665
1200282,12,282,S,0.9736328125,122,SS,0.0,2106.5354771729844,2112.677066317934,0.5209676763327525,0.0011473894119262695,6.1415891449496485,4.167741410663439,1.9738477342862097,0.6786096093859773
1200283,12,283,S,1.0458984375,115,SS,0.0,2112.677066317934,2122.731338544191,0.514876366492323,0.0012536048889160156,10.054272226257126,4.119010931939556,5.93526129431757,0.40967768121322573
1200284,12,284,S,1.0107421875,143,SS,0.0,2122.731338544191,2128.1190438403287,0.548004663853351,0.0011696815490722656,5.387705296137483,4.384037310825079,1.0036679853124042,0.8137114169863844
1200285,12,285,S,0.9580078125,129,SS,0.0,2128.1190438403287,2138.8064489364515,0.528344267370608,0.0011172294616699219,10.687405096122802,4.226754138966498,6.460650957156304,0.39548927929192923
1200286,12,286,S,1.0126953125,134,SS,0.0,2138.8064489364515,2144.0051838976647,0.5361252203929832,0.0011841058731079102,5.198734961213177,4.28900176314346,0.9097331980697163,0.8250087367682577
1200287,12,287,S,1.001953125,136,SS,0.0,2144.0051838976647,2154.892627297247,0.538535905609073,0.0011670589447021484,10.88744339958248,4.30828724487219,6.57915615471029,0.3957115630137198
1200288,12,288,S,1.0087890625,129,SS,0.0,2154.892627297247,2159.127967676131,0.529417547360572,0.0011854171752929688,4.235340378883848,4.235340378883848,0.0,1.0
1200289,12,289,S,1.0302734375,118,SS,0.0,2159.127967676131,2171.071501469754,0.5178039107069345,0.0012286901473999023,11.943533793622919,4.142431285654311,7.801102507968608,0.34683464351782584
1200290,12,290,S,0.955078125,141,SS,0.0,2171.071501469754,2175.4240561790116,0.544069338657205,0.001097559928894043,4.352554709257674,4.352554709257674,0.0,1.0
1200291,12,291,S,1.0078125,136,SS,0.0,2175.4240561790116,2187.6353191595194,0.5386664656075368,0.0011749267578125,12.211262980507854,4.309331724860385,7.901931255647469,0.35289811805209065
1200292,12,292,S,0.9892578125,138,SS,0.0,2187.6353191595194,2191.9624822861265,0.5408953908261076,0.0011473894119262695,4.327163126607047,4.327163126607047,0.0,1.0
1200293,12,293,S,1.017578125,128,SS,0.0,2191.9624822861265,2201.6020494686536,0.5282774847522435,0.0011985301971435547,9.639567182527117,4.226219878019037,5.413347304508079,0.43842423606731773
1200294,12,294,S,1.0458984375,138,SS,0.0,2201.6020494686536,2207.3992673083585,0.5421760308102109,0.001223444938659668,5.797217839704899,4.337408246483392,1.4598095932215074,0.7481879008887102
1200295,12,295,S,0.9638671875,137,SS,0.0,2207.3992673083585,2217.2079324636584,0.5390042882261465,0.0011146068572998047,9.808665155299877,4.312034305810812,5.496630849489065,0.43961479340345383
1200296,12,296,S,0.9609375,143,SS,0.0,2217.2079324636584,2223.9864314907413,0.5468377838696263,0.0011028051376342773,6.778499027082944,4.374702270957641,2.4037967561253026,0.6453791987693548
1200297,12,297,S,1.0185546875,127,SS,0.0,2223.9864314907413,2229.2435618188515,0.5272259033476981,0.0012011528015136719,5.257130328110179,4.217807226781588,1.0393231013285913,0.8023021997816431
1200298,12,298,S,1.0185546875,134,SS,0.0,2229.2435618188515,2240.9246417651234,0.536253860391555,0.0011919736862182617,11.681079946271893,4.290030883134023,7.391049063137871,0.36726320707215254
1200299,12,299,S,0.99609375,114,SS,0.0,2240.9246417651234,2245.0275984458717,0.5128695850933627,0.001188039779663086,4.102956680748321,4.102956680748321,0.0,1.0
1200300,12,300,S,1.017578125,140,SS,0.0,2245.0275984458717,2257.6461737669847,0.5441873560313424,0.0011827945709228516,12.618575321112985,4.353498848249728,8.265076472863257,0.34500716106719254
1200301,12,301,S,0.9951171875,120,SS,0.0,2257.6461737669847,2261.800259155148,0.5192606735204696,0.0011788606643676758,4.154085388163367,4.154085388163367,0.0,1.0
1200302,12,302,S,0.9482421875,119,SS,0.0,2261.800259155148,2274.5439053067944,0.5172785321222924,0.0011172294616699219,12.743646151646317,4.138228256979346,8.60541789466697,0.32472874778029986
1200303,12,303,S,0.9775390625,136,SS,0.0,2274.5439053067944,2278.8478405517176,0.5379919056154747,0.0011342763900756836,4.303935244923196,4.303935244923196,0.0,1.0
1200304,12,304,S,0.9853515625,116,SS,0.0,2278.8478405517176,2291.646827012415,0.5148021879036101,0.0011709928512573242,12.798986460697506,4.118417503228557,8.68056895746895,0.3217768466179091
1200305,12,305,S,1.02734375,133,SS,0.0,2291.646827012415,2295.92778219468,0.5351193977829111,0.0012050867080688477,4.280955182264734,4.280955182264734,0.0,1.0
1200306,12,306,S,0.95703125,123,SS,0.0,2295.92778219468,2308.6342004204757,0.5216978177400152,0.0011237859725952148,12.706418225795915,4.173582541920041,8.532835683875874,0.3284625507955538
1200307,12,307,S,1.0078125,117,SS,0.0,2308.6342004204757,2312.7645953749175,0.5162993693054058,0.0011998414993286133,4.130394954441726,4.130394954441726,0.0,1.0
1200308,12,308,S,0.9609375,123,SS,0.0,2312.7645953749175,2323.5948220170967,0.5217765377393954,0.0011290311813354492,10.830226642179241,4.17421230191394,6.656014340265301,0.3854224329578768
1200309,12,309,S,0.9912109375,130,SS,0.0,2323.5948220170967,2329.4938586485077,0.5303675299708809,0.0011605024337768555,5.899036631411036,4.242940239768359,1.6560963916426772,0.7192598562917311
1200310,12,310,S,1.009765625,141,SS,0.0,2329.4938586485077,2339.316626314069,0.5453326986403428,0.0011709928512573242,9.82276766556106,4.362661589122581,5.460106076438478,0.44413771532215035
1200311,12,311,S,1.0302734375,129,SS,0.0,2339.316626314069,2346.160072850971,0.5298716273563261,0.0012142658233642578,6.84344653690232,4.238973018851539,2.6044735180507814,0.6194207839563698
1200312,12,312,S,1.044921875,131,SS,0.0,2346.160072850971,2352.696732323632,0.5328418325661097,0.0012313127517700195,6.536659472661086,4.2627346605295315,2.273924812131554,0.6521273868338998
1200313,12,313,S,1.03125,133,SS,0.0,2352.696732323632,2362.6884465791572,0.535204517781995,0.001210331916809082,9.99171425552504,4.281636142255593,5.7100781132694465,0.42851867384898545
1200314,12,314,S,0.978515625,113,SS,0.0,2362.6884465791572,2367.849853132586,0.5114757636906121,0.0011657476425170898,5.1614065534286055,4.091806109525351,1.069600443903255,0.7927695807661685
1200315,12,315,S,1.0029296875,142,SS,0.0,2367.849853132586,2378.8612523478923,0.5464982012491774,0.0011605024337768555,11.011399215306483,4.371985609992407,6.6394136053140755,0.3970417859262694
1200316,12,316,S,0.9443359375,121,SS,0.0,2378.8612523478923,2384.0795028832404,0.5193221749324246,0.0011093616485595703,5.218250535348034,4.154577399458503,1.0636731358895304,0.7961628847284565
1200317,12,317,S,0.98828125,139,SS,0.0,2384.0795028832404,2394.943607163344,0.5421943334332435,0.0011447668075561523,10.864104280103675,4.337554667465156,6.526549612638519,0.39925561791678266
1200318,12,318,S,1.017578125,136,SS,0.0,2394.943607163344,2399.2546796881848,0.538884065604976,0.001188039779663086,4.311072524840711,4.311072524840711,0.0,1.0
1200319,12,319,S,1.0458984375,144,SS,0.0,2399.2546796881848,2409.6010871939093,0.5501588064481929,0.0012155771255493164,10.346407505724528,4.401270451584423,5.945137054140105,0.42539117555047584
1200320,12,320,S,1.0595703125,134,SS,0.0,2409.6010871939093,2415.2374545161924,0.5371543403815571,0.0012470483779907227,5.636367322283149,4.297234723053407,1.3391325992297425,0.7624121135725955
1200321,12,321,S,1.0078125,116,SS,0.0,2415.2374545161924,2421.1321269982673,0.5152290679009806,0.0012011528015136719,5.894672482074839,4.121832543209166,1.7728399388656726,0.699247083827521
1200322,12,322,S,0.966796875,116,SS,0.0,2421.1321269982673,2430.687073216396,0.5144495479057822,0.001146078109741211,9.554946218128862,4.115596383246157,5.439349834882705,0.43072941378126467
1200323,12,323,S,1.0,143,SS,0.0,2430.687073216396,2435.9150762629515,0.5477529838568614,0.001155257225036621,5.228003046555386,4.382023870854027,0.845979175701359,0.8381831134817804
1200324,12,324,S,0.98046875,124,SS,0.0,2435.9150762629515,2446.646425789473,0.523235959140884,0.0011539459228515625,10.731349526521626,4.185887673127581,6.545461853394045,0.390061628575466
1200325,12,325,S,1.013671875,125,SS,0.0,2446.646425789473,2451.909182276217,0.5249817805398084,0.001197218894958496,5.2627564867439105,4.199854244317976,1.0629022424259347,0.7980331704301301
1200326,12,326,S,0.96875,122,SS,0.0,2451.909182276217,2458.034229357535,0.5208700763334982,0.0011408329010009766,6.125047081317916,4.166960610669776,1.9580864706481407,0.6803148702937281
1200327,12,327,S,0.9541015625,133,SS,0.0,2458.034229357535,2467.5881266262827,0.5335233978000887,0.0011067390441894531,9.553897268747733,4.268187182402471,5.2857100863452615,0.4467482810773325
1200328,12,328,S,0.9990234375,120,SS,0.0,2467.5881266262827,2471.7428264144423,0.5193374735199194,0.0011841058731079102,4.154699788159633,4.154699788159633,0.0,1.0
1200329,12,329,S,1.0595703125,125,SS,0.0,2471.7428264144423,2482.607642160482,0.5259217805319794,0.00125885009765625,10.864815746039767,4.207374244255334,6.657441501784433,0.3872476388556267
1200330,12,330,S,0.9462890625,121,SS,0.0,2482.607642160482,2487.9305212447875,0.5193608949321379,0.0011119842529296875,5.322879084305441,4.154887159456848,1.167991924848593,0.7805713963534456
1200331,12,331,S,0.951171875,139,SS,0.0,2487.9305212447875,2498.3845177316903,0.541349213444001,0.0010949373245239258,10.453996486902724,4.330793707551493,6.123202779351232,0.4142715862758632
1200332,12,332,S,0.9619140625,130,SS,0.0,2498.3845177316903,2503.675504007376,0.5297435299769411,0.0011211633682250977,5.290986275685555,4.237948239817342,1.0530380358682123,0.8009750959462147
1200333,12,333,S,1.033203125,122,SS,0.0,2503.675504007376,2513.564307095737,0.5221583963236538,0.0012273788452148438,9.888803088361328,4.177267170587584,5.711535917773745,0.4224239408209106
1200334,12,334,S,1.0,136,SS,0.0,2513.564307095737,2520.232350509583,0.5384923856095852,0.0011644363403320312,6.66804341384568,4.307939084876125,2.3601043289695554,0.6460574440668788
1200335,12,335,S,0.970703125,124,SS,0.0,2520.232350509583,2525.4839643012956,0.5230375591424915,0.0011408329010009766,5.251613791712771,4.184300473138137,1.0673133185746337,0.7967646973090651
1200336,12,336,S,0.9638671875,135,SS,0.0,2525.4839643012956,2536.554574776583,0.5363702430119724,0.0011172294616699219,11.070610475287594,4.290961944094306,6.779648531193288,0.3875993969504048
1200337,12,337,S,1.0361328125,112,SS,0.0,2536.554574776583,2540.6463151148278,0.5114675422806377,0.0012444257736206055,4.091740338244563,4.091740338244563,0.0,1.0
1200338,12,338,S,1.0537109375,125,SS,0.0,2540.6463151148278,2551.62562120251,0.5258017805329787,0.0012509822845458984,10.97930608768229,4.206414244265034,6.772891843417256,0.383122048941164
1200339,12,339,S,1.0126953125,129,SS,0.0,2551.62562120251,2556.859878209566,0.5295001073598,0.0011906623840332031,5.23425700705593,4.2360008588766505,0.99825614817928,0.809284078555256
1200340,12,340,S,0.947265625,117,SS,0.0,2556.859878209566,2568.076662255016,0.5151387293128538,0.0011185407638549805,9.879736833404422,2.7840626224556217,7.0956742109488005,0.2817952208041023
1300206,13,206,S,0.9638671875,116,SS,0.0,1557.4782737095454,1568.436733267101,0.5143938679061251,0.0011421442031860352,1.6971182241306906,1.6971182241306906,0.0,1.0
1300207,13,207,S,0.9423828125,125,SS,0.0,1568.436733267101,1572.6249075115177,0.5235217805519681,0.0011014938354492188,4.188174244416587,4.188174244416587,0.0,1.0
1300208,13,208,S,0.9599609375,119,SS,0.0,1572.6249075115177,1584.504607613104,0.5175070121207116,0.001132965087890625,11.879700101586423,4.140056096965054,7.739644004621368,0.34849836793541517
1300209,13,209,S,0.9501953125,116,SS,0.0,1584.504607613104,1588.6176798363651,0.5141340279077256,0.0011237859725952148,4.113072223261042,4.113072223261042,0.0,1.0
1300210,13,210,S,1.0439453125,113,SS,0.0,1588.6176798363651,1600.645090882679,0.5126871236841193,0.0012536048889160156,12.027411046313773,4.101496989473162,7.925914056840611,0.3410124567689246
1300211,13,211,S,1.0087890625,112,SS,0.0,1600.645090882679,1604.7328171409442,0.5109657822831885,0.0012077093124389648,4.08772625826532,4.08772625826532,0.0,1.0
1300212,13,212,S,0.998046875,143,SS,0.0,1604.7328171409442,1615.6718098433985,0.5477072238574997,0.001152634620666504,10.938992702454243,4.3816577908601175,6.5573349115941255,0.4005540464321784
1300213,13,213,S,0.9853515625,132,SS,0.0,1615.6718098433985,1621.3388169656052,0.5328838151858706,0.0011500120162963867,5.667007122206769,4.263070521486952,1.4039366007198169,0.7522613664594946
1300214,13,214,S,0.9951171875,129,SS,0.0,1621.3388169656052,1632.3658781357178,0.5291285873632741,0.0011670589447021484,11.027061170112574,4.2330286989054,6.794032471207174,0.38387641399672995
1300215,13,215,S,1.0439453125,116,SS,0.0,1632.3658781357178,1637.8667425394945,0.5159157878967505,0.0012496709823608398,5.500864403776632,4.127326303174414,1.373538100602218,0.7503050430293806
1300216,13,216,S,1.021484375,143,SS,0.0,1637.8667425394945,1645.921872303303,0.5482563438498406,0.0011841058731079102,8.055129763808509,4.386050750797949,3.6690790130105597,0.5445040464157838
1300217,13,217,S,0.9970703125,132,SS,0.0,1645.921872303303,1654.3321125428547,0.5331372551832303,0.0011657476425170898,8.41024023955174,4.265098041465535,4.145142198086205,0.5071315348885755
1300218,13,218,S,0.9970703125,116,SS,0.0,1654.3321125428547,1660.8842392855247,0.5150249079022381,0.0011867284774780273,6.552126742669998,4.120199263217728,2.43192747945227,0.6288338771570745
1300219,13,219,S,1.01171875,132,SS,0.0,1660.8842392855247,1670.8851953043131,0.53345405517993,0.0011854171752929688,10.000956018788429,4.267632441438764,5.733323577349665,0.4267224486760385
1300220,13,220,S,0.9755859375,128,SS,0.0,1670.8851953043131,1677.6073706899592,0.5273968447601551,0.0011421442031860352,6.722175385646096,4.219174758081863,2.5030006275642336,0.6276502048862178
1300221,13,221,S,1.05859375,128,SS,0.0,1677.6073706899592,1685.8989156135858,0.5291376447445161,0.0012536048889160156,8.291544923626589,4.233101157955389,4.0584437656712,0.5105322586980447
1300222,13,222,S,1.041015625,131,SS,0.0,1685.8989156135858,1690.1609795541217,0.5327579925669539,0.0012260675430297852,4.262063940535882,4.262063940535882,0.0,1.0
1300223,13,223,S,0.9794921875,131,SS,0.0,1690.1609795541217,1700.3834068285262,0.5314375125802479,0.0011434555053710938,10.222427274404481,4.251500100641351,5.97092717376313,0.4158992758291868
1300224,13,224,S,1.0537109375,121,SS,0.0,1700.3834068285262,1705.5544519587172,0.5214904949163692,0.0012562274932861328,5.1710451301910325,4.171923959331252,0.9991211708597802,0.8067854474859573
1300225,13,225,S,0.9619140625,144,SS,0.0,1705.5544519587172,1713.4397799138885,0.5481773664764125,0.0011028051376342773,7.885327955171306,4.385418931811728,3.499909023359578,0.5561492124034879
1300226,13,226,S,0.96484375,119,SS,0.0,1713.4397799138885,1720.6182335440194,0.5176022121200529,0.001139521598815918,7.178453630130889,4.140817696959857,3.037635933171032,0.5768397917316288
1300227,13,227,S,0.970703125,126,SS,0.0,1720.6182335440194,1725.7207982300774,0.5251660019517833,0.0011382102966308594,5.102564686058031,4.201328015613399,0.9012366704446322,0.8233757481003382
1300228,13,228,S,0.97265625,129,SS,0.0,1725.7207982300774,1734.984030838788,0.528653867367713,0.0011368989944458008,9.263232608710496,4.229230938941328,5.034001669769168,0.45656102114551833
1300229,13,229,S,0.970703125,139,SS,0.0,1734.984030838788,1740.2204614902193,0.5417940134383391,0.0011211633682250977,5.236430651431419,4.334352107507584,0.9020785439238352,0.8277302605588321
1300230,13,230,S,0.9833984375,122,SS,0.0,1740.2204614902193,1748.2614006746307,0.5211628763312609,0.0011605024337768555,8.0409391844114,4.169303010650765,3.871636173760635,0.5185094570462119
1300231,13,231,S,1.0400390625,116,SS,0.0,1748.2614006746307,1755.4896391352784,0.5158415478972078,0.0012444257736206055,7.228238460647617,4.126732383178023,3.101506077469594,0.5709181297275971
1300232,13,232,S,1.033203125,116,SS,0.0,1755.4896391352784,1763.3333466573542,0.5157116278980082,0.0012352466583251953,7.843707522075874,4.125693023184795,3.7180144988910797,0.5259876163884436
1300233,13,233,S,1.0146484375,125,SS,0.0,1763.3333466573542,1768.5244581754616,0.5250017805396416,0.0011985301971435547,5.191111518107391,4.200014244317572,0.9910972737898192,0.8090780230143929
1300234,13,234,S,1.0087890625,114,SS,0.0,1768.5244581754616,1775.5122648299644,0.5131067050920274,0.0012050867080688477,6.9878066545027195,4.10485364073611,2.8829530137666097,0.587430912687184
1300235,13,235,S,0.95703125,121,SS,0.0,1775.5122648299644,1782.4330161513324,0.519573854930561,0.001126408576965332,6.920751321368016,4.156590839444107,2.764160481923909,0.6005982076845493
1300236,13,236,S,0.95703125,126,SS,0.0,1782.4330161513324,1788.664836102074,0.5248837619541965,0.001119852066040039,6.231819950741738,4.199070095633942,2.032749855107795,0.6738112026381878
1300237,13,237,S,1.02734375,139,SS,0.0,1788.664836102074,1797.553839895428,0.5430839334219201,0.001197218894958496,8.889003793353822,4.34467146737552,4.544332325978303,0.48876922188108035
1300238,13,238,S,0.96875,112,SS,0.0,1797.553839895428,1801.6356883937235,0.5102310622869237,0.0011539459228515625,4.081848498295585,4.081848498295585,0.0,1.0
1300239,13,239,S,0.9677734375,139,SS,0.0,1801.6356883937235,1811.6141530747693,0.5417272934391885,0.0011172294616699219,9.978464681045807,4.333818347513443,5.644646333532364,0.43431715058786285
1300240,13,240,S,1.0205078125,125,SS,0.0,1811.6141530747693,1817.287888007436,0.5251217805386422,0.0012063980102539062,5.673734932666775,4.200974244309691,1.4727606883570843,0.7404248337585175
1300241,13,241,S,0.951171875,123,SS,0.0,1817.287888007436,1824.5547419603126,0.521579737740945,0.0011159181594848633,7.266853952876545,4.172637901927374,3.0942160509491714,0.574201425952101
1300242,13,242,S,1.03125,129,SS,0.0,1824.5547419603126,1833.1292751984665,0.529892267356133,0.0012155771255493164,8.57453323815389,4.239138138849739,4.335395099304151,0.4943870437153302
1300243,13,243,S,0.994140625,144,SS,0.0,1833.1292751984665,1839.7287522751478,0.5489376864655839,0.001146078109741211,6.599477076681296,4.3915014917238295,2.2079755849574667,0.6654317365902876
1300244,13,244,S,1.0556640625,131,SS,0.0,1839.7287522751478,1849.1703309333345,0.5330723925637886,0.001245737075805664,9.4415786581867,4.26457914051025,5.17699951767645,0.45168072998178915
1300245,13,245,S,1.0126953125,134,SS,0.0,1849.1703309333345,1854.5237991978354,0.5361252203929832,0.0011841058731079102,5.3534682645008616,4.28900176314346,1.0644665013574013,0.801163199487716
1300246,13,246,S,0.9677734375,129,SS,0.0,1854.5237991978354,1864.8653075856594,0.528550667368678,0.0011303424835205078,10.341508387823978,4.228405338950324,6.113103048873654,0.40887704001950237
1300247,13,247,S,0.9404296875,132,SS,0.0,1864.8653075856594,1869.1206059472272,0.5319122951959919,0.0010896921157836914,4.255298361567839,4.255298361567839,0.0,1.0
1300248,13,248,S,1.005859375,114,SS,0.0,1869.1206059472272,1879.2091020640087,0.5130519850923355,0.0012011528015136719,10.08849611678147,4.104415880738088,5.984080236043383,0.40684120142651337
1300249,13,249,S,0.9375,120,SS,0.0,1879.2091020640087,1884.7367898535294,0.5181278735285848,0.0011014938354492188,5.527687789520769,4.1450229882284475,1.3826648012923215,0.7498656121799177
1300250,13,250,S,1.0576171875,134,SS,0.0,1884.7367898535294,1892.1080442582452,0.5371114603820332,0.0012444257736206055,7.371254404715728,4.2968916830559465,3.0743627216597815,0.5829254353651162
1300251,13,251,S,1.046875,122,SS,0.0,1892.1080442582452,1899.8772925337582,0.5224316763215656,0.001245737075805664,7.769248275513064,4.179453410572023,3.589794864941041,0.5379482367354287
1300252,13,252,S,1.017578125,128,SS,0.0,1899.8772925337582,1905.022183822461,0.5282774847522435,0.0011985301971435547,5.1448912887028655,4.226219878017218,0.9186714106856471,0.8214400734369524
1300253,13,253,S,0.9609375,129,SS,0.0,1905.022183822461,1915.9662450274973,0.528406187370029,0.0011211633682250977,10.944061205036178,4.2272494989611005,6.716811706075077,0.3862596726904111
1300254,13,254,S,0.998046875,122,SS,0.0,1915.9662450274973,1920.137890438129,0.5214556763290236,0.0011801719665527344,4.171645410631754,4.171645410631754,0.0,1.0
1300255,13,255,S,0.986328125,116,SS,0.0,1920.137890438129,1930.5011564994356,0.5148207479034956,0.0011723041534423828,10.363266061306604,4.118565983228109,6.244700078078495,0.3974196897834773
1300256,13,256,S,1.0302734375,144,SS,0.0,1930.5011564994356,1935.4573022705379,0.549790166453443,0.001194596290588379,4.9561457711022285,4.3983213316278125,0.5578244394744161,0.8874479353034933
1300257,13,257,S,1.0615234375,127,SS,0.0,1935.4573022705379,1942.836373930879,0.5281199833398581,0.00125885009765625,7.3790716603411965,4.224959866718564,3.154111793622633,0.5725598098505535
1300258,13,258,S,0.9921875,130,SS,0.0,1942.836373930879,1950.8485469556495,0.5303883299706789,0.001161813735961914,8.01217302477039,4.243106639765756,3.769066385004635,0.5295825023558266
1300259,13,259,S,0.9755859375,129,SS,0.0,1950.8485469556495,1956.0167560755517,0.5287157873671341,0.0011408329010009766,5.168209119902258,4.229726298937749,0.9384828209645093,0.818412374733347
1300260,13,260,S,1.0478515625,136,SS,0.0,1956.0167560755517,1966.3702415815405,0.5395586255970383,0.0012286901473999023,10.353485505988829,4.316469004776081,6.037016501212747,0.4169097452523868
1300261,13,261,S,0.9501953125,144,SS,0.0,1966.3702415815405,1970.753448673384,0.54790088648035,0.0010870695114135742,4.38320709184336,4.38320709184336,0.0,1.0
1300262,13,262,S,1.0537109375,131,SS,0.0,1970.753448673384,1981.0584550948686,0.5330304725642107,0.0012431144714355469,10.305006421484677,4.264243780513425,6.040762640971252,0.4138031172521153
1300263,13,263,S,1.0498046875,125,SS,0.0,1981.0584550948686,1986.5528598620563,0.525721780533645,0.001245737075805664,5.494404767187689,4.2057742442684685,1.2886305229192203,0.7654649452448685
1300264,13,264,S,0.98828125,132,SS,0.0,1986.5528598620563,1992.441503867197,0.5329471751852105,0.0011539459228515625,5.888644005140804,4.263577401481598,1.6250666036592065,0.7240338179315104
1300265,13,265,S,0.9697265625,142,SS,0.0,1992.441503867197,2002.4808958512547,0.5457257212597212,0.0011159181594848633,10.039391984057602,4.3658057700777135,5.673586213979888,0.4348675474581075
1300266,13,266,S,0.9501953125,141,SS,0.0,2002.4808958512547,2007.599511929115,0.5439565386587103,0.00109100341796875,5.118616077860224,4.3516523092694115,0.7669637685908128,0.8501618881110863
1300267,13,267,S,1.0419921875,118,SS,0.0,2007.599511929115,2018.400220185316,0.5180304707054233,0.0012444257736206055,10.800708256201005,4.144243765644205,6.6564644905568,0.38370111175485855
1300268,13,268,S,1.0078125,112,SS,0.0,2018.400220185316,2022.487803083582,0.5109478622832796,0.0012063980102539062,4.0875828982661915,4.0875828982661915,0.0,1.0
1300269,13,269,S,1.048828125,114,SS,0.0,2022.487803083582,2033.1133885947193,0.5138545450878161,0.00125885009765625,10.62558551113716,4.110836360701796,6.514749150435364,0.38688092589279355
1300270,13,270,S,1.02734375,122,SS,0.0,2033.1133885947193,2038.5874937939948,0.5220412763245489,0.0012195110321044922,5.474105199275527,4.176330210595552,1.2977749886799756,0.7629247262453542
1300271,13,271,S,1.005859375,115,SS,0.0,2038.5874937939948,2044.4672428822876,0.5141219664967723,0.0011998414993286133,5.879749088292783,4.112975731974075,1.7667733563187085,0.6995155184705848
1300272,13,272,S,1.037109375,144,SS,0.0,2044.4672428822876,2054.631415529138,0.549951446451146,0.001203775405883789,10.164172646850375,4.399611571610649,5.764561075239726,0.43285486428390996
1300273,13,273,S,0.9931640625,116,SS,0.0,2054.631415529138,2059.6743644388284,0.5149506679026954,0.001181483268737793,5.0429489096904945,4.1196053432213375,0.9233435664691569,0.8169040410671489
1300274,13,274,S,1.0068359375,134,SS,0.0,2059.6743644388284,2070.3648340541886,0.5359965803944114,0.0011762380599975586,10.690469615360144,4.287972643156536,6.402496972203608,0.4011023647638029
1300275,13,275,S,0.943359375,132,SS,0.0,2070.3648340541886,2074.620639295751,0.5319756551953316,0.0010936260223388672,4.255805241562484,4.255805241562484,0.0,1.0
1300276,13,276,S,1.0546875,139,SS,0.0,2074.620639295751,2086.4813178002964,0.5437066534139935,0.0012339353561401367,11.860678504545376,4.349653227312956,7.51102527723242,0.3667288701608458
1300277,13,277,S,0.9638671875,143,SS,0.0,2086.4813178002964,2090.856569191246,0.546906423868669,0.0011067390441894531,4.3752513909494155,4.3752513909494155,0.0,1.0
1300278,13,278,S,0.955078125,118,SS,0.0,2090.856569191246,2100.9045971004534,0.5163501507166316,0.0011277198791503906,10.048027909207576,4.130801205734315,5.917226703473261,0.4111056660132311
1300279,13,279,S,1.048828125,116,SS,0.0,2100.9045971004534,2106.3774599571807,0.516008587896179,0.0012562274932861328,5.472862856727261,4.1280687031685375,1.3447941535587233,0.7542795811326246
1300280,13,280,S,0.98046875,128,SS,0.0,2106.3774599571807,2112.2718227742084,0.5274992447592352,0.0011487007141113281,5.894362817027741,4.219993958075065,1.6743688589526755,0.7159372588813623
1300281,13,281,S,1.0498046875,138,SS,0.0,2112.2718227742084,2122.877322770704,0.5422643508091147,0.0012286901473999023,10.605499996495382,4.338114806472731,6.267385190022651,0.40904387420737104
1300282,13,282,S,1.0478515625,132,SS,0.0,2122.877322770704,2128.115501837214,0.534235495171789,0.0012339353561401367,5.238179066510384,4.27388396137394,0.9642951051364435,0.8159102442103328
1300283,13,283,S,1.0576171875,132,SS,0.0,2128.115501837214,2139.139384703066,0.5344466951695888,0.0012470483779907227,11.023882865851647,4.275573561357305,6.748309304494342,0.38784642520119855
1300284,13,284,S,1.0205078125,128,SS,0.0,2139.139384703066,2144.1393334595673,0.5283389247516916,0.0012024641036987305,4.999948756501453,4.226711398012412,0.7732373584890411,0.8453509433504498
1300285,13,285,S,0.9892578125,137,SS,0.0,2144.1393334595673,2154.9604442287723,0.5395742082192547,0.0011487007141113281,10.821110769205006,4.316593665753317,6.50451710345169,0.39890485901295725
1300286,13,286,S,0.9775390625,122,SS,0.0,2154.9604442287723,2159.128810279429,0.5210457563321559,0.001152634620666504,4.168366050656914,4.168366050656914,0.0,1.0
1300287,13,287,S,0.998046875,129,SS,0.0,2159.128810279429,2171.102489971255,0.5291905073626951,0.0011709928512573242,11.973679691825964,4.233524058901821,7.740155632924143,0.35356917571395435
1300288,13,288,S,0.9541015625,128,SS,0.0,2171.102489971255,2175.318060249368,0.5269462847642028,0.001113295555114746,4.215570278112864,4.215570278112864,0.0,1.0
1300289,13,289,S,1.015625,115,SS,0.0,2175.318060249368,2187.574009660319,0.5143059664956872,0.0012129545211791992,12.255949410950961,4.114447731964901,8.14150167898606,0.3357102411248982
1300290,13,290,S,1.0546875,144,SS,0.0,2187.574009660319,2191.9769389918806,0.5503661664452396,0.0012273788452148438,4.402929331561609,4.402929331561609,0.0,1.0
1300291,13,291,S,0.978515625,116,SS,0.0,2191.9769389918806,2204.4405139046235,0.5146722679044103,0.001161813735961914,12.463574912742843,4.117378143233509,8.346196769509334,0.33035290212151525
1300292,13,292,S,0.9443359375,120,SS,0.0,2204.4405139046235,2208.5866120928426,0.518262273527622,0.001110672950744629,4.1460981882191845,4.1460981882191845,0.0,1.0
1300293,13,293,S,1.015625,127,SS,0.0,2208.5866120928426,2219.3061881428894,0.5271649433482327,0.001197218894958496,10.719576050046726,4.217319546787621,6.502256503259105,0.3934222330340423
1300294,13,294,S,0.9501953125,133,SS,0.0,2219.3061881428894,2224.9742813207145,0.5334382778010047,0.0011014938354492188,5.668093177825085,4.267506222407974,1.4005869554171113,0.7528998004308508
1300295,13,295,S,1.0400390625,118,SS,0.0,2224.9742813207145,2234.8071989999353,0.5179927107056751,0.0012418031692504883,9.832917679220827,4.143941685644677,5.68897599357615,0.42143561258544454
1300296,13,296,S,0.95703125,134,SS,0.0,2234.8071989999353,2241.9286202825742,0.5349031404065516,0.0011093616485595703,7.1214212826389485,4.279225123253127,2.8421961593858214,0.600894814871477
1300297,13,297,S,1.0439453125,132,SS,0.0,2241.9286202825742,2248.415103448271,0.534151015172669,0.0012286901473999023,6.486483165696882,4.2732081213798665,2.2132750443170153,0.6587865893151933
1300298,13,298,S,0.9931640625,141,SS,0.0,2248.415103448271,2259.1264094643207,0.5449491786454617,0.0011487007141113281,10.711306016049548,4.359593429162487,6.351712586887061,0.40700857791105804
1300299,13,299,S,0.9931640625,125,SS,0.0,2259.1264094643207,2263.3229037086653,0.5245617805433063,0.0011696815490722656,4.196494244344649,4.196494244344649,0.0,1.0
1300300,13,300,S,1.0478515625,133,SS,0.0,2263.3229037086653,2276.1536102955015,0.5355662777781014,0.0012326240539550781,12.830706586836186,4.284530222223111,8.546176364613075,0.3339278467032264
1300301,13,301,S,0.9677734375,116,SS,0.0,2276.1536102955015,2280.2693551587454,0.5144681079056678,0.0011473894119262695,4.11574486324389,4.11574486324389,0.0,1.0
1300302,13,302,S,1.048828125,138,SS,0.0,2280.2693551587454,2293.2306097629657,0.5422422708093887,0.0012273788452148438,12.961254604220358,4.337938166474487,8.62331643774587,0.3346850516355104
1300303,13,303,S,0.9677734375,117,SS,0.0,2293.2306097629657,2297.354864557448,0.515531849310331,0.001146078109741211,4.124254794482113,4.124254794482113,0.0,1.0
1300304,13,304,S,0.98046875,117,SS,0.0,2297.354864557448,2309.7850838153786,0.5157752093087694,0.0011631250381469727,12.43021925793073,4.126201674469485,8.304017583461246,0.33194922702887036
1300305,13,305,S,1.0126953125,125,SS,0.0,2309.7850838153786,2313.984778059697,0.5249617805399748,0.0011959075927734375,4.19969424431838,4.19969424431838,0.0,1.0
1300306,13,306,S,0.9990234375,116,SS,0.0,2313.984778059697,2326.412428386975,0.5150620279020095,0.0011893510818481445,12.427650327278116,4.120496223215014,8.307154104063102,0.331558751228357
1300307,13,307,S,1.00390625,124,SS,0.0,2326.412428386975,2330.6021253400722,0.5237121191370255,0.0011854171752929688,4.189696953097155,4.189696953097155,0.0,1.0
1300308,13,308,S,1.0576171875,123,SS,0.0,2330.6021253400722,2342.924506226067,0.5237248577240541,0.00125885009765625,12.32238088599479,4.189798861792951,8.132582024201838,0.3400153672051266
1300309,13,309,S,1.0009765625,134,SS,0.0,2342.924506226067,2347.211449749233,0.5358679403958397,0.001168370246887207,4.286943523165974,4.286943523165974,0.0,1.0
1300310,13,310,S,1.04296875,133,SS,0.0,2347.211449749233,2358.1230929015755,0.5354598777792465,0.0012260675430297852,10.911643152342549,4.283679022235447,6.627964130107102,0.392578731033356
1300311,13,311,S,1.0341796875,142,SS,0.0,2358.1230929015755,2363.8424329014024,0.5472252412392536,0.0012024641036987305,5.719339999826843,4.377801929913403,1.3415380699134403,0.7654383075749901
1300312,13,312,S,0.9599609375,137,SS,0.0,2363.8424329014024,2374.742528985946,0.5389166082272069,0.0011093616485595703,10.900096084543748,4.311332865818258,6.588763218725489,0.39553163865515784
1300313,13,313,S,0.9384765625,133,SS,0.0,2374.742528985946,2380.3147532151534,0.5331829178037532,0.0010857582092285156,5.572224229207222,4.265463342431758,1.3067608867754643,0.7654866651047564
1300314,13,314,S,0.974609375,127,SS,0.0,2380.3147532151534,2386.5224994799914,0.5263115033557163,0.0011421442031860352,6.207746264838079,4.210492026846623,1.9972542379914557,0.6782641956060117
1300315,13,315,S,1.0361328125,121,SS,0.0,2386.5224994799914,2396.396243200686,0.5211420149189496,0.0012326240539550781,9.87374372069462,4.169136119351606,5.704607601343014,0.4222447166228765
1300316,13,316,S,0.943359375,115,SS,0.0,2396.396243200686,2401.34323365927,0.5129443665037174,0.0011159181594848633,4.946990458583969,4.10355493202951,0.8434355265544582,0.8295053257903626
1300317,13,317,S,0.943359375,112,SS,0.0,2401.34323365927,2411.3960192094505,0.5097651422892923,0.001119852066040039,10.052785550180488,4.0781211383146,5.974664411865888,0.40567075841395833
1300318,13,318,S,0.943359375,126,SS,0.0,2411.3960192094505,2415.592831385105,0.5246015219566099,0.0011014938354492188,4.196812175654486,4.196812175654486,0.0,1.0
1300319,13,319,S,1.0302734375,143,SS,0.0,2415.592831385105,2422.266886812217,0.5484622638469685,0.0011959075927734375,6.674055427111853,4.387698110775091,2.286357316336762,0.6574260820416702
1300320,13,320,S,0.9462890625,116,SS,0.0,2422.266886812217,2431.116998339867,0.514059787908183,0.0011185407638549805,8.85011152765037,4.112478303264652,4.737633224385718,0.46468095802138215
1300321,13,321,S,0.958984375,125,SS,0.0,2431.116998339867,2436.242271831801,0.5238617805491362,0.0011237859725952148,5.125273491933967,4.190894244391529,0.934379247542438,0.817691826784865
1300322,13,322,S,0.9970703125,137,SS,0.0,2436.242271831801,2446.9649082996057,0.5397495682171342,0.0011591911315917969,10.722636467804477,4.317996545738424,6.404639922066053,0.4026991457468071
1300323,13,323,S,0.994140625,117,SS,0.0,2446.9649082996057,2451.9907607106684,0.5160372893070876,0.001181483268737793,5.025852411062715,4.128298314455606,0.8975540966071094,0.8214125638406239
1300324,13,324,S,0.95703125,144,SS,0.0,2451.9907607106684,2459.7582136925903,0.5480621664780531,0.0010962486267089844,7.767452981921906,4.384497331822786,3.3829556500991202,0.5644704051672196
1300325,13,325,S,1.0234375,136,SS,0.0,2459.7582136925903,2468.1190916322926,0.5390146256034397,0.0011959075927734375,8.360877939702277,4.312117004828906,4.048760934873371,0.515749307181305
1300326,13,326,S,0.970703125,134,SS,0.0,2468.1190916322926,2473.3696796838963,0.5352033004032191,0.0011277198791503906,5.2505880516037,4.281626403226255,0.9689616483774444,0.8154565471801788
1300327,13,327,S,1.02734375,114,SS,0.0,2473.3696796838963,2483.1234111907697,0.5134532650900759,0.001230001449584961,9.753731506873464,4.107626120719942,5.646105386153522,0.42113381097534763
1300328,13,328,S,0.9609375,123,SS,0.0,2483.1234111907697,2488.4800386382253,0.5217765377393954,0.0011290311813354492,5.356627447455594,4.17421230191394,1.182415145541654,0.7792612689345602
1300329,13,329,S,0.9833984375,144,SS,0.0,2488.4800386382253,2498.96948400692,0.5486842464691934,0.0011316537857055664,10.48944536869476,4.389473971754342,6.099971396940418,0.4184657832200083
1300330,13,330,S,1.0,139,SS,0.0,2498.96948400692,2504.3255628871416,0.5424612134298464,0.0011605024337768555,5.356078880221503,4.339689707438083,1.0163891727834198,0.810236332303346
1300331,13,331,S,0.994140625,127,SS,0.0,2504.3255628871416,2515.5566368025416,0.5267179033521528,0.001168370246887207,11.231073915399975,4.213743226817314,7.0173306885826605,0.3751861361218055
1300332,13,332,S,0.98828125,131,SS,0.0,2515.5566368025416,2520.920893844033,0.5316261525783488,0.001155257225036621,5.364257041491328,4.253009220625245,1.1112478208660832,0.7928421751100236
1300333,13,333,S,0.99609375,121,SS,0.0,2520.920893844033,2529.107399259888,0.520348254924827,0.0011788606643676758,8.186505415855208,4.162786039400089,4.023719376455119,0.5084936524121533
1300334,13,334,S,1.0126953125,118,SS,0.0,2529.107399259888,2537.0357579210377,0.5174640707092013,0.0012050867080688477,7.928358661149559,4.139712565673108,3.7886460954764516,0.5221399210858704
1300335,13,335,S,1.0546875,113,SS,0.0,2537.0357579210377,2541.1388459505015,0.5128860036830534,0.0012680292129516602,4.103088029463834,4.103088029463834,0.0,1.0
1300336,13,336,S,1.0146484375,134,SS,0.0,2541.1388459505015,2552.19683623423,0.5361681003925071,0.0011867284774780273,11.057990283728486,4.289344803139102,6.7686454805893845,0.38789551203085687
1300337,13,337,S,1.0029296875,128,SS,0.0,2552.19683623423,2557.460320537863,0.5279702847550034,0.0011788606643676758,5.263484303633049,4.223762278041249,1.0397220255918,0.8024650657979266
1300338,13,338,S,1.0625,120,SS,0.0,2557.460320537863,2568.650160179063,0.5205854735109788,0.0012693405151367188,9.279294505107373,2.254138651994708,7.025155853112665,0.24292133962921625
1400207,14,207,S,1.0078125,117,SS,0.0,1555.7344352190566,1567.8007350177345,0.5162993693054058,0.0011998414993286133,1.0611199747640967,1.0611199747640967,0.0,1.0
1400208,14,208,S,0.9931640625,124,SS,0.0,1567.8007350177345,1571.9886860508454,0.5234938791387939,0.0011709928512573242,4.187951033110949,4.187951033110949,0.0,1.0
1400209,14,209,S,0.9443359375,137,SS,0.0,1571.9886860508454,1581.7477597394106,0.538565888231448,0.0010883808135986328,9.759073688565195,4.308527105851681,5.450546582713514,0.4414893506645027
1400210,14,210,S,0.9970703125,134,SS,0.0,1581.7477597394106,1587.4061579170498,0.5357821803967919,0.0011631250381469727,5.658398177639128,4.286257443174691,1.3721407344644376,0.7575036801250808
1400211,14,211,S,0.9873046875,112,SS,0.0,1587.4061579170498,1595.2284118838452,0.5105715422851927,0.0011788606643676758,7.822253966795415,4.08457233828085,3.737681628514565,0.5221733218608599
1400212,14,212,S,0.9697265625,139,SS,0.0,1595.2284118838452,1603.8716000869058,0.5417717734386222,0.001119852066040039,8.643188203060618,4.334174187508324,4.309014015552293,0.5014554913861022
1400213,14,213,S,0.9375,140,SS,0.0,1603.8716000869058,1612.1122669506587,0.5423505560552946,0.0010752677917480469,8.24066686375295,4.338804448441806,3.901862415311143,0.5265113273206431
1400214,14,214,S,1.0546875,120,SS,0.0,1612.1122669506587,1620.6267817104208,0.5204318735120794,0.00125885009765625,8.51451475976205,4.163454988096419,4.351059771665632,0.48898323692761697
1400215,14,215,S,1.033203125,141,SS,0.0,1620.6267817104208,1627.2905750419682,0.5458741386331162,0.0012024641036987305,6.663793331547367,4.366993109064424,2.2968002224829434,0.6553314143748191
1400216,14,216,S,1.013671875,118,SS,0.0,1627.2905750419682,1636.978919109871,0.5174829507090755,0.0012063980102539062,9.68834406790279,4.139863605672872,5.548480462229918,0.427303528514034
1400217,14,217,S,1.0615234375,115,SS,0.0,1636.978919109871,1642.0652524756845,0.5151707664905869,0.0012745857238769531,5.086333365813516,4.121366131925242,0.9649672338882738,0.8102823459480549
1400218,14,218,S,1.0595703125,139,SS,0.0,1642.0652524756845,1653.323620772933,0.5438178534125779,0.0012404918670654297,11.25836829724858,4.35054282730016,6.9078254699484205,0.3864274744292549
1400219,14,219,S,1.0419921875,114,SS,0.0,1653.323620772933,1657.4334356936413,0.513726865088535,0.0012496709823608398,4.1098149207082315,4.1098149207082315,0.0,1.0
1400220,14,220,S,1.0087890625,144,SS,0.0,1657.4334356936413,1669.9262998540544,0.5492832864606619,0.0011657476425170898,12.492864160413092,4.394266291685199,8.098597868727893,0.3517421013517125
1400221,14,221,S,0.9560546875,142,SS,0.0,1669.9262998540544,1674.289560984167,0.5454076412640629,0.001097559928894043,4.363261130112733,4.363261130112733,0.0,1.0
1400222,14,222,S,0.9453125,132,SS,0.0,1674.289560984167,1686.1547022320244,0.5320178951948917,0.0010962486267089844,11.86514124785731,4.256143161559521,7.608998086297788,0.3587098604770614
1400223,14,223,S,0.9521484375,137,SS,0.0,1686.1547022320244,1690.4646322178594,0.5387412482293275,0.0010988712310791016,4.30992998583497,4.30992998583497,0.0,1.0
1400224,14,224,S,1.0576171875,135,SS,0.0,1690.4646322178594,1700.8468022676925,0.5384438429882553,0.0012431144714355469,10.382170049833121,4.307550743906177,6.074619305926944,0.41489888175886835
1400225,14,225,S,0.9599609375,136,SS,0.0,1700.8468022676925,1706.122194765222,0.5376002256200838,0.001110672950744629,5.275392497529538,4.300801804960429,0.9745906925691088,0.8152572167804559
1400226,14,226,S,1.0537109375,114,SS,0.0,1706.122194765222,1713.8666681512134,0.5139457450873026,0.001265406608581543,7.744473385991341,4.111565960698499,3.632907425292842,0.5309032332832005
1400227,14,227,S,0.939453125,129,SS,0.0,1713.8666681512134,1721.0949371265046,0.527952107374275,0.0010923147201538086,7.2282689752912574,4.2236168589934096,3.004652116297848,0.5843192711050466
1400228,14,228,S,0.9619140625,140,SS,0.0,1721.0949371265046,1727.6965792069032,0.542910556047992,0.0011080503463745117,6.601642080398506,4.343284448383201,2.2583576320153043,0.6579097132937902
1400229,14,229,S,1.0361328125,127,SS,0.0,1727.6965792069032,1735.6190410760405,0.5275916633444909,0.0012247562408447266,7.922461869137351,4.220733306756301,3.7017285623810494,0.5327552693183087
1400230,14,230,S,1.044921875,121,SS,0.0,1735.6190410760405,1740.7129530051143,0.5213162549176593,0.0012444257736206055,5.0939119290737835,4.17053003934052,0.923381889733264,0.818728336376801
1400231,14,231,S,0.9541015625,144,SS,0.0,1740.7129530051143,1748.9351522378633,0.5479930464790375,0.0010923147201538086,8.222199232749063,4.383944371831603,3.838254860917459,0.5331839143924328
1400232,14,232,S,0.9833984375,130,SS,0.0,1748.9351522378633,1756.1805673972224,0.5302011299724969,0.0011500120162963867,7.245415159359027,4.241609039780087,3.0038061195789396,0.5854197373771092
1400233,14,233,S,0.9638671875,112,SS,0.0,1756.1805673972224,1764.01275018653,0.5101414622873791,0.0011473894119262695,7.832182789307581,4.0811316982999415,3.751051091007639,0.5210720699562148
1400234,14,234,S,0.9609375,118,SS,0.0,1764.01275018653,1770.0233331801003,0.516463430715876,0.0011355876922607422,6.010582993570324,4.131707445727443,1.8788755478428811,0.6874054397297629
1400235,14,235,S,1.037109375,135,SS,0.0,1770.0233331801003,1777.510033635505,0.5379902429934436,0.0012155771255493164,7.486700455404616,4.303921943946989,3.1827785114576272,0.5748756704751031
1400236,14,236,S,0.9375,125,SS,0.0,1777.510033635505,1783.1058162527709,0.523421780552801,0.0010949373245239258,5.595782617265968,4.187374244422244,1.4084083728437236,0.7483089553017956
1400237,14,237,S,1.0478515625,127,SS,0.0,1783.1058162527709,1789.301677533965,0.5278355033423527,0.0012404918670654297,6.195861281194084,4.222684026739444,1.9731772544546402,0.6815330161694059
1400238,14,238,S,0.9912109375,144,SS,0.0,1789.301677533965,1798.5890857374468,0.5488685664665683,0.0011421442031860352,9.287408203481846,4.390948531732647,4.896459671749199,0.4727851339716588
1400239,14,239,S,1.0361328125,141,SS,0.0,1798.5890857374468,1803.8912090927524,0.5459418186322129,0.0012063980102539062,5.302123355305639,4.367534549057382,0.9345888062482572,0.823733107734461
1400240,14,240,S,0.974609375,141,SS,0.0,1803.8912090927524,1814.2048034885,0.5445205386511828,0.0011237859725952148,10.313594395747486,4.356164309208907,5.957430086538579,0.42237110963031915
1400241,14,241,S,0.9755859375,114,SS,0.0,1814.2048034885,1818.304695849264,0.5124865450955196,0.0011605024337768555,4.099892360763988,4.099892360763988,0.0,1.0
1400242,14,242,S,0.9697265625,123,SS,0.0,1818.304695849264,1828.4779419320218,0.5219536577380007,0.0011408329010009766,10.173246082757942,4.17562926190476,5.997616820853182,0.4104520059710142
1400243,14,243,S,1.0546875,142,SS,0.0,1828.4779419320218,1834.3021673152457,0.5477023612327412,0.001230001449584961,5.8242253832238475,4.381618889861784,1.4426064933620637,0.7523092946372988
1400244,14,244,S,1.0048828125,135,SS,0.0,1834.3021673152457,1841.3771212028553,0.5372774430015962,0.0011723041534423828,7.074953887609581,4.298219544012682,2.7767343435968996,0.607526156677881
1400245,14,245,S,1.001953125,138,SS,0.0,1841.3771212028553,1850.3140370481735,0.5411824308225446,0.0011644363403320312,8.936915845318254,4.329459446580586,4.607456398737668,0.4844467063935309
1400246,14,246,S,1.0380859375,118,SS,0.0,1850.3140370481735,1856.2790400341555,0.517954950705927,0.001239180564880371,5.965002985981982,4.1436396056469675,1.8213633803350149,0.6946584294064398
1400247,14,247,S,1.04296875,136,SS,0.0,1856.2790400341555,1865.8722081080175,0.5394498255983186,0.0012221336364746094,9.593168073861989,4.315598604785919,5.27756946907607,0.4498616694253912
1400248,14,248,S,1.0439453125,141,SS,0.0,1865.8722081080175,1871.0970536680354,0.5461222986298041,0.001216888427734375,5.224845560017911,4.3689783890386025,0.8558671709793089,0.8361928288314086
1400249,14,249,S,1.005859375,132,SS,0.0,1871.0970536680354,1881.6816971494482,0.5333273351812501,0.0011775493621826172,10.58464348141274,4.266618681449472,6.318024799963268,0.4030951716930199
1400250,14,250,S,1.0205078125,136,SS,0.0,1881.6816971494482,1885.9932919142811,0.538949345604208,0.0011919736862182617,4.311594764832989,4.311594764832989,0.0,1.0
1400251,14,251,S,1.037109375,144,SS,0.0,1885.9932919142811,1896.0064758704816,0.549951446451146,0.001203775405883789,10.013183956200464,4.399611571609057,5.613572384591407,0.4393818780173998
1400252,14,252,S,0.9931640625,118,SS,0.0,1896.0064758704816,1901.3672047942703,0.5170864707117201,0.0011788606643676758,5.360728923788656,4.136691765694195,1.2240371580944611,0.7716659104580535
1400253,14,253,S,0.96875,130,SS,0.0,1901.3672047942703,1909.0222902119854,0.5298891299755271,0.0011303424835205078,7.6550854177150995,4.239113039804579,3.4159723779105207,0.5537643028769593
1400254,14,254,S,1.056640625,136,SS,0.0,1909.0222902119854,1917.5482184200885,0.5397544655947337,0.0012404918670654297,8.525928208103096,4.318035724758374,4.207892483344722,0.5064593108647673
1400255,14,255,S,1.048828125,128,SS,0.0,1917.5482184200885,1923.8144488655198,0.5289328447463558,0.0012404918670654297,6.266230445431347,4.231462757970803,2.034767687460544,0.6752804249412699
1400256,14,256,S,1.029296875,112,SS,0.0,1923.8144488655198,1932.7484637721288,0.5113421022812754,0.0012352466583251953,8.934014906609036,4.090736818250662,4.843278088358375,0.45788336610279146
1400257,14,257,S,0.9951171875,141,SS,0.0,1932.7484637721288,1937.1084181612885,0.5449942986448595,0.0011513233184814453,4.359954389159611,4.359954389159611,0.0,1.0
1400258,14,258,S,1.0302734375,122,SS,0.0,1937.1084181612885,1947.9779505377803,0.5220998363241014,0.001223444938659668,10.869532376491861,4.176798690592477,6.692733685899384,0.38426664054342125
1400259,14,259,S,1.0546875,133,SS,0.0,1947.9779505377803,1952.490981802429,0.5357152377764982,0.0012418031692504883,4.513031264648589,4.285721902211662,0.22730936243692668,0.9496326639220333
1400260,14,260,S,1.0224609375,114,SS,0.0,1952.490981802429,1959.813188935459,0.5133620650905893,0.001223444938659668,7.322207133030133,4.1068965207250585,3.2153106123050748,0.5608823195125198
1400261,14,261,S,1.033203125,126,SS,0.0,1959.813188935459,1967.7548487374966,0.526456241940751,0.0012221336364746094,7.94165980203752,4.211649935525202,3.7300098665123187,0.5303236402099037
1400262,14,262,S,1.03125,132,SS,0.0,1967.7548487374966,1972.580382404722,0.5338764551755294,0.0012116432189941406,4.8255336672255,4.271011641403675,0.5545220258218251,0.885085865302717
1400263,14,263,S,1.0615234375,142,SS,0.0,1972.580382404722,1983.4889662571632,0.5478614012305704,0.001239180564880371,10.908583852441097,4.382891209845184,6.525692642595914,0.40178370255314033
1400264,14,264,S,1.046875,115,SS,0.0,1983.4889662571632,1987.6081243891012,0.5148947664922146,0.0012549161911010742,4.119158131938093,4.119158131938093,0.0,1.0
1400265,14,265,S,0.9521484375,135,SS,0.0,1987.6081243891012,1996.657448925899,0.5361110430149371,0.0011014938354492188,9.049324536797712,4.2888883441191865,4.760436192678526,0.4739456880653434
1400266,14,266,S,1.021484375,138,SS,0.0,1996.657448925899,2003.5734872549183,0.5416240308170629,0.0011906623840332031,6.9160383290193295,4.332992246536378,2.5830460824829515,0.6265136253446388
1400267,14,267,S,1.052734375,117,SS,0.0,2003.5734872549183,2008.5470120008347,0.5171604892998798,0.0012601613998413086,4.973524745916393,4.137283914398722,0.8362408315176708,0.8318615319639694
1400268,14,268,S,1.0,122,SS,0.0,2008.5470120008347,2019.380462067617,0.5214947163287252,0.0011827945709228516,10.833450066782234,4.171957730630311,6.661492336151923,0.3850996409188667
1400269,14,269,S,0.955078125,131,SS,0.0,2019.380462067617,2024.6386095254604,0.5309135125855233,0.001110672950744629,5.258147457843506,4.247308100684677,1.0108393571588294,0.8077575105561229
1400270,14,270,S,1.04296875,135,SS,0.0,2024.6386095254604,2035.5324792819947,0.5381198429919613,0.001223444938659668,10.893869756534286,4.304958743936368,6.588911012597919,0.39517259157189727
1400271,14,271,S,1.060546875,138,SS,0.0,2035.5324792819947,2039.8725371284427,0.5425072308060997,0.0012431144714355469,4.340057846447962,4.340057846447962,0.0,1.0
1400272,14,272,S,0.986328125,124,SS,0.0,2039.8725371284427,2051.8230332936996,0.5233549991399193,0.001161813735961914,11.950496165256936,4.186839993119293,7.763656172137644,0.3503486328284408
1400273,14,273,S,0.955078125,125,SS,0.0,2051.8230332936996,2056.0132875380964,0.5237817805498026,0.0011185407638549805,4.190254244396783,4.190254244396783,0.0,1.0
1400274,14,274,S,0.943359375,116,SS,0.0,2056.0132875380964,2065.0210522612797,0.5140041079085258,0.0011146068572998047,9.0077647231833,4.112032863267814,4.895731859915486,0.4564986974720452
1400275,14,275,S,0.962890625,133,SS,0.0,2065.0210522612797,2071.806378579125,0.5337149177980274,0.0011185407638549805,6.785326317845374,4.269719342384633,2.5156069754607415,0.6292577751427064
1400276,14,276,S,0.9638671875,139,SS,0.0,2071.806378579125,2076.997010344817,0.5416383334403208,0.0011119842529296875,5.19063176569216,4.33310666752368,0.8575250981684803,0.8347936943174525
1400277,14,277,S,1.0498046875,136,SS,0.0,2076.997010344817,2087.7230905159263,0.5396021455965262,0.0012313127517700195,10.72608017110906,4.3168171647739655,6.409263006335095,0.40245990109242424
1400278,14,278,S,1.05078125,130,SS,0.0,2087.7230905159263,2091.976181155594,0.5316363299585585,0.0012404918670654297,4.253090639667789,4.253090639667789,0.0,1.0
1400279,14,279,S,1.0029296875,134,SS,0.0,2091.976181155594,2103.82312820605,0.5359108203953636,0.0011709928512573242,11.846947050456038,4.287286563161615,7.559660487294423,0.3618895690933792
1400280,14,280,S,1.015625,138,SS,0.0,2103.82312820605,2108.155060612599,0.5414915508187075,0.0011827945709228516,4.331932406548731,4.331932406548731,0.0,1.0
1400281,14,281,S,0.9794921875,119,SS,0.0,2108.155060612599,2120.2490010263205,0.5178878121180767,0.0011591911315917969,12.093940413721612,4.143102496946085,7.9508379167755265,0.34257672480719187
1400282,14,282,S,1.044921875,140,SS,0.0,2120.2490010263205,2124.607517474505,0.5448145560231636,0.0012195110321044922,4.358516448184673,4.358516448184673,0.0,1.0
1400283,14,283,S,0.98046875,120,SS,0.0,2124.607517474505,2136.6105873608667,0.5189726735225327,0.0011591911315917969,12.003069886361573,4.151781388180098,7.851288498181475,0.3458932945893732
1400284,14,284,S,0.9443359375,124,SS,0.0,2136.6105873608667,2140.790602394043,0.5225018791468323,0.0011054277420043945,4.18001503317646,4.18001503317646,0.0,1.0
1400285,14,285,S,0.9521484375,121,SS,0.0,2140.790602394043,2149.680531673575,0.5194770549312777,0.001119852066040039,8.88992927953177,4.155816439451883,4.734112840079888,0.46747463436185716
1400286,14,286,S,1.0419921875,120,SS,0.0,2149.680531673575,2156.263645433258,0.5201822735138674,0.0012418031692504883,6.583113759682874,4.161458188111283,2.4216555715715913,0.6321413148892252
1400287,14,287,S,0.998046875,122,SS,0.0,2156.263645433258,2161.4534535720127,0.5214556763290236,0.0011801719665527344,5.18980813875487,4.171645410631754,1.0181627281231158,0.8038149579133783
1400288,14,288,S,1.025390625,117,SS,0.0,2161.4534535720127,2172.506631132488,0.5166363293032435,0.001223444938659668,11.053177560475433,4.13309063442648,6.920086926048953,0.3739278240861538
1400289,14,289,S,0.947265625,138,SS,0.0,2172.506631132488,2177.7872211529507,0.5399459508378931,0.00109100341796875,5.280590020462569,4.319567606704368,0.9610224137582009,0.8180085160873714
1400290,14,290,S,0.9619140625,121,SS,0.0,2177.7872211529507,2188.96626625123,0.5196706549298443,0.001132965087890625,11.179045098279403,4.157365239439969,7.021679858839434,0.3718891195885631
1400291,14,291,S,1.0166015625,135,SS,0.0,2188.96626625123,2193.266559395218,0.5375366429986316,0.001188039779663086,4.300293143987801,4.300293143987801,0.0,1.0
1400292,14,292,S,1.013671875,134,SS,0.0,2193.266559395218,2205.945625092827,0.5361466603927452,0.0011854171752929688,12.679065697609076,4.289173283141281,8.389892414467795,0.33828780333160524
1400293,14,293,S,0.9384765625,136,SS,0.0,2205.945625092827,2210.2425971378325,0.537121505625717,0.0010818243026733398,4.296972045005532,4.296972045005532,0.0,1.0
1400294,14,294,S,1.0322265625,131,SS,0.0,2210.2425971378325,2222.0142706436473,0.532569352568853,0.0012142658233642578,11.77167350581476,4.260554820550169,7.5111186852645915,0.361932805768493
1400295,14,295,S,1.044921875,134,SS,0.0,2222.0142706436473,2226.3089325667297,0.5368327403851277,0.0012273788452148438,4.294661923082458,4.294661923082458,0.0,1.0
1400296,14,296,S,0.947265625,125,SS,0.0,2226.3089325667297,2238.8494751511557,0.5236217805511352,0.0011080503463745117,12.54054258442602,4.188974244407291,8.35156834001873,0.3340345297028486
1400297,14,297,S,1.0107421875,144,SS,0.0,2238.8494751511557,2243.244110082835,0.5493293664600056,0.001168370246887207,4.39463493167932,4.39463493167932,0.0,1.0
1400298,14,298,S,0.9482421875,134,SS,0.0,2243.244110082835,2253.77420554926,0.534710180408694,0.001097559928894043,10.530095466424882,4.277681443269103,6.252414023155779,0.4062338709946603
1400299,14,299,S,1.05078125,142,SS,0.0,2253.77420554926,2260.204036906384,0.5476114812339816,0.0012247562408447266,6.4298313571239305,4.380891849872569,2.0489395072513616,0.6813385307561388
1400300,14,300,S,0.9638671875,120,SS,0.0,2260.204036906384,2270.0833352829814,0.518646273524871,0.0011368989944458008,9.87929837659749,4.1491701882005145,5.730128188396975,0.41998632190614354
1400301,14,301,S,1.0244140625,134,SS,0.0,2270.0833352829814,2277.221939501651,0.5363825003901267,0.0011998414993286133,7.13860421866957,4.291060003120947,2.8475442155486235,0.6011063047729345
1400302,14,302,S,0.94921875,143,SS,0.0,2277.221939501651,2286.5888013996346,0.546563223873456,0.0010870695114135742,9.366861897983654,4.3725057909869065,4.994356106996747,0.4668058351461495
1400303,14,303,S,0.9541015625,128,SS,0.0,2286.5888013996346,2294.62451079353,0.5269462847642028,0.001113295555114746,8.035709393895559,4.215570278112864,3.8201391157826947,0.5246046206344
1400304,14,304,S,1.0380859375,139,SS,0.0,2294.62451079353,2303.073126036041,0.5433285734188059,0.0012116432189941406,8.448615242510641,4.346628587351006,4.101986655159635,0.5144782266187489
1400305,14,305,S,0.962890625,131,SS,0.0,2303.073126036041,2311.4032251689287,0.5310811925838352,0.0011211633682250977,8.33009913288788,4.248649540670158,4.081449592217723,0.5100358918774638
1400306,14,306,S,1.041015625,118,SS,0.0,2311.4032251689287,2315.547317894573,0.5180115907055493,0.0012431144714355469,4.144092725644441,4.144092725644441,0.0,1.0
1400307,14,307,S,0.9375,121,SS,0.0,2315.547317894573,2328.0160752303887,0.5191866549334281,0.0011001825332641602,12.468757335815553,4.1534932394679345,8.315264096347619,0.3331120437749913
1400308,14,308,S,0.99609375,142,SS,0.0,2328.0160752303887,2332.3867885203977,0.5463391612513482,0.0011513233184814453,4.370713290009007,4.370713290009007,0.0,1.0
1400309,14,309,S,0.953125,123,SS,0.0,2332.3867885203977,2344.908463892226,0.5216190977406351,0.0011185407638549805,12.521675371828223,4.172952781926142,8.348722589902081,0.33325834267470483
1400310,14,310,S,0.9375,136,SS,0.0,2344.908463892226,2349.205261857235,0.5370997456259733,0.0010805130004882812,4.296797965009318,4.296797965009318,0.0,1.0
1400311,14,311,S,0.94140625,114,SS,0.0,2349.205261857235,2361.425084217016,0.5118481450991145,0.0011146068572998047,12.219822359780665,4.094785160792526,8.125037198988139,0.3350936732329081
1400312,14,312,S,1.052734375,112,SS,0.0,2361.425084217016,2365.5192616752474,0.5117721822790889,0.0012667179107666016,4.09417745823157,4.09417745823157,0.0,1.0
1400313,14,313,S,0.9619140625,112,SS,0.0,2365.5192616752474,2377.5921952405606,0.5101056222875614,0.0011447668075561523,12.072933565313178,4.080844978299865,7.992088587013313,0.33801602205652537
1400314,14,314,S,1.0546875,136,SS,0.0,2377.5921952405606,2381.909882805323,0.5397109455952458,0.0012378692626953125,4.317687564762309,4.317687564762309,0.0,1.0
1400315,14,315,S,1.00390625,128,SS,0.0,2381.909882805323,2393.828204033787,0.5279907647548193,0.0011801719665527344,11.918321228464265,4.223926118040254,7.694395110424011,0.35440613128905635
1400316,14,316,S,0.97265625,132,SS,0.0,2393.828204033787,2398.089078075296,0.5326092551887309,0.001132965087890625,4.2608740415089414,4.2608740415089414,0.0,1.0
1400317,14,317,S,1.025390625,119,SS,0.0,2398.089078075296,2405.661014308905,0.518782692111885,0.0012208223342895508,7.571936233608994,4.150261536895414,3.4216746967135805,0.5481109994658901
1400318,14,318,S,1.0166015625,113,SS,0.0,2405.661014308905,2413.883256701058,0.5121808836868327,0.001216888427734375,8.22224239215302,4.097447069496411,4.12479532265661,0.49833693463073414
1400319,14,319,S,1.0224609375,128,SS,0.0,2413.883256701058,2419.0767893249495,0.5283798847513235,0.0012050867080688477,5.193532623891315,4.227039078010421,0.9664935458808941,0.8139044045983603
1400320,14,320,S,1.048828125,133,SS,0.0,2419.0767893249495,2429.593998447595,0.5355875577778723,0.0012339353561401367,10.517209122645454,4.2847004622235545,6.2325086604218995,0.40739899837094795
1400321,14,321,S,0.9453125,140,SS,0.0,2429.593998447595,2434.7928309099807,0.5425297560529576,0.0010857582092285156,5.198832462385781,4.340238048422179,0.8585944139636013,0.8348486087644404
1400322,14,322,S,1.029296875,131,SS,0.0,2434.7928309099807,2442.290408854312,0.532506472569486,0.001210331916809082,7.497577944331169,4.260051780554932,3.237526163776238,0.5681903959099094
1400323,14,323,S,0.998046875,131,SS,0.0,2442.290408854312,2449.339326546756,0.5318357525762386,0.001168370246887207,7.04891769244432,4.25468602060937,2.7942316718349502,0.6035942262696491
1400324,14,324,S,1.021484375,141,SS,0.0,2449.339326546756,2455.854368683763,0.5456034186367296,0.0011867284774780273,6.515042137006731,4.364827349094412,2.1502147879123186,0.6699614917762892
1400325,14,325,S,0.9541015625,138,SS,0.0,2455.854368683763,2465.646685135743,0.5401005108359744,0.0011001825332641602,9.792316451980241,4.32080408668844,5.471512365291801,0.44124432741495706
1400326,14,326,S,0.974609375,137,SS,0.0,2465.646685135743,2470.8669603629323,0.5392454082232309,0.0011290311813354492,5.220275227189177,4.313963265787606,0.9063119614015704,0.8263861727670692
1400327,14,327,S,1.0546875,135,SS,0.0,2470.8669603629323,2481.6412952852825,0.5383790429889966,0.001239180564880371,10.774334922350135,4.307032343913306,6.467302578436829,0.39974925366194586
1400328,14,328,S,0.9990234375,130,SS,0.0,2481.6412952852825,2486.9978547212427,0.5305339299692649,0.0011709928512573242,5.356559435960207,4.244271439754812,1.1122879962053958,0.792350293223992
1400329,14,329,S,0.943359375,140,SS,0.0,2486.9978547212427,2496.4145368122745,0.5424849560535419,0.0010831356048583984,9.416682091031817,4.339879648428905,5.0768024426029115,0.46087142015361066
1400330,14,330,S,1.0361328125,143,SS,0.0,2496.4145368122745,2503.177361325398,0.5485995438450538,0.001203775405883789,6.762824513123633,4.388796350758639,2.3740281623649935,0.6489590765281487
1400331,14,331,S,1.01171875,116,SS,0.0,2503.177361325398,2510.9689414940085,0.5153033079005234,0.0012063980102539062,7.7915801686103805,4.1224264632037375,3.669153705406643,0.5290873447996579
1400332,14,332,S,0.9833984375,121,SS,0.0,2510.9689414940085,2519.4230944121246,0.5200965749266906,0.001161813735961914,8.454152918116051,4.160772599414486,4.293380318701566,0.4921572438675127
1400333,14,333,S,1.0185546875,132,SS,0.0,2519.4230944121246,2523.691909573552,0.5336018951783897,0.001194596290588379,4.268815161427483,4.268815161427483,0.0,1.0
1400334,14,334,S,0.96875,123,SS,0.0,2523.691909573552,2534.911882574829,0.5219339777381558,0.001139521598815918,11.21997300127714,4.175471821905376,7.044501179371764,0.3721463341694399
1400335,14,335,S,1.0234375,142,SS,0.0,2534.911882574829,2540.273729562926,0.5469753212426649,0.001188039779663086,5.361846988096659,4.375802569942607,0.9860444181540515,0.8160998588092727
1400336,14,336,S,0.9482421875,113,SS,0.0,2540.273729562926,2551.669369005564,0.5109152836936162,0.0011250972747802734,11.395639442638185,4.087322269548167,7.308317173090018,0.3586742358884179
1400337,14,337,S,1.0595703125,133,SS,0.0,2551.669369005564,2557.0125063957353,0.5358216377753529,0.0012483596801757812,5.3431373901712504,4.286573102202965,1.0565642879682855,0.8022576979001429
1400338,14,338,S,0.9658203125,144,SS,0.0,2557.0125063957353,2568.32242875291,0.5482695264750999,0.0011080503463745117,9.727108647235127,2.803342501860243,6.923766145374884,0.2881989503280686
1500207,15,207,S,0.9375,128,SS,0.0,1555.4501446770844,1567.359707903959,0.5265981247673307,0.00109100341796875,0.6200928609885068,0.6200928609885068,0.0,1.0
1500208,15,208,S,0.958984375,132,SS,0.0,1567.359707903959,1571.618216505494,0.5323135751918113,0.0011146068572998047,4.258508601535141,4.258508601535141,0.0,1.0
1500209,15,209,S,0.9580078125,116,SS,0.0,1571.618216505494,1583.47119467669,0.5142825079068112,0.0011342763900756836,11.8529781711959,4.114260063253823,7.738718107942077,0.34710770608284325
1500210,15,210,S,0.9404296875,138,SS,0.0,1583.47119467669,1587.7895258034084,0.5397913908398115,0.0010818243026733398,4.318331126718476,4.318331126718476,0.0,1.0
1500211,15,211,S,1.0380859375,135,SS,0.0,1587.7895258034084,1598.6298654892637,0.5380118429931964,0.001216888427734375,10.84033968585527,4.304094743945825,6.536244941909445,0.3970442687844837
1500212,15,212,S,1.0556640625,124,SS,0.0,1598.6298654892637,1604.2178654578147,0.5247636391285048,0.0012549161911010742,5.587999968551003,4.198109113027385,1.3898908555236176,0.7512722148629462
1500213,15,213,S,1.0390625,141,SS,0.0,1604.2178654578147,1612.2314188331839,0.5460094986313097,0.001210331916809082,8.013553375369156,4.36807598905034,3.6454773863188166,0.5450860291860373
1500214,15,214,S,1.03515625,117,SS,0.0,1612.2314188331839,1620.7102958172009,0.5168235293020422,0.001236557960510254,8.478876984017006,4.134588234415787,4.344288749601219,0.4876339451804334
1500215,15,215,S,0.939453125,123,SS,0.0,1620.7102958172009,1627.2492598131091,0.5213435777428045,0.0011001825332641602,6.5389639959082615,4.170748621942039,2.3682153739662226,0.637830186028226
1500216,15,216,S,1.041015625,141,SS,0.0,1627.2492598131091,1637.1335644494318,0.5460546186307074,0.0012129545211791992,9.884304636322668,4.368436949045645,5.515867687277023,0.44195693169882583
1500217,15,217,S,0.9384765625,115,SS,0.0,1637.1335644494318,1642.1207166064826,0.5128523665042601,0.0011093616485595703,4.987152157050787,4.102818932033188,0.884333225017599,0.8226777132180864
1500218,15,218,S,1.01953125,138,SS,0.0,1642.1207166064826,1653.3676694645046,0.541579870817611,0.001188039779663086,11.246952858022041,4.332638966541708,6.914313891480333,0.3852278053652012
1500219,15,219,S,1.0126953125,112,SS,0.0,1653.3676694645046,1657.4559691627665,0.5110374622828241,0.0012129545211791992,4.088299698261835,4.088299698261835,0.0,1.0
1500220,15,220,S,1.0126953125,117,SS,0.0,1657.4559691627665,1669.8159030026982,0.516392969304805,0.0012063980102539062,12.359933839931728,4.131143754439108,8.22879008549262,0.33423672067664784
1500221,15,221,S,1.017578125,135,SS,0.0,1669.8159030026982,1674.1163689466848,0.5375582429983845,0.0011893510818481445,4.300465943986637,4.300465943986637,0.0,1.0
1500222,15,222,S,0.9453125,118,SS,0.0,1674.1163689466848,1683.6974599150997,0.5161613507178908,0.0011146068572998047,9.581090968414856,4.129290805743949,5.4518001626709065,0.4309833628922448
1500223,15,223,S,0.9921875,132,SS,0.0,1683.6974599150997,1689.135801087985,0.5330316551843305,0.0011591911315917969,5.43834117288543,4.2642532414738525,1.1740879314115773,0.7841091807065427
1500224,15,224,S,1.0380859375,122,SS,0.0,1689.135801087985,1697.4820794733407,0.5222559963229081,0.0012339353561401367,8.346278385355618,4.178047970583066,4.168230414772552,0.5005881397287048
1500225,15,225,S,1.01171875,112,SS,0.0,1697.4820794733407,1704.4610112420598,0.5110195422829152,0.0012116432189941406,6.9789317687191215,4.088156338262706,2.890775430456415,0.5857854000789331
1500226,15,226,S,0.9765625,130,SS,0.0,1704.4610112420598,1710.9000233744837,0.530055529973911,0.0011408329010009766,6.439012132423841,4.240444239791032,2.198567892632809,0.6585550939464994
1500227,15,227,S,1.04296875,125,SS,0.0,1710.9000233744837,1718.3214606428364,0.5255817805348111,0.001236557960510254,7.421437268352747,4.204654244278572,3.216783024074175,0.5665552496426116
1500228,15,228,S,1.0078125,114,SS,0.0,1718.3214606428364,1723.5710862656447,0.51308846509213,0.001203775405883789,5.249625622808253,4.104707720736769,1.1449179020714837,0.7819048472528947
1500229,15,229,S,0.9375,125,SS,0.0,1723.5710862656447,1731.595474213661,0.523421780552801,0.0010949373245239258,8.024387948016283,4.187374244422244,3.837013703594039,0.5218309821944002
1500230,15,230,S,0.9580078125,115,SS,0.0,1731.595474213661,1738.6865026935984,0.5132203665020898,0.0011355876922607422,7.0910284799374494,4.10576293201666,2.9852655479207897,0.5790081006772204
1500231,15,231,S,1.0234375,144,SS,0.0,1738.6865026935984,1746.805460330229,0.5496288864557399,0.0011854171752929688,8.118957636630512,4.397031091646568,3.721926544983944,0.5415758140932241
1500232,15,232,S,1.037109375,118,SS,0.0,1746.805460330229,1753.1057985381228,0.517936070706053,0.0012378692626953125,6.300338207893901,4.143488565649022,2.156849642244879,0.6576612919696135
1500233,15,233,S,1.02734375,135,SS,0.0,1753.1057985381228,1759.1534567330702,0.537774242995914,0.0012024641036987305,6.047658194947417,4.302193943967723,1.745464250979694,0.7113817952810293
1500234,15,234,S,0.98828125,136,SS,0.0,1759.1534567330702,1766.1935914475534,0.5382312656126579,0.0011487007141113281,7.040134714483202,4.3058501249015535,2.734284589581648,0.6116147345935603
1500235,15,235,S,1.0576171875,125,SS,0.0,1766.1935914475534,1773.194819154527,0.5258817805323125,0.0012562274932861328,7.001227706973623,4.207054244257961,2.794173462715662,0.6009023588916405
1500236,15,236,S,1.0478515625,144,SS,0.0,1773.194819154527,1781.1764146598746,0.5502048864475366,0.0012181997299194336,7.981595505347514,4.401639091580364,3.5799564137671496,0.5514735855295287
1500237,15,237,S,1.025390625,128,SS,0.0,1781.1764146598746,1786.3673815959792,0.5284413247507717,0.0012090206146240234,5.190966936104587,4.227530598005615,0.9634363380989726,0.8144013726232755
1500238,15,238,S,0.974609375,133,SS,0.0,1786.3673815959792,1796.2886595053503,0.5339702777952788,0.0011342763900756836,9.921277909371156,4.271762222362668,5.649515687008488,0.43056572564384765
1500239,15,239,S,1.01953125,120,SS,0.0,1796.2886595053503,1800.4465848934858,0.5197406735170309,0.0012116432189941406,4.157925388135482,4.157925388135482,0.0,1.0
1500240,15,240,S,0.939453125,113,SS,0.0,1800.4465848934858,1807.6238308751226,0.5107525636944883,0.001113295555114746,7.1772459816368155,4.086020509555965,3.0912254720808505,0.5693020024686576
1500241,15,241,S,1.0244140625,139,SS,0.0,1807.6238308751226,1816.172416893554,0.5430172134227691,0.0011932849884033203,8.548586018431479,4.344137707381378,4.2044483110501005,0.5081703217368402
1500242,15,242,S,0.9443359375,136,SS,0.0,1816.172416893554,1822.1668848606562,0.5372520656241808,0.0010896921157836914,5.994467967102082,4.298016524993727,1.696451442108355,0.716997162814355
1500243,15,243,S,0.9990234375,131,SS,0.0,1822.1668848606562,1831.60878828853,0.5318567125760276,0.0011696815490722656,9.44190342787374,4.254853700607782,5.187049727265958,0.4506351640969865
1500244,15,244,S,1.0087890625,144,SS,0.0,1831.60878828853,1837.1153509855296,0.5492832864606619,0.0011657476425170898,5.506562696999708,4.394266291685199,1.1122964053145097,0.7980053135651115
1500245,15,245,S,1.0400390625,144,SS,0.0,1837.1153509855296,1847.6849671610055,0.5500205664501616,0.0012077093124389648,10.569616175475858,4.400164531602059,6.169451643873799,0.4163031522196176
1500246,15,246,S,0.990234375,119,SS,0.0,1847.6849671610055,1851.8297451779383,0.5180972521166276,0.0011736154556274414,4.1447780169328325,4.1447780169328325,0.0,1.0
1500247,15,247,S,1.0234375,125,SS,0.0,1851.8297451779383,1860.53086574638,0.5251817805381426,0.001210331916809082,8.701120568441638,4.201454244304841,4.499666324136797,0.48286358190957895
1500248,15,248,S,0.9833984375,117,SS,0.0,1860.53086574638,1867.3903738833374,0.515831369308409,0.0011670589447021484,6.859508136957402,4.12665095446755,2.7328571824898518,0.6015957517761564
1500249,15,249,S,0.9501953125,138,SS,0.0,1867.3903738833374,1873.688290531773,0.5400121908370707,0.0010949373245239258,6.297916648435603,4.320097526697282,1.977819121738321,0.6859566056293219
1500250,15,250,S,0.994140625,128,SS,0.0,1873.688290531773,1882.5773676289264,0.5277859647566593,0.0011670589447021484,8.889077097153404,4.222287718053849,4.666789379099555,0.4749973109588592
1500251,15,251,S,0.9443359375,126,SS,0.0,1882.5773676289264,1887.860264786941,0.5246216819564375,0.0011028051376342773,5.282897158014521,4.1969734556514595,1.0859237023630612,0.7944454207828673
1500252,15,252,S,1.015625,140,SS,0.0,1887.860264786941,1898.2515835365227,0.5441425560319266,0.0011801719665527344,10.391318749581842,4.353140448254635,6.038178301327207,0.4189208851311399
1500253,15,253,S,0.984375,143,SS,0.0,1898.2515835365227,1902.6306787674182,0.5473869038619674,0.0011342763900756836,4.379095230895473,4.379095230895473,0.0,1.0
1500254,15,254,S,0.9443359375,132,SS,0.0,1902.6306787674182,1910.6942391522239,0.5319967751951118,0.0010949373245239258,8.063560384805669,4.255974201560093,3.8075861832455757,0.5278033521742718
1500255,15,255,S,1.03125,133,SS,0.0,1910.6942391522239,1917.9928201380096,0.535204517781995,0.001210331916809082,7.2985809857857475,4.281636142255593,3.0169448435301547,0.5866395331632595
1500256,15,256,S,0.978515625,144,SS,0.0,1917.9928201380096,1925.7437229786594,0.5485690464708342,0.0011250972747802734,7.750902840649815,4.388552371767219,3.362350468882596,0.5661988625055832
1500257,15,257,S,1.0146484375,126,SS,0.0,1925.7437229786594,1933.3400913856553,0.5260732019440263,0.001197218894958496,7.596368406995907,4.208585615551783,3.387782791444124,0.5540260016451899
1500258,15,258,S,1.0341796875,136,SS,0.0,1933.3400913856553,1937.9940409123421,0.5392539856006231,0.001210331916809082,4.653949526686802,4.314031884805445,0.33991764188135676,0.9269614679032955
1500259,15,259,S,1.017578125,134,SS,0.0,1937.9940409123421,1948.7501993671178,0.536232420391793,0.0011906623840332031,10.756158454775687,4.289859363134383,6.466299091641304,0.39882820443480027
1500260,15,260,S,1.037109375,143,SS,0.0,1948.7501993671178,1953.1391787578762,0.5486224238447346,0.0012050867080688477,4.3889793907583226,4.3889793907583226,0.0,1.0
1500261,15,261,S,1.0390625,142,SS,0.0,1953.1391787578762,1961.813065043271,0.547338841237703,0.0012090206146240234,8.673886285394929,4.378710729901286,4.295175555493643,0.5048153256602118
1500262,15,262,S,0.9716796875,121,SS,0.0,1961.813065043271,1968.7231109236286,0.5198642549284107,0.001146078109741211,6.910045880357529,4.158914039428055,2.7511318409294745,0.6018648951738755
1500263,15,263,S,1.0439453125,142,SS,0.0,1968.7231109236286,1973.8993434949828,0.5474524412361524,0.0012155771255493164,5.176232571354149,4.379619529889169,0.7966130414649797,0.8461017679395773
1500264,15,264,S,1.015625,112,SS,0.0,1973.8993434949828,1984.4669815127777,0.5110912222825508,0.001216888427734375,10.567638017794934,4.08872977826104,6.478908239533894,0.3869104686757811
1500265,15,265,S,1.0537109375,133,SS,0.0,1984.4669815127777,1988.7525331749907,0.5356939577767271,0.0012404918670654297,4.285551662213038,4.285551662213038,0.0,1.0
1500266,15,266,S,1.01953125,133,SS,0.0,1988.7525331749907,2000.4918459319651,0.5349491577847433,0.001194596290588379,11.739312756974414,4.279593262277558,7.459719494696856,0.3645522826483194
1500267,15,267,S,0.966796875,144,SS,0.0,2000.4918459319651,2004.878186463764,0.5482925664747718,0.0011093616485595703,4.386340531798851,4.386340531798851,0.0,1.0
1500268,15,268,S,1.046875,117,SS,0.0,2004.878186463764,2013.8588338561146,0.5170481693006006,0.001252293586730957,8.980647392350647,4.1363853544044105,4.844262037946237,0.46058877202189413
1500269,15,269,S,1.03125,116,SS,0.0,2013.8588338561146,2020.817685039419,0.5156745078982367,0.0012326240539550781,6.958851183304432,4.12539606318569,2.8334551201187423,0.5928271713991062
1500270,15,270,S,1.0068359375,134,SS,0.0,2020.817685039419,2025.8734026243658,0.5359965803944114,0.0011762380599975586,5.055717584946706,4.287972643154717,0.7677449417919888,0.8481432301365224
1500271,15,271,S,0.9921875,112,SS,0.0,2025.8734026243658,2036.968875270165,0.5106611422847372,0.0011854171752929688,11.095472645799191,4.085289138278313,7.010183507520878,0.36819424180411336
1500272,15,272,S,0.990234375,118,SS,0.0,2036.968875270165,2041.9381362964466,0.5170298307120978,0.0011749267578125,4.969261026281629,4.1362386456967215,0.8330223805849073,0.8323649379295665
1500273,15,273,S,0.9501953125,124,SS,0.0,2041.9381362964466,2052.881552315845,0.5226209191458677,0.001113295555114746,10.943416019398455,4.180967353167034,6.762448666231421,0.3820532222987586
1500274,15,274,S,0.9443359375,116,SS,0.0,2052.881552315845,2056.9937336591106,0.5140226679084116,0.0011159181594848633,4.112181343265547,4.112181343265547,0.0,1.0
1500275,15,275,S,0.955078125,120,SS,0.0,2056.9937336591106,2068.701195095106,0.5184734735261091,0.0011250972747802734,11.707461435995356,4.1477877882098255,7.55967364778553,0.35428583821401116
1500276,15,276,S,1.052734375,113,SS,0.0,2068.701195095106,2072.803993844573,0.512849843683247,0.001265406608581543,4.102798749467183,4.102798749467183,0.0,1.0
1500277,15,277,S,1.0322265625,117,SS,0.0,2072.803993844573,2078.7285998809352,0.5167673693024026,0.0012326240539550781,5.924606036362093,4.134138954417722,1.7904670819443709,0.6977913685812301
1500278,15,278,S,1.0224609375,112,SS,0.0,2078.7285998809352,2088.562830386503,0.5112166622819131,0.0012260675430297852,9.834230505567575,4.0897332982567605,5.744497207310815,0.41586713835326405
1500279,15,279,S,0.998046875,137,SS,0.0,2088.562830386503,2093.7987861242377,0.5397714882168692,0.0011605024337768555,5.235955737734912,4.318171905735653,0.9177838319992588,0.8247151278638779
1500280,15,280,S,1.0087890625,124,SS,0.0,2093.7987861242377,2104.499808022919,0.5238113191362216,0.0011919736862182617,10.70102189868112,4.190490553090058,6.510531345591062,0.39159723181264844
1500281,15,281,S,0.9892578125,144,SS,0.0,2104.499808022919,2108.8903879146555,0.5488224864672246,0.001139521598815918,4.3905798917367065,4.3905798917367065,0.0,1.0
1500282,15,282,S,1.0029296875,121,SS,0.0,2108.8903879146555,2120.856141375102,0.5204837749238235,0.001188039779663086,11.96575346044665,4.163870199390658,7.801883261055991,0.34798228236562984
1500283,15,283,S,1.013671875,128,SS,0.0,2120.856141375102,2125.081705893125,0.5281955647529796,0.0011932849884033203,4.22556451802302,4.22556451802302,0.0,1.0
1500284,15,284,S,0.9599609375,126,SS,0.0,2125.081705893125,2137.103082017229,0.5249442419536795,0.0011237859725952148,12.021376124103881,4.199553935628501,7.82182218847538,0.3493405324210793
1500285,15,285,S,0.9912109375,134,SS,0.0,2137.103082017229,2141.388310340413,0.5356535403982202,0.001155257225036621,4.285228323184128,4.285228323184128,0.0,1.0
1500286,15,286,S,1.0107421875,114,SS,0.0,2141.388310340413,2152.2658882248397,0.5131431850918219,0.0012077093124389648,10.8775778844265,4.105145480734791,6.77243240369171,0.37739518156998486
1500287,15,287,S,1.0146484375,132,SS,0.0,2152.2658882248397,2157.126213755522,0.5335174151792699,0.0011893510818481445,4.860325530682076,4.268139321433409,0.5921862092486663,0.878159146849252
1500288,15,288,S,0.9853515625,131,SS,0.0,2157.126213755522,2166.3917134602643,0.5315632725789818,0.0011513233184814453,9.265499704742524,4.252506180633645,5.012993524108879,0.4589613421990624
1500289,15,289,S,1.0400390625,138,SS,0.0,2166.3917134602643,2173.692538000635,0.5420435508118554,0.0012155771255493164,7.300824540370741,4.336348406493926,2.964476133876815,0.5939532422010135
1500290,15,290,S,1.03125,122,SS,0.0,2173.692538000635,2183.192532239825,0.5221193563239521,0.0012247562408447266,9.499994239190073,4.176954850590846,5.323039388599227,0.4396797245791756
1500291,15,291,S,1.01171875,136,SS,0.0,2183.192532239825,2190.2578997026394,0.5387535056065125,0.0011801719665527344,7.065367462814265,4.3100280448525154,2.75533941796175,0.6100217812501082
1500292,15,292,S,0.9716796875,135,SS,0.0,2190.2578997026394,2196.7333729056663,0.536543043009996,0.0011277198791503906,6.475473203026922,4.292344344081357,2.1831288589455653,0.6628618804375448
1500293,15,293,S,1.0048828125,129,SS,0.0,2196.7333729056663,2207.085066892919,0.5293349873613441,0.0011801719665527344,10.351693987252474,4.234679898891045,6.1170140883614295,0.4090808619445101
1500294,15,294,S,1.0107421875,137,SS,0.0,2207.085066892919,2213.6927409274326,0.5400564482134232,0.0011775493621826172,6.6076740345138205,4.3204515857069055,2.287222448806915,0.6538536197669436
1500295,15,295,S,1.029296875,129,SS,0.0,2213.6927409274326,2223.8387331523813,0.5298509873565191,0.0012129545211791992,10.145992224948714,4.238807898851519,5.907184326097195,0.4177815047431643
1500296,15,296,S,0.974609375,136,SS,0.0,2223.8387331523813,2228.506721947973,0.5379266256162428,0.0011303424835205078,4.667988795591555,4.303413004930917,0.3645757906606377,0.9218987434149493
1500297,15,297,S,1.001953125,130,SS,0.0,2228.506721947973,2240.8456722835563,0.5305963299686588,0.0011749267578125,12.338950335583377,4.244770639750641,8.094179695832736,0.3440139172543279
1500298,15,298,S,0.9755859375,134,SS,0.0,2240.8456722835563,2245.1281562867716,0.5353105004020289,0.0011342763900756836,4.282484003215359,4.282484003215359,0.0,1.0
1500299,15,299,S,1.0302734375,126,SS,0.0,2245.1281562867716,2257.9539051062297,0.5263957619412682,0.0012181997299194336,12.825748819458113,4.211166095530643,8.61458272392747,0.3283368600780508
1500300,15,300,S,0.9736328125,116,SS,0.0,2257.9539051062297,2262.070540849471,0.5145794679049819,0.001155257225036621,4.116635743241204,4.116635743241204,0.0,1.0
1500301,15,301,S,1.0146484375,143,SS,0.0,2262.070540849471,2275.0416843700564,0.5480961838520746,0.0011749267578125,12.971143520585429,4.384769470816536,8.586374049768892,0.33804031725173894
1500302,15,302,S,0.9521484375,118,SS,0.0,2275.0416843700564,2279.1720324557914,0.5162935107170094,0.0011237859725952148,4.130348085735022,4.130348085735022,0.0,1.0
1500303,15,303,S,1.052734375,128,SS,0.0,2279.1720324557914,2292.0673820345905,0.5290147647456199,0.001245737075805664,12.895349578799141,4.232118117965001,8.66323146083414,0.328189483511397
1500304,15,304,S,1.0048828125,127,SS,0.0,2292.0673820345905,2296.282913421393,0.5269414233501928,0.0011827945709228516,4.215531386802468,4.215531386802468,0.0,1.0
1500305,15,305,S,0.9990234375,128,SS,0.0,2296.282913421393,2308.7381485453875,0.5278883647557393,0.0011736154556274414,12.455235123994498,4.223106918045232,8.232128205949266,0.33906280178602094
1500306,15,306,S,0.974609375,115,SS,0.0,2308.7381485453875,2312.8464138773884,0.5135331665002448,0.0011578798294067383,4.108265332000883,4.108265332000883,0.0,1.0
1500307,15,307,S,1.03125,130,SS,0.0,2312.8464138773884,2324.013028178285,0.5312203299625985,0.0012142658233642578,11.166614300896526,4.2497626397016575,6.916851661194869,0.380577543486969
1500308,15,308,S,0.99609375,117,SS,0.0,2324.013028178285,2329.472848176214,0.5160747293068473,0.0011841058731079102,5.459819997929117,4.128597834453103,1.3312221634760135,0.7561783787778829
1500309,15,309,S,1.0341796875,144,SS,0.0,2329.472848176214,2339.2447974937754,0.5498823264521304,0.0011998414993286133,9.771949317561393,4.399058611616056,5.372890705945338,0.45017206584467306
1500310,15,310,S,1.0029296875,124,SS,0.0,2339.2447974937754,2346.043646751511,0.5236922791371863,0.0011841058731079102,6.798849257735583,4.189538233098574,2.609311024637009,0.6162128434207904
1500311,15,311,S,0.943359375,120,SS,0.0,2346.043646751511,2352.365454864305,0.5182430735277596,0.0011093616485595703,6.32180811279386,4.1459445882210275,2.175863524572833,0.6558162655760787
1500312,15,312,S,1.0380859375,118,SS,0.0,2352.365454864305,2362.4115950278374,0.517954950705927,0.001239180564880371,10.046140163532527,4.1436396056487865,5.902500557883741,0.41246085941446364
1500313,15,313,S,1.0478515625,120,SS,0.0,2362.4115950278374,2367.481266614118,0.5202974735130422,0.0012496709823608398,5.069671586280492,4.162379788103863,0.9072917981766295,0.8210353900177803
1500314,15,314,S,1.048828125,139,SS,0.0,2367.481266614118,2378.7881367747605,0.543573213415692,0.0012260675430297852,11.306870160642575,4.348585707324673,6.958284453317901,0.38459676688084843
1500315,15,315,S,1.05078125,137,SS,0.0,2378.7881367747605,2384.114852097366,0.5409551682025552,0.0012313127517700195,5.326715322605651,4.327641345618758,0.9990739769868924,0.8124408915289697
1500316,15,316,S,1.0439453125,132,SS,0.0,2384.114852097366,2394.8918874105884,0.534151015172669,0.0012286901473999023,10.777035313222314,4.2732081213798665,6.503827191842447,0.39651054275910924
1500317,15,317,S,0.9873046875,133,SS,0.0,2394.8918874105884,2399.165862752926,0.5342469177923015,0.0011513233184814453,4.273975342337508,4.273975342337508,0.0,1.0
1500318,15,318,S,1.0166015625,112,SS,0.0,2399.165862752926,2409.4305467031368,0.5111091422824597,0.0012181997299194336,10.264683950210838,4.08887313825835,6.175810811952488,0.39834379295958394
1500319,15,319,S,0.9677734375,134,SS,0.0,2409.4305467031368,2415.103871743145,0.5351389804039332,0.0011237859725952148,5.673325040008422,4.281111843232793,1.3922131967756286,0.754603660647379
1500320,15,320,S,1.056640625,113,SS,0.0,2415.103871743145,2421.0578951691987,0.5129221636828595,0.0012706518173217773,5.954023426053482,4.103377309464122,1.8506461165893597,0.6891772194762714
1500321,15,321,S,1.0068359375,132,SS,0.0,2421.0578951691987,2430.6691563729587,0.5333484551810302,0.0011788606643676758,9.611261203760023,4.2667876414489,5.344473562311123,0.44393629004481633
1500322,15,322,S,1.052734375,140,SS,0.0,2430.6691563729587,2435.7979963179737,0.5449937560208269,0.001230001449584961,5.128839945014988,4.359950048165047,0.7688898968499416,0.8500850279803975
1500323,15,323,S,1.03515625,125,SS,0.0,2435.7979963179737,2446.528026765188,0.5254217805361436,0.0012260675430297852,10.730030447214176,4.203374244290899,6.526656202923277,0.3917392653235402
1500324,15,324,S,0.9677734375,132,SS,0.0,2446.528026765188,2451.864215837637,0.5325036551898311,0.001126408576965332,5.336189072449088,4.260029241519078,1.0761598309300098,0.7983280171824764
1500325,15,325,S,0.9375,112,SS,0.0,2451.864215837637,2457.9492889381363,0.509657622289839,0.0011119842529296875,6.085073100499358,4.077260978319828,2.00781212217953,0.6700430563414655
1500326,15,326,S,1.0185546875,140,SS,0.0,2457.9492889381363,2467.623863760423,0.5442097560310504,0.0011841058731079102,9.674574822286559,4.3536780482500035,5.320896774036555,0.4500123393764837
1500327,15,327,S,1.052734375,127,SS,0.0,2467.623863760423,2471.976432642337,0.5279371033414617,0.0012470483779907227,4.352568881914067,4.223496826733026,0.12907205518104092,0.9703457754069407
1500328,15,328,S,1.013671875,132,SS,0.0,2471.976432642337,2482.681672146945,0.5334962951794899,0.001188039779663086,10.705239504608016,4.267970361437619,6.437269143170397,0.3986805115009798
1500329,15,329,S,1.0498046875,143,SS,0.0,2482.681672146945,2488.179231784296,0.548919863840586,0.0012221336364746094,5.49755963735106,4.391358910725103,1.106200726625957,0.7987833148529575
1500330,15,330,S,1.001953125,131,SS,0.0,2488.179231784296,2498.846556672666,0.5319195925753946,0.0011736154556274414,10.667324888369876,4.25535674060302,6.411968147766856,0.39891507806633425
1500331,15,331,S,0.9423828125,125,SS,0.0,2498.846556672666,2504.086229091741,0.5235217805519681,0.0011014938354492188,5.239672419075305,4.188174244416587,1.0514981746587182,0.7993198638085306
1500332,15,332,S,1.0126953125,139,SS,0.0,2504.086229091741,2515.443033898601,0.5427503334261663,0.0011775493621826172,11.3568048068596,4.34200266741027,7.01480213944933,0.38232608037673294
1500333,15,333,S,1.0595703125,117,SS,0.0,2515.443033898601,2520.442874010102,0.517291529299039,0.0012693405151367188,4.999840111501271,4.1383322343936015,0.8615078771076696,0.8276929145942249
1500334,15,334,S,1.0068359375,123,SS,0.0,2520.442874010102,2525.5936792757666,0.5227014977321122,0.0011906623840332031,5.1508052656645305,4.1816119818577135,0.9691932838068169,0.8118365510209642
1500335,15,335,S,1.0166015625,116,SS,0.0,2525.5936792757666,2536.55038530944,0.5153961078999516,0.0012129545211791992,10.956706033673527,4.12316886319968,6.833537170473846,0.3763146378599407
1500336,15,336,S,1.04296875,134,SS,0.0,2536.55038530944,2540.8447041925233,0.536789860385604,0.0012247562408447266,4.294318883083179,4.294318883083179,0.0,1.0
1500337,15,337,S,0.9619140625,142,SS,0.0,2540.8447041925233,2551.736920607133,0.5455439612622023,0.0011054277420043945,10.89221641460972,4.364351690099284,6.527864724510437,0.4006853631961795
1500338,15,338,S,1.01171875,141,SS,0.0,2551.736920607133,2557.144243554837,0.5453778186397407,0.0011736154556274414,5.40732294770396,4.363022549117886,1.0443003985860742,0.8068729371842861
1500339,15,339,S,0.96875,123,SS,0.0,2557.144243554837,2567.24648924595,0.5219339777381558,0.001139521598815918,9.595371488133424,3.66859761892556,5.926773869207864,0.38232992057290405
1600207,16,207,S,1.0234375,135,SS,0.0,1559.5701484560357,1569.528442545414,0.5376878429969022,0.001197218894958496,2.7888275024436098,2.7888275024436098,0.0,1.0
1600208,16,208,S,0.978515625,125,SS,0.0,1569.528442545414,1574.8086834200758,0.5242617805458049,0.0011500120162963867,5.280240874661786,4.194094244367079,1.0861466302947065,0.7942997950137498
1600209,16,209,S,0.96875,114,SS,0.0,1574.8086834200758,1585.5517513093282,0.5123588650962385,0.0011513233184814453,10.743067889252416,4.098870920770423,6.644196968481992,0.38153635097763994
1600210,16,210,S,1.046875,120,SS,0.0,1585.5517513093282,1589.713977497434,0.5202782735131797,0.0012483596801757812,4.162226188105706,4.162226188105706,0.0,1.0
1600211,16,211,S,1.0224609375,139,SS,0.0,1589.713977497434,1601.7826961848812,0.5429727334233354,0.0011906623840332031,12.068718687447245,4.343781867386497,7.724936820060748,0.35992071568496276
1600212,16,212,S,1.0498046875,119,SS,0.0,1601.7826961848812,1605.9367657217506,0.5192586921085915,0.0012536048889160156,4.154069536869429,4.154069536869429,0.0,1.0
1600213,16,213,S,1.0234375,137,SS,0.0,1605.9367657217506,1618.2064226563436,0.5403414082099773,0.001194596290588379,12.269656934593058,4.322731265679977,7.946925668913082,0.3523106871466367
1600214,16,214,S,1.0478515625,137,SS,0.0,1618.2064226563436,1622.5335379219707,0.5408894082033505,0.0012273788452148438,4.3271152656270715,4.3271152656270715,0.0,1.0
1600215,16,215,S,0.990234375,136,SS,0.0,1622.5335379219707,1634.883760130512,0.5382747856121458,0.0011513233184814453,12.350222208541254,4.306198284897619,8.044023923643635,0.3486737495232683
1600216,16,216,S,0.94921875,144,SS,0.0,1634.883760130512,1639.2667829023583,0.5478778464806782,0.0010857582092285156,4.383022771846299,4.383022771846299,0.0,1.0
1600217,16,217,S,0.994140625,144,SS,0.0,1639.2667829023583,1651.2800426357487,0.5489376864655839,0.001146078109741211,12.013259733390441,4.3915014917238295,7.621758241666612,0.3655545280118936
1600218,16,218,S,1.0517578125,122,SS,0.0,1651.2800426357487,1655.4602768463144,0.52252927632082,0.001252293586730957,4.180234210565686,4.180234210565686,0.0,1.0
1600219,16,219,S,0.978515625,136,SS,0.0,1655.4602768463144,1666.4599109198246,0.5380136656152187,0.0011355876922607422,10.999634073510151,4.304109324921228,6.695524748588923,0.39129568276153764
1600220,16,220,S,1.005859375,130,SS,0.0,1666.4599109198246,1672.0816904408966,0.5306795299678507,0.0011801719665527344,5.621779521072085,4.245436239742048,1.376343281330037,0.7551765813349497
1600221,16,221,S,1.060546875,129,SS,0.0,1672.0816904408966,1681.5244600745123,0.530511467350343,0.0012549161911010742,9.442769633615626,4.244091738803036,5.19867789481259,0.44945412241069127
1600222,16,222,S,1.041015625,138,SS,0.0,1681.5244600745123,1688.3035113526023,0.5420656308115814,0.001216888427734375,6.779051278090037,4.33652504649217,2.442526231597867,0.6396949762731348
1600223,16,223,S,0.939453125,137,SS,0.0,1688.3035113526023,1696.3273152238125,0.5384562882327735,0.0010818243026733398,8.023803871210248,4.307650305861898,3.7161535653483497,0.5368588732979793
1600224,16,224,S,0.9599609375,134,SS,0.0,1696.3273152238125,1703.9953930455843,0.5349674604058376,0.001113295555114746,7.668077821771703,4.279739683246589,3.388338138525114,0.5581241847983435
1600225,16,225,S,1.01953125,133,SS,0.0,1703.9953930455843,1709.1111539607982,0.5349491577847433,0.001194596290588379,5.1157609152139685,4.279593262277558,0.8361676529364104,0.8365506780331158
1600226,16,226,S,0.9384765625,127,SS,0.0,1709.1111539607982,1718.1880241937165,0.5255596633623092,0.0010936260223388672,9.076870232918282,4.204477306899207,4.872392926019074,0.4632078237332513
1600227,16,227,S,1.0205078125,120,SS,0.0,1718.1880241937165,1723.2149944060088,0.5197598735168935,0.0012129545211791992,5.026970212292326,4.158078988135458,0.8688912241568687,0.8271540933279871
1600228,16,228,S,0.9736328125,126,SS,0.0,1723.2149944060088,1731.1585525688106,0.5252264819512662,0.0011421442031860352,7.943558162801764,4.201811855609776,3.7417463071919883,0.528958404973491
1600229,16,229,S,1.0126953125,116,SS,0.0,1731.1585525688106,1738.552841941169,0.515321867900409,0.0012077093124389648,7.394289372358344,4.12257494320329,3.271714429155054,0.5575349753844473
1600230,16,230,S,0.9580078125,133,SS,0.0,1738.552841941169,1746.6450431089984,0.5336085177991725,0.0011119842529296875,8.092201167829444,4.26886814239333,3.8233330254361135,0.5275286728367828
1600231,16,231,S,1.005859375,135,SS,0.0,1746.6450431089984,1753.1035397329194,0.5372990430013492,0.0011736154556274414,6.458496623921064,4.298392344011518,2.1601042799095467,0.6655406969001232
1600232,16,232,S,0.947265625,144,SS,0.0,1753.1035397329194,1759.215527057726,0.5478317664813344,0.0010831356048583984,6.111987324806478,4.382654131850359,1.729333192956119,0.7170587730217725
1600233,16,233,S,1.046875,136,SS,0.0,1759.215527057726,1766.254887691856,0.5395368655972942,0.0012273788452148438,7.039360634130162,4.316294924778049,2.723065709352113,0.6131657616532107
1600234,16,234,S,1.0244140625,132,SS,0.0,1766.254887691856,1773.5858177744387,0.5337286151770696,0.0012024641036987305,7.330930082582654,4.269828921416774,3.0611011611658796,0.5824402733783177
1600235,16,235,S,1.060546875,114,SS,0.0,1773.5858177744387,1781.3851441395414,0.5140734250865836,0.0012745857238769531,7.7993263651026155,4.112587400692064,3.6867389644105515,0.5273003344357362
1600236,16,236,S,1.037109375,122,SS,0.0,1781.3851441395414,1787.4590727108389,0.5222364763230574,0.0012326240539550781,6.073928571297529,4.177891810584697,1.896036760712832,0.6878401287640109
1600237,16,237,S,0.9443359375,130,SS,0.0,1787.4590727108389,1796.675110445179,0.5293691299805772,0.001097559928894043,9.216037734340034,4.234953039844186,4.9810846944958485,0.4595199327433584
1600238,16,238,S,1.0478515625,121,SS,0.0,1796.675110445179,1800.846105124517,0.5213743349172294,0.0012483596801757812,4.170994679338037,4.170994679338037,0.0,1.0
1600239,16,239,S,0.984375,131,SS,0.0,1800.846105124517,1809.502239177741,0.5315423125791928,0.0011500120162963867,8.65613405322415,4.252338500633414,4.403795552590736,0.4912514610433448
1600240,16,240,S,0.94140625,118,SS,0.0,1809.502239177741,1816.5436990960152,0.5160858307183945,0.0011093616485595703,7.041459918274086,4.128686645746711,2.9127732725273745,0.5863395792443399
1600241,16,241,S,0.9833984375,127,SS,0.0,1816.5436990960152,1822.7130262587054,0.5264943833541128,0.0011539459228515625,6.1693271626902515,4.211955066832161,1.9573720958580907,0.6827251912176852
1600242,16,242,S,1.0517578125,112,SS,0.0,1822.7130262587054,1832.065250930777,0.5117542622791801,0.001265406608581543,9.352224672071543,4.0940340982342605,5.2581905738372825,0.43776045184844997
1600243,16,243,S,0.98828125,118,SS,0.0,1832.065250930777,1837.1250214397032,0.5169920707123496,0.0011723041534423828,5.059770508926249,4.135936565699012,0.9238339432272369,0.8174158409759009
1600244,16,244,S,1.001953125,140,SS,0.0,1837.1250214397032,1847.7231631295556,0.5438289560360159,0.001161813735961914,10.598141689852355,4.3506316482889815,6.247510041563373,0.4105089152048873
1600245,16,245,S,1.0068359375,134,SS,0.0,1847.7231631295556,1852.0111357727103,0.5359965803944114,0.0011762380599975586,4.287972643154717,4.287972643154717,0.0,1.0
1600246,16,246,S,1.03125,113,SS,0.0,1852.0111357727103,1860.5726862204256,0.5124520836853791,0.001236557960510254,8.561550447715263,4.099616669482202,4.46193377823306,0.4788404500467818
1600247,16,247,S,1.009765625,135,SS,0.0,1860.5726862204256,1867.604089999889,0.537385443000361,0.0011788606643676758,7.031403779463517,4.299083544003224,2.7323202354602927,0.6114118430461174
1600248,16,248,S,1.01953125,121,SS,0.0,1867.604089999889,1873.7762359054718,0.5208128949213865,0.001210331916809082,6.172145905582738,4.166503159371132,2.005642746211606,0.6750493625891941
1600249,16,249,S,0.9453125,137,SS,0.0,1873.7762359054718,1883.3415508561789,0.538587808231183,0.0010896921157836914,9.565314950707034,4.30870246584891,5.256612484858124,0.4504506634703571
1600250,16,250,S,0.9521484375,119,SS,0.0,1883.3415508561789,1888.4336228196569,0.5173546921217654,0.0011224746704101562,5.09207196347802,4.138837536973369,0.9532344265046504,0.8128002837859413
1600251,16,251,S,1.0498046875,124,SS,0.0,1888.4336228196569,1898.7462539808807,0.5246445991294695,0.0012470483779907227,10.312631161223862,4.1971567930359015,6.115474368187961,0.40699184596240323
1600252,16,252,S,1.01171875,141,SS,0.0,1898.7462539808807,1903.1092765299986,0.5453778186397407,0.0011736154556274414,4.363022549117886,4.363022549117886,0.0,1.0
1600253,16,253,S,0.9697265625,127,SS,0.0,1903.1092765299986,1914.9282172037044,0.5262099033566073,0.0011355876922607422,11.81894067370581,4.209679226853041,7.60926144685277,0.3561807562177315
1600254,16,254,S,0.98046875,133,SS,0.0,1914.9282172037044,1919.2010008660552,0.5340979577939047,0.0011421442031860352,4.272783662350776,4.272783662350776,0.0,1.0
1600255,16,255,S,0.970703125,112,SS,0.0,1919.2010008660552,1927.7872818702037,0.5102669022867414,0.0011565685272216797,8.586281004148532,4.082135218293843,4.504145785854689,0.47542529953556445
1600256,16,256,S,0.98828125,140,SS,0.0,1927.7872818702037,1934.8283160547494,0.5435153560401053,0.0011434555053710938,7.041034184545651,4.348122848321509,2.6929113362241424,0.6175403689794878
1600257,16,257,S,1.046875,124,SS,0.0,1934.8283160547494,1941.4049981645858,0.5245850791299518,0.0012431144714355469,6.5766821098363835,4.19668063304016,2.380001476796224,0.6381151715944144
1600258,16,258,S,1.0185546875,112,SS,0.0,1941.4049981645858,1950.1661787499397,0.5111449822822776,0.0012208223342895508,8.76118058535394,4.0891598582584265,4.672020727095514,0.46673616853581035
1600259,16,259,S,0.951171875,142,SS,0.0,1950.1661787499397,1954.5285310800646,0.5452940412656135,0.00109100341796875,4.36235233012485,4.36235233012485,0.0,1.0
1600260,16,260,S,1.0546875,140,SS,0.0,1954.5285310800646,1965.7367772740754,0.5450385560202428,0.0012326240539550781,11.208246194010826,4.360308448161959,6.847937745848867,0.3890268265602435
1600261,16,261,S,0.9775390625,117,SS,0.0,1965.7367772740754,1969.8625296685486,0.5157190493091298,0.0011591911315917969,4.125752394473238,4.125752394473238,0.0,1.0
1600262,16,262,S,0.9755859375,137,SS,0.0,1969.8625296685486,1977.2967214205842,0.5392673282229659,0.0011303424835205078,7.434191752035531,4.314138625783016,3.1200531262525146,0.5803103780046804
1600263,16,263,S,1.04296875,126,SS,0.0,1977.2967214205842,1985.603928634612,0.5266578419390273,0.0012352466583251953,8.307207214027812,4.213262735513126,4.093944478514686,0.507181610734168
1600264,16,264,S,0.962890625,144,SS,0.0,1985.603928634612,1990.9283381937523,0.5482004064760843,0.001104116439819336,5.324409559140349,4.385603251808789,0.9388063073315607,0.8236787953849412
1600265,16,265,S,0.943359375,122,SS,0.0,1990.9283381937523,2001.5732164912274,0.5203625563373763,0.0011067390441894531,10.644878297475088,4.162900450699453,6.481977846775635,0.39107074166238914
1600266,16,266,S,1.009765625,113,SS,0.0,2001.5732164912274,2005.6696510807283,0.512054323687511,0.0012077093124389648,4.096434589500859,4.096434589500859,0.0,1.0
1600267,16,267,S,0.9658203125,144,SS,0.0,2005.6696510807283,2016.043239627199,0.5482695264750999,0.0011080503463745117,10.373588546470728,4.386156211799971,5.987432334670757,0.42281956645487123
1600268,16,268,S,1.0,112,SS,0.0,2016.043239627199,2021.4323157097165,0.5108045022840084,0.0011959075927734375,5.389076082517477,4.086436018271343,1.302640064246134,0.7582813743394744
1600269,16,269,S,1.0302734375,112,SS,0.0,2021.4323157097165,2027.1246029017925,0.5113600222811843,0.001236557960510254,5.692287192076037,4.09088017824979,1.6014070138262468,0.7186707276373038
1600270,16,270,S,1.0361328125,124,SS,0.0,2027.1246029017925,2037.180781535314,0.5243668391317202,0.0012286901473999023,10.05617863352154,4.194934713053954,5.861243920467587,0.41714997972196355
1600271,16,271,S,0.9462890625,119,SS,0.0,2037.180781535314,2042.405502183021,0.5172404521225559,0.0011146068572998047,5.224720647707045,4.137923616979606,1.086797030727439,0.7919894470904587
1600272,16,272,S,1.029296875,120,SS,0.0,2042.405502183021,2052.9924423566713,0.5199326735156555,0.0012247562408447266,10.586940173650191,4.15946138812501,6.427478785525182,0.39288607660950825
1600273,16,273,S,0.958984375,120,SS,0.0,2052.9924423566713,2057.1408445448774,0.5185502735255587,0.0011303424835205078,4.1484021882060915,4.1484021882060915,0.0,1.0
1600274,16,274,S,1.0341796875,138,SS,0.0,2057.1408445448774,2068.7676106215085,0.5419110708134999,0.0012077093124389648,11.626766076631156,4.335288566508098,7.291477510123059,0.37287140189580925
1600275,16,275,S,1.02734375,140,SS,0.0,2068.7676106215085,2073.1229014697356,0.5444113560284214,0.0011959075927734375,4.355290848227014,4.355290848227014,0.0,1.0
1600276,16,276,S,1.01171875,116,SS,0.0,2073.1229014697356,2082.1841326756744,0.5153033079005234,0.0012063980102539062,9.061231205938839,4.1224264632037375,4.938804742735101,0.4549521328295707
1600277,16,277,S,1.03515625,117,SS,0.0,2082.1841326756744,2089.063432852339,0.5168235293020422,0.001236557960510254,6.879300176664401,4.134588234417606,2.744711942246795,0.6010187269400946
1600278,16,278,S,1.044921875,132,SS,0.0,2089.063432852339,2094.2261967542486,0.5341721351724491,0.001230001449584961,5.162763901909784,4.273377081379294,0.8893868205304898,0.8277304875007954
1600279,16,279,S,1.0322265625,123,SS,0.0,2094.2261967542486,2104.8158685981875,0.5232131777280832,0.0012247562408447266,10.589671843938959,4.1857054218235135,6.403966422115445,0.3952629962012674
1600280,16,280,S,0.96875,127,SS,0.0,2104.8158685981875,2110.0621538347104,0.5261895833567856,0.0011342763900756836,5.246285236522908,4.209516666855052,1.0367685696678564,0.8023804419839364
1600281,16,281,S,0.98046875,144,SS,0.0,2110.0621538347104,2121.33005681861,0.5486151264701778,0.0011277198791503906,11.267902983899603,4.388921011763159,6.878981972136444,0.38950646078816686
1600282,16,282,S,1.03125,131,SS,0.0,2121.33005681861,2125.590443959162,0.5325483925690639,0.0012129545211791992,4.260387140551757,4.260387140551757,0.0,1.0
1600283,16,283,S,1.0224609375,119,SS,0.0,2125.590443959162,2137.5883894146973,0.5187255721122801,0.001216888427734375,11.9979454555355,4.149804576896713,7.848140878638787,0.3458762662554125
1600284,16,284,S,0.998046875,116,SS,0.0,2137.5883894146973,2141.7087371579146,0.5150434679021237,0.001188039779663086,4.12034774321728,4.12034774321728,0.0,1.0
1600285,16,285,S,0.9375,135,SS,0.0,2141.7087371579146,2153.333738271922,0.5357870430186429,0.0010818243026733398,11.625001114007318,4.286296344147559,7.33870476985976,0.36871362867938734
1600286,16,286,S,1.0263671875,126,SS,0.0,2153.333738271922,2157.5442592474574,0.5263151219419577,0.0012129545211791992,4.2105209755354736,4.2105209755354736,0.0,1.0
1600287,16,287,S,0.962890625,112,SS,0.0,2157.5442592474574,2166.428443094902,0.5101235422874703,0.001146078109741211,8.884183847444547,4.080988338300813,4.803195509143734,0.45935433219053334
1600288,16,288,S,1.0009765625,137,SS,0.0,2166.428443094902,2173.7617777775754,0.5398372482160739,0.0011644363403320312,7.333334682673467,4.31869798572734,3.014636696946127,0.5889132533295071
1600289,16,289,S,0.9853515625,125,SS,0.0,2173.7617777775754,2183.1558886586827,0.5244017805446389,0.0011591911315917969,9.39411088110728,4.1952142443587945,5.198896636748486,0.44657917044559153
1600290,16,290,S,0.9501953125,115,SS,0.0,2183.1558886586827,2190.0195811298413,0.5130731665029579,0.0011250972747802734,6.863692471158629,4.104585332024726,2.759107139133903,0.5980141664668507
1600291,16,291,S,0.94140625,112,SS,0.0,2190.0195811298413,2196.543138130133,0.5097293022894746,0.0011172294616699219,6.523557000291476,4.077834418316343,2.445722581975133,0.6250937054944324
1600292,16,292,S,1.001953125,141,SS,0.0,2196.543138130133,2206.954924599607,0.5451522186427517,0.0011605024337768555,10.41178646947401,4.36121774914136,6.050568720332649,0.4188731455382684
1600293,16,293,S,1.03125,139,SS,0.0,2206.954924599607,2213.6097376016364,0.5431728934207876,0.0012024641036987305,6.654813002029641,4.345383147367102,2.3094298546625396,0.6529684825166101
1600294,16,294,S,1.0009765625,123,SS,0.0,2213.6097376016364,2223.72766123722,0.522583417733042,0.0011827945709228516,10.117923635583793,4.180667341865046,5.937256293718747,0.41319419798366824
1600295,16,295,S,1.0439453125,120,SS,0.0,2223.72766123722,2227.889426625328,0.5202206735135924,0.0012444257736206055,4.161765388107597,4.161765388107597,0.0,1.0
1600296,16,296,S,1.0517578125,114,SS,0.0,2227.889426625328,2240.4000322438515,0.5139092650875081,0.0012627840042114258,12.510605618523641,4.111274120699818,8.399331497823823,0.32862310954895113
1600297,16,297,S,0.970703125,131,SS,0.0,2240.4000322438515,2244.650023224509,0.531248872582147,0.0011316537857055664,4.249990980657458,4.249990980657458,0.0,1.0
1600298,16,298,S,0.9560546875,137,SS,0.0,2244.650023224509,2257.509819290651,0.5388289282282671,0.001104116439819336,12.85979606614228,4.310631425825704,8.549164640316576,0.33520216056729585
1600299,16,299,S,0.9990234375,115,SS,0.0,2257.509819290651,2261.621764622632,0.513993166497532,0.0011906623840332031,4.111945331980678,4.111945331980678,0.0,1.0
1600300,16,300,S,0.9716796875,115,SS,0.0,2261.621764622632,2274.446742236311,0.5134779665005704,0.0011539459228515625,12.824977613679039,4.107823732003453,8.717153881675586,0.320298705833379
1600301,16,301,S,1.0087890625,124,SS,0.0,2274.446742236311,2278.637232789401,0.5238113191362216,0.0011919736862182617,4.190490553090058,4.190490553090058,0.0,1.0
1600302,16,302,S,0.9501953125,126,SS,0.0,2278.637232789401,2291.5090164927656,0.5247426419554032,0.001110672950744629,12.8717837033646,4.197941135644214,8.673842567720385,0.3261351520805077
1600303,16,303,S,0.994140625,138,SS,0.0,2291.5090164927656,2295.837062819364,0.5410057908247372,0.0011539459228515625,4.328046326598269,4.328046326598269,0.0,1.0
1600304,16,304,S,0.998046875,140,SS,0.0,2295.837062819364,2308.630697792208,0.5437393560371844,0.0011565685272216797,12.793634972844302,4.349914848298795,8.443720124545507,0.3400061716261172
1600305,16,305,S,1.009765625,139,SS,0.0,2308.630697792208,2312.9721666996243,0.5426836134270157,0.0011736154556274414,4.341468907416129,4.341468907416129,0.0,1.0
1600306,16,306,S,0.994140625,120,SS,0.0,2312.9721666996243,2324.0869920670516,0.5192414735206072,0.0011775493621826172,11.11482536742733,4.15393178816521,6.96089357926212,0.3737289296814828
1600307,16,307,S,1.0546875,135,SS,0.0,2324.0869920670516,2329.3298923813,0.5383790429889966,0.001239180564880371,5.242900314248345,4.307032343913306,0.935867970335039,0.8214980422588464
1600308,16,308,S,0.9970703125,138,SS,0.0,2329.3298923813,2339.200432891736,0.541072030823915,0.0011578798294067383,9.870540510436058,4.328576246593002,5.541964263843056,0.4385348747635883
1600309,16,309,S,1.01171875,130,SS,0.0,2339.200432891736,2345.924828776535,0.5308043299666387,0.001188039779663086,6.724395884798923,4.246434639731888,2.4779612450670356,0.631496823280634
1600310,16,310,S,1.05859375,120,SS,0.0,2345.924828776535,2352.492404855152,0.5205086735115292,0.0012640953063964844,6.567576078617094,4.164069388090866,2.4035066905262283,0.6340344349642731
1600311,16,311,S,0.990234375,129,SS,0.0,2352.492404855152,2362.4864099817696,0.529025387364239,0.0011605024337768555,9.994005126617594,4.232203098912578,5.761802027705016,0.42347417729862014
1600312,16,312,S,0.94921875,127,SS,0.0,2362.4864099817696,2367.528464846472,0.5257831833603492,0.0011080503463745117,5.04205486470255,4.206265466884361,0.8357893978181892,0.834236353977577
1600313,16,313,S,1.0341796875,134,SS,0.0,2367.528464846472,2378.782831630406,0.5365969003877462,0.0012129545211791992,11.25436678393362,4.292775203102792,6.961591580830827,0.3814319619679557
1600314,16,314,S,1.0029296875,118,SS,0.0,2378.782831630406,2384.0354943090965,0.5172752707104608,0.0011919736862182617,5.25266267869074,4.138202165682742,1.114460513007998,0.78782941506425
1600315,16,315,S,0.9716796875,143,SS,0.0,2384.0354943090965,2394.9316403377316,0.547089463866116,0.0011172294616699219,10.89614602863503,4.376715710928693,6.5194303177063375,0.40167557404486876
1600316,16,316,S,1.0048828125,117,SS,0.0,2394.9316403377316,2399.061586012177,0.5162432093057662,0.0011959075927734375,4.12994567444548,4.12994567444548,0.0,1.0
1600317,16,317,S,0.99609375,143,SS,0.0,2399.061586012177,2407.818005396783,0.547661463858138,0.0011500120162963867,8.756419384606033,4.381291710866208,4.375127673739826,0.5003519724704608
1600318,16,318,S,1.0068359375,126,SS,0.0,2407.818005396783,2414.7027400694574,0.5259119219454053,0.0011867284774780273,6.884734672674313,4.2072953755632625,2.67743929711105,0.611104940944511
1600319,16,319,S,0.9833984375,121,SS,0.0,2414.7027400694574,2419.706586251086,0.5200965749266906,0.001161813735961914,5.0038461816284325,4.160772599414486,0.8430735822139468,0.8315148884253711
1600320,16,320,S,0.9892578125,126,SS,0.0,2419.706586251086,2430.225413978646,0.5255490419485082,0.0011631250381469727,10.518827727560165,4.204392335588636,6.314435391971529,0.3997016059662993
1600321,16,321,S,0.9638671875,133,SS,0.0,2430.225413978646,2435.3716208966484,0.5337361977977982,0.001119852066040039,5.146206918002463,4.269889582381438,0.8763173356210245,0.8297158762591743
1600322,16,322,S,1.0107421875,137,SS,0.0,2435.3716208966484,2446.148402653389,0.5400564482134232,0.0011775493621826172,10.776781756740547,4.3204515857069055,6.456330171033642,0.4009036912160344
1600323,16,323,S,1.0146484375,124,SS,0.0,2446.148402653389,2451.416165283636,0.5239303591352571,0.0011998414993286133,5.267762630247034,4.191442873081542,1.0763197571654928,0.7956780073981773
1600324,16,324,S,0.939453125,140,SS,0.0,2451.416165283636,2457.9505554194598,0.5423953560547103,0.001077890396118164,6.534390135823742,4.339162848438718,2.1952272873850234,0.6640501650873211
1600325,16,325,S,0.990234375,119,SS,0.0,2457.9505554194598,2467.500780459923,0.5180972521166276,0.0011736154556274414,9.550225040463374,4.1447780169328325,5.405447023530542,0.43399794239107575
1600326,16,326,S,1.013671875,125,SS,0.0,2467.500780459923,2471.700634704241,0.5249817805398084,0.001197218894958496,4.199854244317976,4.199854244317976,0.0,1.0
1600327,16,327,S,1.048828125,120,SS,0.0,2471.700634704241,2482.5407161362446,0.5203166735129046,0.0012509822845458984,10.840081432003444,4.16253338810202,6.6775480439014245,0.3839946603918369
1600328,16,328,S,1.0048828125,140,SS,0.0,2482.5407161362446,2487.682716146173,0.5438961560351397,0.0011657476425170898,5.142000009928324,4.351169248282531,0.7908307616457932,0.8462017191523077
1600329,16,329,S,1.0224609375,129,SS,0.0,2487.682716146173,2498.351894190643,0.5297065073578701,0.001203775405883789,10.6691780444703,4.237652058862295,6.431525985608005,0.3971863662973191
1600330,16,330,S,0.9814453125,114,SS,0.0,2498.351894190643,2503.5064156283834,0.5125959850949033,0.001168370246887207,5.154521437740186,4.100767880758212,1.0537535569819738,0.7955671404785244
1600331,16,331,S,0.939453125,127,SS,0.0,2503.5064156283834,2511.7103347027496,0.5255799833621311,0.0010949373245239258,8.20391907436624,4.204639866897196,3.999279207469044,0.5125160095782646
1600332,16,332,S,0.9697265625,125,SS,0.0,2511.7103347027496,2519.817375792862,0.524081780547304,0.0011382102966308594,8.107041090112489,4.19265424437981,3.914386845732679,0.5171620814273725
1600333,16,333,S,0.9970703125,133,SS,0.0,2519.817375792862,2524.093053535182,0.5344597177900111,0.0011644363403320312,4.275677742320113,4.275677742320113,0.0,1.0
1600334,16,334,S,1.025390625,128,SS,0.0,2524.093053535182,2535.0711238835243,0.5284413247507717,0.0012090206146240234,10.978070348342044,4.227530598007434,6.75053975033461,0.38508867805223107
1600335,16,335,S,1.0439453125,117,SS,0.0,2535.0711238835243,2540.2067500516423,0.516992009300961,0.0012483596801757812,5.135626168118051,4.135936074406345,0.9996900937117061,0.8053421216836656
1600336,16,336,S,0.9580078125,142,SS,0.0,2540.2067500516423,2551.7853591889166,0.5454530812634427,0.0011001825332641602,11.57860913727427,4.36362465010825,7.214984487166021,0.37686950119602136
1600337,16,337,S,0.984375,142,SS,0.0,2551.7853591889166,2557.2057455100926,0.5460665212550696,0.0011355876922607422,5.420386321176011,4.368532170039543,1.0518541511364674,0.8059448000916185
1600338,16,338,S,0.9560546875,133,SS,0.0,2557.2057455100926,2568.6431849785754,0.5335659577996306,0.0011093616485595703,9.533869532877816,2.36495772679109,7.168911806086726,0.24805853684440166
1700207,17,207,S,0.962890625,142,SS,0.0,1559.6269219976693,1569.635274920248,0.5455666812618921,0.0011067390441894531,2.8956598772776942,2.8956598772776942,0.0,1.0
1700208,17,208,S,0.9873046875,129,SS,0.0,1569.635274920248,1574.8885627296495,0.528963467364818,0.0011565685272216797,5.2532878094013995,4.231707738917976,1.0215800704834237,0.8055351034346183
1700209,17,209,S,1.01171875,112,SS,0.0,1574.8885627296495,1585.6083905907992,0.5110195422829152,0.0012116432189941406,10.719827861149724,4.088156338262706,6.631671522887018,0.38136399121470993
1700210,17,210,S,1.0576171875,129,SS,0.0,1585.6083905907992,1589.8519869696058,0.5304495473509221,0.0012509822845458984,4.243596378806615,4.243596378806615,0.0,1.0
1700211,17,211,S,1.0166015625,112,SS,0.0,1589.8519869696058,1602.024827622322,0.5111091422824597,0.0012181997299194336,12.172840652716104,4.088873138260169,8.083967514455935,0.3359013113629994
1700212,17,212,S,1.03515625,117,SS,0.0,1602.024827622322,1606.1594158567377,0.5168235293020422,0.001236557960510254,4.134588234415787,4.134588234415787,0.0,1.0
1700213,17,213,S,1.0361328125,139,SS,0.0,1606.1594158567377,1618.6310774211993,0.5432840934193722,0.0012090206146240234,12.471661564461556,4.3462727473543055,8.12538881710725,0.3484918769556067
1700214,17,214,S,0.9794921875,143,SS,0.0,1618.6310774211993,1623.0092574521072,0.547272503863563,0.0011277198791503906,4.37818003090797,4.37818003090797,0.0,1.0
1700215,17,215,S,1.033203125,142,SS,0.0,1623.0092574521072,1635.4193138238425,0.5472025212395637,0.0012011528015136719,12.410056371735209,4.377620169916554,8.032436201818655,0.35274780700327013
1700216,17,216,S,1.0498046875,144,SS,0.0,1635.4193138238425,1639.821321555417,0.5502509664468803,0.0012208223342895508,4.402007731574486,4.402007731574486,0.0,1.0
1700217,17,217,S,0.9970703125,136,SS,0.0,1639.821321555417,1651.8163514944881,0.5384271056103533,0.0011605024337768555,11.995029939071173,4.307416844882027,7.687613094189146,0.35910013286849446
1700218,17,218,S,0.9580078125,117,SS,0.0,1651.8163514944881,1655.939108688981,0.5153446493115325,0.001132965087890625,4.122757194492806,4.122757194492806,0.0,1.0
1700219,17,219,S,1.060546875,141,SS,0.0,1655.939108688981,1668.332406015873,0.5465058186246853,0.001239180564880371,12.393297326892025,4.372046548996877,8.021250777895148,0.3527750875071835
1700220,17,220,S,1.0390625,113,SS,0.0,1668.332406015873,1672.433179805349,0.5125967236846038,0.0012470483779907227,4.100773789476079,4.100773789476079,0.0,1.0
1700221,17,221,S,0.9951171875,116,SS,0.0,1672.433179805349,1683.2211692232047,0.5149877879024667,0.0011841058731079102,10.78798941785567,4.119902303220442,6.668087114635227,0.38189713983232254
1700222,17,222,S,0.9775390625,114,SS,0.0,1683.2211692232047,1688.4906933876418,0.5125230250953142,0.0011631250381469727,5.2695241644371436,4.100184200762669,1.1693399636744743,0.7780938226707277
1700223,17,223,S,0.9853515625,114,SS,0.0,1688.4906933876418,1696.3140573730525,0.5126689450944925,0.0011736154556274414,7.823363985410651,4.101351560755575,3.7220124246550768,0.5242439912554181
1700224,17,224,S,1.0380859375,117,SS,0.0,1696.3140573730525,1703.9054360867947,0.5168796893016817,0.0012404918670654297,7.591378713742188,4.1350375144138525,3.4563411993283353,0.5447017821582868
1700225,17,225,S,1.0029296875,133,SS,0.0,1703.9054360867947,1709.0595858504755,0.534587397788637,0.0011723041534423828,5.154149763680834,4.276699182308221,0.8774505813726137,0.8297584234832202
1700226,17,226,S,1.0078125,135,SS,0.0,1709.0595858504755,1718.2200079130216,0.5373422430008551,0.0011762380599975586,9.160422062546104,4.298737944007371,4.861684118538733,0.469272912826088
1700227,17,227,S,0.9541015625,134,SS,0.0,1718.2200079130216,1723.3781089747515,0.5348388204072657,0.0011054277420043945,5.158101061729894,4.278710563257846,0.8793904984720484,0.8295127435566135
1700228,17,228,S,1.05859375,126,SS,0.0,1723.3781089747515,1731.2617719335576,0.5269804019362694,0.0012562274932861328,7.883662958806099,4.2158432154901675,3.667819743315931,0.5347569064683372
1700229,17,229,S,1.05859375,134,SS,0.0,1731.2617719335576,1738.7297775427755,0.5371329003817952,0.001245737075805664,7.468005609217926,4.297063203053767,3.1709424061641585,0.5753963545166337
1700230,17,230,S,0.943359375,139,SS,0.0,1738.7297775427755,1746.7969374781942,0.5411712934462656,0.001084446907043457,8.067159935418658,4.329370347570148,3.7377895878485106,0.536665986819247
1700231,17,231,S,0.9580078125,122,SS,0.0,1746.7969374781942,1752.9850587298936,0.520655356335139,0.001126408576965332,6.1881212516993855,4.165242850680443,2.022878401018943,0.6731029792825377
1700232,17,232,S,1.009765625,125,SS,0.0,1752.9850587298936,1759.0452722712937,0.5249017805404745,0.0011919736862182617,6.060213541400117,4.19921424432323,1.8609992970768872,0.6929152274315844
1700233,17,233,S,0.9873046875,130,SS,0.0,1759.0452722712937,1766.0265022123363,0.5302843299716888,0.001155257225036621,6.981229941042557,4.2422746397733135,2.738955301269243,0.607668659476898
1700234,17,234,S,1.0537109375,140,SS,0.0,1766.0265022123363,1773.0516831892865,0.5450161560205347,0.0012313127517700195,7.025180976950196,4.360129248163503,2.6650517287866933,0.6206429788028525
1700235,17,235,S,0.9619140625,132,SS,0.0,1773.0516831892865,1780.9615677176728,0.5323769351911514,0.0011185407638549805,7.909884528386328,4.2590154815297865,3.650869046856542,0.5384421815824731
1700236,17,236,S,1.021484375,126,SS,0.0,1780.9615677176728,1786.1536958709096,0.5262143219428197,0.0012063980102539062,5.192128153236808,4.20971457554333,0.9824135776934781,0.8107878795169886
1700237,17,237,S,0.9794921875,124,SS,0.0,1786.1536958709096,1796.1707776268306,0.5232161191410447,0.001152634620666504,10.017081755921026,4.185728953129001,5.831352802792026,0.41785911856562874
1700238,17,238,S,1.0185546875,130,SS,0.0,1796.1707776268306,1800.4183770665516,0.5309499299652247,0.001197218894958496,4.247599439720943,4.247599439720943,0.0,1.0
1700239,17,239,S,0.9736328125,137,SS,0.0,1800.4183770665516,1807.7167523020473,0.5392234882234959,0.0011277198791503906,7.298375235495769,4.313787905788558,2.9845873297072103,0.5910614029281996
1700240,17,240,S,1.0478515625,144,SS,0.0,1807.7167523020473,1816.274289269594,0.5502048864475366,0.0012181997299194336,8.557536967546639,4.401639091580364,4.155897875966275,0.5143581743523885
1700241,17,241,S,0.98046875,130,SS,0.0,1816.274289269594,1822.6909417829982,0.530138729973103,0.001146078109741211,6.416652513404188,4.241109839784258,2.1755426736199297,0.6609536406911097
1700242,17,242,S,1.0302734375,141,SS,0.0,1822.6909417829982,1832.18816966855,0.5458064586340196,0.0011985301971435547,9.497227885551865,4.366451669071466,5.130776216480399,0.45976065033820557
1700243,17,243,S,1.033203125,137,SS,0.0,1832.18816966855,1837.6220119135303,0.5405606082073265,0.0012077093124389648,5.433842244980269,4.324484865657723,1.109357379322546,0.7958429175327348
1700244,17,244,S,1.009765625,136,SS,0.0,1837.6220119135303,1848.169749244755,0.5387099856070247,0.0011775493621826172,10.547737331224653,4.30967988485645,6.238057446368202,0.4085880933058912
1700245,17,245,S,1.056640625,113,SS,0.0,1848.169749244755,1852.2731265542172,0.5129221636828595,0.0012706518173217773,4.103377309462303,4.103377309462303,0.0,1.0
1700246,17,246,S,1.029296875,121,SS,0.0,1852.2731265542172,1862.3721188083493,0.5210064949199531,0.001223444938659668,10.0989922541321,4.168051959359218,5.930940294772881,0.4127195916655763
1700247,17,247,S,0.986328125,127,SS,0.0,1862.3721188083493,1867.9630762753147,0.5265553433535781,0.0011578798294067383,5.590957466965392,4.212442746827946,1.3785147201374457,0.7534385249248439
1700248,17,248,S,1.0546875,125,SS,0.0,1867.9630762753147,1874.1899276586894,0.5258217805328123,0.001252293586730957,6.226851383374651,4.206574244262811,2.0202771391118404,0.6755539815024543
1700249,17,249,S,1.0546875,133,SS,0.0,1874.1899276586894,1883.4186775573571,0.5357152377764982,0.0012418031692504883,9.22874989866773,4.285721902211662,4.943027996456067,0.46438812940746754
1700250,17,250,S,1.0615234375,128,SS,0.0,1883.4186775573571,1889.7720328702324,0.529199084743964,0.0012575387954711914,6.353355312875237,4.233592677952402,2.119762634922836,0.6663554089872665
1700251,17,251,S,1.0390625,117,SS,0.0,1889.7720328702324,1898.807257274387,0.5168984093015616,0.0012418031692504883,9.035224404154633,4.135187274412601,4.9000371297420315,0.4576739978379656
1700252,17,252,S,0.96484375,141,SS,0.0,1898.807257274387,1903.1616167836212,0.5442949386541939,0.001110672950744629,4.3543595092342,4.3543595092342,0.0,1.0
1700253,17,253,S,1.0615234375,121,SS,0.0,1903.1616167836212,1914.9444695974507,0.5216453749152224,0.0012667179107666016,11.78285281382955,4.1731629993209935,7.609689814508556,0.35417254762131517
1700254,17,254,S,0.9375,131,SS,0.0,1914.9444695974507,1919.1887594581658,0.5305362325893216,0.0010870695114135742,4.244289860715071,4.244289860715071,0.0,1.0
1700255,17,255,S,0.9560546875,117,SS,0.0,1919.1887594581658,1927.759814996061,0.5153072093117727,0.0011303424835205078,8.57105553789529,4.122457674493489,4.448597863401801,0.4809743276387404
1700256,17,256,S,0.9638671875,126,SS,0.0,1927.759814996061,1934.4028439982517,0.5250248819529899,0.0011290311813354492,6.643029002190588,4.200199055623671,2.442829946566917,0.6322716721902951
1700257,17,257,S,0.9580078125,128,SS,0.0,1934.4028439982517,1940.6709156354264,0.5270282047634669,0.0011185407638549805,6.268071637174671,4.216225638107062,2.0518459990676092,0.6726511568727894
1700258,17,258,S,1.0107421875,116,SS,0.0,1940.6709156354264,1949.7220688005204,0.5152847479006375,0.0012050867080688477,9.051153165094092,4.122277983206004,4.928875181888088,0.4554422964693196
1700259,17,259,S,0.974609375,120,SS,0.0,1949.7220688005204,1953.872928588708,0.5188574735233581,0.0011513233184814453,4.1508597881875176,4.1508597881875176,0.0,1.0
1700260,17,260,S,1.0625,112,SS,0.0,1953.872928588708,1963.8020380192252,0.5119513822781779,0.0012798309326171875,9.929109430517201,4.0956110582246765,5.833498372292524,0.41248523715901264
1700261,17,261,S,1.0625,119,SS,0.0,1963.8020380192252,1969.3015125608003,0.5195062121068789,0.0012706518173217773,5.499474541575182,4.156049696855916,1.3434248447192658,0.7557175990972991
1700262,17,262,S,1.052734375,128,SS,0.0,1969.3015125608003,1975.2914301964906,0.5290147647456199,0.001245737075805664,5.98991763569029,4.232118117965001,1.7577995177252888,0.7065402857542437
1700263,17,263,S,1.0048828125,114,SS,0.0,1975.2914301964906,1984.9500198461792,0.5130337450924383,0.0011998414993286133,9.658589649688565,4.104269960738748,5.554319688949818,0.4249347067841408
1700264,17,264,S,1.0029296875,113,SS,0.0,1984.9500198461792,1989.0454419556845,0.5119277636881894,0.0011985301971435547,4.095422109505307,4.095422109505307,0.0,1.0
1700265,17,265,S,0.9619140625,129,SS,0.0,1989.0454419556845,2000.529593163318,0.528426827369836,0.0011224746704101562,11.484151207633431,4.227414618959301,7.25673658867413,0.36810858221279513
1700266,17,266,S,1.037109375,112,SS,0.0,2000.529593163318,2004.6214768615616,0.5114854622805466,0.001245737075805664,4.0918836982436915,4.0918836982436915,0.0,1.0
1700267,17,267,S,1.0498046875,139,SS,0.0,2004.6214768615616,2012.099361338136,0.543595453415409,0.0012273788452148438,7.477884476574445,4.348763627323933,3.129120849250512,0.5815499879607747
1700268,17,268,S,1.013671875,130,SS,0.0,2012.099361338136,2020.5654162926662,0.5308459299662347,0.0011906623840332031,8.466054954530136,4.24676743973032,4.219287514799817,0.5016229474695176
1700269,17,269,S,0.947265625,140,SS,0.0,2020.5654162926662,2025.8424743914202,0.5425745560523735,0.0010883808135986328,5.277058098753969,4.340596448419092,0.936461650334877,0.8225409626329495
1700270,17,270,S,0.9638671875,127,SS,0.0,2025.8424743914202,2037.0122303312423,0.5260879833576764,0.0011277198791503906,11.169755939822153,4.20870386686147,6.961052072960683,0.37679461301895567
1700271,17,271,S,0.9814453125,133,SS,0.0,2037.0122303312423,2042.0270604895618,0.5341192377936756,0.0011434555053710938,5.014830158319455,4.2729539023494,0.7418762559700554,0.8520635330512032
1700272,17,272,S,1.005859375,122,SS,0.0,2042.0270604895618,2052.8771023045197,0.5216118363278303,0.0011906623840332031,10.850041814957876,4.172894690622343,6.677147124335534,0.3845971067935966
1700273,17,273,S,0.9677734375,126,SS,0.0,2052.8771023045197,2057.0779464801385,0.5251055219523004,0.0011342763900756836,4.20084417561884,4.20084417561884,0.0,1.0
1700274,17,274,S,1.0009765625,113,SS,0.0,2057.0779464801385,2068.686220891284,0.5118916036883833,0.0011959075927734375,11.60827441114543,4.095132829508657,7.5131415816367735,0.352777052339218
1700275,17,275,S,0.9580078125,118,SS,0.0,2068.686220891284,2072.817475217014,0.5164067907162537,0.0011316537857055664,4.131254325729969,4.131254325729969,0.0,1.0
1700276,17,276,S,1.0400390625,114,SS,0.0,2072.817475217014,2078.750699898675,0.5136903850887405,0.0012470483779907227,5.933224681661159,4.109523080711369,1.8237016009497893,0.6926289330342371
1700277,17,277,S,0.984375,113,SS,0.0,2078.750699898675,2088.573428208934,0.5115842436900306,0.0011736154556274414,9.822728310258753,4.0926739495189395,5.730054360739814,0.4166534816243053
1700278,17,278,S,1.0322265625,129,SS,0.0,2088.573428208934,2093.742188588561,0.5299129073559401,0.001216888427734375,5.1687603796272015,4.23930325884794,0.9294571207792615,0.8201779435466307
1700279,17,279,S,1.060546875,112,SS,0.0,2093.742188588561,2104.3525870706635,0.5119155422783601,0.0012772083282470703,10.610398482102482,4.095324338228238,6.515074143874244,0.3859727177199039
1700280,17,280,S,1.0595703125,120,SS,0.0,2104.3525870706635,2108.516810058756,0.5205278735113916,0.001265406608581543,4.164222988092661,4.164222988092661,0.0,1.0
1700281,17,281,S,0.9482421875,122,SS,0.0,2108.516810058756,2120.655441285026,0.5204601563366305,0.001113295555114746,12.138631226269808,4.1636812506912975,7.974949975578511,0.3430107705785204
1700282,17,282,S,0.943359375,121,SS,0.0,2120.655441285026,2124.8098638044853,0.5193028149325679,0.0011080503463745117,4.154422519459331,4.154422519459331,0.0,1.0
1700283,17,283,S,1.0498046875,125,SS,0.0,2124.8098638044853,2136.6733028451363,0.525721780533645,0.001245737075805664,11.863439040650974,4.2057742442702875,7.657664796380686,0.3545156029258365
1700284,17,284,S,0.9990234375,136,SS,0.0,2136.6733028451363,2140.981067850016,0.5384706256098413,0.0011631250381469727,4.307765004879911,4.307765004879911,0.0,1.0
1700285,17,285,S,0.982421875,112,SS,0.0,2140.981067850016,2151.363608117974,0.5104819422856482,0.0011723041534423828,10.382540267957665,4.083855538283387,6.298684729674278,0.3933387622764036
1700286,17,286,S,0.9970703125,123,SS,0.0,2151.363608117974,2156.8723634197645,0.5225046977336618,0.0011775493621826172,5.508755301790643,4.180037581867509,1.3287177199231337,0.758798921511139
1700287,17,287,S,0.9501953125,143,SS,0.0,2156.8723634197645,2162.981174045617,0.5465861038731369,0.0010883808135986328,6.108810625852584,4.37268883098659,1.7361217948659942,0.7158003576803152
1700288,17,288,S,1.0546875,132,SS,0.0,2162.981174045617,2173.167895277557,0.5343833351702488,0.0012431144714355469,10.186721231939828,4.275066681362659,5.911654550577168,0.4196705283303969
1700289,17,289,S,0.978515625,122,SS,0.0,2173.167895277557,2179.5963022809274,0.5210652763320066,0.0011539459228515625,6.4284070033704666,4.168522210657102,2.2598847927133647,0.6484533739807563
1700290,17,290,S,0.943359375,123,SS,0.0,2179.5963022809274,2189.592630778306,0.5214222977421847,0.0011054277420043945,9.996328497378727,4.171378381935938,5.824950115442789,0.41729104671077705
1700291,17,291,S,1.0185546875,116,SS,0.0,2189.592630778306,2194.696231076854,0.5154332278997231,0.0012155771255493164,5.103600298547917,4.123465823198785,0.9801344753491321,0.8079523438330386
1700292,17,292,S,0.9912109375,128,SS,0.0,2194.696231076854,2206.379898477958,0.5277245247572113,0.0011631250381469727,11.683667401103776,4.221796198056836,7.46187120304694,0.36134169632884244
1700293,17,293,S,1.0537109375,141,SS,0.0,2206.379898477958,2211.6805154465033,0.546347898626793,0.001230001449584961,5.300616968545455,4.370783189013309,0.9298337795321459,0.824580084724118
1700294,17,294,S,1.0048828125,136,SS,0.0,2211.6805154465033,2222.8880221964687,0.5386011856083049,0.0011709928512573242,11.207506749965432,4.308809484868107,6.898697265097326,0.38445745168803014
1700295,17,295,S,0.978515625,134,SS,0.0,2222.8880221964687,2227.1710207596775,0.5353748204013148,0.0011382102966308594,4.282998563208821,4.282998563208821,0.0,1.0
1700296,17,296,S,0.9580078125,123,SS,0.0,2227.1710207596775,2239.8295057913447,0.5217174977398603,0.0011250972747802734,12.658485031667169,4.173739981917606,8.484745049749563,0.32971875951003193
1700297,17,297,S,0.9853515625,112,SS,0.0,2239.8295057913447,2243.9137914096273,0.5105357022853749,0.0011762380599975586,4.084285618282593,4.084285618282593,0.0,1.0
1700298,17,298,S,1.056640625,139,SS,0.0,2243.9137914096273,2256.515191354033,0.5437511334134273,0.001236557960510254,12.601399944405784,4.3500090673078375,8.251390877097947,0.34520046078205485
1700299,17,299,S,0.9814453125,140,SS,0.0,2256.515191354033,2260.862059802371,0.54335855604215,0.0011342763900756836,4.346868448337773,4.346868448337773,0.0,1.0
1700300,17,300,S,0.9384765625,112,SS,0.0,2260.862059802371,2272.112318286144,0.5096755422897478,0.001113295555114746,11.250258483772996,4.0774043383171374,7.172854145455858,0.36242761392533795
1700301,17,301,S,1.0,139,SS,0.0,2272.112318286144,2277.90156215901,0.5424612134298464,0.0011605024337768555,5.7892438728663365,4.339689707438083,1.4495541654282533,0.749612523282672
1700302,17,302,S,0.9951171875,115,SS,0.0,2277.90156215901,2289.4535454852553,0.513919566497966,0.0011854171752929688,11.551983326245136,4.111356531982892,7.4406267942622435,0.355900490493458
1700303,17,303,S,0.9833984375,144,SS,0.0,2289.4535454852553,2295.329556938928,0.5486842464691934,0.0011316537857055664,5.876011453672618,4.389473971754342,1.4865374819182762,0.7470158978350592
1700304,17,304,S,0.9970703125,126,SS,0.0,2295.329556938928,2306.7725577408905,0.5257103219471291,0.0011736154556274414,11.443000801962626,4.205682575575338,7.237318226387288,0.3675331889213892
1700305,17,305,S,1.0263671875,134,SS,0.0,2306.7725577408905,2312.3707952656796,0.5364253803896505,0.0012024641036987305,5.598237524789056,4.291403043116588,1.3068344816724675,0.7665632306800506
1700306,17,306,S,1.0400390625,142,SS,0.0,2312.3707952656796,2322.28158387451,0.5473615612373929,0.001210331916809082,9.910788608830444,4.378892489898135,5.531896118932309,0.44183088377009394
1700307,17,307,S,1.0107421875,122,SS,0.0,2322.28158387451,2329.080992082314,0.5217094363270846,0.001197218894958496,6.7994082078039355,4.173675490616006,2.6257327171879297,0.613829227935708
1700308,17,308,S,0.9794921875,121,SS,0.0,2329.080992082314,2335.7440026530426,0.5200191349272638,0.0011565685272216797,6.663010570728602,4.160153079417796,2.502857491310806,0.6243653728682111
1700309,17,309,S,0.95703125,112,SS,0.0,2335.7440026530426,2345.5154604555228,0.5100160222880169,0.0011382102966308594,9.7714578024802,4.080128178302402,5.691329624177797,0.41755572820124964
1700310,17,310,S,1.015625,140,SS,0.0,2345.5154604555228,2350.7652732948245,0.5441425560319266,0.0011801719665527344,5.24981283930174,4.353140448256454,0.8966723910452856,0.8291991698575393
1700311,17,311,S,1.0380859375,128,SS,0.0,2350.7652732948245,2362.070173814419,0.5287075647483797,0.0012260675430297852,11.304900519594412,4.229660517987213,7.075240001607199,0.37414398389937903
1700312,17,312,S,0.984375,116,SS,0.0,2362.070173814419,2367.0731305456084,0.5147836279037243,0.0011696815490722656,5.0029567311894425,4.118269023230823,0.8846877079586193,0.8231670279210497
1700313,17,313,S,1.0517578125,121,SS,0.0,2367.0731305456084,2377.915835984976,0.521451774916656,0.0012536048889160156,10.842705439367819,4.171614199334726,6.671091240033093,0.38473923530084864
1700314,17,314,S,1.029296875,123,SS,0.0,2377.915835984976,2382.1010690868034,0.5231541377285481,0.0012208223342895508,4.18523310182718,4.18523310182718,0.0,1.0
1700315,17,315,S,1.0244140625,133,SS,0.0,2382.1010690868034,2393.862176747653,0.5350555577835981,0.0012011528015136719,11.761107660849575,4.280444462267042,7.480663198582533,0.36394909269607345
1700316,17,316,S,1.0400390625,119,SS,0.0,2393.862176747653,2398.014723084531,0.5190682921099088,0.0012404918670654297,4.152546336878004,4.152546336878004,0.0,1.0
1700317,17,317,S,1.017578125,121,SS,0.0,2398.014723084531,2403.864653192571,0.5207741749216732,0.0012077093124389648,5.849930108040098,4.166193399374606,1.6837367086654922,0.7121783204979872
1700318,17,318,S,1.060546875,144,SS,0.0,2403.864653192571,2413.718902303948,0.5505044064432708,0.0012352466583251953,9.854249111377158,4.4040352515476116,5.450213859829546,0.44691738576640627
1700319,17,319,S,0.9580078125,126,SS,0.0,2413.718902303948,2418.9520526135766,0.5249039219540242,0.0011211633682250977,5.2331503096283996,4.199231375630916,1.0339189339974837,0.8024289628954111
1700320,17,320,S,1.0341796875,128,SS,0.0,2418.9520526135766,2429.2056461023026,0.5286256447491158,0.0012208223342895508,10.253593488725983,4.229005157991196,6.024588330734787,0.4124412736511415
1700321,17,321,S,0.9541015625,125,SS,0.0,2429.2056461023026,2434.1927533903745,0.5237617805499692,0.0011172294616699219,4.987107288071911,4.190094244400825,0.797013043671086,0.840185302293903
1700322,17,322,S,1.0244140625,118,SS,0.0,2434.1927533903745,2440.479340149139,0.5176906307076902,0.0012208223342895508,6.286586758764315,4.141525045663002,2.145061713101313,0.6587875431591206
1700323,17,323,S,0.96875,119,SS,0.0,2440.479340149139,2448.8057576870947,0.5176783721195258,0.0011447668075561523,8.326417537955876,4.1414269769556995,4.184990561000177,0.4973840139624338
1700324,17,324,S,1.0,117,SS,0.0,2448.8057576870947,2454.017602779417,0.5161496093063668,0.0011893510818481445,5.211845092322164,4.129196874451736,1.0826482178704282,0.7922716046443259
1700325,17,325,S,1.0556640625,116,SS,0.0,2454.017602779417,2464.5600320842836,0.5161385078953786,0.001265406608581543,10.5424293048668,4.129108063163585,6.4133212417032155,0.39166571041244036
1700326,17,326,S,1.00390625,136,SS,0.0,2464.5600320842836,2469.76415879845,0.538579425608561,0.0011696815490722656,5.20412671416625,4.308635404868255,0.895491309297995,0.8279266900130695
1700327,17,327,S,1.037109375,122,SS,0.0,2469.76415879845,2477.4336824833817,0.5222364763230574,0.0012326240539550781,7.669523684931846,4.177891810584697,3.4916318743471493,0.5447394104529483
1700328,17,328,S,0.9794921875,115,SS,0.0,2477.4336824833817,2485.2766661016462,0.5136251664997024,0.0011644363403320312,7.842983618264498,4.109001331999025,3.733982286265473,0.5239079324901444
1700329,17,329,S,1.0478515625,143,SS,0.0,2485.2766661016462,2490.6148978121237,0.5488741038412243,0.0012195110321044922,5.33823171047743,4.390992830729374,0.9472388797480562,0.8225556830197356
1700330,17,330,S,1.0302734375,119,SS,0.0,2490.6148978121237,2499.9750332980934,0.5188778921112263,0.0012273788452148438,9.36013548596975,4.151023136888398,5.209112349081352,0.44347895851620084
1700331,17,331,S,1.0478515625,140,SS,0.0,2499.9750332980934,2505.380635293675,0.5448817560222874,0.001223444938659668,5.405601995581492,4.359054048178223,1.046547947403269,0.8063956709615855
1700332,17,332,S,0.9482421875,129,SS,0.0,2505.380635293675,2516.618659798518,0.5281378673725379,0.001104116439819336,11.238024504842997,4.225102938980854,7.012921565862143,0.37596491600103354
1700333,17,333,S,1.0009765625,126,SS,0.0,2516.618659798518,2521.940742671414,0.5257909619464396,0.0011788606643676758,5.322082872895862,4.206327695570508,1.1157551773253545,0.7903536634110608
1700334,17,334,S,1.025390625,137,SS,0.0,2521.940742671414,2532.9736691442554,0.5403852482094471,0.001197218894958496,11.03292647284161,4.323081985676254,6.7098444871653555,0.39183456867204275
1700335,17,335,S,0.9833984375,121,SS,0.0,2532.9736691442554,2538.1413392845116,0.5200965749266906,0.001161813735961914,5.1676701402561775,4.160772599414486,1.0068975408416918,0.8051544480368523
1700336,17,336,S,1.001953125,129,SS,0.0,2538.1413392845116,2548.282638113216,0.529273067361923,0.0011762380599975586,10.141298828704294,4.234184538894624,5.90711428980967,0.41751895989003274
1700337,17,337,S,0.9580078125,120,SS,0.0,2548.282638113216,2554.829936652861,0.5185310735256964,0.0011290311813354492,6.5472985396449985,4.1482485882042965,2.399049951440702,0.6335817074914105
1700338,17,338,S,1.0029296875,139,SS,0.0,2554.829936652861,2563.2728007043415,0.5425279334289972,0.0011644363403320312,8.442864051480683,4.340223467432224,4.1026405840484585,0.5140700408022144
1700339,17,339,S,0.9853515625,128,SS,0.0,2563.2728007043415,2571.185640895807,0.5276016447583152,0.001155257225036621,3.466814338628865,0.6332300944513918,2.833584244177473,0.1826547465768923
1800207,18,207,S,1.0419921875,123,SS,0.0,1555.03130127508,1566.8411152486362,0.5234099777265335,0.0012378692626953125,0.10150020566584317,0.10150020566584317,0.0,1.0
1800208,18,208,S,0.962890625,114,SS,0.0,1566.8411152486362,1570.9391106494106,0.5122494250968549,0.0011434555053710938,4.09799540077438,4.09799540077438,0.0,1.0
1800209,18,209,S,0.9697265625,142,SS,0.0,1570.9391106494106,1579.410588291349,0.5457257212597212,0.0011159181594848633,8.471477641938463,4.3658057700777135,4.10567187186075,0.5153535138267472
1800210,18,210,S,0.97265625,138,SS,0.0,1579.410588291349,1586.8621100971534,0.5405200308307669,0.0011250972747802734,7.451521805804305,4.324160246645988,3.1273615591583166,0.5803056555880595
1800211,18,211,S,1.015625,141,SS,0.0,1586.8621100971534,1593.3941127005069,0.5454680586385362,0.0011788606643676758,6.532002603353476,4.363744469108497,2.1682581342449794,0.6680561435888263
1800212,18,212,S,1.0625,119,SS,0.0,1593.3941127005069,1603.2310828010459,0.5195062121068789,0.0012706518173217773,9.83697010053902,4.156049696855916,5.680920403683103,0.4224928666427668
1800213,18,213,S,0.9697265625,143,SS,0.0,1603.2310828010459,1610.176724602903,0.5470437038667543,0.0011146068572998047,6.945641801857164,4.376349630934783,2.569292170922381,0.6300857078124315
1800214,18,214,S,1.0087890625,134,SS,0.0,1610.176724602903,1620.1706025197225,0.5360394603939354,0.0011788606643676758,9.993877916819429,4.288315683152177,5.705562233667251,0.42909426339249723
1800215,18,215,S,1.0302734375,142,SS,0.0,1620.1706025197225,1627.1362492603184,0.5471343612404941,0.001197218894958496,6.9656467405959575,4.377074889924188,2.5885718506717694,0.6283802571288162
1800216,18,216,S,0.974609375,129,SS,0.0,1627.1362492603184,1636.9025325789355,0.5286951473673269,0.001139521598815918,9.76628331861707,4.229561178937729,5.536722139679341,0.43307787015302823
1800217,18,217,S,0.97265625,115,SS,0.0,1636.9025325789355,1642.02762216978,0.5134963665004619,0.001155257225036621,5.125089590844482,4.107970932003809,1.0171186588406727,0.801541291949771
1800218,18,218,S,1.0537109375,138,SS,0.0,1642.02762216978,1653.2829550018553,0.5423526708080183,0.0012339353561401367,11.255332832075283,4.33882136646389,6.916511465611393,0.3854902765824197
1800219,18,219,S,0.9931640625,115,SS,0.0,1653.2829550018553,1657.394017133841,0.5138827664981831,0.0011827945709228516,4.111062131985818,4.111062131985818,0.0,1.0
1800220,18,220,S,1.0341796875,132,SS,0.0,1657.394017133841,1669.8076417329567,0.5339398151748694,0.0012155771255493164,12.413624599115565,4.2715185213983204,8.142106077717244,0.34409921834615925
1800221,18,221,S,0.966796875,144,SS,0.0,1669.8076417329567,1674.1939822647555,0.5482925664747718,0.0011093616485595703,4.386340531798851,4.386340531798851,0.0,1.0
1800222,18,222,S,0.9638671875,128,SS,0.0,1674.1939822647555,1686.0566983045721,0.5271510847623628,0.001126408576965332,11.862716039816632,4.217208678099269,7.645507361717364,0.35550110648728434
1800223,18,223,S,0.9775390625,127,SS,0.0,1686.0566983045721,1690.2676780114127,0.526372463355182,0.001146078109741211,4.21097970684059,4.21097970684059,0.0,1.0
1800224,18,224,S,0.9833984375,123,SS,0.0,1690.2676780114127,1700.7332361144872,0.5222291777358313,0.0011591911315917969,10.4655581030745,4.177833421887044,6.287724681187456,0.39919833999676607
1800225,18,225,S,1.046875,125,SS,0.0,1700.7332361144872,1705.9282664577263,0.5256617805341448,0.0012418031692504883,5.195030343239068,4.205294244273318,0.98973609896575,0.8094840581145373
1800226,18,226,S,1.0302734375,127,SS,0.0,1705.9282664577263,1713.8196058209608,0.5274697433455598,0.001216888427734375,7.891339363234465,4.21975794676473,3.671581416469735,0.5347327940836593
1800227,18,227,S,1.0361328125,132,SS,0.0,1713.8196058209608,1721.1237816900739,0.5339820551744294,0.0012181997299194336,7.3041758691131236,4.271856441395357,3.0323194277177663,0.584851257410105
1800228,18,228,S,0.97265625,116,SS,0.0,1721.1237816900739,1727.5309362199848,0.5145609079050962,0.0011539459228515625,6.40715452991094,4.116487263241652,2.2906672666692884,0.6424829062611779
1800229,18,229,S,0.9560546875,140,SS,0.0,1727.5309362199848,1735.6146933361015,0.5427761560497446,0.0011001825332641602,8.083757116116658,4.342209248397921,3.7415478677187366,0.5371523644297551
1800230,18,230,S,1.005859375,143,SS,0.0,1735.6146933361015,1740.9151127274167,0.5478902638549467,0.0011631250381469727,5.300419391315245,4.383122110839395,0.9172972804758501,0.8269387358330843
1800231,18,231,S,0.9990234375,133,SS,0.0,1740.9151127274167,1748.4798980693374,0.5345022777895531,0.0011670589447021484,7.564785341920697,4.2760182223155425,3.288767119605154,0.5652530810913747
1800232,18,232,S,0.9833984375,143,SS,0.0,1748.4798980693374,1755.6825173451148,0.5473640238622866,0.001132965087890625,7.2026192757773515,4.3789121908976085,2.823707084879743,0.6079610796066975
1800233,18,233,S,0.947265625,112,SS,0.0,1755.6825173451148,1763.518784112214,0.5098368222889279,0.0011250972747802734,7.836266767099232,4.078694578311115,3.7575721887881173,0.5204895008724842
1800234,18,234,S,0.970703125,137,SS,0.0,1763.518784112214,1769.942787004243,0.5391577282242911,0.0011237859725952148,6.424002892028966,4.313261825795053,2.1107410662339134,0.6714289981324628
1800235,18,235,S,0.9716796875,137,SS,0.0,1769.942787004243,1777.434741340792,0.5391796482240261,0.0011250972747802734,7.491954336549043,4.3134371857922815,3.178517150756761,0.5757425889196149
1800236,18,236,S,0.96484375,126,SS,0.0,1777.434741340792,1783.045008813507,0.5250450419528175,0.0011303424835205078,5.610267472714895,4.200360335622463,1.409907137092432,0.7486916365486304
1800237,18,237,S,1.0361328125,116,SS,0.0,1783.045008813507,1789.1868233837397,0.5157673078976652,0.001239180564880371,6.141814570232782,4.126138463181633,2.0156761070511493,0.6718109796377729
1800238,18,238,S,0.9599609375,124,SS,0.0,1789.1868233837397,1798.0225595693937,0.5228193191442602,0.001126408576965332,8.835736185654014,4.18255455315375,4.653181632500264,0.4733679758280561
1800239,18,239,S,0.9443359375,130,SS,0.0,1798.0225595693937,1803.187912359465,0.5293691299805772,0.001097559928894043,5.165352790071211,4.234953039844186,0.9303997502270249,0.819876823899535
1800240,18,240,S,0.966796875,112,SS,0.0,1803.187912359465,1813.532120849122,0.5101952222871059,0.0011513233184814453,10.344208489657149,4.081561778297328,6.262646711359821,0.3945745856126502
1800241,18,241,S,1.060546875,136,SS,0.0,1813.532120849122,1817.8508528938726,0.5398415055937094,0.001245737075805664,4.318732044750504,4.318732044750504,0.0,1.0
1800242,18,242,S,0.9453125,116,SS,0.0,1817.8508528938726,1826.5700837662607,0.5140412279082973,0.0011172294616699219,8.719230872388152,4.1123298232669185,4.606901049121234,0.4716390566385556
1800243,18,243,S,1.0087890625,125,SS,0.0,1826.5700837662607,1833.603113223153,0.524881780540641,0.0011906623840332031,7.033029456892336,4.199054244325453,2.833975212566884,0.5970477260279919
1800244,18,244,S,1.0478515625,118,SS,0.0,1833.603113223153,1839.793213326165,0.5181437507046677,0.001252293586730957,6.1901001030119005,4.145150005637333,2.044950097374567,0.6696418372330423
1800245,18,245,S,0.9501953125,122,SS,0.0,1839.793213326165,1849.1869145598623,0.5204991963363321,0.0011159181594848633,9.393701233697357,4.163993570689854,5.229707663007503,0.4432750698683769
1800246,18,246,S,0.96875,131,SS,0.0,1849.1869145598623,1854.5013741612381,0.5312069525825691,0.0011290311813354492,5.314459601375802,4.249655620660633,1.064803980715169,0.7996402154530418
1800247,18,247,S,0.984375,138,SS,0.0,1854.5013741612381,1864.9029810455802,0.5407849908274781,0.0011408329010009766,10.401606884342073,4.326279926619463,6.075326957722609,0.4159241908220906
1800248,18,248,S,0.9697265625,112,SS,0.0,1864.9029810455802,1868.984972903875,0.5102489822868326,0.001155257225036621,4.081991858294714,4.081991858294714,0.0,1.0
1800249,18,249,S,1.0537109375,113,SS,0.0,1868.984972903875,1877.3582772288264,0.5128679236831502,0.0012667179107666016,8.373304324951505,4.1029433894655085,4.270360935485996,0.4900028985258781
1800250,18,250,S,0.96484375,136,SS,0.0,1877.3582772288264,1884.4503404972847,0.5377090256188035,0.0011172294616699219,7.0920632684583325,4.3016722049505915,2.790391063507741,0.6065473533043771
1800251,18,251,S,1.0224609375,144,SS,0.0,1884.4503404972847,1892.044981412416,0.549605846456068,0.0011841058731079102,7.594640915131322,4.396846771647688,3.197794143483634,0.5789407057926267
1800252,18,252,S,1.0009765625,114,SS,0.0,1892.044981412416,1900.1822812686821,0.512960785092849,0.001194596290588379,8.137299856266054,4.103686280743204,4.03361357552285,0.5043056484619033
1800253,18,253,S,0.9833984375,138,SS,0.0,1900.1822812686821,1906.100594012216,0.5407629108277521,0.001139521598815918,5.918312743533988,4.326103286621219,1.5922094569127694,0.7309690234514344
1800254,18,254,S,0.9892578125,137,SS,0.0,1906.100594012216,1916.4390742462158,0.5395742082192547,0.0011487007141113281,10.33848023399969,4.316593665753317,6.021886568246373,0.41752690608795007
1800255,18,255,S,1.0625,140,SS,0.0,1916.4390742462158,1921.8191323121384,0.5452177560179059,0.0012431144714355469,5.38005806592264,4.361742048144151,1.0183160177784885,0.8107239726224302
1800256,18,256,S,0.986328125,140,SS,0.0,1921.8191323121384,1932.0099416667372,0.5434705560406895,0.0011408329010009766,10.190809354598741,4.347764448326416,5.8430449062723255,0.4266358340188582
1800257,18,257,S,1.0224609375,122,SS,0.0,1932.0099416667372,1936.185491077339,0.5219436763252946,0.0012129545211791992,4.175549410601889,4.175549410601889,0.0,1.0
1800258,18,258,S,1.0380859375,141,SS,0.0,1936.185491077339,1944.8049156954696,0.5459869386316106,0.0012090206146240234,8.619424618130552,4.367895509052687,4.251529109077865,0.5067502417580201
1800259,18,259,S,0.9697265625,120,SS,0.0,1944.8049156954696,1951.7229658805509,0.5187614735240458,0.0011447668075561523,6.918050185081256,4.1500917881930945,2.7679583968881616,0.5998932758745735
1800260,18,260,S,1.017578125,143,SS,0.0,1951.7229658805509,1957.9718313804224,0.5481648238511172,0.0011788606643676758,6.248865499871499,4.3853185908083105,1.8635469090631887,0.701778361351911
1800261,18,261,S,0.9990234375,140,SS,0.0,1957.9718313804224,1967.3625895752107,0.5437617560368923,0.0011578798294067383,9.390758194788305,4.350094048295432,5.0406641464928725,0.4632313981537351
1800262,18,262,S,1.0166015625,125,SS,0.0,1967.3625895752107,1971.5629238195256,0.5250417805393085,0.0012011528015136719,4.200334244314945,4.200334244314945,0.0,1.0
1800263,18,263,S,1.0205078125,117,SS,0.0,1971.5629238195256,1983.3404910722757,0.5165427293038442,0.001216888427734375,11.777567252750032,4.1323418344309175,7.645225418319114,0.35086548399594375
1800264,18,264,S,1.0478515625,115,SS,0.0,1983.3404910722757,1987.4597964042123,0.5149131664921062,0.0012562274932861328,4.11930533193663,4.11930533193663,0.0,1.0
1800265,18,265,S,0.9765625,139,SS,0.0,1987.4597964042123,1994.8624868281343,0.5419274534366406,0.0011290311813354492,7.4026904239219675,4.335419627492229,3.0672707964297388,0.5856545903205973
1800266,18,266,S,0.974609375,137,SS,0.0,1994.8624868281343,2003.0082812430244,0.5392454082232309,0.0011290311813354492,8.145794414890133,4.313963265785787,3.831831149104346,0.529593928604442
1800267,18,267,S,0.994140625,126,SS,0.0,2003.0082812430244,2008.043299126716,0.5256498419476462,0.0011696815490722656,5.03501788369158,4.20519873558078,0.8298191481108006,0.8351904268704617
1800268,18,268,S,1.0029296875,133,SS,0.0,2008.043299126716,2018.529410525901,0.534587397788637,0.0011723041534423828,10.48611139918512,4.276699182308221,6.209412216876899,0.40784414922776474
1800269,18,269,S,1.0009765625,126,SS,0.0,2018.529410525901,2022.7357382214734,0.5257909619464396,0.0011788606643676758,4.206327695572327,4.206327695572327,0.0,1.0
1800270,18,270,S,1.0078125,123,SS,0.0,2022.7357382214734,2033.2258153174284,0.5227211777319573,0.0011919736862182617,10.49007709595503,4.181769421855279,6.308307674099751,0.3986404850606644
1800271,18,271,S,0.978515625,116,SS,0.0,2033.2258153174284,2038.6178741879917,0.5146722679044103,0.001161813735961914,5.392058870563233,4.117378143235328,1.2746807273279046,0.7636003690006529
1800272,18,272,S,0.947265625,117,SS,0.0,2038.6178741879917,2044.5781041773073,0.5151387293128538,0.0011185407638549805,5.960229989315621,4.121109834502931,1.83912015481269,0.6914346999848129
1800273,18,273,S,0.9814453125,135,SS,0.0,2044.5781041773073,2054.574192637519,0.5367590430075255,0.0011408329010009766,9.996088460211695,4.294072344059032,5.702016116152663,0.42957526447981165
1800274,18,274,S,1.04296875,120,SS,0.0,2054.574192637519,2059.659557917879,0.5202014735137299,0.0012431144714355469,5.085365280359838,4.16161178810944,0.9237534922503983,0.8183506117411031
1800275,18,275,S,0.96875,114,SS,0.0,2059.659557917879,2070.124005781916,0.5123588650962385,0.0011513233184814453,10.464447864037083,4.098870920770423,6.36557694326666,0.3916949058398881
1800276,18,276,S,1.0361328125,124,SS,0.0,2070.124005781916,2074.31894049497,0.5243668391317202,0.0012286901473999023,4.194934713053954,4.194934713053954,0.0,1.0
1800277,18,277,S,1.0244140625,120,SS,0.0,2074.31894049497,2086.0074664906615,0.5198366735163432,0.0012181997299194336,11.688525995691634,4.158693388129905,7.52983260756173,0.3557927996791717
1800278,18,278,S,0.9755859375,118,SS,0.0,2086.0074664906615,2090.1414395363727,0.5167466307139869,0.001155257225036621,4.133973045711173,4.133973045711173,0.0,1.0
1800279,18,279,S,0.9892578125,144,SS,0.0,2090.1414395363727,2099.2094402680746,0.5488224864672246,0.001139521598815918,9.068000731701886,4.3905798917367065,4.67742083996518,0.48418389252960287
1800280,18,280,S,0.9970703125,135,SS,0.0,2099.2094402680746,2106.124157739222,0.5371046430035726,0.001161813735961914,6.914717471147469,4.2968371440292685,2.6178803271182005,0.6214045855030756
1800281,18,281,S,1.0390625,138,SS,0.0,2106.124157739222,2111.2972222667327,0.5420214708121296,0.0012142658233642578,5.173064527510633,4.336171766495681,0.8368927610149512,0.8382210860575369
1800282,18,282,S,1.0615234375,135,SS,0.0,2111.2972222667327,2122.5552446771994,0.5385302429872673,0.0012483596801757812,11.258022410466765,4.308241943897883,6.949780466568882,0.3826819477542025
1800283,18,283,S,1.0517578125,120,SS,0.0,2122.5552446771994,2127.6638834210858,0.520374273512492,0.0012549161911010742,5.108638743886331,4.162994188100129,0.9456445557862025,0.8148930462311735
1800284,18,284,S,1.037109375,139,SS,0.0,2127.6638834210858,2138.8207348554156,0.543306333419089,0.001210331916809082,11.156851434329838,4.346450667351746,6.810400766978091,0.38957681680493095
1800285,18,285,S,1.0322265625,134,SS,0.0,2138.8207348554156,2144.03062578684,0.5365540203882223,0.001210331916809082,5.209890931424525,4.292432163107151,0.917458768317374,0.8239005805700205
1800286,18,286,S,1.025390625,133,SS,0.0,2144.03062578684,2154.929866246053,0.5350768377833691,0.0012024641036987305,10.899240459212706,4.280614702267485,6.618625756945221,0.3927443126231101
1800287,18,287,S,1.05859375,117,SS,0.0,2154.929866246053,2159.0680487204477,0.5172728092991591,0.0012680292129516602,4.138182474394853,4.138182474394853,0.0,1.0
1800288,18,288,S,1.0087890625,121,SS,0.0,2159.0680487204477,2171.011528408933,0.5205999349229634,0.0011959075927734375,11.94347968848524,4.164799479382054,7.778680209103186,0.3487090519689463
1800289,18,289,S,0.9443359375,116,SS,0.0,2171.011528408933,2175.1237097521985,0.5140226679084116,0.0011159181594848633,4.112181343265547,4.112181343265547,0.0,1.0
1800290,18,290,S,1.001953125,141,SS,0.0,2175.1237097521985,2187.5099810676206,0.5451522186427517,0.0011605024337768555,12.386271315422164,4.36121774914136,8.025053566280803,0.35210093805318166
1800291,18,291,S,1.056640625,144,SS,0.0,2187.5099810676206,2191.9132790391764,0.5504122464445834,0.001230001449584961,4.40329797155573,4.40329797155573,0.0,1.0
1800292,18,292,S,0.98046875,124,SS,0.0,2191.9132790391764,2204.440685261876,0.523235959140884,0.0011539459228515625,12.527406222699483,4.185887673127581,8.341518549571902,0.33413841610267353
1800293,18,293,S,1.0390625,137,SS,0.0,2204.440685261876,2208.7662222875206,0.5406921282057361,0.0012155771255493164,4.325537025644735,4.325537025644735,0.0,1.0
1800294,18,294,S,1.029296875,144,SS,0.0,2208.7662222875206,2221.2051981877044,0.5497671264537712,0.0011932849884033203,12.438975900183777,4.398137011630752,8.040838888553026,0.3535770988643665
1800295,18,295,S,1.044921875,116,SS,0.0,2221.2051981877044,2225.3326729708783,0.5159343478966362,0.0012509822845458984,4.127474783173966,4.127474783173966,0.0,1.0
1800296,18,296,S,1.0009765625,141,SS,0.0,2225.3326729708783,2234.996675158383,0.5451296586430529,0.0011591911315917969,9.664002187504593,4.361037269143708,5.302964918360885,0.4512661715642472
1800297,18,297,S,0.939453125,133,SS,0.0,2234.996675158383,2242.0982446893195,0.5332041978035242,0.0010870695114135742,7.101569530936558,4.265633582428563,2.835935948507995,0.6006606798463621
1800298,18,298,S,1.05859375,141,SS,0.0,2242.0982446893195,2248.8706291668873,0.5464606986252875,0.001236557960510254,6.772384477567812,4.371685589001572,2.4006988885662395,0.6455164504439934
1800299,18,299,S,1.013671875,143,SS,0.0,2248.8706291668873,2259.2229865567583,0.5480733038523937,0.0011736154556274414,10.352357389871031,4.384586430820491,5.96777095905054,0.42353507183885136
1800300,18,300,S,1.0537109375,143,SS,0.0,2259.2229865567583,2265.6846461330415,0.5490113838393095,0.0012273788452148438,6.461659576283182,4.392091070712922,2.0695685055702597,0.6797156394362858
1800301,18,301,S,1.03515625,133,SS,0.0,2265.6846461330415,2276.5868415080417,0.5352896377810787,0.0012155771255493164,10.902195375000247,4.28231710225009,6.619878272750157,0.39279401578785167
1800302,18,302,S,0.994140625,125,SS,0.0,2276.5868415080417,2280.783495752386,0.5245817805431398,0.0011709928512573242,4.196654244344245,4.196654244344245,0.0,1.0
1800303,18,303,S,0.9970703125,124,SS,0.0,2280.783495752386,2293.6482257617936,0.5235732391381509,0.0011762380599975586,12.864730009407594,4.188585913103452,8.676144096304142,0.3255867717426222
1800304,18,304,S,0.94140625,116,SS,0.0,2293.6482257617936,2297.7599616650623,0.5139669879087545,0.0011119842529296875,4.111735903268709,4.111735903268709,0.0,1.0
1800305,18,305,S,1.015625,131,SS,0.0,2297.7599616650623,2309.8715167170885,0.5322130325724401,0.0011919736862182617,12.111555052026233,4.257704260580795,7.8538507914454385,0.3515406768405426
1800306,18,306,S,1.0361328125,141,SS,0.0,2309.8715167170885,2314.2390512661477,0.5459418186322129,0.0012063980102539062,4.367534549059201,4.367534549059201,0.0,1.0
1800307,18,307,S,1.0576171875,120,SS,0.0,2314.2390512661477,2326.8435171431474,0.5204894735116666,0.0012627840042114258,12.604465876999711,4.163915788092709,8.440550088907003,0.3303524186368666
1800308,18,308,S,0.998046875,120,SS,0.0,2326.8435171431474,2330.998063331309,0.519318273520057,0.0011827945709228516,4.154546188161476,4.154546188161476,0.0,1.0
1800309,18,309,S,0.986328125,138,SS,0.0,2330.998063331309,2343.407761010558,0.5408291508269297,0.0011434555053710938,12.409697679248893,4.326633206615952,8.083064472632941,0.34864936426701293
1800310,18,310,S,1.0234375,133,SS,0.0,2343.407761010558,2347.688035232828,0.5350342777838272,0.0011998414993286133,4.280274222270236,4.280274222270236,0.0,1.0
1800311,18,311,S,0.9609375,131,SS,0.0,2347.688035232828,2359.9319409578793,0.5310392725842572,0.0011185407638549805,12.243905725051263,4.248314180673333,7.99559154437793,0.3469737742247722
1800312,18,312,S,0.96875,136,SS,0.0,2359.9319409578793,2364.234309482822,0.5377960656177793,0.0011224746704101562,4.302368524942722,4.302368524942722,0.0,1.0
1800313,18,313,S,0.943359375,137,SS,0.0,2364.234309482822,2374.8611701322666,0.538543968231713,0.0010870695114135742,10.626860649444552,4.308351745854452,6.3185089035901,0.40542093172922544
1800314,18,314,S,0.9462890625,144,SS,0.0,2374.8611701322666,2380.5241146974704,0.5478087264816626,0.0010818243026733398,5.662944565203816,4.382469811855117,1.2804747533486989,0.7738853455821153
1800315,18,315,S,0.9453125,133,SS,0.0,2380.5241146974704,2386.612787543189,0.53333187780215,0.0010949373245239258,6.08867284571852,4.266655022416671,1.8220178233018487,0.7007528784235683
1800316,18,316,S,0.95703125,136,SS,0.0,2386.612787543189,2396.566748631119,0.5375349456208519,0.0011067390441894531,9.95396108793011,4.300279564966331,5.65368152296378,0.4320169153745967
1800317,18,317,S,1.01953125,117,SS,0.0,2396.566748631119,2401.7939429875755,0.5165240093039642,0.0012155771255493164,5.2271943564564936,4.13219207443035,1.0950022820261438,0.7905181618751892
1800318,18,318,S,0.966796875,135,SS,0.0,2401.7939429875755,2412.4530458639074,0.5364350430112313,0.0011211633682250977,10.659102876331872,4.2914803440908145,6.367622532241057,0.40261177642068563
1800319,18,319,S,0.947265625,114,SS,0.0,2412.4530458639074,2417.500404372996,0.5119575850984983,0.0011224746704101562,5.0473585090885535,4.095660680788569,0.9516978282999844,0.8114463582116657
1800320,18,320,S,0.94921875,141,SS,0.0,2417.500404372996,2426.727276902044,0.5439339786590115,0.0010896921157836914,9.22687252904825,4.351471829271759,4.875400699776492,0.4716085342647095
1800321,18,321,S,0.9560546875,132,SS,0.0,2426.727276902044,2432.315418388746,0.5322502151924714,0.001110672950744629,5.588141486701716,4.258001721540495,1.3301397651612206,0.7619709936968135
1800322,18,322,S,0.994140625,136,SS,0.0,2432.315418388746,2438.4689681721593,0.5383618256111217,0.0011565685272216797,6.153549783413382,4.30689460488793,1.8466551785254524,0.6999040808115295
1800323,18,323,S,1.0224609375,120,SS,0.0,2438.4689681721593,2448.1485912348685,0.5197982735166182,0.0012155771255493164,9.679623062709197,4.158386188133591,5.521236874575607,0.4296020786340118
1800324,18,324,S,0.94140625,115,SS,0.0,2448.1485912348685,2453.327662298451,0.5129075665039345,0.001113295555114746,5.179071063582342,4.1032605320324365,1.0758105315499051,0.7922773180088841
1800325,18,325,S,0.9716796875,122,SS,0.0,2453.327662298451,2463.975451353252,0.5209286363330508,0.0011447668075561523,10.647789054801251,4.167429090663063,6.480359964138188,0.39138914841517314
1800326,18,326,S,0.943359375,125,SS,0.0,2463.975451353252,2469.0903895250754,0.5235417805518015,0.0011028051376342773,5.114938171823269,4.188334244416183,0.9266039274070863,0.8188435722426749
1800327,18,327,S,1.0537109375,119,SS,0.0,2469.0903895250754,2475.3816154910864,0.5193348521080644,0.00125885009765625,6.291225966011098,4.154678816863452,2.1365471491476455,0.6603925593055265
1800328,18,328,S,0.9990234375,119,SS,0.0,2475.3816154910864,2484.9292154880923,0.518268612115442,0.0011854171752929688,9.547599997005818,4.146148896925297,5.401451100080521,0.4342608507086129
1800329,18,329,S,0.9619140625,120,SS,0.0,2484.9292154880923,2489.078078476293,0.5186078735251461,0.0011342763900756836,4.1488629882005625,4.1488629882005625,0.0,1.0
1800330,18,330,S,1.0546875,143,SS,0.0,2489.078078476293,2499.531315068156,0.5490342638389905,0.0012286901473999023,10.45323659186306,4.392274110712606,6.0609624811504546,0.4201831721795727
1800331,18,331,S,0.951171875,124,SS,0.0,2499.531315068156,2504.75329754186,0.522640759145707,0.0011146068572998047,5.221982473703974,4.181126073166524,1.04085640053745,0.8006779215022592
1800332,18,332,S,1.0615234375,138,SS,0.0,2504.75329754186,2516.068590206005,0.5425293108058258,0.0012444257736206055,11.31529266414509,4.340234486448026,6.975058177697065,0.3835724461817043
1800333,18,333,S,1.01953125,114,SS,0.0,2516.068590206005,2521.1118866574952,0.5133073450908976,0.0012195110321044922,5.043296451490278,4.106458760728856,0.936837690761422,0.8142410029288305
1800334,18,334,S,0.98828125,134,SS,0.0,2521.1118866574952,2530.9807095260135,0.5355892203989342,0.0011513233184814453,9.868822868518237,4.284713763190666,5.58410910532757,0.43416664989083936
1800335,18,335,S,0.998046875,125,SS,0.0,2530.9807095260135,2537.5340991884004,0.5246617805424735,0.0011762380599975586,6.553389662386962,4.197294244338991,2.356095418047971,0.6404768311625464
1800336,18,336,S,0.9755859375,135,SS,0.0,2537.5340991884004,2544.6305106984655,0.536629443009008,0.001132965087890625,7.0964115100650815,4.293035544073064,2.803375965992018,0.6049586524096165
1800337,18,337,S,1.0341796875,127,SS,0.0,2544.6305106984655,2554.3562878347025,0.5275510233448472,0.0012221336364746094,9.725777136236957,4.220408186760324,5.505368949476633,0.43394045819080534
1800338,18,338,S,0.953125,131,SS,0.0,2554.3562878347025,2559.540685096573,0.5308715925859453,0.0011080503463745117,5.184397261870345,4.246972740686033,0.9374245211843117,0.8191835089338577
1800339,18,339,S,0.9423828125,135,SS,0.0,2559.540685096573,2570.0539209569306,0.5358950430174076,0.0010883808135986328,7.198929946397584,1.1816147027197985,6.0173152436777855,0.16413754704073627
1900206,19,206,S,0.998046875,123,SS,0.0,1554.9677541883013,1566.8626053680953,0.5225243777335069,0.0011788606643676758,0.12299032512487429,0.12299032512487429,0.0,1.0
1900207,19,207,S,1.0458984375,131,SS,0.0,1566.8626053680953,1571.1255077086232,0.5328627925658987,0.0012326240539550781,4.262902340527944,4.262902340527944,0.0,1.0
1900208,19,208,S,1.0234375,141,SS,0.0,1571.1255077086232,1581.7023067201071,0.5456485386361274,0.0011893510818481445,10.5767990114839,4.365188309089717,6.211610702394182,0.4127135539164691
1900209,19,209,S,1.05859375,133,SS,0.0,1581.7023067201071,1587.331303407605,0.535800357775582,0.0012470483779907227,5.6289966874978745,4.286402862204341,1.3425938252935339,0.7614861226911956
1900210,19,210,S,1.0322265625,129,SS,0.0,1587.331303407605,1595.2281164986948,0.5299129073559401,0.001216888427734375,7.896813091089825,4.23930325884794,3.6575098322418853,0.5368372291388349
1900211,19,211,S,0.951171875,120,SS,0.0,1595.2281164986948,1603.686993552562,0.5183966735266591,0.001119852066040039,8.458877053867127,4.1471733882135595,4.311703665653567,0.4902746974336984
1900212,19,212,S,0.9423828125,116,SS,0.0,1603.686993552562,1610.2233739502635,0.5139855479086403,0.001113295555114746,6.536380397701578,4.1118843832682614,2.4244960144333163,0.6290766652311339
1900213,19,213,S,0.9775390625,122,SS,0.0,1610.2233739502635,1620.1663338931446,0.5210457563321559,0.001152634620666504,9.942959942881089,4.168366050656914,5.774593892224175,0.4192278833066566
1900214,19,214,S,0.9892578125,129,SS,0.0,1620.1663338931446,1625.3053755058174,0.529004747364432,0.0011591911315917969,5.139041612672827,4.232037978916196,0.9070036337566307,0.8235072408209405
1900215,19,215,S,0.9609375,135,SS,0.0,1625.3053755058174,1636.5471562866953,0.5363054430127135,0.001113295555114746,11.241780780877889,4.290443544101436,6.951337236776453,0.3816515930820693
1900216,19,216,S,1.0263671875,119,SS,0.0,1636.5471562866953,1640.6975701435897,0.5188017321117532,0.0012221336364746094,4.1504138568943745,4.1504138568943745,0.0,1.0
1900217,19,217,S,1.0419921875,137,SS,0.0,1640.6975701435897,1652.818605496244,0.5407578882049409,0.0012195110321044922,12.12103535265419,4.32606310564006,7.79497224701413,0.3569054111118293
1900218,19,218,S,1.029296875,113,SS,0.0,1652.818605496244,1656.9179328857276,0.5124159236855729,0.0012339353561401367,4.099327389483733,4.099327389483733,0.0,1.0
1900219,19,219,S,1.0146484375,118,SS,0.0,1656.9179328857276,1669.26949675955,0.5175018307089495,0.0012077093124389648,12.351563873822442,4.140014645670817,8.211549228151625,0.33518141410781577
1900220,19,220,S,1.0419921875,143,SS,0.0,1669.26949675955,1673.659391350296,0.5487368238431389,0.0012116432189941406,4.3898945907458256,4.3898945907458256,0.0,1.0
1900221,19,221,S,1.03125,126,SS,0.0,1673.659391350296,1685.5607488217056,0.5264159219410958,0.0012195110321044922,11.90135747140971,4.211327375529436,7.6900300958802745,0.3538526916485104
1900222,19,222,S,0.9755859375,140,SS,0.0,1685.5607488217056,1689.9065420700563,0.5432241560439026,0.001126408576965332,4.345793248350674,4.345793248350674,0.0,1.0
1900223,19,223,S,1.0029296875,112,SS,0.0,1689.9065420700563,1700.2480886370372,0.5108582622837351,0.0011998414993286133,10.341546566980924,4.086866098270548,6.254680468710376,0.39518906304781587
1900224,19,224,S,0.9443359375,131,SS,0.0,1700.2480886370372,1705.4742934322692,0.5306829525878445,0.0010962486267089844,5.226204795231979,4.2454636207021395,0.9807411745298396,0.8123416106034347
1900225,19,225,S,0.984375,135,SS,0.0,1705.4742934322692,1713.0387331431828,0.5368238430067844,0.0011447668075561523,7.564439710913575,4.294590744053494,3.2698489668600814,0.5677341492797523
1900226,19,226,S,0.958984375,124,SS,0.0,1713.0387331431828,1720.4754175769053,0.5227994791444208,0.0011250972747802734,7.436684433722576,4.182395833155169,3.2542886005674063,0.5624006061343106
1900227,19,227,S,0.947265625,132,SS,0.0,1720.4754175769053,1725.6460638023002,0.5320601351944516,0.0010988712310791016,5.170646225394876,4.256481081554739,0.9141651438401368,0.8232009880408472
1900228,19,228,S,1.0322265625,119,SS,0.0,1725.6460638023002,1734.9624617459833,0.5189159721109629,0.001230001449584961,9.316397943683114,4.151327776888138,5.165070166794976,0.44559365132131373
1900229,19,229,S,1.0419921875,134,SS,0.0,1734.9624617459833,1740.1279522621774,0.5367684203858418,0.001223444938659668,5.1654905161940405,4.294147363087177,0.8713431531068636,0.831314538207908
1900230,19,230,S,0.9765625,138,SS,0.0,1740.1279522621774,1748.2682793265717,0.5406083508296706,0.0011303424835205078,8.140327064394342,4.3248668066371465,3.815460257757195,0.531289071363489
1900231,19,231,S,1.0234375,142,SS,0.0,1748.2682793265717,1755.6140064939814,0.5469753212426649,0.001188039779663086,7.345727167409677,4.375802569940788,2.9699245974688893,0.595693587607587
1900232,19,232,S,0.96875,122,SS,0.0,1755.6140064939814,1763.476105074916,0.5208700763334982,0.0011408329010009766,7.862098580934571,4.166960610667957,3.6951379702666145,0.5300061513821197
1900233,19,233,S,0.9599609375,142,SS,0.0,1763.476105074916,1769.9155584613438,0.5454985212628225,0.0011028051376342773,6.439453386427886,4.363988170101948,2.075465216325938,0.677695435966616
1900234,19,234,S,1.0166015625,131,SS,0.0,1769.9155584613438,1777.4110110171714,0.5322339925722293,0.0011932849884033203,7.495452555827569,4.257871940577388,3.237580615250181,0.5680606886460745
1900235,19,235,S,1.0625,137,SS,0.0,1777.4110110171714,1783.0320506389548,0.5412182081993744,0.0012470483779907227,5.621039621783439,4.329745665594601,1.291293956188838,0.7702748880857138
1900236,19,236,S,0.994140625,137,SS,0.0,1783.0320506389548,1789.3034702199814,0.5396838082179294,0.001155257225036621,6.271419581026521,4.317470465743099,1.9539491152834216,0.6884359131073169
1900237,19,237,S,0.958984375,130,SS,0.0,1789.3034702199814,1798.4682731525506,0.5296811299775471,0.0011172294616699219,9.164802932569273,4.237449039819694,4.927353892749579,0.4623611736113743
1900238,19,238,S,1.0478515625,130,SS,0.0,1798.4682731525506,1803.65874858452,0.5315739299591645,0.001236557960510254,5.190475431969389,4.252591439673779,0.9378839922956104,0.8193067273724182
1900239,19,239,S,1.0224609375,133,SS,0.0,1803.65874858452,1814.105012192166,0.5350129977840562,0.0011985301971435547,10.44626360764596,4.280103982271612,6.166159625374348,0.40972582571426447
1900240,19,240,S,1.005859375,114,SS,0.0,1814.105012192166,1818.209428072904,0.5130519850923355,0.0012011528015136719,4.104415880738088,4.104415880738088,0.0,1.0
1900241,19,241,S,0.9912109375,128,SS,0.0,1818.209428072904,1826.7454112834616,0.5277245247572113,0.0011631250381469727,8.53598321055756,4.221796198056836,4.3141870125007244,0.4945881562694725
1900242,19,242,S,1.0029296875,142,SS,0.0,1826.7454112834616,1833.7483617431712,0.5464982012491774,0.0011605024337768555,7.002950459709609,4.371985609994226,2.630964849715383,0.6243062313731574
1900243,19,243,S,1.0185546875,130,SS,0.0,1833.7483617431712,1840.245153369816,0.5309499299652247,0.001197218894958496,6.496791626644836,4.247599439720943,2.2491921869238922,0.6537995496577975
1900244,19,244,S,1.048828125,112,SS,0.0,1840.245153369816,1849.588151540492,0.5117005022794533,0.0012614727020263672,9.342998170675855,4.093604018235055,5.2493941524408,0.43814672158272844
1900245,19,245,S,1.05078125,123,SS,0.0,1849.588151540492,1854.5927433191684,0.5235870977251389,0.0012496709823608398,5.004591778676513,4.1886967818009,0.8158949968756133,0.8369707194996471
1900246,19,246,S,0.9560546875,112,SS,0.0,1854.5927433191684,1864.7092280082477,0.5099981022881079,0.0011368989944458008,10.116484689079243,4.079984818305093,6.036499870774151,0.4033006467858782
1900247,19,247,S,0.998046875,140,SS,0.0,1864.7092280082477,1869.0591428565447,0.5437393560371844,0.0011565685272216797,4.349914848296976,4.349914848296976,0.0,1.0
1900248,19,248,S,1.005859375,122,SS,0.0,1869.0591428565447,1877.2237843519583,0.5216118363278303,0.0011906623840332031,8.164641495413662,4.172894690622343,3.991746804791319,0.5110934378400314
1900249,19,249,S,0.97265625,130,SS,0.0,1877.2237843519583,1884.2582674204625,0.529972329974719,0.0011355876922607422,7.034483068504187,4.239778639797805,2.794704428706382,0.6027136036165557
1900250,19,250,S,1.0263671875,116,SS,0.0,1884.2582674204625,1890.5585169928888,0.5155817078988084,0.0012260675430297852,6.30024957242631,4.124653663189747,2.175595909236563,0.6546809956928877
1900251,19,251,S,1.0126953125,112,SS,0.0,1890.5585169928888,1899.6963706245217,0.5110374622828241,0.0012129545211791992,9.13785363163288,4.088299698261835,5.049553933371044,0.4474026246283046
1900252,19,252,S,1.048828125,113,SS,0.0,1899.6963706245217,1904.8640797487674,0.5127775236836347,0.0012601613998413086,5.167709124245675,4.102220189468426,1.0654889347772496,0.7938179357312845
1900253,19,253,S,1.001953125,126,SS,0.0,1904.8640797487674,1915.836410380351,0.5258111219462671,0.0011801719665527344,10.972330631583645,4.2064889755693,6.765841656014345,0.3833724225791193
1900254,19,254,S,1.017578125,133,SS,0.0,1915.836410380351,1920.1156631626332,0.5349065977852013,0.0011919736862182617,4.2792527822821285,4.2792527822821285,0.0,1.0
1900255,19,255,S,0.99609375,138,SS,0.0,1920.1156631626332,1930.6238975431766,0.541049950824189,0.0011565685272216797,10.5082343805434,4.328399606592939,6.179834773950461,0.4119055066574476
1900256,19,256,S,0.9560546875,123,SS,0.0,1930.6238975431766,1935.3584893982602,0.5216781377401702,0.0011224746704101562,4.734591855083636,4.173425101920657,0.5611667531629791,0.8814751576610681
1900257,19,257,S,0.99609375,142,SS,0.0,1935.3584893982602,1942.842004607814,0.5463391612513482,0.0011513233184814453,7.483515209553843,4.370713290010826,3.112801919543017,0.5840454876648006
1900258,19,258,S,0.9609375,127,SS,0.0,1942.842004607814,1950.8015699771447,0.5260270233582109,0.0011237859725952148,7.959565369330676,4.208216186865684,3.751349182464992,0.5286992431873897
1900259,19,259,S,1.0126953125,144,SS,0.0,1950.8015699771447,1956.0667889035892,0.5493754464593494,0.0011709928512573242,5.265218926444504,4.395003571675261,0.8702153547692433,0.8347238040950973
1900260,19,260,S,0.9736328125,135,SS,0.0,1956.0667889035892,1966.2523227030974,0.5365862430095019,0.0011303424835205078,10.185533799508221,4.292689944075391,5.8928438554328295,0.4214496783941409
1900261,19,261,S,0.9892578125,140,SS,0.0,1966.2523227030974,1970.6006247514156,0.5435377560398134,0.0011447668075561523,4.348302048318146,4.348302048318146,0.0,1.0
1900262,19,262,S,0.9736328125,136,SS,0.0,1970.6006247514156,1981.0395949183714,0.5379048656164989,0.0011290311813354492,10.438970166955869,4.303238924932884,6.135731242022985,0.4122282999289154
1900263,19,263,S,1.015625,131,SS,0.0,1981.0395949183714,1986.5726629748328,0.5322130325724401,0.0011919736862182617,5.5330680564613886,4.257704260578976,1.2753637958824129,0.7695015165423327
1900264,19,264,S,0.9794921875,123,SS,0.0,1986.5726629748328,1992.0959579279465,0.522150457736451,0.0011539459228515625,5.523294953113691,4.177203661891326,1.3460912912223648,0.7562883563798233
1900265,19,265,S,1.04296875,114,SS,0.0,1992.0959579279465,2002.474874905061,0.5137451050884324,0.0012509822845458984,10.378916977114386,4.109960840707572,6.268956136406814,0.39599130138241556
1900266,19,266,S,1.0380859375,123,SS,0.0,2002.474874905061,2007.499096779497,0.5233312577271534,0.0012326240539550781,5.02422187443608,4.186650061818,0.83757181261808,0.8332932275782329
1900267,19,267,S,0.978515625,112,SS,0.0,2007.499096779497,2018.2817343909364,0.5104102622860126,0.0011670589447021484,10.78263761143944,4.0832820982886915,6.699355513150749,0.37869046938540196
1900268,19,268,S,0.97265625,113,SS,0.0,2018.2817343909364,2022.3726726604664,0.5113672836911934,0.0011578798294067383,4.090938269529943,4.090938269529943,0.0,1.0
1900269,19,269,S,1.0029296875,122,SS,0.0,2022.3726726604664,2031.2789700163894,0.5215532763282777,0.0011867284774780273,8.906297355923016,4.172426210625417,4.733871145297599,0.46848045196364346
1900270,19,270,S,0.9873046875,135,SS,0.0,2031.2789700163894,2038.292285881736,0.5368886430060431,0.0011487007141113281,7.0133158653466126,4.295109144048183,2.7182067212984293,0.6124220306789091
1900271,19,271,S,1.033203125,119,SS,0.0,2038.292285881736,2044.0787177244715,0.518935012110831,0.0012313127517700195,5.78643184273551,4.151480096887099,1.6349517458484115,0.7174507900061093
1900272,19,272,S,0.984375,141,SS,0.0,2044.0787177244715,2054.5376739071557,0.5447461386481717,0.0011368989944458008,10.458956182684233,4.357969109183841,6.1009870735003915,0.4166734263978332
1900273,19,273,S,0.955078125,122,SS,0.0,2054.5376739071557,2059.638318686814,0.5205967963355865,0.0011224746704101562,5.100644779658069,4.164774370685336,0.9358704089727325,0.8165191952387889
1900274,19,274,S,1.0361328125,120,SS,0.0,2059.638318686814,2070.2713822496235,0.5200670735146927,0.0012339353561401367,10.633063562809639,4.160536588118703,6.472526974690936,0.39128296031923077
1900275,19,275,S,1.009765625,119,SS,0.0,2070.2713822496235,2074.4192066665355,0.5184780521139928,0.0011998414993286133,4.147824416912044,4.147824416912044,0.0,1.0
1900276,19,276,S,0.9814453125,140,SS,0.0,2074.4192066665355,2086.0765561241183,0.54335855604215,0.0011342763900756836,11.657349457582768,4.346868448337773,7.310481009244995,0.372886517999189
1900277,19,277,S,1.0146484375,135,SS,0.0,2086.0765561241183,2090.376503668112,0.5374934429991257,0.0011854171752929688,4.299947543993767,4.299947543993767,0.0,1.0
1900278,19,278,S,0.9599609375,135,SS,0.0,2090.376503668112,2099.2676135949496,0.5362838430129607,0.0011119842529296875,8.891109926837544,4.2902707441026,4.600839182734944,0.4825348892777209
1900279,19,279,S,0.974609375,116,SS,0.0,2099.2676135949496,2106.3397461817112,0.5145980279048675,0.0011565685272216797,7.072132586761654,4.116784223238938,2.9553483635227167,0.5821135524163048
1900280,19,280,S,0.95703125,116,SS,0.0,2106.3397461817112,2111.234930532978,0.5142639479069253,0.001132965087890625,4.895184351266835,4.114111583254271,0.7810727680125638,0.8404405816074264
1900281,19,281,S,0.9814453125,133,SS,0.0,2111.234930532978,2122.4719599223595,0.5341192377936756,0.0011434555053710938,11.237029389381405,4.2729539023494,6.964075487032005,0.3802565388310891
1900282,19,282,S,0.9658203125,121,SS,0.0,2122.4719599223595,2127.594253211479,0.5197480949292708,0.0011382102966308594,5.122293289119625,4.15798475943302,0.9643085296866047,0.8117428122019266
1900283,19,283,S,1.0224609375,140,SS,0.0,2127.594253211479,2138.7579056455033,0.5442993560298819,0.0011893510818481445,11.163652434024243,4.35439484824019,6.809257585784053,0.39005109429679097
1900284,19,284,S,0.9814453125,121,SS,0.0,2138.7579056455033,2143.8966287367502,0.5200578549269771,0.0011591911315917969,5.138723091246902,4.160462839416141,0.9782602518307613,0.8096297009081709
1900285,19,285,S,1.0390625,126,SS,0.0,2143.8966287367502,2154.4081574975035,0.5265772019397168,0.001230001449584961,10.511528760753208,4.212617615517956,6.298911145235252,0.40076165050763746
1900286,19,286,S,0.9560546875,117,SS,0.0,2154.4081574975035,2158.530615171997,0.5153072093117727,0.0011303424835205078,4.122457674493489,4.122457674493489,0.0,1.0
1900287,19,287,S,1.0029296875,124,SS,0.0,2158.530615171997,2170.467139123431,0.5236922791371863,0.0011841058731079102,11.936523951434083,4.189538233098574,7.746985718335509,0.3509847800033303
1900288,19,288,S,1.03515625,127,SS,0.0,2170.467139123431,2174.6877098701893,0.527571343344669,0.001223444938659668,4.2205707467583125,4.2205707467583125,0.0,1.0
1900289,19,289,S,1.015625,129,SS,0.0,2174.6877098701893,2186.9810705182367,0.529562027359221,0.001194596290588379,12.293360648047383,4.2364962188730715,8.056864429174311,0.344616605675355
1900290,19,290,S,1.03125,140,SS,0.0,2186.9810705182367,2191.337078166454,0.544500956027253,0.0012011528015136719,4.356007648217201,4.356007648217201,0.0,1.0
1900291,19,291,S,0.966796875,137,SS,0.0,2191.337078166454,2202.4235092258,0.5390700482253514,0.0011185407638549805,11.086431059346069,4.312560385802499,6.77387067354357,0.3889944710535975
1900292,19,292,S,0.9609375,122,SS,0.0,2202.4235092258,2208.078964466422,0.5207139163346914,0.0011303424835205078,5.6554552406219045,4.165711330679187,1.4897439099427174,0.7365828484960484
1900293,19,293,S,0.9453125,143,SS,0.0,2208.078964466422,2218.7944896400872,0.5464717038747324,0.0010818243026733398,10.715525173665355,4.371773630999087,6.3437515426662685,0.4079850086809769
1900294,19,294,S,1.0458984375,116,SS,0.0,2218.7944896400872,2224.7449609959463,0.515952907896522,0.001252293586730957,5.950471355859008,4.127623263171699,1.822848092687309,0.693663243855047
1900295,19,295,S,1.0166015625,132,SS,0.0,2224.7449609959463,2231.2920848111385,0.5335596551788299,0.0011919736862182617,6.547123815192208,4.268477241432265,2.278646573759943,0.6519621992679472
1900296,19,296,S,0.9951171875,122,SS,0.0,2231.2920848111385,2241.4668245695575,0.521397116329471,0.0011762380599975586,10.174739758419037,4.171176930634829,6.003562827784208,0.40995416390708267
1900297,19,297,S,1.0556640625,133,SS,0.0,2241.4668245695575,2245.787425618782,0.535736517776269,0.0012431144714355469,4.320601049224479,4.285892142208468,0.034708907016010926,0.9919666484777063
1900298,19,298,S,0.994140625,131,SS,0.0,2245.787425618782,2258.563992136181,0.5317519125770827,0.0011631250381469727,12.776566517398805,4.25401530061572,8.522551216783086,0.3329544987554136
1900299,19,299,S,1.033203125,124,SS,0.0,2258.563992136181,2262.758450689239,0.5243073191322024,0.0012247562408447266,4.194458553058212,4.194458553058212,0.0,1.0
1900300,19,300,S,0.9970703125,141,SS,0.0,2262.758450689239,2275.6209248128475,0.5450394186442572,0.0011539459228515625,12.862474123608536,4.3603153491530975,8.502158774455438,0.33899507258482414
1900301,19,301,S,0.962890625,121,SS,0.0,2275.6209248128475,2279.7784449322867,0.5196900149297009,0.0011342763900756836,4.157520119439141,4.157520119439141,0.0,1.0
1900302,19,302,S,0.96484375,138,SS,0.0,2279.7784449322867,2292.714456817194,0.5403433908329596,0.0011146068572998047,12.936011884907202,4.32274712666549,8.613264758241712,0.33416381842606047
1900303,19,303,S,1.015625,142,SS,0.0,2292.714456817194,2297.0888053071544,0.5467935612451458,0.0011775493621826172,4.374348489960539,4.374348489960539,0.0,1.0
1900304,19,304,S,1.02734375,139,SS,0.0,2297.0888053071544,2309.771127571946,0.5430839334219201,0.001197218894958496,12.682322264791765,4.344671467373701,8.337650797418064,0.34257696474369137
1900305,19,305,S,1.041015625,118,SS,0.0,2309.771127571946,2313.9152202975906,0.5180115907055493,0.0012431144714355469,4.144092725644441,4.144092725644441,0.0,1.0
1900306,19,306,S,1.0595703125,121,SS,0.0,2313.9152202975906,2326.3711051568334,0.5216066549155092,0.0012640953063964844,12.455884859242815,4.172853239324468,8.283031619918347,0.33501058226529984
1900307,19,307,S,1.0478515625,138,SS,0.0,2326.3711051568334,2330.7088666833097,0.5422201908096628,0.0012260675430297852,4.337761526476243,4.337761526476243,0.0,1.0
1900308,19,308,S,0.958984375,142,SS,0.0,2330.7088666833097,2343.3960734764687,0.5454758012631326,0.0011014938354492188,12.687206793159021,4.36380641010328,8.323400383055741,0.34395328154154914
1900309,19,309,S,0.9755859375,141,SS,0.0,2343.3960734764687,2347.752418265677,0.5445430986508817,0.0011250972747802734,4.356344789208379,4.356344789208379,0.0,1.0
1900310,19,310,S,1.0048828125,126,SS,0.0,2347.752418265677,2359.9694758428973,0.5258716019457501,0.0011841058731079102,12.217057577220203,4.206972815565678,8.010084761654525,0.34435237691029263
1900311,19,311,S,1.0078125,121,SS,0.0,2359.9694758428973,2364.134120442284,0.5205805749231067,0.001194596290588379,4.16464459938652,4.16464459938652,0.0,1.0
1900312,19,312,S,1.001953125,141,SS,0.0,2364.134120442284,2374.8410015920585,0.5451522186427517,0.0011605024337768555,10.706881149774745,4.36121774914136,6.345663400633384,0.40732849166193585
1900313,19,313,S,0.9892578125,119,SS,0.0,2374.8410015920585,2380.1253559858624,0.5180782121167593,0.0011723041534423828,5.284354393803824,4.144625696935691,1.1397286968681328,0.7843201625151176
1900314,19,314,S,1.0185546875,120,SS,0.0,2380.1253559858624,2385.186011731948,0.5197214735171686,0.001210331916809082,5.060655746085558,4.157771788137325,0.9028839579482337,0.8215875563860239
1900315,19,315,S,0.9892578125,126,SS,0.0,2385.186011731948,2395.9628587864304,0.5255490419485082,0.0011631250381469727,10.77684705448246,4.204392335588636,6.572454718893823,0.390131948085863
1900316,19,316,S,1.03125,115,SS,0.0,2395.9628587864304,2400.8786473200776,0.5146003664939508,0.0012339353561401367,4.915788533647174,4.116802931952407,0.798985601694767,0.8374654246768473
1900317,19,317,S,1.0126953125,140,SS,0.0,2400.8786473200776,2411.539855022753,0.5440753560328029,0.0011762380599975586,10.661207702675256,4.3526028482629044,6.308604854412351,0.40826545825297916
1900318,19,318,S,0.96484375,127,SS,0.0,2411.539855022753,2415.7487214496123,0.5261083033574983,0.0011290311813354492,4.208866426859458,4.208866426859458,0.0,1.0
1900319,19,319,S,0.94921875,143,SS,0.0,2415.7487214496123,2421.5663073109667,0.546563223873456,0.0010870695114135742,5.817585861354473,4.3725057909869065,1.4450800703675668,0.7516014194191682
1900320,19,320,S,0.9404296875,124,SS,0.0,2421.5663073109667,2430.775718513888,0.5224225191474754,0.0011001825332641602,9.209411202921274,4.179380153178499,5.0300310497427745,0.4538162170294642
1900321,19,321,S,1.0498046875,132,SS,0.0,2430.775718513888,2435.916479437864,0.534277735171349,0.001236557960510254,5.140760923975904,4.274221881369158,0.8665390426067461,0.8314375915508325
1900322,19,322,S,0.9931640625,129,SS,0.0,2435.916479437864,2446.6623246529107,0.5290873073636599,0.0011644363403320312,10.745845215046756,4.232698458908999,6.513146756137758,0.3938916273409752
1900323,19,323,S,1.048828125,125,SS,0.0,2446.6623246529107,2451.9323231111603,0.5257017805338117,0.0012444257736206055,5.2699984582495745,4.205614244270691,1.064384213978883,0.7980295018278967
1900324,19,324,S,1.005859375,119,SS,0.0,2451.9323231111603,2458.056938175269,0.5184018921145198,0.001194596290588379,6.124615064108639,4.147215136916202,1.9773999271924367,0.677138904813731
1900325,19,325,S,1.0048828125,142,SS,0.0,2458.056938175269,2467.665464589572,0.5465436412485571,0.0011631250381469727,9.608526414303014,4.372349129989743,5.236177284313271,0.4550488744539613
1900326,19,326,S,1.0625,113,SS,0.0,2467.665464589572,2471.7697097390296,0.513030643682278,0.001278519630432129,4.104245149457711,4.104245149457711,0.0,1.0
1900327,19,327,S,1.05078125,137,SS,0.0,2471.7697097390296,2481.684763381801,0.5409551682025552,0.0012313127517700195,9.915053642771454,4.327641345618758,5.587412297152696,0.43647180353621334
1900328,19,328,S,1.0390625,137,SS,0.0,2481.684763381801,2487.0852638259416,0.5406921282057361,0.0012155771255493164,5.400500444140562,4.325537025644735,1.0749634184958268,0.8009511470993135
1900329,19,329,S,0.9580078125,135,SS,0.0,2487.0852638259416,2496.431318965604,0.5362406430134549,0.0011093616485595703,9.34605513966244,4.289925144108565,5.056129995553874,0.45900918408913954
1900330,19,330,S,1.0048828125,139,SS,0.0,2496.431318965604,2503.1466914331722,0.542572413428431,0.0011670589447021484,6.715372467568159,4.340579307427106,2.374793160141053,0.6463646399942671
1900331,19,331,S,0.9560546875,119,SS,0.0,2503.1466914331722,2510.62698334487,0.5174308521212384,0.0011277198791503906,7.480291911697805,4.139446816971031,3.340845094726774,0.553380384861411
1900332,19,332,S,0.9931640625,137,SS,0.0,2510.62698334487,2518.0239851483716,0.5396618882181945,0.0011539459228515625,7.397001803501553,4.31729510574587,3.0797066977556824,0.5836547320702521
1900333,19,333,S,1.0029296875,132,SS,0.0,2518.0239851483716,2523.1445227226827,0.5332639751819103,0.0011736154556274414,5.120537574311129,4.2661118014548265,0.8544257728563025,0.8331374859657681
1900334,19,334,S,1.005859375,128,SS,0.0,2523.1445227226827,2534.3991022537652,0.5280317247544514,0.0011827945709228516,11.254579531082527,4.224253798034624,7.030325733047903,0.3753364385020532
1900335,19,335,S,1.033203125,141,SS,0.0,2534.3991022537652,2539.7686443162297,0.5458741386331162,0.0012024641036987305,5.369542062464461,4.366993109066243,1.0025489533982181,0.8132896731722262
1900336,19,336,S,0.955078125,139,SS,0.0,2539.7686443162297,2551.275723913945,0.5414381734428686,0.0011001825332641602,11.507079597715347,4.331505387541256,7.175574210174091,0.376420911210282
1900337,19,337,S,1.0166015625,141,SS,0.0,2551.275723913945,2556.664720811297,0.5454906186382351,0.0011801719665527344,5.388996897351717,4.363924949106149,1.025071948245568,0.8097842756693155
1900338,19,338,S,1.056640625,112,SS,0.0,2556.664720811297,2568.0402565672207,0.5118438622787246,0.001271963119506836,10.074894231673625,2.79410937397779,7.280784857695835,0.27733386671133686
2000207,20,207,S,0.98828125,132,SS,0.0,1562.092882923139,1570.1223765227494,0.5329471751852105,0.0011539459228515625,3.382761479778992,3.382761479778992,0.0,1.0
2000208,20,208,S,0.9638671875,133,SS,0.0,1570.1223765227494,1576.4422614351618,0.5337361977977982,0.001119852066040039,6.319884912412363,4.269889582383257,2.0499953300291054,0.6756277434731637
2000209,20,209,S,0.9658203125,132,SS,0.0,1576.4422614351618,1586.1608909054387,0.5324614151902711,0.0011237859725952148,9.718629470276937,4.259691321522041,5.458938148754896,0.4383016488641437
2000210,20,210,S,1.05859375,124,SS,0.0,1586.1608909054387,1591.3116745928742,0.5248231591280226,0.00125885009765625,5.150783687435478,4.198585273024946,0.9521984144105318,0.8151352352976365
2000211,20,211,S,0.9716796875,140,SS,0.0,1591.3116745928742,1602.0935785110516,0.543134556045071,0.0011211633682250977,10.781903918177477,4.345076448360487,6.43682746981699,0.4029971405175496
2000212,20,212,S,0.9375,140,SS,0.0,1602.0935785110516,1606.4323829594935,0.5423505560552946,0.0010752677917480469,4.338804448441806,4.338804448441806,0.0,1.0
2000213,20,213,S,0.9638671875,123,SS,0.0,1606.4323829594935,1618.6622340122963,0.5218355777389304,0.001132965087890625,12.229851052802815,4.1746846219120926,8.055166430890722,0.3413520413198611
2000214,20,214,S,0.9892578125,123,SS,0.0,1618.6622340122963,1622.841012074176,0.5223472577349015,0.0011670589447021484,4.1787780618797115,4.1787780618797115,0.0,1.0
2000215,20,215,S,1.0380859375,132,SS,0.0,1622.841012074176,1634.9586251860508,0.5340242951739892,0.0012208223342895508,12.117613111874789,4.272194361392394,7.845418750482395,0.35256071653301174
2000216,20,216,S,0.95703125,135,SS,0.0,1634.9586251860508,1639.2483775301605,0.5362190430137018,0.0011080503463745117,4.289752344109729,4.289752344109729,0.0,1.0
2000217,20,217,S,1.029296875,119,SS,0.0,1639.2483775301605,1651.2457676344025,0.5188588521113581,0.0012260675430297852,11.997390104241958,4.150870816891256,7.846519287350702,0.3459811493020985
2000218,20,218,S,1.0400390625,126,SS,0.0,1651.2457676344025,1655.4585465299192,0.5265973619395444,0.0012313127517700195,4.212778895516749,4.212778895516749,0.0,1.0
2000219,20,219,S,1.0107421875,127,SS,0.0,1655.4585465299192,1666.408546264215,0.5270633433491235,0.0011906623840332031,10.949999734295716,4.21650674679222,6.733492987503496,0.3850691186398844
2000220,20,220,S,1.044921875,113,SS,0.0,1666.408546264215,1671.9001303276964,0.5127052036840223,0.0012549161911010742,5.4915840634814685,4.101641629471487,1.3899424340099813,0.7468959014480046
2000221,20,221,S,0.9462890625,144,SS,0.0,1671.9001303276964,1679.7309809242838,0.5478087264816626,0.0010818243026733398,7.830850596587425,4.382469811853298,3.448380784734127,0.5596416069747413
2000222,20,222,S,0.94921875,137,SS,0.0,1679.7309809242838,1687.7612796768528,0.5386754882301227,0.0010949373245239258,8.030298752569024,4.309403905841464,3.7208948467275604,0.5366430364079312
2000223,20,223,S,1.005859375,117,SS,0.0,1687.7612796768528,1694.281093159693,0.5162619293056461,0.001197218894958496,6.5198134828401635,4.130095434446048,2.3897180483941156,0.6334683415892588
2000224,20,224,S,1.0537109375,113,SS,0.0,1694.281093159693,1703.3015596921607,0.5128679236831502,0.0012667179107666016,9.020466532467708,4.1029433894655085,4.9175231430021995,0.4548482470055876
2000225,20,225,S,0.9892578125,119,SS,0.0,1703.3015596921607,1707.4461853890946,0.5180782121167593,0.0011723041534423828,4.144625696933872,4.144625696933872,0.0,1.0
2000226,20,226,S,1.0205078125,135,SS,0.0,1707.4461853890946,1715.9463627603006,0.5376230429976434,0.0011932849884033203,8.500177371206064,4.300984343981327,4.199193027224737,0.5059875995706514
2000227,20,227,S,1.0615234375,132,SS,0.0,1715.9463627603006,1722.6689075538122,0.5345311751687087,0.001252293586730957,6.722544793511588,4.27624940134956,2.4462953921620283,0.6361057505301975
2000228,20,228,S,1.0068359375,120,SS,0.0,1722.6689075538122,1730.5722240209172,0.5194910735188191,0.001194596290588379,7.9033164671050145,4.155928588150346,3.747387878954669,0.5258461565404913
2000229,20,229,S,1.0556640625,134,SS,0.0,1730.5722240209172,1738.0720978776314,0.5370685803825093,0.0012418031692504883,7.499873856714203,4.296548643060305,3.2033252136538977,0.5728827877836711
2000230,20,230,S,1.0224609375,139,SS,0.0,1738.0720978776314,1746.2027551933895,0.5429727334233354,0.0011906623840332031,8.130657315758071,4.343781867386497,3.7868754483715747,0.5342473183524522
2000231,20,231,S,0.962890625,112,SS,0.0,1746.2027551933895,1752.4226720708446,0.5101235422874703,0.001146078109741211,6.219916877455034,4.080988338298994,2.1389285391560406,0.6561162180625132
2000232,20,232,S,1.0517578125,144,SS,0.0,1752.4226720708446,1757.6986306027013,0.550297046446224,0.001223444938659668,5.275958531856759,4.402376371570426,0.8735821602863325,0.8344220950540917
2000233,20,233,S,0.9501953125,118,SS,0.0,1757.6986306027013,1765.4806602936708,0.516255750717261,0.0011211633682250977,7.782029690969466,4.130046005737313,3.651983685232153,0.5307157862080583
2000234,20,234,S,0.984375,142,SS,0.0,1765.4806602936708,1771.665067146966,0.5460665212550696,0.0011355876922607422,6.184406853295286,4.368532170041362,1.8158746832539236,0.7063785216061008
2000235,20,235,S,0.9482421875,116,SS,0.0,1771.665067146966,1780.4475738146455,0.5140969079079543,0.0011211633682250977,8.7825066676794,4.112775263263757,4.669731404415643,0.4682917325186016
2000236,20,236,S,0.9931640625,132,SS,0.0,1780.4475738146455,1785.67493758739,0.5330527751841104,0.0011605024337768555,5.2273637727446385,4.26442220147328,0.962941571271358,0.815788299201193
2000237,20,237,S,1.0263671875,119,SS,0.0,1785.67493758739,1792.5528677048908,0.5188017321117532,0.0012221336364746094,6.877930117500682,4.1504138568943745,2.7275162606063077,0.6034393757990901
2000238,20,238,S,0.9775390625,112,SS,0.0,1792.5528677048908,1799.4884963144382,0.5103923422861039,0.0011657476425170898,6.935628609547393,4.083138738289563,2.8524898712578306,0.5887193458814718
2000239,20,239,S,0.982421875,137,SS,0.0,1799.4884963144382,1805.7900316413081,0.5394207682211103,0.001139521598815918,6.301535326869953,4.315366145769076,1.9861691811008768,0.6848118628119426
2000240,20,240,S,0.96875,127,SS,0.0,1805.7900316413081,1815.150680790249,0.5261895833567856,0.0011342763900756836,9.360649148940865,4.209516666855052,5.1511324820858135,0.4497034981095674
2000241,20,241,S,1.0068359375,135,SS,0.0,1815.150680790249,1820.5895195334622,0.5373206430011022,0.0011749267578125,5.438838743213182,4.298565144008535,1.1402735992046473,0.7903461284584821
2000242,20,242,S,1.0283203125,118,SS,0.0,1820.5895195334622,1830.9938462297278,0.5177661507071863,0.0012260675430297852,10.40432669626557,4.142129205656602,6.262197490608969,0.3981160267817559
2000243,20,243,S,1.017578125,114,SS,0.0,1830.9938462297278,1835.100013150456,0.5132708650911029,0.001216888427734375,4.106166920728356,4.106166920728356,0.0,1.0
2000244,20,244,S,0.962890625,136,SS,0.0,1835.100013150456,1843.8640004687811,0.5376655056193156,0.0011146068572998047,8.763987318325007,4.3013240449545265,4.462663273370481,0.49079532965100237
2000245,20,245,S,1.015625,120,SS,0.0,1843.8640004687811,1850.7593495571095,0.5196638735175811,0.0012063980102539062,6.89534908832843,4.157310988141035,2.7380381001873957,0.6029152309602427
2000246,20,246,S,0.94921875,134,SS,0.0,1850.7593495571095,1856.8431288269767,0.534731620408456,0.0010988712310791016,6.0837792698671365,4.277852963266923,1.8059263066002131,0.7031571616108858
2000247,20,247,S,0.9384765625,114,SS,0.0,1856.8431288269767,1866.2901605990899,0.5117934250994227,0.001110672950744629,9.447031772113178,4.094347400794504,5.352684371318674,0.4334004054988641
2000248,20,248,S,0.9775390625,119,SS,0.0,1866.2901605990899,1871.3585986883327,0.5178497321183403,0.0011565685272216797,5.068438089242818,4.142797856946345,0.9256402322964732,0.817371699920526
2000249,20,249,S,0.955078125,117,SS,0.0,1871.3585986883327,1881.7085619625923,0.5152884893118929,0.0011290311813354492,10.349963274259608,4.1223079144947405,6.227655359764867,0.39829203304971467
2000250,20,250,S,1.0126953125,133,SS,0.0,1881.7085619625923,1885.986963544883,0.5348001977863466,0.0011854171752929688,4.278401582290826,4.278401582290826,0.0,1.0
2000251,20,251,S,0.966796875,112,SS,0.0,1885.986963544883,1895.936769504411,0.5101952222871059,0.0011513233184814453,9.949805959527794,4.081561778297328,5.868244181230466,0.41021521373377956
2000252,20,252,S,0.9921875,132,SS,0.0,1895.936769504411,1901.4524467379163,0.5330316551843305,0.0011591911315917969,5.515677233505357,4.2642532414738525,1.251423992031505,0.7731150792454561
2000253,20,253,S,0.9404296875,115,SS,0.0,1901.4524467379163,1909.0604567314392,0.512889166504043,0.0011119842529296875,7.6080099935229555,4.1031133320320805,3.504896661490875,0.5393149240767622
2000254,20,254,S,0.984375,114,SS,0.0,1909.0604567314392,1917.435949860993,0.5126507050945952,0.0011723041534423828,8.375493129553888,4.101205640756234,4.274287488797654,0.48966736373822095
2000255,20,255,S,1.0341796875,139,SS,0.0,1917.435949860993,1923.7550997904586,0.5432396134199383,0.0012063980102539062,6.319149929465539,4.345916907359424,1.9732330221061147,0.6877375843062159
2000256,20,256,S,1.001953125,114,SS,0.0,1923.7550997904586,1932.7155041334588,0.5129790250927463,0.0011959075927734375,8.960404343000164,4.103832200742545,4.856572142257619,0.45799631843047844
2000257,20,257,S,1.0595703125,124,SS,0.0,1932.7155041334588,1936.9142481264823,0.5248429991278617,0.0012601613998413086,4.198743993023527,4.198743993023527,0.0,1.0
2000258,20,258,S,1.0166015625,113,SS,0.0,1936.9142481264823,1946.7457209228735,0.5121808836868327,0.001216888427734375,9.831472796391154,4.097447069494592,5.7340257268965615,0.4167683880484972
2000259,20,259,S,1.0224609375,119,SS,0.0,1946.7457209228735,1952.2153648988306,0.5187255721122801,0.001216888427734375,5.469643975957069,4.149804576898532,1.3198393990585373,0.7586973841697633
2000260,20,260,S,1.0517578125,112,SS,0.0,1952.2153648988306,1958.0351060109588,0.5117542622791801,0.001265406608581543,5.819741112128213,4.0940340982342605,1.7257070138939525,0.7034735771497435
2000261,20,261,S,1.02734375,131,SS,0.0,1958.0351060109588,1967.74348592415,0.5324645525699082,0.0012077093124389648,9.708379913191266,4.259716420559926,5.44866349263134,0.4387669681912668
2000262,20,262,S,1.0263671875,144,SS,0.0,1967.74348592415,1973.2353588670426,0.5496980064547555,0.0011893510818481445,5.491872942892542,4.39758405163775,1.0942888912547915,0.8007439533591185
2000263,20,263,S,0.953125,124,SS,0.0,1973.2353588670426,1983.8971883213326,0.5226804391453854,0.0011172294616699219,10.66182945429,4.181443513163686,6.480385941126315,0.39218818225245555
2000264,20,264,S,0.9775390625,128,SS,0.0,1983.8971883213326,1988.1166907594106,0.5274378047597871,0.0011447668075561523,4.219502438078052,4.219502438078052,0.0,1.0
2000265,20,265,S,1.00390625,124,SS,0.0,1988.1166907594106,1998.6088037022773,0.5237121191370255,0.0011854171752929688,10.492112942866697,4.189696953095336,6.302415989771362,0.3993187050034375
2000266,20,266,S,1.0263671875,129,SS,0.0,1998.6088037022773,2004.1192849165225,0.5297890673570982,0.0012090206146240234,5.5104812142451465,4.238312538856917,1.2721686753882295,0.7691365552432071
2000267,20,267,S,0.982421875,132,SS,0.0,2004.1192849165225,2010.0573612380547,0.5328204551865308,0.001146078109741211,5.938076321532208,4.2625636414923065,1.6755126800399012,0.717835778909698
2000268,20,268,S,0.9794921875,131,SS,0.0,2010.0573612380547,2019.9348860972339,0.5314375125802479,0.0011434555053710938,9.877524859179175,4.251500100641351,5.626024758537824,0.43042160472928964
2000269,20,269,S,0.955078125,113,SS,0.0,2019.9348860972339,2024.804077307404,0.5110418436929378,0.0011342763900756836,4.869191210170129,4.088334749543719,0.7808564606264099,0.8396332312858326
2000270,20,270,S,0.96484375,122,SS,0.0,2024.804077307404,2035.8555699236588,0.5207919963340949,0.0011355876922607422,11.05149261625479,4.166335970672662,6.8851566455821285,0.3769930556298539
2000271,20,271,S,0.9501953125,134,SS,0.0,2035.8555699236588,2040.1335944069253,0.5347530604082179,0.0011001825332641602,4.278024483266563,4.278024483266563,0.0,1.0
2000272,20,272,S,1.0234375,131,SS,0.0,2040.1335944069253,2051.919588427983,0.5323807125707521,0.0012024641036987305,11.785994021057604,4.2590457005655935,7.526948320492011,0.3613649975518495
2000273,20,273,S,1.0263671875,137,SS,0.0,2051.919588427983,2056.2428457736564,0.540407168209182,0.0011985301971435547,4.323257345673483,4.323257345673483,0.0,1.0
2000274,20,274,S,1.02734375,135,SS,0.0,2056.2428457736564,2065.1945009842807,0.537774242995914,0.0012024641036987305,8.951655210624267,4.302193943967723,4.6494612666565445,0.48060317815432235
2000275,20,275,S,1.021484375,132,SS,0.0,2065.1945009842807,2072.0259379695535,0.5336652551777297,0.0011985301971435547,6.8314369852728305,4.269322041422129,2.562114943850702,0.6249522685528545
2000276,20,276,S,1.0087890625,126,SS,0.0,2072.0259379695535,2077.3292184107067,0.5259522419450604,0.0011893510818481445,5.30328044115322,4.207617935560847,1.0956625055923723,0.7933991012260864
2000277,20,277,S,0.99609375,125,SS,0.0,2077.3292184107067,2088.0561623229178,0.5246217805428066,0.0011736154556274414,10.726943912211027,4.196974244343437,6.52996966786759,0.391255354618365
2000278,20,278,S,0.9482421875,132,SS,0.0,2088.0561623229178,2093.190379981611,0.5320812551942317,0.0011001825332641602,5.13421765869316,4.256650041552348,0.8775676171408122,0.8290747148876847
2000279,20,279,S,1.0458984375,130,SS,0.0,2093.190379981611,2103.895325724436,0.5315323299595685,0.0012339353561401367,10.704945742825203,4.252258639677166,6.452687103148037,0.397223745157902
2000280,20,280,S,1.033203125,139,SS,0.0,2103.895325724436,2108.241064711798,0.5432173734202214,0.0012050867080688477,4.345738987361983,4.345738987361983,0.0,1.0
2000281,20,281,S,0.998046875,118,SS,0.0,2108.241064711798,2120.256864606465,0.5171808707110904,0.0011854171752929688,12.015799894666998,4.137446965687559,7.878352928979439,0.3443338772247607
2000282,20,282,S,1.0556640625,136,SS,0.0,2120.256864606465,2124.5747262512236,0.5397327055949898,0.001239180564880371,4.317861644758523,4.317861644758523,0.0,1.0
2000283,20,283,S,1.017578125,126,SS,0.0,2124.5747262512236,2136.6008325711005,0.5261336819435092,0.0012011528015136719,12.026106319876817,4.2090694555481605,7.8170368643286565,0.34999436588976324
2000284,20,284,S,0.9423828125,143,SS,0.0,2136.6008325711005,2140.9720570821078,0.5464030638756898,0.001077890396118164,4.371224511007313,4.371224511007313,0.0,1.0
2000285,20,285,S,0.986328125,128,SS,0.0,2140.9720570821078,2151.421883849992,0.5276221247581311,0.0011565685272216797,10.449826767884133,4.220976998065453,6.22884976981868,0.4039279398427875
2000286,20,286,S,1.021484375,129,SS,0.0,2151.421883849992,2156.971774446685,0.5296858673580631,0.0012024641036987305,5.549890596692876,4.2374869388659135,1.3124036578269624,0.763526211019545
2000287,20,287,S,1.0576171875,128,SS,0.0,2156.971774446685,2163.736206336728,0.5291171647446999,0.001252293586730957,6.764431890043397,4.2329373179563845,2.531494572087013,0.6257639054932118
2000288,20,288,S,1.015625,135,SS,0.0,2163.736206336728,2173.243576369828,0.5375150429988785,0.0011867284774780273,9.50737003309996,4.300120343992603,5.207249689107357,0.452293360731907
2000289,20,289,S,0.9462890625,136,SS,0.0,2173.243576369828,2179.704848264047,0.5372955856236686,0.0010923147201538086,6.461271894218953,4.298364684989792,2.162907209229161,0.665250550566621
2000290,20,290,S,1.01171875,119,SS,0.0,2179.704848264047,2189.648102186026,0.5185161321137294,0.0012024641036987305,9.943253921978794,4.148129056909966,5.7951248650688285,0.41718023993542463
2000291,20,291,S,0.9580078125,119,SS,0.0,2189.648102186026,2194.7531906730965,0.5174689321209751,0.0011303424835205078,5.105088487070589,4.139751456968952,0.9653370301016366,0.810906895630409
2000292,20,292,S,1.0166015625,112,SS,0.0,2194.7531906730965,2206.3691726636443,0.5111091422824597,0.0012181997299194336,11.61598199054788,4.08887313825835,7.52710885228953,0.3520040872640415
2000293,20,293,S,1.0185546875,130,SS,0.0,2206.3691726636443,2211.5908715481237,0.5309499299652247,0.001197218894958496,5.221698884479338,4.247599439720943,0.9740994447583944,0.8134516244025964
2000294,20,294,S,0.9873046875,128,SS,0.0,2211.5908715481237,2222.0406849583587,0.5276426047579472,0.0011578798294067383,10.449813410235038,4.221140838064457,6.228672572170581,0.4039441349192009
2000295,20,295,S,1.03515625,113,SS,0.0,2222.0406849583587,2226.140880187838,0.5125244036849914,0.0012418031692504883,4.100195229479141,4.100195229479141,0.0,1.0
2000296,20,296,S,1.009765625,134,SS,0.0,2226.140880187838,2238.8199526010767,0.5360609003936974,0.0011801719665527344,12.679072413238828,4.288487203149998,8.39058521008883,0.33823351293996734
2000297,20,297,S,1.03515625,122,SS,0.0,2238.8199526010767,2242.9975320916647,0.5221974363233556,0.001230001449584961,4.177579490587959,4.177579490587959,0.0,1.0
2000298,20,298,S,0.9482421875,140,SS,0.0,2242.9975320916647,2254.439550563398,0.5425969560520814,0.0010896921157836914,11.442018471733263,4.340775648415729,7.101242823317534,0.3793714945609748
2000299,20,299,S,0.966796875,129,SS,0.0,2254.439550563398,2260.1080663124126,0.5285300273688711,0.0011290311813354492,5.668515749014659,4.2282402189521235,1.4402755300625358,0.745916639587198
2000300,20,300,S,0.9462890625,134,SS,0.0,2260.1080663124126,2270.086328522657,0.5346673004091702,0.0010949373245239258,9.978262210244338,4.277338403273461,5.700923806970877,0.42866566473689827
2000301,20,301,S,1.02734375,114,SS,0.0,2270.086328522657,2277.0517246618697,0.5134532650900759,0.001230001449584961,6.965396139212771,4.107626120719942,2.857770018492829,0.5897189533263482
2000302,20,302,S,1.05078125,115,SS,0.0,2277.0517246618697,2283.8146508047575,0.5149683664917806,0.0012601613998413086,6.7629261428878635,4.11974693193406,2.6431792109538037,0.6091663349401699
2000303,20,303,S,1.0,120,SS,0.0,2283.8146508047575,2294.0646153422763,0.5193566735197818,0.0011854171752929688,10.249964537518736,4.15485338815779,6.095111149360946,0.4053529524857827
2000304,20,304,S,0.9619140625,124,SS,0.0,2294.0646153422763,2298.247487335427,0.5228589991439386,0.0011290311813354492,4.182871993150911,4.182871993150911,0.0,1.0
2000305,20,305,S,0.9794921875,125,SS,0.0,2298.247487335427,2310.780069342378,0.5242817805456383,0.0011513233184814453,12.532582006950634,4.194254244364856,8.338327762585777,0.33466800712245104
2000306,20,306,S,0.978515625,122,SS,0.0,2310.780069342378,2314.948591553035,0.5210652763320066,0.0011539459228515625,4.168522210657102,4.168522210657102,0.0,1.0
2000307,20,307,S,0.9521484375,115,SS,0.0,2314.948591553035,2327.371939379029,0.5131099665027408,0.0011277198791503906,12.423347825993915,4.1048797320218,8.318468093972115,0.3304165503144797
2000308,20,308,S,0.9833984375,134,SS,0.0,2327.371939379029,2331.6557955422304,0.5354820204001245,0.0011447668075561523,4.283856163201563,4.283856163201563,0.0,1.0
2000309,20,309,S,1.0419921875,131,SS,0.0,2331.6557955422304,2344.01170672702,0.5327789525667428,0.0012273788452148438,12.35591118478942,4.262231620534294,8.093679564255126,0.34495486061612823
2000310,20,310,S,0.943359375,142,SS,0.0,2344.01170672702,2348.3726049771662,0.5451122812680944,0.0010805130004882812,4.36089825014642,4.36089825014642,0.0,1.0
2000311,20,311,S,0.986328125,115,SS,0.0,2348.3726049771662,2360.521512073432,0.5137539664989427,0.0011736154556274414,12.148907096265702,4.110031731990603,8.0388753642751,0.3383046474405861
2000312,20,312,S,1.0322265625,132,SS,0.0,2360.521512073432,2364.7926926748332,0.5338975751753094,0.0012129545211791992,4.271180601401284,4.271180601401284,0.0,1.0
2000313,20,313,S,1.009765625,120,SS,0.0,2364.7926926748332,2376.6719200110074,0.5195486735184064,0.0011985301971435547,11.879227336174154,4.156389388146636,7.722837948027518,0.3498871829390589
2000314,20,314,S,1.0087890625,115,SS,0.0,2376.6719200110074,2380.7853373429807,0.5141771664964467,0.001203775405883789,4.113417331973324,4.113417331973324,0.0,1.0
2000315,20,315,S,0.94140625,144,SS,0.0,2380.7853373429807,2390.1769622240204,0.5476935264833033,0.0010752677917480469,9.391624881039661,4.381548211866175,5.010076669173486,0.4665378214489689
2000316,20,316,S,1.033203125,141,SS,0.0,2390.1769622240204,2397.125554632501,0.5458741386331162,0.0012024641036987305,6.948592408480636,4.366993109066243,2.5815992994143926,0.628471617321575
2000317,20,317,S,1.05859375,125,SS,0.0,2397.125554632501,2402.3912707234317,0.525901780532146,0.0012575387954711914,5.2657160909307095,4.207214244255738,1.0585018466749716,0.7989823552207725
2000318,20,318,S,0.9443359375,137,SS,0.0,2402.3912707234317,2413.0683556500276,0.538565888231448,0.0010883808135986328,10.677084926595853,4.308527105851681,6.368557820744172,0.4035302833565975
2000319,20,319,S,1.0205078125,143,SS,0.0,2413.0683556500276,2418.5771545761454,0.5482334638501599,0.0011827945709228516,5.508798926117834,4.385867710800085,1.1229312153177489,0.7961567974474788
2000320,20,320,S,1.0498046875,119,SS,0.0,2418.5771545761454,2429.052588957695,0.5192586921085915,0.0012536048889160156,10.475434381549803,4.15406953686761,6.3213648446821935,0.39655343974891377
2000321,20,321,S,1.01953125,135,SS,0.0,2429.052588957695,2434.239603111259,0.5376014429978905,0.0011919736862182617,5.187014153563723,4.3008115439843095,0.8862026095794135,0.8291497606632612
2000322,20,322,S,1.046875,122,SS,0.0,2434.239603111259,2440.5202469090164,0.5224316763215656,0.001245737075805664,6.2806437977574205,4.179453410572023,2.1011903871853974,0.665449840040976
2000323,20,323,S,1.037109375,116,SS,0.0,2440.5202469090164,2449.105649119334,0.5157858678975508,0.0012404918670654297,8.585402210317625,4.126286943181185,4.45911526713644,0.4806166143529494
2000324,20,324,S,0.978515625,112,SS,0.0,2449.105649119334,2454.0277879106898,0.5104102622860126,0.0011670589447021484,4.922138791355792,4.0832820982868725,0.8388566930689194,0.8295747583261751
2000325,20,325,S,1.009765625,140,SS,0.0,2454.0277879106898,2464.660425696667,0.5440081560336792,0.0011723041534423828,10.632637785977295,4.352065248269355,6.28057253770794,0.4093119069671512
2000326,20,326,S,0.94140625,134,SS,0.0,2464.660425696667,2469.7876498570913,0.5345601004103603,0.0010883808135986328,5.127224160424248,4.2764808032843575,0.8507433571398906,0.8340733054531604
2000327,20,327,S,1.0517578125,143,SS,0.0,2469.7876498570913,2480.9716658222974,0.5489656238399478,0.0012247562408447266,11.184015965206072,4.391724990720832,6.79229097448524,0.39267871258264175
2000328,20,328,S,0.9736328125,131,SS,0.0,2480.9716658222974,2486.042647636651,0.5313117525815141,0.0011355876922607422,5.070981814353672,4.250494020652695,0.8204877937009769,0.8381994209920958
2000329,20,329,S,1.0205078125,130,SS,0.0,2486.042647636651,2491.202619862542,0.5309915299648207,0.0011998414993286133,5.159972225891124,4.2479322397193755,0.9120399861717488,0.8232471133089792
2000330,20,330,S,1.021484375,123,SS,0.0,2491.202619862542,2501.9622437177654,0.5229966977297879,0.001210331916809082,10.759623855223253,4.183973581839382,6.5756502733838715,0.3888587220275618
2000331,20,331,S,0.9697265625,141,SS,0.0,2501.9622437177654,2506.317505626988,0.5444077386526883,0.0011172294616699219,4.355261909222463,4.355261909222463,0.0,1.0
2000332,20,332,S,1.0185546875,115,SS,0.0,2506.317505626988,2517.530521023017,0.5143611664953617,0.001216888427734375,11.213015396029277,4.114889331962331,7.098126064066946,0.36697437635013724
2000333,20,333,S,1.0078125,131,SS,0.0,2517.530521023017,2522.6319048628648,0.5320453525741284,0.001181483268737793,5.1013838398475855,4.256362820593495,0.8450210192540908,0.834354550494021
2000334,20,334,S,1.03125,121,SS,0.0,2522.6319048628648,2533.8543071664985,0.5210452149196663,0.0012260675430297852,11.222402303633771,4.168361719355744,7.054040584278027,0.3714322126917553
2000335,20,335,S,1.0361328125,134,SS,0.0,2533.8543071664985,2539.1615942985063,0.5366397803872702,0.0012155771255493164,5.307287132007787,4.293118243098434,1.014168888909353,0.8089101147754022
2000336,20,336,S,0.9951171875,123,SS,0.0,2539.1615942985063,2550.635889038354,0.5224653377339716,0.0011749267578125,11.474294739847664,4.179722701872379,7.294572037975286,0.3642683752367921
2000337,20,337,S,1.037109375,131,SS,0.0,2550.635889038354,2555.933518028131,0.5326741525677979,0.0012208223342895508,5.2976289897769675,4.261393220542232,1.036235769234736,0.8043963117775143
2000338,20,338,S,1.0400390625,141,SS,0.0,2555.933518028131,2567.2369750623166,0.5460320586310085,0.0012116432189941406,10.806097014839452,3.8708964497036504,6.935200565135801,0.35821411230974043
2100206,21,206,S,1.0068359375,135,SS,0.0,1554.8016712356773,1566.7828911807107,0.5373206430011022,0.0011749267578125,0.04327613774034944,0.04327613774034944,0.0,1.0
2100207,21,207,S,0.951171875,142,SS,0.0,1566.7828911807107,1571.1452435108356,0.5452940412656135,0.00109100341796875,4.36235233012485,4.36235233012485,0.0,1.0
2100208,21,208,S,0.95703125,115,SS,0.0,1571.1452435108356,1581.6149165864192,0.5132019665021983,0.0011342763900756836,10.469673075583614,4.105615732018123,6.3640573435654915,0.3921436421537224
2100209,21,209,S,0.9990234375,140,SS,0.0,1581.6149165864192,1587.33585486515,0.5437617560368923,0.0011578798294067383,5.720938278730728,4.350094048295432,1.3708442304352957,0.7603812235605105
2100210,21,210,S,1.0400390625,127,SS,0.0,1587.33585486515,1595.2130126602472,0.5276729433437781,0.001230001449584961,7.877157795097219,4.221383546750076,3.655774248347143,0.5359018641695213
2100211,21,211,S,1.0478515625,143,SS,0.0,1595.2130126602472,1603.8875241424153,0.5488741038412243,0.0012195110321044922,8.6745114821681,4.390992830729374,4.283518651438726,0.5061948260436094
2100212,21,212,S,0.9716796875,119,SS,0.0,1603.8875241424153,1610.3377519033165,0.5177354921191306,0.0011487007141113281,6.450227760901271,4.141883936952581,2.3083438239486895,0.6421298736238499
2100213,21,213,S,0.9501953125,133,SS,0.0,1610.3377519033165,1620.3535331314931,0.5334382778010047,0.0011014938354492188,10.015781228176593,4.267506222407974,5.748275005768619,0.42607821848210314
2100214,21,214,S,1.00390625,118,SS,0.0,1620.3535331314931,1627.123193717757,0.5172941507103348,0.0011932849884033203,6.7696605862638535,4.138353205682506,2.6313073805813474,0.6113088171775604
2100215,21,215,S,1.01953125,132,SS,0.0,1627.123193717757,1636.945350494381,0.5336230151781698,0.0011959075927734375,9.82215677662407,4.268984121425092,5.553172655198978,0.4346279761676097
2100216,21,216,S,0.955078125,126,SS,0.0,1636.945350494381,1642.1006004479318,0.5248434419545414,0.0011172294616699219,5.155249953550765,4.1987475356363575,0.9565024179144075,0.8144605156815723
2100217,21,217,S,0.998046875,125,SS,0.0,1642.1006004479318,1653.2488212435433,0.5246617805424735,0.0011762380599975586,11.14822079561145,4.197294244338991,6.95092655127246,0.3764990235922916
2100218,21,218,S,1.025390625,143,SS,0.0,1653.2488212435433,1657.6356041543327,0.5483478638485642,0.0011893510818481445,4.386782910789407,4.386782910789407,0.0,1.0
2100219,21,219,S,1.0107421875,144,SS,0.0,1657.6356041543327,1670.0461601679708,0.5493293664600056,0.001168370246887207,12.410556013638143,4.39463493167932,8.015921081958822,0.3541045966715747
2100220,21,220,S,1.0322265625,119,SS,0.0,1670.0461601679708,1674.197487944859,0.5189159721109629,0.001230001449584961,4.151327776888138,4.151327776888138,0.0,1.0
2100221,21,221,S,0.9765625,131,SS,0.0,1674.197487944859,1686.1390438348483,0.5313746325808809,0.001139521598815918,11.941555889989331,4.250997060647933,7.6905588293413985,0.3559835167050188
2100222,21,222,S,0.9677734375,114,SS,0.0,1686.1390438348483,1690.2377688356194,0.5123406250963413,0.0011500120162963867,4.098725000771083,4.098725000771083,0.0,1.0
2100223,21,223,S,1.060546875,142,SS,0.0,1690.2377688356194,1700.7970436224537,0.5478386812308804,0.0012378692626953125,10.559274786834294,4.382709449846516,6.176565336987778,0.41505780826075717
2100224,21,224,S,0.9775390625,139,SS,0.0,1700.7970436224537,1706.1010740815093,0.5419496934363575,0.0011303424835205078,5.304030459055639,4.3355975474914885,0.9684329115641503,0.8174156579529568
2100225,21,225,S,0.9541015625,114,SS,0.0,1706.1010740815093,1713.509733586447,0.5120852650977793,0.0011316537857055664,7.408659504937759,4.096682120782134,3.3119773841556253,0.552958617959397
2100226,21,226,S,1.041015625,137,SS,0.0,1713.509733586447,1721.0651351134024,0.5407359682052061,0.0012181997299194336,7.555401526955393,4.325887745641012,3.229513781314381,0.5725556385332466
2100227,21,227,S,1.0361328125,132,SS,0.0,1721.0651351134024,1727.6035110013254,0.5339820551744294,0.0012181997299194336,6.538375887922939,4.271856441395357,2.2665194465275817,0.6533513084321018
2100228,21,228,S,0.96484375,116,SS,0.0,1727.6035110013254,1735.4975476316376,0.5144124279060107,0.0011434555053710938,7.894036630312257,4.115299423248871,3.7787372070633864,0.5213174977484346
2100229,21,229,S,1.0576171875,137,SS,0.0,1735.4975476316376,1740.7119852353167,0.5411086082006998,0.0012404918670654297,5.214437603679016,4.328868865604818,0.8855687380741983,0.8301698466102287
2100230,21,230,S,1.0078125,123,SS,0.0,1740.7119852353167,1748.7399857928372,0.5227211777319573,0.0011919736862182617,8.0280005575205,4.181769421855279,3.846231135665221,0.52089799843597
2100231,21,231,S,1.029296875,114,SS,0.0,1748.7399857928372,1755.9804151468034,0.5134897450898704,0.0012326240539550781,7.240429353966192,4.107917960718623,3.1325113932475688,0.567358337453893
2100232,21,232,S,1.015625,117,SS,0.0,1755.9804151468034,1763.8344861215026,0.5164491293044446,0.001210331916809082,7.854070974699198,4.131593034435355,3.7224779402638433,0.5260447795474105
2100233,21,233,S,1.0146484375,113,SS,0.0,1763.8344861215026,1769.948818814769,0.5121447236870265,0.0012142658233642578,6.114332693266533,4.097157789496123,2.0171749037704103,0.6700907515235729
2100234,21,234,S,0.9384765625,141,SS,0.0,1769.948818814769,1777.4644245131835,0.5436858186623237,0.0010752677917480469,7.515605698414447,4.3494865492993995,3.1661191491150475,0.5787273473137371
2100235,21,235,S,0.947265625,140,SS,0.0,1777.4644245131835,1783.2020295942723,0.5425745560523735,0.0010883808135986328,5.737605081088759,4.340596448419092,1.3970086326696673,0.7565171159523978
2100236,21,236,S,0.962890625,138,SS,0.0,1783.2020295942723,1789.3858557786227,0.5402992308335077,0.0011119842529296875,6.183826184350437,4.3223938466671825,1.8614323376832544,0.6989837226676863
2100237,21,237,S,1.05859375,139,SS,0.0,1789.3858557786227,1798.4723223220224,0.5437956134128611,0.001239180564880371,9.086466543399638,4.350364907302719,4.736101636096919,0.4787741072422483
2100238,21,238,S,0.9736328125,117,SS,0.0,1798.4723223220224,1803.5814196599538,0.5156441693096103,0.0011539459228515625,5.109097337931416,4.125153354476424,0.9839439834549921,0.8074133416582402
2100239,21,239,S,1.0107421875,130,SS,0.0,1803.5814196599538,1813.9296638274393,0.5307835299668406,0.0011867284774780273,10.348244167485518,4.246268239734491,6.1019759277510275,0.41033707467749825
2100240,21,240,S,1.0029296875,131,SS,0.0,1813.9296638274393,1818.1851882480407,0.5319405525751835,0.0011749267578125,4.255524420601432,4.255524420601432,0.0,1.0
2100241,21,241,S,1.037109375,139,SS,0.0,1818.1851882480407,1824.9027402091663,0.543306333419089,0.001210331916809082,6.717551961125537,4.346450667353565,2.3711012937719715,0.6470289612207645
2100242,21,242,S,1.0341796875,112,SS,0.0,1824.9027402091663,1833.109352266884,0.5114317022808199,0.0012418031692504883,8.20661205771762,4.091453618246305,4.115158439471315,0.4985557486415653
2100243,21,243,S,0.9755859375,125,SS,0.0,1833.109352266884,1839.3046785925455,0.5242017805463047,0.001146078109741211,6.195326325661654,4.19361424437011,2.0017120812915437,0.6768996536953583
2100244,21,244,S,0.955078125,139,SS,0.0,1839.3046785925455,1848.795846445847,0.5414381734428686,0.0011001825332641602,9.491167853301476,4.331505387543075,5.159662465758402,0.4563722246294878
2100245,21,245,S,0.9609375,119,SS,0.0,1848.795846445847,1854.0126756068232,0.5175260521205798,0.0011342763900756836,5.216829160976204,4.140208416964015,1.0766207440121889,0.7936254550818518
2100246,21,246,S,0.9970703125,144,SS,0.0,1854.0126756068232,1864.3944737089748,0.5490068064645995,0.0011500120162963867,10.381798102151606,4.392054451716831,5.989743650434775,0.4230533486108333
2100247,21,247,S,0.978515625,133,SS,0.0,1864.3944737089748,1868.6669168913302,0.5340553977943627,0.001139521598815918,4.272443182355346,4.272443182355346,0.0,1.0
2100248,21,248,S,0.9677734375,139,SS,0.0,1868.6669168913302,1875.4701144563628,0.5417272934391885,0.0011172294616699219,6.803197565032633,4.333818347513443,2.46937921751919,0.6370266784237736
2100249,21,249,S,0.9404296875,130,SS,0.0,1875.4701144563628,1883.6208863932065,0.5292859299813852,0.0010923147201538086,8.15077193684374,4.234287439850959,3.91648449699278,0.5194952665416648
2100250,21,250,S,0.9658203125,125,SS,0.0,1883.6208863932065,1890.0129604296608,0.5240017805479703,0.001132965087890625,6.3920740364542326,4.192014244383245,2.200059792070988,0.6558144071041784
2100251,21,251,S,1.041015625,115,SS,0.0,1890.0129604296608,1899.1846348590573,0.5147843664928657,0.0012470483779907227,9.17167442939649,4.118274931943233,5.053399497453256,0.44902105538587267
2100252,21,252,S,1.0517578125,139,SS,0.0,1899.1846348590573,1903.533754326376,0.5436399334148427,0.001230001449584961,4.349119467318815,4.349119467318815,0.0,1.0
2100253,21,253,S,0.9892578125,114,SS,0.0,1903.533754326376,1915.3771371066298,0.5127419050940817,0.0011788606643676758,11.843382780253705,4.101935240752937,7.7414475395007685,0.346348278769815
2100254,21,254,S,1.033203125,122,SS,0.0,1915.3771371066298,1919.5544042772192,0.5221583963236538,0.0012273788452148438,4.177267170589403,4.177267170589403,0.0,1.0
2100255,21,255,S,1.0,121,SS,0.0,1919.5544042772192,1929.5346292238992,0.5204256949242535,0.0011841058731079102,9.980224946679982,4.163405559393141,5.8168193872868414,0.4171655029457164
2100256,21,256,S,0.955078125,140,SS,0.0,1929.5346292238992,1934.958639065862,0.5427537560500367,0.0010988712310791016,5.424009841962743,4.342030048399465,1.0819797935632778,0.8005203115244071
2100257,21,257,S,1.0341796875,136,SS,0.0,1934.958639065862,1942.6757601294519,0.5392539856006231,0.001210331916809082,7.717121063589957,4.314031884805445,3.403089178784512,0.5590208899481206
2100258,21,258,S,1.013671875,123,SS,0.0,1942.6757601294519,1950.3179911567577,0.5228392577310275,0.0011998414993286133,7.642231027305797,4.182714061847946,3.4595169654578513,0.5473158357687763
2100259,21,259,S,0.9892578125,128,SS,0.0,1950.3179911567577,1954.5394596748183,0.5276835647575793,0.0011605024337768555,4.221468518060647,4.221468518060647,0.0,1.0
2100260,21,260,S,0.939453125,141,SS,0.0,1954.5394596748183,1965.8851402989878,0.5437083786620226,0.0010765790939331055,11.345680624169518,4.349667029297052,6.9960135948724655,0.3833764736891172
2100261,21,261,S,0.9951171875,139,SS,0.0,1965.8851402989878,1970.2239404064387,0.5423500134312619,0.0011539459228515625,4.338800107450879,4.338800107450879,0.0,1.0
2100262,21,262,S,0.9873046875,113,SS,0.0,1970.2239404064387,1979.0256894668873,0.51163848368974,0.0011775493621826172,8.801749060448628,4.093107869517553,4.7086411909310755,0.46503346566766646
2100263,21,263,S,0.9697265625,137,SS,0.0,1979.0256894668873,1986.0973017058097,0.5391358082245562,0.0011224746704101562,7.071612238922398,4.313086465796005,2.7585257731263937,0.609915577957828
2100264,21,264,S,1.02734375,132,SS,0.0,1986.0973017058097,1991.395962515924,0.5337919751764095,0.0012063980102539062,5.29866081011437,4.27033580141142,1.02832500870295,0.8059273756983977
2100265,21,265,S,1.0205078125,132,SS,0.0,1991.395962515924,2002.0998656488762,0.5336441351779498,0.001197218894958496,10.703903132952064,4.269153081422701,6.434750051529363,0.3988407806382397
2100266,21,266,S,0.994140625,137,SS,0.0,2002.0998656488762,2006.9673840252315,0.5396838082179294,0.001155257225036621,4.867518376355292,4.317470465743099,0.5500479106121929,0.886996233381648
2100267,21,267,S,1.0322265625,115,SS,0.0,2006.9673840252315,2017.9127604065245,0.5146187664938424,0.0012352466583251953,10.945376381293045,4.116950131950944,6.828426249342101,0.3761360037821361
2100268,21,268,S,1.021484375,117,SS,0.0,2017.9127604065245,2022.0452520009542,0.5165614493037239,0.0012181997299194336,4.132491594429666,4.132491594429666,0.0,1.0
2100269,21,269,S,1.0107421875,123,SS,0.0,2022.0452520009542,2031.2186968853134,0.5227802177314923,0.0011959075927734375,9.173444884359242,4.1822417418516125,4.991203142507629,0.45590743658168703
2100270,21,270,S,0.986328125,135,SS,0.0,2031.2186968853134,2038.2287987862003,0.5368670430062902,0.0011473894119262695,7.010101900886866,4.294936344051166,2.7151655568357,0.6126781614269833
2100271,21,271,S,1.0234375,127,SS,0.0,2038.2287987862003,2044.1213352027376,0.5273275033468072,0.0012077093124389648,5.8925364165372685,4.21862002677517,1.6739163897620983,0.7159260000389153
2100272,21,272,S,0.9599609375,129,SS,0.0,2044.1213352027376,2054.246209652055,0.528385547370222,0.001119852066040039,10.124874449317304,4.227084378962672,5.897790070354631,0.4174949921722432
2100273,21,273,S,1.0283203125,135,SS,0.0,2054.246209652055,2059.528539104887,0.537795842995667,0.001203775405883789,5.282329452832073,4.302366743966559,0.9799627088655143,0.8144828493534957
2100274,21,274,S,0.9716796875,138,SS,0.0,2059.528539104887,2070.3195364229514,0.540497950831041,0.0011237859725952148,10.790997318064456,4.323983606649563,6.467013711414893,0.40070287103223384
2100275,21,275,S,0.9501953125,142,SS,0.0,2070.3195364229514,2074.6817069930776,0.5452713212659236,0.0010896921157836914,4.362170570126182,4.362170570126182,0.0,1.0
2100276,21,276,S,1.0556640625,128,SS,0.0,2074.6817069930776,2086.5206052246826,0.5290762047450679,0.0012496709823608398,11.838898231605071,4.232609637962014,7.6062885936430575,0.3575171908026591
2100277,21,277,S,0.9921875,119,SS,0.0,2086.5206052246826,2090.6656878816134,0.5181353321163641,0.0011762380599975586,4.145082656930754,4.145082656930754,0.0,1.0
2100278,21,278,S,1.0263671875,112,SS,0.0,2090.6656878816134,2100.916923158992,0.5112883422815486,0.0012313127517700195,10.251235277378782,4.090306738253275,6.160928539125507,0.39900622974474914
2100279,21,279,S,1.0166015625,115,SS,0.0,2100.916923158992,2106.3689691342806,0.5143243664955787,0.0012142658233642578,5.452045975288456,4.114594931965257,1.337451043323199,0.7546882309163878
2100280,21,280,S,1.0439453125,137,SS,0.0,2106.3689691342806,2112.7499032041255,0.5408017282044107,0.0012221336364746094,6.380934069844898,4.326413825634518,2.05452024421038,0.6780220228383711
2100281,21,281,S,0.98828125,143,SS,0.0,2112.7499032041255,2123.0162012001647,0.5474784238606909,0.001139521598815918,10.266297996039157,4.3798273908869305,5.886470605152226,0.4266218838160272
2100282,21,282,S,1.0224609375,121,SS,0.0,2123.0162012001647,2128.1383507813443,0.5208709749209565,0.0012142658233642578,5.122149581179656,4.16696779936683,0.9551817818128256,0.8135193502894847
2100283,21,283,S,0.9375,142,SS,0.0,2128.1383507813443,2139.1627298072426,0.5449759612699552,0.0010726451873779297,11.02437902589827,4.35980769015805,6.66457133574022,0.39546968404443184
2100284,21,284,S,1.037109375,134,SS,0.0,2139.1627298072426,2144.449258993374,0.5366612203870321,0.001216888427734375,5.286529186131247,4.293289763096254,0.9932394230349928,0.8121188045947669
2100285,21,285,S,1.05859375,140,SS,0.0,2144.449258993374,2155.03019472418,0.5451281560190744,0.0012378692626953125,10.580935730806232,4.361025248152146,6.219910482654086,0.41215875033198507
2100286,21,286,S,0.95703125,123,SS,0.0,2155.03019472418,2159.2037772661,0.5216978177400152,0.0011237859725952148,4.173582541920041,4.173582541920041,0.0,1.0
2100287,21,287,S,1.0439453125,140,SS,0.0,2159.2037772661,2171.5023906541687,0.5447921560234558,0.0012181997299194336,12.298613388068588,4.358337248188036,7.940276139880552,0.354376311431681
2100288,21,288,S,1.0166015625,134,SS,0.0,2171.5023906541687,2175.7920784973035,0.5362109803920311,0.0011893510818481445,4.289687843134743,4.289687843134743,0.0,1.0
2100289,21,289,S,1.025390625,118,SS,0.0,2175.7920784973035,2188.052368422536,0.5177095107075643,0.0012221336364746094,12.260289925232428,4.141676085659128,8.1186138395733,0.3378122467671262
2100290,21,290,S,1.0556640625,123,SS,0.0,2188.052368422536,2192.24185240433,0.523685497724364,0.0012562274932861328,4.189483981794183,4.189483981794183,0.0,1.0
2100291,21,291,S,0.9912109375,138,SS,0.0,2192.24185240433,2204.899702220876,0.5409395508255594,0.0011500120162963867,12.657849816545877,4.327516406603536,8.330333409942341,0.3418840063141502
2100292,21,292,S,0.9794921875,138,SS,0.0,2204.899702220876,2209.225098947508,0.5406745908288484,0.0011342763900756836,4.32539672663188,4.32539672663188,0.0,1.0
2100293,21,293,S,0.9423828125,126,SS,0.0,2209.225098947508,2221.695735938904,0.5245813619567823,0.0011001825332641602,12.470636991396077,4.196650895653875,8.273986095742202,0.33652257687793247
2100294,21,294,S,0.9765625,127,SS,0.0,2221.695735938904,2225.9065530857465,0.52635214335536,0.0011447668075561523,4.210817146842601,4.210817146842601,0.0,1.0
2100295,21,295,S,0.96484375,132,SS,0.0,2225.9065530857465,2236.9190547598887,0.5324402951904912,0.0011224746704101562,11.012501674142186,4.259522361524432,6.752979312617754,0.3867897129610403
2100296,21,296,S,0.94921875,119,SS,0.0,2236.9190547598887,2242.499999714679,0.5172975721221607,0.0011185407638549805,5.580944954790084,4.138380576976488,1.4425643778135964,0.7415196907513926
2100297,21,297,S,0.9931640625,143,SS,0.0,2242.499999714679,2252.021983660469,0.5475928238590952,0.001146078109741211,9.521983945789998,4.3807425908744335,5.141241354915564,0.46006616014211127
2100298,21,298,S,1.0625,129,SS,0.0,2252.021983660469,2259.0231501952426,0.5305527473499572,0.0012575387954711914,7.001166534773802,4.244421978801256,2.7567445559725456,0.6062449675664496
2100299,21,299,S,1.001953125,131,SS,0.0,2259.0231501952426,2263.2785069358456,0.5319195925753946,0.0011736154556274414,4.25535674060302,4.25535674060302,0.0,1.0
2100300,21,300,S,0.9951171875,125,SS,0.0,2263.2785069358456,2276.0595798739937,0.5246017805429731,0.0011723041534423828,12.7810729381481,4.196814244343841,8.584258693804259,0.3283616535680246
2100301,21,301,S,1.021484375,126,SS,0.0,2276.0595798739937,2280.269294449537,0.5262143219428197,0.0012063980102539062,4.20971457554333,4.20971457554333,0.0,1.0
2100302,21,302,S,1.0224609375,125,SS,0.0,2280.269294449537,2293.144283622881,0.525161780538309,0.0012090206146240234,12.874989173344147,4.201294244307064,8.673694929037083,0.3263143904621879
2100303,21,303,S,0.9609375,123,SS,0.0,2293.144283622881,2297.318495924795,0.5217765377393954,0.0011290311813354492,4.17421230191394,4.17421230191394,0.0,1.0
2100304,21,304,S,1.056640625,141,SS,0.0,2297.318495924795,2309.8412129301887,0.5464155786258896,0.0012339353561401367,12.522717005393588,4.371324629006267,8.15139237638732,0.34907158144063455
2100305,21,305,S,0.9970703125,143,SS,0.0,2309.8412129301887,2314.222687681051,0.5476843438578188,0.0011513233184814453,4.381474750862253,4.381474750862253,0.0,1.0
2100306,21,306,S,0.98828125,113,SS,0.0,2314.222687681051,2326.811065101761,0.511656563689643,0.0011788606643676758,12.588377420710003,4.093252509515878,8.495124911194125,0.3251612477698506
2100307,21,307,S,0.984375,135,SS,0.0,2326.811065101761,2331.1056558458163,0.5368238430067844,0.0011447668075561523,4.294590744055313,4.294590744055313,0.0,1.0
2100308,21,308,S,0.939453125,133,SS,0.0,2331.1056558458163,2343.454201315807,0.5332041978035242,0.0010870695114135742,12.348545469990768,4.265633582428563,8.082911887562204,0.34543611575912614
2100309,21,309,S,1.046875,127,SS,0.0,2343.454201315807,2347.6767227825485,0.5278151833425307,0.001239180564880371,4.222521466741455,4.222521466741455,0.0,1.0
2100310,21,310,S,1.0166015625,141,SS,0.0,2347.6767227825485,2359.9553419413464,0.5454906186382351,0.0011801719665527344,12.278619158797937,4.363924949106149,7.914694209691788,0.3554084455807303
2100311,21,311,S,0.943359375,144,SS,0.0,2359.9553419413464,2364.3372587932067,0.5477396064826469,0.001077890396118164,4.3819168518602964,4.3819168518602964,0.0,1.0
2100312,21,312,S,1.0009765625,115,SS,0.0,2364.3372587932067,2374.8586269986426,0.5140299664973149,0.0011932849884033203,10.52136820543592,4.112239731977752,6.409128473458168,0.3908464803896077
2100313,21,313,S,1.0302734375,132,SS,0.0,2374.8586269986426,2380.4366286402483,0.5338553351757495,0.001210331916809082,5.578001641605624,4.270842681406066,1.3071589601995584,0.7656581972924459
2100314,21,314,S,0.9765625,139,SS,0.0,2380.4366286402483,2386.6090896608384,0.5419274534366406,0.0011290311813354492,6.172461020590163,4.335419627492229,1.837041393097934,0.7023810459118476
2100315,21,315,S,1.0390625,132,SS,0.0,2386.6090896608384,2396.520064030033,0.5340454151737692,0.0012221336364746094,9.910974369194719,4.272363321390003,5.638611047804716,0.4310739955769998
2100316,21,316,S,0.984375,125,SS,0.0,2396.520064030033,2401.799262974883,0.5243817805448054,0.0011578798294067383,5.279198944849668,4.1950542443591985,1.0841447004904694,0.7946384078690291
2100317,21,317,S,1.00390625,113,SS,0.0,2401.799262974883,2412.4081646535715,0.5119458436880925,0.0011998414993286133,10.608901678688653,4.095566749503632,6.513334929185021,0.38605002417270756
2100318,21,318,S,1.056640625,144,SS,0.0,2412.4081646535715,2417.6397309549275,0.5504122464445834,0.001230001449584961,5.231566301355997,4.40329797155573,0.8282683298002667,0.8416787091878042
2100319,21,319,S,1.0537109375,130,SS,0.0,2417.6397309549275,2426.7921462218246,0.5316987299579523,0.0012444257736206055,9.152415266897151,4.2535898396636185,4.8988254272335325,0.4647505292999745
2100320,21,320,S,0.98828125,124,SS,0.0,2426.7921462218246,2432.3229637449444,0.5233946791395978,0.0011644363403320312,5.530817523119822,4.1871574331162265,1.3436600900035955,0.7570594067898909
2100321,21,321,S,1.0615234375,121,SS,0.0,2432.3229637449444,2438.4123553524832,0.5216453749152224,0.0012667179107666016,6.089391607538801,4.1731629993228125,1.916228608215988,0.6853169032775532
2100322,21,322,S,1.01953125,112,SS,0.0,2438.4123553524832,2448.0423341870837,0.5111629022821863,0.0012221336364746094,9.629978834600479,4.089303218257555,5.540675616342924,0.4246430120453332
2100323,21,323,S,0.984375,141,SS,0.0,2448.0423341870837,2453.170608485534,0.5447461386481717,0.0011368989944458008,5.128274298450378,4.357969109183614,0.7703051892667645,0.8497925141212651
2100324,21,324,S,1.0,136,SS,0.0,2453.170608485534,2464.027363519774,0.5384923856095852,0.0011644363403320312,10.856755034239995,4.307939084876125,6.5488159493638705,0.39679803691708637
2100325,21,325,S,0.9951171875,132,SS,0.0,2464.027363519774,2469.191053230166,0.5330950151836704,0.0011631250381469727,5.163689710391736,4.264760121470317,0.898929588921419,0.8259133218031369
2100326,21,326,S,1.017578125,116,SS,0.0,2469.191053230166,2475.4325339642573,0.5154146678998373,0.0012142658233642578,6.24148073409151,4.123317343197414,2.1181633908940967,0.6606312698644563
2100327,21,327,S,1.0146484375,134,SS,0.0,2475.4325339642573,2485.400736604212,0.5361681003925071,0.0011867284774780273,9.968202639954598,4.289344803139102,5.678857836815496,0.43030272939542075
2100328,21,328,S,0.970703125,117,SS,0.0,2485.400736604212,2490.5648270496235,0.5155880093099706,0.0011500120162963867,5.164090445411603,4.124704074478359,1.0393863709332436,0.7987280854353046
2100329,21,329,S,0.9970703125,138,SS,0.0,2490.5648270496235,2500.019278030741,0.541072030823915,0.0011578798294067383,9.454450981117589,4.328576246593002,5.1258747345245865,0.4578347547877742
2100330,21,330,S,1.044921875,130,SS,0.0,2500.019278030741,2505.308267137104,0.5315115299597705,0.0012326240539550781,5.288989106362806,4.252092239679769,1.036896866683037,0.803951786280743
2100331,21,331,S,1.025390625,142,SS,0.0,2505.308267137104,2516.641378536088,0.5470207612420447,0.0011906623840332031,11.333111398983874,4.376166089936305,6.956945309047569,0.3861398636149179
2100332,21,332,S,0.990234375,129,SS,0.0,2516.641378536088,2521.972737724897,0.529025387364239,0.0011605024337768555,5.331359188809074,4.232203098912578,1.0991560898964963,0.7938319195968435
2100333,21,333,S,1.060546875,121,SS,0.0,2521.972737724897,2532.9259956977808,0.5216260149153658,0.001265406608581543,10.953257972883875,4.17300811932364,6.780249853560235,0.3809832772727923
2100334,21,334,S,0.9912109375,125,SS,0.0,2532.9259956977808,2537.971319043175,0.5245217805436395,0.0011670589447021484,5.045323345394081,4.196174244349095,0.8491491010449863,0.8316958016535884
2100335,21,335,S,1.033203125,135,SS,0.0,2537.971319043175,2548.1806933320936,0.5379038429944317,0.001210331916809082,10.209374288918752,4.303230743957101,5.906143544961651,0.4214979901978738
2100336,21,336,S,1.0478515625,131,SS,0.0,2548.1806933320936,2554.8306959528927,0.5329047125654768,0.0012352466583251953,6.650002620799114,4.263237700524769,2.386764920274345,0.6410881233626441
2100337,21,337,S,1.03125,127,SS,0.0,2554.8306959528927,2563.2044387309024,0.5274900633453817,0.0012181997299194336,8.373742778009728,4.219920506762719,4.153822271247009,0.5039467557857934
2100338,21,338,S,1.0380859375,140,SS,0.0,2563.2044387309024,2571.2394134682554,0.5446577560252083,0.001210331916809082,3.5351763120679607,0.7033939442130759,2.831782367854885,0.1989699755036019
2200207,22,207,S,0.9775390625,141,SS,0.0,1557.4684496250516,1568.5250428279753,0.5445882186502795,0.0011277198791503906,1.785427785004913,1.785427785004913,0.0,1.0
2200208,22,208,S,0.9423828125,112,SS,0.0,1568.5250428279753,1572.6030206062908,0.5097472222893834,0.0011185407638549805,4.077977778315471,4.077977778315471,0.0,1.0
2200209,22,209,S,0.9541015625,142,SS,0.0,1572.6030206062908,1584.6013911065616,0.5453622012646832,0.0010949373245239258,11.998370500270767,4.362897610117216,7.635472890153551,0.3636241779680631
2200210,22,210,S,1.0498046875,114,SS,0.0,1584.6013911065616,1588.7123733872627,0.5138727850877135,0.0012601613998413086,4.110982280701137,4.110982280701137,0.0,1.0
2200211,22,211,S,1.0361328125,131,SS,0.0,1588.7123733872627,1601.0244936819954,0.532653192568009,0.0012195110321044922,12.312120294732722,4.261225540543819,8.050894754188903,0.34610005738547117
2200212,22,212,S,1.0361328125,117,SS,0.0,1601.0244936819954,1605.15923167641,0.516842249301922,0.0012378692626953125,4.134737994414536,4.134737994414536,0.0,1.0
2200213,22,213,S,0.9794921875,125,SS,0.0,1605.15923167641,1617.54139990397,0.5242817805456383,0.0011513233184814453,12.382168227559987,4.194254244364856,8.18791398319513,0.33873342433107695
2200214,22,214,S,1.03125,112,SS,0.0,1617.54139990397,1621.6324234422189,0.5113779422810931,0.0012378692626953125,4.091023538248919,4.091023538248919,0.0,1.0
2200215,22,215,S,0.9794921875,118,SS,0.0,1621.6324234422189,1632.2246690419408,0.5168221507134831,0.0011605024337768555,10.592245599721991,4.1345772057084105,6.457668394013581,0.390340005505247
2200216,22,216,S,0.9541015625,112,SS,0.0,1632.2246690419408,1637.798382647081,0.5099622622882901,0.0011342763900756836,5.573713605140256,4.079698098306835,1.4940155068334207,0.7319533056998853
2200217,22,217,S,0.9970703125,115,SS,0.0,1637.798382647081,1645.8329565899433,0.5139563664977489,0.001188039779663086,8.034573942862153,4.111650931981785,3.9229230108803677,0.5117447373341484
2200218,22,218,S,1.0556640625,117,SS,0.0,1645.8329565899433,1654.1702815152087,0.5172166492995194,0.0012640953063964844,8.33732492526542,4.137733194396787,4.199591730868633,0.4962902647416086
2200219,22,219,S,0.9658203125,139,SS,0.0,1654.1702815152087,1660.8980726556924,0.5416828134397546,0.0011146068572998047,6.72779114048376,4.333462507518561,2.3943286329651983,0.6441137093930305
2200220,22,220,S,1.0498046875,128,SS,0.0,1660.8980726556924,1670.8414062537427,0.528953324746172,0.0012418031692504883,9.94333359805023,4.231626597969807,5.711707000080423,0.42557423586789633
2200221,22,221,S,0.9873046875,120,SS,0.0,1670.8414062537427,1677.5487269148143,0.51910707352157,0.001168370246887207,6.7073206610716625,4.152856588172654,2.554464072899009,0.6191528328554864
2200222,22,222,S,0.9638671875,125,SS,0.0,1677.5487269148143,1686.9784295765915,0.5239617805483034,0.0011303424835205078,9.429702661777128,4.191694244385872,5.238008417391256,0.44452029875519977
2200223,22,223,S,1.0244140625,123,SS,0.0,1686.9784295765915,1691.7629451329037,0.5230557377293228,0.0012142658233642578,4.784515556312272,4.184445901833897,0.600069654478375,0.8745808959306871
2200224,22,224,S,1.04296875,133,SS,0.0,1691.7629451329037,1701.4494320944252,0.5354598777792465,0.0012260675430297852,9.686486961521496,4.283679022233628,5.402807939287868,0.44223246665690785
2200225,22,225,S,0.966796875,120,SS,0.0,1701.4494320944252,1706.5919246453825,0.5187038735244585,0.0011408329010009766,5.142492550957286,4.1496309881949855,0.9928615627623003,0.8069298977248928
2200226,22,226,S,1.0537109375,124,SS,0.0,1706.5919246453825,1714.4051324874824,0.5247239591288263,0.001252293586730957,7.813207842099928,4.197791673030224,3.6154161690697038,0.5372686555720754
2200227,22,227,S,0.9384765625,125,SS,0.0,1714.4051324874824,1721.6345352553676,0.5234417805526344,0.0010962486267089844,7.229402767885176,4.18753424442184,3.041868523463336,0.5792365398458528
2200228,22,228,S,0.970703125,124,SS,0.0,1721.6345352553676,1729.5638995321794,0.5230375591424915,0.0011408329010009766,7.929364276811839,4.184300473139956,3.745063803671883,0.5276968401333604
2200229,22,229,S,0.9765625,113,SS,0.0,1729.5638995321794,1735.9904530859214,0.5114396036908059,0.0011631250381469727,6.426553553741996,4.091516829526881,2.335036724215115,0.6366580151105268
2200230,22,230,S,0.955078125,140,SS,0.0,1735.9904530859214,1742.2885286714986,0.5427537560500367,0.0010988712310791016,6.29807558557718,4.342030048399465,1.9560455371777152,0.6894217113466962
2200231,22,231,S,0.958984375,122,SS,0.0,1742.2885286714986,1749.2141578737612,0.5206748763349898,0.0011277198791503906,6.9256292022625985,4.1653990106806305,2.760230191581968,0.6014470149975395
2200232,22,232,S,1.037109375,141,SS,0.0,1749.2141578737612,1756.6435815924174,0.5459643786319118,0.0012077093124389648,7.429423718656153,4.367715029055034,3.0617086896011187,0.5878941886282768
2200233,22,233,S,0.9375,127,SS,0.0,1756.6435815924174,1764.523507621512,0.5255393433624874,0.0010923147201538086,7.879926029094577,4.204314746899399,3.6756112821951774,0.533547489072367
2200234,22,234,S,1.0009765625,143,SS,0.0,1764.523507621512,1770.6163163760841,0.5477758638565423,0.0011565685272216797,6.092808754572161,4.382206910851892,1.7106018437202692,0.7192424852599221
2200235,22,235,S,0.9384765625,140,SS,0.0,1770.6163163760841,1779.4985935803552,0.5423729560550025,0.0010765790939331055,8.882277204271077,4.338983648440262,4.5432935558308145,0.48849901310824273
2200236,22,236,S,1.009765625,113,SS,0.0,1779.4985935803552,1783.595028169856,0.512054323687511,0.0012077093124389648,4.096434589500859,4.096434589500859,0.0,1.0
2200237,22,237,S,1.0146484375,130,SS,0.0,1783.595028169856,1790.4613941895614,0.5308667299660327,0.0011919736862182617,6.8663660197053105,4.246933839727717,2.6194321799775935,0.618512591309542
2200238,22,238,S,1.025390625,122,SS,0.0,1790.4613941895614,1798.5089764320903,0.5220022363248472,0.001216888427734375,8.04758224252896,4.176017890598814,3.8715643519301466,0.5189158389124454
2200239,22,239,S,1.0048828125,127,SS,0.0,1798.5089764320903,1803.6578759052861,0.5269414233501928,0.0011827945709228516,5.148899473195797,4.215531386800649,0.9333680863951486,0.8187247408394576
2200240,22,240,S,0.986328125,131,SS,0.0,1803.6578759052861,1813.9523050762225,0.5315842325787707,0.001152634620666504,10.294429170936382,4.252673860630239,6.041755310306144,0.41310438782138076
2200241,22,241,S,1.025390625,112,SS,0.0,1813.9523050762225,1818.0424684544748,0.5112704222816398,0.001230001449584961,4.090163378252328,4.090163378252328,0.0,1.0
2200242,22,242,S,0.9892578125,136,SS,0.0,1818.0424684544748,1826.7270976927566,0.538253025612402,0.0011500120162963867,8.684629238281786,4.306024204899586,4.3786050333822,0.4958213052917286
2200243,22,243,S,1.0625,113,SS,0.0,1826.7270976927566,1833.6571535609278,0.513030643682278,0.001278519630432129,6.930055868171166,4.104245149457711,2.8258107187134556,0.592238392811228
2200244,22,244,S,1.0458984375,124,SS,0.0,1833.6571535609278,1839.8441102924264,0.5245652391301125,0.0012418031692504883,6.18695673149864,4.196521913041579,1.9904348184570608,0.6782853178326775
2200245,22,245,S,0.966796875,135,SS,0.0,1839.8441102924264,1849.308309347128,0.5364350430112313,0.0011211633682250977,9.464199054701567,4.2914803440889955,5.172718710612571,0.4534435845320794
2200246,22,246,S,1.0615234375,116,SS,0.0,1849.308309347128,1854.50545550101,0.5162498678946927,0.0012732744216918945,5.197146153881931,4.129998943157261,1.06714721072467,0.7946666922330864
2200247,22,247,S,0.9521484375,114,SS,0.0,1854.50545550101,1864.816397725613,0.5120487850979847,0.0011290311813354492,10.310942224602968,4.096390280783453,6.214551943819515,0.3972857369920127
2200248,22,248,S,1.0234375,120,SS,0.0,1864.816397725613,1868.9749375137446,0.5198174735164808,0.001216888427734375,4.158539788131748,4.158539788131748,0.0,1.0
2200249,22,249,S,0.9716796875,124,SS,0.0,1868.9749375137446,1877.4097071580056,0.5230573991423308,0.0011421442031860352,8.434769644260996,4.184459193138537,4.250310451122459,0.4960964400474927
2200250,22,250,S,0.9658203125,130,SS,0.0,1877.4097071580056,1884.4210954284952,0.529826729976133,0.001126408576965332,7.011388270489533,4.23861383980875,2.7727744306807836,0.6045327510457228
2200251,22,251,S,1.0419921875,135,SS,0.0,1884.4210954284952,1890.7481211289785,0.5380982429922082,0.0012221336364746094,6.327025700483318,4.304785943937532,2.022239756545787,0.6803806634780527
2200252,22,252,S,1.060546875,124,SS,0.0,1890.7481211289785,1899.876680075129,0.524862839127701,0.0012614727020263672,9.128558946150406,4.1989027130221075,4.9296562331282985,0.4599743221018277
2200253,22,253,S,1.021484375,130,SS,0.0,1899.876680075129,1905.033311001658,0.5310123299646187,0.0012011528015136719,5.156630926529033,4.248098639716773,0.9085322868122603,0.8238128150420492
2200254,22,254,S,1.048828125,134,SS,0.0,1905.033311001658,1916.004370467516,0.5369185003841755,0.0012326240539550781,10.971059465858161,4.295348003073741,6.67571146278442,0.3915162447565639
2200255,22,255,S,1.0380859375,122,SS,0.0,1916.004370467516,1920.1824184380991,0.5222559963229081,0.0012339353561401367,4.178047970583066,4.178047970583066,0.0,1.0
2200256,22,256,S,1.021484375,129,SS,0.0,1920.1824184380991,1929.7010835131646,0.5296858673580631,0.0012024641036987305,9.518665075065428,4.2374869388640946,5.2811781362013335,0.44517659834091466
2200257,22,257,S,1.01171875,136,SS,0.0,1929.7010835131646,1934.989908171523,0.5387535056065125,0.0011801719665527344,5.288824658358408,4.3100280448525154,0.9787966135058923,0.8149311658576143
2200258,22,258,S,1.0439453125,133,SS,0.0,1934.989908171523,1942.6803796356146,0.5354811577790175,0.0012273788452148438,7.690471464091615,4.283849262232252,3.4066222018593635,0.5570333733418582
2200259,22,259,S,0.978515625,130,SS,0.0,1942.6803796356146,1950.4326145610098,0.530097129973507,0.0011434555053710938,7.752234925395214,4.240777039787645,3.5114578856075696,0.5470392835871711
2200260,22,260,S,0.9853515625,115,SS,0.0,1950.4326145610098,1954.5424990930019,0.5137355664990512,0.0011723041534423828,4.109884531992066,4.109884531992066,0.0,1.0
2200261,22,261,S,1.0078125,140,SS,0.0,1954.5424990930019,1966.1523052054,0.5439633560342634,0.0011696815490722656,11.609806112398019,4.351706848274262,7.258099264123757,0.3748302776242842
2200262,22,262,S,1.0390625,128,SS,0.0,1966.1523052054,1970.3821295633861,0.5287280447481958,0.0012273788452148438,4.229824357986217,4.229824357986217,0.0,1.0
2200263,22,263,S,0.9775390625,124,SS,0.0,1970.3821295633861,1979.0204427543704,0.5231764391413662,0.0011500120162963867,8.638313190984263,4.185411513131612,4.452901677852651,0.484517222355389
2200264,22,264,S,1.05078125,134,SS,0.0,1979.0204427543704,1986.0239807578394,0.5369613803836996,0.0012352466583251953,7.003538003468975,4.295691043069382,2.7078469603995927,0.6133601389671408
2200265,22,265,S,0.9931640625,135,SS,0.0,1986.0239807578394,1991.1085264703177,0.5370182430045609,0.0011565685272216797,5.0845457124783024,4.296145944035743,0.7883997684425594,0.844941945057609
2200266,22,266,S,1.033203125,128,SS,0.0,1991.1085264703177,2002.0342075813403,0.5286051647492996,0.0012195110321044922,10.92568111102264,4.228841317994011,6.69683979302863,0.38705516617427543
2200267,22,267,S,1.017578125,113,SS,0.0,2002.0342075813403,2006.131799290835,0.5121989636867358,0.0012181997299194336,4.097591709494736,4.097591709494736,0.0,1.0
2200268,22,268,S,0.9501953125,143,SS,0.0,2006.131799290835,2017.8584768426815,0.5465861038731369,0.0010883808135986328,11.726677551846478,4.372688830984771,7.353988720861707,0.3728838634516943
2200269,22,269,S,1.0224609375,117,SS,0.0,2017.8584768426815,2021.99111819711,0.5165801693036038,0.0012195110321044922,4.132641354428415,4.132641354428415,0.0,1.0
2200270,22,270,S,0.9697265625,121,SS,0.0,2021.99111819711,2031.1673879344366,0.5198255349286974,0.0011434555053710938,9.17626973732672,4.15860427942971,5.01766545789701,0.4531911548451514
2200271,22,271,S,1.048828125,126,SS,0.0,2031.1673879344366,2038.1198582923632,0.526778801937993,0.0012431144714355469,6.952470357926586,4.214230415504062,2.738239942422524,0.6061486347366261
2200272,22,272,S,0.986328125,115,SS,0.0,2038.1198582923632,2043.019385436574,0.5137539664989427,0.0011736154556274414,4.899527144210879,4.1100317319924216,0.7894954122184572,0.8388629373854375
2200273,22,273,S,1.052734375,121,SS,0.0,2043.019385436574,2053.990367223004,0.5214711349165126,0.0012549161911010742,10.970981786429775,4.1717690793336715,6.799212707096103,0.38025485417301624
2200274,22,274,S,1.0498046875,136,SS,0.0,2053.990367223004,2059.196686532151,0.5396021455965262,0.0012313127517700195,5.206319309147148,4.3168171647739655,0.8895021443731821,0.8291495216571931
2200275,22,275,S,0.9951171875,120,SS,0.0,2059.196686532151,2069.4676708576794,0.5192606735204696,0.0011788606643676758,10.270984325528389,4.154085388163367,6.116898937365022,0.40444861529371096
2200276,22,276,S,0.990234375,117,SS,0.0,2069.4676708576794,2073.59537013214,0.5159624093075681,0.0011762380599975586,4.1276992744606105,4.1276992744606105,0.0,1.0
2200277,22,277,S,0.9599609375,138,SS,0.0,2073.59537013214,2084.1236881225013,0.5402329908343301,0.0011080503463745117,10.528317990361302,4.321863926674268,6.206454063687033,0.41049899239659593
2200278,22,278,S,1.0615234375,124,SS,0.0,2084.1236881225013,2089.6195853608456,0.5248826791275403,0.0012627840042114258,5.4958972383442415,4.199061433020688,1.2968358053235534,0.7640356525817696
2200279,22,279,S,0.97265625,125,SS,0.0,2089.6195853608456,2095.6490626980262,0.5241417805468043,0.0011421442031860352,6.029477337180651,4.19313424437496,1.8363430928056914,0.6954390919620979
2200280,22,280,S,1.029296875,137,SS,0.0,2095.6490626980262,2105.5351739698244,0.5404729282083869,0.0012024641036987305,9.8861112717982,4.3237834256688075,5.562327846129392,0.4373593728408792
2200281,22,281,S,0.9638671875,120,SS,0.0,2105.5351739698244,2110.6295952444484,0.518646273524871,0.0011368989944458008,5.094421274623983,4.1491701882005145,0.9452510864234682,0.8144536865979469
2200282,22,282,S,0.953125,112,SS,0.0,2110.6295952444484,2121.741966278564,0.5099443422883814,0.001132965087890625,11.112371034115768,4.079554738305887,7.03281629580988,0.367118297776538
2200283,22,283,S,0.990234375,118,SS,0.0,2121.741966278564,2126.4969119744032,0.5170298307120978,0.0011749267578125,4.754945695839069,4.1362386456967215,0.6187070501423477,0.8698813635908056
2200284,22,284,S,1.0224609375,122,SS,0.0,2126.4969119744032,2137.703413414418,0.5219436763252946,0.0012129545211791992,11.206501440014563,4.175549410603708,7.030952029410855,0.37260062232216884
2200285,22,285,S,1.0390625,138,SS,0.0,2137.703413414418,2142.0395851809135,0.5420214708121296,0.0012142658233642578,4.336171766495681,4.336171766495681,0.0,1.0
2200286,22,286,S,0.9580078125,113,SS,0.0,2142.0395851809135,2153.74808734122,0.5110960836926471,0.0011382102966308594,11.70850216030658,4.088768669542333,7.619733490764247,0.349213640956041
2200287,22,287,S,0.9833984375,128,SS,0.0,2153.74808734122,2157.9685728192885,0.5275606847586831,0.001152634620666504,4.22048547806844,4.22048547806844,0.0,1.0
2200288,22,288,S,0.9755859375,133,SS,0.0,2157.9685728192885,2168.386370372685,0.5339915577950499,0.0011355876922607422,10.417797553396667,4.271932462361292,6.145865091035375,0.41006099806272883
2200289,22,289,S,0.958984375,138,SS,0.0,2168.386370372685,2174.273526464954,0.540210910834604,0.0011067390441894531,5.887156092268924,4.321687286676024,1.5654688055929,0.7340874301517688
2200290,22,290,S,1.009765625,135,SS,0.0,2174.273526464954,2185.120483363161,0.537385443000361,0.0011788606643676758,10.846956898206827,4.299083544003224,6.5478733542036025,0.3963400596451094
2200291,22,291,S,1.01953125,127,SS,0.0,2185.120483363161,2190.7717598480917,0.5272462233475199,0.0012024641036987305,5.651276484930804,4.217969786779577,1.4333066981512275,0.7463746992430548
2200292,22,292,S,0.9599609375,113,SS,0.0,2190.7717598480917,2200.337817023875,0.5111322436924532,0.0011408329010009766,9.566057175783044,4.089057949538983,5.476999226244061,0.4274548933170334
2200293,22,293,S,0.974609375,135,SS,0.0,2200.337817023875,2207.5933541624104,0.5366078430092548,0.0011316537857055664,7.255537138535601,4.2928627440742275,2.9626743944613736,0.5916671174176725
2200294,22,294,S,0.9501953125,117,SS,0.0,2207.5933541624104,2217.221672202814,0.5151948893124934,0.0011224746704101562,9.628318040403428,4.121559114500997,5.506758925902432,0.42806636602630366
2200295,22,295,S,1.037109375,142,SS,0.0,2217.221672202814,2224.0131816944718,0.5472934012383233,0.0012063980102539062,6.791509491657962,4.378347209905769,2.413162281752193,0.6446795392517246
2200296,22,296,S,1.0263671875,144,SS,0.0,2224.0131816944718,2229.3615573819657,0.5496980064547555,0.0011893510818481445,5.348375687493899,4.397584051639569,0.9507916358543298,0.8222279638886317
2200297,22,297,S,1.0234375,130,SS,0.0,2229.3615573819657,2240.964338352458,0.5310539299642146,0.001203775405883789,11.602780970492404,4.248431439715205,7.354349530777199,0.36615630774377256
2200298,22,298,S,1.0625,136,SS,0.0,2240.964338352458,2245.2834185572046,0.5398850255931973,0.0012483596801757812,4.3190802047465695,4.3190802047465695,0.0,1.0
2200299,22,299,S,0.9697265625,129,SS,0.0,2245.2834185572046,2258.036385030737,0.5285919473682921,0.001132965087890625,12.752966473532524,4.228735578944907,8.524230894587618,0.33158838672721475
2200300,22,300,S,1.0576171875,139,SS,0.0,2258.036385030737,2262.3865720180406,0.5437733734131442,0.0012378692626953125,4.350186987303459,4.350186987303459,0.0,1.0
2200301,22,301,S,1.03515625,128,SS,0.0,2262.3865720180406,2275.11175657224,0.5286461247489317,0.0012221336364746094,12.725184554199586,4.2291689979902,8.496015556209386,0.3323463781587736
2200302,22,302,S,1.0439453125,123,SS,0.0,2275.11175657224,2279.299351274049,0.5234493377262236,0.0012404918670654297,4.187594701808848,4.187594701808848,0.0,1.0
2200303,22,303,S,0.9443359375,114,SS,0.0,2279.299351274049,2292.132587723479,0.5119028650988064,0.0011185407638549805,12.833236449429933,4.0952229207905475,8.738013528639385,0.3191106886347802
2200304,22,304,S,0.9443359375,133,SS,0.0,2292.132587723479,2296.399072505899,0.533310597802379,0.0010936260223388672,4.266484782419866,4.266484782419866,0.0,1.0
2200305,22,305,S,1.0478515625,138,SS,0.0,2296.399072505899,2309.1843544833782,0.5422201908096628,0.0012260675430297852,12.785281977479372,4.337761526476243,8.447520451003129,0.33927773623741664
2200306,22,306,S,0.9609375,115,SS,0.0,2309.1843544833782,2313.2905590153923,0.5132755665017642,0.001139521598815918,4.10620453201409,4.10620453201409,0.0,1.0
2200307,22,307,S,0.9404296875,142,SS,0.0,2313.2905590153923,2325.8495620068225,0.5450441212690248,0.0010765790939331055,12.559002991430134,4.360352970150416,8.198650021279718,0.3471894204600304
2200308,22,308,S,1.0244140625,140,SS,0.0,2325.8495620068225,2330.204315255056,0.5443441560292976,0.0011919736862182617,4.3547532482334645,4.3547532482334645,0.0,1.0
2200309,22,309,S,1.0078125,118,SS,0.0,2330.204315255056,2342.811312693525,0.517369670709831,0.0011985301971435547,12.60699743846908,4.138957365677925,8.468040072791155,0.32830635414014453
2200310,22,310,S,1.0380859375,142,SS,0.0,2342.811312693525,2347.1898416634294,0.5473161212380131,0.0012077093124389648,4.378528969904437,4.378528969904437,0.0,1.0
2200311,22,311,S,1.0205078125,120,SS,0.0,2347.1898416634294,2358.028845896428,0.5197598735168935,0.0012129545211791992,10.839004232998377,4.158078988133639,6.6809252448647385,0.383621862188663
2200312,22,312,S,1.0390625,143,SS,0.0,2358.028845896428,2363.77962560835,0.5486681838440963,0.0012077093124389648,5.750779711922405,4.389345470754051,1.3614342411683538,0.7632609299316657
2200313,22,313,S,0.939453125,144,SS,0.0,2363.77962560835,2374.7282333578332,0.5476474464839596,0.0010726451873779297,10.948607749483017,4.381179571872053,6.567428177610964,0.40015860209065657
2200314,22,314,S,1.0322265625,133,SS,0.0,2374.7282333578332,2380.3143115870052,0.5352257977817659,0.0012116432189941406,5.586078229172017,4.281806382252398,1.3042718469196188,0.7665138593819977
2200315,22,315,S,0.9677734375,119,SS,0.0,2380.3143115870052,2386.481064754129,0.5176593321196576,0.0011434555053710938,6.166753167123716,4.141274656958558,2.025478510165158,0.6715486325991742
2200316,22,316,S,1.056640625,142,SS,0.0,2386.481064754129,2396.5289962237716,0.547747801232121,0.0012326240539550781,10.047931469642663,4.381982409857301,5.665949059785362,0.4361079116728031
2200317,22,317,S,0.9931640625,116,SS,0.0,2396.5289962237716,2401.76334441475,0.5149506679026954,0.001181483268737793,5.23434819097838,4.1196053432213375,1.114742847757043,0.7870331114620251
2200318,22,318,S,1.0244140625,136,SS,0.0,2401.76334441475,2411.985205747697,0.5390363856031837,0.001197218894958496,10.2218613329469,4.3122910848251195,5.909570248121781,0.4218694564879127
2200319,22,319,S,1.029296875,132,SS,0.0,2411.985205747697,2416.5515239954743,0.5338342151759696,0.0012090206146240234,4.566318247777417,4.270673721406638,0.2956445263707792,0.9352553829302898
2200320,22,320,S,0.9599609375,119,SS,0.0,2416.5515239954743,2423.4588519782765,0.5175070121207116,0.001132965087890625,6.907327982802144,4.140056096966873,2.767271885835271,0.5993715814964599
2200321,22,321,S,0.947265625,122,SS,0.0,2423.4588519782765,2431.2815290483063,0.5204406363367797,0.0011119842529296875,7.82267707002984,4.163525090694748,3.6591519793350926,0.532237883965069
2200322,22,322,S,0.994140625,133,SS,0.0,2431.2815290483063,2436.4275477514743,0.5343958777906983,0.0011605024337768555,5.146018703168011,4.275167022326059,0.8708516808419517,0.8307717614190102
2200323,22,323,S,0.9775390625,112,SS,0.0,2436.4275477514743,2447.0975615621123,0.5103923422861039,0.0011657476425170898,10.670013810638011,4.083138738289563,6.586875072348448,0.3826741755684206
2200324,22,324,S,1.03125,131,SS,0.0,2447.0975615621123,2452.4362047253403,0.5325483925690639,0.0012129545211791992,5.338643163227971,4.260387140551757,1.0782560226762143,0.7980280776016027
2200325,22,325,S,1.0029296875,121,SS,0.0,2452.4362047253403,2459.8189187206453,0.5204837749238235,0.001188039779663086,7.382713995305039,4.163870199390658,3.218843795914381,0.5640026421230225
2200326,22,326,S,0.9833984375,137,SS,0.0,2459.8189187206453,2468.1423792337387,0.5394426882208452,0.0011408329010009766,8.323460513093323,4.315541505766305,4.007919007327018,0.5184792429756456
2200327,22,327,S,1.037109375,115,SS,0.0,2468.1423792337387,2473.049711084749,0.5147107664932997,0.0012418031692504883,4.90733185101044,4.117686131947266,0.7896457190631736,0.8390885835648995
2200328,22,328,S,0.9755859375,131,SS,0.0,2473.049711084749,2483.0400508176804,0.531353672581092,0.0011382102966308594,9.990339732931261,4.25082938064952,5.739510352281741,0.42549397660997124
2200329,22,329,S,0.9853515625,120,SS,0.0,2483.0400508176804,2488.031655507347,0.519068673521845,0.0011657476425170898,4.991604689666474,4.152549388174521,0.8390553014919533,0.8319067006189513
2200330,22,330,S,0.97265625,115,SS,0.0,2488.031655507347,2498.0893903692136,0.5134963665004619,0.001155257225036621,10.05773486186672,4.107970932003809,5.949763929862911,0.40843897641196797
2200331,22,331,S,0.9384765625,131,SS,0.0,2498.0893903692136,2503.2208148237323,0.5305571925891105,0.0010883808135986328,5.131424454518765,4.2444575407134835,0.8869669138052814,0.8271499616399473
2200332,22,332,S,0.9384765625,121,SS,0.0,2503.2208148237323,2511.632593112899,0.5192060149332847,0.0011014938354492188,8.411778289166705,4.153648119467107,4.258130169699598,0.49378953851131274
2200333,22,333,S,1.0322265625,123,SS,0.0,2511.632593112899,2517.714523956472,0.5232131777280832,0.0012247562408447266,6.081930843572991,4.1857054218235135,1.8962254217494774,0.6882198317408867
2200334,22,334,S,1.0595703125,134,SS,0.0,2517.714523956472,2523.1291271992663,0.5371543403815571,0.0012470483779907227,5.414603242794328,4.297234723053407,1.1173685197409213,0.7936379694619549
2200335,22,335,S,0.9443359375,112,SS,0.0,2523.1291271992663,2534.3219114369117,0.5097830622892012,0.0011211633682250977,11.192784237645355,4.07826449831191,7.114519739333446,0.36436550653726
2200336,22,336,S,0.9970703125,128,SS,0.0,2534.3219114369117,2539.2812434994985,0.5278474047561073,0.0011709928512573242,4.959332062586782,4.222779238047224,0.7365528245395581,0.8514814464439445
2200337,22,337,S,0.962890625,137,SS,0.0,2539.2812434994985,2550.74418528825,0.5389823682264118,0.001113295555114746,11.462941788751323,4.311858945809945,7.151082842941378,0.3761564025424265
2200338,22,338,S,0.9638671875,119,SS,0.0,2550.74418528825,2555.9587383511516,0.5175831721201845,0.0011382102966308594,5.214553062901814,4.1406653769627155,1.0738876859390984,0.7940594959941788
2200339,22,339,S,1.017578125,129,SS,0.0,2555.9587383511516,2567.190438812875,0.5296033073588351,0.001197218894958496,10.780876691818776,3.7860026889647997,6.994874002853976,0.35117762656889145
2300206,23,206,S,1.044921875,124,SS,0.0,1555.2644608428511,1567.3430139517084,0.5245453991302733,0.0012404918670654297,0.6033989087379723,0.6033989087379723,0.0,1.0
2300207,23,207,S,0.9453125,122,SS,0.0,1567.3430139517084,1571.5062267224046,0.5204015963370779,0.0011093616485595703,4.163212770696191,4.163212770696191,0.0,1.0
2300208,23,208,S,0.974609375,143,SS,0.0,1571.5062267224046,1581.7625626232266,0.5471581038651586,0.0011211633682250977,10.256335900822023,4.377264830920467,5.879071069901556,0.4267864150753525
2300209,23,209,S,1.0205078125,142,SS,0.0,1581.7625626232266,1587.5121784661856,0.5469071612435953,0.0011841058731079102,5.749615842958974,4.375257289948422,1.374358553010552,0.7609651513163957
2300210,23,210,S,0.9765625,116,SS,0.0,1587.5121784661856,1595.4008925856026,0.5146351479046388,0.0011591911315917969,7.888714119417045,4.117081183236223,3.771632936180822,0.5218950922689114
2300211,23,211,S,1.015625,136,SS,0.0,1595.4008925856026,1603.6635509371652,0.5388405456054881,0.0011854171752929688,8.26265835156255,4.310724364844646,3.951933986717904,0.5217115583666176
2300212,23,212,S,1.0625,138,SS,0.0,1603.6635509371652,1610.3049426274806,0.5425513908055516,0.001245737075805664,6.641391690315459,4.340411126444451,2.3009805638710077,0.6535393978906078
2300213,23,213,S,1.009765625,138,SS,0.0,1610.3049426274806,1620.336489370017,0.541359070820352,0.0011749267578125,10.03154674253642,4.330872566562903,5.700674175973518,0.4317253039552568
2300214,23,214,S,0.9775390625,143,SS,0.0,1620.336489370017,1627.2251168008706,0.5472267438642013,0.0011250972747802734,6.888627430853603,4.37781395091406,2.510813479939543,0.6355132419132129
2300215,23,215,S,0.970703125,112,SS,0.0,1627.2251168008706,1636.8814004739845,0.5102669022867414,0.0011565685272216797,9.656283673113876,4.082135218293843,5.574148454820033,0.4227439205892209
2300216,23,216,S,1.005859375,122,SS,0.0,1636.8814004739845,1642.040248519124,0.5216118363278303,0.0011906623840332031,5.158848045139393,4.172894690622343,0.9859533545170507,0.8088811017711591
2300217,23,217,S,0.9853515625,125,SS,0.0,1642.040248519124,1653.2099852185072,0.5244017805446389,0.0011591911315917969,11.169736699383293,4.1952142443569755,6.974522455026317,0.3755875682001173
2300218,23,218,S,1.0537109375,114,SS,0.0,1653.2099852185072,1657.3215511792057,0.5139457450873026,0.001265406608581543,4.111565960698499,4.111565960698499,0.0,1.0
2300219,23,219,S,1.03515625,134,SS,0.0,1657.3215511792057,1669.792982136527,0.5366183403875082,0.0012142658233642578,12.471430957321218,4.292946723100613,8.178484234220605,0.34422246635463155
2300220,23,220,S,0.9619140625,121,SS,0.0,1669.792982136527,1673.950347375965,0.5196706549298443,0.001132965087890625,4.15736523943815,4.15736523943815,0.0,1.0
2300221,23,221,S,0.9501953125,139,SS,0.0,1673.950347375965,1686.0069030282173,0.541326973444284,0.0010936260223388672,12.0565556522522,4.330615787554052,7.725939864698148,0.35919178847277833
2300222,23,222,S,0.9716796875,132,SS,0.0,1686.0069030282173,1690.2676081097286,0.532588135188951,0.0011316537857055664,4.2607050815113325,4.2607050815113325,0.0,1.0
2300223,23,223,S,1.056640625,141,SS,0.0,1690.2676081097286,1700.8109820852123,0.5464155786258896,0.0012339353561401367,10.543373975483746,4.371324629006267,6.172049346477479,0.41460396256177606
2300224,23,224,S,1.021484375,113,SS,0.0,1700.8109820852123,1705.9026879108608,0.5122712836863482,0.001223444938659668,5.091705825648432,4.098170269491675,0.9935355561567576,0.8048717678951474
2300225,23,225,S,0.9384765625,130,SS,0.0,1705.9026879108608,1713.5318376121538,0.5292443299817893,0.0010896921157836914,7.629149701293045,4.233954639854346,3.3951950614386988,0.5549707117605445
2300226,23,226,S,1.009765625,118,SS,0.0,1713.5318376121538,1720.9710744644217,0.5174074307095792,0.0012011528015136719,7.439236852267868,4.139259445677453,3.299977406590415,0.556409148932473
2300227,23,227,S,0.9384765625,126,SS,0.0,1720.9710744644217,1727.5143221647897,0.5245007219574718,0.0010949373245239258,6.543247700368056,4.196005775660524,2.3472419247075322,0.6412726474384425
2300228,23,228,S,0.9775390625,131,SS,0.0,1727.5143221647897,1735.5441024619631,0.5313955925806699,0.0011408329010009766,8.029780297173374,4.251164740644526,3.778615556528848,0.5294247891366358
2300229,23,229,S,1.0498046875,126,SS,0.0,1735.5441024619631,1740.686263675947,0.5267989619378206,0.0012444257736206055,5.142161213983854,4.214391695502854,0.927769518481,0.8195759565145534
2300230,23,230,S,1.00390625,112,SS,0.0,1740.686263675947,1748.656196188953,0.510876182283644,0.0012011528015136719,7.969932513005915,4.0870094582696765,3.8829230547362386,0.5128035214351185
2300231,23,231,S,1.0615234375,112,SS,0.0,1748.656196188953,1755.949605286855,0.511933462278269,0.001278519630432129,7.293409097902213,4.095467698225548,3.1979413996766652,0.5615299571504248
2300232,23,232,S,1.00390625,133,SS,0.0,1755.949605286855,1763.8931609339465,0.5346086777884078,0.0011736154556274414,7.9435556470914435,4.276869422306845,3.6666862247845984,0.5384074351984723
2300233,23,233,S,1.025390625,135,SS,0.0,1763.8931609339465,1770.0269244389262,0.5377310429964082,0.0011998414993286133,6.133763504979697,4.301848343971869,1.831915161007828,0.7013391273529559
2300234,23,234,S,0.962890625,136,SS,0.0,1770.0269244389262,1777.5181012321152,0.5376655056193156,0.0011146068572998047,7.49117679318897,4.3013240449545265,3.1898527482344434,0.5741853601513344
2300235,23,235,S,0.9736328125,118,SS,0.0,1777.5181012321152,1783.0647014750386,0.5167088707142388,0.001152634620666504,5.546600242923432,4.133670965713463,1.4129292772099689,0.7452621037521788
2300236,23,236,S,0.984375,118,SS,0.0,1783.0647014750386,1789.199812688985,0.5169165507128535,0.0011670589447021484,6.135111213946402,4.135332405703593,1.9997788082428087,0.6740435929348942
2300237,23,237,S,0.94921875,140,SS,0.0,1789.199812688985,1798.5012242135329,0.5426193560517892,0.00109100341796875,9.301411524547802,4.340954848414185,4.960456676133617,0.46669850451813283
2300238,23,238,S,1.0361328125,136,SS,0.0,1798.5012242135329,1803.7329420736926,0.539297505600111,0.0012129545211791992,5.231717860159733,4.31438004480151,0.9173378153582235,0.8246583933082707
2300239,23,239,S,1.056640625,116,SS,0.0,1803.7329420736926,1814.1150317319245,0.5161570678952644,0.0012667179107666016,10.382089658231962,4.129256543161318,6.2528331150706435,0.39772884641650436
2300240,23,240,S,1.046875,138,SS,0.0,1814.1150317319245,1818.4526166184044,0.5421981108099367,0.0012247562408447266,4.337584886479817,4.337584886479817,0.0,1.0
2300241,23,241,S,1.056640625,127,SS,0.0,1818.4526166184044,1828.5767812872175,0.528018383340749,0.001252293586730957,10.124164668813137,4.2241470667268,5.900017602086336,0.41723413288002165
2300242,23,242,S,0.962890625,138,SS,0.0,1828.5767812872175,1834.3399130686362,0.5402992308335077,0.0011119842529296875,5.763131781418679,4.3223938466671825,1.4407379347514961,0.7500078100943863
2300243,23,243,S,0.9443359375,125,SS,0.0,1834.3399130686362,1841.2454276828157,0.5235617805516349,0.001104116439819336,6.905514614179538,4.18849424441396,2.717020369765578,0.6065433900919498
2300244,23,244,S,1.0595703125,120,SS,0.0,1841.2454276828157,1850.1570124371553,0.5205278735113916,0.001265406608581543,8.911584754339628,4.164222988090842,4.747361766248787,0.46728198214835037
2300245,23,245,S,0.98046875,130,SS,0.0,1850.1570124371553,1856.286622924721,0.530138729973103,0.001146078109741211,6.129610487565742,4.241109839784258,1.888500647781484,0.6919052765893667
2300246,23,246,S,0.9423828125,128,SS,0.0,1856.286622924721,1865.776231587407,0.5267005247664107,0.001097559928894043,9.489608662685896,4.213604198132089,5.276004464553807,0.44402296742756187
2300247,23,247,S,1.017578125,123,SS,0.0,1865.776231587407,1870.8590089018082,0.5229179777304075,0.0012050867080688477,5.082777314401255,4.183343821843664,0.8994334925575913,0.823042908055565
2300248,23,248,S,1.0625,126,SS,0.0,1870.8590089018082,1881.2260268608652,0.5270610419355798,0.0012614727020263672,10.367017959056966,4.216488335485337,6.150529623571629,0.40672142675335826
2300249,23,249,S,0.9375,124,SS,0.0,1881.2260268608652,1885.404930854048,0.5223629991479577,0.0010962486267089844,4.178903993182757,4.178903993182757,0.0,1.0
2300250,23,250,S,0.955078125,143,SS,0.0,1885.404930854048,1894.0959817953108,0.5467005038715412,0.0010949373245239258,8.691050941262802,4.373604030972274,4.317446910290528,0.503230743960729
2300251,23,251,S,0.99609375,120,SS,0.0,1894.0959817953108,1900.8570011311035,0.5192798735203321,0.0011801719665527344,6.761019335792753,4.154238988163343,2.6067803476294102,0.6144397437485281
2300252,23,252,S,1.001953125,114,SS,0.0,1900.8570011311035,1907.049992514787,0.5129790250927463,0.0011959075927734375,6.19299138368342,4.103832200742545,2.0891591829408753,0.6626575020845095
2300253,23,253,S,1.0234375,127,SS,0.0,1907.049992514787,1916.8937328126115,0.5273275033468072,0.0012077093124389648,9.843740297824525,4.21862002677517,5.625120271049354,0.42855864733728183
2300254,23,254,S,1.03125,116,SS,0.0,1916.8937328126115,1921.8467618392872,0.5156745078982367,0.0012326240539550781,4.953029026675722,4.12539606318569,0.8276329634900321,0.8329036718677365
2300255,23,255,S,0.9755859375,122,SS,0.0,1921.8467618392872,1932.1882894103705,0.5210067163324542,0.0011500120162963867,10.341527571083361,4.168053730660176,6.173473840423185,0.40304043111723176
2300256,23,256,S,0.994140625,129,SS,0.0,1932.1882894103705,1936.4211529892777,0.529107947363467,0.0011657476425170898,4.2328635789071996,4.2328635789071996,0.0,1.0
2300257,23,257,S,0.9794921875,142,SS,0.0,1936.4211529892777,1946.6541455845736,0.5459529212566201,0.0011290311813354492,10.232992595295855,4.3676233700534794,5.865369225242375,0.4268177983497508
2300258,23,258,S,1.0537109375,139,SS,0.0,1946.6541455845736,1951.9664993023794,0.5436844134142765,0.0012326240539550781,5.312353717805763,4.349475307313696,0.9628784104920669,0.8187473083231027
2300259,23,259,S,1.04296875,117,SS,0.0,1951.9664993023794,1958.0133384390122,0.5169732893010812,0.0012470483779907227,6.046839136632798,4.135786314409415,1.9110528222233825,0.6839583823809875
2300260,23,260,S,0.9443359375,130,SS,0.0,1958.0133384390122,1967.7012844726712,0.5293691299805772,0.001097559928894043,9.687946033659045,4.234953039844186,5.45299299381486,0.4371363161118564
2300261,23,261,S,1.0361328125,121,SS,0.0,1967.7012844726712,1971.8704205920228,0.5211420149189496,0.0012326240539550781,4.169136119351606,4.169136119351606,0.0,1.0
2300262,23,262,S,1.0302734375,121,SS,0.0,1971.8704205920228,1983.3380069456564,0.5210258549198097,0.0012247562408447266,11.467586353633578,4.16820683935839,7.299379514275188,0.3634772576216675
2300263,23,263,S,0.955078125,129,SS,0.0,1983.3380069456564,1987.5642657246265,0.5282823473711871,0.001113295555114746,4.226258778970077,4.226258778970077,0.0,1.0
2300264,23,264,S,0.943359375,138,SS,0.0,1987.5642657246265,1996.618971583364,0.5398576308389893,0.0010857582092285156,9.054705858737634,4.31886104671139,4.735844812026244,0.47697419596946533
2300265,23,265,S,0.9794921875,134,SS,0.0,1996.618971583364,2003.6203538664886,0.5353962604010767,0.001139521598815918,7.001382283124485,4.283170083208461,2.7182121999160245,0.6117606366863064
2300266,23,266,S,1.0263671875,119,SS,0.0,2003.6203538664886,2008.5915858201101,0.5188017321117532,0.0012221336364746094,4.971231953621555,4.1504138568943745,0.8208180967271801,0.8348863814070852
2300267,23,267,S,1.0615234375,123,SS,0.0,2008.5915858201101,2019.4238897176706,0.5238035777234342,0.0012640953063964844,10.83230389756045,4.19042862178685,6.6418752757736,0.3868455557945138
2300268,23,268,S,1.015625,142,SS,0.0,2019.4238897176706,2024.747329768822,0.5467935612451458,0.0011775493621826172,5.323440051151465,4.374348489960539,0.9490915611909259,0.8217146145966955
2300269,23,269,S,1.015625,130,SS,0.0,2024.747329768822,2035.5748596056646,0.5308875299658306,0.0011932849884033203,10.827529836842587,4.247100239726933,6.5804295971156535,0.39225015342607716
2300270,23,270,S,0.9873046875,125,SS,0.0,2035.5748596056646,2039.770393850019,0.5244417805443058,0.001161813735961914,4.195534244354349,4.195534244354349,0.0,1.0
2300271,23,271,S,0.9794921875,128,SS,0.0,2039.770393850019,2051.8099134355857,0.527478764759419,0.0011473894119262695,12.039519585566723,4.2198301180758335,7.819689467490889,0.350498214491438
2300272,23,272,S,0.943359375,123,SS,0.0,2051.8099134355857,2055.9812918175217,0.5214222977421847,0.0011054277420043945,4.171378381935938,4.171378381935938,0.0,1.0
2300273,23,273,S,0.955078125,117,SS,0.0,2055.9812918175217,2065.008987586439,0.5152884893118929,0.0011290311813354492,9.02769576891751,4.1223079144947405,4.90538785442277,0.4566290247272075
2300274,23,274,S,0.9375,112,SS,0.0,2065.008987586439,2071.733540309641,0.509657622289839,0.0011119842529296875,6.724552723201668,4.077260978319828,2.6472917448818407,0.6063244867204458
2300275,23,275,S,0.9873046875,140,SS,0.0,2071.733540309641,2076.9794109295103,0.5434929560403975,0.0011421442031860352,5.245870619869493,4.347943648324872,0.8979269715446208,0.8288316589159495
2300276,23,276,S,0.966796875,139,SS,0.0,2076.9794109295103,2087.7042139488253,0.5417050534394715,0.0011159181594848633,10.724803019315004,4.333640427514183,6.391162591800821,0.4040764589997079
2300277,23,277,S,0.986328125,118,SS,0.0,2087.7042139488253,2091.8398484345266,0.5169543107126016,0.0011696815490722656,4.135634485701303,4.135634485701303,0.0,1.0
2300278,23,278,S,1.041015625,116,SS,0.0,2091.8398484345266,2103.3709684520372,0.5158601078970936,0.001245737075805664,11.531120017510602,4.1268808631757565,7.404239154334846,0.35789072153519125
2300279,23,279,S,1.0234375,131,SS,0.0,2103.3709684520372,2107.6300141526017,0.5323807125707521,0.0012024641036987305,4.259045700564457,4.259045700564457,0.0,1.0
2300280,23,280,S,0.9951171875,138,SS,0.0,2107.6300141526017,2119.76772690286,0.5410278708244631,0.001155257225036621,12.137712750258288,4.328222966596513,7.809489783661775,0.3565929640660189
2300281,23,281,S,1.0595703125,121,SS,0.0,2119.76772690286,2123.9405801421844,0.5216066549155092,0.0012640953063964844,4.172853239324468,4.172853239324468,0.0,1.0
2300282,23,282,S,0.998046875,131,SS,0.0,2123.9405801421844,2132.9118951512014,0.5318357525762386,0.001168370246887207,8.971315009016962,4.25468602060937,4.716628988407592,0.47425444500979347
2300283,23,283,S,1.0234375,143,SS,0.0,2132.9118951512014,2140.033125591579,0.5483021038492024,0.0011867284774780273,7.121230440377531,4.386416830791859,2.7348136095856717,0.6159633321119312
2300284,23,284,S,0.95703125,120,SS,0.0,2140.033125591579,2146.1456071034363,0.5185118735258338,0.0011277198791503906,6.112481511857368,4.1480949882061395,1.9643865236512283,0.6786269995515585
2300285,23,285,S,0.9541015625,125,SS,0.0,2146.1456071034363,2155.9237372442353,0.5237617805499692,0.0011172294616699219,9.778130140799021,4.190094244400825,5.588035896398196,0.42851692338576614
2300286,23,286,S,1.056640625,142,SS,0.0,2155.9237372442353,2161.102474252345,0.547747801232121,0.0012326240539550781,5.178737008109692,4.381982409857301,0.7967545982523916,0.8461488588810928
2300287,23,287,S,0.9638671875,141,SS,0.0,2161.102474252345,2172.585179912379,0.5442723786544948,0.0011093616485595703,11.482705660033844,4.354179029236548,7.128526630797296,0.3791945172287656
2300288,23,288,S,1.0625,115,SS,0.0,2172.585179912379,2177.6940258552286,0.5151891664904783,0.0012758970260620117,5.108845942849712,4.121513331923779,0.9873326109259324,0.8067405786021414
2300289,23,289,S,0.95703125,135,SS,0.0,2177.6940258552286,2189.081803859297,0.5362190430137018,0.0011080503463745117,11.387778004068423,4.289752344109729,7.098025659958694,0.37669792496632465
2300290,23,290,S,1.02734375,119,SS,0.0,2189.081803859297,2193.2323700361903,0.5188207721116215,0.001223444938659668,4.150566176893335,4.150566176893335,0.0,1.0
2300291,23,291,S,0.9443359375,144,SS,0.0,2193.2323700361903,2205.987892870193,0.5477626464823188,0.0010792016983032227,12.755522834002477,4.382101171857357,8.37342166214512,0.3435453982470999
2300292,23,292,S,1.0478515625,116,SS,0.0,2205.987892870193,2210.1158130933636,0.5159900278962933,0.0012549161911010742,4.127920223170804,4.127920223170804,0.0,1.0
2300293,23,293,S,1.0419921875,129,SS,0.0,2210.1158130933636,2221.5225328643533,0.53011930735401,0.001230001449584961,11.406719770989639,4.240954458833585,7.165765312156054,0.3717943934784367
2300294,23,294,S,1.0478515625,121,SS,0.0,2221.5225328643533,2225.6935275436913,0.5213743349172294,0.0012483596801757812,4.170994679338037,4.170994679338037,0.0,1.0
2300295,23,295,S,1.0576171875,133,SS,0.0,2225.6935275436913,2236.8591428815776,0.5357790777758109,0.001245737075805664,11.165615337886265,4.286232622205716,6.879382715680549,0.3838778690200815
2300296,23,296,S,1.0400390625,136,SS,0.0,2236.8591428815776,2242.6157527334453,0.5393845455990867,0.0012181997299194336,5.756609851867779,4.31507636479364,1.441533487074139,0.749586384318468
2300297,23,297,S,1.0546875,120,SS,0.0,2242.6157527334453,2252.5004518251194,0.5204318735120794,0.00125885009765625,9.884699091674065,4.163454988098238,5.7212441035758275,0.42120199608353664
2300298,23,298,S,0.95703125,117,SS,0.0,2252.5004518251194,2258.0907387877132,0.5153259293116524,0.0011316537857055664,5.5902869625938365,4.122607434492238,1.4676795281015984,0.7374590002405511
2300299,23,299,S,1.001953125,120,SS,0.0,2258.0907387877132,2262.245899375871,0.5193950735195066,0.001188039779663086,4.155160588157742,4.155160588157742,0.0,1.0
2300300,23,300,S,1.0234375,126,SS,0.0,2262.245899375871,2275.027923398083,0.526254641942475,0.0012090206146240234,12.782024022212227,4.210037135540915,8.571986886671311,0.3293717120406624
2300301,23,301,S,1.0419921875,116,SS,0.0,2275.027923398083,2279.1549527412603,0.5158786678969792,0.0012470483779907227,4.127029343177128,4.127029343177128,0.0,1.0
2300302,23,302,S,0.9423828125,129,SS,0.0,2279.1549527412603,2292.0272675618376,0.528014027373696,0.0010962486267089844,12.87231482057723,4.224112218988012,8.648202601589219,0.328154825131801
2300303,23,303,S,1.0224609375,124,SS,0.0,2292.0272675618376,2296.2199801949077,0.524089079133971,0.001210331916809082,4.192712633070187,4.192712633070187,0.0,1.0
2300304,23,304,S,0.958984375,113,SS,0.0,2296.2199801949077,2308.6739707703346,0.5111141636925501,0.001139521598815918,12.453990575426815,4.088913309540658,8.365077265886157,0.3283215355573308
2300305,23,305,S,1.056640625,123,SS,0.0,2308.6739707703346,2312.86361219213,0.5237051777242092,0.0012575387954711914,4.189641421795386,4.189641421795386,0.0,1.0
2300306,23,306,S,1.04296875,129,SS,0.0,2312.86361219213,2324.0300568788516,0.5301399473538172,0.0012313127517700195,11.166444686721661,4.2411195788299665,6.925325107891695,0.3798093034816358
2300307,23,307,S,1.044921875,128,SS,0.0,2324.0300568788516,2329.5918424077063,0.5288509247470917,0.0012352466583251953,5.561785528854671,4.230807397976605,1.3309781308780657,0.7606922949522378
2300308,23,308,S,1.0439453125,131,SS,0.0,2329.5918424077063,2339.3125068219792,0.5328208725663207,0.001230001449584961,9.72066441427296,4.262566980531119,5.458097433741841,0.4385057233610847
2300309,23,309,S,1.001953125,130,SS,0.0,2339.3125068219792,2346.177930965562,0.5305963299686588,0.0011749267578125,6.8654241435829135,4.244770639750641,2.6206535038322727,0.6182823596875966
2300310,23,310,S,1.021484375,142,SS,0.0,2346.177930965562,2352.748585875239,0.5469298812432851,0.0011854171752929688,6.570654909676705,4.375439049945271,2.1952158597314337,0.6659060793927093
2300311,23,311,S,1.0087890625,125,SS,0.0,2352.748585875239,2362.2711152584056,0.524881780540641,0.0011906623840332031,9.522529383166784,4.199054244323634,5.3234751388431505,0.4409599671854421
2300312,23,312,S,1.037109375,121,SS,0.0,2362.2711152584056,2367.2930260279145,0.5211613749188062,0.0012339353561401367,5.02191076950885,4.169290999350778,0.8526197701580713,0.8302200478481503
2300313,23,313,S,1.0478515625,140,SS,0.0,2367.2930260279145,2378.2963489593412,0.5448817560222874,0.001223444938659668,11.003322931426737,4.359054048178223,6.644268883248515,0.39615796749255355
2300314,23,314,S,1.03125,141,SS,0.0,2378.2963489593412,2382.662981108412,0.5458290186337185,0.0011998414993286133,4.366632149070938,4.366632149070938,0.0,1.0
2300315,23,315,S,0.9638671875,135,SS,0.0,2382.662981108412,2394.404188973104,0.5363702430119724,0.0011172294616699219,11.74120786469166,4.290961944094306,7.450245920597354,0.365461713440757
2300316,23,316,S,1.001953125,112,SS,0.0,2394.404188973104,2398.4909117113734,0.5108403422838262,0.0011985301971435547,4.0867227382696,4.0867227382696,0.0,1.0
2300317,23,317,S,1.0498046875,128,SS,0.0,2398.4909117113734,2405.811461492786,0.528953324746172,0.0012418031692504883,7.32054978141241,4.231626597967988,3.0889231834444217,0.5780476500156452
2300318,23,318,S,1.0244140625,134,SS,0.0,2405.811461492786,2414.1719621993875,0.5363825003901267,0.0011998414993286133,8.36050070660167,4.291060003120947,4.069440703480723,0.5132539489809043
2300319,23,319,S,0.9521484375,140,SS,0.0,2414.1719621993875,2419.53259045606,0.542686556050913,0.0010949373245239258,5.3606282566724985,4.341492448405916,1.019135808266583,0.8098850061094909
2300320,23,320,S,0.9384765625,134,SS,0.0,2419.53259045606,2428.5555148045655,0.5344957804110745,0.001084446907043457,9.022924348505512,4.275966243287257,4.746958105218255,0.4739002653829737
2300321,23,321,S,1.0556640625,129,SS,0.0,2428.5555148045655,2432.7987809433776,0.5304082673513082,0.0012483596801757812,4.243266138812032,4.243266138812032,0.0,1.0
2300322,23,322,S,1.0009765625,114,SS,0.0,2432.7987809433776,2438.688955053536,0.512960785092849,0.001194596290588379,5.8901741101585685,4.103686280741385,1.786487829417183,0.6967003358464239
2300323,23,323,S,1.0576171875,138,SS,0.0,2438.688955053536,2448.3748390696715,0.542440990806922,0.001239180564880371,9.685884016135333,4.339527926455048,5.346356089680285,0.4480260056001083
2300324,23,324,S,0.943359375,137,SS,0.0,2448.3748390696715,2453.6611930209433,0.538543968231713,0.0010870695114135742,5.286353951271849,4.308351745854452,0.9780022054173969,0.8149949446381474
2300325,23,325,S,0.9931640625,118,SS,0.0,2453.6611930209433,2464.38925956343,0.5170864707117201,0.0011788606643676758,10.728066542486886,4.136691765692376,6.59137477679451,0.3855952747225825
2300326,23,326,S,0.9736328125,125,SS,0.0,2464.38925956343,2469.574046819975,0.5241617805466379,0.0011434555053710938,5.184787256544951,4.193294244374556,0.9914930121703946,0.8087688147823624
2300327,23,327,S,1.0048828125,112,SS,0.0,2469.574046819975,2477.237544848913,0.5108941022835529,0.0012024641036987305,7.663498028937738,4.087152818268805,3.576345210668933,0.5333273138239899
2300328,23,328,S,0.984375,136,SS,0.0,2477.237544848913,2485.4914314941966,0.5381442256136822,0.0011434555053710938,8.253886645283728,4.305153804911242,3.948732840372486,0.5215910988275091
2300329,23,329,S,0.9404296875,116,SS,0.0,2485.4914314941966,2490.5841683031836,0.5139484279088689,0.001110672950744629,5.092736808986956,4.111587423270976,0.9811493857159803,0.8073433946194541
2300330,23,330,S,0.97265625,115,SS,0.0,2490.5841683031836,2499.9294120180007,0.5134963665004619,0.001155257225036621,9.345243714817116,4.107970932003809,5.2372727828133065,0.43957879081211326
2300331,23,331,S,1.015625,123,SS,0.0,2499.9294120180007,2505.162339849034,0.5228786177307174,0.0012024641036987305,5.232927831033521,4.183028941846715,1.0498988891868066,0.7993668318984923
2300332,23,332,S,1.0263671875,138,SS,0.0,2505.162339849034,2515.33821312646,0.5417344308156926,0.001197218894958496,10.17587327742558,4.333875446525781,5.8419978308998,0.42589715185822546
2300333,23,333,S,1.056640625,126,SS,0.0,2515.33821312646,2520.446642666061,0.5269400819366141,0.0012536048889160156,5.108429539601275,4.215520655492583,0.8929088841086923,0.8252087305527589
2300334,23,334,S,0.9990234375,118,SS,0.0,2520.446642666061,2525.5579520133797,0.5171997507109644,0.0011867284774780273,5.111309347318638,4.137598005687323,0.973711341631315,0.8094986479067017
2300335,23,335,S,0.9658203125,133,SS,0.0,2525.5579520133797,2536.6282486264518,0.5337787577973402,0.0011224746704101562,11.07029661307206,4.270230062378687,6.800066550693373,0.38573763753866375
2300336,23,336,S,1.060546875,128,SS,0.0,2536.6282486264518,2540.861677464405,0.5291786047441479,0.0012562274932861328,4.233428837953397,4.233428837953397,0.0,1.0
2300337,23,337,S,0.9921875,117,SS,0.0,2540.861677464405,2552.239879652269,0.5159998493073279,0.0011788606643676758,11.378202187863735,4.127998794458108,7.250203393405627,0.36279886104160913
2300338,23,338,S,1.0625,129,SS,0.0,2552.239879652269,2557.5542361351913,0.5305527473499572,0.0012575387954711914,5.314356482922449,4.244421978801256,1.0699345041211927,0.7986709195065479
2300339,23,339,S,1.017578125,132,SS,0.0,2557.5542361351913,2568.7993547732226,0.5335807751786098,0.0011932849884033203,9.185378907779068,2.208906471175851,6.976472436603217,0.24048071324582324
2400207,24,207,S,1.0048828125,132,SS,0.0,1555.5387660098945,1567.437377891855,0.5333062151814701,0.0011762380599975586,0.6977628488846221,0.6977628488846221,0.0,1.0
2400208,24,208,S,1.0263671875,142,SS,0.0,1567.437377891855,1571.8137257417882,0.5470434812417345,0.0011919736862182617,4.376347849933154,4.376347849933154,0.0,1.0
2400209,24,209,S,1.0126953125,143,SS,0.0,1571.8137257417882,1583.6223241381986,0.5480504238527129,0.0011723041534423828,11.808598396410389,4.3844033908208075,7.424195005589581,0.37128905934794015
2400210,24,210,S,1.0595703125,129,SS,0.0,1583.6223241381986,1587.8662507570034,0.5304908273505362,0.0012536048889160156,4.243926618804835,4.243926618804835,0.0,1.0
2400211,24,211,S,1.041015625,138,SS,0.0,1587.8662507570034,1598.7042050742011,0.5420656308115814,0.001216888427734375,10.837954317197728,4.33652504649217,6.501429270705557,0.40012394586411454
2400212,24,212,S,0.9521484375,142,SS,0.0,1598.7042050742011,1604.4627125979187,0.5453167612653034,0.0010923147201538086,5.758507523717526,4.362534090121699,1.3959734335958274,0.757580687730937
2400213,24,213,S,0.9580078125,136,SS,0.0,1604.4627125979187,1615.5654753098875,0.537556705620596,0.0011080503463745117,11.102762711968808,4.300453644964364,6.802309067004444,0.38733185212798105
2400214,24,214,S,0.974609375,115,SS,0.0,1615.5654753098875,1621.0962200948313,0.5135331665002448,0.0011578798294067383,5.530744784943863,4.108265332002702,1.422479452941161,0.7428050817290426
2400215,24,215,S,1.0537109375,116,SS,0.0,1621.0962200948313,1629.0097843631072,0.5161013878956073,0.0012627840042114258,7.913564268275877,4.12881110316448,3.784753165111397,0.5217384939572901
2400216,24,216,S,0.9990234375,135,SS,0.0,1629.0097843631072,1637.5966186292549,0.5371478430030785,0.0011644363403320312,8.586834266147662,4.297182744025122,4.28965152212254,0.5004385330885139
2400217,24,217,S,0.9765625,124,SS,0.0,1637.5966186292549,1644.013972098733,0.5231565991415269,0.0011487007141113281,6.41735346947803,4.18525279313144,2.2321006763465903,0.6521773832526412
2400218,24,218,S,1.048828125,125,SS,0.0,1644.013972098733,1653.8265692945956,0.5257017805338117,0.0012444257736206055,9.812597195862736,4.205614244270691,5.606982951592045,0.4285933846386658
2400219,24,219,S,1.0380859375,133,SS,0.0,1653.8265692945956,1659.1063070474117,0.5353534777803916,0.0012195110321044922,5.279737752816118,4.282827822242325,0.9969099305737927,0.8111819228062873
2400220,24,220,S,1.0126953125,112,SS,0.0,1659.1063070474117,1670.3452836756542,0.5110374622828241,0.0012129545211791992,11.238976628242426,4.088299698261835,7.150676929980591,0.3637608506087953
2400221,24,221,S,1.0341796875,138,SS,0.0,1670.3452836756542,1675.7299053408553,0.5419110708134999,0.0012077093124389648,5.384621665201166,4.335288566508098,1.0493330986930687,0.80512408040206
2400222,24,222,S,0.9931640625,139,SS,0.0,1675.7299053408553,1686.5975529964205,0.5423055334318281,0.0011513233184814453,10.867647655565179,4.338444267454179,6.529203388111,0.3992072990360999
2400223,24,223,S,0.9736328125,130,SS,0.0,1686.5975529964205,1690.8374980362175,0.5299931299745171,0.0011368989944458008,4.239945039797021,4.239945039797021,0.0,1.0
2400224,24,224,S,0.9794921875,139,SS,0.0,1690.8374980362175,1701.3741229292405,0.5419941734357913,0.001132965087890625,10.536624893022918,4.33595338748637,6.200671505536548,0.41151255088880756
2400225,24,225,S,0.9697265625,127,SS,0.0,1701.3741229292405,1706.5560839117582,0.5262099033566073,0.0011355876922607422,5.181960982517694,4.209679226853041,0.9722817556646532,0.8123718493935354
2400226,24,226,S,0.9462890625,143,SS,0.0,1706.5560839117582,1714.4708538738703,0.5464945838744134,0.0010831356048583984,7.914769962112132,4.371956670995132,3.5428132911169996,0.5523794995841463
2400227,24,227,S,0.9853515625,130,SS,0.0,1714.4708538738703,1721.7379776410776,0.5302427299720929,0.001152634620666504,7.267123767207295,4.2419418397767,3.0251819274305944,0.5837167462206095
2400228,24,228,S,0.982421875,123,SS,0.0,1721.7379776410776,1729.6576491408703,0.5222094977359862,0.0011578798294067383,7.919671499792685,4.17767598188766,3.741995517905025,0.5275062206806204
2400229,24,229,S,1.0068359375,131,SS,0.0,1729.6576491408703,1736.1767155950433,0.5320243925743394,0.0011801719665527344,6.519066454173071,4.256195140595082,2.262871313577989,0.6528841469119478
2400230,24,230,S,0.98828125,132,SS,0.0,1736.1767155950433,1742.4376191329084,0.5329471751852105,0.0011539459228515625,6.260903537865033,4.263577401481598,1.9973261363834354,0.6809843620327485
2400231,24,231,S,1.04296875,132,SS,0.0,1742.4376191329084,1749.4409156565346,0.5341298951728892,0.0012273788452148438,7.003296523626204,4.273039161382258,2.7302573622439468,0.6101468282781979
2400232,24,232,S,1.0615234375,133,SS,0.0,1749.4409156565346,1756.7381694699511,0.5358641977748948,0.0012509822845458984,7.297253813416546,4.286913582198395,3.0103402312181515,0.5874694360111997
2400233,24,233,S,1.0615234375,112,SS,0.0,1756.7381694699511,1764.840609877988,0.511933462278269,0.001278519630432129,8.102440408036955,4.095467698225548,4.006972709811407,0.5054610082862419
2400234,24,234,S,1.0224609375,136,SS,0.0,1764.840609877988,1771.062531856022,0.5389928656036959,0.001194596290588379,6.2219219780338335,4.311942924829054,1.9099790532047791,0.6930242680721714
2400235,24,235,S,1.0166015625,129,SS,0.0,1771.062531856022,1779.7981867692602,0.529582667359028,0.0011959075927734375,8.73565491323825,4.236661338873091,4.498993574365159,0.4849849703257782
2400236,24,236,S,0.9892578125,141,SS,0.0,1779.7981867692602,1784.1570582784339,0.5448589386466661,0.0011434555053710938,4.358871509173696,4.358871509173696,0.0,1.0
2400237,24,237,S,0.9892578125,132,SS,0.0,1784.1570582784339,1792.5131086179395,0.5329682951849906,0.001155257225036621,8.3560503395056,4.263746361479207,4.0923039780263935,0.5102585777063998
2400238,24,238,S,1.02734375,126,SS,0.0,1792.5131086179395,1799.5423340307755,0.5263352819417854,0.0012142658233642578,7.029225412836013,4.210682255534266,2.8185431573017468,0.5990250715029244
2400239,24,239,S,0.986328125,127,SS,0.0,1799.5423340307755,1805.7601046245807,0.5265553433535781,0.0011578798294067383,6.217770593805199,4.212442746827946,2.005327846977252,0.677484426817681
2400240,24,240,S,0.9580078125,125,SS,0.0,1805.7601046245807,1814.6585123577202,0.523841780549303,0.0011224746704101562,8.898407733139493,4.190734244393752,4.7076734887457405,0.4709532727733524
2400241,24,241,S,1.0048828125,122,SS,0.0,1814.6585123577202,1819.9876573399492,0.5215923163279794,0.0011893510818481445,5.3291449822290815,4.172738530623974,1.1564064516051076,0.7830033794424177
2400242,24,242,S,0.982421875,122,SS,0.0,1819.9876573399492,1830.426874067024,0.5211433563314102,0.0011591911315917969,10.439216727074836,4.169146850650577,6.270069876424259,0.3993735315253686
2400243,24,243,S,0.9375,138,SS,0.0,1830.426874067024,1834.7446752737496,0.5397251508406339,0.001077890396118164,4.317801206725562,4.317801206725562,0.0,1.0
2400244,24,244,S,0.9990234375,121,SS,0.0,1834.7446752737496,1843.688270429022,0.5204063349243969,0.0011827945709228516,8.943595155272305,4.163250679395787,4.780344475876518,0.465500797734737
2400245,24,245,S,1.0029296875,133,SS,0.0,1843.688270429022,1850.7414172810525,0.534587397788637,0.0011723041534423828,7.0531468520305225,4.276699182308221,2.7764476697223017,0.6063533444049881
2400246,24,246,S,0.9599609375,129,SS,0.0,1850.7414172810525,1857.0967939144416,0.528385547370222,0.001119852066040039,6.355376633389142,4.227084378961081,2.128292254428061,0.6651194134983778
2400247,24,247,S,0.9697265625,142,SS,0.0,1857.0967939144416,1866.5043407890746,0.5457257212597212,0.0011159181594848633,9.407546874632999,4.3658057700777135,5.041741104555285,0.46407483568855773
2400248,24,248,S,1.0595703125,120,SS,0.0,1866.5043407890746,1872.0752610655793,0.5205278735113916,0.001265406608581543,5.570920276504694,4.164222988090842,1.4066972884138522,0.7474928344699914
2400249,24,249,S,0.9482421875,133,SS,0.0,1872.0752610655793,1882.2021821757492,0.5333957178014628,0.0010988712310791016,10.12692111016986,4.267165742412544,5.859755367757316,0.4213685182288312
2400250,24,250,S,0.94921875,128,SS,0.0,1882.2021821757492,1886.4169332538706,0.5268438847651228,0.0011067390441894531,4.2147510781214805,4.2147510781214805,0.0,1.0
2400251,24,251,S,0.94921875,119,SS,0.0,1886.4169332538706,1897.6583825375662,0.5172975721221607,0.0011185407638549805,11.241449283695601,4.138380576976488,7.103068706719114,0.3681358579786257
2400252,24,252,S,1.0244140625,117,SS,0.0,1897.6583825375662,1901.791323411994,0.5166176093033635,0.0012221336364746094,4.132940874427732,4.132940874427732,0.0,1.0
2400253,24,253,S,0.97265625,130,SS,0.0,1901.791323411994,1910.9496204594088,0.529972329974719,0.0011355876922607422,9.158297047414862,4.239778639797805,4.918518407617057,0.46294399688581617
2400254,24,254,S,1.0537109375,144,SS,0.0,1910.9496204594088,1918.1205907974816,0.5503431264455677,0.0012260675430297852,7.1709703380727206,4.402745011564548,2.7682253265081727,0.6139678180216592
2400255,24,255,S,0.958984375,134,SS,0.0,1918.1205907974816,1925.7928588751715,0.5349460204060756,0.0011119842529296875,7.672268077689978,4.2795681632487685,3.3926999144412093,0.5577970060370064
2400256,24,256,S,1.0537109375,126,SS,0.0,1925.7928588751715,1933.5187938280126,0.5268796019371311,0.0012496709823608398,7.725934952841044,4.215036815496205,3.5108981373448387,0.5455698036839176
2400257,24,257,S,1.0224609375,119,SS,0.0,1933.5187938280126,1938.5750527067166,0.5187255721122801,0.001216888427734375,5.056258878704057,4.149804576898532,0.9064543018055247,0.8207262872509697
2400258,24,258,S,0.9755859375,134,SS,0.0,1938.5750527067166,1948.5867598624843,0.5353105004020289,0.0011342763900756836,10.01170715576768,4.282484003215359,5.729223152552322,0.42774762950874434
2400259,24,259,S,0.96484375,129,SS,0.0,1948.5867598624843,1952.8146698414382,0.528488747369257,0.001126408576965332,4.227909978953903,4.227909978953903,0.0,1.0
2400260,24,260,S,1.0556640625,124,SS,0.0,1952.8146698414382,1961.6634246594297,0.5247636391285048,0.0012549161911010742,8.848754817991448,4.198109113027385,4.650645704964063,0.4744293631564651
2400261,24,261,S,1.0361328125,125,SS,0.0,1961.6634246594297,1968.2878067119864,0.5254417805359771,0.0012273788452148438,6.624382052556712,4.203534244288676,2.420847808268036,0.6345549231518587
2400262,24,262,S,0.970703125,128,SS,0.0,1968.2878067119864,1973.3467474672905,0.5272944447610749,0.0011355876922607422,5.058940755304093,4.2183555580886605,0.8405851972154323,0.8338416601668812
2400263,24,263,S,1.0283203125,112,SS,0.0,1973.3467474672905,1983.944000669515,0.5113241822813664,0.0012339353561401367,10.597253202224465,4.090593458251533,6.506659743972932,0.3860050694450594
2400264,24,264,S,0.9873046875,122,SS,0.0,1983.944000669515,1988.113928320161,0.5212409563306643,0.0011657476425170898,4.169927650646059,4.169927650646059,0.0,1.0
2400265,24,265,S,1.0244140625,143,SS,0.0,1988.113928320161,1998.637665186069,0.5483249838488832,0.001188039779663086,10.52373686590795,4.386599870791542,6.137136995116407,0.4168291099145686
2400266,24,266,S,1.044921875,114,SS,0.0,1998.637665186069,2003.995421225364,0.5137815850882269,0.0012536048889160156,5.3577560392950545,4.110252680706253,1.2475033585888013,0.7671593574923316
2400267,24,267,S,1.0263671875,120,SS,0.0,2003.995421225364,2010.0213877376784,0.5198750735160681,0.0012208223342895508,6.025966512314426,4.159000588128038,1.8669659241863883,0.6901798374798249
2400268,24,268,S,1.0078125,127,SS,0.0,2010.0213877376784,2019.88294389148,0.5270023833496582,0.0011867284774780273,9.86155615380153,4.216019066796434,5.645537087005096,0.4275206672297051
2400269,24,269,S,1.037109375,135,SS,0.0,2019.88294389148,2025.2471435246184,0.5379902429934436,0.0012155771255493164,5.364199633138469,4.303921943946989,1.06027768919148,0.8023418661301507
2400270,24,270,S,1.0556640625,127,SS,0.0,2025.2471435246184,2036.04595106356,0.5279980633409271,0.0012509822845458984,10.798807538941674,4.2239845067269925,6.574823032214681,0.3911528649339147
2400271,24,271,S,0.974609375,113,SS,0.0,2036.04595106356,2040.1371786130885,0.5114034436909997,0.0011605024337768555,4.091227549528412,4.091227549528412,0.0,1.0
2400272,24,272,S,1.048828125,142,SS,0.0,2040.1371786130885,2051.9557545916077,0.5475660412346018,0.0012221336364746094,11.81857597851922,4.380528329876597,7.438047648642623,0.3706477275975041
2400273,24,273,S,0.9501953125,144,SS,0.0,2051.9557545916077,2056.338961683451,0.54790088648035,0.0010870695114135742,4.38320709184336,4.38320709184336,0.0,1.0
2400274,24,274,S,0.9990234375,116,SS,0.0,2056.338961683451,2065.14254673046,0.5150620279020095,0.0011893510818481445,8.80358504700871,4.120496223215014,4.683088823793696,0.46804752850261605
2400275,24,275,S,0.9384765625,117,SS,0.0,2065.14254673046,2071.886182299693,0.5149702493139349,0.0011067390441894531,6.743635569232993,4.119761994512373,2.623873574720619,0.6109111253443589
2400276,24,276,S,0.953125,120,SS,0.0,2071.886182299693,2076.931786638633,0.5184350735263841,0.0011224746704101562,5.045604338940393,4.1474805882098735,0.8981237507305195,0.8219987754887791
2400277,24,277,S,0.9736328125,128,SS,0.0,2076.931786638633,2087.134663450225,0.5273558847605231,0.001139521598815918,10.202876811591977,4.218847078085673,5.984029733506304,0.41349583612461527
2400278,24,278,S,1.0048828125,135,SS,0.0,2087.134663450225,2091.432882994238,0.5372774430015962,0.0011723041534423828,4.298219544012682,4.298219544012682,0.0,1.0
2400279,24,279,S,1.001953125,130,SS,0.0,2091.432882994238,2103.2598037368334,0.5305963299686588,0.0011749267578125,11.826920742595576,4.244770639750641,7.582150102844935,0.3589075070455803
2400280,24,280,S,1.04296875,122,SS,0.0,2103.2598037368334,2107.438632507412,0.5223535963221624,0.0012404918670654297,4.178828770578548,4.178828770578548,0.0,1.0
2400281,24,281,S,1.0615234375,122,SS,0.0,2107.438632507412,2119.6083929583515,0.5227244763193284,0.001265406608581543,12.16976045093952,4.181795810553012,7.987964640386508,0.3436218672841808
2400282,24,282,S,1.0322265625,126,SS,0.0,2119.6083929583515,2123.8198816138797,0.5264360819409235,0.0012208223342895508,4.211488655528228,4.211488655528228,0.0,1.0
2400283,24,283,S,1.037109375,141,SS,0.0,2123.8198816138797,2132.89465087248,0.5459643786319118,0.0012077093124389648,9.0747692586001,4.367715029056853,4.707054229543246,0.48130314993051737
2400284,24,284,S,1.0595703125,122,SS,0.0,2132.89465087248,2139.8151255044136,0.5226854363196266,0.0012627840042114258,6.920474631933757,4.181483490556275,2.7389911413774826,0.6042191775779779
2400285,24,285,S,1.0068359375,116,SS,0.0,2139.8151255044136,2145.3253104249306,0.5152105079010949,0.0011998414993286133,5.5101849205170765,4.121684063207795,1.3885008573092819,0.7480119311170078
2400286,24,286,S,1.0205078125,121,SS,0.0,2145.3253104249306,2155.445451040725,0.5208322549212433,0.0012116432189941406,10.120140615794298,4.166658039368485,5.953482576425813,0.41171938192890983
2400287,24,287,S,1.0361328125,140,SS,0.0,2155.445451040725,2160.790008125858,0.5446129560257926,0.0012077093124389648,5.344557085133147,4.356903648207663,0.9876534369254841,0.8152038754206927
2400288,24,288,S,1.00390625,138,SS,0.0,2160.790008125858,2172.049580643648,0.5412265908219964,0.0011670589447021484,11.25957251778982,4.3298127265770745,6.929759791212746,0.38454503665535145
2400289,24,289,S,0.974609375,124,SS,0.0,2172.049580643648,2176.234515996784,0.5231169191418484,0.001146078109741211,4.1849353531360975,4.1849353531360975,0.0,1.0
2400290,24,290,S,0.9951171875,115,SS,0.0,2176.234515996784,2188.415198908587,0.513919566497966,0.0011854171752929688,12.18068291180316,4.111356531982892,8.069326379820268,0.3375308725916312
2400291,24,291,S,1.04296875,144,SS,0.0,2188.415198908587,2192.8159164001804,0.5500896864491773,0.0012116432189941406,4.400717491593241,4.400717491593241,0.0,1.0
2400292,24,292,S,1.0576171875,124,SS,0.0,2192.8159164001804,2205.3030973105806,0.5248033191281833,0.0012575387954711914,12.487180910400184,4.198426553026366,8.288754357373818,0.33621892588499513
2400293,24,293,S,1.056640625,142,SS,0.0,2205.3030973105806,2209.685079720438,0.547747801232121,0.0012326240539550781,4.381982409857301,4.381982409857301,0.0,1.0
2400294,24,294,S,0.998046875,136,SS,0.0,2209.685079720438,2222.22429199562,0.5384488656100974,0.001161813735961914,12.539212275182308,4.30759092488006,8.231621350302248,0.343529627726749
2400295,24,295,S,1.05859375,142,SS,0.0,2222.22429199562,2226.606637925471,0.5477932412315007,0.0012352466583251953,4.382345929850999,4.382345929850999,0.0,1.0
2400296,24,296,S,1.00390625,129,SS,0.0,2226.606637925471,2239.314589658864,0.529314347361537,0.0011788606643676758,12.707951733392747,4.234514778891025,8.473436954501722,0.33321772601354555
2400297,24,297,S,0.986328125,130,SS,0.0,2239.314589658864,2243.556697898638,0.5302635299718909,0.0011539459228515625,4.2421082397740975,4.2421082397740975,0.0,1.0
2400298,24,298,S,1.0439453125,125,SS,0.0,2243.556697898638,2256.39490467396,0.5256017805346445,0.0012378692626953125,12.83820677532185,4.204814244276349,8.633392531045502,0.3275234865634835
2400299,24,299,S,0.9990234375,113,SS,0.0,2256.39490467396,2260.4897482234683,0.511855443688577,0.0011932849884033203,4.094843549508369,4.094843549508369,0.0,1.0
2400300,24,300,S,1.029296875,115,SS,0.0,2260.4897482234683,2271.927664136009,0.514563566494168,0.0012313127517700195,11.437915912540575,4.116508531951695,7.32140738058888,0.35990022687947365
2400301,24,301,S,0.9775390625,118,SS,0.0,2271.927664136009,2276.3001189062093,0.516784390713735,0.0011578798294067383,4.37245477020042,4.134275125710701,0.23817964448971907,0.945527247963093
2400302,24,302,S,0.9423828125,123,SS,0.0,2276.3001189062093,2280.4713398481476,0.5214026177423396,0.001104116439819336,4.171220941938373,4.171220941938373,0.0,1.0
2400303,24,303,S,0.9716796875,136,SS,0.0,2280.4713398481476,2293.31585937095,0.537861345617011,0.001126408576965332,12.84451952280233,4.302890764935,8.54162875786733,0.33499818792725267
2400304,24,304,S,0.962890625,141,SS,0.0,2293.31585937095,2297.669857920189,0.544249818654796,0.0011080503463745117,4.353998549238895,4.353998549238895,0.0,1.0
2400305,24,305,S,1.05078125,129,SS,0.0,2297.669857920189,2310.271488375075,0.5303050673522731,0.0012418031692504883,12.601630454886163,4.24244053881921,8.359189916066953,0.3366580661135198
2400306,24,306,S,1.017578125,129,SS,0.0,2310.271488375075,2314.5083148339445,0.5296033073588351,0.001197218894958496,4.236826458869473,4.236826458869473,0.0,1.0
2400307,24,307,S,1.015625,118,SS,0.0,2314.5083148339445,2326.9559194198796,0.5175207107088234,0.0012090206146240234,12.447604585935096,4.1401656856724,8.307438900262696,0.33260742314633707
2400308,24,308,S,0.9833984375,125,SS,0.0,2326.9559194198796,2331.150813664239,0.5243617805449721,0.0011565685272216797,4.1948942443596025,4.1948942443596025,0.0,1.0
2400309,24,309,S,0.9453125,122,SS,0.0,2331.150813664239,2343.4625653959783,0.5204015963370779,0.0011093616485595703,12.31175173173915,4.16321277069801,8.14853896104114,0.3381495063749078
2400310,24,310,S,0.9560546875,119,SS,0.0,2343.4625653959783,2347.6020122129494,0.5174308521212384,0.0011277198791503906,4.139446816971031,4.139446816971031,0.0,1.0
2400311,24,311,S,0.9384765625,124,SS,0.0,2347.6020122129494,2359.8832898077985,0.5223828391477968,0.001097559928894043,12.281277594849143,4.179062713181338,8.102214881667805,0.3402791510008753
2400312,24,312,S,0.9990234375,115,SS,0.0,2359.8832898077985,2363.995235139779,0.513993166497532,0.0011906623840332031,4.111945331980678,4.111945331980678,0.0,1.0
2400313,24,313,S,0.9716796875,118,SS,0.0,2363.995235139779,2374.757439235847,0.5166711107144907,0.0011500120162963867,10.762204096067762,4.133368885715754,6.628835210352008,0.38406341756945334
2400314,24,314,S,1.0087890625,126,SS,0.0,2374.757439235847,2380.2862809772278,0.5259522419450604,0.0011893510818481445,5.528841741380802,4.207617935560847,1.3212238058199546,0.7610306339696413
2400315,24,315,S,1.0576171875,131,SS,0.0,2380.2862809772278,2386.537694623183,0.5331143125633665,0.0012483596801757812,6.251413645955381,4.264914500505256,1.986499145450125,0.682232010557264
2400316,24,316,S,0.943359375,129,SS,0.0,2386.537694623183,2396.45018761639,0.5280346673735029,0.001097559928894043,9.912492993206797,4.224277338988031,5.688215654218766,0.4261569054205639
2400317,24,317,S,1.009765625,122,SS,0.0,2396.45018761639,2401.4158191202227,0.5216899163272337,0.0011959075927734375,4.96563150383281,4.173519330619456,0.7921121732133543,0.8404810802811388
2400318,24,318,S,0.943359375,128,SS,0.0,2401.4158191202227,2411.4467156023734,0.5267210047662266,0.0010988712310791016,10.030896482150638,4.213768038131093,5.817128444019545,0.4200789077655455
2400319,24,319,S,1.0458984375,122,SS,0.0,2411.4467156023734,2415.626012852949,0.5224121563217149,0.0012444257736206055,4.179297250575473,4.179297250575473,0.0,1.0
2400320,24,320,S,0.9375,129,SS,0.0,2415.626012852949,2422.778691280324,0.5279108273746609,0.0010896921157836914,7.152678427375122,4.223286618998827,2.9293918083762946,0.5904482721934253
2400321,24,321,S,1.0166015625,132,SS,0.0,2422.778691280324,2431.2939699489266,0.5335596551788299,0.0011919736862182617,8.515278668602605,4.268477241432265,4.24680142717034,0.5012727601236263
2400322,24,322,S,1.0498046875,126,SS,0.0,2431.2939699489266,2436.3808233431464,0.5267989619378206,0.0012444257736206055,5.0868533942198155,4.214391695502854,0.8724616987169611,0.8284869582228696
2400323,24,323,S,1.00390625,135,SS,0.0,2436.3808233431464,2447.157092551167,0.5372558430018433,0.0011709928512573242,10.776269208020494,4.2980467440138455,6.478222464006649,0.39884366853186276
2400324,24,324,S,1.0322265625,122,SS,0.0,2447.157092551167,2452.4060077719246,0.5221388763238031,0.0012260675430297852,5.248915220757681,4.177111010591034,1.071804210166647,0.795804625319909
2400325,24,325,S,1.05078125,123,SS,0.0,2452.4060077719246,2459.796712258939,0.5235870977251389,0.0012496709823608398,7.390704487014318,4.188696781802719,3.2020077052115994,0.5667520314419796
2400326,24,326,S,0.9814453125,120,SS,0.0,2459.796712258939,2468.061841843462,0.5189918735223952,0.0011605024337768555,8.265129584523038,4.151934988178255,4.113194596344783,0.5023436046245431
2400327,24,327,S,1.0244140625,142,SS,0.0,2468.061841843462,2473.378766585723,0.5469980412423547,0.0011893510818481445,5.316924742261108,4.375984329937637,0.9409404123234708,0.8230292024176139
2400328,24,328,S,0.982421875,137,SS,0.0,2473.378766585723,2482.234818281469,0.5394207682211103,0.001139521598815918,8.856051695745919,4.315366145769076,4.540685549976843,0.48727878901632876
2400329,24,329,S,0.966796875,129,SS,0.0,2482.234818281469,2487.539785092635,0.5285300273688711,0.0011290311813354492,5.304966811166196,4.2282402189521235,1.0767265922140723,0.7970342453514098
2400330,24,330,S,1.05859375,127,SS,0.0,2487.539785092635,2497.607492366454,0.5280590233403927,0.0012549161911010742,10.067707273818996,4.224472186724597,5.843235087094399,0.41960617962247554
2400331,24,331,S,0.984375,129,SS,0.0,2497.607492366454,2503.181780257293,0.5289015473653971,0.001152634620666504,5.574287890839059,4.231212378923374,1.3430755119156856,0.7590588182352523
2400332,24,332,S,0.9482421875,137,SS,0.0,2503.181780257293,2511.6999294219945,0.5386535682303877,0.0010936260223388672,8.518149164701299,4.309228545844235,4.208920618857064,0.5058878944855086
2400333,24,333,S,0.9599609375,139,SS,0.0,2511.6999294219945,2519.900461994885,0.5415493734414532,0.0011067390441894531,8.200532572890552,4.332394987530279,3.868137585360273,0.5283065397304045
2400334,24,334,S,0.974609375,126,SS,0.0,2519.900461994885,2524.1024351304936,0.5252466419510938,0.0011434555053710938,4.2019731356085686,4.2019731356085686,0.0,1.0
2400335,24,335,S,0.98828125,135,SS,0.0,2524.1024351304936,2535.1220312780674,0.5369102430057962,0.0011500120162963867,11.019596147573793,4.295281944047019,6.724314203526774,0.38978578584231693
2400336,24,336,S,0.986328125,112,SS,0.0,2535.1220312780674,2540.1943918822544,0.5105536222852838,0.0011775493621826172,5.072360604186997,4.08442897828354,0.9879316259034567,0.8052323754174802
2400337,24,337,S,0.9931640625,116,SS,0.0,2540.1943918822544,2551.621223952778,0.5149506679026954,0.001181483268737793,11.426832070523687,4.1196053432213375,7.30722672730235,0.36052033650237564
2400338,24,338,S,1.0439453125,142,SS,0.0,2551.621223952778,2557.0335693368934,0.5474524412361524,0.0012155771255493164,5.4123453841152696,4.379619529889169,1.0327258542261006,0.8091906962816795
2400339,24,339,S,1.056640625,135,SS,0.0,2557.0335693368934,2568.26737551844,0.5384222429885025,0.0012418031692504883,9.70604570607702,2.7796174684376638,6.926428237639357,0.28638001021335874
2500208,25,208,S,0.99609375,127,SS,0.0,1557.9139516707926,1568.9319120371993,0.5267585433517964,0.0011709928512573242,2.1922969942288546,2.1922969942288546,0.0,1.0
2500209,25,209,S,0.9736328125,134,SS,0.0,1568.9319120371993,1574.2912313123943,0.5352676204025049,0.0011316537857055664,5.359319275195048,4.282140963219717,1.0771783119753309,0.7990083709024542
2500210,25,210,S,1.0439453125,128,SS,0.0,1574.2912313123943,1585.1224568214598,0.5288304447472758,0.0012339353561401367,10.831225509065462,4.230643557977601,6.600581951087861,0.3905969416329352
2500211,25,211,S,1.01171875,132,SS,0.0,1585.1224568214598,1589.3900892628985,0.53345405517993,0.0011854171752929688,4.267632441438764,4.267632441438764,0.0,1.0
2500212,25,212,S,1.0283203125,120,SS,0.0,1589.3900892628985,1601.5653084756923,0.5199134735157931,0.001223444938659668,12.175219212793763,4.159307788126171,8.015911424667593,0.3416207721135366
2500213,25,213,S,1.05078125,130,SS,0.0,1601.5653084756923,1605.81839911536,0.5316363299585585,0.0012404918670654297,4.253090639667789,4.253090639667789,0.0,1.0
2500214,25,214,S,1.0556640625,136,SS,0.0,1605.81839911536,1618.1510156883162,0.5397327055949898,0.001239180564880371,12.332616572956113,4.317861644760342,8.01475492819577,0.35011723742623063
2500215,25,215,S,1.03125,138,SS,0.0,1618.1510156883162,1622.4857743348314,0.5418448308143221,0.001203775405883789,4.3347586465151835,4.3347586465151835,0.0,1.0
2500216,25,216,S,0.955078125,133,SS,0.0,1622.4857743348314,1634.147618442425,0.5335446777998596,0.0011080503463745117,11.661844107593652,4.268357422399276,7.393486685194375,0.36601050254306866
2500217,25,217,S,0.953125,129,SS,0.0,1634.147618442425,1638.3735469813969,0.528241067371573,0.001110672950744629,4.225928538971857,4.225928538971857,0.0,1.0
2500218,25,218,S,0.990234375,125,SS,0.0,1638.3735469813969,1649.1280205869057,0.524501780543806,0.0011657476425170898,10.754473605508792,4.196014244351318,6.558459361157475,0.3901645397318175
2500219,25,219,S,0.9580078125,120,SS,0.0,1649.1280205869057,1654.6878378533615,0.5185310735256964,0.0011290311813354492,5.559817266455866,4.1482485882061155,1.4115686782497505,0.746112397116684
2500220,25,220,S,1.017578125,134,SS,0.0,1654.6878378533615,1662.8682170216318,0.536232420391793,0.0011906623840332031,8.180379168270292,4.289859363134383,3.8905198051359093,0.5244083770314348
2500221,25,221,S,1.046875,130,SS,0.0,1662.8682170216318,1670.4801974979698,0.5315531299593664,0.0012352466583251953,7.611980476337976,4.252425039674563,3.3595554366634133,0.5586489682801116
2500222,25,222,S,1.02734375,118,SS,0.0,1670.4801974979698,1675.6973492067648,0.5177472707073124,0.0012247562408447266,5.217151708794972,4.1419781656586565,1.0751735431363159,0.793915606992258
2500223,25,223,S,1.0283203125,119,SS,0.0,1675.6973492067648,1686.5059455196165,0.5188398121114897,0.0012247562408447266,10.808596312851705,4.150718496892296,6.657877815959409,0.38402012405227703
2500224,25,224,S,1.005859375,134,SS,0.0,1686.5059455196165,1690.7937466427734,0.5359751403946496,0.0011749267578125,4.287801123156896,4.287801123156896,0.0,1.0
2500225,25,225,S,0.9462890625,124,SS,0.0,1690.7937466427734,1701.2424764072496,0.5225415591465109,0.0011080503463745117,10.448729764476184,4.180332473171802,6.268397291304382,0.4000804468485908
2500226,25,226,S,0.982421875,131,SS,0.0,1701.2424764072496,1706.4911957588913,0.5315003925796149,0.0011473894119262695,5.248719351641739,4.252003140636589,0.9967162110051504,0.8101029709859817
2500227,25,227,S,1.013671875,128,SS,0.0,1706.4911957588913,1714.3667635179042,0.5281955647529796,0.0011932849884033203,7.875567759012938,4.22556451802302,3.6500032409899177,0.5365409386754637
2500228,25,228,S,1.0556640625,123,SS,0.0,1714.3667635179042,1721.605893237937,0.523685497724364,0.0012562274932861328,7.239129720032679,4.189483981794183,3.049645738238496,0.5787275741448201
2500229,25,229,S,1.05078125,126,SS,0.0,1721.605893237937,1729.5592887609903,0.5268191219376483,0.001245737075805664,7.953395523053359,4.214552975501647,3.7388425475517124,0.5299061216414461
2500230,25,230,S,1.060546875,116,SS,0.0,1729.5592887609903,1736.0216128665018,0.5162313078948071,0.001271963119506836,6.46232410551147,4.129850463157709,2.3324736423537615,0.6390658214798476
2500231,25,231,S,1.009765625,130,SS,0.0,1736.0216128665018,1741.7209422142787,0.5307627299670428,0.0011854171752929688,5.6993293477769384,4.2461018397370935,1.453227508039845,0.745017804839321
2500232,25,232,S,1.0458984375,140,SS,0.0,1741.7209422142787,1749.3749000975915,0.5448369560228716,0.0012208223342895508,7.653957883312842,4.358695648183129,3.2952622351297123,0.5694695103674345
2500233,25,233,S,0.986328125,136,SS,0.0,1749.3749000975915,1756.6322002484437,0.5381877456131701,0.001146078109741211,7.257300150852188,4.305501964905488,2.9517981859467,0.593264971189033
2500234,25,234,S,0.9609375,126,SS,0.0,1756.6322002484437,1764.5147169100599,0.524964401953507,0.0011250972747802734,7.882516661616137,4.199715215627293,3.6828014459888436,0.5327886252467793
2500235,25,235,S,1.0107421875,141,SS,0.0,1764.5147169100599,1770.6249602562884,0.5453552586400418,0.0011723041534423828,6.110243346228572,4.362842069120234,1.747401277108338,0.7140210007860183
2500236,25,236,S,0.9814453125,132,SS,0.0,1770.6249602562884,1779.4680260115042,0.5327993351867508,0.0011447668075561523,8.843065755215775,4.262394681494698,4.580671073721078,0.4820041826535862
2500237,25,237,S,1.01171875,121,SS,0.0,1779.4680260115042,1783.6332901308838,0.5206580149225333,0.0011998414993286133,4.165264119379572,4.165264119379572,0.0,1.0
2500238,25,238,S,0.9697265625,139,SS,0.0,1783.6332901308838,1790.7402629466935,0.5417717734386222,0.001119852066040039,7.1069728158097405,4.334174187508324,2.772798628301416,0.6098481448904354
2500239,25,239,S,0.939453125,125,SS,0.0,1790.7402629466935,1799.029016038418,0.5234617805524678,0.001097559928894043,8.288753091724402,4.1876942444196175,4.101058847304785,0.5052260814235938
2500240,25,240,S,0.939453125,132,SS,0.0,1799.029016038418,1805.288386770556,0.5318911751962119,0.0010883808135986328,6.259370732137995,4.25512940157023,2.0042413305677655,0.6798014662596631
2500241,25,241,S,0.9482421875,144,SS,0.0,1805.288386770556,1814.747262850538,0.5478548064810063,0.001084446907043457,9.45887607998202,4.3828384518474195,5.0760376281346,0.46335721229321264
2500242,25,242,S,1.0029296875,139,SS,0.0,1814.747262850538,1820.1063177523918,0.5425279334289972,0.0011644363403320312,5.359054901853824,4.340223467432224,1.0188314344215996,0.8098859867867445
2500243,25,243,S,0.9736328125,121,SS,0.0,1820.1063177523918,1830.5480765271507,0.5199029749281241,0.0011487007141113281,10.44175877475891,4.159223799424581,6.282534975334329,0.39832598024374616
2500244,25,244,S,1.041015625,139,SS,0.0,1830.5480765271507,1834.895238874494,0.5433952934179568,0.0012155771255493164,4.347162347343328,4.347162347343328,0.0,1.0
2500245,25,245,S,0.986328125,141,SS,0.0,1834.895238874494,1843.862733887825,0.5447912586475694,0.001139521598815918,8.967495013331018,4.358330069180738,4.6091649441502796,0.48601421720354165
2500246,25,246,S,0.9794921875,140,SS,0.0,1843.862733887825,1850.9207025677938,0.5433137560427342,0.0011316537857055664,7.057968679968781,4.3465100483426795,2.711458631626101,0.6158301694761708
2500247,25,247,S,1.048828125,112,SS,0.0,1850.9207025677938,1857.1156083699286,0.5117005022794533,0.0012614727020263672,6.1949058021348264,4.093604018235055,2.101301783899771,0.6608016568749695
2500248,25,248,S,0.9375,134,SS,0.0,1857.1156083699286,1866.4895865989902,0.5344743404113126,0.0010831356048583984,9.37397822906155,4.275794723291256,5.098183505770294,0.4561344840801188
2500249,25,249,S,1.0517578125,120,SS,0.0,1866.4895865989902,1871.680044899777,0.520374273512492,0.0012549161911010742,5.190458300786759,4.162994188100129,1.02746411268663,0.8020475162027814
2500250,25,250,S,0.9384765625,140,SS,0.0,1871.680044899777,1882.1937546270894,0.5423729560550025,0.0010765790939331055,10.513709727312516,4.338983648440262,6.174726078872254,0.41269768340364676
2500251,25,251,S,0.9619140625,133,SS,0.0,1882.1937546270894,1886.4633037294755,0.5336936377982564,0.0011172294616699219,4.269549102386009,4.269549102386009,0.0,1.0
2500252,25,252,S,1.0078125,117,SS,0.0,1886.4633037294755,1897.6949372834406,0.5162993693054058,0.0011998414993286133,11.231633553965139,4.130394954443545,7.101238599521594,0.3677465913215606
2500253,25,253,S,0.9931640625,131,SS,0.0,1897.6949372834406,1901.9487849040597,0.5317309525772935,0.001161813735961914,4.253847620619126,4.253847620619126,0.0,1.0
2500254,25,254,S,0.978515625,134,SS,0.0,1901.9487849040597,1911.0726467558352,0.5353748204013148,0.0011382102966308594,9.123861851775473,4.28299856321064,4.840863288564833,0.46942825667370036
2500255,25,255,S,0.9990234375,130,SS,0.0,1911.0726467558352,1918.086371641188,0.5305339299692649,0.0011709928512573242,7.013724885352758,4.244271439754812,2.7694534455979465,0.605137998585946
2500256,25,256,S,0.9677734375,127,SS,0.0,1918.086371641188,1925.7332298193858,0.5261692633569637,0.001132965087890625,7.646858178197817,4.209354106855244,3.4375040713425733,0.5504684419094704
2500257,25,257,S,1.0126953125,143,SS,0.0,1925.7332298193858,1933.4191096444752,0.5480504238527129,0.0011723041534423828,7.685879825089387,4.3844033908208075,3.3014764342685794,0.5704491210633542
2500258,25,258,S,0.9462890625,138,SS,0.0,1933.4191096444752,1938.7724900191145,0.5399238708381672,0.0010896921157836914,5.3533803746393005,4.319390966706123,1.033989407933177,0.8068529909005681
2500259,25,259,S,1.0,124,SS,0.0,1938.7724900191145,1949.0880881244861,0.5236327591376686,0.0011801719665527344,10.315598105371691,4.189062073101013,6.126536032270678,0.40609008128376217
2500260,25,260,S,1.0205078125,136,SS,0.0,1949.0880881244861,1953.3996828893191,0.538949345604208,0.0011919736862182617,4.311594764832989,4.311594764832989,0.0,1.0
2500261,25,261,S,1.0439453125,140,SS,0.0,1953.3996828893191,1963.0777345636538,0.5447921560234558,0.0012181997299194336,9.67805167433471,4.358337248188036,5.319714426146675,0.45033209109080696
2500262,25,262,S,0.953125,127,SS,0.0,1963.0777345636538,1968.8078149383023,0.5258644633596364,0.001113295555114746,5.7300803746484235,4.206915706876316,1.5231646677721074,0.7341809244926057
2500263,25,263,S,0.9775390625,131,SS,0.0,1968.8078149383023,1973.891423322986,0.5313955925806699,0.0011408329010009766,5.083608384683657,4.251164740644526,0.832443644039131,0.8362494549054584
2500264,25,264,S,0.9951171875,123,SS,0.0,1973.891423322986,1984.5166741415755,0.5224653377339716,0.0011749267578125,10.62525081858962,4.179722701872379,6.445528116717242,0.393376379836574
2500265,25,265,S,0.958984375,117,SS,0.0,1984.5166741415755,1988.639581096067,0.5153633693114122,0.0011342763900756836,4.122906954491555,4.122906954491555,0.0,1.0
2500266,25,266,S,0.9912109375,133,SS,0.0,1988.639581096067,2000.4278929164334,0.5343320377913854,0.0011565685272216797,11.788311820366289,4.274656302330186,7.513655518036103,0.36261819058306544
2500267,25,267,S,1.046875,118,SS,0.0,2000.4278929164334,2004.572891882071,0.5181248707047936,0.0012509822845458984,4.144998965637569,4.144998965637569,0.0,1.0
2500268,25,268,S,0.962890625,127,SS,0.0,2004.572891882071,2011.9987953372097,0.5260676633578546,0.001126408576965332,7.425903455138723,4.208541306863481,3.2173621482752424,0.5667379507810826
2500269,25,269,S,1.0068359375,116,SS,0.0,2011.9987953372097,2020.3904407115315,0.5152105079010949,0.0011998414993286133,8.391645374321797,4.121684063209614,4.2699613111121835,0.4911651862484386
2500270,25,270,S,1.0185546875,131,SS,0.0,2020.3904407115315,2025.374221157072,0.5322759125718072,0.0011959075927734375,4.98378044554056,4.258207300574213,0.7255731449663472,0.8544131000763521
2500271,25,271,S,1.0615234375,128,SS,0.0,2025.374221157072,2036.5575953517578,0.529199084743964,0.0012575387954711914,11.183374194685712,4.233592677952402,6.94978151673331,0.37856130039574154
2500272,25,272,S,1.0390625,143,SS,0.0,2036.5575953517578,2041.9462761144223,0.5486681838440963,0.0012077093124389648,5.388680762664535,4.389345470752232,0.9993352919123026,0.8145491752199916
2500273,25,273,S,1.0234375,123,SS,0.0,2041.9462761144223,2052.918360246854,0.5230360577294779,0.0012129545211791992,10.972084132431519,4.184288461835422,6.787795670596097,0.3813576720094055
2500274,25,274,S,1.0107421875,122,SS,0.0,2052.918360246854,2057.09203573747,0.5217094363270846,0.001197218894958496,4.173675490616006,4.173675490616006,0.0,1.0
2500275,25,275,S,0.974609375,139,SS,0.0,2057.09203573747,2068.7413892629856,0.5418829734372067,0.001126408576965332,11.649353525515835,4.335063787497347,7.314289738018488,0.37212912956947886
2500276,25,276,S,0.94140625,124,SS,0.0,2068.7413892629856,2072.9209281361627,0.5224423591473146,0.0011014938354492188,4.17953887317708,4.17953887317708,0.0,1.0
2500277,25,277,S,0.9736328125,132,SS,0.0,2072.9209281361627,2078.801556983959,0.5326303751885111,0.0011342763900756836,5.880628847796288,4.261043001508369,1.6195858462879187,0.724589684503751
2500278,25,278,S,1.01953125,133,SS,0.0,2078.801556983959,2088.7690529933775,0.5349491577847433,0.001194596290588379,9.967496009418483,4.279593262279377,5.6879027471391055,0.4293549009937406
2500279,25,279,S,1.021484375,142,SS,0.0,2088.7690529933775,2093.85821005312,0.5469298812432851,0.0011854171752929688,5.08915705974232,4.375439049945271,0.7137180097970486,0.8597571264909661
2500280,25,280,S,1.00390625,118,SS,0.0,2093.85821005312,2104.7934741644317,0.5172941507103348,0.0011932849884033203,10.93526411131188,4.138353205682506,6.796910905629375,0.3784410841436949
2500281,25,281,S,1.005859375,128,SS,0.0,2104.7934741644317,2110.03911236481,0.5280317247544514,0.0011827945709228516,5.24563820037838,4.224253798034624,1.021384402343756,0.8052888202869041
2500282,25,282,S,1.0439453125,141,SS,0.0,2110.03911236481,2121.294698696944,0.5461222986298041,0.001216888427734375,11.255586332134044,4.3689783890367835,6.88660794309726,0.3881608883016253
2500283,25,283,S,0.9853515625,128,SS,0.0,2121.294698696944,2125.5155118550106,0.5276016447583152,0.001155257225036621,4.2208131580664485,4.2208131580664485,0.0,1.0
2500284,25,284,S,1.009765625,135,SS,0.0,2125.5155118550106,2137.29495875259,0.537385443000361,0.0011788606643676758,11.779446897579419,4.299083544003224,7.480363353576195,0.36496480534129755
2500285,25,285,S,1.04296875,122,SS,0.0,2137.29495875259,2141.4737875231685,0.5223535963221624,0.0012404918670654297,4.178828770578548,4.178828770578548,0.0,1.0
2500286,25,286,S,1.041015625,136,SS,0.0,2141.4737875231685,2153.256909145449,0.5394063055988306,0.0012195110321044922,11.783121622280305,4.315250444789854,7.467871177490451,0.36622302502846893
2500287,25,287,S,0.9716796875,138,SS,0.0,2153.256909145449,2157.5808927520984,0.540497950831041,0.0011237859725952148,4.323983606649563,4.323983606649563,0.0,1.0
2500288,25,288,S,1.0498046875,122,SS,0.0,2157.5808927520984,2168.261670890086,0.5224902363211184,0.0012496709823608398,10.680778137987545,4.179921890568949,6.5008562474185965,0.3913499406660761
2500289,25,289,S,0.9384765625,122,SS,0.0,2168.261670890086,2173.9965645008647,0.5202649563381221,0.0011001825332641602,5.734893610778727,4.162119650703971,1.5727739600747555,0.7257535942569661
2500290,25,290,S,1.0087890625,132,SS,0.0,2173.9965645008647,2183.263979235954,0.53339069518059,0.001181483268737793,9.26741473508946,4.267125561444118,5.000289173645342,0.460444005520481
2500291,25,291,S,1.0419921875,123,SS,0.0,2183.263979235954,2190.1467823699604,0.5234099777265335,0.0012378692626953125,6.882803134006281,4.187279821813718,2.695523312192563,0.6083683842598042
2500292,25,292,S,0.9697265625,113,SS,0.0,2190.1467823699604,2196.623504906813,0.5113130436914842,0.0011539459228515625,6.476722536852776,4.090504349533148,2.3862181873196278,0.6315701076058201
2500293,25,293,S,0.9580078125,131,SS,0.0,2196.623504906813,2206.9779668388846,0.5309763925848903,0.0011146068572998047,10.354461932071445,4.247811140678095,6.106650791393349,0.4102396791397838
2500294,25,294,S,1.0,142,SS,0.0,2206.9779668388846,2213.642367918411,0.5464300412501076,0.0011565685272216797,6.664401079526215,4.371440330000041,2.2929607495261735,0.6559389625317712
2500295,25,295,S,1.0478515625,122,SS,0.0,2213.642367918411,2223.058191736494,0.5224511963214166,0.0012470483779907227,9.415823818083027,4.179609570572211,5.236214247510816,0.4438920748012828
2500296,25,296,S,1.041015625,134,SS,0.0,2223.058191736494,2227.3521675795814,0.5367469803860799,0.0012221336364746094,4.293975843087537,4.293975843087537,0.0,1.0
2500297,25,297,S,0.9931640625,119,SS,0.0,2227.3521675795814,2239.8719241529698,0.5181543721162324,0.0011775493621826172,12.51975657338835,4.145234976931533,8.374521596456816,0.33109549316178644
2500298,25,298,S,0.97265625,115,SS,0.0,2239.8719241529698,2243.9798950849736,0.5134963665004619,0.001155257225036621,4.107970932003809,4.107970932003809,0.0,1.0
2500299,25,299,S,0.98828125,119,SS,0.0,2243.9798950849736,2256.4980228569393,0.5180591721168911,0.0011709928512573242,12.518127771965737,4.144473376934911,8.373654395030826,0.3310777340215708
2500300,25,300,S,0.970703125,124,SS,0.0,2256.4980228569393,2260.6823233300775,0.5230375591424915,0.0011408329010009766,4.184300473138137,4.184300473138137,0.0,1.0
2500301,25,301,S,1.05078125,113,SS,0.0,2260.6823233300775,2271.9747930421463,0.5128136836834409,0.0012627840042114258,11.29246971206885,4.102509469466895,7.1899602426019555,0.3632960347976253
2500302,25,302,S,0.96484375,113,SS,0.0,2271.9747930421463,2277.5137636198365,0.5112226436919688,0.0011473894119262695,5.538970577690179,4.089781149534247,1.4491894281559325,0.7383648445447668
2500303,25,303,S,1.0341796875,143,SS,0.0,2277.5137636198365,2287.604297418439,0.548553783845692,0.0012011528015136719,10.090533798602337,4.388430270766548,5.7021035278357886,0.4349056609249354
2500304,25,304,S,0.986328125,125,SS,0.0,2287.604297418439,2294.6970896368784,0.5244217805444723,0.0011605024337768555,7.092792218439627,4.195374244354753,2.897417974084874,0.5914982583936049
2500305,25,305,S,1.001953125,112,SS,0.0,2294.6970896368784,2303.0027542847793,0.5108403422838262,0.0011985301971435547,8.305664647900812,4.0867227382696,4.218941909631212,0.49204042199109077
2500306,25,306,S,0.96484375,123,SS,0.0,2303.0027542847793,2311.306576654052,0.5218552577387755,0.0011342763900756836,8.303822369272893,4.174842061911477,4.128980307361417,0.5027614845616017
2500307,25,307,S,0.9716796875,119,SS,0.0,2311.306576654052,2315.4484605910066,0.5177354921191306,0.0011487007141113281,4.1418839369544,4.1418839369544,0.0,1.0
2500308,25,308,S,0.9404296875,122,SS,0.0,2315.4484605910066,2327.9163447024184,0.5203039963378238,0.0011028051376342773,12.467884111411877,4.162431970704347,8.30545214070753,0.33385231475599497
2500309,25,309,S,0.9755859375,134,SS,0.0,2327.9163447024184,2332.198828705634,0.5353105004020289,0.0011342763900756836,4.282484003215359,4.282484003215359,0.0,1.0
2500310,25,310,S,1.0341796875,136,SS,0.0,2332.198828705634,2344.587170479691,0.5392539856006231,0.001210331916809082,12.388341774057153,4.314031884805445,8.074309889251708,0.34823319888054793
2500311,25,311,S,1.0625,127,SS,0.0,2344.587170479691,2348.8122929064075,0.5281403033396798,0.0012601613998413086,4.225122426716553,4.225122426716553,0.0,1.0
2500312,25,312,S,1.0615234375,114,SS,0.0,2348.8122929064075,2360.6305302344854,0.514091665086481,0.0012758970260620117,11.818237328077885,4.1127333206932235,7.705504007384661,0.34799887720329925
2500313,25,313,S,0.9814453125,134,SS,0.0,2360.6305302344854,2364.9140433576913,0.5354391404006006,0.0011421442031860352,4.283513123205921,4.283513123205921,0.0,1.0
2500314,25,314,S,0.9482421875,132,SS,0.0,2364.9140433576913,2377.1092562161175,0.5320812551942317,0.0011001825332641602,12.195212858426203,4.256650041552348,7.938562816873855,0.3490427015065377
2500315,25,315,S,0.94140625,120,SS,0.0,2377.1092562161175,2381.254893604342,0.5182046735280345,0.0011067390441894531,4.1456373882247135,4.1456373882247135,0.0,1.0
2500316,25,316,S,1.056640625,124,SS,0.0,2381.254893604342,2390.262575545501,0.5247834791283441,0.0012562274932861328,9.007681941158808,4.198267833027785,4.809414108131023,0.4660763846295057
2500317,25,317,S,1.0126953125,122,SS,0.0,2390.262575545501,2397.067709508874,0.5217484763267862,0.0011998414993286133,6.8051339633730095,4.1739878106127435,2.631146152760266,0.6133586543745098
2500318,25,318,S,0.947265625,121,SS,0.0,2397.067709508874,2402.3144962350684,0.5193802549319945,0.001113295555114746,5.246786726194387,4.155042039456021,1.091744686738366,0.7919212760663834
2500319,25,319,S,1.015625,130,SS,0.0,2402.3144962350684,2412.9844426873165,0.5308875299658306,0.0011932849884033203,10.669946452248041,4.247100239725114,6.422846212522927,0.39804325717401295
2500320,25,320,S,1.044921875,113,SS,0.0,2412.9844426873165,2418.02224952925,0.5127052036840223,0.0012549161911010742,5.037806841933616,4.101641629473306,0.9361652124603097,0.8141720709361319
2500321,25,321,S,0.9716796875,113,SS,0.0,2418.02224952925,2428.485629312364,0.5113492036912904,0.0011565685272216797,10.46337978311385,4.090793629529799,6.372586153584052,0.3909629311297347
2500322,25,322,S,0.97265625,121,SS,0.0,2428.485629312364,2432.644698231791,0.5198836149282673,0.0011473894119262695,4.159068919427227,4.159068919427227,0.0,1.0
2500323,25,323,S,1.0302734375,122,SS,0.0,2432.644698231791,2438.547485419641,0.5220998363241014,0.001223444938659668,5.9027871878497535,4.176798690594296,1.7259884972554573,0.7075977089588767
2500324,25,324,S,1.0283203125,126,SS,0.0,2438.547485419641,2448.269234323392,0.526355441941613,0.0012155771255493164,9.721748903751177,4.2108435355330585,5.510905368218118,0.433136421977355
2500325,25,325,S,1.0029296875,129,SS,0.0,2448.269234323392,2453.571925424458,0.5292937073617301,0.0011775493621826172,5.302691101066102,4.234349658894644,1.0683414421714588,0.7985284411613813
2500326,25,326,S,1.0439453125,142,SS,0.0,2453.571925424458,2464.5181229779337,0.5474524412361524,0.0012155771255493164,10.946197553475486,4.379619529889169,6.566578023586317,0.4001041922086097
2500327,25,327,S,1.0546875,114,SS,0.0,2464.5181229779337,2469.5819090847426,0.5139639850872,0.0012667179107666016,5.063786106808948,4.11171188069784,0.9520742261111081,0.8119837200803337
2500328,25,328,S,0.9375,115,SS,0.0,2469.5819090847426,2477.2646617150867,0.5128339665043686,0.0011080503463745117,7.682752630344112,4.102671732034651,3.580080898309461,0.5340106507959884
2500329,25,329,S,1.0400390625,134,SS,0.0,2477.2646617150867,2485.50537879171,0.5367255403863179,0.0012208223342895508,8.240717076623241,4.2938043230897165,3.9469127535335247,0.5210474140982362
2500330,25,330,S,0.990234375,136,SS,0.0,2485.50537879171,2490.8236645881,0.5382747856121458,0.0011513233184814453,5.318285796390228,4.3061982848958,1.0120875114944283,0.8096966672642189
2500331,25,331,S,0.9599609375,127,SS,0.0,2490.8236645881,2500.4270441981234,0.5260067033583893,0.0011224746704101562,9.60337961002324,4.208053626865876,5.395325983157363,0.4381846597497663
2500332,25,332,S,1.0078125,133,SS,0.0,2500.4270441981234,2505.758759072257,0.5346937977874918,0.0011788606643676758,5.331714874133468,4.277550382299523,1.0541644918339443,0.8022841587144565
2500333,25,333,S,0.9873046875,131,SS,0.0,2505.758759072257,2517.055762791909,0.5316051925785598,0.0011539459228515625,11.297003719651912,4.252841540626832,7.044162179025079,0.3764574790064664
2500334,25,334,S,0.9755859375,113,SS,0.0,2517.055762791909,2521.9069797816196,0.5114215236909028,0.001161813735961914,4.851216989710792,4.091372189526737,0.7598448001840552,0.8433702714606147
2500335,25,335,S,0.9794921875,138,SS,0.0,2521.9069797816196,2532.93665193971,0.5406745908288484,0.0011342763900756836,11.029672158090307,4.32539672663188,6.704275431458427,0.3921600447080546
2500336,25,336,S,1.0224609375,113,SS,0.0,2532.93665193971,2538.058969654332,0.5122893636862511,0.0012247562408447266,5.122317714622113,4.09831490949,1.0240028051321133,0.8000899471329149
2500337,25,337,S,0.96484375,116,SS,0.0,2538.058969654332,2548.140417249036,0.5144124279060107,0.0011434555053710938,10.08144759470406,4.115299423247052,5.966148171457007,0.4082052090821642
2500338,25,338,S,0.9638671875,119,SS,0.0,2548.140417249036,2554.435362003736,0.5175831721201845,0.0011382102966308594,6.294944754699827,4.1406653769627155,2.1542793777371116,0.6577762853075526
2500339,25,339,S,1.033203125,137,SS,0.0,2554.435362003736,2560.429176054066,0.5405606082073265,0.0012077093124389648,5.993814050330002,4.324484865657723,1.6693291846722786,0.721491329117831
2500340,25,340,S,0.974609375,120,SS,0.0,2560.429176054066,2571.0920751427316,0.5188574735233581,0.0011513233184814453,6.31043898890448,0.7584157718874849,5.552023217016995,0.12018431256858554
2600011,26,11,L,191.9619140625,514,LL,0.0,1524.0970844690069,1661.5932033465338,17.18701485969079,0.2570873498916626,94.85358830356336,94.85358830356336,0.0,1.0
2600012,26,12,L,191.9296875,528,LL,0.0,1661.5932033465338,1802.780012091334,17.648351093100114,0.25702571868896484,141.18680874480015,141.18680874480015,0.0,1.0
2600013,26,13,L,191.8994140625,506,LS,0.0,1802.780012091334,1938.126637605837,16.918328189312803,0.2570139169692993,135.3466255145031,135.3466255145031,0.0,1.0
2600014,26,14,L,191.9091796875,521,LL,0.0,1938.126637605837,2077.4432412457422,17.414575454988057,0.257007360458374,139.31660363990522,139.31660363990522,0.0,1.0
2600015,26,15,L,191.9189453125,496,LS,0.0,2077.4432412457422,2210.174026377775,16.59134814150414,0.2570532560348511,132.7307851320329,132.7307851320329,0.0,1.0
2600016,26,16,L,191.8916015625,521,LL,0.0,2210.174026377775,2349.4786261718796,17.413074974262866,0.25698375701904297,139.30459979410443,139.30459979410443,0.0,1.0
2600017,26,17,L,191.9833984375,518,LL,0.0,2349.4786261718796,2488.050186964472,17.321445099073948,0.25711095333099365,138.5715607925922,138.5715607925922,0.0,1.0
2600018,26,18,L,191.9912109375,523,LL,0.0,2488.050186964472,2627.953312866102,17.487890737703975,0.25711488723754883,78.68942807849862,78.68942807849862,0.0,1.0
2700011,27,11,L,191.9013671875,504,LS,0.0,1513.0780909908856,1647.9002991484479,16.852776019695263,0.25701916217803955,81.16068410547746,81.16068410547746,0.0,1.0
2700012,27,12,L,191.896484375,525,LL,0.0,1647.9002991484479,1788.2687453306892,17.546055772780235,0.256985068321228,140.3684461822413,140.3684461822413,0.0,1.0
2700013,27,13,L,191.9599609375,512,LL,0.0,1788.2687453306892,1925.2331259734758,17.120547580348376,0.2570873498916626,136.96438064278664,136.96438064278664,0.0,1.0
2700014,27,14,L,191.876953125,505,LS,0.0,1925.2331259734758,2060.3020304835636,16.883613063760983,0.256985068321228,135.0689045100878,135.0689045100878,0.0,1.0
2700015,27,15,L,191.9384765625,506,LS,0.0,2060.3020304835636,2195.674563208032,16.92156659055873,0.25706636905670166,135.37253272446833,135.37253272446833,0.0,1.0
2700016,27,16,L,191.953125,513,LL,0.0,2195.674563208032,2332.8995585660605,17.153124419753688,0.25707685947418213,137.22499535802854,137.22499535802854,0.0,1.0
2700017,27,17,L,191.9228515625,527,LL,0.0,2332.8995585660605,2473.8164738714304,17.614614413171058,0.2570178508758545,140.9169153053699,140.9169153053699,0.0,1.0
2700018,27,18,L,191.9375,501,LS,0.0,2473.8164738714304,2607.8738403217876,16.757170806294653,0.2570716142654419,92.92314117154001,92.92314117154001,0.0,1.0
2800011,28,11,L,191.9228515625,504,LS,0.0,1526.422012498765,1661.2584133017453,16.854550100372595,0.25704801082611084,94.51879825877495,94.51879825877495,0.0,1.0
2800012,28,12,L,191.9892578125,521,LL,0.0,1661.2584133017453,1800.6297011280794,17.421410978291714,0.25711488723754883,139.37128782633408,139.37128782633408,0.0,1.0
2800013,28,13,L,191.880859375,508,LS,0.0,1800.6297011280794,1936.4896796752264,16.98249731839326,0.2569863796234131,135.85997854714697,135.85997854714697,0.0,1.0
2800014,28,14,L,191.9384765625,514,LL,0.0,1936.4896796752264,2073.9700084662204,17.185041098874304,0.2570558786392212,137.480328790994,137.480328790994,0.0,1.0
2800015,28,15,L,191.9130859375,506,LS,0.0,2073.9700084662204,2209.325701504213,16.91946162974888,0.25703227519989014,135.35569303799275,135.35569303799275,0.0,1.0
2800016,28,16,L,191.9609375,528,LL,0.0,2209.325701504213,2350.5341371409327,17.651054454589925,0.2570676803588867,141.2084356367195,141.2084356367195,0.0,1.0
2800017,28,17,L,191.9228515625,523,LL,0.0,2350.5341371409327,2490.3904022189986,17.482033134758417,0.2570230960845947,139.85626507806592,139.85626507806592,0.0,1.0
2800018,28,18,L,191.95703125,499,LS,0.0,2490.3904022189986,2623.934735636593,16.693041677199208,0.2571004629135132,76.34921282397181,76.34921282397181,0.0,1.0
2900011,29,11,L,191.92578125,499,LS,0.0,1523.8283988226274,1657.3522931925697,16.69048679624284,0.2570585012435913,90.61267814959933,90.61267814959933,0.0,1.0
2900012,29,12,L,191.9970703125,499,LS,0.0,1657.3522931925697,1790.922814139966,16.696315118424568,0.2571542263031006,133.5705209473963,133.5705209473963,0.0,1.0
2900013,29,13,L,191.98828125,507,LS,0.0,1790.922814139966,1926.5913488359918,16.958566837003243,0.2571319341659546,135.66853469602574,135.66853469602574,0.0,1.0
2900014,29,14,L,191.880859375,515,LL,0.0,1926.5913488359918,2064.297967847446,17.213327376431764,0.2569772005081177,137.70661901145445,137.70661901145445,0.0,1.0
2900015,29,15,L,191.9462890625,505,LS,0.0,2064.297967847446,2199.4127667751222,16.889349865959705,0.2570781707763672,135.11479892767602,135.11479892767602,0.0,1.0
2900016,29,16,L,191.9248046875,515,LL,0.0,2199.4127667751222,2337.149049799146,17.217035378002972,0.2570362091064453,137.73628302402358,137.73628302402358,0.0,1.0
2900017,29,17,L,191.9912109375,519,LL,0.0,2337.149049799146,2475.9911670714705,17.355264659040607,0.25712013244628906,138.84211727232469,138.84211727232469,0.0,1.0
2900018,29,18,L,191.955078125,500,LS,0.0,2475.9911670714705,2609.7971498073844,16.725747841989268,0.257096529006958,90.7484479714999,90.7484479714999,0.0,1.0
3000011,30,11,L,191.9716796875,501,LS,0.0,1508.803947814237,1642.8837590730643,16.7599764073533,0.25711750984191895,76.14414403009391,76.14414403009391,0.0,1.0
3000012,30,12,L,191.9228515625,498,LS,0.0,1642.8837590730643,1776.1428527635387,16.657386711309293,0.2570558786392212,133.2590936904744,133.2590936904744,0.0,1.0
3000013,30,13,L,191.9912109375,508,LS,0.0,1776.1428527635387,1912.0763084591679,16.991681961953727,0.2571345567703247,135.93345569562916,135.93345569562916,0.0,1.0
3000014,30,14,L,191.93359375,508,LS,0.0,1912.0763084591679,2047.9713999799249,16.98688644009472,0.25705718994140625,135.89509152075698,135.89509152075698,0.0,1.0
3000015,30,15,L,191.99609375,504,LS,0.0,2047.9713999799249,2182.8561848013783,16.860598102681674,0.25714635848999023,134.88478482145342,134.88478482145342,0.0,1.0
3000016,30,16,L,191.9169921875,520,LL,0.0,2182.8561848013783,2321.912968607078,17.382097975712583,0.25701916217803955,139.05678380569952,139.05678380569952,0.0,1.0
3000017,30,17,L,191.8759765625,512,LL,0.0,2321.912968607078,2458.8209882676897,17.11350245757665,0.25697457790374756,136.9080196606119,136.9080196606119,0.0,1.0
3000018,30,18,L,191.9814453125,526,LL,0.0,2458.8209882676897,2599.5131378377196,17.586518696253844,0.25709784030914307,107.9186267752807,107.9186267752807,0.0,1.0
3100011,31,11,L,191.935546875,507,LS,0.0,1521.0500923791624,1656.6835832216548,16.954186355311514,0.2570611238479614,89.94396817868437,89.94396817868437,0.0,1.0
3100012,31,12,L,191.94921875,498,LS,0.0,1656.6835832216548,1789.9598877985463,16.659538072111367,0.2570912837982178,133.27630457689156,133.27630457689156,0.0,1.0
3100013,31,13,L,191.9541015625,497,LS,0.0,1789.9598877985463,1922.9764540978285,16.62707078741025,0.2570991516113281,133.0165662992822,133.0165662992822,0.0,1.0
3100014,31,14,L,191.888671875,510,LS,0.0,1922.9764540978285,2059.367314004392,17.04885748832048,0.25699424743652344,136.3908599065635,136.3908599065635,0.0,1.0
3100015,31,15,L,191.8759765625,509,LS,0.0,2059.367314004392,2195.486864428958,17.01494380307095,0.25697851181030273,136.1195504245661,136.1195504245661,0.0,1.0
3100016,31,16,L,191.9052734375,509,LS,0.0,2195.486864428958,2331.6259604611314,17.017387004021614,0.2570178508758545,136.13909603217326,136.13909603217326,0.0,1.0
3100017,31,17,L,192.0,499,LS,0.0,2331.6259604611314,2465.1983975692438,16.69655463851423,0.25715816020965576,133.57243710811235,133.57243710811235,0.0,1.0
3100018,31,18,L,191.9375,516,LL,0.0,2465.1983975692438,2603.2084319538317,17.25125429807347,0.257051944732666,101.54121747372665,101.54121747372665,0.0,1.0
