policy,category,ratio,macro_cdf
baseline,SS,0.9,0.0
baseline,SS,1.5,0.0
baseline,SS,5.596684955771866,0.007936507936507936
baseline,SS,5.890557576620481,0.015873015873015872
baseline,SS,5.93459884782441,0.023809523809523808
baseline,SS,5.997392638923173,0.031746031746031744
baseline,SS,6.090686198733101,0.04249871991807475
baseline,SS,6.115426808383155,0.05043522785458269
baseline,SS,6.186651750691967,0.061187916026625704
baseline,SS,6.4376012292388545,0.07099183759525315
baseline,SS,6.454001507738775,0.07892834553176109
baseline,SS,6.527581480330005,0.08686485346826901
baseline,SS,6.56674239959035,0.09761754164031204
baseline,SS,7.016115649477471,0.10837022981235504
baseline,SS,7.09809049744156,0.11630673774886298
baseline,SS,7.215530308806504,0.12611065931749044
baseline,SS,7.2283390417780495,0.13404716725399837
baseline,SS,7.25265057593612,0.14479985542604137
baseline,SS,7.26104168671679,0.15273636336254934
baseline,SS,7.264726900607689,0.16067287129905727
baseline,SS,7.272608398694715,0.17047679286768472
baseline,SS,7.40897314041554,0.17841330080419263
baseline,SS,7.523123987352945,0.1863498087407006
baseline,SS,7.60047259168422,0.19615373030932803
baseline,SS,7.606625268307589,0.20409023824583597
baseline,SS,7.645900242639903,0.21202674618234393
baseline,SS,7.665912842631884,0.21996325411885184
baseline,SS,7.671356361223782,0.23071594229089487
baseline,SS,7.729310784826737,0.23865245022740278
baseline,SS,7.757677663277042,0.24845637179603022
baseline,SS,7.80248114163305,0.25920905996807325
baseline,SS,7.803365607426741,0.26714556790458116
baseline,SS,7.835754434807197,0.2778982560766242
baseline,SS,7.858849968059339,0.2877021776452517
baseline,SS,7.87780655335041,0.2984548658172947
baseline,SS,7.894456714735613,0.3063913737538026
baseline,SS,8.072799170745474,0.31432788169031056
baseline,SS,8.074955489212288,0.324131803258938
baseline,SS,8.09818664636345,0.3320683111954459
baseline,SS,8.226069621858382,0.34187223276407336
baseline,SS,8.23348277389788,0.3516761543327008
baseline,SS,8.237046996475371,0.3596126622692088
baseline,SS,8.257082818315343,0.36941658383783627
baseline,SS,8.397334068731636,0.3792205054064637
baseline,SS,8.400860313776832,0.3899731935785067
baseline,SS,8.476170702285806,0.4007258817505497
baseline,SS,8.544676114710635,0.41052980331917716
baseline,SS,8.575592245104579,0.42033372488780457
baseline,SS,8.630989206462747,0.430137646456432
baseline,SS,8.727808085955363,0.43807415439294
baseline,SS,8.74001847358353,0.448826842564983
baseline,SS,8.753291177348272,0.4586307641336105
baseline,SS,8.776164727125824,0.4693834523056535
baseline,SS,8.826511734115178,0.4791873738742809
baseline,SS,8.841807535080923,0.4871238818107888
baseline,SS,8.945803028691433,0.4950603897472967
baseline,SS,9.200925599566002,0.5029968976838047
baseline,SS,9.229812815233547,0.5109334056203126
baseline,SS,9.283843723627806,0.5188699135568206
baseline,SS,9.28739596519913,0.5296226017288636
baseline,SS,9.348045067851125,0.5403752899009066
baseline,SS,9.381850129982924,0.5511279780729496
baseline,SS,9.398221441829733,0.5618806662449926
baseline,SS,9.420291061434916,0.5726333544170356
baseline,SS,9.453744480596207,0.5833860425890786
baseline,SS,9.52353489564165,0.5931899641577061
baseline,SS,9.530172951593338,0.6029938857263336
baseline,SS,9.75426314756407,0.612797807294961
baseline,SS,9.771030754459725,0.623550495467004
baseline,SS,9.807787615457942,0.6314870034035119
baseline,SS,9.818912464689982,0.6412909249721395
baseline,SS,9.864361614933221,0.6492274329086474
baseline,SS,9.918119588990594,0.6590313544772748
baseline,SS,9.98991754817737,0.6688352760459022
baseline,SS,9.996922348621473,0.6786391976145296
baseline,SS,10.08385297206309,0.6884431191831571
baseline,SS,10.087164527713538,0.6982470407517846
baseline,SS,10.85455309999222,0.7089997289238276
baseline,SS,11.758861418055213,0.7197524170958706
baseline,SS,11.957434136154241,0.7276889250323787
baseline,SS,12.075173783680118,0.7356254329688866
baseline,SS,12.675917510800163,0.7435619409053945
baseline,SS,13.549992559772408,0.7543146290774375
baseline,SS,13.565083818153632,0.7641185506460649
baseline,SS,13.894749943152638,0.7748712388181079
baseline,SS,13.911766228953024,0.7846751603867353
baseline,SS,14.087096141530647,0.7954278485587783
baseline,SS,14.118393113589413,0.8052317701274058
baseline,SS,14.19111529014803,0.8131682780639137
baseline,SS,14.351072223088028,0.8211047860004216
baseline,SS,14.3669186269982,0.8290412939369295
baseline,SS,14.368365141324105,0.8369778018734375
baseline,SS,14.492391028101272,0.8467817234420649
baseline,SS,14.60041599358589,0.854718231378573
baseline,SS,14.643891993290692,0.865470919550616
baseline,SS,14.683673480069219,0.8734074274871239
baseline,SS,14.693132031603106,0.8832113490557513
baseline,SS,14.740528927422268,0.8930152706243787
baseline,SS,14.996173362254781,0.9037679587964217
baseline,SS,15.153256225195337,0.9145206469684647
baseline,SS,15.450087415788802,0.9252733351405077
baseline,SS,15.495678444598596,0.9360260233125509
baseline,SS,15.583752666762901,0.9439625312490588
baseline,SS,15.597214388189867,0.9547152194211018
baseline,SS,15.706885988415435,0.9645191409897292
baseline,SS,15.749821689342243,0.9743230625583567
baseline,SS,16.09873722505385,0.9822595704948647
baseline,SS,16.327982165074165,0.9901960784313726
baseline,SS,16.562048125692833,1.0
baseline,LS,0.9,0.0
baseline,LS,1.5,0.0
baseline,LS,2.545643723639973,0.0070921985815602835
baseline,LS,3.168282051089516,0.01484413656605641
baseline,LS,3.2676749730853145,0.021936335147616687
baseline,LS,3.277263758699905,0.029028533729176974
baseline,LS,3.280168300216498,0.03612073231073726
baseline,LS,3.313933516828552,0.043872670295233375
baseline,LS,3.3170274596365923,0.05096486887679367
baseline,LS,3.350181724391714,0.05871680686128979
baseline,LS,3.364429244651473,0.06646874484578591
baseline,LS,3.3817533357677023,0.07422068283028203
baseline,LS,3.3959906634423276,0.08197262081477817
baseline,LS,3.434866965029047,0.08863928748144484
baseline,LS,3.453207242429152,0.09639122546594096
baseline,LS,3.482615689137791,0.10348342404750126
baseline,LS,3.5079140381602727,0.11057562262906152
baseline,LS,3.524006967304375,0.11724228929572818
baseline,LS,3.5332894627480704,0.12390895596239486
baseline,LS,3.5523553458266255,0.13057562262906153
baseline,LS,3.565492838072037,0.1376678212106218
baseline,LS,3.5785813611895354,0.14541975919511793
baseline,LS,3.6631568606349916,0.15251195777667823
baseline,LS,3.681653424734142,0.1596041563582385
baseline,LS,3.698238920317797,0.1673560943427346
baseline,LS,3.7351150838685054,0.1744482929242949
baseline,LS,3.772556445392094,0.18154049150585516
baseline,LS,3.7895867590953745,0.18863269008741546
baseline,LS,3.7974550197282038,0.19529935675408214
baseline,LS,3.8159122257506812,0.20305129473857828
baseline,LS,3.8344610907420753,0.2108032327230744
baseline,LS,3.8453305134227893,0.21746989938974107
baseline,LS,3.8592395025989004,0.22456209797130133
baseline,LS,3.874428136904999,0.23231403595579747
baseline,LS,3.8925562003282406,0.23940623453735774
baseline,LS,3.8941578629865496,0.24649843311891803
baseline,LS,3.895034055633403,0.2531650997855847
baseline,LS,3.9100353656878464,0.260257298367145
baseline,LS,3.917184299237624,0.26692396503381166
baseline,LS,3.9191536851097863,0.2740161636153719
baseline,LS,3.9282617514689258,0.2811083621969322
baseline,LS,3.929053236246359,0.28886030018142833
baseline,LS,3.929434064318607,0.29661223816592447
baseline,LS,3.9399930262320315,0.30370443674748476
baseline,LS,3.9544687564855865,0.31079663532904506
baseline,LS,4.015852921101347,0.31746330199571166
baseline,LS,4.028286680641195,0.324555500577272
baseline,LS,4.0297845923569975,0.33164769915883224
baseline,LS,4.034265215450426,0.33873989774039254
baseline,LS,4.05344478946501,0.3454065644070592
baseline,LS,4.0776718546036035,0.35249876298861954
baseline,LS,4.078099946551232,0.3595909615701798
baseline,LS,4.0980902548113125,0.3673428995546759
baseline,LS,4.113632185090331,0.37509483753917205
baseline,LS,4.132127441502018,0.38284677552366814
baseline,LS,4.150604217949923,0.3895134421903348
baseline,LS,4.1630749523708905,0.39618010885700145
baseline,LS,4.164943333644682,0.4032723074385618
baseline,LS,4.187230545726575,0.40993897410522845
baseline,LS,4.214121916902028,0.4176909120897246
baseline,LS,4.232295618493163,0.4243575787563913
baseline,LS,4.261627890252675,0.43210951674088743
baseline,LS,4.2748308967052,0.4387761834075541
baseline,LS,4.326846921484912,0.44586838198911427
baseline,LS,4.335969238514078,0.4536203199736104
baseline,LS,4.362139876683521,0.46137225795810655
baseline,LS,4.365278617079588,0.4684644565396669
baseline,LS,4.377580631966619,0.47513112320633355
baseline,LS,4.395510133982283,0.4817977898730002
baseline,LS,4.409872187823824,0.48954972785749634
baseline,LS,4.435316349298628,0.49621639452416294
baseline,LS,4.457119384125732,0.5039683325086591
baseline,LS,4.467034445162715,0.5110605310902193
baseline,LS,4.477979313392307,0.5177271977568859
baseline,LS,4.492462513406405,0.5243938644235526
baseline,LS,4.493021999112388,0.5321458024080488
baseline,LS,4.519807110781059,0.5388124690747155
baseline,LS,4.523952050233878,0.5459046676562758
baseline,LS,4.5361030277261145,0.5529968662378361
baseline,LS,4.540447031732763,0.5596635329045027
baseline,LS,4.589270566184517,0.5663301995711694
baseline,LS,4.594419589527423,0.5734223981527297
baseline,LS,4.594899107516407,0.58051459673429
baseline,LS,4.595146767378069,0.5871812634009567
baseline,LS,4.598551266216703,0.5949332013854528
baseline,LS,4.654644649547626,0.6015998680521194
baseline,LS,4.658996088904789,0.6093518060366155
baseline,LS,4.662636395162867,0.6164440046181757
baseline,LS,4.69460737123379,0.6241959426026719
baseline,LS,4.722706205658999,0.6312881411842323
baseline,LS,4.734491485723296,0.6390400791687284
baseline,LS,4.761320790830158,0.6461322777502887
baseline,LS,4.765354171214465,0.6527989444169554
baseline,LS,4.782780747260498,0.6605508824014514
baseline,LS,4.8703432910367885,0.6683028203859477
baseline,LS,4.880850921303418,0.6753950189675079
baseline,LS,4.884881481605663,0.6820616856341745
baseline,LS,4.897169668318988,0.6891538842157349
baseline,LS,4.897652722873882,0.696905822200231
baseline,LS,4.912555233702645,0.7035724888668975
baseline,LS,4.950465129881977,0.7102391555335642
baseline,LS,4.958017691211171,0.7169058222002308
baseline,LS,4.965316298023778,0.7246577601847269
baseline,LS,4.975031010267008,0.7317499587662873
baseline,LS,4.989665946890262,0.7384166254329539
baseline,LS,5.045447152387046,0.7461685634174501
baseline,LS,5.101157365701008,0.7532607619990105
baseline,LS,5.109529619617827,0.7610126999835066
baseline,LS,5.125483729274356,0.7681048985650668
baseline,LS,5.130657730736516,0.7747715652317334
baseline,LS,5.135156090044332,0.7825235032162295
baseline,LS,5.1356320733587895,0.7902754412007257
baseline,LS,5.150651884837105,0.7969421078673924
baseline,LS,5.161964786504633,0.8046940458518885
baseline,LS,5.19423563033438,0.8124459838363847
baseline,LS,5.196820511805629,0.819538182417945
baseline,LS,5.21666130577922,0.8266303809995051
baseline,LS,5.2278238966055195,0.8343823189840013
baseline,LS,5.2950352851597655,0.841048985650668
baseline,LS,5.314246980312592,0.8488009236351641
baseline,LS,5.356377156979267,0.8554675903018308
baseline,LS,5.42417445915375,0.8621342569684973
baseline,LS,5.510291638623082,0.8688009236351641
baseline,LS,5.531100171244224,0.8765528616196603
baseline,LS,5.577986688879947,0.8832195282863268
baseline,LS,5.629423600103853,0.8903117268678873
baseline,LS,5.647657990082187,0.8974039254494475
baseline,LS,5.651954784716591,0.9044961240310077
baseline,LS,5.714793370151042,0.9111627906976745
baseline,LS,5.815814306531701,0.917829457364341
baseline,LS,5.862390663989393,0.9255813953488371
baseline,LS,5.96606085964311,0.9322480620155038
baseline,LS,5.971259411372382,0.9389147286821705
baseline,LS,5.978683285089566,0.9466666666666667
baseline,LS,5.9890936109613495,0.9533333333333333
baseline,LS,6.032230908267487,0.96
baseline,LS,6.085139418096723,0.9666666666666667
baseline,LS,6.098012516893005,0.9733333333333333
baseline,LS,6.121411201489492,0.98
baseline,LS,6.12888195260413,0.9866666666666667
baseline,LS,6.16204503868443,0.9933333333333333
baseline,LS,6.399230567959365,1.0
baseline,SL,0.9,0.0
baseline,SL,0.9999999999999994,0.015873015873015872
baseline,SL,1.000000000000001,0.026801977621649754
baseline,SL,1.000000000000003,0.03226645849596669
baseline,SL,1.0008968933602327,0.037730939370283635
baseline,SL,1.0071740032343117,0.04319542024460057
baseline,SL,1.0125650192461086,0.04865990111891751
baseline,SL,1.0304822837497953,0.05461228207129846
baseline,SL,1.032644107466617,0.0625487900078064
baseline,SL,1.0369198365814836,0.06850117096018735
baseline,SL,1.0378329747012955,0.0744535519125683
baseline,SL,1.0384143003461708,0.08040593286494925
baseline,SL,1.0430204035773925,0.08587041373926618
baseline,SL,1.0452739828126145,0.09182279469164716
baseline,SL,1.0459148574579833,0.0972872755659641
baseline,SL,1.0475288882221991,0.10323965651834503
baseline,SL,1.0513563542099016,0.10870413739266198
baseline,SL,1.052208791978407,0.11465651834504294
baseline,SL,1.052289817028931,0.12012099921935986
baseline,SL,1.0527256285691227,0.1280575071558678
baseline,SL,1.0586551565873041,0.13400988810824876
baseline,SL,1.059405528497315,0.1419463960447567
baseline,SL,1.0603492417789122,0.14741087691907365
baseline,SL,1.0632241164885712,0.15534738485558158
baseline,SL,1.0639051008576652,0.16328389279208952
baseline,SL,1.0639419048892995,0.16874837366640646
baseline,SL,1.0683218543601398,0.17668488160291437
baseline,SL,1.0729785428713465,0.18263726255529533
baseline,SL,1.0890406685482348,0.1885896435076763
baseline,SL,1.0917497746884588,0.19405412438199324
baseline,SL,1.0972256603104593,0.20199063231850115
baseline,SL,1.09890090318747,0.20794301327088213
baseline,SL,1.1076316697302657,0.21587952120739007
baseline,SL,1.1167689583195075,0.22134400208170701
baseline,SL,1.1174816135729109,0.22729638303408795
baseline,SL,1.1228147265317039,0.23324876398646888
baseline,SL,1.1260583791252001,0.2392011449388499
baseline,SL,1.1420752690481748,0.2471376528753578
baseline,SL,1.142196081052493,0.2526021337496747
baseline,SL,1.1696998776840082,0.25806661462399166
baseline,SL,1.1756215268981547,0.2640189955763726
baseline,SL,1.2042757779464082,0.26948347645068954
baseline,SL,1.209093950647117,0.2774199843871975
baseline,SL,1.2126782995100847,0.28337236533957844
baseline,SL,1.2196955638708304,0.2913088732760864
baseline,SL,1.21988874253039,0.29726125422846733
baseline,SL,1.2257770692859788,0.30519776216497524
baseline,SL,1.2288850347366875,0.3106622430392922
baseline,SL,1.2338212831870918,0.31859875097580015
baseline,SL,1.2361098515449258,0.32653525891230806
baseline,SL,1.2398275645592942,0.33248763986468904
baseline,SL,1.247053529930019,0.337952120739006
baseline,SL,1.2557420856434676,0.34341660161332294
baseline,SL,1.268179837033307,0.3488810824876398
baseline,SL,1.2739230568039623,0.35434556336195683
baseline,SL,1.2894987137552185,0.36228207129846474
baseline,SL,1.3039279012464027,0.37021857923497264
baseline,SL,1.312247756344401,0.37815508717148066
baseline,SL,1.3183177968389634,0.3836195680457975
baseline,SL,1.345106175338101,0.38908404892011444
baseline,SL,1.4332632888257346,0.39702055685662235
baseline,SL,1.449945091890771,0.4049570647931304
baseline,SL,1.5,0.4049570647931304
baseline,SL,1.6221737324915637,0.41090944574551136
baseline,SL,1.6401377620824016,0.4168618266978923
baseline,SL,1.6660181650684291,0.4228142076502732
baseline,SL,1.7178775891512374,0.42827868852459017
baseline,SL,1.7486701023563531,0.4337431693989071
baseline,SL,1.765751193167102,0.43969555035128804
baseline,SL,1.7786961500284666,0.445647931303669
baseline,SL,1.7829258296829997,0.4511124121779859
baseline,SL,1.796012468630547,0.45657689305230287
baseline,SL,1.8052065313074908,0.4625292740046838
baseline,SL,1.8093263452585473,0.47046578194119176
baseline,SL,1.8491948715885331,0.4764181628935728
baseline,SL,1.8565252866592237,0.48237054384595374
baseline,SL,1.8743430273500061,0.48783502472027057
baseline,SL,1.9178752962143308,0.49329950559458763
baseline,SL,1.9486218361078378,0.5012360135310955
baseline,SL,1.9931147238071163,0.5091725214676034
baseline,SL,2.004541738769262,0.5151249024199843
baseline,SL,2.005151476607268,0.5230614103564922
baseline,SL,2.006181557087577,0.5290137913088733
baseline,SL,2.038370066585437,0.5344782721831902
baseline,SL,2.0420014909184285,0.5404306531355711
baseline,SL,2.042585232732173,0.5458951340098882
baseline,SL,2.045631432370471,0.5538316419463961
baseline,SL,2.046548226273987,0.5592961228207131
baseline,SL,2.0534890864641944,0.565248503773094
baseline,SL,2.068600072603556,0.5707129846474109
baseline,SL,2.0795268829285067,0.5761774655217278
baseline,SL,2.0991898535146163,0.5841139734582357
baseline,SL,2.1083845558656846,0.5895784543325527
baseline,SL,2.110819972095742,0.5955308352849337
baseline,SL,2.1225549766222067,0.6034673432214416
baseline,SL,2.140995898966471,0.6094197241738225
baseline,SL,2.141502466940854,0.6153721051262034
baseline,SL,2.1525130820848686,0.6208365860005204
baseline,SL,2.1898793167007162,0.6267889669529013
baseline,SL,2.2044810389539746,0.6327413479052822
baseline,SL,2.2069261219542273,0.6406778558417903
baseline,SL,2.2235826082695915,0.6461423367161072
baseline,SL,2.2558758829740535,0.6520947176684883
baseline,SL,2.2560283007528947,0.6575591985428051
baseline,SL,2.2660860451828695,0.663511579495186
baseline,SL,2.2664179161487983,0.6694639604475671
baseline,SL,2.2699944821046727,0.674928441321884
baseline,SL,2.2744923280110405,0.6828649492583919
baseline,SL,2.286620580104108,0.6888173302107728
baseline,SL,2.298615279476234,0.6942818110850898
baseline,SL,2.30732566723969,0.7002341920374707
baseline,SL,2.3080356120461656,0.7056986729117877
baseline,SL,2.3095685497493466,0.7111631537861046
baseline,SL,2.309728918907422,0.7166276346604216
baseline,SL,2.3146753406445595,0.7225800156128025
baseline,SL,2.3378310309377746,0.7280444964871194
baseline,SL,2.3391798277550206,0.7335089773614364
baseline,SL,2.3431378183146863,0.7389734582357533
baseline,SL,2.364775522740914,0.7444379391100703
baseline,SL,2.394215395949586,0.7499024199843872
baseline,SL,2.3985694244322144,0.7578389279208951
baseline,SL,2.403758305906189,0.765775435857403
baseline,SL,2.4219733969328847,0.773711943793911
baseline,SL,2.433358589541677,0.781648451730419
baseline,SL,2.459422765252399,0.7876008326827999
baseline,SL,2.4954732443605283,0.7955373406193078
baseline,SL,2.67042629129778,0.8014897215716889
baseline,SL,2.6711637372663946,0.8069542024460058
baseline,SL,2.6944249314760937,0.8129065833983867
baseline,SL,2.6960279511337233,0.8188589643507677
baseline,SL,2.708457105828156,0.8248113453031486
baseline,SL,2.7417917243007595,0.8327478532396565
baseline,SL,2.7580274363006843,0.8406843611761644
baseline,SL,2.762054711622862,0.8486208691126724
baseline,SL,2.7744358766723245,0.8540853499869893
baseline,SL,2.849379086329553,0.8595498308613062
baseline,SL,2.8769701793240325,0.8674863387978142
baseline,SL,2.882747623364034,0.8729508196721311
baseline,SL,3.1093876444753685,0.878415300546448
baseline,SL,3.256723024720984,0.884367681498829
baseline,SL,3.3040624970321706,0.89032006245121
baseline,SL,3.3304666818588315,0.895784543325527
baseline,SL,3.4009026080768443,0.9012490241998439
baseline,SL,3.4488021279124244,0.9072014051522249
baseline,SL,3.4555807613639846,0.9131537861046057
baseline,SL,3.558463448310647,0.9191061670569868
baseline,SL,3.594004999955008,0.9250585480093676
baseline,SL,3.9268785257262624,0.9310109289617486
baseline,SL,3.9539002563858063,0.9364754098360656
baseline,SL,4.104754487229376,0.9444119177725735
baseline,SL,4.132956233356042,0.9503642987249545
baseline,SL,4.178172912562605,0.9563166796773354
baseline,SL,4.178184049647355,0.9617811605516522
baseline,SL,4.313334121738413,0.9677335415040332
baseline,SL,4.321155246462785,0.9731980223783502
baseline,SL,4.637522026721881,0.9786625032526671
baseline,SL,4.690881020394737,0.9841269841269842
baseline,SL,4.885044901638492,0.9920634920634921
baseline,SL,5.0727241360150845,1.0
baseline,LL,0.9,0.0
baseline,LL,0.9999999999999958,0.005376344086021505
baseline,LL,0.9999999999999963,0.010931899641577059
baseline,LL,0.9999999999999978,0.060209177977554505
baseline,LL,0.999999999999998,0.08224925083729949
baseline,LL,0.9999999999999986,0.08780480639285504
baseline,LL,1.0000000000000007,0.09326928726717199
baseline,LL,1.000000000000001,0.10428932369704447
baseline,LL,1.0000000000000016,0.1260591104060168
baseline,LL,1.000000000000003,0.13152359128033375
baseline,LL,1.0019584303199092,0.13698807215465067
baseline,LL,1.0030718896469775,0.14245255302896762
baseline,LL,1.0043237664523665,0.14782889711498914
baseline,LL,1.0053377406696082,0.15338445267054468
baseline,LL,1.0063515215355412,0.15894000822610024
baseline,LL,1.0063706506417447,0.16431635231212174
baseline,LL,1.006561943705188,0.16987190786767728
baseline,LL,1.0066618619348737,0.17524825195369878
baseline,LL,1.0081206354974825,0.18062459603972034
baseline,LL,1.008527153451609,0.18600094012574184
baseline,LL,1.0095812638479582,0.1915564956812974
baseline,LL,1.0108750644884645,0.19711205123685294
baseline,LL,1.014545259268455,0.20248839532287444
baseline,LL,1.0151023388072749,0.20786473940889594
baseline,LL,1.0158858583163164,0.21332922028321288
baseline,LL,1.019663305296561,0.21888477583876842
baseline,LL,1.0203585162950155,0.22426111992478992
baseline,LL,1.022442464027631,0.22963746401081142
baseline,LL,1.022877682026159,0.23510194488512837
baseline,LL,1.0230419161242432,0.24047828897114987
baseline,LL,1.0233847930066697,0.24585463305717145
baseline,LL,1.0238048933254422,0.2512309771431929
baseline,LL,1.024328640710151,0.25678653269874846
baseline,LL,1.0252553023797604,0.2622510135730654
baseline,LL,1.0253478107378562,0.2676273576590869
baseline,LL,1.0257202854698833,0.2730037017451084
baseline,LL,1.0258244475466982,0.27846818261942535
baseline,LL,1.0270665669957169,0.28384452670544685
baseline,LL,1.027198462756968,0.2893090075797638
baseline,LL,1.0272547752723775,0.29477348845408075
baseline,LL,1.0273346207545277,0.3002379693283977
baseline,LL,1.027600113019876,0.30570245020271464
baseline,LL,1.028202255511808,0.31107879428873614
baseline,LL,1.0292354274387485,0.31654327516305303
baseline,LL,1.030913839199848,0.32191961924907453
baseline,LL,1.0316487497056768,0.32747517480463006
baseline,LL,1.0319167585138094,0.332939655678947
baseline,LL,1.0324542908616148,0.33831599976496857
baseline,LL,1.0325097716534664,0.3438715553205241
baseline,LL,1.0326623512796855,0.34933603619484105
baseline,LL,1.0329063896841841,0.35471238028086255
baseline,LL,1.0353433243065342,0.36008872436688405
baseline,LL,1.036291773213946,0.3656442799224396
baseline,LL,1.0364758506693774,0.3710206240084611
baseline,LL,1.0368696440987168,0.3763969680944827
baseline,LL,1.037029923094633,0.38186144896879953
baseline,LL,1.0384224635962036,0.38723779305482103
baseline,LL,1.040700905744959,0.392702273929138
baseline,LL,1.0412527432227647,0.3980786180151595
baseline,LL,1.0415810554068363,0.4035430988894764
baseline,LL,1.0416831345168691,0.40909865444503196
baseline,LL,1.042662031166065,0.4145631353193489
baseline,LL,1.0434970075352188,0.42002761619366585
baseline,LL,1.0498596637780837,0.4254920970679828
baseline,LL,1.0523126331348798,0.43095657794229975
baseline,LL,1.0542617480922054,0.4364210588166167
baseline,LL,1.0547976046347793,0.4417974029026382
baseline,LL,1.0551358911588797,0.44735295845819373
baseline,LL,1.05589739851713,0.4528174393325107
baseline,LL,1.0567518452512787,0.4582819202068276
baseline,LL,1.0583513914369307,0.46374640108114457
baseline,LL,1.0584196385297953,0.46912274516716607
baseline,LL,1.0602456368260298,0.47449908925318757
baseline,LL,1.062063014286296,0.4800546448087431
baseline,LL,1.0626312042383692,0.4854309888947646
baseline,LL,1.0636717283465356,0.4908073329807861
baseline,LL,1.0669708470048453,0.49636288853634175
baseline,LL,1.0679268635769903,0.5019184440918972
baseline,LL,1.0688964873767806,0.5074739996474529
baseline,LL,1.0705423510699592,0.5130295552030084
baseline,LL,1.0708533558698998,0.518585110758564
baseline,LL,1.072683888210662,0.5240495916328809
baseline,LL,1.0751601271882523,0.5295140725071978
baseline,LL,1.075706831696606,0.5350696280627534
baseline,LL,1.0762866323868834,0.5405341089370703
baseline,LL,1.0771952984946023,0.5459985898113872
baseline,LL,1.077292882435994,0.5515541453669428
baseline,LL,1.0773704616825703,0.5571097009224983
baseline,LL,1.081769281990766,0.5626652564780539
baseline,LL,1.0822182653423875,0.5681297373523709
baseline,LL,1.0826768768242843,0.5735060814383924
baseline,LL,1.08408603350138,0.5789705623127093
baseline,LL,1.092445576818726,0.5844350431870263
baseline,LL,1.0969776182664843,0.5898113872730478
baseline,LL,1.100795275689796,0.5952758681473648
baseline,LL,1.1052332123797581,0.6007403490216817
baseline,LL,1.108747976762805,0.6061166931077032
baseline,LL,1.109385307509513,0.61158117398202
baseline,LL,1.1171075806995858,0.6170456548563371
baseline,LL,1.1200251198668991,0.6226012104118926
baseline,LL,1.1230125754224314,0.6281567659674482
baseline,LL,1.1281127107445763,0.6337123215230037
baseline,LL,1.128666626061735,0.6391768023973207
baseline,LL,1.130223711717367,0.6446412832716376
baseline,LL,1.130562691599743,0.6501968388271931
baseline,LL,1.131882308425481,0.6555731829132146
baseline,LL,1.133896167035489,0.6611287384687703
baseline,LL,1.1346531304155414,0.6665050825547918
baseline,LL,1.1390601122099393,0.6719695634291086
baseline,LL,1.1393570961313855,0.6773459075151301
baseline,LL,1.1418113429245946,0.6829014630706857
baseline,LL,1.1424753268000034,0.6882778071567072
baseline,LL,1.1510813583222141,0.6938333627122627
baseline,LL,1.1518622151337932,0.6992097067982842
baseline,LL,1.1588963487111175,0.7047652623538397
baseline,LL,1.1621913095753198,0.7103208179093953
baseline,LL,1.1712228321818692,0.7158763734649508
baseline,LL,1.172071991385688,0.7214319290205063
baseline,LL,1.1801816593692862,0.7269874845760619
baseline,LL,1.184484486316419,0.7323638286620836
baseline,LL,1.1890541014069467,0.7378283095364004
baseline,LL,1.1917169682876125,0.7432927904107173
baseline,LL,1.1957662687963366,0.7487572712850343
baseline,LL,1.2082088176960561,0.7541336153710558
baseline,LL,1.2186778072360933,0.7596891709266115
baseline,LL,1.2218316017508424,0.765065515012633
baseline,LL,1.2268410728851509,0.7704418590986545
baseline,LL,1.2361863864762443,0.77599741465421
baseline,LL,1.243842022907646,0.7815529702097656
baseline,LL,1.2450282337429017,0.7870174510840825
baseline,LL,1.24814189060892,0.792393795170104
baseline,LL,1.2742497698860933,0.7979493507256595
baseline,LL,1.2913862509220035,0.8035049062812151
baseline,LL,1.2916115627175442,0.8090604618367706
baseline,LL,1.293262850182535,0.8144368059227922
baseline,LL,1.3038985895779431,0.8198131500088136
baseline,LL,1.3043868253604656,0.8251894940948352
baseline,LL,1.3169136289399443,0.830653974969152
baseline,LL,1.3191960916582646,0.8360303190551738
baseline,LL,1.333051754485809,0.8414947999294906
baseline,LL,1.335768517247353,0.8470503554850461
baseline,LL,1.3377683662298516,0.8526059110406017
baseline,LL,1.3397762696373205,0.8579822551266232
baseline,LL,1.3457120711987993,0.8633585992126447
baseline,LL,1.3524041355502974,0.8688230800869617
baseline,LL,1.3528694016641443,0.8741994241729832
baseline,LL,1.3532127505815716,0.8796639050473001
baseline,LL,1.3605592791362149,0.8852194606028556
baseline,LL,1.367048406926942,0.8905958046888771
baseline,LL,1.3673597883300537,0.8959721487748986
baseline,LL,1.371809431898177,0.9013484928609201
baseline,LL,1.3781618586396778,0.9069040484164756
baseline,LL,1.3910010389274123,0.9123685292907927
baseline,LL,1.3951690469911784,0.9177448733768142
baseline,LL,1.4034403935565682,0.923209354251131
baseline,LL,1.40473942712315,0.9287649098066866
baseline,LL,1.4180872910268723,0.9343204653622421
baseline,LL,1.4287339693707442,0.9398760209177976
baseline,LL,1.4917356610062549,0.9452523650038192
baseline,LL,1.4986720024788374,0.9508079205593747
baseline,LL,1.5,0.9508079205593747
baseline,LL,1.5059883970338042,0.9561842646453963
baseline,LL,1.508246924939131,0.9615606087314178
baseline,LL,1.5254518983450984,0.9671161642869733
baseline,LL,1.5694493261882105,0.9725806451612904
baseline,LL,1.587214999990131,0.9779569892473118
baseline,LL,1.5955018632523272,0.9835125448028674
baseline,LL,1.615969402975308,0.989068100358423
baseline,LL,1.6283695909703493,0.9944444444444445
baseline,LL,1.7588603424075098,1.0
baseline,ALL,0.9,0.0
baseline,ALL,0.9999999999999958,0.001692047377326565
baseline,ALL,0.9999999999999963,0.003484162072667067
baseline,ALL,0.9999999999999978,0.018717092822726815
baseline,ALL,0.999999999999998,0.025537568168100377
baseline,ALL,0.9999999999999986,0.02732968286344088
baseline,ALL,0.9999999999999994,0.03091391225412188
baseline,ALL,1.0000000000000007,0.03253203523146816
baseline,ALL,1.000000000000001,0.03932636765880807
baseline,ALL,1.0000000000000016,0.045872783968173465
baseline,ALL,1.000000000000003,0.04918295432284631
baseline,ALL,1.0008968933602327,0.050875001700172874
baseline,ALL,1.0019584303199092,0.052493124677519154
baseline,ALL,1.0030718896469775,0.054111247654865434
baseline,ALL,1.0043237664523665,0.055803295032192
baseline,ALL,1.0053377406696082,0.0575954097275325
baseline,ALL,1.0063515215355412,0.059387524422873005
baseline,ALL,1.0063706506417447,0.06107957180019957
baseline,ALL,1.006561943705188,0.06287168649554008
baseline,ALL,1.0066618619348737,0.06456373387286664
baseline,ALL,1.0071740032343117,0.0662557812501932
baseline,ALL,1.0081206354974825,0.06794782862751976
baseline,ALL,1.008527153451609,0.06963987600484634
baseline,ALL,1.0095812638479582,0.07143199070018684
baseline,ALL,1.0108750644884645,0.07322410539552733
baseline,ALL,1.0125650192461086,0.0749161527728539
baseline,ALL,1.014545259268455,0.07660820015018045
baseline,ALL,1.0151023388072749,0.07830024752750703
baseline,ALL,1.0158858583163164,0.0799183705048533
baseline,ALL,1.019663305296561,0.08171048520019382
baseline,ALL,1.0203585162950155,0.08340253257752038
baseline,ALL,1.022442464027631,0.08509457995484693
baseline,ALL,1.022877682026159,0.0867127029321932
baseline,ALL,1.0230419161242432,0.08840475030951978
baseline,ALL,1.0233847930066697,0.09009679768684635
baseline,ALL,1.0238048933254422,0.09178884506417291
baseline,ALL,1.024328640710151,0.09358095975951342
baseline,ALL,1.0252553023797604,0.09519908273685969
baseline,ALL,1.0253478107378562,0.09689113011418626
baseline,ALL,1.0257202854698833,0.09858317749151284
baseline,ALL,1.0258244475466982,0.10020130046885911
baseline,ALL,1.0270665669957169,0.10189334784618569
baseline,ALL,1.027198462756968,0.10351147082353196
baseline,ALL,1.0272547752723775,0.10512959380087823
baseline,ALL,1.0273346207545277,0.10674771677822452
baseline,ALL,1.027600113019876,0.10836583975557079
baseline,ALL,1.028202255511808,0.11005788713289737
baseline,ALL,1.0292354274387485,0.11167601011024364
baseline,ALL,1.0304822837497953,0.11329413308758991
baseline,ALL,1.030913839199848,0.11498618046491649
baseline,ALL,1.0316487497056768,0.11677829516025699
baseline,ALL,1.0319167585138094,0.11839641813760327
baseline,ALL,1.0324542908616148,0.12008846551492984
baseline,ALL,1.0325097716534664,0.12188058021027033
baseline,ALL,1.032644107466617,0.12367269490561084
baseline,ALL,1.0326623512796855,0.12529081788295712
baseline,ALL,1.0329063896841841,0.12698286526028366
baseline,ALL,1.0353433243065342,0.12867491263761024
baseline,ALL,1.036291773213946,0.13046702733295074
baseline,ALL,1.0364758506693774,0.1321590747102773
baseline,ALL,1.0368696440987168,0.13385112208760386
baseline,ALL,1.0369198365814836,0.13546924506495014
baseline,ALL,1.037029923094633,0.1370873680422964
baseline,ALL,1.0378329747012955,0.1387054910196427
baseline,ALL,1.0384143003461708,0.14032361399698898
baseline,ALL,1.0384224635962036,0.14201566137431554
baseline,ALL,1.040700905744959,0.14363378435166183
baseline,ALL,1.0412527432227647,0.14532583172898839
baseline,ALL,1.0415810554068363,0.14694395470633467
baseline,ALL,1.0416831345168691,0.14873606940167516
baseline,ALL,1.042662031166065,0.15035419237902145
baseline,ALL,1.0430204035773925,0.152046239756348
baseline,ALL,1.0434970075352188,0.1536643627336943
baseline,ALL,1.0452739828126145,0.15528248571104056
baseline,ALL,1.0459148574579833,0.15697453308836715
baseline,ALL,1.0475288882221991,0.1585926560657134
baseline,ALL,1.0498596637780837,0.1602107790430597
baseline,ALL,1.0513563542099016,0.16190282642038625
baseline,ALL,1.052208791978407,0.16352094939773254
baseline,ALL,1.052289817028931,0.1652129967750591
baseline,ALL,1.0523126331348798,0.16683111975240536
baseline,ALL,1.0527256285691227,0.16862323444774585
baseline,ALL,1.0542617480922054,0.17024135742509214
baseline,ALL,1.0547976046347793,0.17193340480241873
baseline,ALL,1.0551358911588797,0.17372551949775925
baseline,ALL,1.05589739851713,0.1753436424751055
baseline,ALL,1.0567518452512787,0.1769617654524518
baseline,ALL,1.0583513914369307,0.17857988842979808
baseline,ALL,1.0584196385297953,0.1802719358071246
baseline,ALL,1.0586551565873041,0.18189005878447087
baseline,ALL,1.059405528497315,0.1836821734798114
baseline,ALL,1.0602456368260298,0.18537422085713795
baseline,ALL,1.0603492417789122,0.1870662682344645
baseline,ALL,1.062063014286296,0.18885838292980503
baseline,ALL,1.0626312042383692,0.1905504303071316
baseline,ALL,1.0632241164885712,0.19234254500247208
baseline,ALL,1.0636717283465356,0.19403459237979867
baseline,ALL,1.0639051008576652,0.19582670707513916
baseline,ALL,1.0639419048892995,0.19751875445246572
baseline,ALL,1.0669708470048453,0.19931086914780624
baseline,ALL,1.0679268635769903,0.20110298384314673
baseline,ALL,1.0683218543601398,0.20289509853848722
baseline,ALL,1.0688964873767806,0.20468721323382774
baseline,ALL,1.0705423510699592,0.20647932792916823
baseline,ALL,1.0708533558698998,0.20827144262450872
baseline,ALL,1.072683888210662,0.209889565601855
baseline,ALL,1.0729785428713465,0.21150768857920133
baseline,ALL,1.0751601271882523,0.2131258115565476
baseline,ALL,1.075706831696606,0.2149179262518881
baseline,ALL,1.0762866323868834,0.2165360492292344
baseline,ALL,1.0771952984946023,0.21815417220658065
baseline,ALL,1.077292882435994,0.21994628690192117
baseline,ALL,1.0773704616825703,0.22173840159726166
baseline,ALL,1.081769281990766,0.22353051629260215
baseline,ALL,1.0822182653423875,0.22514863926994844
baseline,ALL,1.0826768768242843,0.226840686647275
baseline,ALL,1.08408603350138,0.22845880962462128
baseline,ALL,1.0890406685482348,0.23007693260196757
baseline,ALL,1.0917497746884588,0.2317689799792941
baseline,ALL,1.092445576818726,0.23338710295664036
baseline,ALL,1.0969776182664843,0.23507915033396695
baseline,ALL,1.0972256603104593,0.23687126502930744
baseline,ALL,1.09890090318747,0.23848938800665373
baseline,ALL,1.100795275689796,0.240107510984
baseline,ALL,1.1052332123797581,0.24172563396134628
baseline,ALL,1.1076316697302657,0.24351774865668677
baseline,ALL,1.108747976762805,0.24520979603401336
baseline,ALL,1.109385307509513,0.24682791901135961
baseline,ALL,1.1167689583195075,0.2485199663886862
baseline,ALL,1.1171075806995858,0.2501380893660325
baseline,ALL,1.1174816135729109,0.25175621234337875
baseline,ALL,1.1200251198668991,0.25354832703871927
baseline,ALL,1.1228147265317039,0.2551664500160655
baseline,ALL,1.1230125754224314,0.25695856471140605
baseline,ALL,1.1260583791252001,0.2585766876887523
baseline,ALL,1.1281127107445763,0.2603688023840928
baseline,ALL,1.128666626061735,0.2619869253614391
baseline,ALL,1.130223711717367,0.26360504833878534
baseline,ALL,1.130562691599743,0.26539716303412586
baseline,ALL,1.131882308425481,0.26708921041145245
baseline,ALL,1.133896167035489,0.2688813251067929
baseline,ALL,1.1346531304155414,0.2705733724841195
baseline,ALL,1.1390601122099393,0.27219149546146576
baseline,ALL,1.1393570961313855,0.2738835428387923
baseline,ALL,1.1418113429245946,0.2756756575341328
baseline,ALL,1.1420752690481748,0.27746777222947333
baseline,ALL,1.142196081052493,0.2791598196067999
baseline,ALL,1.1424753268000034,0.28085186698412645
baseline,ALL,1.1510813583222141,0.28264398167946697
baseline,ALL,1.1518622151337932,0.28433602905679356
baseline,ALL,1.1588963487111175,0.2861281437521341
baseline,ALL,1.1621913095753198,0.28792025844747454
baseline,ALL,1.1696998776840082,0.2896123058248011
baseline,ALL,1.1712228321818692,0.2914044205201416
baseline,ALL,1.172071991385688,0.2931965352154821
baseline,ALL,1.1756215268981547,0.29481465819282837
baseline,ALL,1.1801816593692862,0.2966067728881689
baseline,ALL,1.184484486316419,0.2982988202654955
baseline,ALL,1.1890541014069467,0.29991694324284174
baseline,ALL,1.1917169682876125,0.30153506622018805
baseline,ALL,1.1957662687963366,0.3031531891975343
baseline,ALL,1.2042757779464082,0.30484523657486085
baseline,ALL,1.2082088176960561,0.30653728395218743
baseline,ALL,1.209093950647117,0.30832939864752795
baseline,ALL,1.2126782995100847,0.3099475216248742
baseline,ALL,1.2186778072360933,0.31173963632021473
baseline,ALL,1.2196955638708304,0.31353175101555525
baseline,ALL,1.21988874253039,0.3151498739929015
baseline,ALL,1.2218316017508424,0.31684192137022804
baseline,ALL,1.2257770692859788,0.31863403606556856
baseline,ALL,1.2268410728851509,0.32032608344289515
baseline,ALL,1.2288850347366875,0.3220181308202217
baseline,ALL,1.2338212831870918,0.3238102455155622
baseline,ALL,1.2361098515449258,0.32560236021090266
baseline,ALL,1.2361863864762443,0.3273944749062432
baseline,ALL,1.2398275645592942,0.32901259788358944
baseline,ALL,1.243842022907646,0.33080471257892996
baseline,ALL,1.2450282337429017,0.3324228355562762
baseline,ALL,1.247053529930019,0.33411488293360275
baseline,ALL,1.24814189060892,0.3358069303109294
baseline,ALL,1.2557420856434676,0.33749897768825593
baseline,ALL,1.268179837033307,0.3391910250655825
baseline,ALL,1.2739230568039623,0.34088307244290905
baseline,ALL,1.2742497698860933,0.34267518713824957
baseline,ALL,1.2894987137552185,0.34446730183359003
baseline,ALL,1.2913862509220035,0.3462594165289306
baseline,ALL,1.2916115627175442,0.3480515312242711
baseline,ALL,1.293262850182535,0.34974357860159766
baseline,ALL,1.3038985895779431,0.3514356259789242
baseline,ALL,1.3039279012464027,0.3532277406742647
baseline,ALL,1.3043868253604656,0.3549197880515913
baseline,ALL,1.312247756344401,0.3567119027469318
baseline,ALL,1.3169136289399443,0.3583300257242781
baseline,ALL,1.3183177968389634,0.3600220731016046
baseline,ALL,1.3191960916582646,0.3617141204789312
baseline,ALL,1.333051754485809,0.3633322434562774
baseline,ALL,1.335768517247353,0.3651243581516179
baseline,ALL,1.3377683662298516,0.36691647284695844
baseline,ALL,1.3397762696373205,0.36860852022428503
baseline,ALL,1.345106175338101,0.3703005676016116
baseline,ALL,1.3457120711987993,0.37199261497893815
baseline,ALL,1.3524041355502974,0.37361073795628447
baseline,ALL,1.3528694016641443,0.37530278533361106
baseline,ALL,1.3532127505815716,0.37692090831095726
baseline,ALL,1.3605592791362149,0.3787130230062978
baseline,ALL,1.367048406926942,0.38040507038362437
baseline,ALL,1.3673597883300537,0.38209711776095096
baseline,ALL,1.371809431898177,0.38378916513827743
baseline,ALL,1.3781618586396778,0.38558127983361795
baseline,ALL,1.3910010389274123,0.38719940281096427
baseline,ALL,1.3951690469911784,0.3888914501882909
baseline,ALL,1.4034403935565682,0.3905095731656371
baseline,ALL,1.40473942712315,0.3923016878609776
baseline,ALL,1.4180872910268723,0.3940938025563181
baseline,ALL,1.4287339693707442,0.3958859172516586
baseline,ALL,1.4332632888257346,0.3976780319469991
baseline,ALL,1.449945091890771,0.39947014664233965
baseline,ALL,1.4917356610062549,0.4011621940196662
baseline,ALL,1.4986720024788374,0.4029543087150067
baseline,ALL,1.5,0.4029543087150067
baseline,ALL,1.5059883970338042,0.40464635609233324
baseline,ALL,1.508246924939131,0.4063384034696598
baseline,ALL,1.5254518983450984,0.40813051816500034
baseline,ALL,1.5694493261882105,0.4097486411423466
baseline,ALL,1.587214999990131,0.41144068851967314
baseline,ALL,1.5955018632523272,0.41323280321501366
baseline,ALL,1.615969402975308,0.4150249179103542
baseline,ALL,1.6221737324915637,0.41664304088770043
baseline,ALL,1.6283695909703493,0.418335088265027
baseline,ALL,1.6401377620824016,0.41995321124237334
baseline,ALL,1.6660181650684291,0.4215713342197196
baseline,ALL,1.7178775891512374,0.42326338159704613
baseline,ALL,1.7486701023563531,0.4249554289743727
baseline,ALL,1.7588603424075098,0.42674754366971324
baseline,ALL,1.765751193167102,0.4283656666470595
baseline,ALL,1.7786961500284666,0.4299837896244058
baseline,ALL,1.7829258296829997,0.43167583700173234
baseline,ALL,1.796012468630547,0.4333678843790589
baseline,ALL,1.8052065313074908,0.43498600735640514
baseline,ALL,1.8093263452585473,0.43677812205174565
baseline,ALL,1.8491948715885331,0.4383962450290919
baseline,ALL,1.8565252866592237,0.4400143680064382
baseline,ALL,1.8743430273500061,0.4417064153837648
baseline,ALL,1.9178752962143308,0.44339846276109135
baseline,ALL,1.9486218361078378,0.4451905774564318
baseline,ALL,1.9931147238071163,0.44698269215177233
baseline,ALL,2.004541738769262,0.4486008151291186
baseline,ALL,2.005151476607268,0.4503929298244591
baseline,ALL,2.006181557087577,0.45201105280180537
baseline,ALL,2.038370066585437,0.453703100179132
baseline,ALL,2.0420014909184285,0.45532122315647827
baseline,ALL,2.042585232732173,0.4570132705338048
baseline,ALL,2.045631432370471,0.4588053852291453
baseline,ALL,2.046548226273987,0.4604974326064719
baseline,ALL,2.0534890864641944,0.46211555558381817
baseline,ALL,2.068600072603556,0.4638076029611447
baseline,ALL,2.0795268829285067,0.46549965033847135
baseline,ALL,2.0991898535146163,0.4672917650338118
baseline,ALL,2.1083845558656846,0.46898381241113835
baseline,ALL,2.110819972095742,0.47060193538848466
baseline,ALL,2.1225549766222067,0.4723940500838251
baseline,ALL,2.140995898966471,0.47401217306117144
baseline,ALL,2.141502466940854,0.4756302960385177
baseline,ALL,2.1525130820848686,0.47732234341584423
baseline,ALL,2.1898793167007162,0.4789404663931906
baseline,ALL,2.2044810389539746,0.4805585893705368
baseline,ALL,2.2069261219542273,0.48235070406587727
baseline,ALL,2.2235826082695915,0.4840427514432039
baseline,ALL,2.2558758829740535,0.48566087442055017
baseline,ALL,2.2560283007528947,0.4873529217978767
baseline,ALL,2.2660860451828695,0.4889710447752231
baseline,ALL,2.2664179161487983,0.4905891677525693
baseline,ALL,2.2699944821046727,0.49228121512989587
baseline,ALL,2.2744923280110405,0.4940733298252364
baseline,ALL,2.286620580104108,0.49569145280258264
baseline,ALL,2.298615279476234,0.4973835001799092
baseline,ALL,2.30732566723969,0.49900162315725555
baseline,ALL,2.3080356120461656,0.500693670534582
baseline,ALL,2.3095685497493466,0.5023857179119086
baseline,ALL,2.309728918907422,0.5040777652892352
baseline,ALL,2.3146753406445595,0.5056958882665814
baseline,ALL,2.3378310309377746,0.507387935643908
baseline,ALL,2.3391798277550206,0.5090799830212346
baseline,ALL,2.3431378183146863,0.5107720303985611
baseline,ALL,2.364775522740914,0.5124640777758876
baseline,ALL,2.394215395949586,0.5141561251532143
baseline,ALL,2.3985694244322144,0.5159482398485548
baseline,ALL,2.403758305906189,0.5177403545438953
baseline,ALL,2.4219733969328847,0.5195324692392358
baseline,ALL,2.433358589541677,0.5213245839345763
baseline,ALL,2.459422765252399,0.5229427069119226
baseline,ALL,2.4954732443605283,0.524734821607263
baseline,ALL,2.545643723639973,0.5263529445846094
baseline,ALL,2.67042629129778,0.5279710675619557
baseline,ALL,2.6711637372663946,0.5296631149392822
baseline,ALL,2.6944249314760937,0.5312812379166285
baseline,ALL,2.6960279511337233,0.5328993608939747
baseline,ALL,2.708457105828156,0.534517483871321
baseline,ALL,2.7417917243007595,0.5363095985666616
baseline,ALL,2.7580274363006843,0.5381017132620021
baseline,ALL,2.762054711622862,0.5398938279573425
baseline,ALL,2.7744358766723245,0.5415858753346691
baseline,ALL,2.849379086329553,0.5432779227119956
baseline,ALL,2.8769701793240325,0.5450700374073362
baseline,ALL,2.882747623364034,0.5467620847846627
baseline,ALL,3.1093876444753685,0.5484541321619892
baseline,ALL,3.168282051089516,0.5501461795393158
baseline,ALL,3.256723024720984,0.5517643025166622
baseline,ALL,3.2676749730853145,0.5533824254940084
baseline,ALL,3.277263758699905,0.5550005484713547
baseline,ALL,3.280168300216498,0.5566186714487009
baseline,ALL,3.3040624970321706,0.5582367944260472
baseline,ALL,3.313933516828552,0.5599288418033738
baseline,ALL,3.3170274596365923,0.5615469647807201
baseline,ALL,3.3304666818588315,0.5632390121580467
baseline,ALL,3.350181724391714,0.5649310595353733
baseline,ALL,3.364429244651473,0.5666231069126998
baseline,ALL,3.3817533357677023,0.5683151542900263
baseline,ALL,3.3959906634423276,0.5700072016673529
baseline,ALL,3.4009026080768443,0.5716992490446794
baseline,ALL,3.434866965029047,0.57349136374002
baseline,ALL,3.4488021279124244,0.5751094867173663
baseline,ALL,3.453207242429152,0.5768015340946928
baseline,ALL,3.4555807613639846,0.5784196570720391
baseline,ALL,3.482615689137791,0.5800377800493853
baseline,ALL,3.5079140381602727,0.5816559030267316
baseline,ALL,3.524006967304375,0.5834480177220721
baseline,ALL,3.5332894627480704,0.5852401324174127
baseline,ALL,3.5523553458266255,0.5870322471127531
baseline,ALL,3.558463448310647,0.5886503700900995
baseline,ALL,3.565492838072037,0.5902684930674457
baseline,ALL,3.5785813611895354,0.5919605404447723
baseline,ALL,3.594004999955008,0.5935786634221185
baseline,ALL,3.6631568606349916,0.5951967863994648
baseline,ALL,3.681653424734142,0.596814909376811
baseline,ALL,3.698238920317797,0.5985069567541377
baseline,ALL,3.7351150838685054,0.600125079731484
baseline,ALL,3.772556445392094,0.6017432027088302
baseline,ALL,3.7895867590953745,0.6033613256861765
baseline,ALL,3.7974550197282038,0.605153440381517
baseline,ALL,3.8159122257506812,0.6068454877588435
baseline,ALL,3.8344610907420753,0.6085375351361701
baseline,ALL,3.8453305134227893,0.6103296498315106
baseline,ALL,3.8592395025989004,0.6119477728088568
baseline,ALL,3.874428136904999,0.6136398201861835
baseline,ALL,3.8925562003282406,0.6152579431635298
baseline,ALL,3.8941578629865496,0.616876066140876
baseline,ALL,3.895034055633403,0.6186681808362166
baseline,ALL,3.9100353656878464,0.6202863038135629
baseline,ALL,3.917184299237624,0.6220784185089033
baseline,ALL,3.9191536851097863,0.6236965414862495
baseline,ALL,3.9268785257262624,0.625314664463596
baseline,ALL,3.9282617514689258,0.6269327874409422
baseline,ALL,3.929053236246359,0.6286248348182687
baseline,ALL,3.929434064318607,0.6303168821955953
baseline,ALL,3.9399930262320315,0.6319350051729415
baseline,ALL,3.9539002563858063,0.6336270525502682
baseline,ALL,3.9544687564855865,0.6352451755276145
baseline,ALL,4.015852921101347,0.637037290222955
baseline,ALL,4.028286680641195,0.6386554132003012
baseline,ALL,4.0297845923569975,0.6402735361776476
baseline,ALL,4.034265215450426,0.6418916591549938
baseline,ALL,4.05344478946501,0.6436837738503343
baseline,ALL,4.0776718546036035,0.6453018968276806
baseline,ALL,4.078099946551232,0.6469200198050268
baseline,ALL,4.0980902548113125,0.6486120671823534
baseline,ALL,4.104754487229376,0.6504041818776939
baseline,ALL,4.113632185090331,0.6520962292550204
baseline,ALL,4.132127441502018,0.653788276632347
baseline,ALL,4.132956233356042,0.6554063996096934
baseline,ALL,4.150604217949923,0.6571985143050338
baseline,ALL,4.1630749523708905,0.6589906290003743
baseline,ALL,4.164943333644682,0.6606087519777205
baseline,ALL,4.178172912562605,0.6622268749550669
baseline,ALL,4.178184049647355,0.6639189223323934
baseline,ALL,4.187230545726575,0.6657110370277338
baseline,ALL,4.214121916902028,0.6674030844050605
baseline,ALL,4.232295618493163,0.6691951991004009
baseline,ALL,4.261627890252675,0.6708872464777276
baseline,ALL,4.2748308967052,0.672679361173068
baseline,ALL,4.313334121738413,0.6742974841504142
baseline,ALL,4.321155246462785,0.6759895315277409
baseline,ALL,4.326846921484912,0.6776076545050872
baseline,ALL,4.335969238514078,0.6792997018824137
baseline,ALL,4.362139876683521,0.6809917492597403
baseline,ALL,4.365278617079588,0.6826098722370867
baseline,ALL,4.377580631966619,0.6844019869324272
baseline,ALL,4.395510133982283,0.6861941016277676
baseline,ALL,4.409872187823824,0.6878861490050941
baseline,ALL,4.435316349298628,0.6896782637004346
baseline,ALL,4.457119384125732,0.6913703110777613
baseline,ALL,4.467034445162715,0.6929884340551075
baseline,ALL,4.477979313392307,0.6947805487504479
baseline,ALL,4.492462513406405,0.6965726634457884
baseline,ALL,4.493021999112388,0.698264710823115
baseline,ALL,4.519807110781059,0.7000568255184555
baseline,ALL,4.523952050233878,0.7016749484958019
baseline,ALL,4.5361030277261145,0.7032930714731481
baseline,ALL,4.540447031732763,0.7050851861684886
baseline,ALL,4.589270566184517,0.706877300863829
baseline,ALL,4.594419589527423,0.7084954238411755
baseline,ALL,4.594899107516407,0.7101135468185217
baseline,ALL,4.595146767378069,0.7119056615138621
baseline,ALL,4.598551266216703,0.7135977088911888
baseline,ALL,4.637522026721881,0.7152897562685153
baseline,ALL,4.654644649547626,0.7170818709638559
baseline,ALL,4.658996088904789,0.7187739183411823
baseline,ALL,4.662636395162867,0.7203920413185286
baseline,ALL,4.690881020394737,0.7220840886958553
baseline,ALL,4.69460737123379,0.7237761360731817
baseline,ALL,4.722706205658999,0.7253942590505281
baseline,ALL,4.734491485723296,0.7270863064278545
baseline,ALL,4.761320790830158,0.7287044294052009
baseline,ALL,4.765354171214465,0.7304965441005414
baseline,ALL,4.782780747260498,0.732188591477868
baseline,ALL,4.8703432910367885,0.7338806388551945
baseline,ALL,4.880850921303418,0.7354987618325408
baseline,ALL,4.884881481605663,0.7372908765278813
baseline,ALL,4.885044901638492,0.7390829912232219
baseline,ALL,4.897169668318988,0.7407011142005681
baseline,ALL,4.897652722873882,0.7423931615778946
baseline,ALL,4.912555233702645,0.7441852762732353
baseline,ALL,4.950465129881977,0.7459773909685756
baseline,ALL,4.958017691211171,0.7477695056639163
baseline,ALL,4.965316298023778,0.7494615530412428
baseline,ALL,4.975031010267008,0.751079676018589
baseline,ALL,4.989665946890262,0.7528717907139294
baseline,ALL,5.045447152387046,0.754563838091256
baseline,ALL,5.0727241360150845,0.7563559527865967
baseline,ALL,5.101157365701008,0.7579740757639429
baseline,ALL,5.109529619617827,0.7596661231412695
baseline,ALL,5.125483729274356,0.7612842461186157
baseline,ALL,5.130657730736516,0.7630763608139562
baseline,ALL,5.135156090044332,0.7647684081912827
baseline,ALL,5.1356320733587895,0.7664604555686093
baseline,ALL,5.150651884837105,0.7682525702639499
baseline,ALL,5.161964786504633,0.7699446176412765
baseline,ALL,5.19423563033438,0.771636665018603
baseline,ALL,5.196820511805629,0.7732547879959494
baseline,ALL,5.21666130577922,0.7748729109732956
baseline,ALL,5.2278238966055195,0.7765649583506221
baseline,ALL,5.2950352851597655,0.7783570730459625
baseline,ALL,5.314246980312592,0.7800491204232891
baseline,ALL,5.356377156979267,0.7818412351186298
baseline,ALL,5.42417445915375,0.7836333498139701
baseline,ALL,5.510291638623082,0.7854254645093107
baseline,ALL,5.531100171244224,0.7871175118866374
baseline,ALL,5.577986688879947,0.7889096265819777
baseline,ALL,5.596684955771866,0.7905277495593239
baseline,ALL,5.629423600103853,0.7921458725366705
baseline,ALL,5.647657990082187,0.7937639955140167
baseline,ALL,5.651954784716591,0.7953821184913629
baseline,ALL,5.714793370151042,0.7971742331867034
baseline,ALL,5.815814306531701,0.7989663478820438
baseline,ALL,5.862390663989393,0.8006583952593704
baseline,ALL,5.890557576620481,0.8022765182367166
baseline,ALL,5.93459884782441,0.8038946412140628
baseline,ALL,5.96606085964311,0.8056867559094035
baseline,ALL,5.971259411372382,0.8074788706047439
baseline,ALL,5.978683285089566,0.8091709179820704
baseline,ALL,5.9890936109613495,0.8109630326774111
baseline,ALL,5.997392638923173,0.8125811556547573
baseline,ALL,6.032230908267487,0.8143732703500978
baseline,ALL,6.085139418096723,0.8161653850454383
baseline,ALL,6.090686198733101,0.8178574324227649
baseline,ALL,6.098012516893005,0.8196495471181052
baseline,ALL,6.115426808383155,0.8212676700954518
baseline,ALL,6.121411201489492,0.8230597847907921
baseline,ALL,6.12888195260413,0.8248518994861328
baseline,ALL,6.16204503868443,0.8266440141814732
baseline,ALL,6.186651750691967,0.8283360615587997
baseline,ALL,6.399230567959365,0.8301281762541403
baseline,ALL,6.4376012292388545,0.8319202909494807
baseline,ALL,6.454001507738775,0.833538413926827
baseline,ALL,6.527581480330005,0.8351565369041732
baseline,ALL,6.56674239959035,0.8368485842814999
baseline,ALL,7.016115649477471,0.8385406316588265
baseline,ALL,7.09809049744156,0.8401587546361727
baseline,ALL,7.215530308806504,0.8419508693315132
baseline,ALL,7.2283390417780495,0.8435689923088595
baseline,ALL,7.25265057593612,0.8452610396861862
baseline,ALL,7.26104168671679,0.8468791626635324
baseline,ALL,7.264726900607689,0.8484972856408787
baseline,ALL,7.272608398694715,0.8502894003362192
baseline,ALL,7.40897314041554,0.8519075233135655
baseline,ALL,7.523123987352945,0.8535256462909118
baseline,ALL,7.60047259168422,0.8553177609862522
baseline,ALL,7.606625268307589,0.8569358839635984
baseline,ALL,7.645900242639903,0.8585540069409449
baseline,ALL,7.665912842631884,0.8601721299182911
baseline,ALL,7.671356361223782,0.8618641772956176
baseline,ALL,7.729310784826737,0.8634823002729638
baseline,ALL,7.757677663277042,0.8652744149683044
baseline,ALL,7.80248114163305,0.8669664623456309
baseline,ALL,7.803365607426741,0.8685845853229773
baseline,ALL,7.835754434807197,0.8702766327003038
baseline,ALL,7.858849968059339,0.8720687473956442
baseline,ALL,7.87780655335041,0.8737607947729709
baseline,ALL,7.894456714735613,0.8753789177503172
baseline,ALL,8.072799170745474,0.8769970407276634
baseline,ALL,8.074955489212288,0.878789155423004
baseline,ALL,8.09818664636345,0.8804072784003503
baseline,ALL,8.226069621858382,0.8821993930956907
baseline,ALL,8.23348277389788,0.8839915077910313
baseline,ALL,8.237046996475371,0.8856096307683775
baseline,ALL,8.257082818315343,0.887401745463718
baseline,ALL,8.397334068731636,0.8891938601590584
baseline,ALL,8.400860313776832,0.8908859075363851
baseline,ALL,8.476170702285806,0.8925779549137117
baseline,ALL,8.544676114710635,0.8943700696090522
baseline,ALL,8.575592245104579,0.8961621843043927
baseline,ALL,8.630989206462747,0.8979542989997332
baseline,ALL,8.727808085955363,0.8995724219770794
baseline,ALL,8.74001847358353,0.901264469354406
baseline,ALL,8.753291177348272,0.9030565840497465
baseline,ALL,8.776164727125824,0.904748631427073
baseline,ALL,8.826511734115178,0.9065407461224134
baseline,ALL,8.841807535080923,0.9081588690997598
baseline,ALL,8.945803028691433,0.909776992077106
baseline,ALL,9.200925599566002,0.9113951150544524
baseline,ALL,9.229812815233547,0.9130132380317986
baseline,ALL,9.283843723627806,0.9146313610091449
baseline,ALL,9.28739596519913,0.9163234083864715
baseline,ALL,9.348045067851125,0.918015455763798
baseline,ALL,9.381850129982924,0.9197075031411246
baseline,ALL,9.398221441829733,0.9213995505184512
baseline,ALL,9.420291061434916,0.9230915978957778
baseline,ALL,9.453744480596207,0.9247836452731043
baseline,ALL,9.52353489564165,0.9265757599684448
baseline,ALL,9.530172951593338,0.9283678746637852
baseline,ALL,9.75426314756407,0.9301599893591258
baseline,ALL,9.771030754459725,0.9318520367364523
baseline,ALL,9.807787615457942,0.9334701597137988
baseline,ALL,9.818912464689982,0.9352622744091392
baseline,ALL,9.864361614933221,0.9368803973864854
baseline,ALL,9.918119588990594,0.9386725120818259
baseline,ALL,9.98991754817737,0.9404646267771665
baseline,ALL,9.996922348621473,0.9422567414725069
baseline,ALL,10.08385297206309,0.9440488561678474
baseline,ALL,10.087164527713538,0.945840970863188
baseline,ALL,10.85455309999222,0.9475330182405145
baseline,ALL,11.758861418055213,0.9492250656178411
baseline,ALL,11.957434136154241,0.9508431885951873
baseline,ALL,12.075173783680118,0.9524613115725336
baseline,ALL,12.675917510800163,0.9540794345498799
baseline,ALL,13.549992559772408,0.9557714819272065
baseline,ALL,13.565083818153632,0.957563596622547
baseline,ALL,13.894749943152638,0.9592556439998736
baseline,ALL,13.911766228953024,0.961047758695214
baseline,ALL,14.087096141530647,0.9627398060725406
baseline,ALL,14.118393113589413,0.9645319207678811
baseline,ALL,14.19111529014803,0.9661500437452274
baseline,ALL,14.351072223088028,0.9677681667225736
baseline,ALL,14.3669186269982,0.96938628969992
baseline,ALL,14.368365141324105,0.9710044126772662
baseline,ALL,14.492391028101272,0.9727965273726067
baseline,ALL,14.60041599358589,0.974414650349953
baseline,ALL,14.643891993290692,0.9761066977272795
baseline,ALL,14.683673480069219,0.9777248207046259
baseline,ALL,14.693132031603106,0.9795169353999663
baseline,ALL,14.740528927422268,0.9813090500953069
baseline,ALL,14.996173362254781,0.9830010974726334
baseline,ALL,15.153256225195337,0.98469314484996
baseline,ALL,15.450087415788802,0.9863851922272865
baseline,ALL,15.495678444598596,0.9880772396046131
baseline,ALL,15.583752666762901,0.9896953625819593
baseline,ALL,15.597214388189867,0.991387409959286
baseline,ALL,15.706885988415435,0.9931795246546264
baseline,ALL,15.749821689342243,0.9949716393499669
baseline,ALL,16.09873722505385,0.9965897623273131
baseline,ALL,16.327982165074165,0.9982078853046595
baseline,ALL,16.562048125692833,1.0
od_baseline,SS,0.9,0.0
od_baseline,SS,1.5,0.0
od_baseline,SS,3.588658678248402,0.008130081300813009
od_baseline,SS,3.6475299030646493,0.01888276947285602
od_baseline,SS,3.784529142971267,0.029635457644899027
od_baseline,SS,3.9324110086428465,0.03943937921352648
od_baseline,SS,3.9716244688407336,0.04756946051433949
od_baseline,SS,3.9770578984558584,0.05737338208296694
od_baseline,SS,4.043224658759007,0.06812607025500995
od_baseline,SS,4.045678068690378,0.07887875842705296
od_baseline,SS,4.062693620815816,0.08868267999568041
od_baseline,SS,4.069125149043613,0.09848660156430787
od_baseline,SS,4.148782079007436,0.10661668286512087
od_baseline,SS,4.157262212722439,0.11736937103716387
od_baseline,SS,4.169414867891357,0.12549945233797688
od_baseline,SS,4.219340661660441,0.13530337390660432
od_baseline,SS,4.228347255639507,0.1451072954752318
od_baseline,SS,4.234373670914471,0.1532373767760448
od_baseline,SS,4.25516626849901,0.16136745807685782
od_baseline,SS,4.291162236960939,0.17212014624890082
od_baseline,SS,4.315375562126676,0.18192406781752823
od_baseline,SS,4.325253914190719,0.19172798938615573
od_baseline,SS,4.391131626695471,0.19985807068696873
od_baseline,SS,4.4255906378524505,0.20798815198778176
od_baseline,SS,4.441648636130137,0.21779207355640917
od_baseline,SS,4.445811692481892,0.2285447617284522
od_baseline,SS,4.452194668947382,0.23834868329707967
od_baseline,SS,4.467399763974554,0.24910137146912267
od_baseline,SS,4.494391090755599,0.2572314527699357
od_baseline,SS,4.50015053480576,0.2670353743385631
od_baseline,SS,4.501470689427903,0.2768392959071906
od_baseline,SS,4.555361605665394,0.2849693772080036
od_baseline,SS,4.602901551466234,0.294773298776631
od_baseline,SS,4.614400598853436,0.30457722034525847
od_baseline,SS,4.6248265868185845,0.31270730164607147
od_baseline,SS,4.645559391598695,0.32083738294688446
od_baseline,SS,4.647109157296723,0.33064130451551194
od_baseline,SS,4.647337086351307,0.34139399268755494
od_baseline,SS,4.6746510706406585,0.349524073988368
od_baseline,SS,4.804185311844078,0.357654155289181
od_baseline,SS,4.807883522573238,0.365784236589994
od_baseline,SS,4.810710689866842,0.37391431789080704
od_baseline,SS,4.820762844528421,0.38466700606285004
od_baseline,SS,4.826416943541597,0.392797087363663
od_baseline,SS,4.874409034683753,0.400927168664476
od_baseline,SS,4.905855580530681,0.41073109023310345
od_baseline,SS,4.90908135161508,0.42148377840514656
od_baseline,SS,4.934102726646719,0.43223646657718956
od_baseline,SS,4.939699907628557,0.44298915474923256
od_baseline,SS,4.969475637487142,0.45279307631786
od_baseline,SS,4.970684122816293,0.460923157618673
od_baseline,SS,4.972554264958002,0.46905323891948597
od_baseline,SS,4.978022141934127,0.47980592709152897
od_baseline,SS,4.984718369863513,0.487936008392342
od_baseline,SS,5.0016505947987175,0.49773992996096944
od_baseline,SS,5.024725533870362,0.5084926181330124
od_baseline,SS,5.0263923466036236,0.5192453063050554
od_baseline,SS,5.058382346250046,0.5290492278736829
od_baseline,SS,5.058939120735639,0.5388531494423104
od_baseline,SS,5.064427307168114,0.5469832307431234
od_baseline,SS,5.065827351106634,0.5577359189151664
od_baseline,SS,5.0900641776335895,0.5675398404837938
od_baseline,SS,5.105596277660865,0.5756699217846069
od_baseline,SS,5.1154972632389235,0.5854738433532343
od_baseline,SS,5.1333048564470385,0.5952777649218618
od_baseline,SS,5.140223181672176,0.6034078462226747
od_baseline,SS,5.142627052520432,0.6141605343947177
od_baseline,SS,5.16550473054142,0.6239644559633453
od_baseline,SS,5.1770096534245775,0.6320945372641583
od_baseline,SS,5.197593516362031,0.6428472254362013
od_baseline,SS,5.204350966747603,0.6509773067370143
od_baseline,SS,5.2128600034380925,0.6591073880378273
od_baseline,SS,5.218463900899915,0.6698600762098703
od_baseline,SS,5.246223177553729,0.6806127643819133
od_baseline,SS,5.2636520646549805,0.6904166859505407
od_baseline,SS,5.326735190303596,0.7011693741225837
od_baseline,SS,5.334191915751291,0.7092994554233968
od_baseline,SS,5.340526833281915,0.7191033769920242
od_baseline,SS,5.343297480399941,0.7272334582928371
od_baseline,SS,5.34662732327717,0.7353635395936502
od_baseline,SS,5.357307267964255,0.7451674611622776
od_baseline,SS,5.368948071353391,0.7559201493343206
od_baseline,SS,5.372620299139089,0.7666728375063636
od_baseline,SS,5.389510590650246,0.7774255256784066
od_baseline,SS,5.433590107971541,0.787229447247034
od_baseline,SS,5.435871152794619,0.7970333688156614
od_baseline,SS,5.45117228331954,0.8077860569877046
od_baseline,SS,5.483717647923449,0.8185387451597476
od_baseline,SS,5.491029230528681,0.828342666728375
od_baseline,SS,5.529373602066347,0.839095354900418
od_baseline,SS,5.535878737167377,0.847225436201231
od_baseline,SS,5.548207105576617,0.8553555175020441
od_baseline,SS,5.548241714984837,0.8661082056740871
od_baseline,SS,5.607968499585371,0.8759121272427146
od_baseline,SS,5.682745210978791,0.8840422085435277
od_baseline,SS,5.691023890397499,0.8938461301121551
od_baseline,SS,5.7185593794093315,0.901976211412968
od_baseline,SS,5.741401119365786,0.9101062927137811
od_baseline,SS,5.765077007058278,0.9208589808858241
od_baseline,SS,5.840165171632635,0.9306629024544515
od_baseline,SS,5.84120008387888,0.9387929837552645
od_baseline,SS,5.858081880025065,0.9495456719273075
od_baseline,SS,5.859037790501031,0.9576757532281205
od_baseline,SS,5.86168277013323,0.9658058345289335
od_baseline,SS,5.873644568336737,0.9739359158297466
od_baseline,SS,5.959752819809893,0.9820659971305595
od_baseline,SS,6.047781135406419,0.991869918699187
od_baseline,SS,6.0664281191604195,1.0
od_baseline,LS,0.9,0.0
od_baseline,LS,1.5,0.0
od_baseline,LS,4.109652770445076,0.007246376811594203
od_baseline,LS,4.659581191591477,0.014492753623188406
od_baseline,LS,4.7275411664451115,0.020782061799289032
od_baseline,LS,5.039145763958706,0.02707136997538966
od_baseline,LS,5.083919245850302,0.03464712755114724
od_baseline,LS,5.099266428003797,0.04093643572724787
od_baseline,LS,5.121740995675908,0.04818281253884207
od_baseline,LS,5.165296209547991,0.054472120714942694
od_baseline,LS,5.165499897171933,0.06076142889104333
od_baseline,LS,5.243552361070704,0.06833718646680091
od_baseline,LS,5.282735551925057,0.07591294404255848
od_baseline,LS,5.290446472317222,0.08220225221865911
od_baseline,LS,5.3165664724563255,0.08849156039475974
od_baseline,LS,5.343719851421243,0.09478086857086036
od_baseline,LS,5.370814924484655,0.10202724538245456
od_baseline,LS,5.388225658204631,0.10927362219404875
od_baseline,LS,5.401495947353843,0.11684937976980636
od_baseline,LS,5.402633946196189,0.12313868794590699
od_baseline,LS,5.422104453731511,0.13071444552166456
od_baseline,LS,5.443713346684341,0.13700375369776518
od_baseline,LS,5.514457552287994,0.14457951127352275
od_baseline,LS,5.528149790840218,0.15086881944962338
od_baseline,LS,5.563458086765283,0.15844457702538098
od_baseline,LS,5.564318347296592,0.16602033460113855
od_baseline,LS,5.595834344983097,0.17230964277723917
od_baseline,LS,5.599824420894455,0.17988540035299674
od_baseline,LS,5.61355690674274,0.18713177716459095
od_baseline,LS,5.618335456934217,0.19470753474034852
od_baseline,LS,5.62063464172702,0.20228329231610612
od_baseline,LS,5.643972372420091,0.20857260049220674
od_baseline,LS,5.645094015114364,0.2161483580679643
od_baseline,LS,5.646100004381039,0.2233947348795585
od_baseline,LS,5.654163878935427,0.2309704924553161
od_baseline,LS,5.662914785976302,0.2382168692669103
od_baseline,LS,5.6706403696723156,0.24546324607850453
od_baseline,LS,5.6791551999941285,0.25175255425460513
od_baseline,LS,5.683017284450532,0.25804186243070576
od_baseline,LS,5.684785406926511,0.26561762000646333
od_baseline,LS,5.696238084205899,0.2728639968180575
od_baseline,LS,5.712470625887032,0.2804397543938151
od_baseline,LS,5.719661731881416,0.28801551196957265
od_baseline,LS,5.722721975689155,0.2955912695453302
od_baseline,LS,5.728243952256355,0.30188057772143084
od_baseline,LS,5.735386952067468,0.3091269545330251
od_baseline,LS,5.737408236511607,0.31637333134461926
od_baseline,LS,5.763553066671669,0.3226626395207199
od_baseline,LS,5.7918454972948625,0.3289519476968205
od_baseline,LS,5.817256937041354,0.33652770527257814
od_baseline,LS,5.835963240930511,0.34281701344867876
od_baseline,LS,5.839879780827108,0.3491063216247794
od_baseline,LS,5.84334773567946,0.35635269843637357
od_baseline,LS,5.845311034698268,0.3635990752479678
od_baseline,LS,5.862820327011434,0.37084545205956204
od_baseline,LS,5.864303954063135,0.37713476023566256
od_baseline,LS,5.871455662514907,0.3834240684117633
od_baseline,LS,5.882743588594335,0.39067044522335753
od_baseline,LS,5.891089730711981,0.3979168220349516
od_baseline,LS,5.901382597088436,0.40516319884654584
od_baseline,LS,5.905810465489152,0.41273895642230346
od_baseline,LS,5.910981684662135,0.420314713998061
od_baseline,LS,5.9265529380109125,0.42660402217416166
od_baseline,LS,5.92697942889716,0.43385039898575584
od_baseline,LS,5.9272303656016625,0.44013970716185646
od_baseline,LS,5.929453048694133,0.4464290153379571
od_baseline,LS,5.943933370622295,0.45400477291371466
od_baseline,LS,5.947344393034809,0.4615805304894723
od_baseline,LS,5.95412769475936,0.4691562880652298
od_baseline,LS,5.961354792005271,0.47640266487682403
od_baseline,LS,5.963204221582292,0.4826919730529246
od_baseline,LS,5.963428815724838,0.4889812812290253
od_baseline,LS,5.983498818137073,0.49527058940512586
od_baseline,LS,5.983838664510785,0.5015598975812265
od_baseline,LS,5.999395119312139,0.5078492057573271
od_baseline,LS,5.9999735136083565,0.5141385139334278
od_baseline,LS,6.008629035759407,0.521384890745022
od_baseline,LS,6.0193030676153185,0.5289606483207795
od_baseline,LS,6.0387400269374885,0.5362070251323737
od_baseline,LS,6.039458580791517,0.5424963333084744
od_baseline,LS,6.060572034322322,0.5500720908842319
od_baseline,LS,6.061094604037552,0.5573184676958262
od_baseline,LS,6.073980240663983,0.5645648445074204
od_baseline,LS,6.093785769444509,0.572140602083178
od_baseline,LS,6.103552883520108,0.5793869788947722
od_baseline,LS,6.112750831641554,0.5856762870708728
od_baseline,LS,6.119195737192556,0.5919655952469735
od_baseline,LS,6.119536496097378,0.5995413528227309
od_baseline,LS,6.121687966350004,0.6071171103984886
od_baseline,LS,6.126993734732167,0.6134064185745892
od_baseline,LS,6.143840869171667,0.6196957267506898
od_baseline,LS,6.153896085959148,0.6259850349267905
od_baseline,LS,6.155994347615069,0.633560792502548
od_baseline,LS,6.166205924323916,0.6398501006786486
od_baseline,LS,6.1688517199422845,0.6470964774902428
od_baseline,LS,6.17685002216462,0.6533857856663435
od_baseline,LS,6.178248669136055,0.660961543242101
od_baseline,LS,6.179762159853655,0.6685373008178587
od_baseline,LS,6.179911868558933,0.6761130583936162
od_baseline,LS,6.186704882847661,0.6824023665697169
od_baseline,LS,6.189095061203744,0.6899781241454743
od_baseline,LS,6.204297677645302,0.6962674323215751
od_baseline,LS,6.252322829022561,0.7035138091331693
od_baseline,LS,6.2525310814801305,0.7098031173092698
od_baseline,LS,6.253992944342796,0.7173788748850276
od_baseline,LS,6.255674386710278,0.7249546324607851
od_baseline,LS,6.262117394098091,0.7325303900365426
od_baseline,LS,6.264170498156716,0.7401061476123002
od_baseline,LS,6.272318655941255,0.7463954557884008
od_baseline,LS,6.276489095114246,0.7526847639645015
od_baseline,LS,6.2819013663941075,0.7589740721406022
od_baseline,LS,6.282172814060144,0.7652633803167027
od_baseline,LS,6.283374981866688,0.7715526884928033
od_baseline,LS,6.304902412696096,0.7791284460685609
od_baseline,LS,6.316963468317939,0.7863748228801551
od_baseline,LS,6.338243681250471,0.7936211996917493
od_baseline,LS,6.365231756349981,0.801196957267507
od_baseline,LS,6.383440399809403,0.8074862654436075
od_baseline,LS,6.390992825391733,0.8150620230193651
od_baseline,LS,6.397663110406057,0.8223083998309594
od_baseline,LS,6.419412566605712,0.8298841574067168
od_baseline,LS,6.419911103038216,0.8361734655828176
od_baseline,LS,6.4264289355042,0.8434198423944116
od_baseline,LS,6.447151737727332,0.8506662192060058
od_baseline,LS,6.4497162965715535,0.8569555273821065
od_baseline,LS,6.453988689412901,0.8642019041937008
od_baseline,LS,6.454245302705288,0.8714482810052949
od_baseline,LS,6.473407220790577,0.8777375891813955
od_baseline,LS,6.475311503648778,0.8853133467571531
od_baseline,LS,6.481750824131629,0.8928891043329107
od_baseline,LS,6.507162227474614,0.9004648619086684
od_baseline,LS,6.5220083409635015,0.9077112387202625
od_baseline,LS,6.574396140909236,0.9149576155318567
od_baseline,LS,6.576323401980008,0.922203992343451
od_baseline,LS,6.578055024233413,0.9284933005195516
od_baseline,LS,6.592730976490293,0.9347826086956522
od_baseline,LS,6.624999035366144,0.9420289855072465
od_baseline,LS,6.633848646216894,0.9492753623188405
od_baseline,LS,6.637445850552629,0.9565217391304347
od_baseline,LS,6.648307326868666,0.9637681159420289
od_baseline,LS,6.656591550085661,0.9710144927536232
od_baseline,LS,6.687698383548325,0.9782608695652174
od_baseline,LS,6.750055397625071,0.9855072463768115
od_baseline,LS,6.78189464223733,0.9927536231884058
od_baseline,LS,6.851750288873248,1.0
od_baseline,SL,0.9,0.0
od_baseline,SL,1.0,0.21459797033567526
od_baseline,SL,1.0008631604515734,0.2225344782721832
od_baseline,SL,1.001880480920149,0.22859508433278922
od_baseline,SL,1.0024491598607408,0.2365315922692972
od_baseline,SL,1.0040580923694804,0.24199607314361415
od_baseline,SL,1.004406725599741,0.2474605540179311
od_baseline,SL,1.0048639053402175,0.252925034892248
od_baseline,SL,1.0110507412215877,0.2589856409528541
od_baseline,SL,1.0134138469068774,0.2650462470134601
od_baseline,SL,1.0148685445245587,0.2711068530740662
od_baseline,SL,1.0149504061743377,0.2790433610105741
od_baseline,SL,1.0155045410127737,0.2851039670711802
od_baseline,SL,1.0157046953785156,0.29056844794549713
od_baseline,SL,1.0276509995204277,0.29850495588200504
od_baseline,SL,1.0287793184535905,0.30456556194261114
od_baseline,SL,1.0305989924603034,0.31250206987911905
od_baseline,SL,1.0307973865679212,0.317966550753436
od_baseline,SL,1.0311620279340556,0.32402715681404204
od_baseline,SL,1.0313241828588173,0.33196366475055
od_baseline,SL,1.0317653664466926,0.3399001726870579
od_baseline,SL,1.0319462574886629,0.3478366806235658
od_baseline,SL,1.0335922961038977,0.35577318856007384
od_baseline,SL,1.0339023373329164,0.3612376694343908
od_baseline,SL,1.0341335588765606,0.3691741773708987
od_baseline,SL,1.036838787268559,0.37463865824521564
od_baseline,SL,1.0369996703838735,0.3806992643058216
od_baseline,SL,1.0371275306607377,0.3867598703664277
od_baseline,SL,1.0371974616009605,0.39469637830293564
od_baseline,SL,1.038184419977742,0.40263288623944365
od_baseline,SL,1.0390440949518591,0.40869349230004964
od_baseline,SL,1.0393809784034311,0.4141579731743666
od_baseline,SL,1.0438448436489365,0.41962245404868354
od_baseline,SL,1.0512132154704983,0.42755896198519155
od_baseline,SL,1.051484022345179,0.4330234428595084
od_baseline,SL,1.0553439471912318,0.43848792373382545
od_baseline,SL,1.0564192698923172,0.4439524046081423
od_baseline,SL,1.0622088434441497,0.4518889125446503
od_baseline,SL,1.062706995562404,0.4579495186052563
od_baseline,SL,1.0640233947962323,0.46341399947957324
od_baseline,SL,1.0659056227575099,0.4694746055401793
od_baseline,SL,1.0688032480479557,0.4755352116007854
od_baseline,SL,1.0716025902556885,0.4809996924751023
od_baseline,SL,1.0738604036294086,0.48706029853570837
od_baseline,SL,1.0763829460499614,0.4925247794100253
od_baseline,SL,1.080880687979939,0.4985853854706314
od_baseline,SL,1.0963145880699117,0.5046459915312375
od_baseline,SL,1.1345747972276334,0.5125824994677454
od_baseline,SL,1.1356929716604425,0.5180469803420623
od_baseline,SL,1.1473942122251188,0.5241075864026683
od_baseline,SL,1.1566188597374085,0.5320440943391763
od_baseline,SL,1.1575350430849156,0.5381047003997823
od_baseline,SL,1.1750156199455895,0.5435691812740994
od_baseline,SL,1.1837710912522872,0.5496297873347054
od_baseline,SL,1.1841002405877545,0.5550942682090224
od_baseline,SL,1.1855291056518678,0.5605587490833392
od_baseline,SL,1.1992585952833754,0.5684952570198472
od_baseline,SL,1.1997163295844886,0.5745558630804533
od_baseline,SL,1.2038212499984755,0.5800203439547702
od_baseline,SL,1.2060391410818738,0.5860809500153762
od_baseline,SL,1.2185581858693082,0.5915454308896931
od_baseline,SL,1.2209561475628439,0.5976060369502992
od_baseline,SL,1.2305632274693423,0.6036666430109053
od_baseline,SL,1.2466149086804017,0.6091311238852223
od_baseline,SL,1.2504044763740922,0.6145956047595392
od_baseline,SL,1.251004499010637,0.6200600856338562
od_baseline,SL,1.2522738400012903,0.6261206916944623
od_baseline,SL,1.259281546436473,0.6321812977550683
od_baseline,SL,1.2823181445162914,0.6376457786293852
od_baseline,SL,1.293217085637786,0.6431102595037022
od_baseline,SL,1.3009790967705186,0.6491708655643081
od_baseline,SL,1.3081219941223083,0.6552314716249142
od_baseline,SL,1.3184904058965354,0.6631679795614221
od_baseline,SL,1.3206537005132313,0.6686324604357391
od_baseline,SL,1.3325894445186457,0.676568968372247
od_baseline,SL,1.3584863846234545,0.682033449246564
od_baseline,SL,1.368226457445938,0.6874979301208809
od_baseline,SL,1.3747564659803462,0.693558536181487
od_baseline,SL,1.3782307390745145,0.699619142242093
od_baseline,SL,1.3848313375746346,0.70508362311641
od_baseline,SL,1.3939210210611808,0.7105481039907269
od_baseline,SL,1.4020442786360707,0.7184846119272349
od_baseline,SL,1.4079838361635855,0.7239490928015518
od_baseline,SL,1.4251499148812639,0.7300096988621579
od_baseline,SL,1.4314999671640967,0.7354741797364749
od_baseline,SL,1.4346200907042097,0.7434106876729828
od_baseline,SL,1.435207183331959,0.7488751685472997
od_baseline,SL,1.4388829788252728,0.7568116764838076
od_baseline,SL,1.4464238236341402,0.7628722825444137
od_baseline,SL,1.4539801710287694,0.7683367634187306
od_baseline,SL,1.4571655834409525,0.7762732713552385
od_baseline,SL,1.4571814774836125,0.7823338774158447
od_baseline,SL,1.4579912488840174,0.7883944834764507
od_baseline,SL,1.4775655179790084,0.7963309914129586
od_baseline,SL,1.489833530649082,0.8017954722872757
od_baseline,SL,1.4909780415620701,0.8072599531615925
od_baseline,SL,1.4950388292066472,0.8133205592221985
od_baseline,SL,1.4989561196470569,0.8193811652828046
od_baseline,SL,1.5,0.8193811652828046
od_baseline,SL,1.5021944794512674,0.8254417713434107
od_baseline,SL,1.5133279534508872,0.8309062522177276
od_baseline,SL,1.5139334477757014,0.8388427601542355
od_baseline,SL,1.5262233169123465,0.8443072410285524
od_baseline,SL,1.5338379065108854,0.8522437489650604
od_baseline,SL,1.5346527455325951,0.8577082298393774
od_baseline,SL,1.5385191548627397,0.8631727107136943
od_baseline,SL,1.5439929544352595,0.8711092186502022
od_baseline,SL,1.5465714361125382,0.8765736995245192
od_baseline,SL,1.5489068462153304,0.8826343055851252
od_baseline,SL,1.550310573080523,0.8905708135216331
od_baseline,SL,1.5514208463344061,0.8960352943959501
od_baseline,SL,1.5585686851607696,0.901499775270267
od_baseline,SL,1.5687565907897454,0.906964256144584
od_baseline,SL,1.5720946557449254,0.9149007640810919
od_baseline,SL,1.5732739568650613,0.920961370141698
od_baseline,SL,1.5886664488206284,0.9288978780782059
od_baseline,SL,1.59110579514441,0.934362358952523
od_baseline,SL,1.5914023303099833,0.9422988668890309
od_baseline,SL,1.5930613811342114,0.9502353748255388
od_baseline,SL,1.6026132372322035,0.9562959808861448
od_baseline,SL,1.6028846276932918,0.9623565869467509
od_baseline,SL,1.6087508020102501,0.9678210678210678
od_baseline,SL,1.6109228497034986,0.9738816738816739
od_baseline,SL,1.6257200607291566,0.9818181818181818
od_baseline,SL,1.6265747598817724,0.9878787878787879
od_baseline,SL,1.628714278246443,0.993939393939394
od_baseline,SL,1.638590562448879,1.0
od_baseline,LL,0.9,0.0
od_baseline,LL,1.0,0.0836536649707933
od_baseline,LL,1.0010872750715707,0.0894007914075749
od_baseline,LL,1.0054636647915516,0.09486527228189184
od_baseline,LL,1.0073012261594096,0.10032975315620878
od_baseline,LL,1.0133075800624733,0.10579423403052572
od_baseline,LL,1.0136336426231918,0.11154136046730734
od_baseline,LL,1.0139889143409553,0.11700584134162428
od_baseline,LL,1.0142846897664328,0.12256139689717982
od_baseline,LL,1.0197168400460568,0.12811695245273538
od_baseline,LL,1.0212360034373837,0.13358143332705233
od_baseline,LL,1.022713143271216,0.13904591420136925
od_baseline,LL,1.0228559964870902,0.1446014697569248
od_baseline,LL,1.0233851795029145,0.15006595063124176
od_baseline,LL,1.0251193202426967,0.1556215061867973
od_baseline,LL,1.027229858085127,0.16136863262357892
od_baseline,LL,1.028849419582171,0.1669241881791345
od_baseline,LL,1.0326923807361037,0.17247974373469002
od_baseline,LL,1.0362560656557533,0.1780352992902456
od_baseline,LL,1.0367530399049532,0.1834997801645625
od_baseline,LL,1.0377446164224082,0.18924690660134413
od_baseline,LL,1.0379931472962567,0.19471138747566108
od_baseline,LL,1.0383998332232296,0.20026694303121664
od_baseline,LL,1.0385121336017,0.20582249858677218
od_baseline,LL,1.0399443407617286,0.2115696250235538
od_baseline,LL,1.0408397110072654,0.21712518057910937
od_baseline,LL,1.0415128248351302,0.2226807361346649
od_baseline,LL,1.0420311666119668,0.22814521700898185
od_baseline,LL,1.0423933723351826,0.23389234344576346
od_baseline,LL,1.0429921885264914,0.239447899001319
od_baseline,LL,1.043378876865489,0.24500345455687456
od_baseline,LL,1.0436139715090267,0.25075058099365616
od_baseline,LL,1.0436385907584909,0.2563061365492117
od_baseline,LL,1.0449189437656168,0.26177061742352864
od_baseline,LL,1.0464824648882334,0.2675177438603103
od_baseline,LL,1.0469554517077266,0.2732648702970919
od_baseline,LL,1.047026850491697,0.2790119967338735
od_baseline,LL,1.0473512293048797,0.28456755228942904
od_baseline,LL,1.0482339601081276,0.290032033163746
od_baseline,LL,1.048469845001404,0.2955875887193015
od_baseline,LL,1.0487052784614745,0.3013347151560832
od_baseline,LL,1.0487109720760996,0.3068902707116387
od_baseline,LL,1.0498396481841203,0.31235475158595566
od_baseline,LL,1.0513936595034419,0.3178192324602726
od_baseline,LL,1.0553565933758444,0.32328371333458955
od_baseline,LL,1.0553629405080447,0.3290308397713711
od_baseline,LL,1.0573129325067083,0.33477796620815276
od_baseline,LL,1.0602639387138473,0.3403335217637083
od_baseline,LL,1.0616871673735504,0.34579800263802524
od_baseline,LL,1.063131457591579,0.35154512907480684
od_baseline,LL,1.0667817998081084,0.3570096099491238
od_baseline,LL,1.06733355535052,0.36247409082344073
od_baseline,LL,1.068415345723721,0.36802964637899627
od_baseline,LL,1.0695207936143307,0.3734941272533132
od_baseline,LL,1.0705786865660587,0.37924125369009487
od_baseline,LL,1.0742465810063277,0.3847057345644118
od_baseline,LL,1.0768166961638286,0.39026129011996735
od_baseline,LL,1.0783373252637887,0.39600841655674895
od_baseline,LL,1.0836698921790162,0.4017555429935306
od_baseline,LL,1.0860329967607232,0.40750266943031216
od_baseline,LL,1.0870096031373029,0.4130582249858677
od_baseline,LL,1.089469851335278,0.41852270586018464
od_baseline,LL,1.0918742479861947,0.4240782614157403
od_baseline,LL,1.0937984658827296,0.4296338169712958
od_baseline,LL,1.093833551585001,0.43538094340807737
od_baseline,LL,1.0973918034103127,0.44112806984485897
od_baseline,LL,1.097841665017008,0.4465925507191759
od_baseline,LL,1.2619244038818742,0.45205703159349286
od_baseline,LL,1.2775174601277455,0.4575215124678098
od_baseline,LL,1.3042865716599845,0.46298599334212676
od_baseline,LL,1.3142046588713365,0.4684504742164437
od_baseline,LL,1.3212349621146704,0.4741976006532253
od_baseline,LL,1.3645277406170002,0.47975315620878084
od_baseline,LL,1.3658768478067869,0.4852176370830978
od_baseline,LL,1.3827357146957089,0.49096476351987944
od_baseline,LL,1.388344565406613,0.4964292443941963
od_baseline,LL,1.4421632882999638,0.5018937252685133
od_baseline,LL,1.447914144659493,0.5073582061428302
od_baseline,LL,1.463390386417918,0.5128226870171472
od_baseline,LL,1.4678249116048927,0.5183782425727027
od_baseline,LL,1.4843653473120553,0.5239337981282582
od_baseline,LL,1.485970561473943,0.5294893536838138
od_baseline,LL,1.4888904414866315,0.5352364801205954
od_baseline,LL,1.489377464180574,0.5407009609949124
od_baseline,LL,1.4990708191645667,0.5461654418692293
od_baseline,LL,1.5,0.5461654418692293
od_baseline,LL,1.5085337756329507,0.5517209974247849
od_baseline,LL,1.5114120573667669,0.5574681238615664
od_baseline,LL,1.5174741360278285,0.5632152502983482
od_baseline,LL,1.5176104489434707,0.5687708058539037
od_baseline,LL,1.522229143422608,0.5745179322906853
od_baseline,LL,1.5249803599794869,0.5799824131650021
od_baseline,LL,1.525426340517576,0.5854468940393192
od_baseline,LL,1.535140625060227,0.5910024495948747
od_baseline,LL,1.537540435981581,0.5965580051504302
od_baseline,LL,1.5389384589224673,0.6021135607059858
od_baseline,LL,1.544337998958751,0.6078606871427673
od_baseline,LL,1.5597893104373168,0.6134162426983228
od_baseline,LL,1.5719449336201303,0.6191633691351046
od_baseline,LL,1.5747528774063144,0.6247189246906601
od_baseline,LL,1.5793208465332391,0.6304660511274417
od_baseline,LL,1.5793995933037335,0.6359305320017588
od_baseline,LL,1.5840310701747395,0.6413950128760756
od_baseline,LL,1.5867817777442095,0.6469505684316311
od_baseline,LL,1.5880177657692942,0.6524150493059482
od_baseline,LL,1.5883720886771822,0.6579706048615037
od_baseline,LL,1.5907884860346335,0.6635261604170593
od_baseline,LL,1.5920939509164018,0.6690817159726148
od_baseline,LL,1.592540858287327,0.6748288424093963
od_baseline,LL,1.5931262413363918,0.6803843979649519
od_baseline,LL,1.5960743859914603,0.6859399535205076
od_baseline,LL,1.5966225773842129,0.6916870799572892
od_baseline,LL,1.5973515115279024,0.6974342063940707
od_baseline,LL,1.5973965749542802,0.7031813328308524
od_baseline,LL,1.598067454325827,0.7089284592676339
od_baseline,LL,1.6028333321049204,0.7143929401419508
od_baseline,LL,1.6098761905637191,0.7199484956975063
od_baseline,LL,1.611124095885825,0.7256956221342881
od_baseline,LL,1.6132889155032053,0.7314427485710696
od_baseline,LL,1.6164256606323775,0.7369983041266251
od_baseline,LL,1.6188436554381087,0.7425538596821807
od_baseline,LL,1.6226952934853138,0.7481094152377362
od_baseline,LL,1.6279330756253518,0.7535738961120533
od_baseline,LL,1.6311476321587528,0.7590383769863701
od_baseline,LL,1.633658861541527,0.7647855034231519
od_baseline,LL,1.6340998542888054,0.7703410589787074
od_baseline,LL,1.6382706329932857,0.775896614534263
od_baseline,LL,1.6395624737859813,0.7816437409710445
od_baseline,LL,1.6471368363873338,0.7873908674078262
od_baseline,LL,1.6480634412087496,0.7931379938446077
od_baseline,LL,1.6508731579986244,0.7986935494001633
od_baseline,LL,1.6510380511396539,0.804440675836945
od_baseline,LL,1.6552596566627549,0.8101878022737266
od_baseline,LL,1.6557628232796715,0.8156522831480434
od_baseline,LL,1.656088581571919,0.8211167640223604
od_baseline,LL,1.6569489118184384,0.826672319577916
od_baseline,LL,1.657701494656615,0.8322278751334715
od_baseline,LL,1.661236166581161,0.8379750015702531
od_baseline,LL,1.667036135149573,0.8435305571258086
od_baseline,LL,1.6714970285923851,0.8490861126813641
od_baseline,LL,1.6722529960036818,0.8545505935556812
od_baseline,LL,1.672353821553352,0.860015074429998
od_baseline,LL,1.6789232866759807,0.8654795553043151
od_baseline,LL,1.68454396035212,0.8709440361786319
od_baseline,LL,1.692975412307966,0.8766911626154137
od_baseline,LL,1.70034346872321,0.8821556434897305
od_baseline,LL,1.705078315435423,0.8879027699265122
od_baseline,LL,1.7066274013221259,0.8934583254820677
od_baseline,LL,1.7141043583701014,0.8989228063563847
od_baseline,LL,1.7147504447666213,0.9046699327931663
od_baseline,LL,1.716540668279771,0.9102254883487219
od_baseline,LL,1.7173527968412403,0.9156899692230387
od_baseline,LL,1.7301812066199582,0.9212455247785942
od_baseline,LL,1.7301976083405017,0.926992651215376
od_baseline,LL,1.7368848416987588,0.9327397776521575
od_baseline,LL,1.7397437112940315,0.9382042585264744
od_baseline,LL,1.7518937051907544,0.9439513849632561
od_baseline,LL,1.752582764996171,0.9495069405188117
od_baseline,LL,1.7600875987348392,0.9549714213931285
od_baseline,LL,1.7618238509663293,0.960526976948684
od_baseline,LL,1.7623809527854046,0.9662741033854657
od_baseline,LL,1.7699579631607996,0.9717385842597827
od_baseline,LL,1.7719498425610332,0.9772941398153382
od_baseline,LL,1.7909610105859184,0.9827586206896551
od_baseline,LL,1.7910151636210705,0.9885057471264368
od_baseline,LL,1.795731024733352,0.9942528735632185
od_baseline,LL,1.8142302265732846,1.0
od_baseline,ALL,0.9,0.0
od_baseline,ALL,1.0,0.0836628776681984
od_baseline,ALL,1.0008631604515734,0.0854454088624943
od_baseline,ALL,1.0010872750715707,0.08711207552916096
od_baseline,ALL,1.001880480920149,0.08877874219582764
od_baseline,ALL,1.0024491598607408,0.09056127339012353
od_baseline,ALL,1.0040580923694804,0.09223631526617042
od_baseline,ALL,1.004406725599741,0.09391135714221732
od_baseline,ALL,1.0048639053402175,0.09558639901826423
od_baseline,ALL,1.0054636647915516,0.09736893021256014
od_baseline,ALL,1.0073012261594096,0.09915146140685603
od_baseline,ALL,1.0110507412215877,0.1008181280735227
od_baseline,ALL,1.0133075800624733,0.1026006592678186
od_baseline,ALL,1.0134138469068774,0.10426732593448527
od_baseline,ALL,1.0136336426231918,0.10593399260115192
od_baseline,ALL,1.0139889143409553,0.10771652379544783
od_baseline,ALL,1.0142846897664328,0.10939156567149473
od_baseline,ALL,1.0148685445245587,0.11105823233816141
od_baseline,ALL,1.0149504061743377,0.1128407635324573
od_baseline,ALL,1.0155045410127737,0.11450743019912396
od_baseline,ALL,1.0157046953785156,0.11618247207517086
od_baseline,ALL,1.0197168400460568,0.11785751395121775
od_baseline,ALL,1.0212360034373837,0.11964004514551367
od_baseline,ALL,1.022713143271216,0.12142257633980957
od_baseline,ALL,1.0228559964870902,0.12309761821585648
od_baseline,ALL,1.0233851795029145,0.12488014941015237
od_baseline,ALL,1.0251193202426967,0.12655519128619927
od_baseline,ALL,1.027229858085127,0.12822185795286592
od_baseline,ALL,1.0276509995204277,0.13000438914716184
od_baseline,ALL,1.0287793184535905,0.1316710558138285
od_baseline,ALL,1.028849419582171,0.1333460976898754
od_baseline,ALL,1.0305989924603034,0.1351286288841713
od_baseline,ALL,1.0307973865679212,0.1368036707602182
od_baseline,ALL,1.0311620279340556,0.1384703374268849
od_baseline,ALL,1.0313241828588173,0.14025286862118078
od_baseline,ALL,1.0317653664466926,0.14203539981547667
od_baseline,ALL,1.0319462574886629,0.14381793100977258
od_baseline,ALL,1.0326923807361037,0.14549297288581947
od_baseline,ALL,1.0335922961038977,0.14727550408011536
od_baseline,ALL,1.0339023373329164,0.14895054595616228
od_baseline,ALL,1.0341335588765606,0.15073307715045817
od_baseline,ALL,1.0362560656557533,0.15240811902650508
od_baseline,ALL,1.0367530399049532,0.15419065022080097
od_baseline,ALL,1.036838787268559,0.1558656920968479
od_baseline,ALL,1.0369996703838735,0.15753235876351454
od_baseline,ALL,1.0371275306607377,0.15919902543018122
od_baseline,ALL,1.0371974616009605,0.1609815566244771
od_baseline,ALL,1.0377446164224082,0.16264822329114378
od_baseline,ALL,1.0379931472962567,0.16443075448543967
od_baseline,ALL,1.038184419977742,0.1662132856797356
od_baseline,ALL,1.0383998332232296,0.16788832755578245
od_baseline,ALL,1.0385121336017,0.16956336943182937
od_baseline,ALL,1.0390440949518591,0.17123003609849605
od_baseline,ALL,1.0393809784034311,0.17290507797454294
od_baseline,ALL,1.0399443407617286,0.17457174464120961
od_baseline,ALL,1.0408397110072654,0.17624678651725653
od_baseline,ALL,1.0415128248351302,0.17792182839330342
od_baseline,ALL,1.0420311666119668,0.17970435958759934
od_baseline,ALL,1.0423933723351826,0.18137102625426602
od_baseline,ALL,1.0429921885264914,0.18304606813031288
od_baseline,ALL,1.043378876865489,0.1847211100063598
od_baseline,ALL,1.0436139715090267,0.18638777667302645
od_baseline,ALL,1.0436385907584909,0.18806281854907336
od_baseline,ALL,1.0438448436489365,0.18973786042512028
od_baseline,ALL,1.0449189437656168,0.19152039161941614
od_baseline,ALL,1.0464824648882334,0.19318705828608285
od_baseline,ALL,1.0469554517077266,0.19485372495274947
od_baseline,ALL,1.047026850491697,0.19652039161941617
od_baseline,ALL,1.0473512293048797,0.19819543349546306
od_baseline,ALL,1.0482339601081276,0.19997796468975895
od_baseline,ALL,1.048469845001404,0.20165300656580584
od_baseline,ALL,1.0487052784614745,0.2033196732324725
od_baseline,ALL,1.0487109720760996,0.2049947151085194
od_baseline,ALL,1.0498396481841203,0.20677724630281533
od_baseline,ALL,1.0512132154704983,0.20855977749711122
od_baseline,ALL,1.0513936595034419,0.21034230869140713
od_baseline,ALL,1.051484022345179,0.21201735056745405
od_baseline,ALL,1.0553439471912318,0.21369239244350094
od_baseline,ALL,1.0553565933758444,0.21547492363779686
od_baseline,ALL,1.0553629405080447,0.21714159030446348
od_baseline,ALL,1.0564192698923172,0.2188166321805104
od_baseline,ALL,1.0573129325067083,0.22048329884717707
od_baseline,ALL,1.0602639387138473,0.22215834072322393
od_baseline,ALL,1.0616871673735504,0.22394087191751985
od_baseline,ALL,1.0622088434441497,0.22572340311181574
od_baseline,ALL,1.062706995562404,0.22739006977848242
od_baseline,ALL,1.063131457591579,0.2290567364451491
od_baseline,ALL,1.0640233947962323,0.23073177832119598
od_baseline,ALL,1.0659056227575099,0.23239844498786266
od_baseline,ALL,1.0667817998081084,0.23418097618215858
od_baseline,ALL,1.06733355535052,0.23596350737645447
od_baseline,ALL,1.068415345723721,0.23763854925250139
od_baseline,ALL,1.0688032480479557,0.23930521591916806
od_baseline,ALL,1.0695207936143307,0.24108774711346395
od_baseline,ALL,1.0705786865660587,0.2427544137801306
od_baseline,ALL,1.0716025902556885,0.24442945565617746
od_baseline,ALL,1.0738604036294086,0.24609612232284417
od_baseline,ALL,1.0742465810063277,0.24787865351714009
od_baseline,ALL,1.0763829460499614,0.24955369539318695
od_baseline,ALL,1.0768166961638286,0.2512287372692339
od_baseline,ALL,1.0783373252637887,0.25289540393590054
od_baseline,ALL,1.080880687979939,0.25456207060256725
od_baseline,ALL,1.0836698921790162,0.25622873726923384
od_baseline,ALL,1.0860329967607232,0.25789540393590055
od_baseline,ALL,1.0870096031373029,0.25957044581194744
od_baseline,ALL,1.089469851335278,0.2613529770062433
od_baseline,ALL,1.0918742479861947,0.2630280188822902
od_baseline,ALL,1.0937984658827296,0.2647030607583371
od_baseline,ALL,1.093833551585001,0.2663697274250038
od_baseline,ALL,1.0963145880699117,0.26803639409167046
od_baseline,ALL,1.0973918034103127,0.2697030607583371
od_baseline,ALL,1.097841665017008,0.27148559195263305
od_baseline,ALL,1.1345747972276334,0.27326812314692894
od_baseline,ALL,1.1356929716604425,0.27494316502297583
od_baseline,ALL,1.1473942122251188,0.27660983168964254
od_baseline,ALL,1.1566188597374085,0.2783923628839384
od_baseline,ALL,1.1575350430849156,0.2800590295506051
od_baseline,ALL,1.1750156199455895,0.281734071426652
od_baseline,ALL,1.1837710912522872,0.2834007380933186
od_baseline,ALL,1.1841002405877545,0.28507577996936556
od_baseline,ALL,1.1855291056518678,0.28675082184541245
od_baseline,ALL,1.1992585952833754,0.28853335303970834
od_baseline,ALL,1.1997163295844886,0.29020001970637505
od_baseline,ALL,1.2038212499984755,0.29187506158242194
od_baseline,ALL,1.2060391410818738,0.2935417282490886
od_baseline,ALL,1.2185581858693082,0.29521677012513553
od_baseline,ALL,1.2209561475628439,0.2968834367918021
od_baseline,ALL,1.2305632274693423,0.29855010345846883
od_baseline,ALL,1.2466149086804017,0.3002251453345157
od_baseline,ALL,1.2504044763740922,0.3019001872105626
od_baseline,ALL,1.251004499010637,0.30357522908660955
od_baseline,ALL,1.2522738400012903,0.30524189575327615
od_baseline,ALL,1.259281546436473,0.30690856241994285
od_baseline,ALL,1.2619244038818742,0.30869109361423874
od_baseline,ALL,1.2775174601277455,0.31047362480853463
od_baseline,ALL,1.2823181445162914,0.3121486666845816
od_baseline,ALL,1.293217085637786,0.31382370856062847
od_baseline,ALL,1.3009790967705186,0.3154903752272951
od_baseline,ALL,1.3042865716599845,0.317272906421591
od_baseline,ALL,1.3081219941223083,0.3189395730882577
od_baseline,ALL,1.3142046588713365,0.3207221042825536
od_baseline,ALL,1.3184904058965354,0.3225046354768495
od_baseline,ALL,1.3206537005132313,0.3241796773528964
od_baseline,ALL,1.3212349621146704,0.3258463440195631
od_baseline,ALL,1.3325894445186457,0.32762887521385897
od_baseline,ALL,1.3584863846234545,0.32930391708990586
od_baseline,ALL,1.3645277406170002,0.3309789589659528
od_baseline,ALL,1.3658768478067869,0.33276149016024864
od_baseline,ALL,1.368226457445938,0.3344365320362956
od_baseline,ALL,1.3747564659803462,0.3361031987029623
od_baseline,ALL,1.3782307390745145,0.3377698653696289
od_baseline,ALL,1.3827357146957089,0.33943653203629554
od_baseline,ALL,1.3848313375746346,0.3411115739123425
od_baseline,ALL,1.388344565406613,0.34289410510663837
od_baseline,ALL,1.3939210210611808,0.34456914698268526
od_baseline,ALL,1.4020442786360707,0.34635167817698115
od_baseline,ALL,1.4079838361635855,0.34802672005302804
od_baseline,ALL,1.4251499148812639,0.34969338671969474
od_baseline,ALL,1.4314999671640967,0.35136842859574163
od_baseline,ALL,1.4346200907042097,0.3531509597900375
od_baseline,ALL,1.435207183331959,0.35482600166608447
od_baseline,ALL,1.4388829788252728,0.35660853286038036
od_baseline,ALL,1.4421632882999638,0.3583910640546762
od_baseline,ALL,1.4464238236341402,0.36005773072134284
od_baseline,ALL,1.447914144659493,0.36184026191563873
od_baseline,ALL,1.4539801710287694,0.3635153037916857
od_baseline,ALL,1.4571655834409525,0.3652978349859816
od_baseline,ALL,1.4571814774836125,0.3669645016526482
od_baseline,ALL,1.4579912488840174,0.3686311683193149
od_baseline,ALL,1.463390386417918,0.37041369951361086
od_baseline,ALL,1.4678249116048927,0.3720887413896577
od_baseline,ALL,1.4775655179790084,0.37387127258395364
od_baseline,ALL,1.4843653473120553,0.3755463144600005
od_baseline,ALL,1.485970561473943,0.3772213563360474
od_baseline,ALL,1.4888904414866315,0.37888802300271407
od_baseline,ALL,1.489377464180574,0.38067055419700996
od_baseline,ALL,1.489833530649082,0.3823455960730569
od_baseline,ALL,1.4909780415620701,0.3840206379491038
od_baseline,ALL,1.4950388292066472,0.38568730461577044
od_baseline,ALL,1.4989561196470569,0.38735397128243715
od_baseline,ALL,1.4990708191645667,0.38913650247673304
od_baseline,ALL,1.5,0.38913650247673304
od_baseline,ALL,1.5021944794512674,0.39080316914339974
od_baseline,ALL,1.5085337756329507,0.39247821101944663
od_baseline,ALL,1.5114120573667669,0.3941448776861132
od_baseline,ALL,1.5133279534508872,0.39581991956216017
od_baseline,ALL,1.5139334477757014,0.3976024507564561
od_baseline,ALL,1.5174741360278285,0.3992691174231227
od_baseline,ALL,1.5176104489434707,0.40094415929916966
od_baseline,ALL,1.522229143422608,0.4026108259658363
od_baseline,ALL,1.5249803599794869,0.4043933571601322
od_baseline,ALL,1.525426340517576,0.40617588835442814
od_baseline,ALL,1.5262233169123465,0.4078509302304751
od_baseline,ALL,1.5338379065108854,0.4096334614247709
od_baseline,ALL,1.5346527455325951,0.41130850330081775
od_baseline,ALL,1.535140625060227,0.4129835451768647
od_baseline,ALL,1.537540435981581,0.41465858705291164
od_baseline,ALL,1.5385191548627397,0.41633362892895853
od_baseline,ALL,1.5389384589224673,0.4180086708050054
od_baseline,ALL,1.5439929544352595,0.4197912019993013
od_baseline,ALL,1.544337998958751,0.42145786866596796
od_baseline,ALL,1.5465714361125382,0.4231329105420149
od_baseline,ALL,1.5489068462153304,0.4247995772086816
od_baseline,ALL,1.550310573080523,0.4265821084029775
od_baseline,ALL,1.5514208463344061,0.4282571502790244
od_baseline,ALL,1.5585686851607696,0.4299321921550712
od_baseline,ALL,1.5597893104373168,0.4316072340311181
od_baseline,ALL,1.5687565907897454,0.4332822759071651
od_baseline,ALL,1.5719449336201303,0.43494894257383176
od_baseline,ALL,1.5720946557449254,0.4367314737681276
od_baseline,ALL,1.5732739568650613,0.4383981404347943
od_baseline,ALL,1.5747528774063144,0.4400731823108412
od_baseline,ALL,1.5793208465332391,0.4417398489775078
od_baseline,ALL,1.5793995933037335,0.44352238017180373
od_baseline,ALL,1.5840310701747395,0.4453049113660996
od_baseline,ALL,1.5867817777442095,0.44697995324214657
od_baseline,ALL,1.5880177657692942,0.44876248443644245
od_baseline,ALL,1.5883720886771822,0.45043752631248934
od_baseline,ALL,1.5886664488206284,0.45222005750678523
od_baseline,ALL,1.5907884860346335,0.4538950993828322
od_baseline,ALL,1.59110579514441,0.45557014125887907
od_baseline,ALL,1.5914023303099833,0.45735267245317496
od_baseline,ALL,1.5920939509164018,0.45902771432922185
od_baseline,ALL,1.592540858287327,0.46069438099588855
od_baseline,ALL,1.5930613811342114,0.46247691219018444
od_baseline,ALL,1.5931262413363918,0.46415195406623133
od_baseline,ALL,1.5960743859914603,0.4658269959422783
od_baseline,ALL,1.5966225773842129,0.4674936626089449
od_baseline,ALL,1.5973515115279024,0.46916032927561163
od_baseline,ALL,1.5973965749542802,0.4708269959422782
od_baseline,ALL,1.598067454325827,0.47249366260894493
od_baseline,ALL,1.6026132372322035,0.4741603292756116
od_baseline,ALL,1.6028333321049204,0.47594286046990747
od_baseline,ALL,1.6028846276932918,0.4776095271365742
od_baseline,ALL,1.6087508020102501,0.47928456901262106
od_baseline,ALL,1.6098761905637191,0.48095961088866795
od_baseline,ALL,1.6109228497034986,0.48262627755533466
od_baseline,ALL,1.611124095885825,0.48429294422200125
od_baseline,ALL,1.6132889155032053,0.48595961088866796
od_baseline,ALL,1.6164256606323775,0.48763465276471485
od_baseline,ALL,1.6188436554381087,0.4893096946407618
od_baseline,ALL,1.6226952934853138,0.4909847365168087
od_baseline,ALL,1.6257200607291566,0.4927672677111046
od_baseline,ALL,1.6265747598817724,0.4944339343777712
od_baseline,ALL,1.6279330756253518,0.4962164655720671
od_baseline,ALL,1.628714278246443,0.49788313223873376
od_baseline,ALL,1.6311476321587528,0.49966566343302965
od_baseline,ALL,1.633658861541527,0.5013323300996964
od_baseline,ALL,1.6340998542888054,0.5030073719757432
od_baseline,ALL,1.6382706329932857,0.5046824138517901
od_baseline,ALL,1.638590562448879,0.5063490805184567
od_baseline,ALL,1.6395624737859813,0.5080157471851234
od_baseline,ALL,1.6471368363873338,0.5096824138517901
od_baseline,ALL,1.6480634412087496,0.5113490805184567
od_baseline,ALL,1.6508731579986244,0.5130241223945037
od_baseline,ALL,1.6510380511396539,0.5146907890611704
od_baseline,ALL,1.6552596566627549,0.5163574557278371
od_baseline,ALL,1.6557628232796715,0.5181399869221329
od_baseline,ALL,1.656088581571919,0.5199225181164289
od_baseline,ALL,1.6569489118184384,0.5215975599924757
od_baseline,ALL,1.657701494656615,0.5232726018685226
od_baseline,ALL,1.661236166581161,0.5249392685351894
od_baseline,ALL,1.667036135149573,0.5266143104112363
od_baseline,ALL,1.6714970285923851,0.5282893522872831
od_baseline,ALL,1.6722529960036818,0.5300718834815791
od_baseline,ALL,1.672353821553352,0.5318544146758749
od_baseline,ALL,1.6789232866759807,0.5336369458701709
od_baseline,ALL,1.68454396035212,0.5354194770644668
od_baseline,ALL,1.692975412307966,0.5370861437311334
od_baseline,ALL,1.70034346872321,0.5388686749254292
od_baseline,ALL,1.705078315435423,0.5405353415920958
od_baseline,ALL,1.7066274013221259,0.5422103834681429
od_baseline,ALL,1.7141043583701014,0.5439929146624388
od_baseline,ALL,1.7147504447666213,0.5456595813291054
od_baseline,ALL,1.716540668279771,0.5473346232051522
od_baseline,ALL,1.7173527968412403,0.5491171543994482
od_baseline,ALL,1.7301812066199582,0.550792196275495
od_baseline,ALL,1.7301976083405017,0.5524588629421618
od_baseline,ALL,1.7368848416987588,0.5541255296088284
od_baseline,ALL,1.7397437112940315,0.5559080608031244
od_baseline,ALL,1.7518937051907544,0.557574727469791
od_baseline,ALL,1.752582764996171,0.5592497693458379
od_baseline,ALL,1.7600875987348392,0.5610323005401338
od_baseline,ALL,1.7618238509663293,0.5627073424161807
od_baseline,ALL,1.7623809527854046,0.5643740090828474
od_baseline,ALL,1.7699579631607996,0.5661565402771432
od_baseline,ALL,1.7719498425610332,0.5678315821531902
od_baseline,ALL,1.7909610105859184,0.5696141133474861
od_baseline,ALL,1.7910151636210705,0.5712807800141527
od_baseline,ALL,1.795731024733352,0.5729474466808194
od_baseline,ALL,1.8142302265732846,0.574614113347486
od_baseline,ALL,3.588658678248402,0.5762807800141527
od_baseline,ALL,3.6475299030646493,0.5780633112084487
od_baseline,ALL,3.784529142971267,0.5798458424027445
od_baseline,ALL,3.9324110086428465,0.5815208842787915
od_baseline,ALL,3.9716244688407336,0.5831875509454582
od_baseline,ALL,3.9770578984558584,0.584862592821505
od_baseline,ALL,4.043224658759007,0.5866451240158009
od_baseline,ALL,4.045678068690378,0.5884276552100968
od_baseline,ALL,4.062693620815816,0.5901026970861437
od_baseline,ALL,4.069125149043613,0.5917777389621907
od_baseline,ALL,4.109652770445076,0.5934444056288574
od_baseline,ALL,4.148782079007436,0.595111072295524
od_baseline,ALL,4.157262212722439,0.5968936034898199
od_baseline,ALL,4.169414867891357,0.5985602701564865
od_baseline,ALL,4.219340661660441,0.6002353120325333
od_baseline,ALL,4.228347255639507,0.6019103539085804
od_baseline,ALL,4.234373670914471,0.603577020575247
od_baseline,ALL,4.25516626849901,0.6052436872419137
od_baseline,ALL,4.291162236960939,0.6070262184362095
od_baseline,ALL,4.315375562126676,0.6087012603122565
od_baseline,ALL,4.325253914190719,0.6103763021883034
od_baseline,ALL,4.391131626695471,0.6120429688549701
od_baseline,ALL,4.4255906378524505,0.6137096355216367
od_baseline,ALL,4.441648636130137,0.6153846773976835
od_baseline,ALL,4.445811692481892,0.6171672085919795
od_baseline,ALL,4.452194668947382,0.6188422504680263
od_baseline,ALL,4.467399763974554,0.6206247816623223
od_baseline,ALL,4.494391090755599,0.6222914483289891
od_baseline,ALL,4.50015053480576,0.6239664902050359
od_baseline,ALL,4.501470689427903,0.6256415320810828
od_baseline,ALL,4.555361605665394,0.6273081987477495
od_baseline,ALL,4.602901551466234,0.6289832406237964
od_baseline,ALL,4.614400598853436,0.6306582824998433
od_baseline,ALL,4.6248265868185845,0.6323249491665099
od_baseline,ALL,4.645559391598695,0.6339916158331765
od_baseline,ALL,4.647109157296723,0.6356666577092235
od_baseline,ALL,4.647337086351307,0.6374491889035193
od_baseline,ALL,4.659581191591477,0.639115855570186
od_baseline,ALL,4.6746510706406585,0.6407825222368527
od_baseline,ALL,4.7275411664451115,0.6425650534311486
od_baseline,ALL,4.804185311844078,0.6442317200978153
od_baseline,ALL,4.807883522573238,0.645898386764482
od_baseline,ALL,4.810710689866842,0.6475650534311487
od_baseline,ALL,4.820762844528421,0.6493475846254445
od_baseline,ALL,4.826416943541597,0.6510142512921112
od_baseline,ALL,4.874409034683753,0.6526809179587778
od_baseline,ALL,4.905855580530681,0.6543559598348248
od_baseline,ALL,4.90908135161508,0.6561384910291207
od_baseline,ALL,4.934102726646719,0.6579210222234165
od_baseline,ALL,4.939699907628557,0.6597035534177125
od_baseline,ALL,4.969475637487142,0.6613785952937593
od_baseline,ALL,4.970684122816293,0.663045261960426
od_baseline,ALL,4.972554264958002,0.6647119286270926
od_baseline,ALL,4.978022141934127,0.6664944598213886
od_baseline,ALL,4.984718369863513,0.6681611264880553
od_baseline,ALL,5.0016505947987175,0.6698361683641022
od_baseline,ALL,5.024725533870362,0.671618699558398
od_baseline,ALL,5.0263923466036236,0.673401230752694
od_baseline,ALL,5.039145763958706,0.6751837619469899
od_baseline,ALL,5.058382346250046,0.6768588038230368
od_baseline,ALL,5.058939120735639,0.6785338456990836
od_baseline,ALL,5.064427307168114,0.6802005123657503
od_baseline,ALL,5.065827351106634,0.6819830435600461
od_baseline,ALL,5.083919245850302,0.6836580854360932
od_baseline,ALL,5.0900641776335895,0.68533312731214
od_baseline,ALL,5.099266428003797,0.687115658506436
od_baseline,ALL,5.105596277660865,0.6887823251731026
od_baseline,ALL,5.1154972632389235,0.6904573670491495
od_baseline,ALL,5.121740995675908,0.6921240337158161
od_baseline,ALL,5.1333048564470385,0.6937990755918632
od_baseline,ALL,5.140223181672176,0.6954657422585298
od_baseline,ALL,5.142627052520432,0.6972482734528257
od_baseline,ALL,5.165296209547991,0.6990308046471215
od_baseline,ALL,5.165499897171933,0.7008133358414175
od_baseline,ALL,5.16550473054142,0.7024883777174643
od_baseline,ALL,5.1770096534245775,0.704155044384131
od_baseline,ALL,5.197593516362031,0.7059375755784268
od_baseline,ALL,5.204350966747603,0.7076042422450936
od_baseline,ALL,5.2128600034380925,0.7092709089117601
od_baseline,ALL,5.218463900899915,0.7110534401060561
od_baseline,ALL,5.243552361070704,0.712728481982103
od_baseline,ALL,5.246223177553729,0.714511013176399
od_baseline,ALL,5.2636520646549805,0.7161860550524458
od_baseline,ALL,5.282735551925057,0.7178610969284928
od_baseline,ALL,5.290446472317222,0.7196436281227886
od_baseline,ALL,5.3165664724563255,0.7214261593170845
od_baseline,ALL,5.326735190303596,0.7232086905113805
od_baseline,ALL,5.334191915751291,0.7248753571780471
od_baseline,ALL,5.340526833281915,0.7265503990540941
od_baseline,ALL,5.343297480399941,0.7282170657207607
od_baseline,ALL,5.343719851421243,0.7299995969150567
od_baseline,ALL,5.34662732327717,0.7316662635817233
od_baseline,ALL,5.357307267964255,0.7333413054577701
od_baseline,ALL,5.368948071353391,0.7351238366520659
od_baseline,ALL,5.370814924484655,0.7367905033187326
od_baseline,ALL,5.372620299139089,0.7385730345130286
od_baseline,ALL,5.388225658204631,0.7402397011796952
od_baseline,ALL,5.389510590650246,0.7420222323739912
od_baseline,ALL,5.401495947353843,0.7436972742500382
od_baseline,ALL,5.402633946196189,0.7454798054443339
od_baseline,ALL,5.422104453731511,0.7471548473203807
od_baseline,ALL,5.433590107971541,0.7488298891964278
od_baseline,ALL,5.435871152794619,0.7505049310724748
od_baseline,ALL,5.443713346684341,0.7522874622667706
od_baseline,ALL,5.45117228331954,0.7540699934610665
od_baseline,ALL,5.483717647923449,0.7558525246553623
od_baseline,ALL,5.491029230528681,0.7575275665314093
od_baseline,ALL,5.514457552287994,0.7592026084074561
od_baseline,ALL,5.528149790840218,0.7609851396017521
od_baseline,ALL,5.529373602066347,0.7627676707960479
od_baseline,ALL,5.535878737167377,0.7644343374627146
od_baseline,ALL,5.548207105576617,0.7661010041293813
od_baseline,ALL,5.548241714984837,0.7678835353236773
od_baseline,ALL,5.563458086765283,0.7695585771997241
od_baseline,ALL,5.564318347296592,0.771233619075771
od_baseline,ALL,5.595834344983097,0.7730161502700669
od_baseline,ALL,5.599824420894455,0.7746911921461138
od_baseline,ALL,5.607968499585371,0.7763662340221607
od_baseline,ALL,5.61355690674274,0.7780329006888275
od_baseline,ALL,5.618335456934217,0.7797079425648743
od_baseline,ALL,5.62063464172702,0.7813829844409211
od_baseline,ALL,5.643972372420091,0.7831655156352171
od_baseline,ALL,5.645094015114364,0.7848405575112639
od_baseline,ALL,5.646100004381039,0.7865072241779307
od_baseline,ALL,5.654163878935427,0.7881822660539776
od_baseline,ALL,5.662914785976302,0.7898489327206443
od_baseline,ALL,5.6706403696723156,0.7915155993873109
od_baseline,ALL,5.6791551999941285,0.7932981305816068
od_baseline,ALL,5.682745210978791,0.7949647972482735
od_baseline,ALL,5.683017284450532,0.7967473284425693
od_baseline,ALL,5.684785406926511,0.7984223703186162
od_baseline,ALL,5.691023890397499,0.8000974121946632
od_baseline,ALL,5.696238084205899,0.8017640788613298
od_baseline,ALL,5.712470625887032,0.8034391207373767
od_baseline,ALL,5.7185593794093315,0.8051057874040435
od_baseline,ALL,5.719661731881416,0.8067808292800903
od_baseline,ALL,5.722721975689155,0.8084558711561373
od_baseline,ALL,5.728243952256355,0.8102384023504331
od_baseline,ALL,5.735386952067468,0.8119050690170998
od_baseline,ALL,5.737408236511607,0.8135717356837665
od_baseline,ALL,5.741401119365786,0.8152384023504332
od_baseline,ALL,5.763553066671669,0.817020933544729
od_baseline,ALL,5.765077007058278,0.818803464739025
od_baseline,ALL,5.7918454972948625,0.8205859959333209
od_baseline,ALL,5.817256937041354,0.8222610378093678
od_baseline,ALL,5.835963240930511,0.8240435690036637
od_baseline,ALL,5.839879780827108,0.8258261001979595
od_baseline,ALL,5.840165171632635,0.8275011420740065
od_baseline,ALL,5.84120008387888,0.8291678087406731
od_baseline,ALL,5.84334773567946,0.8308344754073397
od_baseline,ALL,5.845311034698268,0.8325011420740064
od_baseline,ALL,5.858081880025065,0.8342836732683022
od_baseline,ALL,5.859037790501031,0.8359503399349689
od_baseline,ALL,5.86168277013323,0.8376170066016355
od_baseline,ALL,5.862820327011434,0.8392836732683021
od_baseline,ALL,5.864303954063135,0.8410662044625982
od_baseline,ALL,5.871455662514907,0.842848735656894
od_baseline,ALL,5.873644568336737,0.8445154023235607
od_baseline,ALL,5.882743588594335,0.8461820689902275
od_baseline,ALL,5.891089730711981,0.8478487356568941
od_baseline,ALL,5.901382597088436,0.8495154023235608
od_baseline,ALL,5.905810465489152,0.8511904441996077
od_baseline,ALL,5.910981684662135,0.8528654860756545
od_baseline,ALL,5.9265529380109125,0.8546480172699505
od_baseline,ALL,5.92697942889716,0.8563146839366172
od_baseline,ALL,5.9272303656016625,0.858097215130913
od_baseline,ALL,5.929453048694133,0.8598797463252089
od_baseline,ALL,5.943933370622295,0.8615547882012558
od_baseline,ALL,5.947344393034809,0.8632298300773028
od_baseline,ALL,5.95412769475936,0.8649048719533496
od_baseline,ALL,5.959752819809893,0.8665715386200162
od_baseline,ALL,5.961354792005271,0.8682382052866829
od_baseline,ALL,5.963204221582292,0.8700207364809788
od_baseline,ALL,5.963428815724838,0.8718032676752747
od_baseline,ALL,5.983498818137073,0.8735857988695707
od_baseline,ALL,5.983838664510785,0.8753683300638665
od_baseline,ALL,5.999395119312139,0.8771508612581624
od_baseline,ALL,5.9999735136083565,0.8789333924524584
od_baseline,ALL,6.008629035759407,0.880600059119125
od_baseline,ALL,6.0193030676153185,0.8822751009951718
od_baseline,ALL,6.0387400269374885,0.8839417676618386
od_baseline,ALL,6.039458580791517,0.8857242988561346
od_baseline,ALL,6.047781135406419,0.8873993407321814
od_baseline,ALL,6.060572034322322,0.8890743826082282
od_baseline,ALL,6.061094604037552,0.890741049274895
od_baseline,ALL,6.0664281191604195,0.8924077159415617
od_baseline,ALL,6.073980240663983,0.8940743826082284
od_baseline,ALL,6.093785769444509,0.8957494244842752
od_baseline,ALL,6.103552883520108,0.897416091150942
od_baseline,ALL,6.112750831641554,0.8991986223452377
od_baseline,ALL,6.119195737192556,0.9009811535395338
od_baseline,ALL,6.119536496097378,0.9026561954155806
od_baseline,ALL,6.121687966350004,0.9043312372916276
od_baseline,ALL,6.126993734732167,0.9061137684859234
od_baseline,ALL,6.143840869171667,0.9078962996802193
od_baseline,ALL,6.153896085959148,0.9096788308745153
od_baseline,ALL,6.155994347615069,0.9113538727505621
od_baseline,ALL,6.166205924323916,0.9131364039448581
od_baseline,ALL,6.1688517199422845,0.9148030706115247
od_baseline,ALL,6.17685002216462,0.9165856018058206
od_baseline,ALL,6.178248669136055,0.9182606436818674
od_baseline,ALL,6.179762159853655,0.9199356855579145
od_baseline,ALL,6.179911868558933,0.9216107274339613
od_baseline,ALL,6.186704882847661,0.9233932586282573
od_baseline,ALL,6.189095061203744,0.9250683005043041
od_baseline,ALL,6.204297677645302,0.9268508316986
od_baseline,ALL,6.252322829022561,0.9285174983652666
od_baseline,ALL,6.2525310814801305,0.9303000295595624
od_baseline,ALL,6.253992944342796,0.9319750714356094
od_baseline,ALL,6.255674386710278,0.9336501133116565
od_baseline,ALL,6.262117394098091,0.9353251551877033
od_baseline,ALL,6.264170498156716,0.9370001970637502
od_baseline,ALL,6.272318655941255,0.938782728258046
od_baseline,ALL,6.276489095114246,0.940565259452342
od_baseline,ALL,6.2819013663941075,0.9423477906466378
od_baseline,ALL,6.282172814060144,0.9441303218409337
od_baseline,ALL,6.283374981866688,0.9459128530352295
od_baseline,ALL,6.304902412696096,0.9475878949112765
od_baseline,ALL,6.316963468317939,0.9492545615779432
od_baseline,ALL,6.338243681250471,0.9509212282446099
od_baseline,ALL,6.365231756349981,0.9525962701206567
od_baseline,ALL,6.383440399809403,0.9543788013149527
od_baseline,ALL,6.390992825391733,0.9560538431909995
od_baseline,ALL,6.397663110406057,0.9577205098576663
od_baseline,ALL,6.419412566605712,0.9593955517337132
od_baseline,ALL,6.419911103038216,0.9611780829280091
od_baseline,ALL,6.4264289355042,0.9628447495946757
od_baseline,ALL,6.447151737727332,0.9645114162613423
od_baseline,ALL,6.4497162965715535,0.9662939474556382
od_baseline,ALL,6.453988689412901,0.967960614122305
od_baseline,ALL,6.454245302705288,0.9696272807889716
od_baseline,ALL,6.473407220790577,0.9714098119832674
od_baseline,ALL,6.475311503648778,0.9730848538593143
od_baseline,ALL,6.481750824131629,0.9747598957353613
od_baseline,ALL,6.507162227474614,0.9764349376114082
od_baseline,ALL,6.5220083409635015,0.9781016042780748
od_baseline,ALL,6.574396140909236,0.9797682709447416
od_baseline,ALL,6.576323401980008,0.9814349376114082
od_baseline,ALL,6.578055024233413,0.9832174688057042
od_baseline,ALL,6.592730976490293,0.985
od_baseline,ALL,6.624999035366144,0.9866666666666667
od_baseline,ALL,6.633848646216894,0.9883333333333333
od_baseline,ALL,6.637445850552629,0.9899999999999999
od_baseline,ALL,6.648307326868666,0.9916666666666667
od_baseline,ALL,6.656591550085661,0.9933333333333333
od_baseline,ALL,6.687698383548325,0.995
od_baseline,ALL,6.750055397625071,0.9966666666666667
od_baseline,ALL,6.78189464223733,0.9983333333333334
od_baseline,ALL,6.851750288873248,1.0
once,SS,0.9,0.0
once,SS,0.9999999999999648,0.2682058230838719
once,SS,0.9999999999999906,0.2774650823431311
once,SS,0.9999999999999908,0.28559516364394416
once,SS,1.0000000000000002,0.2941421721909527
once,SS,1.0000000000000586,0.5103015773747481
once,SS,1.0000000000000762,0.5195608366340073
once,SS,1.0000000000001046,0.7182092974775901
once,SS,1.0046455727046524,0.7267563060245988
once,SS,1.013726981906529,0.7348863873254118
once,SS,1.0140545219243131,0.7430164686262248
once,SS,1.014944185317484,0.752275727885484
once,SS,1.018632631768926,0.7615349871447433
once,SS,1.0202060589107738,0.7707942464040025
once,SS,1.0232344891295815,0.779341254951011
once,SS,1.0234139675779652,0.7874713362518241
once,SS,1.024928480740597,0.7960183447988326
once,SS,1.025762176206747,0.8041484260996455
once,SS,1.0300494017561357,0.8134076853589048
once,SS,1.0327401323362648,0.8215377666597178
once,SS,1.0386233552673392,0.8300847752067265
once,SS,1.0405605366249921,0.8393440344659857
once,SS,1.0461995867869591,0.8474741157667988
once,SS,1.0492216760783188,0.8556041970676117
once,SS,1.0518825092180046,0.8637342783684248
once,SS,1.0536678853586139,0.8722812869154333
once,SS,1.0538514069123426,0.8804113682162461
once,SS,1.058143027511569,0.8889583767632546
once,SS,1.0637274418401175,0.8975053853102634
once,SS,1.0665418188805744,0.9056354666110763
once,SS,1.0696130582759271,0.9148947258703356
once,SS,1.0932973272927426,0.9241539851295949
once,SS,1.1065078747797548,0.9334132443888542
once,SS,1.1105065359768196,0.9415433256896671
once,SS,1.1214163273448603,0.9496734069904802
once,SS,1.1400691146997093,0.9578034882912932
once,SS,1.1560467323557857,0.9670627475505524
once,SS,1.1977228677718506,0.9751928288513655
once,SS,1.2434517632136388,0.983739837398374
once,SS,1.2579392034177757,0.991869918699187
once,SS,1.5,0.991869918699187
once,SS,1.548017680959685,1.0
once,LS,0.9,0.0
once,LS,0.99999999999997,0.05239452155529001
once,LS,0.9999999999999932,0.11928179673376843
once,LS,0.999999999999997,0.1341039311211202
once,LS,0.9999999999999983,0.14167968869687778
once,LS,1.000745902833112,0.14943162668137389
once,LS,1.0018540593401128,0.1566780034929681
once,LS,1.0048857332790229,0.16442994147746423
once,LS,1.006626817786911,0.1720056990532218
once,LS,1.0072435744475678,0.17925207586481604
once,LS,1.0088265566586183,0.18649845267641021
once,LS,1.010907118572484,0.19374482948800442
once,LS,1.0110802028196944,0.20149676747250056
once,LS,1.0115089711479672,0.2087431442840947
once,LS,1.0121349709287213,0.21631890185985234
once,LS,1.016771868158509,0.22389465943560993
once,LS,1.0173232549078508,0.2314704170113675
once,LS,1.0180271987056349,0.2392223549958636
once,LS,1.020481312526686,0.2464687318074578
once,LS,1.0300418081806533,0.253715108619052
once,LS,1.0312283488025824,0.26146704660354814
once,LS,1.033833313993912,0.2690428041793057
once,LS,1.0367095343329324,0.2762891809908999
once,LS,1.0434158537314477,0.2835355578024941
once,LS,1.045150216863061,0.2912874957869902
once,LS,1.0472471820447213,0.29903943377148634
once,LS,1.049081617257737,0.3067913717559825
once,LS,1.049991257373824,0.31436712933174005
once,LS,1.0521968066428151,0.3219428869074976
once,LS,1.055665223999448,0.32918926371909185
once,LS,1.0574426323800998,0.33643564053068603
once,LS,1.0575768788040012,0.34418757851518217
once,LS,1.0577747752675875,0.3519395164996783
once,LS,1.0632070275379508,0.35969145448417444
once,LS,1.0675305364042342,0.367267212059932
once,LS,1.0679812612599866,0.3748429696356896
once,LS,1.0680897797234907,0.38241872721144715
once,LS,1.0729777046770999,0.3901706651959433
once,LS,1.076598325557132,0.3979226031804394
once,LS,1.0773174899951852,0.40567454116493556
once,LS,1.0809839336312888,0.4129209179765297
once,LS,1.0973039803194902,0.4201672947881239
once,LS,1.100780296089851,0.4277430523638815
once,LS,1.1093937555366746,0.4349894291754757
once,LS,1.1191251975249028,0.4425651867512333
once,LS,1.1225018566922336,0.4498115635628275
once,LS,1.1243109172444403,0.4570579403744217
once,LS,1.125402957135173,0.4643043171860159
once,LS,1.1316494196624434,0.4715506939976101
once,LS,1.1327624417640743,0.47930263198210615
once,LS,1.138408636988595,0.4865490087937004
once,LS,1.1387840771909425,0.49412476636945807
once,LS,1.1444744331057486,0.5013711431810521
once,LS,1.1488048125939048,0.5086175199926464
once,LS,1.1505770819090286,0.516193277568404
once,LS,1.1612907198106104,0.5237690351441615
once,LS,1.1639053064458535,0.5313447927199192
once,LS,1.1712402812701905,0.5390967307044152
once,LS,1.172222694901662,0.5463431075160093
once,LS,1.1724845806522408,0.553918865091767
once,LS,1.1913754735060604,0.5616708030762632
once,LS,1.192830454560543,0.5694227410607593
once,LS,1.2094913459548322,0.5771746790452554
once,LS,1.2116713196247053,0.5844210558568496
once,LS,1.2156674696821888,0.5916674326684438
once,LS,1.2217167459303198,0.5992431902442014
once,LS,1.2294408828105166,0.6069951282286975
once,LS,1.2342195427940872,0.6142415050402916
once,LS,1.240631531903602,0.6218172626160493
once,LS,1.2472654290855147,0.6293930201918069
once,LS,1.2541409165013822,0.6366393970034011
once,LS,1.262806615359712,0.6438857738149952
once,LS,1.2649498917311115,0.6516377117994914
once,LS,1.265945199854397,0.6593896497839875
once,LS,1.2669862065934496,0.6666360265955816
once,LS,1.2674697686353895,0.673882403407176
once,LS,1.2711321409165703,0.6814581609829334
once,LS,1.3017312804009435,0.6892100989674296
once,LS,1.3045635991200668,0.6969620369519257
once,LS,1.3089819556949258,0.7045377945276833
once,LS,1.3258419508386836,0.7122897325121794
once,LS,1.3288688093621521,0.719865490087937
once,LS,1.345959282728981,0.7274412476636946
once,LS,1.3498407954954392,0.7351931856481907
once,LS,1.3509177911917847,0.7429451236326868
once,LS,1.351933352967379,0.7501915004442811
once,LS,1.3550617620256482,0.7574378772558751
once,LS,1.3570659778757996,0.7651898152403712
once,LS,1.3653515738272481,0.7727655728161289
once,LS,1.37128944940209,0.780517510800625
once,LS,1.3725034539188086,0.7880932683763827
once,LS,1.3795300055222137,0.7953396451879767
once,LS,1.405229234121749,0.8030915831724729
once,LS,1.4078211052471663,0.8103379599840671
once,LS,1.410581181543664,0.8175843367956613
once,LS,1.4121559775042092,0.825160094371419
once,LS,1.4135509170429397,0.8324064711830131
once,LS,1.4209914467030198,0.8401584091675093
once,LS,1.4712769098264225,0.8479103471520054
once,LS,1.5,0.8479103471520054
once,LS,1.5280970919270014,0.855486104727763
once,LS,1.5345982527457613,0.8630618623035206
once,LS,1.5429354044464683,0.8708138002880167
once,LS,1.562017696098216,0.8785657382725128
once,LS,1.6103259793340776,0.8858121150841068
once,LS,1.6714453606812878,0.893564053068603
once,LS,1.692645597727128,0.9013159910530991
once,LS,1.6981427151808473,0.9088917486288568
once,LS,1.877588052743278,0.9166436866133529
once,LS,1.9686218084268616,0.9243956245978491
once,LS,2.020452430029246,0.9319713821736068
once,LS,2.04787179592035,0.9395471397493642
once,LS,2.0873045051071077,0.9467935165609584
once,LS,2.093085618573114,0.9545454545454546
once,LS,2.1443680658517597,0.962121212121212
once,LS,2.1925726009092514,0.9696969696969697
once,LS,2.2346277486108934,0.9772727272727272
once,LS,2.311577998170399,0.9848484848484849
once,LS,2.395868760862983,0.9924242424242425
once,LS,3.207206004021637,1.0
once,SL,0.9,0.0
once,SL,0.9999999999999943,0.09209751996637243
once,SL,0.9999999999999952,0.13754518705338378
once,SL,0.9999999999999969,0.23530054644808743
once,SL,0.9999999999999994,0.29015552753257673
once,SL,1.000000000000001,0.36140395124001684
once,SL,1.0000000000000022,0.4458259773013871
once,SL,1.0000000000000047,0.510601092896175
once,SL,1.00000000000001,0.5941572089113073
once,SL,1.000000000000012,0.5996216897856242
once,SL,1.000000000000016,0.6737873055905842
once,SL,1.0004023786344254,0.6789155107187894
once,SL,1.0005225947193175,0.6840437158469945
once,SL,1.0009479341049714,0.6891719209751997
once,SL,1.0017525523646587,0.6946364018495167
once,SL,1.0023200611067005,0.7013030685161832
once,SL,1.003191716639079,0.7067675493905003
once,SL,1.005445696774151,0.7134342160571668
once,SL,1.008650795306955,0.718562421185372
once,SL,1.008883407431252,0.7240269020596889
once,SL,1.0090350110015578,0.7291551071878941
once,SL,1.0093730595681556,0.7342833123160992
once,SL,1.0112024671692779,0.7397477931904161
once,SL,1.0129258951252271,0.7448759983186212
once,SL,1.0138064045489683,0.7515426649852879
once,SL,1.0156576678113336,0.7582093316519546
once,SL,1.0156793285689534,0.7636738125262715
once,SL,1.0163060968415918,0.7691382934005885
once,SL,1.0166817192419633,0.7746027742749054
once,SL,1.0180966550138089,0.7800672551492224
once,SL,1.0201690915723942,0.786733921815889
once,SL,1.020499212504868,0.7934005884825557
once,SL,1.022105156651164,0.8000672551492224
once,SL,1.0286438006983434,0.8051954602774275
once,SL,1.0290082564233607,0.8106599411517444
once,SL,1.0305089617307277,0.8157881462799496
once,SL,1.0344143298016475,0.8209163514081547
once,SL,1.0377261335177637,0.8260445565363598
once,SL,1.0382164647777932,0.8315090374106768
once,SL,1.0402222193044188,0.8381757040773433
once,SL,1.0415770655251437,0.8433039092055484
once,SL,1.048526130176436,0.8484321143337538
once,SL,1.0514109637273616,0.8538965952080706
once,SL,1.0550666639956754,0.8605632618747373
once,SL,1.055702457610741,0.8672299285414039
once,SL,1.055745698200795,0.872694409415721
once,SL,1.0657881938508371,0.8781588902900378
once,SL,1.0660268177108272,0.8836233711643547
once,SL,1.069923192676745,0.8890878520386717
once,SL,1.0818861206750499,0.8942160571668768
once,SL,1.1130934869982316,0.8996805380411939
once,SL,1.1234003698221575,0.904808743169399
once,SL,1.1270999879757067,0.9099369482976041
once,SL,1.1300126491401137,0.9166036149642708
once,SL,1.1332207782382162,0.9220680958385876
once,SL,1.1345400736253353,0.9275325767129047
once,SL,1.135213889296315,0.9326607818411098
once,SL,1.1451904633455148,0.9377889869693149
once,SL,1.1473057059096663,0.94291719209752
once,SL,1.150344207528298,0.9480453972257251
once,SL,1.1596854720827234,0.9531736023539302
once,SL,1.1879398901170475,0.9583018074821353
once,SL,1.2174703277896015,0.9634300126103404
once,SL,1.226787462631217,0.9685582177385456
once,SL,1.33091744588677,0.9736864228667508
once,SL,1.3510712650769765,0.9788146279949559
once,SL,1.4109651547964097,0.983942833123161
once,SL,1.417574913691377,0.989407313997478
once,SL,1.4981198959078215,0.9948717948717949
once,SL,1.5,0.9948717948717949
once,SL,1.6851750822738074,1.0
once,LL,0.9,0.0
once,LL,1.0000000000000016,0.005555555555555556
once,LL,1.000164831177291,0.011403508771929824
once,LL,1.0055917993082164,0.01695906432748538
once,LL,1.0160200614314299,0.022514619883040935
once,LL,1.0232192061312249,0.028362573099415204
once,LL,1.046795306994617,0.03391812865497076
once,LL,1.0493227865126942,0.03947368421052632
once,LL,1.052423532813565,0.04502923976608187
once,LL,1.0572136418419527,0.05058479532163743
once,LL,1.0591602636303885,0.056140350877192984
once,LL,1.0683962139996164,0.06198830409356725
once,LL,1.0745848743082542,0.06754385964912281
once,LL,1.0842923296511147,0.07339181286549708
once,LL,1.0864320841559008,0.07894736842105263
once,LL,1.0907023205973576,0.08479532163742691
once,LL,1.097754941398053,0.09035087719298245
once,LL,1.1029225055186038,0.09590643274853801
once,LL,1.1039061998545283,0.10146198830409354
once,LL,1.10416586153324,0.10730994152046784
once,LL,1.1051938556357555,0.11286549707602339
once,LL,1.1114778714093407,0.11842105263157894
once,LL,1.1173058666234512,0.12426900584795321
once,LL,1.1179886081981858,0.1301169590643275
once,LL,1.121739559057109,0.13567251461988303
once,LL,1.1217586396500243,0.1415204678362573
once,LL,1.1221700623113884,0.14707602339181286
once,LL,1.124814754367449,0.15263157894736842
once,LL,1.131947234716724,0.15818713450292396
once,LL,1.1350380295134492,0.16374269005847952
once,LL,1.1472853847052815,0.16959064327485382
once,LL,1.1483427968242674,0.17514619883040936
once,LL,1.1629919200502665,0.1807017543859649
once,LL,1.1646825434529262,0.18625730994152045
once,LL,1.1828806173189963,0.19181286549707602
once,LL,1.1836365827887585,0.19766081871345031
once,LL,1.184252863447389,0.20350877192982456
once,LL,1.1866514483372161,0.20935672514619882
once,LL,1.2071243584473481,0.21491228070175436
once,LL,1.2464994531338742,0.22046783625730995
once,LL,1.2749238561056389,0.2260233918128655
once,LL,1.278087853732911,0.23157894736842102
once,LL,1.2843775399143085,0.23713450292397656
once,LL,1.294059704237491,0.24298245614035086
once,LL,1.3108401252778137,0.24883040935672515
once,LL,1.3301139067824685,0.2546783625730994
once,LL,1.3454805425876295,0.260233918128655
once,LL,1.353574423469331,0.2657894736842105
once,LL,1.3714132081982655,0.2716374269005848
once,LL,1.3838499140928633,0.27748538011695906
once,LL,1.4168241808621933,0.28333333333333327
once,LL,1.4314048509531339,0.2888888888888889
once,LL,1.4324254768074365,0.29444444444444445
once,LL,1.4539252935387759,0.3
once,LL,1.4558573462367268,0.3055555555555555
once,LL,1.4933739204200889,0.3111111111111111
once,LL,1.5,0.3111111111111111
once,LL,1.5064619017067242,0.31666666666666665
once,LL,1.5066862848346516,0.3222222222222222
once,LL,1.5740748368941915,0.32807017543859646
once,LL,1.577312168467623,0.3336257309941521
once,LL,1.5997210004232498,0.33918128654970764
once,LL,1.6218387678390471,0.3447368421052632
once,LL,1.6421092560615618,0.3502923976608187
once,LL,1.6585656419820176,0.356140350877193
once,LL,1.6961974952642003,0.3616959064327485
once,LL,1.7356483779636915,0.3672514619883041
once,LL,1.7397225007696662,0.3730994152046783
once,LL,1.7417317261015353,0.37865497076023386
once,LL,1.75481229904209,0.3845029239766082
once,LL,1.7578211421816763,0.3900584795321637
once,LL,1.7923058463290593,0.3956140350877193
once,LL,1.7929370269533225,0.40116959064327484
once,LL,1.8019150081826312,0.4067251461988304
once,LL,1.8040623250569308,0.41257309941520465
once,LL,1.8130734904286283,0.4181286549707603
once,LL,1.8153627169314681,0.42368421052631583
once,LL,1.8189271802064282,0.42923976608187137
once,LL,1.8434183221478866,0.4347953216374269
once,LL,1.846521674026261,0.44064327485380117
once,LL,1.8765687630144878,0.44649122807017544
once,LL,1.8925363504544015,0.452046783625731
once,LL,1.9491576773865582,0.4576023391812865
once,LL,1.9538319166724551,0.46315789473684205
once,LL,2.006987215546766,0.46900584795321637
once,LL,2.0089159319384415,0.47485380116959064
once,LL,2.0767329035569007,0.4807017543859649
once,LL,2.088477545847685,0.48654970760233923
once,LL,2.132268684095956,0.4923976608187135
once,LL,2.176914137742242,0.49795321637426904
once,LL,2.181665079661848,0.5038011695906432
once,LL,2.189773759287153,0.5093567251461989
once,LL,2.197347691299729,0.5149122807017544
once,LL,2.2566896856944134,0.5207602339181286
once,LL,2.293674411207833,0.5263157894736842
once,LL,2.310300945877047,0.5318713450292397
once,LL,2.3185505871049776,0.537719298245614
once,LL,2.323903822692719,0.5435672514619884
once,LL,2.3424063465521874,0.5491228070175439
once,LL,2.39206371248293,0.5549707602339181
once,LL,2.429243206954346,0.5605263157894737
once,LL,2.4706372426949335,0.5660818713450292
once,LL,2.4818510006793404,0.5716374269005848
once,LL,2.5049704360403147,0.5774853801169592
once,LL,2.5323255146485306,0.5830409356725147
once,LL,2.5346825299830567,0.5885964912280702
once,LL,2.563116678642179,0.5944444444444444
once,LL,2.5852780773805923,0.6
once,LL,2.606481860818487,0.6055555555555555
once,LL,2.6128506347613962,0.6114035087719297
once,LL,2.6334742066225743,0.6169590643274855
once,LL,2.660121689984911,0.6228070175438597
once,LL,2.6620452980698373,0.6283625730994152
once,LL,2.6878292606380905,0.6339181286549708
once,LL,2.7157461084264956,0.6394736842105263
once,LL,2.7387328631797323,0.6453216374269006
once,LL,2.748723804361178,0.651169590643275
once,LL,2.7585564100589743,0.6570175438596492
once,LL,2.7667833985076222,0.6625730994152047
once,LL,2.77390701476555,0.6681286549707602
once,LL,2.8075277845670605,0.6736842105263158
once,LL,2.82786343422466,0.6792397660818713
once,LL,2.8627616541735024,0.6847953216374268
once,LL,2.888743526733575,0.6906432748538011
once,LL,2.921404805722236,0.6961988304093567
once,LL,2.9462242599045187,0.7017543859649124
once,LL,2.9953160142517414,0.7076023391812866
once,LL,3.0604876048202208,0.7131578947368421
once,LL,3.0634794693727585,0.7190058479532163
once,LL,3.0825743986389518,0.7245614035087719
once,LL,3.1040762868676564,0.7301169590643274
once,LL,3.105042598148269,0.7356725146198829
once,LL,3.1145062923185383,0.7412280701754385
once,LL,3.1300142881105457,0.7467836257309942
once,LL,3.140271666394638,0.7526315789473684
once,LL,3.1792348283302863,0.758187134502924
once,LL,3.2192045937433935,0.7640350877192983
once,LL,3.2220221853906654,0.7695906432748538
once,LL,3.242384248081405,0.7751461988304094
once,LL,3.261350803229917,0.7807017543859649
once,LL,3.3025237739336397,0.7862573099415204
once,LL,3.304166258334927,0.791812865497076
once,LL,3.3065151941876563,0.7973684210526315
once,LL,3.30717228911687,0.802923976608187
once,LL,3.320138731539057,0.8084795321637427
once,LL,3.3459318090764505,0.8140350877192982
once,LL,3.3569332114993786,0.8198830409356725
once,LL,3.3843769366787,0.8257309941520469
once,LL,3.408818761798918,0.8312865497076024
once,LL,3.444070261205361,0.8368421052631579
once,LL,3.500498570167109,0.8423976608187135
once,LL,3.594971024116537,0.847953216374269
once,LL,3.6168020703655763,0.8535087719298246
once,LL,3.6306227781714666,0.8590643274853802
once,LL,3.6355573215794417,0.8649122807017545
once,LL,3.7293034174274737,0.8704678362573101
once,LL,3.7695646652822865,0.8760233918128656
once,LL,3.8396217951833926,0.8815789473684211
once,LL,3.841367115728845,0.8871345029239767
once,LL,3.8424266274058554,0.8926900584795322
once,LL,3.8938875770088326,0.8985380116959064
once,LL,3.979509299376586,0.904093567251462
once,LL,4.011923500482935,0.9096491228070175
once,LL,4.017680478841503,0.915204678362573
once,LL,4.050754341192614,0.9207602339181286
once,LL,4.0696826556532635,0.9263157894736841
once,LL,4.106882067671075,0.9318713450292396
once,LL,4.228967063200905,0.9377192982456141
once,LL,4.303108620157575,0.9435672514619883
once,LL,4.36628363046316,0.9491228070175438
once,LL,4.399612375096277,0.9546783625730993
once,LL,4.4290283581089245,0.9602339181286549
once,LL,4.564086221065202,0.9657894736842105
once,LL,4.62831569342056,0.9713450292397661
once,LL,4.67585289741313,0.9769005847953216
once,LL,4.712303491318437,0.9824561403508771
once,LL,4.726749930627256,0.9883040935672515
once,LL,5.255424841197872,0.9941520467836257
once,LL,5.270286876532773,1.0
once,ALL,0.9,0.0
once,ALL,0.9999999999999648,0.05139573070607553
once,ALL,0.99999999999997,0.06302377911573313
once,ALL,0.9999999999999906,0.06466581524052789
once,ALL,0.9999999999999908,0.06625311682782947
once,ALL,0.9999999999999932,0.08116523748707656
once,ALL,0.9999999999999943,0.10782703886152162
once,ALL,0.9999999999999952,0.12109712339597396
once,ALL,0.9999999999999969,0.14935838958827466
once,ALL,0.999999999999997,0.15258772730037098
once,ALL,0.9999999999999983,0.15417502888767257
once,ALL,0.9999999999999994,0.16950678100103386
once,ALL,1.0000000000000002,0.17127044943136896
once,ALL,1.000000000000001,0.19152830991911451
once,ALL,1.0000000000000016,0.1931156115064161
once,ALL,1.0000000000000022,0.2178495408380466
once,ALL,1.0000000000000047,0.2363011615885179
once,ALL,1.00000000000001,0.26096819315210124
once,ALL,1.000000000000012,0.2626102292768959
once,ALL,1.000000000000016,0.28416955543392325
once,ALL,1.0000000000000586,0.32635163899531716
once,ALL,1.0000000000000762,0.32799367512011196
once,ALL,1.0000000000001046,0.36647205497780205
once,ALL,1.000164831177291,0.3682357234081372
once,ALL,1.0004023786344254,0.3698230249954388
once,ALL,1.0005225947193175,0.37141032658274037
once,ALL,1.000745902833112,0.37317399501307547
once,ALL,1.0009479341049714,0.37476129660037705
once,ALL,1.0017525523646587,0.37640333272517185
once,ALL,1.0018540593401128,0.37804536884996653
once,ALL,1.0023200611067005,0.37980903728030163
once,ALL,1.003191716639079,0.38145107340509643
once,ALL,1.0046455727046524,0.38321474183543147
once,ALL,1.0048857332790229,0.38497841026576657
once,ALL,1.005445696774151,0.3867420786961017
once,ALL,1.0055917993082164,0.3883293802834033
once,ALL,1.006626817786911,0.3899166818707049
once,ALL,1.0072435744475678,0.3915587179954996
once,ALL,1.008650795306955,0.3931460195828012
once,ALL,1.0088265566586183,0.39478805570759595
once,ALL,1.008883407431252,0.39643009183239064
once,ALL,1.0090350110015578,0.3980173934196922
once,ALL,1.0093730595681556,0.3996046950069938
once,ALL,1.010907118572484,0.4012467311317886
once,ALL,1.0110802028196944,0.4030103995621237
once,ALL,1.0112024671692779,0.4046524356869184
once,ALL,1.0115089711479672,0.4062944718117132
once,ALL,1.0121349709287213,0.40788177339901477
once,ALL,1.0129258951252271,0.40946907498631635
once,ALL,1.013726981906529,0.41105637657361793
once,ALL,1.0138064045489683,0.412820045003953
once,ALL,1.0140545219243131,0.4144073465912546
once,ALL,1.014944185317484,0.41604938271604935
once,ALL,1.0156576678113336,0.41781305114638445
once,ALL,1.0156793285689534,0.41945508727117925
once,ALL,1.0160200614314299,0.42109712339597394
once,ALL,1.0163060968415918,0.42273915952076874
once,ALL,1.0166817192419633,0.4243811956455634
once,ALL,1.016771868158509,0.425968497232865
once,ALL,1.0173232549078508,0.4275557988201666
once,ALL,1.0180271987056349,0.4293194672505017
once,ALL,1.0180966550138089,0.4309615033752965
once,ALL,1.018632631768926,0.43260353950009117
once,ALL,1.0201690915723942,0.4343672079304263
once,ALL,1.0202060589107738,0.43600924405522107
once,ALL,1.020481312526686,0.4376512801800158
once,ALL,1.020499212504868,0.4394149486103509
once,ALL,1.022105156651164,0.44117861704068595
once,ALL,1.0232192061312249,0.44294228547102105
once,ALL,1.0232344891295815,0.4447059539013562
once,ALL,1.0234139675779652,0.4462932554886578
once,ALL,1.024928480740597,0.4480569239189929
once,ALL,1.025762176206747,0.44964422550629446
once,ALL,1.0286438006983434,0.45123152709359604
once,ALL,1.0290082564233607,0.45287356321839073
once,ALL,1.0300418081806533,0.45451559934318553
once,ALL,1.0300494017561357,0.4561576354679803
once,ALL,1.0305089617307277,0.4577449370552819
once,ALL,1.0312283488025824,0.459508605485617
once,ALL,1.0327401323362648,0.4610959070729186
once,ALL,1.033833313993912,0.46268320866022017
once,ALL,1.0344143298016475,0.46427051024752175
once,ALL,1.0367095343329324,0.46591254637231644
once,ALL,1.0377261335177637,0.467499847959618
once,ALL,1.0382164647777932,0.4691418840844128
once,ALL,1.0386233552673392,0.4709055525147479
once,ALL,1.0402222193044188,0.47266922094508307
once,ALL,1.0405605366249921,0.47431125706987776
once,ALL,1.0415770655251437,0.47589855865717934
once,ALL,1.0434158537314477,0.47754059478197414
once,ALL,1.045150216863061,0.47930426321230923
once,ALL,1.0461995867869591,0.4808915647996108
once,ALL,1.046795306994617,0.4825336009244055
once,ALL,1.0472471820447213,0.48429726935474066
once,ALL,1.048526130176436,0.48588457094204224
once,ALL,1.049081617257737,0.48764823937237733
once,ALL,1.0492216760783188,0.4892355409596789
once,ALL,1.0493227865126942,0.4908775770844736
once,ALL,1.049991257373824,0.4924648786717752
once,ALL,1.0514109637273616,0.49410691479657
once,ALL,1.0518825092180046,0.49569421638387157
once,ALL,1.0521968066428151,0.49728151797117315
once,ALL,1.052423532813565,0.49892355409596795
once,ALL,1.0536678853586139,0.5006872225263029
once,ALL,1.0538514069123426,0.5022745241136045
once,ALL,1.0550666639956754,0.5040381925439397
once,ALL,1.055665223999448,0.5056802286687344
once,ALL,1.055702457610741,0.5074438970990696
once,ALL,1.055745698200795,0.5090859332238642
once,ALL,1.0572136418419527,0.5107279693486589
once,ALL,1.0574426323800998,0.5123700054734538
once,ALL,1.0575768788040012,0.5141336739037888
once,ALL,1.0577747752675875,0.515897342334124
once,ALL,1.058143027511569,0.517661010764459
once,ALL,1.0591602636303885,0.5193030468892538
once,ALL,1.0632070275379508,0.5210667153195888
once,ALL,1.0637274418401175,0.522830383749924
once,ALL,1.0657881938508371,0.5244724198747187
once,ALL,1.0660268177108272,0.5261144559995135
once,ALL,1.0665418188805744,0.527701757586815
once,ALL,1.0675305364042342,0.5292890591741166
once,ALL,1.0679812612599866,0.5308763607614182
once,ALL,1.0680897797234907,0.5324636623487198
once,ALL,1.0683962139996164,0.5342273307790549
once,ALL,1.0696130582759271,0.5358693669038497
once,ALL,1.069923192676745,0.5375114030286444
once,ALL,1.0729777046770999,0.5392750714589795
once,ALL,1.0745848743082542,0.5409171075837742
once,ALL,1.076598325557132,0.5426807760141094
once,ALL,1.0773174899951852,0.5444444444444444
once,ALL,1.0809839336312888,0.5460864805692391
once,ALL,1.0818861206750499,0.5476737821565407
once,ALL,1.0842923296511147,0.5494374505868759
once,ALL,1.0864320841559008,0.5510794867116706
once,ALL,1.0907023205973576,0.5528431551420057
once,ALL,1.0932973272927426,0.5544851912668004
once,ALL,1.0973039803194902,0.5561272273915953
once,ALL,1.097754941398053,0.55776926351639
once,ALL,1.100780296089851,0.5593565651036916
once,ALL,1.1029225055186038,0.5609986012284862
once,ALL,1.1039061998545283,0.562640637353281
once,ALL,1.10416586153324,0.5644043057836162
once,ALL,1.1051938556357555,0.566046341908411
once,ALL,1.1065078747797548,0.5676883780332056
once,ALL,1.1093937555366746,0.5693304141580003
once,ALL,1.1105065359768196,0.5709177157453019
once,ALL,1.1114778714093407,0.5725597518700968
once,ALL,1.1130934869982316,0.5742017879948915
once,ALL,1.1173058666234512,0.5759654564252266
once,ALL,1.1179886081981858,0.5777291248555617
once,ALL,1.1191251975249028,0.5793164264428633
once,ALL,1.1214163273448603,0.5809037280301649
once,ALL,1.121739559057109,0.5825457641549595
once,ALL,1.1217586396500243,0.5843094325852946
once,ALL,1.1221700623113884,0.5859514687100894
once,ALL,1.1225018566922336,0.5875935048348842
once,ALL,1.1234003698221575,0.5891808064221857
once,ALL,1.1243109172444403,0.5908228425469805
once,ALL,1.124814754367449,0.5924648786717753
once,ALL,1.125402957135173,0.59410691479657
once,ALL,1.1270999879757067,0.5956942163838715
once,ALL,1.1300126491401137,0.5974578848142067
once,ALL,1.1316494196624434,0.5990999209390013
once,ALL,1.131947234716724,0.6006872225263029
once,ALL,1.1327624417640743,0.6024508909566381
once,ALL,1.1332207782382162,0.6040929270814328
once,ALL,1.1345400736253353,0.6057349632062276
once,ALL,1.1350380295134492,0.6073769993310223
once,ALL,1.135213889296315,0.6089643009183239
once,ALL,1.138408636988595,0.6106063370431186
once,ALL,1.1387840771909425,0.6121936386304202
once,ALL,1.1400691146997093,0.6137809402177218
once,ALL,1.1444744331057486,0.6154229763425165
once,ALL,1.1451904633455148,0.6170102779298182
once,ALL,1.1472853847052815,0.6187739463601533
once,ALL,1.1473057059096663,0.6203612479474548
once,ALL,1.1483427968242674,0.6219485495347564
once,ALL,1.1488048125939048,0.6235905856595512
once,ALL,1.150344207528298,0.6251778872468527
once,ALL,1.1505770819090286,0.6267651888341543
once,ALL,1.1560467323557857,0.6284072249589491
once,ALL,1.1596854720827234,0.6299945265462507
once,ALL,1.1612907198106104,0.6315818281335522
once,ALL,1.1629919200502665,0.6331691297208538
once,ALL,1.1639053064458535,0.6347564313081554
once,ALL,1.1646825434529262,0.636343732895457
once,ALL,1.1712402812701905,0.638107401325792
once,ALL,1.172222694901662,0.6397494374505869
once,ALL,1.1724845806522408,0.6413367390378885
once,ALL,1.1828806173189963,0.6429787751626832
once,ALL,1.1836365827887585,0.6447424435930184
once,ALL,1.184252863447389,0.6465061120233534
once,ALL,1.1866514483372161,0.6482697804536885
once,ALL,1.1879398901170475,0.6498570820409901
once,ALL,1.1913754735060604,0.6516207504713253
once,ALL,1.192830454560543,0.6533844189016603
once,ALL,1.1977228677718506,0.6549717204889619
once,ALL,1.2071243584473481,0.6565590220762635
once,ALL,1.2094913459548322,0.6583226905065985
once,ALL,1.2116713196247053,0.6599647266313934
once,ALL,1.2156674696821888,0.661606762756188
once,ALL,1.2174703277896015,0.6631940643434896
once,ALL,1.2217167459303198,0.6647813659307912
once,ALL,1.226787462631217,0.6663686675180928
once,ALL,1.2294408828105166,0.6681323359484278
once,ALL,1.2342195427940872,0.6697743720732227
once,ALL,1.240631531903602,0.6713616736605242
once,ALL,1.2434517632136388,0.6731253420908593
once,ALL,1.2464994531338742,0.6747126436781609
once,ALL,1.2472654290855147,0.6762999452654624
once,ALL,1.2541409165013822,0.6779419813902572
once,ALL,1.2579392034177757,0.6795292829775588
once,ALL,1.262806615359712,0.6811713191023535
once,ALL,1.2649498917311115,0.6829349875326888
once,ALL,1.265945199854397,0.6846986559630238
once,ALL,1.2669862065934496,0.6863406920878186
once,ALL,1.2674697686353895,0.6879827282126133
once,ALL,1.2711321409165703,0.6895700297999149
once,ALL,1.2749238561056389,0.6912120659247095
once,ALL,1.278087853732911,0.6927993675120111
once,ALL,1.2843775399143085,0.694441403636806
once,ALL,1.294059704237491,0.696205072067141
once,ALL,1.3017312804009435,0.6979687404974761
once,ALL,1.3045635991200668,0.6997324089278112
once,ALL,1.3089819556949258,0.7013197105151128
once,ALL,1.3108401252778137,0.7030833789454478
once,ALL,1.3258419508386836,0.704847047375783
once,ALL,1.3288688093621521,0.7064343489630845
once,ALL,1.3301139067824685,0.7081980173934196
once,ALL,1.33091744588677,0.7097853189807212
once,ALL,1.3454805425876295,0.7113726205680228
once,ALL,1.345959282728981,0.7129599221553243
once,ALL,1.3498407954954392,0.7147235905856596
once,ALL,1.3509177911917847,0.7164872590159946
once,ALL,1.3510712650769765,0.7180745606032962
once,ALL,1.351933352967379,0.719716596728091
once,ALL,1.353574423469331,0.7213038983153925
once,ALL,1.3550617620256482,0.7229459344401873
once,ALL,1.3570659778757996,0.7247096028705226
once,ALL,1.3653515738272481,0.7262969044578241
once,ALL,1.37128944940209,0.7280605728881592
once,ALL,1.3714132081982655,0.7298242413184942
once,ALL,1.3725034539188086,0.7314115429057958
once,ALL,1.3795300055222137,0.7330535790305905
once,ALL,1.3838499140928633,0.7348172474609256
once,ALL,1.405229234121749,0.7365809158912606
once,ALL,1.4078211052471663,0.7382229520160554
once,ALL,1.410581181543664,0.7398649881408502
once,ALL,1.4109651547964097,0.7414522897281518
once,ALL,1.4121559775042092,0.7430395913154534
once,ALL,1.4135509170429397,0.7446816274402481
once,ALL,1.4168241808621933,0.7464452958705832
once,ALL,1.417574913691377,0.7480873319953779
once,ALL,1.4209914467030198,0.7498510004257132
once,ALL,1.4314048509531339,0.7514383020130148
once,ALL,1.4324254768074365,0.7530803381378095
once,ALL,1.4539252935387759,0.7547223742626041
once,ALL,1.4558573462367268,0.7563096758499057
once,ALL,1.4712769098264225,0.7580733442802409
once,ALL,1.4933739204200889,0.7596606458675425
once,ALL,1.4981198959078215,0.7613026819923371
once,ALL,1.5,0.7613026819923371
once,ALL,1.5064619017067242,0.7628899835796387
once,ALL,1.5066862848346516,0.7644772851669402
once,ALL,1.5280970919270014,0.7660645867542418
once,ALL,1.5345982527457613,0.7676518883415436
once,ALL,1.5429354044464683,0.7694155567718787
once,ALL,1.548017680959685,0.7710028583591803
once,ALL,1.562017696098216,0.7727665267895153
once,ALL,1.5740748368941915,0.7745301952198504
once,ALL,1.577312168467623,0.7761722313446451
once,ALL,1.5997210004232498,0.7777595329319467
once,ALL,1.6103259793340776,0.7794015690567414
once,ALL,1.6218387678390471,0.780988870644043
once,ALL,1.6421092560615618,0.7825761722313446
once,ALL,1.6585656419820176,0.7843398406616796
once,ALL,1.6714453606812878,0.7861035090920149
once,ALL,1.6851750822738074,0.7876908106793165
once,ALL,1.692645597727128,0.7894544791096515
once,ALL,1.6961974952642003,0.7910965152344462
once,ALL,1.6981427151808473,0.7926838168217478
once,ALL,1.7356483779636915,0.7942711184090494
once,ALL,1.7397225007696662,0.7960347868393846
once,ALL,1.7417317261015353,0.7976220884266861
once,ALL,1.75481229904209,0.7993857568570212
once,ALL,1.7578211421816763,0.801027792981816
once,ALL,1.7923058463290593,0.8026150945691176
once,ALL,1.7929370269533225,0.8042023961564192
once,ALL,1.8019150081826312,0.8058444322812139
once,ALL,1.8040623250569308,0.807608100711549
once,ALL,1.8130734904286283,0.8092501368363436
once,ALL,1.8153627169314681,0.8108921729611384
once,ALL,1.8189271802064282,0.8125342090859332
once,ALL,1.8434183221478866,0.814176245210728
once,ALL,1.846521674026261,0.815939913641063
once,ALL,1.8765687630144878,0.8177035820713981
once,ALL,1.877588052743278,0.8194672505017332
once,ALL,1.8925363504544015,0.8210545520890348
once,ALL,1.9491576773865582,0.8226965882138296
once,ALL,1.9538319166724551,0.8243386243386244
once,ALL,1.9686218084268616,0.8261022927689594
once,ALL,2.006987215546766,0.8278659611992945
once,ALL,2.0089159319384415,0.8296296296296296
once,ALL,2.020452430029246,0.8312169312169312
once,ALL,2.04787179592035,0.8328042328042328
once,ALL,2.0767329035569007,0.8345679012345678
once,ALL,2.0873045051071077,0.8362099373593627
once,ALL,2.088477545847685,0.8379736057896977
once,ALL,2.093085618573114,0.8397372742200329
once,ALL,2.132268684095956,0.8415009426503679
once,ALL,2.1443680658517597,0.8430882442376695
once,ALL,2.176914137742242,0.8446755458249711
once,ALL,2.181665079661848,0.8464392142553061
once,ALL,2.189773759287153,0.8480265158426077
once,ALL,2.1925726009092514,0.8496138174299093
once,ALL,2.197347691299729,0.8512011190172108
once,ALL,2.2346277486108934,0.8527884206045124
once,ALL,2.2566896856944134,0.8545520890348476
once,ALL,2.293674411207833,0.8561393906221492
once,ALL,2.310300945877047,0.8577266922094507
once,ALL,2.311577998170399,0.8593139937967523
once,ALL,2.3185505871049776,0.8610776622270874
once,ALL,2.323903822692719,0.8628413306574226
once,ALL,2.3424063465521874,0.8644286322447242
once,ALL,2.39206371248293,0.8661923006750593
once,ALL,2.395868760862983,0.8677796022623608
once,ALL,2.429243206954346,0.8693669038496624
once,ALL,2.4706372426949335,0.870954205436964
once,ALL,2.4818510006793404,0.8725962415617587
once,ALL,2.5049704360403147,0.8743599099920939
once,ALL,2.5323255146485306,0.8759472115793955
once,ALL,2.5346825299830567,0.8775892477041903
once,ALL,2.563116678642179,0.8793529161345254
once,ALL,2.5852780773805923,0.880940217721827
once,ALL,2.606481860818487,0.8825275193091285
once,ALL,2.6128506347613962,0.8842911877394636
once,ALL,2.6334742066225743,0.8859332238642583
once,ALL,2.660121689984911,0.8876968922945935
once,ALL,2.6620452980698373,0.8893389284193883
once,ALL,2.6878292606380905,0.890980964544183
once,ALL,2.7157461084264956,0.8926230006689776
once,ALL,2.7387328631797323,0.8943866690993127
once,ALL,2.748723804361178,0.8961503375296478
once,ALL,2.7585564100589743,0.8979140059599829
once,ALL,2.7667833985076222,0.8995013075472845
once,ALL,2.77390701476555,0.9010886091345861
once,ALL,2.8075277845670605,0.902730645259381
once,ALL,2.82786343422466,0.9043726813841757
once,ALL,2.8627616541735024,0.9059599829714773
once,ALL,2.888743526733575,0.9077236514018123
once,ALL,2.921404805722236,0.9093656875266071
once,ALL,2.9462242599045187,0.9109529891139087
once,ALL,2.9953160142517414,0.9127166575442439
once,ALL,3.0604876048202208,0.9143586936690385
once,ALL,3.0634794693727585,0.9161223620993736
once,ALL,3.0825743986389518,0.9177096636866752
once,ALL,3.1040762868676564,0.9192969652739768
once,ALL,3.105042598148269,0.9208842668612783
once,ALL,3.1145062923185383,0.9224715684485799
once,ALL,3.1300142881105457,0.9241136045733747
once,ALL,3.140271666394638,0.9258772730037097
once,ALL,3.1792348283302863,0.9274645745910113
once,ALL,3.207206004021637,0.929051876178313
once,ALL,3.2192045937433935,0.930815544608648
once,ALL,3.2220221853906654,0.9324028461959496
once,ALL,3.242384248081405,0.9339901477832512
once,ALL,3.261350803229917,0.9356321839080458
once,ALL,3.3025237739336397,0.9372742200328407
once,ALL,3.304166258334927,0.9389162561576354
once,ALL,3.3065151941876563,0.9405582922824302
once,ALL,3.30717228911687,0.9421455938697317
once,ALL,3.320138731539057,0.9437876299945266
once,ALL,3.3459318090764505,0.9454296661193213
once,ALL,3.3569332114993786,0.9471933345496564
once,ALL,3.3843769366787,0.9489570029799914
once,ALL,3.408818761798918,0.950544304567293
once,ALL,3.444070261205361,0.9521863406920877
once,ALL,3.500498570167109,0.9537736422793893
once,ALL,3.594971024116537,0.9554156784041842
once,ALL,3.6168020703655763,0.9570029799914858
once,ALL,3.6306227781714666,0.9586450161162805
once,ALL,3.6355573215794417,0.9604086845466155
once,ALL,3.7293034174274737,0.9619959861339172
once,ALL,3.7695646652822865,0.9635832877212188
once,ALL,3.8396217951833926,0.9652253238460134
once,ALL,3.841367115728845,0.9668673599708083
once,ALL,3.8424266274058554,0.968509396095603
once,ALL,3.8938875770088326,0.9702730645259381
once,ALL,3.979509299376586,0.9719151006507328
once,ALL,4.011923500482935,0.9735024022380344
once,ALL,4.017680478841503,0.975089703825336
once,ALL,4.050754341192614,0.9767317399501309
once,ALL,4.0696826556532635,0.9783737760749255
once,ALL,4.106882067671075,0.9799610776622271
once,ALL,4.228967063200905,0.9817247460925621
once,ALL,4.303108620157575,0.9834884145228973
once,ALL,4.36628363046316,0.985130450647692
once,ALL,4.399612375096277,0.9867177522349936
once,ALL,4.4290283581089245,0.9883050538222952
once,ALL,4.564086221065202,0.98994708994709
once,ALL,4.62831569342056,0.9915343915343916
once,ALL,4.67585289741313,0.9931216931216932
once,ALL,4.712303491318437,0.9947089947089948
once,ALL,4.726749930627256,0.9964726631393298
once,ALL,5.255424841197872,0.9982363315696648
once,ALL,5.270286876532773,1.0
