order,strategy,request_id,npu_id,role,admission_ms,completion_ms,ttft_ms,ideal_ms,ratio,slo_1p5_pass
random,asu_baseline,11,0,A,2097.9906494523925,2202.679533066162,104.68888361376958,48.19209238871334,2.1723249276947323,False
random,asu_baseline,12,0,B,2202.679533066162,2432.1968872453626,229.51735417920054,228.74273596704626,1.0033864166609683,True
random,asu_baseline,13,0,A,2432.1968872453626,2508.180664205832,75.98377696046919,48.19209238871334,1.5766855762889578,False
random,asu_baseline,14,0,B,2508.180664205832,2741.807744337181,233.62708013134898,228.74273596704626,1.0213530022872788,True
random,asu_baseline,15,0,B,2741.807744337181,2970.550480304228,228.74273596704734,228.74273596704626,1.0,True
random,asu_baseline,16,0,B,2970.550480304228,3199.2932162712755,228.74273596704734,228.74273596704626,1.0,True
random,asu_baseline,17,0,B,3199.2932162712755,3428.035952238323,228.74273596704734,228.74273596704626,1.0,True
random,asu_baseline,18,0,B,3428.035952238323,3656.77868820537,228.74273596704734,228.74273596704626,1.0,True
random,asu_baseline,19,0,B,3656.77868820537,3885.5214241724175,228.74273596704734,228.74273596704626,1.0,True
random,asu_baseline,20,0,B,3885.5214241724175,4114.264160139464,228.74273596704688,228.74273596704626,1.0,True
random,asu_baseline,1000011,1,A,2093.5687286760253,2195.0895062106933,101.52077753466801,48.19209238871334,2.1065858007535763,False
random,asu_baseline,1000012,1,B,2195.0895062106933,2427.4619324113783,232.3724262006849,228.74273596704626,1.0158680021828608,True
random,asu_baseline,1000013,1,A,2427.4619324113783,2501.517151022238,74.05521861085981,48.19209238871334,1.5366674269615994,False
random,asu_baseline,1000014,1,A,2501.517151022238,2604.9753266814178,103.45817565917969,48.19209238871334,2.1467873779933604,False
random,asu_baseline,1000015,1,A,2604.9753266814178,2724.1750031950896,119.19967651367188,48.19209238871334,2.47342812078416,False
random,asu_baseline,1000016,1,B,2724.1750031950896,2959.2371724377667,235.0621692426771,228.74273596704626,1.0276268151157433,True
random,asu_baseline,1000017,1,B,2959.2371724377667,3187.979908404814,228.74273596704734,228.74273596704626,1.0,True
random,asu_baseline,1000018,1,A,3187.979908404814,3249.3429644609764,61.36305605616235,48.19209238871334,1.2733013449844246,True
random,asu_baseline,1000019,1,B,3249.3429644609764,3479.6575903686926,230.31462590771616,228.74273596704626,1.0068718682323374,True
random,asu_baseline,1000020,1,A,3479.6575903686926,3617.888954451211,138.2313640825182,48.19209238871334,2.8683411993726216,False
random,asu_baseline,1000021,1,B,3617.888954451211,3857.7288794311926,239.8399249799818,228.74273596704626,1.0485138422692217,True
random,asu_baseline,1000022,1,B,3857.7288794311926,4086.47161539824,228.74273596704734,228.74273596704626,1.0,True
random,asu_baseline,2000011,2,B,2181.217089431395,2409.9598253984423,228.74273596704734,228.74273596704626,1.0,True
random,asu_baseline,2000012,2,B,2409.9598253984423,2638.7025613654896,228.74273596704734,228.74273596704626,1.0,True
random,asu_baseline,2000013,2,A,2638.7025613654896,2752.2943574431365,113.5917960776469,48.19209238871334,2.3570629629737816,False
random,asu_baseline,2000014,2,A,2752.2943574431365,2811.2378862554174,58.943528812280874,48.19209238871334,1.223095447627535,True
random,asu_baseline,2000015,2,B,2811.2378862554174,3039.9806222224647,228.74273596704734,228.74273596704626,1.0,True
random,asu_baseline,2000016,2,A,3039.9806222224647,3088.1727146111766,48.1920923887119,48.19209238871334,1.0,True
random,asu_baseline,2000017,2,B,3088.1727146111766,3316.915450578224,228.74273596704734,228.74273596704626,1.0,True
random,asu_baseline,2000018,2,A,3316.915450578224,3414.0013964678124,97.0859458895884,48.19209238871334,2.0145617481494966,False
random,asu_baseline,2000019,2,B,3414.0013964678124,3645.264356115763,231.26295964795054,228.74273596704626,1.0110177211540714,True
random,asu_baseline,2000020,2,B,3645.264356115763,3874.0070920828102,228.74273596704734,228.74273596704626,1.0,True
random,asu_baseline,2000021,2,B,3874.0070920828102,4102.749828049858,228.74273596704734,228.74273596704626,1.0,True
random,asu_baseline,3000011,3,B,2001.4355602878422,2243.3290893938,241.8935291059579,228.74273596704626,1.0574916317377887,True
random,asu_baseline,3000012,3,B,2243.3290893938,2472.0718253608475,228.74273596704734,228.74273596704626,1.0,True
random,asu_baseline,3000013,3,A,2472.0718253608475,2560.3734284880584,88.30160312721091,48.19209238871334,1.8322840688256,False
random,asu_baseline,3000014,3,B,2560.3734284880584,2794.809529615501,234.43610112744273,228.74273596704626,1.0248898184081205,True
random,asu_baseline,3000015,3,B,2794.809529615501,3023.5522655825484,228.74273596704734,228.74273596704626,1.0,True
random,asu_baseline,3000016,3,B,3023.5522655825484,3252.295001549596,228.74273596704734,228.74273596704626,1.0,True
random,asu_baseline,3000017,3,A,3252.295001549596,3344.7319109941795,92.43690944458376,48.19209238871334,1.9180928833509752,False
random,asu_baseline,3000018,3,B,3344.7319109941795,3578.5335516724035,233.80164067822398,228.74273596704626,1.0221161327365889,True
random,asu_baseline,3000019,3,A,3578.5335516724035,3725.7170184160545,147.18346674365102,48.19209238871334,3.0540999456193276,False
random,asu_baseline,3000020,3,B,3725.7170184160545,3969.348599890177,243.6315814741224,228.74273596704626,1.0650899161633753,True
random,asu_baseline,3000021,3,B,3969.348599890177,4198.091335857224,228.74273596704734,228.74273596704626,1.0,True
random,asu_baseline,4000012,4,A,2208.196367146488,2264.1542071643166,55.95784001782886,48.19209238871334,1.1611415326497478,True
random,asu_baseline,4000013,4,B,2264.1542071643166,2492.896943131364,228.74273596704734,228.74273596704626,1.0,True
random,asu_baseline,4000014,4,B,2492.896943131364,2721.6396790984113,228.74273596704734,228.74273596704626,1.0,True
random,asu_baseline,4000015,4,B,2721.6396790984113,2950.3824150654586,228.74273596704734,228.74273596704626,1.0,True
random,asu_baseline,4000016,4,A,2950.3824150654586,2998.5745074541705,48.1920923887119,48.19209238871334,1.0,True
random,asu_baseline,4000017,4,B,2998.5745074541705,3227.317243421218,228.74273596704734,228.74273596704626,1.0,True
random,asu_baseline,4000018,4,A,3227.317243421218,3308.498848250039,81.18160482882104,48.19209238871334,1.6845420234925075,False
random,asu_baseline,4000019,4,B,3308.498848250039,3542.2996496948645,233.80080144482554,228.74273596704626,1.0221124638401982,True
random,asu_baseline,4000020,4,B,3542.2996496948645,3771.042385661912,228.74273596704734,228.74273596704626,1.0,True
random,asu_baseline,4000021,4,B,3771.042385661912,3999.785121628959,228.74273596704734,228.74273596704626,1.0,True
random,asu_baseline,4000022,4,B,3999.785121628959,4228.5278575960065,228.74273596704734,228.74273596704626,1.0,True
random,asu_baseline,5000011,5,B,2007.2892132419438,2247.4404938127454,240.15128057080165,228.74273596704626,1.0498750028302493,True
random,asu_baseline,5000012,5,A,2247.4404938127454,2295.6325862014573,48.1920923887119,48.19209238871334,1.0,True
random,asu_baseline,5000013,5,B,2295.6325862014573,2524.3753221685047,228.74273596704734,228.74273596704626,1.0,True
random,asu_baseline,5000014,5,B,2524.3753221685047,2753.118058135552,228.74273596704734,228.74273596704626,1.0,True
random,asu_baseline,5000015,5,B,2753.118058135552,2981.8607941025994,228.74273596704734,228.74273596704626,1.0,True
random,asu_baseline,5000016,5,B,2981.8607941025994,3210.6035300696467,228.74273596704734,228.74273596704626,1.0,True
random,asu_baseline,5000017,5,B,3210.6035300696467,3439.346266036694,228.74273596704734,228.74273596704626,1.0,True
random,asu_baseline,5000018,5,B,3439.346266036694,3668.0890020037414,228.74273596704734,228.74273596704626,1.0,True
random,asu_baseline,5000019,5,B,3668.0890020037414,3896.8317379707887,228.74273596704734,228.74273596704626,1.0,True
random,asu_baseline,5000020,5,A,3896.8317379707887,3970.6296618486717,73.79792387788302,48.19209238871334,1.5313284860643777,False
random,asu_baseline,5000021,5,A,3970.6296618486717,4025.6640646326123,55.03440278394055,48.19209238871334,1.1419799401951198,True
random,asu_baseline,6000010,6,B,2091.4296282548858,2320.172364221933,228.74273596704734,228.74273596704626,1.0,True
random,asu_baseline,6000011,6,B,2320.172364221933,2548.9151001889804,228.74273596704734,228.74273596704626,1.0,True
random,asu_baseline,6000012,6,B,2548.9151001889804,2777.6578361560278,228.74273596704734,228.74273596704626,1.0,True
random,asu_baseline,6000013,6,B,2777.6578361560278,3006.400572123075,228.74273596704734,228.74273596704626,1.0,True
random,asu_baseline,6000014,6,B,3006.400572123075,3235.1433080901224,228.74273596704734,228.74273596704626,1.0,True
random,asu_baseline,6000015,6,B,3235.1433080901224,3463.88604405717,228.74273596704734,228.74273596704626,1.0,True
random,asu_baseline,6000016,6,B,3463.88604405717,3692.628780024217,228.74273596704734,228.74273596704626,1.0,True
random,asu_baseline,6000017,6,A,3692.628780024217,3835.388038923867,142.75925889964992,48.19209238871334,2.9622963399921676,False
random,asu_baseline,6000018,6,A,3835.388038923867,3936.598747542031,101.21070861816406,48.19209238871334,2.10015178012623,False
random,asu_baseline,6000019,6,B,3936.598747542031,4165.3599524292395,228.76120488720835,228.74273596704626,1.000080741012754,True
random,asu_baseline,7000010,7,A,2017.3886592556128,2141.640409531006,124.25175027539308,48.19209238871334,2.5782601276821304,False
random,asu_baseline,7000011,7,B,2141.640409531006,2377.4998505021986,235.85944097119273,228.74273596704626,1.0311122666871124,True
random,asu_baseline,7000012,7,B,2377.4998505021986,2606.242586469246,228.74273596704734,228.74273596704626,1.0,True
random,asu_baseline,7000013,7,B,2606.242586469246,2834.9853224362932,228.74273596704734,228.74273596704626,1.0,True
random,asu_baseline,7000014,7,B,2834.9853224362932,3063.7280584033406,228.74273596704734,228.74273596704626,1.0,True
random,asu_baseline,7000015,7,B,3063.7280584033406,3292.470794370388,228.74273596704734,228.74273596704626,1.0,True
random,asu_baseline,7000016,7,A,3292.470794370388,3391.7054827715233,99.23468840113537,48.19209238871334,2.0591487831803765,False
random,asu_baseline,7000017,7,B,3391.7054827715233,3624.572217443888,232.8667346723646,228.74273596704626,1.0180289821571098,True
random,asu_baseline,7000018,7,A,3624.572217443888,3779.3834765459374,154.81125910204946,48.19209238871334,3.212378866087717,False
random,asu_baseline,7000019,7,B,3779.3834765459374,4019.6673559936926,240.28387944775523,228.74273596704626,1.0504546884600159,True
random,asu_baseline,8000011,8,B,2136.4086285251465,2373.0703766252454,236.66174810009898,228.74273596704626,1.034619731636827,True
random,asu_baseline,8000012,8,B,2373.0703766252454,2601.813112592293,228.74273596704734,228.74273596704626,1.0,True
random,asu_baseline,8000013,8,A,2601.813112592293,2706.9237214568084,105.1106088645156,48.19209238871334,2.181075849886374,False
random,asu_baseline,8000014,8,B,2706.9237214568084,2945.6424306164777,238.7187091596693,228.74273596704626,1.0436121966909595,True
random,asu_baseline,8000015,8,B,2945.6424306164777,3174.385166583525,228.74273596704734,228.74273596704626,1.0,True
random,asu_baseline,8000016,8,A,3174.385166583525,3229.728401472695,55.34323488917016,48.19209238871334,1.1483882966270962,True
random,asu_baseline,8000017,8,B,3229.728401472695,3458.4711374397425,228.74273596704734,228.74273596704626,1.0,True
random,asu_baseline,8000018,8,A,3458.4711374397425,3590.9831316973045,132.51199425756204,48.19209238871334,2.7496626041619336,False
random,asu_baseline,8000019,8,B,3590.9831316973045,3829.704358557169,238.7212268598646,228.74273596704626,1.0436232033801323,True
random,asu_baseline,8000020,8,B,3829.704358557169,4058.4470945242165,228.74273596704734,228.74273596704626,1.0,True
random,asu_baseline,9000011,9,B,2104.4703705217285,2333.213106488776,228.74273596704734,228.74273596704626,1.0,True
random,asu_baseline,9000012,9,A,2333.213106488776,2383.3599023894258,50.14679590064998,48.19209238871334,1.040560669085919,True
random,asu_baseline,9000013,9,B,2383.3599023894258,2612.102638356473,228.74273596704734,228.74273596704626,1.0,True
random,asu_baseline,9000014,9,B,2612.102638356473,2840.8453743235204,228.74273596704734,228.74273596704626,1.0,True
random,asu_baseline,9000015,9,A,2840.8453743235204,2889.0374667122323,48.1920923887119,48.19209238871334,1.0,True
random,asu_baseline,9000016,9,B,2889.0374667122323,3117.7802026792797,228.74273596704734,228.74273596704626,1.0,True
random,asu_baseline,9000017,9,B,3117.7802026792797,3346.522938646327,228.74273596704734,228.74273596704626,1.0,True
random,asu_baseline,9000018,9,A,3346.522938646327,3436.131141951211,89.60820330488377,48.19209238871334,1.859396404333549,False
random,asu_baseline,9000019,9,B,3436.131141951211,3671.227719763224,235.09657781201304,228.74273596704626,1.0277772398677707,True
random,asu_baseline,9000020,9,A,3671.227719763224,3819.5617754961327,148.33405573290884,48.19209238871334,3.0779750033772943,False
random,asu_baseline,9000021,9,B,3819.5617754961327,4056.8579840454504,237.29620854931773,228.74273596704626,1.0373934173083588,True
random,asu_baseline,10000010,10,B,2199.860863566446,2428.6035995334933,228.74273596704734,228.74273596704626,1.0,True
random,asu_baseline,10000011,10,A,2428.6035995334933,2504.691970968527,76.08837143503388,48.19209238871334,1.5788559422012953,False
random,asu_baseline,10000012,10,A,2504.691970968527,2610.8314973357146,106.1395263671875,48.19209238871334,2.202426188742233,False
random,asu_baseline,10000013,10,A,2610.8314973357146,2732.7133637907928,121.88186645507812,48.19209238871334,2.5290843458712957,False
random,asu_baseline,10000014,10,B,2732.7133637907928,2967.2820637951886,234.56870000439585,228.74273596704626,1.0254695040378852,True
random,asu_baseline,10000015,10,B,2967.2820637951886,3196.024799762236,228.74273596704734,228.74273596704626,1.0,True
random,asu_baseline,10000016,10,A,3196.024799762236,3264.66484861625,68.64004885401391,48.19209238871334,1.424301072059065,True
random,asu_baseline,10000017,10,A,3264.66484861625,3372.2629626299217,107.59811401367188,48.19209238871334,2.2326923086425587,False
random,asu_baseline,10000018,10,B,3372.2629626299217,3606.0646033081457,233.80164067822398,228.74273596704626,1.0221161327365889,True
random,asu_baseline,10000019,10,A,3606.0646033081457,3754.851845076211,148.7872417680651,48.19209238871334,3.087378746039076,False
random,asu_baseline,10000020,10,A,3754.851845076211,3884.7341235185936,129.8822784423828,48.19209238871334,2.695095232528261,False
random,asu_baseline,10000021,10,B,3884.7341235185936,4117.111585119669,232.37746160107554,228.74273596704626,1.0158900155612063,True
random,asu_baseline,11000011,11,A,2100.354769935791,2204.42094236792,104.06617243212895,48.19209238871334,2.1594034887039144,False
random,asu_baseline,11000012,11,B,2204.42094236792,2433.7654144670423,229.3444720991224,228.74273596704626,1.0026306240044398,True
random,asu_baseline,11000013,11,B,2433.7654144670423,2662.5081504340897,228.74273596704734,228.74273596704626,1.0,True
random,asu_baseline,11000014,11,A,2662.5081504340897,2771.113327169699,108.60517673560935,48.19209238871334,2.253589154411665,False
random,asu_baseline,11000015,11,B,2771.113327169699,3000.0029347668683,228.8896075971693,228.74273596704626,1.000642082160564,True
random,asu_baseline,11000016,11,B,3000.0029347668683,3228.7456707339156,228.74273596704734,228.74273596704626,1.0,True
random,asu_baseline,11000017,11,B,3228.7456707339156,3457.488406700963,228.74273596704734,228.74273596704626,1.0,True
random,asu_baseline,11000018,11,A,3457.488406700963,3589.5522387529686,132.06383205200564,48.19209238871334,2.740363107432438,False
random,asu_baseline,11000019,11,B,3589.5522387529686,3829.0782904419348,239.52605168896616,228.74273596704626,1.0471416750190197,True
random,asu_baseline,11000020,11,A,3829.0782904419348,3921.261757185586,92.18346674365102,48.19209238871334,1.9128338732443277,False
random,asu_baseline,11000021,11,A,3921.261757185586,3989.4142230058983,68.1524658203125,48.19209238871334,1.4141835816258086,True
random,asu_baseline,11000022,11,A,3989.4142230058983,4039.4576931985403,50.04347019264196,48.19209238871334,1.0384166304503977,True
random,asu_baseline,12000010,12,B,2024.2665745336844,2253.0093105007318,228.74273596704734,228.74273596704626,1.0,True
random,asu_baseline,12000011,12,B,2253.0093105007318,2481.752046467779,228.74273596704734,228.74273596704626,1.0,True
random,asu_baseline,12000012,12,A,2481.752046467779,2575.7062226775115,93.9541762097324,48.19209238871334,1.9495766121110898,False
random,asu_baseline,12000013,12,B,2575.7062226775115,2807.4500630627667,231.74384038525523,228.74273596704626,1.0131199987860655,True
random,asu_baseline,12000014,12,B,2807.4500630627667,3036.192799029814,228.74273596704734,228.74273596704626,1.0,True
random,asu_baseline,12000015,12,A,3036.192799029814,3084.384891418526,48.1920923887119,48.19209238871334,1.0,True
random,asu_baseline,12000016,12,A,3084.384891418526,3132.576983807238,48.1920923887119,48.19209238871334,1.0,True
random,asu_baseline,12000017,12,B,3132.576983807238,3361.319719774285,228.74273596704734,228.74273596704626,1.0,True
random,asu_baseline,12000018,12,B,3361.319719774285,3590.0624557413325,228.74273596704734,228.74273596704626,1.0,True
random,asu_baseline,12000019,12,B,3590.0624557413325,3818.80519170838,228.74273596704734,228.74273596704626,1.0,True
random,asu_baseline,12000020,12,B,3818.80519170838,4047.547927675427,228.74273596704734,228.74273596704626,1.0,True
random,asu_baseline,13000011,13,A,2049.0583069230956,2161.0795727390137,112.02126581591801,48.19209238871334,2.3244740010947016,False
random,asu_baseline,13000012,13,A,2161.0795727390137,2244.061292709717,82.98171997070312,48.19209238871334,1.721894938725208,False
random,asu_baseline,13000013,13,B,2244.061292709717,2472.804028676764,228.74273596704734,228.74273596704626,1.0,True
random,asu_baseline,13000014,13,B,2472.804028676764,2701.5467646438115,228.74273596704734,228.74273596704626,1.0,True
random,asu_baseline,13000015,13,B,2701.5467646438115,2930.289500610859,228.74273596704734,228.74273596704626,1.0,True
random,asu_baseline,13000016,13,B,2930.289500610859,3159.032236577906,228.74273596704734,228.74273596704626,1.0,True
random,asu_baseline,13000017,13,B,3159.032236577906,3387.7749725449535,228.74273596704734,228.74273596704626,1.0,True
random,asu_baseline,13000018,13,B,3387.7749725449535,3616.517708512001,228.74273596704734,228.74273596704626,1.0,True
random,asu_baseline,13000019,13,A,3616.517708512001,3762.7616198564842,146.24391134448342,48.19209238871334,3.0346038965250233,False
random,asu_baseline,13000020,13,B,3762.7616198564842,4003.2242560181066,240.4626361616224,228.74273596704626,1.0512361633912806,True
random,asu_baseline,14000011,14,B,2052.47358927686,2281.2163252439072,228.74273596704734,228.74273596704626,1.0,True
random,asu_baseline,14000012,14,A,2281.2163252439072,2329.408417632619,48.1920923887119,48.19209238871334,1.0,True
random,asu_baseline,14000013,14,A,2329.408417632619,2378.622429855246,49.214012222626934,48.19209238871334,1.0212051351842306,True
random,asu_baseline,14000014,14,B,2378.622429855246,2607.3651658222934,228.74273596704734,228.74273596704626,1.0,True
random,asu_baseline,14000015,14,A,2607.3651658222934,2720.3732759001678,113.00811007787433,48.19209238871334,2.3449513079108595,False
random,asu_baseline,14000016,14,B,2720.3732759001678,2956.8654988537824,236.4922229536146,228.74273596704626,1.0338786145658623,True
random,asu_baseline,14000017,14,B,2956.8654988537824,3185.6082348208297,228.74273596704734,228.74273596704626,1.0,True
random,asu_baseline,14000018,14,B,3185.6082348208297,3414.350970787877,228.74273596704734,228.74273596704626,1.0,True
random,asu_baseline,14000019,14,B,3414.350970787877,3643.0937067549244,228.74273596704734,228.74273596704626,1.0,True
random,asu_baseline,14000020,14,B,3643.0937067549244,3871.8364427219717,228.74273596704734,228.74273596704626,1.0,True
random,asu_baseline,14000021,14,B,3871.8364427219717,4100.579178689019,228.74273596704688,228.74273596704626,1.0,True
random,asu_baseline,15000011,15,A,2076.9279614108887,2193.030866684326,116.1029052734375,48.19209238871334,2.4091692125953212,False
random,asu_baseline,15000012,15,B,2193.030866684326,2426.519473304933,233.4886066206068,228.74273596704626,1.0207476343827777,True
random,asu_baseline,15000013,15,B,2426.519473304933,2655.2622092719803,228.74273596704734,228.74273596704626,1.0,True
random,asu_baseline,15000014,15,A,2655.2622092719803,2766.995208883566,111.73299961158591,48.19209238871334,2.3184923931162187,False
random,asu_baseline,15000015,15,B,2766.995208883566,2997.947652174095,230.95244329052866,228.74273596704626,1.0096602294894328,True
random,asu_baseline,15000016,15,B,2997.947652174095,3226.690388141142,228.74273596704734,228.74273596704626,1.0,True
random,asu_baseline,15000017,15,B,3226.690388141142,3455.4331241081895,228.74273596704734,228.74273596704626,1.0,True
random,asu_baseline,15000018,15,A,3455.4331241081895,3584.5034106279686,129.07028651977907,48.19209238871334,2.6782461628498937,False
random,asu_baseline,15000019,15,A,3584.5034106279686,3739.02893858207,154.52552795410156,48.19209238871334,3.2064498612700136,False
random,asu_baseline,15000020,15,B,3739.02893858207,3982.173764685099,243.14482610302866,228.74273596704626,1.0629619562566448,True
random,asu_baseline,15000021,15,B,3982.173764685099,4210.916500652146,228.74273596704734,228.74273596704626,1.0,True
random,asu_baseline,16000011,16,B,2045.5977001804204,2284.0025360490736,238.4048358686532,228.74273596704626,1.0422400294407552,True
random,asu_baseline,16000012,16,B,2284.0025360490736,2512.745272016121,228.74273596704734,228.74273596704626,1.0,True
random,asu_baseline,16000013,16,A,2512.745272016121,2609.0875703337615,96.3422983176406,48.19209238871334,1.999130843719168,False
random,asu_baseline,16000014,16,A,2609.0875703337615,2728.6019593718474,119.51438903808594,48.19209238871334,2.4799584976326194,False
random,asu_baseline,16000015,16,A,2728.6019593718474,2801.034498168005,72.43253879615759,48.19209238871334,1.5029963466189196,False
random,asu_baseline,16000016,16,B,2801.034498168005,3029.7772341350524,228.74273596704734,228.74273596704626,1.0,True
random,asu_baseline,16000017,16,B,3029.7772341350524,3258.5199701020997,228.74273596704734,228.74273596704626,1.0,True
random,asu_baseline,16000018,16,A,3258.5199701020997,3353.5824664141014,95.06249631200171,48.19209238871334,1.97257457811202,False
random,asu_baseline,16000019,16,A,3353.5824664141014,3451.5017016435936,97.91923522949219,48.19209238871334,2.0318527454604776,False
random,asu_baseline,16000020,16,B,3451.5017016435936,3683.8774847778723,232.37578313427866,228.74273596704626,1.0158826777684244,True
random,asu_baseline,16000021,16,B,3683.8774847778723,3912.6202207449196,228.74273596704734,228.74273596704626,1.0,True
random,asu_baseline,16000022,16,B,3912.6202207449196,4141.362956711967,228.74273596704734,228.74273596704626,1.0,True
random,asu_baseline,17000011,17,B,2074.868482651123,2311.3523132707533,236.48383061963023,228.74273596704626,1.033841925601953,True
random,asu_baseline,17000012,17,B,2311.3523132707533,2540.0950492378006,228.74273596704734,228.74273596704626,1.0,True
random,asu_baseline,17000013,17,B,2540.0950492378006,2768.837785204848,228.74273596704734,228.74273596704626,1.0,True
random,asu_baseline,17000014,17,B,2768.837785204848,2997.5805211718953,228.74273596704734,228.74273596704626,1.0,True
random,asu_baseline,17000015,17,B,2997.5805211718953,3226.3232571389426,228.74273596704734,228.74273596704626,1.0,True
random,asu_baseline,17000016,17,B,3226.3232571389426,3455.06599310599,228.74273596704734,228.74273596704626,1.0,True
random,asu_baseline,17000017,17,A,3455.06599310599,3579.274986555703,124.20899344971303,48.19209238871334,2.577372911054656,False
random,asu_baseline,17000018,17,A,3579.274986555703,3737.5980456377342,158.32305908203125,48.19209238871334,3.285249741908088,False
random,asu_baseline,17000019,17,A,3737.5980456377342,3875.253303816445,137.65525817871094,48.19209238871334,2.8563868335160727,False
random,asu_baseline,17000020,17,B,3875.253303816445,4111.121976355021,235.86867253857554,228.74273596704626,1.0311526245474123,True
random,asu_baseline,18000012,18,A,2199.67304553273,2260.2215594592385,60.54851392650835,48.19209238871334,1.2563993577645303,True
random,asu_baseline,18000013,18,A,2260.2215594592385,2308.842517470738,48.620958011499624,48.19209238871334,1.008899086998072,True
random,asu_baseline,18000014,18,B,2308.842517470738,2537.5852534377855,228.74273596704734,228.74273596704626,1.0,True
random,asu_baseline,18000015,18,B,2537.5852534377855,2766.327989404833,228.74273596704734,228.74273596704626,1.0,True
random,asu_baseline,18000016,18,B,2766.327989404833,2995.07072537188,228.74273596704734,228.74273596704626,1.0,True
random,asu_baseline,18000017,18,B,2995.07072537188,3223.8134613389275,228.74273596704734,228.74273596704626,1.0,True
random,asu_baseline,18000018,18,B,3223.8134613389275,3452.556197305975,228.74273596704734,228.74273596704626,1.0,True
random,asu_baseline,18000019,18,A,3452.556197305975,3577.2155077959374,124.65931048996254,48.19209238871334,2.5867171212337303,False
random,asu_baseline,18000020,18,A,3577.2155077959374,3736.1679919267967,158.95248413085938,48.19209238871334,3.2983104956050067,False
random,asu_baseline,18000021,18,B,3736.1679919267967,3978.061521032755,241.89352910595835,228.74273596704626,1.0574916317377907,True
random,asu_baseline,18000022,18,A,3978.061521032755,4029.632793588428,51.57127255567275,48.19209238871334,1.070118975945332,True
random,asu_baseline,19000011,19,B,2020.3326285835003,2249.0753645505474,228.7427359670471,228.74273596704626,1.0,True
random,asu_baseline,19000012,19,B,2249.0753645505474,2477.8181005175948,228.74273596704734,228.74273596704626,1.0,True
random,asu_baseline,19000013,19,B,2477.8181005175948,2706.560836484642,228.74273596704734,228.74273596704626,1.0,True
random,asu_baseline,19000014,19,B,2706.560836484642,2935.3035724516894,228.74273596704734,228.74273596704626,1.0,True
random,asu_baseline,19000015,19,B,2935.3035724516894,3164.0463084187368,228.74273596704734,228.74273596704626,1.0,True
random,asu_baseline,19000016,19,A,3164.0463084187368,3214.2311175371483,50.18480911841152,48.19209238871334,1.0413494544628836,True
random,asu_baseline,19000017,19,B,3214.2311175371483,3445.032498815958,230.8013812788099,228.74273596704626,1.0089998281390682,True
random,asu_baseline,19000018,19,B,3445.032498815958,3673.7752347830055,228.74273596704734,228.74273596704626,1.0,True
random,asu_baseline,19000019,19,B,3673.7752347830055,3902.517970750053,228.74273596704734,228.74273596704626,1.0,True
random,asu_baseline,19000020,19,B,3902.517970750053,4131.2607067171,228.74273596704734,228.74273596704626,1.0,True
random,asu_baseline,20000012,20,B,2043.5382214206547,2283.3731110002454,239.8348895795907,228.74273596704626,1.0484918288908742,True
random,asu_baseline,20000013,20,B,2283.3731110002454,2512.115846967293,228.74273596704734,228.74273596704626,1.0,True
random,asu_baseline,20000014,20,A,2512.115846967293,2606.7167359831756,94.60088901588279,48.19209238871334,1.9629960918243603,False
random,asu_baseline,20000015,20,B,2606.7167359831756,2837.3477528821027,230.6310168989271,228.74273596704626,1.0082550421717125,True
random,asu_baseline,20000016,20,B,2837.3477528821027,3066.09048884915,228.74273596704734,228.74273596704626,1.0,True
random,asu_baseline,20000017,20,B,3066.09048884915,3294.8332248161973,228.74273596704734,228.74273596704626,1.0,True
random,asu_baseline,20000018,20,A,3294.8332248161973,3397.244423201211,102.41119838501345,48.19209238871334,2.1250622936014767,False
random,asu_baseline,20000019,20,B,3397.244423201211,3629.932401159708,232.6879779584974,228.74273596704626,1.017247507225845,True
random,asu_baseline,20000020,20,B,3629.932401159708,3858.6751371267555,228.74273596704734,228.74273596704626,1.0,True
random,asu_baseline,20000021,20,B,3858.6751371267555,4087.417873093803,228.74273596704734,228.74273596704626,1.0,True
random,asu_baseline,21000011,21,B,2159.574435463135,2388.3171714301825,228.74273596704734,228.74273596704626,1.0,True
random,asu_baseline,21000012,21,A,2388.3171714301825,2444.096062667746,55.778891237563585,48.19209238871334,1.157428293165936,True
random,asu_baseline,21000013,21,B,2444.096062667746,2675.0425313244855,230.9464686567394,228.74273596704626,1.009634110042343,True
random,asu_baseline,21000014,21,A,2675.0425313244855,2778.2216340544646,103.17910272997915,48.19209238871334,2.1409965331603624,False
random,asu_baseline,21000015,21,B,2778.2216340544646,3006.964370021512,228.74273596704734,228.74273596704626,1.0,True
random,asu_baseline,21000016,21,B,3006.964370021512,3235.7071059885593,228.74273596704734,228.74273596704626,1.0,True
random,asu_baseline,21000017,21,A,3235.7071059885593,3319.578407576211,83.87130158765149,48.19209238871334,1.7403540172348746,False
random,asu_baseline,21000018,21,A,3319.578407576211,3422.69837217582,103.11996459960938,48.19209238871334,2.139769399673549,False
random,asu_baseline,21000019,21,A,3422.69837217582,3534.314735701211,111.61636352539062,48.19209238871334,2.3160721602436865,False
random,asu_baseline,21000020,21,B,3534.314735701211,3774.466016272013,240.1512805708021,228.74273596704626,1.0498750028302513,True
random,asu_baseline,21000021,21,B,3774.466016272013,4003.2087522390602,228.74273596704734,228.74273596704626,1.0,True
random,asu_baseline,22000011,22,A,2154.5222504045414,2234.5939007419433,80.07165033740193,48.19209238871334,1.6615101434391097,False
random,asu_baseline,22000012,22,B,2234.5939007419433,2463.3366367089907,228.74273596704734,228.74273596704626,1.0,True
random,asu_baseline,22000013,22,B,2463.3366367089907,2692.079372676038,228.74273596704734,228.74273596704626,1.0,True
random,asu_baseline,22000014,22,B,2692.079372676038,2920.8221086430854,228.74273596704734,228.74273596704626,1.0,True
random,asu_baseline,22000015,22,B,2920.8221086430854,3149.5648446101327,228.74273596704734,228.74273596704626,1.0,True
random,asu_baseline,22000016,22,B,3149.5648446101327,3378.30758057718,228.74273596704734,228.74273596704626,1.0,True
random,asu_baseline,22000017,22,A,3378.30758057718,3464.460304548867,86.15272397168701,48.19209238871334,1.7876941983922678,False
random,asu_baseline,22000018,22,B,3464.460304548867,3698.440701940958,233.98039739209116,228.74273596704626,1.0228976076678538,True
random,asu_baseline,22000019,22,A,3698.440701940958,3840.7507403398827,142.31003839892446,48.19209238871334,2.9529748833286535,False
random,asu_baseline,22000020,22,B,3840.7507403398827,4076.2996649536535,235.54892461377085,228.74273596704626,1.0297547750224738,True
random,asu_baseline,23000011,23,B,2146.518923139165,2375.2616591062124,228.74273596704734,228.74273596704626,1.0,True
random,asu_baseline,23000012,23,B,2375.2616591062124,2604.0043950732597,228.74273596704734,228.74273596704626,1.0,True
random,asu_baseline,23000013,23,A,2604.0043950732597,2713.8943940642303,109.88999899097053,48.19209238871334,2.280249591667593,False
random,asu_baseline,23000014,23,B,2713.8943940642303,2951.8107960949933,237.91640203076304,228.74273596704626,1.0401047317412448,True
random,asu_baseline,23000015,23,B,2951.8107960949933,3180.5535320620406,228.74273596704734,228.74273596704626,1.0,True
random,asu_baseline,23000016,23,B,3180.5535320620406,3409.296268029088,228.74273596704734,228.74273596704626,1.0,True
random,asu_baseline,23000017,23,B,3409.296268029088,3638.0390039961353,228.74273596704734,228.74273596704626,1.0,True
random,asu_baseline,23000018,23,A,3638.0390039961353,3792.2094805742577,154.17047657812236,48.19209238871334,3.1990824414635566,False
random,asu_baseline,23000019,23,B,3792.2094805742577,4031.3796973022863,239.17021672802866,228.74273596704626,1.0455860629492717,True
random,asu_baseline,24000011,24,B,2157.201083412354,2385.9438193794012,228.74273596704734,228.74273596704626,1.0,True
random,asu_baseline,24000012,24,A,2385.9438193794012,2440.9237604216523,54.979941042251085,48.19209238871334,1.140849843139981,True
random,asu_baseline,24000013,24,B,2440.9237604216523,2672.3611806164777,231.43742019482534,228.74273596704626,1.0117804144310283,True
random,asu_baseline,24000014,24,B,2672.3611806164777,2901.103916583525,228.74273596704734,228.74273596704626,1.0,True
random,asu_baseline,24000015,24,A,2901.103916583525,2949.296008972237,48.1920923887119,48.19209238871334,1.0,True
random,asu_baseline,24000016,24,B,2949.296008972237,3178.0387449392842,228.74273596704734,228.74273596704626,1.0,True
random,asu_baseline,24000017,24,B,3178.0387449392842,3406.7814809063316,228.74273596704734,228.74273596704626,1.0,True
random,asu_baseline,24000018,24,B,3406.7814809063316,3635.524216873379,228.74273596704734,228.74273596704626,1.0,True
random,asu_baseline,24000019,24,A,3635.524216873379,3789.351890852578,153.82767397919906,48.19209238871334,3.191969187360409,False
random,asu_baseline,24000020,24,B,3789.351890852578,4029.012219885294,239.66032903271616,228.74273596704626,1.047728698441566,True
random,asu_baseline,25000011,25,B,2144.3826324846195,2373.125368451667,228.74273596704734,228.74273596704626,1.0,True
random,asu_baseline,25000012,25,B,2373.125368451667,2601.868104418714,228.74273596704734,228.74273596704626,1.0,True
random,asu_baseline,25000013,25,B,2601.868104418714,2830.6108403857615,228.74273596704734,228.74273596704626,1.0,True
random,asu_baseline,25000014,25,A,2830.6108403857615,2878.8029327744734,48.1920923887119,48.19209238871334,1.0,True
random,asu_baseline,25000015,25,A,2878.8029327744734,2926.9950251631853,48.1920923887119,48.19209238871334,1.0,True
random,asu_baseline,25000016,25,A,2926.9950251631853,2975.1871175518972,48.1920923887119,48.19209238871334,1.0,True
random,asu_baseline,25000017,25,B,2975.1871175518972,3203.9298535189446,228.74273596704734,228.74273596704626,1.0,True
random,asu_baseline,25000018,25,A,3203.9298535189446,3277.4891741777733,73.55932065882871,48.19209238871334,1.526377399543175,False
random,asu_baseline,25000019,25,B,3277.4891741777733,3511.7800879272863,234.29091374951304,228.74273596704626,1.0242550993324924,True
random,asu_baseline,25000020,25,A,3511.7800879272863,3646.2206347490624,134.44054682177602,48.19209238871334,2.789680633440647,False
random,asu_baseline,25000021,25,B,3646.2206347490624,3886.058042028849,239.83740727978648,228.74273596704626,1.048502835580049,True
random,asu_baseline,25000022,25,B,3886.058042028849,4114.800777995896,228.74273596704734,228.74273596704626,1.0,True
random,asu_baseline,26000010,26,B,2065.2105847019043,2301.388095131105,236.17751042920054,228.74273596704626,1.032502778419269,True
random,asu_baseline,26000011,26,B,2301.388095131105,2530.130831098152,228.74273596704734,228.74273596704626,1.0,True
random,asu_baseline,26000012,26,B,2530.130831098152,2758.8735670651995,228.74273596704734,228.74273596704626,1.0,True
random,asu_baseline,26000013,26,B,2758.8735670651995,2987.616303032247,228.74273596704734,228.74273596704626,1.0,True
random,asu_baseline,26000014,26,B,2987.616303032247,3216.359038999294,228.74273596704734,228.74273596704626,1.0,True
random,asu_baseline,26000015,26,B,3216.359038999294,3445.1017749663415,228.74273596704734,228.74273596704626,1.0,True
random,asu_baseline,26000016,26,A,3445.1017749663415,3565.818718245156,120.7169432788146,48.19209238871334,2.5049118495441522,False
random,asu_baseline,26000017,26,B,3565.818718245156,3807.223813513224,241.40509526806773,228.74273596704626,1.055356334038278,True
random,asu_baseline,26000018,26,A,3807.223813513224,3908.116005232461,100.89219171923696,48.19209238871334,2.093542461394892,False
random,asu_baseline,26000019,26,A,3908.116005232461,3979.4818957353905,71.36589050292969,48.19209238871334,1.480863082833143,True
random,asu_baseline,26000020,26,B,3979.4818957353905,4208.224631702437,228.74273596704688,228.74273596704626,1.0,True
random,asu_baseline,27000010,27,B,2052.251142563233,2289.365237465089,237.11409490185633,228.74273596704626,1.0365972667915282,True
random,asu_baseline,27000011,27,B,2289.365237465089,2518.1079734321365,228.74273596704734,228.74273596704626,1.0,True
random,asu_baseline,27000012,27,A,2518.1079734321365,2612.8842622282928,94.77628879615622,48.19209238871334,1.9666356885212348,False
random,asu_baseline,27000013,27,B,2612.8842622282928,2844.952046705345,232.0677844770521,228.74273596704626,1.0145361927929588,True
random,asu_baseline,27000014,27,B,2844.952046705345,3073.694782672392,228.74273596704734,228.74273596704626,1.0,True
random,asu_baseline,27000015,27,B,3073.694782672392,3302.4375186394395,228.74273596704734,228.74273596704626,1.0,True
random,asu_baseline,27000016,27,B,3302.4375186394395,3531.180254606487,228.74273596704734,228.74273596704626,1.0,True
random,asu_baseline,27000017,27,B,3531.180254606487,3759.922990573534,228.74273596704734,228.74273596704626,1.0,True
random,asu_baseline,27000018,27,A,3759.922990573534,3882.9901965166405,123.06720594310627,48.19209238871334,2.5536804866337115,False
random,asu_baseline,27000019,27,B,3882.9901965166405,4116.7977118286535,233.80751531201304,228.74273596704626,1.0221418150113253,True
random,asu_baseline,28000011,28,A,2011.087583603272,2143.3818188327637,132.29423522949173,48.19209238871334,2.745144040694843,False
random,asu_baseline,28000012,28,B,2143.3818188327637,2377.811206093019,234.42938726025523,228.74273596704626,1.0248604672369934,True
random,asu_baseline,28000013,28,A,2377.811206093019,2431.756808225124,53.94560213210525,48.19209238871334,1.1193870084947668,True
random,asu_baseline,28000014,28,A,2431.756808225124,2506.1220246794646,74.3652164543405,48.19209238871334,1.5430999728029435,False
random,asu_baseline,28000015,28,B,2506.1220246794646,2740.553929639915,234.43190496045054,228.74273596704626,1.0248714739261662,True
random,asu_baseline,28000016,28,B,2740.553929639915,2969.2966656069625,228.74273596704734,228.74273596704626,1.0,True
random,asu_baseline,28000017,28,A,2969.2966656069625,3017.4887579956744,48.1920923887119,48.19209238871334,1.0,True
random,asu_baseline,28000018,28,B,3017.4887579956744,3246.2314939627217,228.74273596704734,228.74273596704626,1.0,True
random,asu_baseline,28000019,28,B,3246.2314939627217,3474.974229929769,228.74273596704734,228.74273596704626,1.0,True
random,asu_baseline,28000020,28,B,3474.974229929769,3703.7169658968164,228.74273596704734,228.74273596704626,1.0,True
random,asu_baseline,28000021,28,B,3703.7169658968164,3932.4597018638638,228.74273596704734,228.74273596704626,1.0,True
random,asu_baseline,28000022,28,B,3932.4597018638638,4161.202437830911,228.74273596704688,228.74273596704626,1.0,True
random,asu_baseline,29000014,29,B,2115.0451031345215,2351.0816223527845,236.03651921826304,228.74273596704626,1.0318864038255955,True
random,asu_baseline,29000015,29,A,2351.0816223527845,2399.2737147414964,48.1920923887119,48.19209238871334,1.0,True
random,asu_baseline,29000016,29,B,2399.2737147414964,2628.0164507085437,228.74273596704734,228.74273596704626,1.0,True
random,asu_baseline,29000017,29,B,2628.0164507085437,2856.759186675591,228.74273596704734,228.74273596704626,1.0,True
random,asu_baseline,29000018,29,B,2856.759186675591,3085.5019226426384,228.74273596704734,228.74273596704626,1.0,True
random,asu_baseline,29000019,29,B,3085.5019226426384,3314.2446586096858,228.74273596704734,228.74273596704626,1.0,True
random,asu_baseline,29000020,29,B,3314.2446586096858,3542.987394576733,228.74273596704734,228.74273596704626,1.0,True
random,asu_baseline,29000021,29,B,3542.987394576733,3771.7301305437804,228.74273596704734,228.74273596704626,1.0,True
random,asu_baseline,29000022,29,A,3771.7301305437804,3887.5925524736717,115.8624219298913,48.19209238871334,2.4041791129414927,False
random,asu_baseline,29000023,29,A,3887.5925524736717,3967.1401293779686,79.54757690429688,48.19209238871334,1.6506354665548209,False
random,asu_baseline,29000024,29,B,3967.1401293779686,4195.8828653450155,228.74273596704688,228.74273596704626,1.0,True
random,asu_baseline,30000011,30,B,2093.328310346196,2322.071046313243,228.74273596704734,228.74273596704626,1.0,True
random,asu_baseline,30000012,30,B,2322.071046313243,2550.8137822802905,228.74273596704734,228.74273596704626,1.0,True
random,asu_baseline,30000013,30,B,2550.8137822802905,2779.556518247338,228.74273596704734,228.74273596704626,1.0,True
random,asu_baseline,30000014,30,B,2779.556518247338,3008.299254214385,228.74273596704734,228.74273596704626,1.0,True
random,asu_baseline,30000015,30,B,3008.299254214385,3237.0419901814325,228.74273596704734,228.74273596704626,1.0,True
random,asu_baseline,30000016,30,B,3237.0419901814325,3465.78472614848,228.74273596704734,228.74273596704626,1.0,True
random,asu_baseline,30000017,30,A,3465.78472614848,3600.3212817217186,134.53655557323873,48.19209238871334,2.7916728430896556,False
random,asu_baseline,30000018,30,B,3600.3212817217186,3839.356381872599,239.03510015088023,228.74273596704626,1.0449953706303343,True
random,asu_baseline,30000019,30,B,3839.356381872599,4068.099117839646,228.74273596704734,228.74273596704626,1.0,True
random,asu_baseline,31000011,31,B,2097.3654205705566,2326.108156537604,228.74273596704734,228.74273596704626,1.0,True
random,asu_baseline,31000012,31,B,2326.108156537604,2554.8508925046513,228.74273596704734,228.74273596704626,1.0,True
random,asu_baseline,31000013,31,B,2554.8508925046513,2783.5936284716986,228.74273596704734,228.74273596704626,1.0,True
random,asu_baseline,31000014,31,B,2783.5936284716986,3012.336364438746,228.74273596704734,228.74273596704626,1.0,True
random,asu_baseline,31000015,31,B,3012.336364438746,3241.0791004057933,228.74273596704734,228.74273596704626,1.0,True
random,asu_baseline,31000016,31,B,3241.0791004057933,3469.8218363728406,228.74273596704734,228.74273596704626,1.0,True
random,asu_baseline,31000017,31,A,3469.8218363728406,3607.2961504961327,137.47431412329206,48.19209238871334,2.8526321914897546,False
random,asu_baseline,31000018,31,A,3607.2961504961327,3775.8998187090233,168.60366821289062,48.19209238871334,3.4985753856244237,False
random,asu_baseline,31000019,31,B,3775.8998187090233,4014.3054938110754,238.4056751020521,228.74273596704626,1.0422436983371481,True
random,od_baseline,11,0,A,2014.306791127197,2161.397947982417,147.0911568552201,48.19209238871334,3.0521844884591287,False
random,od_baseline,12,0,B,2161.397947982417,2390.1406839494643,228.74273596704734,228.74273596704626,1.0,True
random,od_baseline,13,0,A,2390.1406839494643,2496.0701812475854,105.92949729812108,48.19209238871334,2.19806802418336,False
random,od_baseline,14,0,B,2496.0701812475854,2724.8129172146328,228.74273596704734,228.74273596704626,1.0,True
random,od_baseline,15,0,B,2724.8129172146328,2953.55565318168,228.74273596704734,228.74273596704626,1.0,True
random,od_baseline,16,0,B,2953.55565318168,3182.2983891487274,228.74273596704734,228.74273596704626,1.0,True
random,od_baseline,17,0,B,3182.2983891487274,3411.041125115775,228.74273596704734,228.74273596704626,1.0,True
random,od_baseline,18,0,B,3411.041125115775,3639.783861082822,228.74273596704734,228.74273596704626,1.0,True
random,od_baseline,19,0,B,3639.783861082822,3868.5265970498695,228.74273596704734,228.74273596704626,1.0,True
random,od_baseline,20,0,B,3868.5265970498695,4097.269333016917,228.74273596704734,228.74273596704626,1.0,True
random,od_baseline,1000011,1,A,2064.863895301264,2161.4147326503858,96.5508373491216,48.19209238871334,2.003458089562717,False
random,od_baseline,1000012,1,B,2161.4147326503858,2390.157468617433,228.74273596704734,228.74273596704626,1.0,True
random,od_baseline,1000013,1,A,2390.157468617433,2528.1624664038354,138.00499778640233,48.19209238871334,2.863644032578326,False
random,od_baseline,1000014,1,A,2528.1624664038354,2655.42801510989,127.26554870605469,48.19209238871334,2.6407973258256052,False
random,od_baseline,1000015,1,A,2655.42801510989,2749.107443210476,93.67942810058594,48.19209238871334,1.9438755085580346,False
random,od_baseline,1000016,1,B,2749.107443210476,2977.8501791775234,228.74273596704734,228.74273596704626,1.0,True
random,od_baseline,1000017,1,B,2977.8501791775234,3206.5929151445707,228.74273596704734,228.74273596704626,1.0,True
random,od_baseline,1000018,1,A,3206.5929151445707,3290.915079281788,84.32216413721744,48.19209238871334,1.7497095468916768,False
random,od_baseline,1000019,1,B,3290.915079281788,3519.6578152488355,228.74273596704734,228.74273596704626,1.0,True
random,od_baseline,1000020,1,A,3519.6578152488355,3717.2329571870614,197.5751419382259,48.19209238871334,4.09974193161404,False
random,od_baseline,1000021,1,B,3717.2329571870614,3946.287993763723,229.05503657666168,228.74273596704626,1.0013652919219276,True
random,od_baseline,1000022,1,B,3946.287993763723,4175.03072973077,228.74273596704688,228.74273596704626,1.0,True
random,od_baseline,2000011,2,B,2195.41300500978,2424.1557409768275,228.74273596704734,228.74273596704626,1.0,True
random,od_baseline,2000012,2,B,2424.1557409768275,2652.898476943875,228.74273596704734,228.74273596704626,1.0,True
random,od_baseline,2000013,2,A,2652.898476943875,2761.484451585237,108.5859746413621,48.19209238871334,2.2531907053447027,False
random,od_baseline,2000014,2,A,2761.484451585237,2809.676543973949,48.1920923887119,48.19209238871334,1.0,True
random,od_baseline,2000015,2,B,2809.676543973949,3038.419279940996,228.74273596704734,228.74273596704626,1.0,True
random,od_baseline,2000016,2,A,3038.419279940996,3086.611372329708,48.1920923887119,48.19209238871334,1.0,True
random,od_baseline,2000017,2,B,3086.611372329708,3315.3541082967554,228.74273596704734,228.74273596704626,1.0,True
random,od_baseline,2000018,2,A,3315.3541082967554,3465.6140996675304,150.25999137077497,48.19209238871334,3.1179387306695587,False
random,od_baseline,2000019,2,B,3465.6140996675304,3694.7026055801293,229.08850591259898,228.74273596704626,1.0015116106052109,True
random,od_baseline,2000020,2,B,3694.7026055801293,3923.4453415471767,228.74273596704734,228.74273596704626,1.0,True
random,od_baseline,2000021,2,B,3923.4453415471767,4152.188077514224,228.74273596704688,228.74273596704626,1.0,True
random,od_baseline,3000011,3,B,2016.9448992763623,2245.687635243409,228.74273596704688,228.74273596704626,1.0,True
random,od_baseline,3000012,3,B,2245.687635243409,2474.4303712104565,228.74273596704734,228.74273596704626,1.0,True
random,od_baseline,3000013,3,A,2474.4303712104565,2613.7600768774682,139.3297056670117,48.19209238871334,2.8911321082137307,False
random,od_baseline,3000014,3,B,2613.7600768774682,2842.5028128445156,228.74273596704734,228.74273596704626,1.0,True
random,od_baseline,3000015,3,B,2842.5028128445156,3071.245548811563,228.74273596704734,228.74273596704626,1.0,True
random,od_baseline,3000016,3,B,3071.245548811563,3299.9882847786103,228.74273596704734,228.74273596704626,1.0,True
random,od_baseline,3000017,3,A,3299.9882847786103,3428.9227154878427,128.9344307092324,48.19209238871334,2.675427115080586,False
random,od_baseline,3000018,3,B,3428.9227154878427,3657.66545145489,228.74273596704734,228.74273596704626,1.0,True
random,od_baseline,3000019,3,A,3657.66545145489,3833.643021884327,175.97757042943704,48.19209238871334,3.6515860114563368,False
random,od_baseline,3000020,3,B,3833.643021884327,4062.3857578513744,228.74273596704734,228.74273596704626,1.0,True
random,od_baseline,4000012,4,A,2202.535181284443,2255.5225349095413,52.98735362509842,48.19209238871334,1.0995030719502052,True
random,od_baseline,4000013,4,B,2255.5225349095413,2484.2652708765886,228.74273596704734,228.74273596704626,1.0,True
random,od_baseline,4000014,4,B,2484.2652708765886,2713.008006843636,228.74273596704734,228.74273596704626,1.0,True
random,od_baseline,4000015,4,B,2713.008006843636,2941.7507428106833,228.74273596704734,228.74273596704626,1.0,True
random,od_baseline,4000016,4,A,2941.7507428106833,2989.942835199395,48.1920923887119,48.19209238871334,1.0,True
random,od_baseline,4000017,4,B,2989.942835199395,3218.6855711664425,228.74273596704734,228.74273596704626,1.0,True
random,od_baseline,4000018,4,A,3218.6855711664425,3294.8888494233897,76.20327825694721,48.19209238871334,1.5812402923346431,False
random,od_baseline,4000019,4,B,3294.8888494233897,3523.631585390437,228.74273596704734,228.74273596704626,1.0,True
random,od_baseline,4000020,4,B,3523.631585390437,3752.3743213574844,228.74273596704734,228.74273596704626,1.0,True
random,od_baseline,4000021,4,B,3752.3743213574844,3981.1170573245317,228.74273596704734,228.74273596704626,1.0,True
random,od_baseline,4000022,4,B,3981.1170573245317,4209.859793291579,228.74273596704734,228.74273596704626,1.0,True
random,od_baseline,5000011,5,B,2139.737333968745,2368.4800699357925,228.74273596704734,228.74273596704626,1.0,True
random,od_baseline,5000012,5,A,2368.4800699357925,2450.470534543484,81.99046460769159,48.19209238871334,1.7013261002731204,False
random,od_baseline,5000013,5,B,2450.470534543484,2679.340639772489,228.87010522900482,228.74273596704626,1.0005568231988662,True
random,od_baseline,5000014,5,B,2679.340639772489,2908.083375739536,228.74273596704734,228.74273596704626,1.0,True
random,od_baseline,5000015,5,B,2908.083375739536,3136.8261117065836,228.74273596704734,228.74273596704626,1.0,True
random,od_baseline,5000016,5,B,3136.8261117065836,3365.568847673631,228.74273596704734,228.74273596704626,1.0,True
random,od_baseline,5000017,5,B,3365.568847673631,3594.3115836406782,228.74273596704734,228.74273596704626,1.0,True
random,od_baseline,5000018,5,B,3594.3115836406782,3823.0543196077256,228.74273596704734,228.74273596704626,1.0,True
random,od_baseline,5000019,5,B,3823.0543196077256,4051.797055574773,228.74273596704734,228.74273596704626,1.0,True
random,od_baseline,6000010,6,B,2115.9851409035828,2344.72787687063,228.74273596704734,228.74273596704626,1.0,True
random,od_baseline,6000011,6,B,2344.72787687063,2573.4706128376774,228.74273596704734,228.74273596704626,1.0,True
random,od_baseline,6000012,6,B,2573.4706128376774,2802.213348804725,228.74273596704734,228.74273596704626,1.0,True
random,od_baseline,6000013,6,B,2802.213348804725,3030.956084771772,228.74273596704734,228.74273596704626,1.0,True
random,od_baseline,6000014,6,B,3030.956084771772,3259.6988207388194,228.74273596704734,228.74273596704626,1.0,True
random,od_baseline,6000015,6,B,3259.6988207388194,3488.441556705867,228.74273596704734,228.74273596704626,1.0,True
random,od_baseline,6000016,6,B,3488.441556705867,3717.184292672914,228.74273596704734,228.74273596704626,1.0,True
random,od_baseline,6000017,6,A,3717.184292672914,3859.957185092335,142.7728924194207,48.19209238871334,2.9625792395114665,False
random,od_baseline,6000018,6,A,3859.957185092335,3919.9665692476083,60.00938415527344,48.19209238871334,1.2452122574642084,True
random,od_baseline,6000019,6,B,3919.9665692476083,4148.709305214656,228.74273596704734,228.74273596704626,1.0,True
random,od_baseline,7000011,7,B,2118.563475326167,2347.3062112932143,228.74273596704734,228.74273596704626,1.0,True
random,od_baseline,7000012,7,B,2347.3062112932143,2576.0489472602617,228.74273596704734,228.74273596704626,1.0,True
random,od_baseline,7000013,7,B,2576.0489472602617,2804.791683227309,228.74273596704734,228.74273596704626,1.0,True
random,od_baseline,7000014,7,B,2804.791683227309,3033.5344191943564,228.74273596704734,228.74273596704626,1.0,True
random,od_baseline,7000015,7,B,3033.5344191943564,3262.2771551614037,228.74273596704734,228.74273596704626,1.0,True
random,od_baseline,7000016,7,A,3262.2771551614037,3352.1035863618663,89.8264312004626,48.19209238871334,1.8639246969384562,False
random,od_baseline,7000017,7,B,3352.1035863618663,3580.8463223289136,228.74273596704734,228.74273596704626,1.0,True
random,od_baseline,7000018,7,A,3580.8463223289136,3791.67715579546,210.8308334665462,48.19209238871334,4.374801404471143,False
random,od_baseline,7000019,7,B,3791.67715579546,4020.419891762507,228.74273596704734,228.74273596704626,1.0,True
random,od_baseline,8000010,8,A,2001.049818709956,2164.977278426753,163.92745971679688,48.19209238871334,3.4015426928254504,False
random,od_baseline,8000011,8,B,2164.977278426753,2393.7200143938003,228.74273596704734,228.74273596704626,1.0,True
random,od_baseline,8000012,8,B,2393.7200143938003,2622.4627503608476,228.74273596704734,228.74273596704626,1.0,True
random,od_baseline,8000013,8,A,2622.4627503608476,2752.1832336157495,129.72048325490186,48.19209238871334,2.6917379351074326,False
random,od_baseline,8000014,8,B,2752.1832336157495,2980.925969582797,228.74273596704734,228.74273596704626,1.0,True
random,od_baseline,8000015,8,B,2980.925969582797,3209.668705549844,228.74273596704734,228.74273596704626,1.0,True
random,od_baseline,8000016,8,A,3209.668705549844,3285.9552098970225,76.28650434717838,48.19209238871334,1.5829672580276841,False
random,od_baseline,8000017,8,B,3285.9552098970225,3514.69794586407,228.74273596704734,228.74273596704626,1.0,True
random,od_baseline,8000018,8,A,3514.69794586407,3629.20156985796,114.50362399388996,48.19209238871334,2.375983658694738,False
random,od_baseline,8000019,8,B,3629.20156985796,3857.944305825007,228.74273596704734,228.74273596704626,1.0,True
random,od_baseline,8000020,8,B,3857.944305825007,4086.6870417920545,228.74273596704734,228.74273596704626,1.0,True
random,od_baseline,9000011,9,B,2163.8850439829057,2392.627779949953,228.74273596704734,228.74273596704626,1.0,True
random,od_baseline,9000012,9,A,2392.627779949953,2534.2553008764917,141.62752092653864,48.19209238871334,2.938812446327979,False
random,od_baseline,9000013,9,B,2534.2553008764917,2762.998036843539,228.74273596704734,228.74273596704626,1.0,True
random,od_baseline,9000014,9,B,2762.998036843539,2991.7407728105863,228.74273596704734,228.74273596704626,1.0,True
random,od_baseline,9000015,9,A,2991.7407728105863,3039.9328651992982,48.1920923887119,48.19209238871334,1.0,True
random,od_baseline,9000016,9,B,3039.9328651992982,3268.6756011663456,228.74273596704734,228.74273596704626,1.0,True
random,od_baseline,9000017,9,B,3268.6756011663456,3497.418337133393,228.74273596704734,228.74273596704626,1.0,True
random,od_baseline,9000018,9,A,3497.418337133393,3687.956300082569,190.5379629491763,48.19209238871334,3.9537184111516304,False
random,od_baseline,9000019,9,B,3687.956300082569,3917.468618861379,229.5123187788099,228.74273596704626,1.0033644032826228,True
random,od_baseline,9000020,9,A,3917.468618861379,3969.844722031549,52.3761031701697,48.19209238871334,1.08681944638777,True
random,od_baseline,9000021,9,B,3969.844722031549,4198.587457998596,228.74273596704688,228.74273596704626,1.0,True
random,od_baseline,10000010,10,B,2164.059261003707,2392.8019969707543,228.74273596704734,228.74273596704626,1.0,True
random,od_baseline,10000011,10,A,2392.8019969707543,2487.4386657446557,94.63666877390142,48.19209238871334,1.9637385322589866,False
random,od_baseline,10000012,10,A,2487.4386657446557,2611.51932370364,124.08065795898438,48.19209238871334,2.5747099121191974,False
random,od_baseline,10000013,10,A,2611.51932370364,2747.6220000952417,136.10267639160156,48.19209238871334,2.824170307730341,False
random,od_baseline,10000014,10,B,2747.6220000952417,2976.364736062289,228.74273596704734,228.74273596704626,1.0,True
random,od_baseline,10000015,10,B,2976.364736062289,3205.1074720293363,228.74273596704734,228.74273596704626,1.0,True
random,od_baseline,10000016,10,A,3205.1074720293363,3268.6292363862804,63.521764356944004,48.19209238871334,1.3180951730541772,True
random,od_baseline,10000017,10,A,3268.6292363862804,3400.2923681001475,131.6631317138672,48.19209238871334,2.732048458321409,False
random,od_baseline,10000018,10,B,3400.2923681001475,3629.035104067195,228.74273596704734,228.74273596704626,1.0,True
random,od_baseline,10000019,10,A,3629.035104067195,3799.553361239796,170.5182571726009,48.19209238871334,3.5383036660291705,False
random,od_baseline,10000020,10,A,3799.553361239796,3914.3353131440927,114.78195190429688,48.19209238871334,2.381759044170055,False
random,od_baseline,10000021,10,B,3914.3353131440927,4143.07804911114,228.74273596704734,228.74273596704626,1.0,True
random,od_baseline,11000011,11,A,2091.470850965327,2183.507551864253,92.03670089892603,48.19209238871334,1.909788439077635,False
random,od_baseline,11000012,11,B,2183.507551864253,2412.2502878313003,228.74273596704734,228.74273596704626,1.0,True
random,od_baseline,11000013,11,B,2412.2502878313003,2640.9930237983476,228.74273596704734,228.74273596704626,1.0,True
random,od_baseline,11000014,11,A,2640.9930237983476,2731.894766208523,90.9017424101753,48.19209238871334,1.8862377187728132,False
random,od_baseline,11000015,11,B,2731.894766208523,2960.6375021755703,228.74273596704734,228.74273596704626,1.0,True
random,od_baseline,11000016,11,B,2960.6375021755703,3189.3802381426176,228.74273596704734,228.74273596704626,1.0,True
random,od_baseline,11000017,11,B,3189.3802381426176,3418.122974109665,228.74273596704734,228.74273596704626,1.0,True
random,od_baseline,11000018,11,A,3418.122974109665,3531.7918493013194,113.66887519165448,48.19209238871334,2.358662377113883,False
random,od_baseline,11000019,11,B,3531.7918493013194,3760.5345852683668,228.74273596704734,228.74273596704626,1.0,True
random,od_baseline,11000020,11,A,3760.5345852683668,3885.7619278420957,125.22734257372895,48.19209238871334,2.598503952965059,False
random,od_baseline,11000021,11,A,3885.7619278420957,3940.1610367288145,54.39910888671875,48.19209238871334,1.1287974061790083,True
random,od_baseline,11000022,11,A,3940.1610367288145,3995.079067614781,54.918030885966346,48.19209238871334,1.139565189305377,True
random,od_baseline,11000023,11,B,3995.079067614781,4223.821803581828,228.74273596704734,228.74273596704626,1.0,True
random,od_baseline,12000010,12,B,2002.1194877927333,2230.86222375978,228.74273596704688,228.74273596704626,1.0,True
random,od_baseline,12000011,12,B,2230.86222375978,2459.6049597268275,228.74273596704734,228.74273596704626,1.0,True
random,od_baseline,12000012,12,A,2459.6049597268275,2626.4073241919214,166.8023644650939,48.19209238871334,3.4611978064716538,False
random,od_baseline,12000013,12,B,2626.4073241919214,2855.1500601589687,228.74273596704734,228.74273596704626,1.0,True
random,od_baseline,12000014,12,B,2855.1500601589687,3083.892796126016,228.74273596704734,228.74273596704626,1.0,True
random,od_baseline,12000015,12,A,3083.892796126016,3132.084888514728,48.1920923887119,48.19209238871334,1.0,True
random,od_baseline,12000016,12,A,3132.084888514728,3180.27698090344,48.1920923887119,48.19209238871334,1.0,True
random,od_baseline,12000017,12,B,3180.27698090344,3409.019716870487,228.74273596704734,228.74273596704626,1.0,True
random,od_baseline,12000018,12,B,3409.019716870487,3637.7624528375345,228.74273596704734,228.74273596704626,1.0,True
random,od_baseline,12000019,12,B,3637.7624528375345,3866.505188804582,228.74273596704734,228.74273596704626,1.0,True
random,od_baseline,12000020,12,B,3866.505188804582,4095.247924771629,228.74273596704734,228.74273596704626,1.0,True
random,od_baseline,13000011,13,A,2119.451831702632,2216.8338752415725,97.3820435389407,48.19209238871334,2.0207058609006925,False
random,od_baseline,13000012,13,A,2216.8338752415725,2273.0146708477787,56.180795606206175,48.19209238871334,1.165767926261774,True
random,od_baseline,13000013,13,B,2273.0146708477787,2501.757406814826,228.74273596704734,228.74273596704626,1.0,True
random,od_baseline,13000014,13,B,2501.757406814826,2730.5001427818734,228.74273596704734,228.74273596704626,1.0,True
random,od_baseline,13000015,13,B,2730.5001427818734,2959.2428787489207,228.74273596704734,228.74273596704626,1.0,True
random,od_baseline,13000016,13,B,2959.2428787489207,3187.985614715968,228.74273596704734,228.74273596704626,1.0,True
random,od_baseline,13000017,13,B,3187.985614715968,3416.7283506830154,228.74273596704734,228.74273596704626,1.0,True
random,od_baseline,13000018,13,B,3416.7283506830154,3645.4710866500627,228.74273596704734,228.74273596704626,1.0,True
random,od_baseline,13000019,13,A,3645.4710866500627,3793.95987063921,148.48878398914712,48.19209238871334,3.081185659909704,False
random,od_baseline,13000020,13,B,3793.95987063921,4022.702606606257,228.74273596704734,228.74273596704626,1.0,True
random,od_baseline,14000011,14,B,2013.1289490913127,2241.8716850583596,228.74273596704688,228.74273596704626,1.0,True
random,od_baseline,14000012,14,A,2241.8716850583596,2292.97498064003,51.10329558167041,48.19209238871334,1.0604083169802123,True
random,od_baseline,14000013,14,A,2292.97498064003,2341.167073028742,48.1920923887119,48.19209238871334,1.0,True
random,od_baseline,14000014,14,B,2341.167073028742,2569.9098089957893,228.74273596704734,228.74273596704626,1.0,True
random,od_baseline,14000015,14,A,2569.9098089957893,2682.233129855984,112.3233208601946,48.19209238871334,2.330741731531476,False
random,od_baseline,14000016,14,B,2682.233129855984,2910.975865823031,228.74273596704734,228.74273596704626,1.0,True
random,od_baseline,14000017,14,B,2910.975865823031,3139.7186017900785,228.74273596704734,228.74273596704626,1.0,True
random,od_baseline,14000018,14,B,3139.7186017900785,3368.461337757126,228.74273596704734,228.74273596704626,1.0,True
random,od_baseline,14000019,14,B,3368.461337757126,3597.204073724173,228.74273596704734,228.74273596704626,1.0,True
random,od_baseline,14000020,14,B,3597.204073724173,3825.9468096912206,228.74273596704734,228.74273596704626,1.0,True
random,od_baseline,14000021,14,B,3825.9468096912206,4054.689545658268,228.74273596704734,228.74273596704626,1.0,True
random,od_baseline,15000011,15,A,2077.562727645503,2188.123335555659,110.56060791015625,48.19209238871334,2.2941649227093883,False
random,od_baseline,15000012,15,B,2188.123335555659,2416.8660715227065,228.74273596704734,228.74273596704626,1.0,True
random,od_baseline,15000013,15,B,2416.8660715227065,2645.608807489754,228.74273596704734,228.74273596704626,1.0,True
random,od_baseline,15000014,15,A,2645.608807489754,2745.39383542239,99.78502793263624,48.19209238871334,2.0705684892819893,False
random,od_baseline,15000015,15,B,2745.39383542239,2974.1365713894374,228.74273596704734,228.74273596704626,1.0,True
random,od_baseline,15000016,15,B,2974.1365713894374,3202.879307356485,228.74273596704734,228.74273596704626,1.0,True
random,od_baseline,15000017,15,B,3202.879307356485,3431.622043323532,228.74273596704734,228.74273596704626,1.0,True
random,od_baseline,15000018,15,A,3431.622043323532,3583.0940869478036,151.47204362427146,48.19209238871334,3.1430891691215805,False
random,od_baseline,15000019,15,A,3583.0940869478036,3812.35586673296,229.26177978515625,48.19209238871334,4.757248926565589,False
random,od_baseline,15000020,15,B,3812.35586673296,4041.098602700007,228.74273596704734,228.74273596704626,1.0,True
random,od_baseline,16000011,16,B,2050.7240435634717,2279.466779530519,228.74273596704734,228.74273596704626,1.0,True
random,od_baseline,16000012,16,B,2279.466779530519,2508.2095154975664,228.74273596704734,228.74273596704626,1.0,True
random,od_baseline,16000013,16,A,2508.2095154975664,2632.260977146023,124.05146164845655,48.19209238871334,2.5741040801438535,False
random,od_baseline,16000014,16,A,2632.260977146023,2760.565491013948,128.30451386792492,48.19209238871334,2.6623561565460068,False
random,od_baseline,16000015,16,A,2760.565491013948,2808.7575834026597,48.1920923887119,48.19209238871334,1.0,True
random,od_baseline,16000016,16,B,2808.7575834026597,3037.500319369707,228.74273596704734,228.74273596704626,1.0,True
random,od_baseline,16000017,16,B,3037.500319369707,3266.2430553367544,228.74273596704734,228.74273596704626,1.0,True
random,od_baseline,16000018,16,A,3266.2430553367544,3368.174805941944,101.93175060518979,48.19209238871334,2.1151136120635083,False
random,od_baseline,16000019,16,A,3368.174805941944,3482.037797274952,113.86299133300781,48.19209238871334,2.362690343772554,False
random,od_baseline,16000020,16,B,3482.037797274952,3710.7805332419994,228.74273596704734,228.74273596704626,1.0,True
random,od_baseline,16000021,16,B,3710.7805332419994,3939.5232692090467,228.74273596704734,228.74273596704626,1.0,True
random,od_baseline,16000022,16,B,3939.5232692090467,4168.266005176094,228.74273596704734,228.74273596704626,1.0,True
random,od_baseline,17000011,17,B,2060.664763167964,2289.407499135011,228.74273596704734,228.74273596704626,1.0,True
random,od_baseline,17000012,17,B,2289.407499135011,2518.1502351020586,228.74273596704734,228.74273596704626,1.0,True
random,od_baseline,17000013,17,B,2518.1502351020586,2746.892971069106,228.74273596704734,228.74273596704626,1.0,True
random,od_baseline,17000014,17,B,2746.892971069106,2975.6357070361532,228.74273596704734,228.74273596704626,1.0,True
random,od_baseline,17000015,17,B,2975.6357070361532,3204.3784430032006,228.74273596704734,228.74273596704626,1.0,True
random,od_baseline,17000016,17,B,3204.3784430032006,3433.121178970248,228.74273596704734,228.74273596704626,1.0,True
random,od_baseline,17000017,17,A,3433.121178970248,3585.96426517046,152.84308620021193,48.19209238871334,3.171538703225262,False
random,od_baseline,17000018,17,A,3585.96426517046,3793.9053204683114,207.94105529785156,48.19209238871334,4.314837663005304,False
random,od_baseline,17000019,17,A,3793.9053204683114,3879.523911776905,85.61859130859375,48.19209238871334,1.7766107895461654,False
random,od_baseline,17000020,17,B,3879.523911776905,4108.2666477439525,228.74273596704734,228.74273596704626,1.0,True
random,od_baseline,18000012,18,A,2206.2797966306252,2262.4210334446975,56.14123681407227,48.19209238871334,1.1649470697649276,True
random,od_baseline,18000013,18,A,2262.4210334446975,2310.6131258334094,48.1920923887119,48.19209238871334,1.0,True
random,od_baseline,18000014,18,B,2310.6131258334094,2539.3558618004568,228.74273596704734,228.74273596704626,1.0,True
random,od_baseline,18000015,18,B,2539.3558618004568,2768.098597767504,228.74273596704734,228.74273596704626,1.0,True
random,od_baseline,18000016,18,B,2768.098597767504,2996.8413337345514,228.74273596704734,228.74273596704626,1.0,True
random,od_baseline,18000017,18,B,2996.8413337345514,3225.5840697015988,228.74273596704734,228.74273596704626,1.0,True
random,od_baseline,18000018,18,B,3225.5840697015988,3454.326805668646,228.74273596704734,228.74273596704626,1.0,True
random,od_baseline,18000019,18,A,3454.326805668646,3596.2322858003427,141.90548013169655,48.19209238871334,2.9445801810616343,False
random,od_baseline,18000020,18,A,3596.2322858003427,3767.914262118702,171.68197631835938,48.19209238871334,3.5624511783714863,False
random,od_baseline,18000021,18,B,3767.914262118702,3996.6569980857494,228.74273596704734,228.74273596704626,1.0,True
random,od_baseline,18000022,18,A,3996.6569980857494,4047.8349632927543,51.177965207004945,48.19209238871334,1.0619577335262351,True
random,od_baseline,19000011,19,B,2111.390591547368,2340.133327514415,228.74273596704734,228.74273596704626,1.0,True
random,od_baseline,19000012,19,B,2340.133327514415,2568.8760634814626,228.74273596704734,228.74273596704626,1.0,True
random,od_baseline,19000013,19,B,2568.8760634814626,2797.61879944851,228.74273596704734,228.74273596704626,1.0,True
random,od_baseline,19000014,19,B,2797.61879944851,3026.3615354155572,228.74273596704734,228.74273596704626,1.0,True
random,od_baseline,19000015,19,B,3026.3615354155572,3255.1042713826046,228.74273596704734,228.74273596704626,1.0,True
random,od_baseline,19000016,19,A,3255.1042713826046,3373.894281552296,118.79001016969141,48.19209238871334,2.4649274244318184,False
random,od_baseline,19000017,19,B,3373.894281552296,3602.6370175193433,228.74273596704734,228.74273596704626,1.0,True
random,od_baseline,19000018,19,B,3602.6370175193433,3831.3797534863907,228.74273596704734,228.74273596704626,1.0,True
random,od_baseline,19000019,19,B,3831.3797534863907,4060.122489453438,228.74273596704734,228.74273596704626,1.0,True
random,od_baseline,20000012,20,B,2050.191130355464,2278.933866322511,228.74273596704734,228.74273596704626,1.0,True
random,od_baseline,20000013,20,B,2278.933866322511,2507.6766022895586,228.74273596704734,228.74273596704626,1.0,True
random,od_baseline,20000014,20,A,2507.6766022895586,2658.759771701687,151.08316941212843,48.19209238871334,3.135019915580846,False
random,od_baseline,20000015,20,B,2658.759771701687,2887.5025076687343,228.74273596704734,228.74273596704626,1.0,True
random,od_baseline,20000016,20,B,2887.5025076687343,3116.2452436357817,228.74273596704734,228.74273596704626,1.0,True
random,od_baseline,20000017,20,B,3116.2452436357817,3344.987979602829,228.74273596704734,228.74273596704626,1.0,True
random,od_baseline,20000018,20,A,3344.987979602829,3445.1787664155772,100.19078681274823,48.19209238871334,2.078988104617202,False
random,od_baseline,20000019,20,B,3445.1787664155772,3673.9215023826246,228.74273596704734,228.74273596704626,1.0,True
random,od_baseline,20000020,20,B,3673.9215023826246,3902.664238349672,228.74273596704734,228.74273596704626,1.0,True
random,od_baseline,20000021,20,B,3902.664238349672,4131.406974316719,228.74273596704734,228.74273596704626,1.0,True
random,od_baseline,21000010,21,B,2001.6624590908154,2230.4051950578623,228.74273596704688,228.74273596704626,1.0,True
random,od_baseline,21000011,21,B,2230.4051950578623,2459.1479310249097,228.74273596704734,228.74273596704626,1.0,True
random,od_baseline,21000012,21,A,2459.1479310249097,2613.147436496609,153.9995054716992,48.19209238871334,3.1955347410432444,False
random,od_baseline,21000013,21,B,2613.147436496609,2841.890172463656,228.74273596704734,228.74273596704626,1.0,True
random,od_baseline,21000014,21,A,2841.890172463656,2890.082264852368,48.1920923887119,48.19209238871334,1.0,True
random,od_baseline,21000015,21,B,2890.082264852368,3118.8250008194154,228.74273596704734,228.74273596704626,1.0,True
random,od_baseline,21000016,21,B,3118.8250008194154,3347.567736786463,228.74273596704734,228.74273596704626,1.0,True
random,od_baseline,21000017,21,A,3347.567736786463,3450.969376864796,103.401640078333,48.19209238871334,2.1456142481696814,False
random,od_baseline,21000018,21,A,3450.969376864796,3571.3909772065927,120.42160034179688,48.19209238871334,2.498783397294445,False
random,od_baseline,21000019,21,A,3571.3909772065927,3714.7320416597177,143.341064453125,48.19209238871334,2.974368975244903,False
random,od_baseline,21000020,21,B,3714.7320416597177,3943.765997401418,229.03395574170054,228.74273596704626,1.0012731323398014,True
random,od_baseline,21000021,21,B,3943.765997401418,4172.508733368465,228.74273596704688,228.74273596704626,1.0,True
random,od_baseline,22000011,22,A,2132.1855142717286,2203.8656698581544,71.68015558642583,48.19209238871334,1.487384175151802,True
random,od_baseline,22000012,22,B,2203.8656698581544,2432.6084058252018,228.74273596704734,228.74273596704626,1.0,True
random,od_baseline,22000013,22,B,2432.6084058252018,2661.351141792249,228.74273596704734,228.74273596704626,1.0,True
random,od_baseline,22000014,22,B,2661.351141792249,2890.0938777592964,228.74273596704734,228.74273596704626,1.0,True
random,od_baseline,22000015,22,B,2890.0938777592964,3118.836613726344,228.74273596704734,228.74273596704626,1.0,True
random,od_baseline,22000016,22,B,3118.836613726344,3347.579349693391,228.74273596704734,228.74273596704626,1.0,True
random,od_baseline,22000017,22,A,3347.579349693391,3456.902756991749,109.32340729835778,48.19209238871334,2.268492648473621,False
random,od_baseline,22000018,22,B,3456.902756991749,3685.6454929587962,228.74273596704734,228.74273596704626,1.0,True
random,od_baseline,22000019,22,A,3685.6454929587962,3846.4790967134286,160.83360375463235,48.19209238871334,3.337344277508478,False
random,od_baseline,22000020,22,B,3846.4790967134286,4075.221832680476,228.74273596704734,228.74273596704626,1.0,True
random,od_baseline,23000011,23,B,2105.100537226079,2333.843273193126,228.74273596704734,228.74273596704626,1.0,True
random,od_baseline,23000012,23,B,2333.843273193126,2562.5860091601735,228.74273596704734,228.74273596704626,1.0,True
random,od_baseline,23000013,23,A,2562.5860091601735,2688.573538181179,125.98752902100568,48.19209238871334,2.614278043891536,False
random,od_baseline,23000014,23,B,2688.573538181179,2917.3162741482265,228.74273596704734,228.74273596704626,1.0,True
random,od_baseline,23000015,23,B,2917.3162741482265,3146.059010115274,228.74273596704734,228.74273596704626,1.0,True
random,od_baseline,23000016,23,B,3146.059010115274,3374.801746082321,228.74273596704734,228.74273596704626,1.0,True
random,od_baseline,23000017,23,B,3374.801746082321,3603.5444820493685,228.74273596704734,228.74273596704626,1.0,True
random,od_baseline,23000018,23,A,3603.5444820493685,3813.4846356538583,209.94015360448975,48.19209238871334,4.356319537054548,False
random,od_baseline,23000019,23,B,3813.4846356538583,4042.2273716209056,228.74273596704734,228.74273596704626,1.0,True
random,od_baseline,24000011,24,B,2117.4821451311036,2346.224881098151,228.74273596704734,228.74273596704626,1.0,True
random,od_baseline,24000012,24,A,2346.224881098151,2415.050588962429,68.82570786427823,48.19209238871334,1.4281535507762537,True
random,od_baseline,24000013,24,B,2415.050588962429,2643.7933249294765,228.74273596704734,228.74273596704626,1.0,True
random,od_baseline,24000014,24,B,2643.7933249294765,2872.536060896524,228.74273596704734,228.74273596704626,1.0,True
random,od_baseline,24000015,24,A,2872.536060896524,2920.7281532852357,48.1920923887119,48.19209238871334,1.0,True
random,od_baseline,24000016,24,B,2920.7281532852357,3149.470889252283,228.74273596704734,228.74273596704626,1.0,True
random,od_baseline,24000017,24,B,3149.470889252283,3378.2136252193304,228.74273596704734,228.74273596704626,1.0,True
random,od_baseline,24000018,24,B,3378.2136252193304,3606.9563611863778,228.74273596704734,228.74273596704626,1.0,True
random,od_baseline,24000019,24,A,3606.9563611863778,3741.705003085499,134.74864189912114,48.19209238871334,2.796073696328642,False
random,od_baseline,24000020,24,B,3741.705003085499,3970.4477390525462,228.74273596704734,228.74273596704626,1.0,True
random,od_baseline,24000021,24,A,3970.4477390525462,4020.2661461540824,49.818407101536195,48.19209238871334,1.0337465055408912,True
random,od_baseline,25000011,25,B,2188.447721302979,2417.1904572700264,228.74273596704734,228.74273596704626,1.0,True
random,od_baseline,25000012,25,B,2417.1904572700264,2645.9331932370737,228.74273596704734,228.74273596704626,1.0,True
random,od_baseline,25000013,25,B,2645.9331932370737,2874.675929204121,228.74273596704734,228.74273596704626,1.0,True
random,od_baseline,25000014,25,A,2874.675929204121,2922.868021592833,48.1920923887119,48.19209238871334,1.0,True
random,od_baseline,25000015,25,A,2922.868021592833,2971.060113981545,48.1920923887119,48.19209238871334,1.0,True
random,od_baseline,25000016,25,A,2971.060113981545,3019.2522063702568,48.1920923887119,48.19209238871334,1.0,True
random,od_baseline,25000017,25,B,3019.2522063702568,3247.994942337304,228.74273596704734,228.74273596704626,1.0,True
random,od_baseline,25000018,25,A,3247.994942337304,3349.719224276905,101.72428193960104,48.19209238871334,2.1108085766250113,False
random,od_baseline,25000019,25,B,3349.719224276905,3578.4619602439525,228.74273596704734,228.74273596704626,1.0,True
random,od_baseline,25000020,25,A,3578.4619602439525,3773.528733554249,195.0667733102964,48.19209238871334,4.047692549576481,False
random,od_baseline,25000021,25,B,3773.528733554249,4002.2714695212962,228.74273596704734,228.74273596704626,1.0,True
random,od_baseline,26000010,26,B,2039.138426498042,2267.8811624650893,228.74273596704734,228.74273596704626,1.0,True
random,od_baseline,26000011,26,B,2267.8811624650893,2496.6238984321367,228.74273596704734,228.74273596704626,1.0,True
random,od_baseline,26000012,26,B,2496.6238984321367,2725.366634399184,228.74273596704734,228.74273596704626,1.0,True
random,od_baseline,26000013,26,B,2725.366634399184,2954.1093703662314,228.74273596704734,228.74273596704626,1.0,True
random,od_baseline,26000014,26,B,2954.1093703662314,3182.8521063332787,228.74273596704734,228.74273596704626,1.0,True
random,od_baseline,26000015,26,B,3182.8521063332787,3411.594842300326,228.74273596704734,228.74273596704626,1.0,True
random,od_baseline,26000016,26,A,3411.594842300326,3570.1615002778817,158.56665797755568,48.19209238871334,3.2903044901759073,False
random,od_baseline,26000017,26,B,3570.1615002778817,3798.904236244929,228.74273596704734,228.74273596704626,1.0,True
random,od_baseline,26000018,26,A,3798.904236244929,3908.704057040577,109.79982079564797,48.19209238871334,2.2783783677623273,False
random,od_baseline,26000019,26,A,3908.704057040577,3965.1089337495614,56.404876708984375,48.19209238871334,1.170417674626522,True
random,od_baseline,26000020,26,B,3965.1089337495614,4193.851669716609,228.74273596704734,228.74273596704626,1.0,True
random,od_baseline,27000011,27,B,2194.7839334611826,2423.52666942823,228.74273596704734,228.74273596704626,1.0,True
random,od_baseline,27000012,27,A,2423.52666942823,2557.1453918188745,133.6187223906445,48.19209238871334,2.7726275363370236,False
random,od_baseline,27000013,27,B,2557.1453918188745,2785.888127785922,228.74273596704734,228.74273596704626,1.0,True
random,od_baseline,27000014,27,B,2785.888127785922,3014.630863752969,228.74273596704734,228.74273596704626,1.0,True
random,od_baseline,27000015,27,B,3014.630863752969,3243.3735997200165,228.74273596704734,228.74273596704626,1.0,True
random,od_baseline,27000016,27,B,3243.3735997200165,3472.116335687064,228.74273596704734,228.74273596704626,1.0,True
random,od_baseline,27000017,27,B,3472.116335687064,3700.859071654111,228.74273596704734,228.74273596704626,1.0,True
random,od_baseline,27000018,27,A,3700.859071654111,3865.7688763765145,164.90980472240335,48.19209238871334,3.421926638757554,False
random,od_baseline,27000019,27,B,3865.7688763765145,4094.511612343562,228.74273596704734,228.74273596704626,1.0,True
random,od_baseline,28000012,28,B,2118.3117053066358,2347.054441273683,228.74273596704734,228.74273596704626,1.0,True
random,od_baseline,28000013,28,A,2347.054441273683,2407.58990405032,60.535462776636905,48.19209238871334,1.2561285425908255,True
random,od_baseline,28000014,28,A,2407.58990405032,2555.92850339114,148.3385993408201,48.19209238871334,3.0780692845692093,False
random,od_baseline,28000015,28,B,2555.92850339114,2784.6712393581874,228.74273596704734,228.74273596704626,1.0,True
random,od_baseline,28000016,28,B,2784.6712393581874,3013.413975325235,228.74273596704734,228.74273596704626,1.0,True
random,od_baseline,28000017,28,A,3013.413975325235,3061.6060677139467,48.1920923887119,48.19209238871334,1.0,True
random,od_baseline,28000018,28,B,3061.6060677139467,3290.348803680994,228.74273596704734,228.74273596704626,1.0,True
random,od_baseline,28000019,28,B,3290.348803680994,3519.0915396480414,228.74273596704734,228.74273596704626,1.0,True
random,od_baseline,28000020,28,B,3519.0915396480414,3747.8342756150887,228.74273596704734,228.74273596704626,1.0,True
random,od_baseline,28000021,28,B,3747.8342756150887,3976.577011582136,228.74273596704734,228.74273596704626,1.0,True
random,od_baseline,28000022,28,B,3976.577011582136,4205.319747549183,228.74273596704734,228.74273596704626,1.0,True
random,od_baseline,29000013,29,A,2102.135481551753,2217.1905494359085,115.0550678841555,48.19209238871334,2.3874262805634388,False
random,od_baseline,29000014,29,B,2217.1905494359085,2445.933285402956,228.74273596704734,228.74273596704626,1.0,True
random,od_baseline,29000015,29,A,2445.933285402956,2597.8356231421167,151.90233773916088,48.19209238871334,3.152017897748234,False
random,od_baseline,29000016,29,B,2597.8356231421167,2826.578359109164,228.74273596704734,228.74273596704626,1.0,True
random,od_baseline,29000017,29,B,2826.578359109164,3055.3210950762113,228.74273596704734,228.74273596704626,1.0,True
random,od_baseline,29000018,29,B,3055.3210950762113,3284.0638310432587,228.74273596704734,228.74273596704626,1.0,True
random,od_baseline,29000019,29,B,3284.0638310432587,3512.806567010306,228.74273596704734,228.74273596704626,1.0,True
random,od_baseline,29000020,29,B,3512.806567010306,3741.5493029773534,228.74273596704734,228.74273596704626,1.0,True
random,od_baseline,29000021,29,B,3741.5493029773534,3970.2920389444007,228.74273596704734,228.74273596704626,1.0,True
random,od_baseline,29000022,29,A,3970.2920389444007,4019.8280605347027,49.53602159030197,48.19209238871334,1.027886923662675,True
random,od_baseline,30000011,30,B,2073.201275751469,2301.9440117185163,228.74273596704734,228.74273596704626,1.0,True
random,od_baseline,30000012,30,B,2301.9440117185163,2530.6867476855637,228.74273596704734,228.74273596704626,1.0,True
random,od_baseline,30000013,30,B,2530.6867476855637,2759.429483652611,228.74273596704734,228.74273596704626,1.0,True
random,od_baseline,30000014,30,B,2759.429483652611,2988.1722196196583,228.74273596704734,228.74273596704626,1.0,True
random,od_baseline,30000015,30,B,2988.1722196196583,3216.9149555867057,228.74273596704734,228.74273596704626,1.0,True
random,od_baseline,30000016,30,B,3216.9149555867057,3445.657691553753,228.74273596704734,228.74273596704626,1.0,True
random,od_baseline,30000017,30,A,3445.657691553753,3559.6584942964364,114.00080274268339,48.19209238871334,2.3655499707952616,False
random,od_baseline,30000018,30,B,3559.6584942964364,3788.4012302634837,228.74273596704734,228.74273596704626,1.0,True
random,od_baseline,30000019,30,B,3788.4012302634837,4017.143966230531,228.74273596704734,228.74273596704626,1.0,True
random,od_baseline,31000011,31,B,2101.037366688721,2329.780102655768,228.74273596704734,228.74273596704626,1.0,True
random,od_baseline,31000012,31,B,2329.780102655768,2558.5228386228155,228.74273596704734,228.74273596704626,1.0,True
random,od_baseline,31000013,31,B,2558.5228386228155,2787.265574589863,228.74273596704734,228.74273596704626,1.0,True
random,od_baseline,31000014,31,B,2787.265574589863,3016.00831055691,228.74273596704734,228.74273596704626,1.0,True
random,od_baseline,31000015,31,B,3016.00831055691,3244.7510465239575,228.74273596704734,228.74273596704626,1.0,True
random,od_baseline,31000016,31,B,3244.7510465239575,3473.493782491005,228.74273596704734,228.74273596704626,1.0,True
random,od_baseline,31000017,31,A,3473.493782491005,3638.084855380421,164.59107288941595,48.19209238871334,3.415312860081656,False
random,od_baseline,31000018,31,A,3638.084855380421,3841.7961743501473,203.71131896972656,48.19209238871334,4.227069398162012,False
random,od_baseline,31000019,31,B,3841.7961743501473,4070.5389103171947,228.74273596704734,228.74273596704626,1.0,True
random,once,11,0,A,2025.2660458627875,2136.7804147060497,111.51436884326222,48.19209238871334,2.313955740784126,False
random,once,12,0,B,2136.7804147060497,2368.854179602286,232.0737648962363,228.74273596704626,1.0145623375321957,True
random,once,13,0,A,2368.854179602286,2480.816295717042,111.9621161147561,48.19209238871334,2.3232466275105703,False
random,once,14,0,B,2480.816295717042,2717.1390935241725,236.32279780713043,228.74273596704626,1.0331379346672507,True
random,once,15,0,B,2717.1390935241725,2945.88182949122,228.74273596704734,228.74273596704626,1.0,True
random,once,16,0,B,2945.88182949122,3174.624565458267,228.74273596704734,228.74273596704626,1.0,True
random,once,17,0,B,3174.624565458267,3403.3673014253145,228.74273596704734,228.74273596704626,1.0,True
random,once,18,0,B,3403.3673014253145,3632.110037392362,228.74273596704734,228.74273596704626,1.0,True
random,once,19,0,B,3632.110037392362,3860.852773359409,228.74273596704734,228.74273596704626,1.0,True
random,once,20,0,B,3860.852773359409,4089.5955093264565,228.74273596704734,228.74273596704626,1.0,True
random,once,1000011,1,A,2126.1672773569285,2197.8698980305076,71.70262067357908,48.19209238871334,1.487850332275092,True
random,once,1000012,1,B,2197.8698980305076,2426.612633997555,228.74273596704734,228.74273596704626,1.0,True
random,once,1000013,1,A,2426.612633997555,2527.2176103166516,100.60497631909675,48.19209238871334,2.087582657910462,False
random,once,1000014,1,A,2527.2176103166516,2618.5471849016126,91.32957458496094,48.19209238871334,1.8951153614228724,False
random,once,1000015,1,A,2618.5471849016126,2726.6151696184093,108.06798471679667,48.19209238871334,2.2424422630403646,False
random,once,1000016,1,B,2726.6151696184093,2955.3579055854566,228.74273596704734,228.74273596704626,1.0,True
random,once,1000017,1,B,2955.3579055854566,3184.100641552504,228.74273596704734,228.74273596704626,1.0,True
random,once,1000018,1,A,3184.100641552504,3243.4522548786977,59.35161332619373,48.19209238871334,1.231563320543724,True
random,once,1000019,1,B,3243.4522548786977,3472.194990845745,228.74273596704734,228.74273596704626,1.0,True
random,once,1000020,1,A,3472.194990845745,3647.7951062458856,175.60011540014057,48.19209238871334,3.643753709296639,False
random,once,1000021,1,B,3647.7951062458856,3876.537842212933,228.74273596704734,228.74273596704626,1.0,True
random,once,1000022,1,B,3876.537842212933,4105.28057817998,228.74273596704688,228.74273596704626,1.0,True
random,once,2000011,2,B,2216.010955326425,2444.7536912934725,228.74273596704734,228.74273596704626,1.0,True
random,once,2000012,2,B,2444.7536912934725,2673.49642726052,228.74273596704734,228.74273596704626,1.0,True
random,once,2000013,2,A,2673.49642726052,2754.674938295167,81.17851103464727,48.19209238871334,1.6844778263593179,False
random,once,2000014,2,A,2754.674938295167,2835.192018203869,80.51707990870182,48.19209238871334,1.670752937209239,False
random,once,2000015,2,B,2835.192018203869,3070.5487699401883,235.35675173631944,228.74273596704626,1.0289146483332525,True
random,once,2000016,2,A,3070.5487699401883,3118.7408623289,48.1920923887119,48.19209238871334,1.0,True
random,once,2000017,2,B,3118.7408623289,3347.4835982959476,228.74273596704734,228.74273596704626,1.0,True
random,once,2000018,2,A,3347.4835982959476,3441.469375240026,93.98577694407822,48.19209238871334,1.9502323365832903,False
random,once,2000019,2,B,3441.469375240026,3670.212111207073,228.74273596704734,228.74273596704626,1.0,True
random,once,2000020,2,B,3670.212111207073,3898.9548471741205,228.74273596704734,228.74273596704626,1.0,True
random,once,2000021,2,B,3898.9548471741205,4127.697583141167,228.74273596704688,228.74273596704626,1.0,True
random,once,3000012,3,B,2213.0320302622026,2441.77476622925,228.74273596704734,228.74273596704626,1.0,True
random,once,3000013,3,A,2441.77476622925,2525.2956658342296,83.5208996049796,48.19209238871334,1.7330830736982137,False
random,once,3000014,3,B,2525.2956658342296,2765.8187268005395,240.5230609663099,228.74273596704626,1.0515003239314265,True
random,once,3000015,3,B,2765.8187268005395,2994.561462767587,228.74273596704734,228.74273596704626,1.0,True
random,once,3000016,3,B,2994.561462767587,3223.304198734634,228.74273596704734,228.74273596704626,1.0,True
random,once,3000017,3,A,3223.304198734634,3300.8853925007684,77.58119376613422,48.19209238871334,1.6098324418116332,False
random,once,3000018,3,B,3300.8853925007684,3558.856115820594,257.97072331982554,228.74273596704626,1.1277766798985478,True
random,once,3000019,3,A,3558.856115820594,3711.2451473347523,152.38903151415843,48.19209238871334,3.1621169358035215,False
random,once,3000020,3,B,3711.2451473347523,3939.9878833017997,228.74273596704734,228.74273596704626,1.0,True
random,once,3000021,3,B,3939.9878833017997,4178.472987887171,238.48510458537157,228.74273596704626,1.0425909420779544,True
random,once,4000012,4,A,2178.855961196142,2252.484766759043,73.6288055629011,48.19209238871334,1.5278192316079033,False
random,once,4000013,4,B,2252.484766759043,2481.2275027260903,228.74273596704734,228.74273596704626,1.0,True
random,once,4000014,4,B,2481.2275027260903,2709.9702386931376,228.74273596704734,228.74273596704626,1.0,True
random,once,4000015,4,B,2709.9702386931376,2938.712974660185,228.74273596704734,228.74273596704626,1.0,True
random,once,4000016,4,A,2938.712974660185,2986.905067048897,48.1920923887119,48.19209238871334,1.0,True
random,once,4000017,4,B,2986.905067048897,3215.647803015944,228.74273596704734,228.74273596704626,1.0,True
random,once,4000018,4,A,3215.647803015944,3283.64334232987,67.99553931392575,48.19209238871334,1.410927310760435,True
random,once,4000019,4,B,3283.64334232987,3517.611990454383,233.96864812451304,228.74273596704626,1.0228462431183811,True
random,once,4000020,4,B,3517.611990454383,3746.3547264214303,228.74273596704734,228.74273596704626,1.0,True
random,once,4000021,4,B,3746.3547264214303,3975.0974623884777,228.74273596704734,228.74273596704626,1.0,True
random,once,4000022,4,B,3975.0974623884777,4203.840198355525,228.74273596704734,228.74273596704626,1.0,True
random,once,5000011,5,B,2114.8698149250386,2348.410554016348,233.54073909130966,228.74273596704626,1.0209755431313658,True
random,once,5000012,5,A,2348.410554016348,2417.257054286378,68.84650027002999,48.19209238871334,1.4285849992716635,True
random,once,5000013,5,B,2417.257054286378,2645.9997902534255,228.74273596704734,228.74273596704626,1.0,True
random,once,5000014,5,B,2645.9997902534255,2874.742526220473,228.74273596704734,228.74273596704626,1.0,True
random,once,5000015,5,B,2874.742526220473,3103.48526218752,228.74273596704734,228.74273596704626,1.0,True
random,once,5000016,5,B,3103.48526218752,3332.2279981545676,228.74273596704734,228.74273596704626,1.0,True
random,once,5000017,5,B,3332.2279981545676,3560.970734121615,228.74273596704734,228.74273596704626,1.0,True
random,once,5000018,5,B,3560.970734121615,3789.7134700886622,228.74273596704734,228.74273596704626,1.0,True
random,once,5000019,5,B,3789.7134700886622,4018.4562060557096,228.74273596704734,228.74273596704626,1.0,True
random,once,6000010,6,B,2090.4084696381965,2319.151205605244,228.74273596704734,228.74273596704626,1.0,True
random,once,6000011,6,B,2319.151205605244,2547.893941572291,228.74273596704734,228.74273596704626,1.0,True
random,once,6000012,6,B,2547.893941572291,2776.6366775393385,228.74273596704734,228.74273596704626,1.0,True
random,once,6000013,6,B,2776.6366775393385,3005.379413506386,228.74273596704734,228.74273596704626,1.0,True
random,once,6000014,6,B,3005.379413506386,3234.122149473433,228.74273596704734,228.74273596704626,1.0,True
random,once,6000015,6,B,3234.122149473433,3465.280751450351,231.1586019769179,228.74273596704626,1.0105614982686038,True
random,once,6000016,6,B,3465.280751450351,3694.0234874173984,228.74273596704734,228.74273596704626,1.0,True
random,once,6000017,6,A,3694.0234874173984,3808.403297871862,114.3798104544635,48.19209238871334,2.373414491570227,False
random,once,6000018,6,A,3808.403297871862,3900.0894466511586,91.68614877929667,48.19209238871334,1.9025143801552327,False
random,once,6000019,6,B,3900.0894466511586,4145.480261328406,245.39081467724782,228.74273596704626,1.0727807973434398,True
random,once,7000011,7,B,2142.3799857258196,2372.269759533927,229.8897738081073,228.74273596704626,1.0050145323138318,True
random,once,7000012,7,B,2372.269759533927,2601.012495500974,228.74273596704734,228.74273596704626,1.0,True
random,once,7000013,7,B,2601.012495500974,2829.7552314680215,228.74273596704734,228.74273596704626,1.0,True
random,once,7000014,7,B,2829.7552314680215,3058.497967435069,228.74273596704734,228.74273596704626,1.0,True
random,once,7000015,7,B,3058.497967435069,3287.240703402116,228.74273596704734,228.74273596704626,1.0,True
random,once,7000016,7,A,3287.240703402116,3348.2355685032194,60.99486510110319,48.19209238871334,1.265661275072345,True
random,once,7000017,7,B,3348.2355685032194,3576.9783044702667,228.74273596704734,228.74273596704626,1.0,True
random,once,7000018,7,A,3576.9783044702667,3742.6871266072135,165.70882213694676,48.19209238871334,3.438506483602194,False
random,once,7000019,7,B,3742.6871266072135,3971.429862574261,228.74273596704734,228.74273596704626,1.0,True
random,once,7000020,7,B,3971.429862574261,4200.172598541308,228.74273596704688,228.74273596704626,1.0,True
random,once,8000011,8,B,2121.4871702717182,2350.2299062387656,228.74273596704734,228.74273596704626,1.0,True
random,once,8000012,8,B,2350.2299062387656,2578.972642205813,228.74273596704734,228.74273596704626,1.0,True
random,once,8000013,8,A,2578.972642205813,2651.915204823488,72.94256261767487,48.19209238871334,1.5135794899571142,False
random,once,8000014,8,B,2651.915204823488,2880.657940790535,228.74273596704734,228.74273596704626,1.0,True
random,once,8000015,8,B,2880.657940790535,3109.4006767575825,228.74273596704734,228.74273596704626,1.0,True
random,once,8000016,8,A,3109.4006767575825,3158.0743601900203,48.67368343243788,48.19209238871334,1.009993154890227,True
random,once,8000017,8,B,3158.0743601900203,3386.8170961570677,228.74273596704734,228.74273596704626,1.0,True
random,once,8000018,8,A,3386.8170961570677,3490.883637740026,104.06654158295851,48.19209238871334,2.1594111486915026,False
random,once,8000019,8,B,3490.883637740026,3719.6263737070735,228.74273596704734,228.74273596704626,1.0,True
random,once,8000020,8,B,3719.6263737070735,3948.369109674121,228.74273596704734,228.74273596704626,1.0,True
random,once,8000021,8,B,3948.369109674121,4177.111845641168,228.74273596704688,228.74273596704626,1.0,True
random,once,9000011,9,B,2114.824937977046,2343.5676739440933,228.74273596704734,228.74273596704626,1.0,True
random,once,9000012,9,A,2343.5676739440933,2408.1472757463393,64.57960180224609,48.19209238871334,1.340045609170743,True
random,once,9000013,9,B,2408.1472757463393,2637.403628338626,229.25635259228648,228.74273596704626,1.0022453898833938,True
random,once,9000014,9,B,2637.403628338626,2866.146364305673,228.74273596704734,228.74273596704626,1.0,True
random,once,9000015,9,A,2866.146364305673,2914.338456694385,48.1920923887119,48.19209238871334,1.0,True
random,once,9000016,9,B,2914.338456694385,3143.0811926614324,228.74273596704734,228.74273596704626,1.0,True
random,once,9000017,9,B,3143.0811926614324,3371.8239286284797,228.74273596704734,228.74273596704626,1.0,True
random,once,9000018,9,A,3371.8239286284797,3463.897887813268,92.07395918478824,48.19209238871334,1.9105615593970784,False
random,once,9000019,9,B,3463.897887813268,3692.6406237803153,228.74273596704734,228.74273596704626,1.0,True
random,once,9000020,9,A,3692.6406237803153,3821.6632855671746,129.02266178685932,48.19209238871334,2.677257935724671,False
random,once,9000021,9,B,3821.6632855671746,4050.406021534222,228.74273596704734,228.74273596704626,1.0,True
random,once,10000010,10,B,2216.3916754968345,2445.134411463882,228.74273596704734,228.74273596704626,1.0,True
random,once,10000011,10,A,2445.134411463882,2540.5656175188,95.43120605491822,48.19209238871334,1.9802254130237422,False
random,once,10000012,10,A,2540.5656175188,2631.5301255754407,90.96450805664062,48.19209238871334,1.8875401242786596,False
random,once,10000013,10,A,2631.5301255754407,2712.7217607072766,81.19163513183594,48.19209238871334,1.6847501552111719,False
random,once,10000014,10,B,2712.7217607072766,2941.482965594485,228.76120488720835,228.74273596704626,1.000080741012754,True
random,once,10000015,10,B,2941.482965594485,3170.2257015615323,228.74273596704734,228.74273596704626,1.0,True
random,once,10000016,10,A,3170.2257015615323,3232.9897263149824,62.76402475345003,48.19209238871334,1.3023718548512215,True
random,once,10000017,10,A,3232.9897263149824,3309.1097798054557,76.12005349047331,48.19209238871334,1.5795133541099522,False
random,once,10000018,10,B,3309.1097798054557,3540.5188660647345,231.40908625927887,228.74273596704626,1.011656546298444,True
random,once,10000019,10,A,3540.5188660647345,3692.6938930622914,152.17502699755687,48.19209238871334,3.157676279546569,False
random,once,10000020,10,A,3692.6938930622914,3803.481193990026,110.78730092773458,48.19209238871334,2.298868869069506,False
random,once,10000021,10,B,3803.481193990026,4036.354642529578,232.8734485395521,228.74273596704626,1.0180583333282371,True
random,once,11000011,11,A,2142.3786546999413,2208.3520231769917,65.97336847705037,48.19209238871334,1.3689666749663982,True
random,once,11000012,11,B,2208.3520231769917,2445.211830359122,236.85980718213023,228.74273596704626,1.0354855911850829,True
random,once,11000013,11,B,2445.211830359122,2673.9545663261692,228.74273596704734,228.74273596704626,1.0,True
random,once,11000014,11,A,2673.9545663261692,2756.8527489641124,82.89818263794314,48.19209238871334,1.7201615146587412,False
random,once,11000015,11,B,2756.8527489641124,2985.5954849311597,228.74273596704734,228.74273596704626,1.0,True
random,once,11000016,11,B,2985.5954849311597,3214.338220898207,228.74273596704734,228.74273596704626,1.0,True
random,once,11000017,11,B,3214.338220898207,3443.0809568652544,228.74273596704734,228.74273596704626,1.0,True
random,once,11000018,11,A,3443.0809568652544,3557.7620472615104,114.68109039625597,48.19209238871334,2.379666138403952,False
random,once,11000019,11,B,3557.7620472615104,3791.3489441897345,233.58689692822418,228.74273596704626,1.0211773324328681,True
random,once,11000020,11,A,3791.3489441897345,3869.4013931850996,78.05244899536501,48.19209238871334,1.6196111255307315,False
random,once,11000021,11,A,3869.4013931850996,3935.811516255651,66.41012307055144,48.19209238871334,1.3780294604121563,True
random,once,11000022,11,A,3935.811516255651,3992.1954121296744,56.38389587402344,48.19209238871334,1.169982316169958,True
random,once,11000023,11,B,3992.1954121296744,4220.938148096721,228.74273596704688,228.74273596704626,1.0,True
random,once,12000010,12,B,2042.4831688947736,2271.2259048618207,228.7427359670471,228.74273596704626,1.0,True
random,once,12000011,12,B,2271.2259048618207,2499.968640828868,228.74273596704734,228.74273596704626,1.0,True
random,once,12000012,12,A,2499.968640828868,2608.732350306886,108.76370947801797,48.19209238871334,2.256878755143875,False
random,once,12000013,12,B,2608.732350306886,2837.4750862739334,228.74273596704734,228.74273596704626,1.0,True
random,once,12000014,12,B,2837.4750862739334,3066.2178222409807,228.74273596704734,228.74273596704626,1.0,True
random,once,12000015,12,A,3066.2178222409807,3114.4099146296926,48.1920923887119,48.19209238871334,1.0,True
random,once,12000016,12,A,3114.4099146296926,3162.6020070184045,48.1920923887119,48.19209238871334,1.0,True
random,once,12000017,12,B,3162.6020070184045,3391.344742985452,228.74273596704734,228.74273596704626,1.0,True
random,once,12000018,12,B,3391.344742985452,3620.087478952499,228.74273596704734,228.74273596704626,1.0,True
random,once,12000019,12,B,3620.087478952499,3848.8302149195465,228.74273596704734,228.74273596704626,1.0,True
random,once,12000020,12,B,3848.8302149195465,4077.572950886594,228.74273596704734,228.74273596704626,1.0,True
random,once,13000011,13,A,2000.550822278803,2149.0644797443742,148.5136574655712,48.19209238871334,3.0817017918141554,False
random,once,13000012,13,A,2149.0644797443742,2224.2345152424214,75.17003549804713,48.19209238871334,1.559800203148101,False
random,once,13000013,13,B,2224.2345152424214,2458.148513196036,233.91399795361485,228.74273596704626,1.0226073276806202,True
random,once,13000014,13,B,2458.148513196036,2686.8912491630836,228.74273596704734,228.74273596704626,1.0,True
random,once,13000015,13,B,2686.8912491630836,2915.633985130131,228.74273596704734,228.74273596704626,1.0,True
random,once,13000016,13,B,2915.633985130131,3144.3767210971782,228.74273596704734,228.74273596704626,1.0,True
random,once,13000017,13,B,3144.3767210971782,3373.1194570642256,228.74273596704734,228.74273596704626,1.0,True
random,once,13000018,13,B,3373.1194570642256,3601.862193031273,228.74273596704734,228.74273596704626,1.0,True
random,once,13000019,13,A,3601.862193031273,3760.4788746540885,158.61668162281558,48.19209238871334,3.2913424954332102,False
random,once,13000020,13,B,3760.4788746540885,3989.221610621136,228.74273596704734,228.74273596704626,1.0,True
random,once,13000021,13,B,3989.221610621136,4217.964346588183,228.74273596704688,228.74273596704626,1.0,True
random,once,14000011,14,B,2099.4975208435053,2328.2402568105526,228.74273596704734,228.74273596704626,1.0,True
random,once,14000012,14,A,2328.2402568105526,2380.6160241105968,52.37576730004412,48.19209238871334,1.0868124769845147,True
random,once,14000013,14,A,2380.6160241105968,2496.056774232667,115.44075012207031,48.19209238871334,2.395429299706163,False
random,once,14000014,14,B,2496.056774232667,2724.7995101997144,228.74273596704734,228.74273596704626,1.0,True
random,once,14000015,14,A,2724.7995101997144,2799.3222550920423,74.52274489232786,48.19209238871334,1.5463687339249292,False
random,once,14000016,14,B,2799.3222550920423,3028.0649910590896,228.74273596704734,228.74273596704626,1.0,True
random,once,14000017,14,B,3028.0649910590896,3256.807727026137,228.74273596704734,228.74273596704626,1.0,True
random,once,14000018,14,B,3256.807727026137,3485.5504629931843,228.74273596704734,228.74273596704626,1.0,True
random,once,14000019,14,B,3485.5504629931843,3714.2931989602316,228.74273596704734,228.74273596704626,1.0,True
random,once,14000020,14,B,3714.2931989602316,3943.035934927279,228.74273596704734,228.74273596704626,1.0,True
random,once,14000021,14,B,3943.035934927279,4171.778670894326,228.74273596704688,228.74273596704626,1.0,True
random,once,15000010,15,A,2039.9989881723577,2194.219332747304,154.22034457494647,48.19209238871334,3.200117216970332,False
random,once,15000011,15,A,2194.219332747304,2267.0319500583496,72.81261731104541,48.19209238871334,1.510883086871286,False
random,once,15000012,15,B,2267.0319500583496,2495.774686025397,228.74273596704734,228.74273596704626,1.0,True
random,once,15000013,15,B,2495.774686025397,2724.5174219924443,228.74273596704734,228.74273596704626,1.0,True
random,once,15000014,15,A,2724.5174219924443,2804.4668558244643,79.94943383202008,48.19209238871334,1.658974115237718,False
random,once,15000015,15,B,2804.4668558244643,3033.8323087585477,229.36545293408335,228.74273596704626,1.0027223464142128,True
random,once,15000016,15,B,3033.8323087585477,3262.575044725595,228.74273596704734,228.74273596704626,1.0,True
random,once,15000017,15,B,3262.575044725595,3491.3177806926424,228.74273596704734,228.74273596704626,1.0,True
random,once,15000018,15,A,3491.3177806926424,3682.6021114460805,191.2843307534381,48.19209238871334,3.9692057611973945,False
random,once,15000019,15,A,3682.6021114460805,3793.1585231892445,110.55641174316406,48.19209238871334,2.2940778510180757,False
random,once,15000020,15,B,3793.1585231892445,4021.901259156292,228.74273596704734,228.74273596704626,1.0,True
random,once,16000011,16,B,2103.6533605549216,2332.6705316286534,229.0171710737318,228.74273596704626,1.001199754411983,True
random,once,16000012,16,B,2332.6705316286534,2561.4132675957007,228.74273596704734,228.74273596704626,1.0,True
random,once,16000013,16,A,2561.4132675957007,2649.372327626222,87.95906003052141,48.19209238871334,1.8251761994696365,False
random,once,16000014,16,A,2649.372327626222,2738.3460682763734,88.97374065015129,48.19209238871334,1.8462311188420004,False
random,once,16000015,16,A,2738.3460682763734,2827.7639749650893,89.4179066887159,48.19209238871334,1.8554476939386368,False
random,once,16000016,16,B,2827.7639749650893,3056.5067109321367,228.74273596704734,228.74273596704626,1.0,True
random,once,16000017,16,B,3056.5067109321367,3285.249446899184,228.74273596704734,228.74273596704626,1.0,True
random,once,16000018,16,A,3285.249446899184,3347.832008809362,62.5825619101779,48.19209238871334,1.2986064478253454,True
random,once,16000019,16,A,3347.832008809362,3404.0689388386586,56.23693002929667,48.19209238871334,1.1669327319447835,True
random,once,16000020,16,B,3404.0689388386586,3635.9479958010625,231.87905696240387,228.74273596704626,1.0137111282773563,True
random,once,16000021,16,B,3635.9479958010625,3864.69073176811,228.74273596704734,228.74273596704626,1.0,True
random,once,16000022,16,B,3864.69073176811,4093.433467735157,228.74273596704734,228.74273596704626,1.0,True
random,once,17000011,17,B,2065.8166227863667,2294.559358753414,228.74273596704734,228.74273596704626,1.0,True
random,once,17000012,17,B,2294.559358753414,2523.3020947204614,228.74273596704734,228.74273596704626,1.0,True
random,once,17000013,17,B,2523.3020947204614,2752.0448306875087,228.74273596704734,228.74273596704626,1.0,True
random,once,17000014,17,B,2752.0448306875087,2980.787566654556,228.74273596704734,228.74273596704626,1.0,True
random,once,17000015,17,B,2980.787566654556,3209.5303026216034,228.74273596704734,228.74273596704626,1.0,True
random,once,17000016,17,B,3209.5303026216034,3438.2730385886507,228.74273596704734,228.74273596704626,1.0,True
random,once,17000017,17,A,3438.2730385886507,3616.5377583210807,178.26471973242997,48.19209238871334,3.6990450278556453,False
random,once,17000018,17,A,3616.5377583210807,3766.613770796667,150.07601247558614,48.19209238871334,3.114121114831158,False
random,once,17000019,17,A,3766.613770796667,3855.3668988484246,88.75312805175781,48.19209238871334,1.8416533429568194,False
random,once,17000020,17,B,3855.3668988484246,4084.7448402834843,229.3779414350597,228.74273596704626,1.002776942687723,True
random,once,18000012,18,A,2218.5778286367236,2269.833505356938,51.255676720214524,48.19209238871334,1.0635702701345808,True
random,once,18000013,18,A,2269.833505356938,2318.02559774565,48.1920923887119,48.19209238871334,1.0,True
random,once,18000014,18,B,2318.02559774565,2546.7683337126973,228.74273596704734,228.74273596704626,1.0,True
random,once,18000015,18,B,2546.7683337126973,2775.5110696797447,228.74273596704734,228.74273596704626,1.0,True
random,once,18000016,18,B,2775.5110696797447,3004.253805646792,228.74273596704734,228.74273596704626,1.0,True
random,once,18000017,18,B,3004.253805646792,3232.9965416138393,228.74273596704734,228.74273596704626,1.0,True
random,once,18000018,18,B,3232.9965416138393,3461.7392775808867,228.74273596704734,228.74273596704626,1.0,True
random,once,18000019,18,A,3461.7392775808867,3610.8980098835805,149.1587323026938,48.19209238871334,3.095087283191443,False
random,once,18000020,18,A,3610.8980098835805,3769.7020497029166,158.80403981933614,48.19209238871334,3.2952302327617606,False
random,once,18000021,18,B,3769.7020497029166,4003.7335403323123,234.03149062939565,228.74273596704626,1.0231209731753463,True
random,once,19000011,19,B,2029.9126836120595,2258.655419579107,228.74273596704734,228.74273596704626,1.0,True
random,once,19000012,19,B,2258.655419579107,2487.398155546154,228.74273596704734,228.74273596704626,1.0,True
random,once,19000013,19,B,2487.398155546154,2716.1408915132015,228.74273596704734,228.74273596704626,1.0,True
random,once,19000014,19,B,2716.1408915132015,2944.883627480249,228.74273596704734,228.74273596704626,1.0,True
random,once,19000015,19,B,2944.883627480249,3173.626363447296,228.74273596704734,228.74273596704626,1.0,True
random,once,19000016,19,A,3173.626363447296,3232.3660816853385,58.739718238042315,48.19209238871334,1.21886631865354,True
random,once,19000017,19,B,3232.3660816853385,3463.456159253211,231.0900775678724,228.74273596704626,1.010261928497543,True
random,once,19000018,19,B,3463.456159253211,3692.1988952202582,228.74273596704734,228.74273596704626,1.0,True
random,once,19000019,19,B,3692.1988952202582,3920.9416311873056,228.74273596704734,228.74273596704626,1.0,True
random,once,19000020,19,B,3920.9416311873056,4149.684367154353,228.74273596704734,228.74273596704626,1.0,True
random,once,20000013,20,B,2221.270690320059,2450.0134262871065,228.74273596704734,228.74273596704626,1.0,True
random,once,20000014,20,A,2450.0134262871065,2569.0281182268077,119.01469193970115,48.19209238871334,2.4695896368171506,False
random,once,20000015,20,B,2569.0281182268077,2797.770854193855,228.74273596704734,228.74273596704626,1.0,True
random,once,20000016,20,B,2797.770854193855,3026.5135901609024,228.74273596704734,228.74273596704626,1.0,True
random,once,20000017,20,B,3026.5135901609024,3255.2563261279497,228.74273596704734,228.74273596704626,1.0,True
random,once,20000018,20,A,3255.2563261279497,3327.375694722448,72.11936859449816,48.19209238871334,1.4964979734183241,True
random,once,20000019,20,B,3327.375694722448,3562.305365088172,234.92967036572418,228.74273596704626,1.027047566658332,True
random,once,20000020,20,B,3562.305365088172,3791.0481010552194,228.74273596704734,228.74273596704626,1.0,True
random,once,20000021,20,B,3791.0481010552194,4019.7908370222667,228.74273596704734,228.74273596704626,1.0,True
random,once,21000011,21,B,2167.3190870493117,2396.061823016359,228.74273596704734,228.74273596704626,1.0,True
random,once,21000012,21,A,2396.061823016359,2496.4597062639173,100.39788324755818,48.19209238871334,2.083285416158264,False
random,once,21000013,21,B,2496.4597062639173,2726.8950817810082,230.43537551709096,228.74273596704626,1.0073997521402758,True
random,once,21000014,21,A,2726.8950817810082,2809.1078165178237,82.21273473681549,48.19209238871334,1.7059382704053296,False
random,once,21000015,21,B,2809.1078165178237,3054.364053851321,245.2562373334972,228.74273596704626,1.0721924624038333,True
random,once,21000016,21,B,3054.364053851321,3283.1067898183683,228.74273596704734,228.74273596704626,1.0,True
random,once,21000017,21,A,3283.1067898183683,3351.566597432409,68.45980761404053,48.19209238871334,1.4205610136586209,True
random,once,21000018,21,A,3351.566597432409,3416.275588618932,64.70899118652324,48.19209238871334,1.3427304767053065,True
random,once,21000019,21,A,3416.275588618932,3552.743331538854,136.46774291992188,48.19209238871334,2.831745544874553,False
random,once,21000020,21,B,3552.743331538854,3781.4860675059012,228.74273596704734,228.74273596704626,1.0,True
random,once,21000021,21,B,3781.4860675059012,4010.2288034729486,228.74273596704734,228.74273596704626,1.0,True
random,once,22000011,22,A,2172.492860950679,2256.926952278554,84.43409132787474,48.19209238871334,1.752032068805739,False
random,once,22000012,22,B,2256.926952278554,2485.6696882456013,228.74273596704734,228.74273596704626,1.0,True
random,once,22000013,22,B,2485.6696882456013,2714.4124242126486,228.74273596704734,228.74273596704626,1.0,True
random,once,22000014,22,B,2714.4124242126486,2943.155160179696,228.74273596704734,228.74273596704626,1.0,True
random,once,22000015,22,B,2943.155160179696,3171.8978961467433,228.74273596704734,228.74273596704626,1.0,True
random,once,22000016,22,B,3171.8978961467433,3400.6406321137906,228.74273596704734,228.74273596704626,1.0,True
random,once,22000017,22,A,3400.6406321137906,3532.2031941120963,131.56256199830568,48.19209238871334,2.7299616073345225,False
random,once,22000018,22,B,3532.2031941120963,3760.9459300791436,228.74273596704734,228.74273596704626,1.0,True
random,once,22000019,22,A,3760.9459300791436,3858.153053731237,97.20712365209329,48.19209238871334,2.0170762221326446,False
random,once,22000020,22,B,3858.153053731237,4093.9301498293826,235.77709609814565,228.74273596704626,1.0307522776684492,True
random,once,23000011,23,B,2151.383325701904,2380.1260616689515,228.74273596704734,228.74273596704626,1.0,True
random,once,23000012,23,B,2380.1260616689515,2608.868797635999,228.74273596704734,228.74273596704626,1.0,True
random,once,23000013,23,A,2608.868797635999,2700.200298402589,91.33150076659012,48.19209238871334,1.8951553302545563,False
random,once,23000014,23,B,2700.200298402589,2928.9430343696363,228.74273596704734,228.74273596704626,1.0,True
random,once,23000015,23,B,2928.9430343696363,3157.6857703366836,228.74273596704734,228.74273596704626,1.0,True
random,once,23000016,23,B,3157.6857703366836,3386.428506303731,228.74273596704734,228.74273596704626,1.0,True
random,once,23000017,23,B,3386.428506303731,3615.1712422707783,228.74273596704734,228.74273596704626,1.0,True
random,once,23000018,23,A,3615.1712422707783,3733.2373585408072,118.06611627002894,48.19209238871334,2.449906414473927,False
random,once,23000019,23,B,3733.2373585408072,3961.9800945078546,228.74273596704734,228.74273596704626,1.0,True
random,once,23000020,23,B,3961.9800945078546,4190.7228304749015,228.74273596704688,228.74273596704626,1.0,True
random,once,24000011,24,B,2068.8182630747015,2297.560999041749,228.74273596704734,228.74273596704626,1.0,True
random,once,24000012,24,A,2297.560999041749,2345.7530914304607,48.1920923887119,48.19209238871334,1.0,True
random,once,24000013,24,B,2345.7530914304607,2574.495827397508,228.74273596704734,228.74273596704626,1.0,True
random,once,24000014,24,B,2574.495827397508,2803.2385633645554,228.74273596704734,228.74273596704626,1.0,True
random,once,24000015,24,A,2803.2385633645554,2860.5123174973355,57.27375413278014,48.19209238871334,1.1884471350779893,True
random,once,24000016,24,B,2860.5123174973355,3089.255053464383,228.74273596704734,228.74273596704626,1.0,True
random,once,24000017,24,B,3089.255053464383,3317.99778943143,228.74273596704734,228.74273596704626,1.0,True
random,once,24000018,24,B,3317.99778943143,3546.7405253984775,228.74273596704734,228.74273596704626,1.0,True
random,once,24000019,24,A,3546.7405253984775,3702.034760786901,155.29423538842366,48.19209238871334,3.222400765167727,False
random,once,24000020,24,B,3702.034760786901,3930.7774967539485,228.74273596704734,228.74273596704626,1.0,True
random,once,24000021,24,A,3930.7774967539485,3988.0958569783074,57.31836022435891,48.19209238871334,1.189372724513264,True
random,once,24000022,24,B,3988.0958569783074,4216.838592945354,228.74273596704688,228.74273596704626,1.0,True
random,once,25000011,25,B,2106.1136953012647,2334.856431268312,228.74273596704734,228.74273596704626,1.0,True
random,once,25000012,25,B,2334.856431268312,2563.5991672353593,228.74273596704734,228.74273596704626,1.0,True
random,once,25000013,25,B,2563.5991672353593,2792.3419032024067,228.74273596704734,228.74273596704626,1.0,True
random,once,25000014,25,A,2792.3419032024067,2851.7064472329266,59.36454403051994,48.19209238871334,1.231831636437168,True
random,once,25000015,25,A,2851.7064472329266,2899.8985396216385,48.1920923887119,48.19209238871334,1.0,True
random,once,25000016,25,A,2899.8985396216385,2948.0906320103504,48.1920923887119,48.19209238871334,1.0,True
random,once,25000017,25,B,2948.0906320103504,3176.8333679773978,228.74273596704734,228.74273596704626,1.0,True
random,once,25000018,25,A,3176.8333679773978,3250.2962032429555,73.46283526555771,48.19209238871334,1.5243752994373578,False
random,once,25000019,25,B,3250.2962032429555,3496.387457585668,246.09125434271255,228.74273596704626,1.0758429259067952,True
random,once,25000020,25,A,3496.387457585668,3661.017028438268,164.62957085259995,48.19209238871334,3.416111704067791,False
random,once,25000021,25,B,3661.017028438268,3891.9266708254763,230.90964238720835,228.74273596704626,1.0094731157734962,True
random,once,25000022,25,B,3891.9266708254763,4120.669406792524,228.74273596704734,228.74273596704626,1.0,True
random,once,26000010,26,B,2099.3984472248435,2328.141183191891,228.74273596704734,228.74273596704626,1.0,True
random,once,26000011,26,B,2328.141183191891,2556.883919158938,228.74273596704734,228.74273596704626,1.0,True
random,once,26000012,26,B,2556.883919158938,2785.6266551259855,228.74273596704734,228.74273596704626,1.0,True
random,once,26000013,26,B,2785.6266551259855,3014.369391093033,228.74273596704734,228.74273596704626,1.0,True
random,once,26000014,26,B,3014.369391093033,3243.11212706008,228.74273596704734,228.74273596704626,1.0,True
random,once,26000015,26,B,3243.11212706008,3471.8548630271275,228.74273596704734,228.74273596704626,1.0,True
random,once,26000016,26,A,3471.8548630271275,3602.6485455769403,130.79368254981273,48.19209238871334,2.7140071340924967,False
random,once,26000017,26,B,3602.6485455769403,3831.3912815439876,228.74273596704734,228.74273596704626,1.0,True
random,once,26000018,26,A,3831.3912815439876,3900.9539570515494,69.56267550756183,48.19209238871334,1.443445844734758,True
random,once,26000019,26,A,3900.9539570515494,3959.4737019245963,58.519744873046875,48.19209238871334,1.214301807048168,True
random,once,26000020,26,B,3959.4737019245963,4191.042142529578,231.5684406049818,228.74273596704626,1.0123531994403643,True
random,once,27000010,27,B,2110.95898728832,2339.701723255367,228.74273596704734,228.74273596704626,1.0,True
random,once,27000011,27,B,2339.701723255367,2568.4444592224145,228.74273596704734,228.74273596704626,1.0,True
random,once,27000012,27,A,2568.4444592224145,2660.643232167238,92.1987729448233,48.19209238871334,1.9131514813915071,False
random,once,27000013,27,B,2660.643232167238,2891.3680432067895,230.7248110395517,228.74273596704626,1.008665084222788,True
random,once,27000014,27,B,2891.3680432067895,3120.110779173837,228.74273596704734,228.74273596704626,1.0,True
random,once,27000015,27,B,3120.110779173837,3348.853515140884,228.74273596704734,228.74273596704626,1.0,True
random,once,27000016,27,B,3348.853515140884,3577.5962511079315,228.74273596704734,228.74273596704626,1.0,True
random,once,27000017,27,B,3577.5962511079315,3806.338987074979,228.74273596704734,228.74273596704626,1.0,True
random,once,27000018,27,A,3806.338987074979,3909.4538071255292,103.1148200505504,48.19209238871334,2.13966264877721,False
random,once,27000019,27,B,3909.4538071255292,4139.345265185828,229.89145806029865,228.74273596704626,1.0050218953987586,True
random,once,28000011,28,A,2047.4121343586326,2151.9681273029682,104.55599294433569,48.19209238871334,2.1695674074700033,False
random,once,28000012,28,B,2151.9681273029682,2382.751884680411,230.78375737744273,228.74273596704626,1.008922781314859,True
random,once,28000013,28,A,2382.751884680411,2489.825666249269,107.07378156885807,48.19209238871334,2.2218122571896237,False
random,once,28000014,28,A,2489.825666249269,2573.593647914308,83.76798166503886,48.19209238871334,1.7382100986479982,False
random,once,28000015,28,B,2573.593647914308,2804.293481951907,230.69983403759898,228.74273596704626,1.0085558916757675,True
random,once,28000016,28,B,2804.293481951907,3033.332704775362,229.03922282345502,228.74273596704626,1.0012961585650155,True
random,once,28000017,28,A,3033.332704775362,3081.524797164074,48.1920923887119,48.19209238871334,1.0,True
random,once,28000018,28,B,3081.524797164074,3310.267533131121,228.74273596704734,228.74273596704626,1.0,True
random,once,28000019,28,B,3310.267533131121,3539.0102690981685,228.74273596704734,228.74273596704626,1.0,True
random,once,28000020,28,B,3539.0102690981685,3767.753005065216,228.74273596704734,228.74273596704626,1.0,True
random,once,28000021,28,B,3767.753005065216,3996.495741032263,228.74273596704734,228.74273596704626,1.0,True
random,once,28000022,28,B,3996.495741032263,4227.53908874905,231.04334771678714,228.74273596704626,1.0100576385082336,True
random,once,29000014,29,B,2150.1384984943747,2380.7460168581456,230.60751836377085,228.74273596704626,1.0081523130727668,True
random,once,29000015,29,A,2380.7460168581456,2489.2128258684093,108.46680901026366,48.19209238871334,2.2507179836762337,False
random,once,29000016,29,B,2489.2128258684093,2717.9555618354566,228.74273596704734,228.74273596704626,1.0,True
random,once,29000017,29,B,2717.9555618354566,2946.698297802504,228.74273596704734,228.74273596704626,1.0,True
random,once,29000018,29,B,2946.698297802504,3175.4410337695513,228.74273596704734,228.74273596704626,1.0,True
random,once,29000019,29,B,3175.4410337695513,3404.1837697365986,228.74273596704734,228.74273596704626,1.0,True
random,once,29000020,29,B,3404.1837697365986,3632.926505703646,228.74273596704734,228.74273596704626,1.0,True
random,once,29000021,29,B,3632.926505703646,3861.6692416706933,228.74273596704734,228.74273596704626,1.0,True
random,once,29000022,29,A,3861.6692416706933,3933.8795951870525,72.21035351635919,48.19209238871334,1.4983859371350094,True
random,once,29000023,29,A,3933.8795951870525,3990.663911177526,56.784315990473715,48.19209238871334,1.1782911505990699,True
random,once,29000024,29,B,3990.663911177526,4219.406647144573,228.74273596704688,228.74273596704626,1.0,True
random,once,30000011,30,B,2128.8415166198724,2357.58425258692,228.74273596704734,228.74273596704626,1.0,True
random,once,30000012,30,B,2357.58425258692,2586.326988553967,228.74273596704734,228.74273596704626,1.0,True
random,once,30000013,30,B,2586.326988553967,2815.0697245210145,228.74273596704734,228.74273596704626,1.0,True
random,once,30000014,30,B,2815.0697245210145,3043.812460488062,228.74273596704734,228.74273596704626,1.0,True
random,once,30000015,30,B,3043.812460488062,3272.555196455109,228.74273596704734,228.74273596704626,1.0,True
random,once,30000016,30,B,3272.555196455109,3501.2979324221565,228.74273596704734,228.74273596704626,1.0,True
random,once,30000017,30,A,3501.2979324221565,3660.765358418737,159.46742599658046,48.19209238871334,3.308995689797606,False
random,once,30000018,30,B,3660.765358418737,3889.5080943857843,228.74273596704734,228.74273596704626,1.0,True
random,once,30000019,30,B,3889.5080943857843,4118.250830352831,228.74273596704688,228.74273596704626,1.0,True
random,once,31000011,31,B,2030.6791012827093,2259.4218372497567,228.74273596704734,228.74273596704626,1.0,True
random,once,31000012,31,B,2259.4218372497567,2488.164573216804,228.74273596704734,228.74273596704626,1.0,True
random,once,31000013,31,B,2488.164573216804,2716.9073091838513,228.74273596704734,228.74273596704626,1.0,True
random,once,31000014,31,B,2716.9073091838513,2945.6500451508987,228.74273596704734,228.74273596704626,1.0,True
random,once,31000015,31,B,2945.6500451508987,3174.392781117946,228.74273596704734,228.74273596704626,1.0,True
random,once,31000016,31,B,3174.392781117946,3403.1355170849934,228.74273596704734,228.74273596704626,1.0,True
random,once,31000017,31,A,3403.1355170849934,3499.8044887654164,96.66897168042306,48.19209238871334,2.0059094114590277,False
random,once,31000018,31,A,3499.8044887654164,3645.407487227331,145.60299846191447,48.19209238871334,3.0213047669209505,False
random,once,31000019,31,B,3645.407487227331,3880.303288257117,234.89580102978607,228.74273596704626,1.0268994992856353,True
random,once,31000020,31,B,3880.303288257117,4109.046024224164,228.74273596704734,228.74273596704626,1.0,True
