group,strategy,seed,npu,U_percent,active_ms,A_compute_ms,B_compute_ms
R32_A200_B10,asu_baseline,19,0,97.48829285485307,2000.0,1697.2629721224384,252.50288497462316
R32_A200_B10,asu_baseline,19,1,97.34514989576701,2000.0,1709.2532238215772,237.64977409376297
R32_A200_B10,asu_baseline,19,2,98.82199683331378,2000.0,1872.4681605002543,103.9717761660213
R32_A200_B10,asu_baseline,19,3,96.52743271651885,2000.0,1752.3113237600546,178.23733057032223
R32_A200_B10,asu_baseline,19,4,97.10574302093528,2000.0,1617.6927391674626,324.42212125124297
R32_A200_B10,asu_baseline,19,5,96.32544417246407,2000.0,1763.1246637598197,163.38421968946204
R32_A200_B10,asu_baseline,19,6,99.38543035710214,2000.0,1913.4430527377417,74.26555440430093
R32_A200_B10,asu_baseline,19,7,97.33467743890797,2000.0,1634.7782202800954,311.9153284980639
R32_A200_B10,asu_baseline,19,8,97.30924901035436,2000.0,1827.360093160206,118.82488704688149
R32_A200_B10,asu_baseline,19,9,96.64064757067207,2000.0,1695.1631773196787,237.64977409376297
R32_A200_B10,asu_baseline,19,10,97.37387974684043,2000.0,1780.3800975271315,167.0974974096771
R32_A200_B10,asu_baseline,19,11,98.16612316833545,2000.0,1844.4975763198272,118.82488704688149
R32_A200_B10,asu_baseline,19,12,94.92173695785705,2000.0,1616.2256324207974,282.20910673634353
R32_A200_B10,asu_baseline,19,13,95.90914015112385,2000.0,1549.0616755286565,369.1211274938205
R32_A200_B10,asu_baseline,19,14,98.34906651314668,2000.0,1922.421997620353,44.55933264258056
R32_A200_B10,asu_baseline,19,15,97.15853210850514,2000.0,1794.639533361501,148.53110880860186
R32_A200_B10,asu_baseline,19,16,98.54310388659364,2000.0,1774.2867130280547,196.5753647038182
R32_A200_B10,asu_baseline,19,17,99.62524046803769,2000.0,1977.6516984798936,14.853110880860186
R32_A200_B10,asu_baseline,19,18,93.78623837010383,2000.0,1519.250106261432,356.47466114064446
R32_A200_B10,asu_baseline,19,19,97.05837956546343,2000.0,1762.9302607389463,178.23733057032223
R32_A200_B10,asu_baseline,19,20,96.9530463627169,2000.0,1716.2642640414351,222.79666321290279
R32_A200_B10,asu_baseline,19,21,98.18483328338708,2000.0,1813.3885876666145,150.3080780011269
R32_A200_B10,asu_baseline,19,22,97.47548806862405,2000.0,1711.859987278718,237.64977409376297
R32_A200_B10,asu_baseline,19,23,98.4079611622487,2000.0,1893.893668840673,74.26555440430093
R32_A200_B10,asu_baseline,19,24,99.77005045203454,2000.0,1965.6947872789706,29.70622176172037
R32_A200_B10,asu_baseline,19,25,98.24709978522769,2000.0,1860.9702195385325,103.9717761660213
R32_A200_B10,asu_baseline,19,26,98.3556985014718,2000.0,1818.5828612208343,148.53110880860186
R32_A200_B10,asu_baseline,19,27,96.88740933783639,2000.0,1640.6859691395239,297.0622176172037
R32_A200_B10,asu_baseline,19,28,99.18129308609164,2000.0,1909.3603073175318,74.26555440430093
R32_A200_B10,asu_baseline,19,29,99.74066863305734,2000.0,1945.8057133463935,49.007659314753255
R32_A200_B10,asu_baseline,19,30,96.18472701657093,2000.0,1745.4572097610962,178.23733057032223
R32_A200_B10,asu_baseline,19,31,97.80169943743216,2000.0,1822.3559908209018,133.67799792774167
R32_A200_B10,od_baseline,19,0,98.52541223285985,2000.0,1718.0053596825737,252.50288497462316
R32_A200_B10,od_baseline,19,1,99.62003086202303,2000.0,1754.7508431466977,237.64977409376297
R32_A200_B10,od_baseline,19,2,99.59565262131905,2000.0,1887.9412762603597,103.9717761660213
R32_A200_B10,od_baseline,19,3,97.80295179257988,2000.0,1777.8217052812752,178.23733057032223
R32_A200_B10,od_baseline,19,4,98.86404812097076,2000.0,1695.0718556830716,282.20910673634353
R32_A200_B10,od_baseline,19,5,98.65820728850217,2000.0,1809.7799260805814,163.38421968946204
R32_A200_B10,od_baseline,19,6,99.58465127935855,2000.0,1917.4274711828702,74.26555440430093
R32_A200_B10,od_baseline,19,7,99.62003086202303,2000.0,1680.4852887423967,311.9153284980639
R32_A200_B10,od_baseline,19,8,98.31110337633231,2000.0,1847.3971804797648,118.82488704688149
R32_A200_B10,od_baseline,19,9,98.78480212879508,2000.0,1738.0462684821387,237.64977409376297
R32_A200_B10,od_baseline,19,10,99.36875298336076,2000.0,1823.9908399777532,163.38421968946204
R32_A200_B10,od_baseline,19,11,97.08715713635888,2000.0,1822.9182556802962,118.82488704688149
R32_A200_B10,od_baseline,19,12,98.16905932098584,2000.0,1681.1720796833733,282.20910673634353
R32_A200_B10,od_baseline,19,13,99.81001543101151,2000.0,1650.1772954700064,346.02301315022396
R32_A200_B10,od_baseline,19,14,99.33231013601448,2000.0,1942.0868700777091,44.55933264258056
R32_A200_B10,od_baseline,19,15,99.26002278442998,2000.0,1836.6693468799976,148.53110880860186
R32_A200_B10,od_baseline,19,16,99.79528211901184,2000.0,1845.6752794657623,150.23036291447443
R32_A200_B10,od_baseline,19,17,99.23855360789827,2000.0,1969.917961277105,14.853110880860186
R32_A200_B10,od_baseline,19,18,97.98611944128547,2000.0,1603.247727685065,356.47466114064446
R32_A200_B10,od_baseline,19,19,97.33684747259,2000.0,1768.4996188814775,178.23733057032223
R32_A200_B10,od_baseline,19,20,98.03493762475223,2000.0,1737.9020892821418,222.79666321290279
R32_A200_B10,od_baseline,19,21,99.35320860819142,2000.0,1868.0636058652763,119.00056629855226
R32_A200_B10,od_baseline,19,22,99.32231745303439,2000.0,1748.7965749669247,237.64977409376297
R32_A200_B10,od_baseline,19,23,99.57068391935886,2000.0,1917.1481239828763,74.26555440430093
R32_A200_B10,od_baseline,19,24,99.73760575387264,2000.0,1965.0458933157324,29.70622176172037
R32_A200_B10,od_baseline,19,25,98.81290480451862,2000.0,1872.2863199243511,103.9717761660213
R32_A200_B10,od_baseline,19,26,99.59736908019372,2000.0,1843.4162727952726,148.53110880860186
R32_A200_B10,od_baseline,19,27,98.9815489092783,2000.0,1682.5687605683624,297.0622176172037
R32_A200_B10,od_baseline,19,28,99.61775053360921,2000.0,1918.0894562678832,74.26555440430093
R32_A200_B10,od_baseline,19,29,98.80245157602599,2000.0,1931.4896988779392,44.55933264258056
R32_A200_B10,od_baseline,19,30,99.55174290329765,2000.0,1812.7975274956307,178.23733057032223
R32_A200_B10,od_baseline,19,31,99.57469858849922,2000.0,1857.8159738422428,133.67799792774167
R32_A200_B10,once,19,0,99.12090593562529,2000.0,1720.2829852896111,262.1351334228948
R32_A200_B10,once,19,1,99.47157574466186,2000.0,1751.7817407994744,237.64977409376297
R32_A200_B10,once,19,2,99.59030962714893,2000.0,1887.834416376957,103.9717761660213
R32_A200_B10,once,19,3,97.29555556948785,2000.0,1767.6737808194348,178.23733057032223
R32_A200_B10,once,19,4,99.34896366776066,2000.0,1624.3851695287367,362.5941038264764
R32_A200_B10,once,19,5,97.07962313842604,2000.0,1778.2082430790588,163.38421968946204
R32_A200_B10,once,19,6,99.73797339095391,2000.0,1920.4939134147771,74.26555440430093
R32_A200_B10,once,19,7,99.29373001964355,2000.0,1673.959271894807,311.9153284980639
R32_A200_B10,once,19,8,97.63829156936217,2000.0,1833.940944340362,118.82488704688149
R32_A200_B10,once,19,9,97.43677703465482,2000.0,1711.0857665993335,237.64977409376297
R32_A200_B10,once,19,10,99.31463305811076,2000.0,1822.908441472753,163.38421968946204
R32_A200_B10,once,19,11,98.46046102433661,2000.0,1850.3843334398507,118.82488704688149
R32_A200_B10,once,19,12,97.24367297982899,2000.0,1662.6643528602362,282.20910673634353
R32_A200_B10,once,19,13,99.24280984965944,2000.0,1557.4616405690067,427.39455642418216
R32_A200_B10,once,19,14,98.4189193599827,2000.0,1923.8190545570733,44.55933264258056
R32_A200_B10,once,19,15,98.47854756728444,2000.0,1821.0398425370868,148.53110880860186
R32_A200_B10,once,19,16,99.54493378605416,2000.0,1792.2659713890835,198.63270433199978
R32_A200_B10,once,19,17,99.37814502483626,2000.0,1972.7097896158648,14.853110880860186
R32_A200_B10,once,19,18,96.74278072693596,2000.0,1578.3809533980748,356.47466114064446
R32_A200_B10,once,19,19,98.29914645739181,2000.0,1787.745598577514,178.23733057032223
R32_A200_B10,once,19,20,98.21194400256373,2000.0,1741.4422168383717,222.79666321290279
R32_A200_B10,once,19,21,99.19214248726144,2000.0,1786.2690177892136,197.57383195601506
R32_A200_B10,once,19,22,99.43612198752221,2000.0,1751.0726656566812,237.64977409376297
R32_A200_B10,once,19,23,99.24268594109772,2000.0,1910.5881644176534,74.26555440430093
R32_A200_B10,once,19,24,99.81001543101151,2000.0,1966.49408685851,29.70622176172037
R32_A200_B10,once,19,25,99.3538111318996,2000.0,1883.1044464719707,103.9717761660213
R32_A200_B10,once,19,26,99.3966228912866,2000.0,1839.40134901713,148.53110880860186
R32_A200_B10,once,19,27,99.57618858757829,2000.0,1694.461554134362,297.0622176172037
R32_A200_B10,once,19,28,99.39526714010185,2000.0,1913.639788397736,74.26555440430093
R32_A200_B10,once,19,29,98.93608560096409,2000.0,1934.1623793767012,44.55933264258056
R32_A200_B10,once,19,30,99.13251420217384,2000.0,1804.4129534731546,178.23733057032223
R32_A200_B10,once,19,31,99.45400076229267,2000.0,1855.4020173181116,133.67799792774167
R32_A200_B10,asu_baseline,43,0,95.94421117494566,2000.0,1666.3813385242902,252.50288497462316
R32_A200_B10,asu_baseline,43,1,95.87470291739973,2000.0,1739.2567277776725,178.23733057032223
R32_A200_B10,asu_baseline,43,2,97.9048131173632,2000.0,1839.2713753003827,118.82488704688149
R32_A200_B10,asu_baseline,43,3,95.765463968809,2000.0,1569.7175103682293,345.59176900795046
R32_A200_B10,asu_baseline,43,4,97.97323848045781,2000.0,1766.3743281579737,193.09044145118241
R32_A200_B10,asu_baseline,43,5,96.76298116235112,2000.0,1746.2366268817932,189.02299636522935
R32_A200_B10,asu_baseline,43,6,99.27686883088963,2000.0,1955.8311548560723,29.70622176172037
R32_A200_B10,asu_baseline,43,7,98.71528158656034,2000.0,1810.9214120417446,163.38421968946204
R32_A200_B10,asu_baseline,43,8,99.73288311082061,2000.0,1979.8045513355519,14.853110880860186
R32_A200_B10,asu_baseline,43,9,95.843767918393,2000.0,1723.7849169166775,193.09044145118241
R32_A200_B10,asu_baseline,43,10,94.113363813355,2000.0,1392.1146171987139,490.15265906838613
R32_A200_B10,asu_baseline,43,11,92.0197500931275,2000.0,1498.7734516027658,341.62155025978427
R32_A200_B10,asu_baseline,43,12,95.4344694888237,2000.0,1700.7458374444313,207.9435523320426
R32_A200_B10,asu_baseline,43,13,96.11248391039481,2000.0,1707.3292565211596,214.92042168673674
R32_A200_B10,asu_baseline,43,14,92.32616322592776,2000.0,1490.0486033779107,356.47466114064446
R32_A200_B10,asu_baseline,43,15,93.17166054645672,2000.0,1402.9867736224687,460.44643730666576
R32_A200_B10,asu_baseline,43,16,94.60279428230737,2000.0,1505.8750027437827,386.18088290236483
R32_A200_B10,asu_baseline,43,17,99.80620370221145,2000.0,1966.4178522825086,29.70622176172037
R32_A200_B10,asu_baseline,43,18,96.2264393223468,2000.0,1701.7321232340335,222.79666321290279
R32_A200_B10,asu_baseline,43,19,93.08072196205231,2000.0,1564.5522216238423,297.0622176172037
R32_A200_B10,asu_baseline,43,20,99.23062769614998,2000.0,1969.7594430421395,14.853110880860186
R32_A200_B10,asu_baseline,43,21,97.05779041361816,2000.0,1644.0935906551595,297.0622176172037
R32_A200_B10,asu_baseline,43,22,97.20868812189606,2000.0,1676.8177665824378,267.35599585548334
R32_A200_B10,asu_baseline,43,23,92.98827170552727,2000.0,1310.2003315187185,549.5651025918269
R32_A200_B10,asu_baseline,43,24,96.68047751460449,2000.0,1785.078441483488,148.53110880860186
R32_A200_B10,asu_baseline,43,25,94.80320841838311,2000.0,1376.2052875375557,519.8588808301065
R32_A200_B10,asu_baseline,43,26,98.6458999775617,2000.0,1758.901583850923,214.01641570031097
R32_A200_B10,asu_baseline,43,27,98.2512247865704,2000.0,1831.3464978036664,133.67799792774167
R32_A200_B10,asu_baseline,43,28,94.746234938839,2000.0,1672.1280355638773,222.79666321290279
R32_A200_B10,asu_baseline,43,29,98.11179357807013,2000.0,1887.9703171571018,74.26555440430093
R32_A200_B10,asu_baseline,43,30,96.23065905090239,2000.0,1535.9555668676321,388.6576141504156
R32_A200_B10,asu_baseline,43,31,98.19433997348278,2000.0,1792.6848164318153,171.20198303784036
R32_A200_B10,od_baseline,43,0,94.89211156621518,2000.0,1645.3393463496805,252.50288497462316
R32_A200_B10,od_baseline,43,1,95.28118264591112,2000.0,1727.3863223479002,178.23733057032223
R32_A200_B10,od_baseline,43,2,99.0426228986094,2000.0,1862.0275709253065,118.82488704688149
R32_A200_B10,od_baseline,43,3,99.26316901153355,2000.0,1612.5447283292315,372.71865190143944
R32_A200_B10,od_baseline,43,4,98.27348801038501,2000.0,1772.379318756518,193.09044145118241
R32_A200_B10,od_baseline,43,5,96.96930924722186,2000.0,1857.6640015369862,81.72218340745098
R32_A200_B10,od_baseline,43,6,95.87301824530697,2000.0,1887.7541431444188,29.70622176172037
R32_A200_B10,od_baseline,43,7,98.53409318178133,2000.0,1807.2976439461645,163.38421968946204
R32_A200_B10,od_baseline,43,8,96.87132654122615,2000.0,1922.5734199436629,14.853110880860186
R32_A200_B10,od_baseline,43,9,94.94452170997756,2000.0,1705.7999927483688,193.09044145118241
R32_A200_B10,od_baseline,43,10,97.82675213279386,2000.0,1466.382383587491,490.15265906838613
R32_A200_B10,od_baseline,43,11,94.81068567331303,2000.0,1554.5921632064765,341.62155025978427
R32_A200_B10,od_baseline,43,12,95.29947037402899,2000.0,1698.0458551485372,207.9435523320426
R32_A200_B10,od_baseline,43,13,97.98888090921155,2000.0,1840.9527311373492,118.82488704688149
R32_A200_B10,od_baseline,43,14,95.94667477460621,2000.0,1562.4588343514797,356.47466114064446
R32_A200_B10,od_baseline,43,15,95.66217366302631,2000.0,1452.7970359538604,460.44643730666576
R32_A200_B10,od_baseline,43,16,93.70923386277305,2000.0,1488.003794353096,386.18088290236483
R32_A200_B10,od_baseline,43,17,97.18685120527839,2000.0,1914.0308023438474,29.70622176172037
R32_A200_B10,od_baseline,43,18,97.5902200389271,2000.0,1862.685735493381,89.11866528516111
R32_A200_B10,od_baseline,43,19,94.92684723827361,2000.0,1601.4747271482684,297.0622176172037
R32_A200_B10,od_baseline,43,20,97.03713262122255,2000.0,1925.889541543591,14.853110880860186
R32_A200_B10,od_baseline,43,21,99.62003086202303,2000.0,1695.338399623257,297.0622176172037
R32_A200_B10,od_baseline,43,22,95.8834762302528,2000.0,1650.3135287495725,267.35599585548334
R32_A200_B10,od_baseline,43,23,95.74015057523643,2000.0,1365.2379089129017,549.5651025918269
R32_A200_B10,od_baseline,43,24,95.06960467779744,2000.0,1752.8609847473472,148.53110880860186
R32_A200_B10,od_baseline,43,25,99.66902033371794,2000.0,1473.5215258442522,519.8588808301065
R32_A200_B10,od_baseline,43,26,99.78953543209408,2000.0,1772.629397289761,223.16131135212072
R32_A200_B10,od_baseline,43,27,96.16388225371452,2000.0,1789.5996471465487,133.67799792774167
R32_A200_B10,od_baseline,43,28,94.85895535809765,2000.0,1674.38244394905,222.79666321290279
R32_A200_B10,od_baseline,43,29,97.69795895744473,2000.0,1879.6936247445938,74.26555440430093
R32_A200_B10,od_baseline,43,30,99.81001543101151,2000.0,1591.377419529691,404.8228890905393
R32_A200_B10,od_baseline,43,31,100.0,2000.0,1829.2692948885315,170.73070511146852
R32_A200_B10,once,43,0,96.43170063886086,2000.0,1676.1311278025942,252.50288497462316
R32_A200_B10,once,43,1,95.99904819361159,2000.0,1741.7436333019095,178.23733057032223
R32_A200_B10,once,43,2,99.41805285516712,2000.0,1869.5361700564608,118.82488704688149
R32_A200_B10,once,43,3,99.65379908205182,2000.0,1555.601541167959,437.47444047307727
R32_A200_B10,once,43,4,99.59930084445877,2000.0,1798.895575437993,193.09044145118241
R32_A200_B10,once,43,5,99.02130842801178,2000.0,1858.144611944655,122.28155661558048
R32_A200_B10,once,43,6,97.86500204612025,2000.0,1927.5938191606847,29.70622176172037
R32_A200_B10,once,43,7,99.63031353492688,2000.0,1826.0799376297764,166.52633306876123
R32_A200_B10,once,43,8,98.79778891804085,2000.0,1961.1026674799568,14.853110880860186
R32_A200_B10,once,43,9,95.21805511159172,2000.0,1711.2706607806522,193.09044145118241
R32_A200_B10,once,43,10,96.2868408364553,2000.0,1435.58415766072,490.15265906838613
R32_A200_B10,once,43,11,94.69876845216473,2000.0,1552.3538187835102,341.62155025978427
R32_A200_B10,once,43,12,95.3405948017441,2000.0,1698.8683437028394,207.9435523320426
R32_A200_B10,once,43,13,98.04062172111439,2000.0,1816.8868327455507,143.92560167673696
R32_A200_B10,once,43,14,93.84792344424237,2000.0,1520.4838077442027,356.47466114064446
R32_A200_B10,once,43,15,94.77199723341427,2000.0,1434.9935073616198,460.44643730666576
R32_A200_B10,once,43,16,94.10548347033269,2000.0,1495.9287865042888,386.18088290236483
R32_A200_B10,once,43,17,98.97284007455679,2000.0,1949.7505797294152,29.70622176172037
R32_A200_B10,once,43,18,98.05867396554098,2000.0,1858.4194535446488,102.7540257661708
R32_A200_B10,once,43,19,95.0570162199796,2000.0,1604.0781067823882,297.0622176172037
R32_A200_B10,once,43,20,99.1422069820334,2000.0,1967.9910287598077,14.853110880860186
R32_A200_B10,once,43,21,99.42582662275099,2000.0,1691.4543148378161,297.0622176172037
R32_A200_B10,once,43,22,97.31461551090088,2000.0,1678.9363143625342,267.35599585548334
R32_A200_B10,once,43,23,97.94840257954488,2000.0,1409.4029489990708,549.5651025918269
R32_A200_B10,once,43,24,95.71740814549939,2000.0,1765.817054101386,148.53110880860186
R32_A200_B10,once,43,25,99.37429153378935,2000.0,1453.8073655866128,533.6784650891741
R32_A200_B10,once,43,26,99.63622361191725,2000.0,1777.2099211081331,215.51455113021166
R32_A200_B10,once,43,27,98.78677241947716,2000.0,1842.0574504618016,133.67799792774167
R32_A200_B10,once,43,28,95.31819946580372,2000.0,1683.5673261031716,222.79666321290279
R32_A200_B10,once,43,29,97.42707338820364,2000.0,1874.275913359772,74.26555440430093
R32_A200_B10,once,43,30,99.75695994658841,2000.0,1532.570096827425,462.5691021043431
R32_A200_B10,once,43,31,100.0,2000.0,1803.046784909685,196.9532150903151
R32_A200_B10,asu_baseline,7,0,93.68080862272696,2000.0,1324.0510698627122,549.5651025918269
R32_A200_B10,asu_baseline,7,1,98.04633461135185,2000.0,1812.3955834184353,148.53110880860186
R32_A200_B10,asu_baseline,7,2,98.02177768256783,2000.0,1752.492001319314,207.9435523320426
R32_A200_B10,asu_baseline,7,3,97.64381049285157,2000.0,1769.0689627063866,183.8072471506448
R32_A200_B10,asu_baseline,7,4,98.7193742975794,2000.0,1766.4439336195455,207.9435523320426
R32_A200_B10,asu_baseline,7,5,96.63462671270695,2000.0,1680.1896492795158,252.50288497462316
R32_A200_B10,asu_baseline,7,6,97.3221213664868,2000.0,1812.7644294019942,133.67799792774167
R32_A200_B10,asu_baseline,7,7,97.74056953253162,2000.0,1776.5740600803101,178.23733057032223
R32_A200_B10,asu_baseline,7,8,98.82354813912157,2000.0,1917.0585192589906,59.41244352344074
R32_A200_B10,asu_baseline,7,9,97.56861632456292,2000.0,1780.7473469280567,170.62497956320158
R32_A200_B10,asu_baseline,7,10,98.23277707144608,2000.0,1800.9356947862861,163.71984664263528
R32_A200_B10,asu_baseline,7,11,97.4840315116608,2000.0,1712.0308561394531,237.64977409376297
R32_A200_B10,asu_baseline,7,12,98.78523046053206,2000.0,1842.0266112828995,133.67799792774167
R32_A200_B10,asu_baseline,7,13,95.89933520202926,2000.0,1576.365153780801,341.62155025978427
R32_A200_B10,asu_baseline,7,14,99.4283955373006,2000.0,1899.4492454608508,89.11866528516111
R32_A200_B10,asu_baseline,7,15,99.54559357912517,2000.0,1901.7932062973423,89.11866528516111
R32_A200_B10,asu_baseline,7,16,98.32915537665681,2000.0,1743.7864443202334,222.79666321290279
R32_A200_B10,asu_baseline,7,17,99.57895295603862,2000.0,1947.0197264781918,44.55933264258056
R32_A200_B10,asu_baseline,7,18,99.07037507220198,2000.0,1890.7171160654593,90.69038537858023
R32_A200_B10,asu_baseline,7,19,98.05528745658192,2000.0,1783.261471728002,177.84427740363617
R32_A200_B10,asu_baseline,7,20,99.2667809492394,2000.0,1896.216953699627,89.11866528516111
R32_A200_B10,asu_baseline,7,21,98.23799657520189,2000.0,1875.6412662188768,89.11866528516111
R32_A200_B10,asu_baseline,7,22,98.34882541447205,2000.0,1803.592288599979,163.38421968946204
R32_A200_B10,asu_baseline,7,23,99.0984819062106,2000.0,1877.9978619581907,103.9717761660213
R32_A200_B10,asu_baseline,7,24,96.43772081888437,2000.0,1646.545309641344,282.20910673634353
R32_A200_B10,asu_baseline,7,25,95.64458552412425,2000.0,1556.4170493418405,356.47466114064446
R32_A200_B10,asu_baseline,7,26,97.95234820584596,2000.0,1691.690968261436,267.35599585548334
R32_A200_B10,asu_baseline,7,27,96.88867881105193,2000.0,1578.9714812671164,358.8020949539223
R32_A200_B10,asu_baseline,7,28,97.13065967291477,2000.0,1663.9799838889894,278.633209569306
R32_A200_B10,asu_baseline,7,29,98.96700741219419,2000.0,1919.9277047204432,59.41244352344074
R32_A200_B10,asu_baseline,7,30,97.08026347370041,2000.0,1718.8086062611055,222.79666321290279
R32_A200_B10,asu_baseline,7,31,99.09073899916643,2000.0,1892.6961146981675,89.11866528516111
R32_A200_B10,od_baseline,7,0,99.80278645524814,2000.0,1446.4906265131358,549.5651025918269
R32_A200_B10,od_baseline,7,1,99.3818473420873,2000.0,1839.1058380331442,148.53110880860186
R32_A200_B10,od_baseline,7,2,99.36324892230023,2000.0,1779.321426113962,207.9435523320426
R32_A200_B10,od_baseline,7,3,99.43718079522655,2000.0,1812.3529132280073,176.3907026765237
R32_A200_B10,od_baseline,7,4,99.61990252122901,2000.0,1784.4544980925375,207.9435523320426
R32_A200_B10,od_baseline,7,5,99.8080601955016,2000.0,1743.6583189354087,252.50288497462316
R32_A200_B10,od_baseline,7,6,99.36059191129311,2000.0,1942.6525055832817,44.55933264258056
R32_A200_B10,od_baseline,7,7,99.72847786617403,2000.0,1816.3322267531585,178.23733057032223
R32_A200_B10,od_baseline,7,8,99.44830820259108,2000.0,1929.5537205283808,59.41244352344074
R32_A200_B10,od_baseline,7,9,99.33404457588819,2000.0,1942.1215588751834,44.55933264258056
R32_A200_B10,od_baseline,7,10,100.0,2000.0,1828.6587796276526,171.34122037234738
R32_A200_B10,od_baseline,7,11,99.65761957543077,2000.0,1744.1360514015423,249.01634010707312
R32_A200_B10,od_baseline,7,12,99.35452109778595,2000.0,1853.412424027977,133.67799792774167
R32_A200_B10,od_baseline,7,13,99.49471506380215,2000.0,1648.2727510162586,341.62155025978427
R32_A200_B10,od_baseline,7,14,99.2906063505502,2000.0,1896.693461725843,89.11866528516111
R32_A200_B10,od_baseline,7,15,99.62003086202303,2000.0,1903.2819519552995,89.11866528516111
R32_A200_B10,od_baseline,7,16,99.62003086202303,2000.0,1769.6039540275578,222.79666321290279
R32_A200_B10,od_baseline,7,17,99.46932996069864,2000.0,1944.827266571392,44.55933264258056
R32_A200_B10,od_baseline,7,18,100.0,2000.0,2000.0,0.0
R32_A200_B10,od_baseline,7,19,99.81001543101151,2000.0,1877.3754215733488,118.82488704688149
R32_A200_B10,od_baseline,7,20,99.39810084917544,2000.0,1898.8433516983478,89.11866528516111
R32_A200_B10,od_baseline,7,21,99.47558383784876,2000.0,1900.3930114718141,89.11866528516111
R32_A200_B10,od_baseline,7,22,99.24723721105329,2000.0,1821.5605245316037,163.38421968946204
R32_A200_B10,od_baseline,7,23,99.62002586202303,2000.0,1888.4287410744391,103.9717761660213
R32_A200_B10,od_baseline,7,24,99.52642559769043,2000.0,1708.319405217465,282.20910673634353
R32_A200_B10,od_baseline,7,25,99.81001543101151,2000.0,1639.7256474795859,356.47466114064446
R32_A200_B10,od_baseline,7,26,99.26525936689691,2000.0,1717.9491914824548,267.35599585548334
R32_A200_B10,od_baseline,7,27,99.78038416541254,2000.0,1624.7790470072414,370.8286363010093
R32_A200_B10,od_baseline,7,28,99.62122327188445,2000.0,1697.1485320191623,295.2759334185266
R32_A200_B10,od_baseline,7,29,99.46012463773081,2000.0,1929.7900492311755,59.41244352344074
R32_A200_B10,od_baseline,7,30,99.3483363803106,2000.0,1764.170064393309,222.79666321290279
R32_A200_B10,od_baseline,7,31,99.59920999002347,2000.0,1902.8655345153084,89.11866528516111
R32_A200_B10,once,7,0,97.93826975751608,2000.0,1409.2002925584948,549.5651025918269
R32_A200_B10,once,7,1,98.69014052025223,2000.0,1825.2717015964427,148.53110880860186
R32_A200_B10,once,7,2,98.78233157638118,2000.0,1767.7030791955813,207.9435523320426
R32_A200_B10,once,7,3,99.08895997135997,2000.0,1750.1769113485798,231.6022880786195
R32_A200_B10,once,7,4,99.4361455232201,2000.0,1780.7793581323594,207.9435523320426
R32_A200_B10,once,7,5,98.50405209867563,2000.0,1717.5781569988894,252.50288497462316
R32_A200_B10,once,7,6,99.79317794354971,2000.0,1951.3042262284134,44.55933264258056
R32_A200_B10,once,7,7,98.78146768631655,2000.0,1797.3920231560087,178.23733057032223
R32_A200_B10,once,7,8,99.39378059907968,2000.0,1928.4631684581527,59.41244352344074
R32_A200_B10,once,7,9,99.24846574765208,2000.0,1911.3081984811786,73.66111647186312
R32_A200_B10,once,7,10,99.69959171935598,2000.0,1785.877045089912,208.1147892972076
R32_A200_B10,once,7,11,98.72340429743421,2000.0,1736.8183118549214,237.64977409376297
R32_A200_B10,once,7,12,99.61798215253911,2000.0,1858.6816451230407,133.67799792774167
R32_A200_B10,once,7,13,98.46885312704798,2000.0,1627.7555122811755,341.62155025978427
R32_A200_B10,once,7,14,99.61975583300087,2000.0,1903.2764513748562,89.11866528516111
R32_A200_B10,once,7,15,99.46226446025744,2000.0,1900.1266239199877,89.11866528516111
R32_A200_B10,once,7,16,99.57360128415708,2000.0,1768.6753624702387,222.79666321290279
R32_A200_B10,once,7,17,99.00211536621377,2000.0,1935.482974681695,44.55933264258056
R32_A200_B10,once,7,18,100.0,2000.0,2000.0,0.0
R32_A200_B10,once,7,19,99.79032640848509,2000.0,1876.9816411228203,118.82488704688149
R32_A200_B10,once,7,20,99.10600498155358,2000.0,1893.0014343459106,89.11866528516111
R32_A200_B10,once,7,21,98.80527352101853,2000.0,1886.9868051352096,89.11866528516111
R32_A200_B10,once,7,22,98.92676683647437,2000.0,1815.1511170400254,163.38421968946204
R32_A200_B10,once,7,23,99.54067535603953,2000.0,1886.8417309547694,103.9717761660213
R32_A200_B10,once,7,24,98.08088903683469,2000.0,1679.4086740003504,282.20910673634353
R32_A200_B10,once,7,25,99.1866301435647,2000.0,1627.2579417306497,356.47466114064446
R32_A200_B10,once,7,26,99.18952488544788,2000.0,1716.434501853474,267.35599585548334
R32_A200_B10,once,7,27,99.43465821095869,2000.0,1571.9905217899377,416.7026424292362
R32_A200_B10,once,7,28,99.2506495935083,2000.0,1670.5873566866921,314.4256351834738
R32_A200_B10,once,7,29,99.41275248180727,2000.0,1928.8426061127047,59.41244352344074
R32_A200_B10,once,7,30,99.26868764628175,2000.0,1762.5770897127322,222.79666321290279
R32_A200_B10,once,7,31,99.55696120974707,2000.0,1902.0205589097804,89.11866528516111
X16,asu_baseline,19,0,99.63781042707134,2000.0,873.5168965817888,1119.2393119596381
X16,asu_baseline,19,1,99.66229910597124,2000.0,834.0338375897995,1159.2121445296252
X16,asu_baseline,19,2,99.92511275103611,2000.0,1528.917738925385,469.5845160953372
X16,asu_baseline,19,3,99.62902142055074,2000.0,1432.960772431196,559.6196559798191
X16,asu_baseline,19,4,99.70113125261157,2000.0,996.7429235047766,997.2797015474548
X16,asu_baseline,19,5,99.65854614626903,2000.0,474.2032852658717,1518.967637659509
X16,asu_baseline,19,6,99.91182548148105,2000.0,1478.5896862197887,519.646823409832
X16,asu_baseline,19,7,99.65305702768592,2000.0,1131.84860545853,861.2125350951883
X16,asu_baseline,19,8,99.89122244942273,2000.0,1614.863386980985,382.96106200746954
X16,asu_baseline,19,9,99.89237032270583,2000.0,1329.880821185493,667.9665852686235
X16,asu_baseline,19,10,99.78202464399494,2000.0,796.4555157802865,1199.1849770996123
X16,asu_baseline,19,11,99.88811000270596,2000.0,1697.772908187795,299.98929186632404
X16,asu_baseline,19,12,99.88920511789875,2000.0,1011.6863882418788,986.0977141160961
X16,asu_baseline,19,13,99.6199539281188,2000.0,1250.1002164749043,742.2988620874717
X16,asu_baseline,19,14,99.61806269377537,2000.0,565.924302729265,1426.4369511462423
X16,asu_baseline,19,15,99.89237532270583,2000.0,1169.889411705547,827.9580947485697
X16,asu_baseline,19,16,99.86282518446278,2000.0,969.6343932907466,1027.622110398509
X16,asu_baseline,19,17,99.61563399763986,2000.0,1032.9646982731074,959.3479816796898
X16,asu_baseline,19,18,99.65237398418401,2000.0,606.3534996051635,1386.6939800785167
X16,asu_baseline,19,19,99.64046615863917,2000.0,929.7562931654365,1063.053030007347
X16,asu_baseline,19,20,99.87887859618525,2000.0,1131.84860545853,865.7289664651748
X16,asu_baseline,19,21,99.86408865275637,2000.0,1013.3022512818438,983.9795217732835
X16,asu_baseline,19,22,99.92020351050836,2000.0,846.4616534482484,1151.9424167619186
X16,asu_baseline,19,23,99.72669802508196,2000.0,713.8714901643525,1280.6624703372868
X16,asu_baseline,19,24,99.96413010756862,2000.0,1531.34551316658,467.93708898479235
X16,asu_baseline,19,25,99.59372628734596,2000.0,569.086044119797,1422.788481627122
X16,asu_baseline,19,26,99.92085637735966,2000.0,1518.7431367073482,479.6739908398449
X16,asu_baseline,19,27,99.58619599064032,2000.0,924.7589730055442,1066.964946807262
X16,asu_baseline,19,28,99.66204654855004,2000.0,1039.0247972648226,954.216133706178
X16,asu_baseline,19,29,99.9277395991372,2000.0,799.3698148831318,1199.1849770996123
X16,asu_baseline,19,30,99.91015708408844,2000.0,1016.3332145743691,981.8699271073997
X16,asu_baseline,19,31,99.89086922313803,2000.0,1398.2248959129543,599.5924885498061
X16,od_baseline,19,0,99.65016699523245,2000.0,873.7640279450111,1119.2393119596381
X16,od_baseline,19,1,99.92818871536281,2000.0,839.3516297776309,1159.2121445296252
X16,od_baseline,19,2,99.92826021513724,2000.0,1516.8054981620398,481.759706140705
X16,od_baseline,19,3,99.92700089353333,2000.0,1438.9203618908477,559.6196559798191
X16,od_baseline,19,4,99.96413010756862,2000.0,988.0688112029807,1011.2137909483918
X16,od_baseline,19,5,99.88329095447713,2000.0,478.69818143003386,1518.967637659509
X16,od_baseline,19,6,99.91638728642212,2000.0,1478.6809223186106,519.646823409832
X16,od_baseline,19,7,99.92801465302276,2000.0,1131.84860545853,866.711687601925
X16,od_baseline,19,8,99.73285577920423,2000.0,1617.359174316658,377.2979412674267
X16,od_baseline,19,9,99.80724286597103,2000.0,1329.5606937042085,666.5841636152122
X16,od_baseline,19,10,99.79155308322663,2000.0,796.6460845649203,1199.1849770996123
X16,od_baseline,19,11,99.89236532270581,2000.0,1697.772908187795,300.07439826632117
X16,od_baseline,19,12,99.9281784646228,2000.0,1022.4381816213836,976.1253876710725
X16,od_baseline,19,13,99.89222863432137,2000.0,1269.3986928492322,728.4458798371952
X16,od_baseline,19,14,99.96413010756862,2000.0,565.924302729265,1433.3582994221074
X16,od_baseline,19,15,99.87327354627503,2000.0,1180.712515589974,816.7529553355266
X16,od_baseline,19,16,99.90627322059242,2000.0,974.1842879863757,1023.9411764254728
X16,od_baseline,19,17,99.90524966105404,2000.0,1038.757011541391,959.3479816796898
X16,od_baseline,19,18,99.92800333679024,2000.0,619.0371034206164,1379.5229633151885
X16,od_baseline,19,19,99.51223115471808,2000.0,928.2156393007349,1062.0289837936266
X16,od_baseline,19,20,99.91203278942461,2000.0,1131.84860545853,866.3920503299623
X16,od_baseline,19,21,99.92822771470905,2000.0,1021.0971504214131,977.467403872768
X16,od_baseline,19,22,99.92823317229221,2000.0,852.7296411310713,1145.8350223147727
X16,od_baseline,19,23,100.0,2000.0,725.6555883868191,1274.344411613181
X16,od_baseline,19,24,99.96410510756857,2000.0,1515.0166749620785,484.26542718929295
X16,od_baseline,19,25,99.92826021513724,2000.0,577.3394042576733,1421.2258000450715
X16,od_baseline,19,26,99.80459638597884,2000.0,1516.4179368797318,479.6739908398449
X16,od_baseline,19,27,99.57035339471682,2000.0,931.8246249006565,1059.5824429936797
X16,od_baseline,19,28,99.96413010756862,2000.0,1031.2786294615958,968.0039726897767
X16,od_baseline,19,29,99.92807278031964,2000.0,799.3764785067806,1199.1849770996123
X16,od_baseline,19,30,99.92810509991644,2000.0,1030.414394741211,968.1477072571176
X16,od_baseline,19,31,99.82970728642407,2000.0,1397.001657178675,599.5924885498061
X16,once,19,0,99.85964083893764,2000.0,877.9535048191146,1119.2393119596381
X16,once,19,1,99.92825521513723,2000.0,839.3529597731194,1159.2121445296252
X16,once,19,2,99.92825521513723,2000.0,1532.490850604535,466.07425369820976
X16,once,19,3,99.92826021513724,2000.0,1438.9455483229258,559.6196559798191
X16,once,19,4,99.96413010756862,2000.0,991.7940426830464,1007.488559468326
X16,once,19,5,99.95338075957523,2000.0,480.0999775319956,1518.967637659509
X16,once,19,6,99.89316307989368,2000.0,1478.2164381880416,519.646823409832
X16,once,19,7,99.90602842904802,2000.0,1131.84860545853,866.2719631224304
X16,once,19,8,99.89234748053195,2000.0,1621.9443285744414,375.9026210361976
X16,once,19,9,99.83719978487314,2000.0,1327.9017233360787,668.842272361384
X16,once,19,10,99.95485307823876,2000.0,799.9120844651629,1199.1849770996123
X16,once,19,11,99.89239032270586,2000.0,1697.772908187795,300.0748982663222
X16,once,19,12,99.89429201699745,2000.0,1017.6811222776037,980.2047180623454
X16,once,19,13,99.86573731419682,2000.0,1265.177861088191,732.1368851957454
X16,once,19,14,99.96413010756862,2000.0,565.924302729265,1433.3582994221074
X16,once,19,15,99.86839236075295,2000.0,1178.7898704395125,818.5779767755466
X16,once,19,16,99.89383044445583,2000.0,979.2059431224384,1018.6706657666782
X16,once,19,17,99.9282580840057,2000.0,1039.2171800004244,959.3479816796898
X16,once,19,18,99.92826021513724,2000.0,608.7027202588365,1389.8624840439084
X16,once,19,19,99.65790199450983,2000.0,925.6020976480636,1067.555942242133
X16,once,19,20,99.88133096334944,2000.0,1131.84860545853,865.7780138084586
X16,once,19,21,99.90218250774194,2000.0,1010.509389797759,987.5342603570798
X16,once,19,22,99.92825521513723,2000.0,844.9079525917218,1153.6571517110228
X16,once,19,23,100.0,2000.0,716.475292196435,1283.524707803565
X16,once,19,24,99.96412510756862,2000.0,1522.7152770220337,476.56722512933857
X16,once,19,25,99.92040853010387,2000.0,578.8684640507486,1419.539706551329
X16,once,19,26,99.92825521513723,2000.0,1518.8911134628997,479.6739908398449
X16,once,19,27,99.50907821451536,2000.0,927.9269872480131,1062.254577042294
X16,once,19,28,99.96410542214555,2000.0,1051.8299867380251,947.4521217048859
X16,once,19,29,99.92776411938576,2000.0,799.3703052881028,1199.1849770996123
X16,once,19,30,99.92825021513725,2000.0,1023.1796358992087,975.3853684035362
X16,once,19,31,99.92816840680045,2000.0,1398.970879586203,599.5924885498061
X16,asu_baseline,43,0,100.0,2000.0,385.01348066853643,1614.9865193314636
X16,asu_baseline,43,1,99.96413010756862,2000.0,1297.434412693372,701.8481894580004
X16,asu_baseline,43,2,99.73723442966325,2000.0,1595.0163628933942,399.72832569987077
X16,asu_baseline,43,3,99.96413010756862,2000.0,1393.440593316267,605.8420088351054
X16,asu_baseline,43,4,99.92095230956312,2000.0,988.8616709892863,1009.5573752019764
X16,asu_baseline,43,5,99.92826021513724,2000.0,1558.864046032887,439.70115826985784
X16,asu_baseline,43,6,99.92826021513724,2000.0,1039.2172226230548,959.3479816796901
X16,asu_baseline,43,7,99.82615290461858,2000.0,1131.84860545853,864.6744526338416
X16,asu_baseline,43,8,99.9241137812885,2000.0,959.188628806106,1039.293646819664
X16,asu_baseline,43,9,99.92825521513723,2000.0,919.2986249130936,1079.266479389651
X16,asu_baseline,43,10,99.88590242412411,2000.0,838.5059039528567,1159.2121445296254
X16,asu_baseline,43,11,99.90163459211723,2000.0,1389.7030567549978,608.329635087347
X16,asu_baseline,43,12,99.92024757661652,2000.0,1079.0298024226277,919.3751491097028
X16,asu_baseline,43,13,99.92825521513723,2000.0,1509.717506767222,488.8475975355227
X16,asu_baseline,43,14,99.90944117347469,2000.0,1318.6506697797136,679.5381536897803
X16,asu_baseline,43,15,99.89937289504162,2000.0,1184.1349964754127,813.8524614254197
X16,asu_baseline,43,16,99.88817175384158,2000.0,1038.4154533971418,959.3479816796898
X16,asu_baseline,43,17,99.89046321366392,2000.0,1131.84860545853,865.9606588147485
X16,asu_baseline,43,18,99.91059620617708,2000.0,565.924302729265,1432.2876213942764
X16,asu_baseline,43,19,99.81541379040354,2000.0,1222.6727941526328,773.6354816554381
X16,asu_baseline,43,20,99.88601169575293,2000.0,1637.9647407851749,359.7554931298837
X16,asu_baseline,43,21,99.96413010756862,2000.0,1638.825784576069,360.4568175753034
X16,asu_baseline,43,22,99.82830982388244,2000.0,1157.13671250792,839.4294839697286
X16,asu_baseline,43,23,99.89036325501365,2000.0,1158.3777811305445,839.4294839697286
X16,asu_baseline,43,24,99.90711808704148,2000.0,565.924302729265,1432.2180590115645
X16,asu_baseline,43,25,99.92000153060904,2000.0,620.0763331356902,1378.3236974764905
X16,asu_baseline,43,26,99.91484654279176,2000.0,1398.7044423060293,599.5924885498061
X16,asu_baseline,43,27,99.88179967224747,2000.0,858.9409777883857,1138.6950156565636
X16,asu_baseline,43,28,99.82444338424871,2000.0,857.6947288284127,1138.7941388565614
X16,asu_baseline,43,29,99.65468143592065,2000.0,1233.6098098886587,759.4838188297545
X16,asu_baseline,43,30,99.90341547238727,2000.0,1398.4758208979392,599.5924885498061
X16,asu_baseline,43,31,99.96413010756862,2000.0,1159.8531181816438,839.4294839697286
X16,od_baseline,43,0,100.0,2000.0,386.38495898530937,1613.6150410146906
X16,od_baseline,43,1,99.96406005156857,2000.0,1297.9947988547183,701.2864021766532
X16,od_baseline,43,2,99.81039086596077,2000.0,1596.4794916193446,399.72832569987077
X16,od_baseline,43,3,99.96413010756862,2000.0,1390.1394891340665,609.143113017306
X16,od_baseline,43,4,99.96413010756862,2000.0,991.8674655557925,1007.41513659558
X16,od_baseline,43,5,99.92826021513724,2000.0,1558.864046032887,439.70115826985784
X16,od_baseline,43,6,99.9279292898506,2000.0,1039.2106041173217,959.3479816796901
X16,od_baseline,43,7,99.79467455535158,2000.0,1131.84860545853,864.0448856485013
X16,od_baseline,43,8,99.92823574358484,2000.0,959.2710680520327,1039.293646819664
X16,od_baseline,43,9,99.92812421057742,2000.0,919.2960048218974,1079.266479389651
X16,od_baseline,43,10,99.928037725919,2000.0,839.3486099887543,1159.2121445296254
X16,od_baseline,43,11,99.92825521513723,2000.0,1389.2658027340854,609.2993015686593
X16,od_baseline,43,12,99.92824521513721,2000.0,1079.1897551930415,919.3751491097028
X16,od_baseline,43,13,99.92826021513724,2000.0,1509.033530364039,489.5316739387058
X16,od_baseline,43,14,99.92818650428728,2000.0,1319.0255763959653,679.5381536897803
X16,od_baseline,43,15,99.92821610201644,2000.0,1189.8992193029785,808.66510273735
X16,od_baseline,43,16,99.92819724356939,2000.0,1039.215963191698,959.3479816796898
X16,od_baseline,43,17,99.92768527865972,2000.0,1131.84860545853,866.7051001146642
X16,od_baseline,43,18,99.96413010756862,2000.0,565.924302729265,1433.3582994221074
X16,od_baseline,43,19,99.89785198314753,2000.0,1229.6669401396298,768.2900995233208
X16,od_baseline,43,20,99.62272414462295,2000.0,1632.6989897625754,359.7554931298837
X16,od_baseline,43,21,99.96413010756862,2000.0,1638.3260668109492,360.9565353404232
X16,od_baseline,43,22,99.92824213922424,2000.0,1159.1353588147563,839.4294839697286
X16,od_baseline,43,23,99.92826021513724,2000.0,1159.1357203330163,839.4294839697286
X16,od_baseline,43,24,99.90356641343097,2000.0,565.924302729265,1432.1470255393542
X16,od_baseline,43,25,99.92798468923819,2000.0,611.051958149571,1387.5077356351926
X16,od_baseline,43,26,99.92824934042645,2000.0,1398.9724982587227,599.5924885498061
X16,od_baseline,43,27,99.9282188008092,2000.0,861.0655875695165,1137.4987884466677
X16,od_baseline,43,28,99.84655807725173,2000.0,857.430596209595,1139.5005653354397
X16,od_baseline,43,29,99.89054702432523,2000.0,1238.32712165675,759.4838188297545
X16,od_baseline,43,30,99.92817915332878,2000.0,1398.9710945167694,599.5924885498061
X16,od_baseline,43,31,99.96413010756862,2000.0,1159.8531181816438,839.4294839697286
X16,once,43,0,100.0,2000.0,385.93991551579165,1614.0600844842083
X16,once,43,1,99.96412510756862,2000.0,1302.057321094719,697.2251810566531
X16,once,43,2,99.8580843018581,2000.0,1597.433360337291,399.72832569987077
X16,once,43,3,99.96413010756862,2000.0,1390.9001033916416,608.3824987597309
X16,once,43,4,99.96413010756862,2000.0,1001.2102455750291,998.0723565763433
X16,once,43,5,99.92826021513724,2000.0,1558.864046032887,439.70115826985784
X16,once,43,6,99.92826021513724,2000.0,1039.2172226230548,959.3479816796901
X16,once,43,7,99.82751793905405,2000.0,1131.84860545853,864.7017533225508
X16,once,43,8,99.82980626968337,2000.0,957.3024785740035,1039.293646819664
X16,once,43,9,99.92825521513723,2000.0,919.2986249130936,1079.266479389651
X16,once,43,10,99.9278297111372,2000.0,839.3444496931186,1159.2121445296254
X16,once,43,11,99.9269824203224,2000.0,1395.3731168610866,603.1665315453615
X16,once,43,12,99.92825021513723,2000.0,1079.1898551930417,919.3751491097028
X16,once,43,13,99.92826021513724,2000.0,1509.1277663640385,489.43743793870635
X16,once,43,14,99.92825521513723,2000.0,1319.0269506129644,679.5381536897803
X16,once,43,15,99.92822143424465,2000.0,1185.6643837612814,812.9000449236114
X16,once,43,16,99.89979017213992,2000.0,1038.6478217631084,959.3479816796898
X16,once,43,17,99.91125538626805,2000.0,1131.84860545853,866.3765022668308
X16,once,43,18,99.9641201075686,2000.0,565.924302729265,1433.358099422107
X16,once,43,19,99.81466212765827,2000.0,1217.8233022238514,778.4699403293139
X16,once,43,20,99.92810054317528,2000.0,1643.3238346216758,355.2381762418295
X16,once,43,21,99.96402051153181,2000.0,1641.4439434217165,357.8364668089198
X16,once,43,22,99.92355260294023,2000.0,1159.041568089076,839.4294839697286
X16,once,43,23,99.91956111423632,2000.0,1158.9617383149975,839.4294839697286
X16,once,43,24,99.96366024045943,2000.0,565.924302729265,1433.3489020799238
X16,once,43,25,99.91405458582196,2000.0,617.6021828012499,1380.6789089151894
X16,once,43,26,99.92805277574517,2000.0,1398.9685669650971,599.5924885498061
X16,once,43,27,99.92812993696903,2000.0,861.9241134953954,1136.638485243985
X16,once,43,28,99.92812277131324,2000.0,854.2288381209669,1144.333617305298
X16,once,43,29,99.76904580357072,2000.0,1235.89709724166,759.4838188297545
X16,once,43,30,99.8883111914138,2000.0,1398.1737352784698,599.5924885498061
X16,once,43,31,99.9640479890217,2000.0,1159.8514758107053,839.4294839697286
X16,asu_baseline,7,0,99.76767597066527,2000.0,796.1685423136928,1199.1849770996123
X16,asu_baseline,7,1,99.94360799872877,2000.0,839.9014556417592,1158.9707043328162
X16,asu_baseline,7,2,99.92256936025156,2000.0,1605.7916465731782,392.65974063185286
X16,asu_baseline,7,3,99.88831785954204,2000.0,1131.84860545853,865.9177517323108
X16,asu_baseline,7,4,99.86020882990124,2000.0,1153.1662268211505,844.0379497768743
X16,asu_baseline,7,5,99.96413010756862,2000.0,752.9751879503897,1246.3074142009827
X16,asu_baseline,7,6,99.85438260351793,2000.0,797.9026749707464,1199.1849770996123
X16,asu_baseline,7,7,99.82321686175653,2000.0,1131.84860545853,864.6157317766006
X16,asu_baseline,7,8,99.89192318198926,2000.0,1541.3607835678622,456.4776800719228
X16,asu_baseline,7,9,99.90195127582436,2000.0,1038.6910438367972,959.3479816796898
X16,asu_baseline,7,10,99.90365529123403,2000.0,1131.84860545853,866.2245003661506
X16,asu_baseline,7,11,99.79469555656488,2000.0,609.7622902677804,1386.1316208635171
X16,asu_baseline,7,12,99.92636539077671,2000.0,1358.961986695741,639.5653211197932
X16,asu_baseline,7,13,99.87182321154235,2000.0,998.11564998117,999.3208142496769
X16,asu_baseline,7,14,99.88046007179132,2000.0,1256.6169808794698,740.9922205563566
X16,asu_baseline,7,15,99.90533568558219,2000.0,1241.0868630786504,757.0198506329934
X16,asu_baseline,7,16,99.87810094134724,2000.0,1131.84860545853,865.7134133684149
X16,asu_baseline,7,17,99.92467122262366,2000.0,759.3356147828736,1239.1578096695994
X16,asu_baseline,7,18,99.93475594056854,2000.0,491.9410431985402,1506.7540756128305
X16,asu_baseline,7,19,99.96413010756862,2000.0,988.2403545239267,1011.0422476274457
X16,asu_baseline,7,20,99.96413010756862,2000.0,999.9617879016955,999.3208142496769
X16,asu_baseline,7,21,99.85564193298147,2000.0,1194.6144185854114,802.4984200742178
X16,asu_baseline,7,22,99.96412510756862,2000.0,1477.935902363315,521.3465997880571
X16,asu_baseline,7,23,99.7825246654317,2000.0,1244.3551962518377,751.2952970567962
X16,asu_baseline,7,24,99.86282642279993,2000.0,1131.84860545853,865.4079229974686
X16,asu_baseline,7,25,99.81358740939197,2000.0,1380.8160030563768,615.4557451314627
X16,asu_baseline,7,26,99.89043857755321,2000.0,1037.581709196851,960.2270623542131
X16,asu_baseline,7,27,99.8332719195681,2000.0,1131.84860545853,864.8168329328319
X16,asu_baseline,7,28,99.86991735500396,2000.0,652.965562766341,1344.4327843337383
X16,asu_baseline,7,29,99.96386767132445,2000.0,600.2282134769412,1399.0491399495477
X16,asu_baseline,7,30,99.89129479726948,2000.0,1131.84860545853,865.9772904868596
X16,asu_baseline,7,31,99.83808810768934,2000.0,1237.2779433240325,759.4838188297545
X16,od_baseline,7,0,99.90943672101994,2000.0,799.0037573207865,1199.1849770996123
X16,od_baseline,7,1,99.9641151075686,2000.0,831.1558017466073,1168.1265004047646
X16,od_baseline,7,2,99.96402069419456,2000.0,1597.9388457734153,401.3415681104757
X16,od_baseline,7,3,99.82764923752929,2000.0,1131.8486054585298,864.7043792920558
X16,od_baseline,7,4,99.92826021513724,2000.0,1156.5970513752975,841.9681529274474
X16,od_baseline,7,5,99.96400607141929,2000.0,742.8732248618849,1256.406896566501
X16,od_baseline,7,6,99.92818777328722,2000.0,799.3787783661319,1199.1849770996123
X16,od_baseline,7,7,99.92818599119934,2000.0,1129.857428327205,868.7062914967819
X16,od_baseline,7,8,99.88576984569953,2000.0,1548.955822888418,448.7595740255724
X16,od_baseline,7,9,99.72271573075344,2000.0,1035.1063329353788,959.3479816796898
X16,od_baseline,7,10,99.84106524811887,2000.0,1131.84860545853,864.9726995038473
X16,od_baseline,7,11,99.9280314433246,2000.0,604.2268256748839,1394.3338031916082
X16,od_baseline,7,12,99.79963499401467,2000.0,1356.4273787605002,639.5653211197932
X16,od_baseline,7,13,99.92810900477829,2000.0,999.241365845889,999.3208142496769
X16,od_baseline,7,14,99.7628474682214,2000.0,1260.8705019776967,734.3864473867311
X16,od_baseline,7,15,99.92560020873672,2000.0,1242.292992330746,756.2190118439885
X16,od_baseline,7,16,99.9279431936629,2000.0,1131.84860545853,866.7102584147278
X16,od_baseline,7,17,99.9640327037723,2000.0,760.1228444058465,1239.1578096695994
X16,od_baseline,7,18,99.9640530436365,2000.0,504.127453089292,1495.153607783438
X16,od_baseline,7,19,99.96410914994415,2000.0,982.5873821616719,1016.694800837211
X16,od_baseline,7,20,99.96403605180416,2000.0,999.959906786406,999.3208142496769
X16,od_baseline,7,21,99.92391515557438,2000.0,1201.8109527452698,796.6673503662178
X16,od_baseline,7,22,99.96413010756862,2000.0,1467.6047542731694,531.677847878203
X16,od_baseline,7,23,99.89234034018905,2000.0,1247.27371667762,750.5730901261609
X16,od_baseline,7,24,99.91620452482735,2000.0,1131.84860545853,866.4754850380168
X16,od_baseline,7,25,99.8923678347438,2000.0,1389.812488647462,608.034868047414
X16,od_baseline,7,26,99.96393622872417,2000.0,1030.0593911229412,969.2193334515423
X16,od_baseline,7,27,99.92826021513724,2000.0,1131.84860545853,866.7165988442148
X16,od_baseline,7,28,99.92826021513724,2000.0,660.5249994209889,1338.040204881756
X16,od_baseline,7,29,99.96413010756862,2000.0,600.2334622018248,1399.0491399495477
X16,od_baseline,7,30,99.92822021513716,2000.0,1131.84860545853,866.7157988442132
X16,od_baseline,7,31,99.92770027520415,2000.0,1239.0701866743284,759.4838188297545
X16,once,7,0,99.85882848999009,2000.0,797.9915927001894,1199.1849770996123
X16,once,7,1,99.96413010756862,2000.0,840.8294349386174,1158.453167212755
X16,once,7,2,99.96413010756862,2000.0,1610.6231651824492,388.6594369689233
X16,once,7,3,99.85641315848538,2000.0,1131.84860545853,865.2796577111776
X16,once,7,4,99.92826021513724,2000.0,1151.7786389128505,846.7865653898943
X16,once,7,5,99.9641159444906,2000.0,748.3313199371778,1250.950998952634
X16,once,7,6,99.85926562808946,2000.0,798.0003354621767,1199.1849770996123
X16,once,7,7,99.82506299009754,2000.0,1131.84860545853,864.6526543434206
X16,once,7,8,99.89239032270586,2000.0,1541.5073590160669,456.34044743805043
X16,once,7,9,99.83923362040191,2000.0,1037.4366907283484,959.3479816796898
X16,once,7,10,99.78447585957686,2000.0,1131.84860545853,863.840911733007
X16,once,7,11,99.88968246752104,2000.0,611.1279772943612,1386.6656720560595
X16,once,7,12,99.92667877847471,2000.0,1358.968254449701,639.5653211197932
X16,once,7,13,99.92698564270506,2000.0,999.2188986044243,999.3208142496769
X16,once,7,14,99.89235416899217,2000.0,1249.1460452247547,748.7010381550886
X16,once,7,15,99.92824521513721,2000.0,1246.3850055048206,752.1798987979237
X16,once,7,16,99.87771786829762,2000.0,1131.84860545853,865.7057519074224
X16,once,7,17,99.92532630047315,2000.0,759.3487163398636,1239.1578096695994
X16,once,7,18,99.96364526756885,2000.0,498.0326642474797,1501.2402411038975
X16,once,7,19,99.96368151184221,2000.0,985.556296289798,1013.7173339470464
X16,once,7,20,99.95931427302241,2000.0,999.8654712107714,999.3208142496769
X16,once,7,21,99.92826021513724,2000.0,1194.3281988428475,804.2370054598973
X16,once,7,22,99.96386795827206,2000.0,1479.6305357556093,519.646823409832
X16,once,7,23,99.81460152776313,2000.0,1243.6670732584726,752.62495729679
X16,once,7,24,99.8698695553503,2000.0,1131.84860545853,865.548785648476
X16,once,7,25,99.89238032270585,2000.0,1373.231673545512,624.6159329086049
X16,once,7,26,99.9565472805195,2000.0,1040.7096276612042,958.4213179491858
X16,once,7,27,99.85303606959005,2000.0,1131.84860545853,865.212115933271
X16,once,7,28,99.9126227080745,2000.0,651.235973247572,1347.0164809139178
X16,once,7,29,99.96413010756862,2000.0,600.2334622018248,1399.0491399495477
X16,once,7,30,99.8985758364181,2000.0,1131.84860545853,866.122911269832
X16,once,7,31,99.84960110587815,2000.0,1237.5082032878086,759.4838188297545
XY12_16_S4_control,asu_baseline,19,0,95.10551401890464,2000.0,782.8709684184546,1119.2393119596381
XY12_16_S4_control,asu_baseline,19,1,96.66285981049832,2000.0,885.4324168733756,1047.8247793365906
XY12_16_S4_control,asu_baseline,19,2,96.91870115462903,2000.0,1177.942957438163,760.4310656544176
XY12_16_S4_control,asu_baseline,19,3,98.13819138344878,2000.0,1372.1013748872913,590.6624527816844
XY12_16_S4_control,asu_baseline,19,4,97.02622617135471,2000.0,901.2308766074302,1039.293646819664
XY12_16_S4_control,asu_baseline,19,5,93.26244742070865,2000.0,346.281310754664,1518.967637659509
XY12_16_S4_control,asu_baseline,19,6,97.15999141924222,2000.0,1180.4668939304765,762.7329344543678
XY12_16_S4_control,asu_baseline,19,7,96.74381961567478,2000.0,1055.47407577378,879.4023165397157
XY12_16_S4_control,asu_baseline,19,8,97.07718985663656,2000.0,1438.8320167622041,502.7117803705271
XY12_16_S4_control,asu_baseline,19,9,95.95690268565681,2000.0,1352.5204004877141,566.6176532254221
XY12_16_S4_control,asu_baseline,19,10,94.6886664795666,2000.0,694.5883524917199,1199.1849770996123
XY12_16_S4_control,asu_baseline,19,11,97.49001440142962,2000.0,1438.8320167622041,510.96827126638846
XY12_16_S4_control,asu_baseline,19,12,96.89191985384028,2000.0,959.2213445081361,978.6170525686696
XY12_16_S4_control,asu_baseline,19,13,97.27193526109534,2000.0,1149.112432719056,796.3262725028508
XY12_16_S4_control,asu_baseline,19,14,93.7628554322994,2000.0,479.61067225406805,1395.64643639192
XY12_16_S4_control,asu_baseline,19,15,95.33922126632322,2000.0,1171.346611278574,735.4378140478902
XY12_16_S4_control,asu_baseline,19,16,95.74571816586509,2000.0,955.0404316632253,959.8739316540764
XY12_16_S4_control,asu_baseline,19,17,97.34451088408524,2000.0,987.5422360020148,959.3479816796898
XY12_16_S4_control,asu_baseline,19,18,96.36979170549627,2000.0,643.3015434246918,1284.0942906852335
XY12_16_S4_control,asu_baseline,19,19,95.70643911700158,2000.0,943.3819945434775,970.7467877965541
XY12_16_S4_control,asu_baseline,19,20,96.56005322576385,2000.0,959.2213445081361,971.9797200071409
XY12_16_S4_control,asu_baseline,19,21,95.83292377559188,2000.0,959.2213445081361,957.4371310037016
XY12_16_S4_control,asu_baseline,19,22,95.34476458003462,2000.0,959.2213445081361,947.6739470925563
XY12_16_S4_control,asu_baseline,19,23,93.69240994170787,2000.0,445.68283751784384,1428.1653613163135
XY12_16_S4_control,asu_baseline,19,24,97.5943338745039,2000.0,1312.3213563702848,639.5653211197932
XY12_16_S4_control,asu_baseline,19,25,93.59343190640433,2000.0,541.5330644016453,1330.3355737264415
XY12_16_S4_control,asu_baseline,19,26,97.57036030836845,2000.0,1297.5803078945582,653.8268982728109
XY12_16_S4_control,asu_baseline,19,27,96.53297650725501,2000.0,923.1231865784898,1007.5363435666104
XY12_16_S4_control,asu_baseline,19,28,96.40693315289423,2000.0,825.3765316279628,1102.7621314299217
XY12_16_S4_control,asu_baseline,19,29,94.38041695737796,2000.0,726.8275502435699,1160.7807889039893
XY12_16_S4_control,asu_baseline,19,30,94.6386146504317,2000.0,840.1041000007917,1052.6681930078423
XY12_16_S4_control,asu_baseline,19,31,97.2329883753165,2000.0,1185.1759486765754,759.4838188297545
XY12_16_S4_control,od_baseline,19,0,99.04061301965862,2000.0,781.3790022902572,1199.4332581029153
XY12_16_S4_control,od_baseline,19,1,99.56018006388956,2000.0,959.2213445081361,1031.9822567696551
XY12_16_S4_control,od_baseline,19,2,99.8375705700332,2000.0,1138.8105162364154,857.9408951642486
XY12_16_S4_control,od_baseline,19,3,98.51002977024886,2000.0,1370.6081068551712,599.5924885498061
XY12_16_S4_control,od_baseline,19,4,99.16118616938783,2000.0,943.9300765680928,1039.293646819664
XY12_16_S4_control,od_baseline,19,5,99.13706803013469,2000.0,463.77372294318457,1518.967637659509
XY12_16_S4_control,od_baseline,19,6,98.68789693806124,2000.0,1148.610653193823,825.1472855674019
XY12_16_S4_control,od_baseline,19,7,99.51854921727832,2000.0,1110.9686678058506,879.4023165397157
XY12_16_S4_control,od_baseline,19,8,98.89971177283746,2000.0,1581.8179368432902,396.17629861345904
XY12_16_S4_control,od_baseline,19,9,98.65423852591458,2000.0,1413.4651145384723,559.6196559798191
XY12_16_S4_control,od_baseline,19,10,99.67690796097214,2000.0,773.275362055273,1220.26279716417
XY12_16_S4_control,od_baseline,19,11,96.10945858983715,2000.0,1440.3827071332978,481.80646466344524
XY12_16_S4_control,od_baseline,19,12,99.84851318407732,2000.0,959.2213445081361,1037.7489191734103
XY12_16_S4_control,od_baseline,19,13,97.59308256912927,2000.0,1297.7222007172152,654.1394506653701
XY12_16_S4_control,od_baseline,19,14,99.67294459590828,2000.0,479.61067225406805,1513.8482196640975
XY12_16_S4_control,od_baseline,19,15,99.10799681616004,2000.0,1308.1126071169901,674.0473292062106
XY12_16_S4_control,od_baseline,19,16,98.92216521590963,2000.0,959.2213445081361,1019.2219598100564
XY12_16_S4_control,od_baseline,19,17,98.50252022681579,2000.0,1010.7024228566261,959.3479816796898
XY12_16_S4_control,od_baseline,19,18,99.23805720436421,2000.0,740.6670651987115,1244.0940788885728
XY12_16_S4_control,od_baseline,19,19,98.67421548445124,2000.0,959.2213445081361,1014.2629651808888
XY12_16_S4_control,od_baseline,19,20,99.68974942171454,2000.0,959.2213445081361,1034.5736439261545
XY12_16_S4_control,od_baseline,19,21,99.73660374299462,2000.0,959.2213445081361,1035.5107303517561
XY12_16_S4_control,od_baseline,19,22,99.2929568942655,2000.0,959.2213445081361,1026.6377933771737
XY12_16_S4_control,od_baseline,19,23,100.0,2000.0,424.11801633283085,1575.8819836671692
XY12_16_S4_control,od_baseline,19,24,98.90822561264709,2000.0,1338.5991911331485,639.5653211197932
XY12_16_S4_control,od_baseline,19,25,97.81434392308887,2000.0,661.6669237604231,1294.6199547013543
XY12_16_S4_control,od_baseline,19,26,98.74555349435022,2000.0,1193.4308216895097,781.4802481974948
XY12_16_S4_control,od_baseline,19,27,98.71078582045045,2000.0,959.2213445081361,1014.9943719008729
XY12_16_S4_control,od_baseline,19,28,99.53519952860356,2000.0,718.8030684753339,1271.9009220967373
XY12_16_S4_control,od_baseline,19,29,99.70930695769702,2000.0,856.1435587754431,1138.0425803784974
XY12_16_S4_control,od_baseline,19,30,99.57312388609834,2000.0,921.9337332596483,1069.5287444623186
XY12_16_S4_control,od_baseline,19,31,98.75722884285129,2000.0,1215.6607580272712,759.4838188297545
XY12_16_S4_control,once,19,0,97.53077857722698,2000.0,831.3762595849016,1119.2393119596381
XY12_16_S4_control,once,19,1,96.95930631301749,2000.0,895.6508469817245,1043.5352792786252
XY12_16_S4_control,once,19,2,99.35226823176178,2000.0,1177.9274178958785,809.1179467393572
XY12_16_S4_control,once,19,3,98.58684978788835,2000.0,1393.6630967178235,578.0738990399436
XY12_16_S4_control,once,19,4,98.2279606952848,2000.0,925.2655670860322,1039.293646819664
XY12_16_S4_control,once,19,5,99.1333273009714,2000.0,463.6989083599192,1518.967637659509
XY12_16_S4_control,once,19,6,98.84085306231715,2000.0,1111.2223525453005,865.5947087010427
XY12_16_S4_control,once,19,7,98.22089890649036,2000.0,1085.0156615900914,879.4023165397157
XY12_16_S4_control,once,19,8,99.17583581520607,2000.0,1535.816255175384,447.7004611287375
XY12_16_S4_control,once,19,9,99.03578209911606,2000.0,1420.8793816348052,559.8362603475161
XY12_16_S4_control,once,19,10,98.80923521105385,2000.0,744.9530094499446,1231.2316947711324
XY12_16_S4_control,once,19,11,98.27427633915332,2000.0,1485.8115359432213,479.6739908398449
XY12_16_S4_control,once,19,12,98.78139632958695,2000.0,959.2213445081361,1016.4065820836031
XY12_16_S4_control,once,19,13,96.97341206470303,2000.0,1211.6031721040645,727.8650691899961
XY12_16_S4_control,once,19,14,98.62645811600763,2000.0,479.61067225406805,1492.9184900660844
XY12_16_S4_control,once,19,15,98.96082093221938,2000.0,1253.1026902543535,726.1137283900339
XY12_16_S4_control,once,19,16,98.96115751741495,2000.0,959.2213445081361,1020.0018058401629
XY12_16_S4_control,once,19,17,99.0875353467851,2000.0,1022.4027252560122,959.3479816796898
XY12_16_S4_control,once,19,18,97.75531254608545,2000.0,703.4649414506139,1251.6413094710952
XY12_16_S4_control,once,19,19,97.88890872088693,2000.0,956.8559029804001,1000.9222714373386
XY12_16_S4_control,once,19,20,99.02666790571033,2000.0,959.2213445081361,1021.3120136060702
XY12_16_S4_control,once,19,21,98.14050551338963,2000.0,959.2213445081361,1003.5887657596563
XY12_16_S4_control,once,19,22,98.375308545495,2000.0,959.2213445081361,1008.2848264017639
XY12_16_S4_control,once,19,23,98.48454392211245,2000.0,399.63423802382613,1570.0566404184228
XY12_16_S4_control,once,19,24,98.81402481629192,2000.0,1336.715175206045,639.5653211197932
XY12_16_S4_control,once,19,25,98.3311668645273,2000.0,687.4926950509598,1279.1306422395865
XY12_16_S4_control,once,19,26,98.06692387022171,2000.0,1257.750231783294,703.5882456211402
XY12_16_S4_control,once,19,27,97.77588905948248,2000.0,959.2213445081361,996.2964366815136
XY12_16_S4_control,once,19,28,98.24716752999794,2000.0,741.94808113001,1222.9952694699487
XY12_16_S4_control,once,19,29,99.24472855207875,2000.0,860.6204335424818,1124.2741374990933
XY12_16_S4_control,once,19,30,98.53643415262712,2000.0,949.1650848246932,1021.5635982278491
XY12_16_S4_control,once,19,31,96.31737462905767,2000.0,1166.863673751399,759.4838188297545
XY12_16_S4_control,asu_baseline,43,0,93.40385389977673,2000.0,189.21811005607742,1678.8589679394572
XY12_16_S4_control,asu_baseline,43,1,98.50951527511916,2000.0,1394.5315021556526,575.6588033467306
XY12_16_S4_control,asu_baseline,43,2,98.56320219258426,2000.0,1571.5357181518143,399.72832569987077
XY12_16_S4_control,asu_baseline,43,3,95.83651383596018,2000.0,1130.8990217800529,785.8312549391508
XY12_16_S4_control,asu_baseline,43,4,95.48165952671968,2000.0,830.3667111447426,1079.266479389651
XY12_16_S4_control,asu_baseline,43,5,98.5246906010431,2000.0,1438.8320167622041,531.661795258658
XY12_16_S4_control,asu_baseline,43,6,97.06202912745145,2000.0,959.2213445081361,982.019238040893
XY12_16_S4_control,asu_baseline,43,7,97.00124615882125,2000.0,996.0028936069466,944.0220295694785
XY12_16_S4_control,asu_baseline,43,8,96.49147388072493,2000.0,890.5358307948345,1039.293646819664
XY12_16_S4_control,asu_baseline,43,9,97.21427695405767,2000.0,865.0190596915022,1079.266479389651
XY12_16_S4_control,asu_baseline,43,10,97.02202186895758,2000.0,959.2213445081361,981.2190928710156
XY12_16_S4_control,asu_baseline,43,11,95.70697889196296,2000.0,1128.4527133001056,785.6868645391537
XY12_16_S4_control,asu_baseline,43,12,95.56405893903953,2000.0,991.9060296710877,919.3751491097028
XY12_16_S4_control,asu_baseline,43,13,95.9708733326662,2000.0,1223.777609796639,695.6398568566851
XY12_16_S4_control,asu_baseline,43,14,96.5976433491522,2000.0,1252.4147132932635,679.5381536897803
XY12_16_S4_control,asu_baseline,43,15,96.3998913070465,2000.0,1098.3888432118747,829.6089829290554
XY12_16_S4_control,asu_baseline,43,16,97.22914612626869,2000.0,985.2349408456839,959.3479816796898
XY12_16_S4_control,asu_baseline,43,17,96.65125487291466,2000.0,959.2213445081361,973.8037529501571
XY12_16_S4_control,asu_baseline,43,18,93.91383266344889,2000.0,479.61067225406805,1398.66598101491
XY12_16_S4_control,asu_baseline,43,19,97.77345920830469,2000.0,1161.4896671340634,793.9795170320303
XY12_16_S4_control,asu_baseline,43,20,96.84915876026503,2000.0,1577.2276820754169,359.7554931298837
XY12_16_S4_control,asu_baseline,43,21,96.10539172195979,2000.0,1245.816992267518,676.2908421716779
XY12_16_S4_control,asu_baseline,43,22,96.85280212388814,2000.0,959.2213445081361,977.8346979696266
XY12_16_S4_control,asu_baseline,43,23,97.15354020892887,2000.0,1103.6413202088488,839.4294839697286
XY12_16_S4_control,asu_baseline,43,24,94.20404708657827,2000.0,479.61067225406805,1404.4702694774974
XY12_16_S4_control,asu_baseline,43,25,95.03318856104298,2000.0,652.1428133052232,1248.5209579156362
XY12_16_S4_control,asu_baseline,43,26,98.63149571390514,2000.0,1355.9953897614118,616.6345245166908
XY12_16_S4_control,asu_baseline,43,27,97.06949777702391,2000.0,921.5796234526297,1019.8103320878486
XY12_16_S4_control,asu_baseline,43,28,97.66223341887515,2000.0,938.9225789722541,1014.3220894052488
XY12_16_S4_control,asu_baseline,43,29,97.02692396726506,2000.0,1186.3744077437145,754.1640716015868
XY12_16_S4_control,asu_baseline,43,30,97.33292549804366,2000.0,1221.3419598766914,725.3165500841819
XY12_16_S4_control,asu_baseline,43,31,97.92287895468583,2000.0,1119.028095123988,839.4294839697286
XY12_16_S4_control,od_baseline,43,0,99.20468865349581,2000.0,305.2348051304589,1678.8589679394572
XY12_16_S4_control,od_baseline,43,1,98.85415642955326,2000.0,1428.1997249600636,548.8834036310018
XY12_16_S4_control,od_baseline,43,2,98.54229246399002,2000.0,1571.1175235799296,399.72832569987077
XY12_16_S4_control,od_baseline,43,3,99.70239537766162,2000.0,1056.6228340696994,937.4250734835332
XY12_16_S4_control,od_baseline,43,4,98.79531909466887,2000.0,896.6399025037263,1079.266479389651
XY12_16_S4_control,od_baseline,43,5,98.59786932736584,2000.0,1381.7321759099773,590.2252106373394
XY12_16_S4_control,od_baseline,43,6,98.7822923195741,2000.0,959.2213445081361,1016.4245018833458
XY12_16_S4_control,od_baseline,43,7,98.65310115348589,2000.0,1129.0953730708588,843.9666499988589
XY12_16_S4_control,od_baseline,43,8,99.3705237076922,2000.0,959.2213445081361,1028.189129645708
XY12_16_S4_control,od_baseline,43,9,99.32914968823574,2000.0,907.3165143750639,1079.266479389651
XY12_16_S4_control,od_baseline,43,10,99.71806355358414,2000.0,959.2213445081361,1035.1399265635469
XY12_16_S4_control,od_baseline,43,11,99.28205735290815,2000.0,1070.263784469404,915.3773625887588
XY12_16_S4_control,od_baseline,43,12,98.77253209884732,2000.0,1056.0754928672436,919.3751491097028
XY12_16_S4_control,od_baseline,43,13,99.02234869692737,2000.0,1201.027068435188,779.4199055033591
XY12_16_S4_control,od_baseline,43,14,99.31063075785494,2000.0,1306.6744614673185,679.5381536897803
XY12_16_S4_control,od_baseline,43,15,99.53340099260558,2000.0,1265.6345186679046,725.0335011842071
XY12_16_S4_control,od_baseline,43,16,99.35738879155103,2000.0,963.7976680526558,1023.3501077783649
XY12_16_S4_control,od_baseline,43,17,98.26722628440503,2000.0,999.0230922819569,966.3214334061436
XY12_16_S4_control,od_baseline,43,18,99.53684884475088,2000.0,479.61067225406805,1511.1263046409495
XY12_16_S4_control,od_baseline,43,19,99.2205962791148,2000.0,1284.0160484219882,700.3958771603079
XY12_16_S4_control,od_baseline,43,20,98.80113545647266,2000.0,1616.2672159995695,359.7554931298837
XY12_16_S4_control,od_baseline,43,21,99.45140987291803,2000.0,1239.0053621943662,750.0228352639947
XY12_16_S4_control,od_baseline,43,22,99.37831204114309,2000.0,1050.9825133668246,936.5837274560372
XY12_16_S4_control,od_baseline,43,23,99.25618332167805,2000.0,1145.6941824638325,839.4294839697286
XY12_16_S4_control,od_baseline,43,24,99.3305761419239,2000.0,479.61067225406805,1507.0008505844098
XY12_16_S4_control,od_baseline,43,25,98.59486252620931,2000.0,731.6516384150118,1240.2456121091745
XY12_16_S4_control,od_baseline,43,26,98.56430526469016,2000.0,1331.72078417401,639.5653211197932
XY12_16_S4_control,od_baseline,43,27,99.77840891229349,2000.0,959.2213445081361,1036.3468337377335
XY12_16_S4_control,od_baseline,43,28,98.84387845630191,2000.0,954.9615535756757,1021.9160155503623
XY12_16_S4_control,od_baseline,43,29,98.11940072286856,2000.0,1236.68878426853,725.6992301888413
XY12_16_S4_control,od_baseline,43,30,99.0392046306345,2000.0,1185.2522864163843,795.5318061963058
XY12_16_S4_control,od_baseline,43,31,99.82953195913933,2000.0,1117.188322643071,879.4023165397157
XY12_16_S4_control,once,43,0,98.8942122569697,2000.0,299.0252771999367,1678.8589679394572
XY12_16_S4_control,once,43,1,98.3481035469027,2000.0,1438.8320167622041,528.1300541758501
XY12_16_S4_control,once,43,2,97.71844430028845,2000.0,1554.6405603058984,399.72832569987077
XY12_16_S4_control,once,43,3,98.1094854931612,2000.0,1122.7290395401747,839.4606703230493
XY12_16_S4_control,once,43,4,96.32695545838772,2000.0,847.2726297781032,1079.266479389651
XY12_16_S4_control,once,43,5,98.10492892040564,2000.0,1438.8320167622041,523.2665616459087
XY12_16_S4_control,once,43,6,97.03789667876883,2000.0,959.2213445081361,981.5365890672406
XY12_16_S4_control,once,43,7,97.97106955679284,2000.0,1036.6505981071073,922.7707930287497
XY12_16_S4_control,once,43,8,98.26079516289624,2000.0,925.9222564382605,1039.2936468196642
XY12_16_S4_control,once,43,9,98.40079442411397,2000.0,888.7494090926284,1079.266479389651
XY12_16_S4_control,once,43,10,98.5545116486851,2000.0,959.2213445081361,1011.8688884655658
XY12_16_S4_control,once,43,11,99.15535765163084,2000.0,1137.1000027398636,846.0071502927531
XY12_16_S4_control,once,43,12,97.54188813836959,2000.0,1031.462613657689,919.3751491097028
XY12_16_S4_control,once,43,13,98.47329672189996,2000.0,1186.5038594520224,782.9620749859769
XY12_16_S4_control,once,43,14,97.85131069251429,2000.0,1277.4880601605055,679.5381536897803
XY12_16_S4_control,once,43,15,97.46748739953216,2000.0,1139.7650676579306,809.5846803327127
XY12_16_S4_control,once,43,16,98.58216502205012,2000.0,1008.3503445640013,963.2929558770011
XY12_16_S4_control,once,43,17,98.92836184487453,2000.0,959.2477699957262,1019.3194669017644
XY12_16_S4_control,once,43,18,99.15095722737782,2000.0,479.61067225406805,1503.408472293488
XY12_16_S4_control,once,43,19,99.01611722304847,2000.0,1214.4424337122327,765.8799107487366
XY12_16_S4_control,once,43,20,96.51692487201767,2000.0,1570.5830043104697,359.7554931298837
XY12_16_S4_control,once,43,21,98.25976795044706,2000.0,1235.8163424931636,729.3790165157775
XY12_16_S4_control,once,43,22,98.5606927626859,2000.0,976.1963470578726,995.0175081958455
XY12_16_S4_control,once,43,23,98.88577716100951,2000.0,1138.2860592504617,839.4294839697286
XY12_16_S4_control,once,43,24,97.29034613573988,2000.0,479.61067225406805,1466.1962504607295
XY12_16_S4_control,once,43,25,97.22793748244463,2000.0,708.4338002028198,1236.1249494460726
XY12_16_S4_control,once,43,26,98.16882674742223,2000.0,1356.8490462813925,606.5274886670522
XY12_16_S4_control,once,43,27,98.18949786068552,2000.0,905.1812460667015,1058.608711147009
XY12_16_S4_control,once,43,28,97.73935030772051,2000.0,931.812341106126,1022.9746650482844
XY12_16_S4_control,once,43,29,98.44499681890949,2000.0,1209.4161175484348,759.4838188297547
XY12_16_S4_control,once,43,30,98.85881751606762,2000.0,1233.3800162510056,743.7963340703468
XY12_16_S4_control,once,43,31,99.48659495785164,2000.0,1110.329582617317,879.4023165397157
XY12_16_S4_control,asu_baseline,7,0,97.3994045320843,2000.0,754.633279883411,1193.354810758275
XY12_16_S4_control,asu_baseline,7,1,98.54561596900051,2000.0,771.7273422803978,1199.1849770996123
XY12_16_S4_control,asu_baseline,7,2,98.78043271073167,2000.0,1274.5756288912362,701.0330253233974
XY12_16_S4_control,asu_baseline,7,3,97.70787546036554,2000.0,914.1547990390059,1040.002710168305
XY12_16_S4_control,asu_baseline,7,4,97.6117628922571,2000.0,959.2213445081361,993.013913337006
XY12_16_S4_control,asu_baseline,7,5,97.39766983216099,2000.0,628.849921833646,1319.1034748095735
XY12_16_S4_control,asu_baseline,7,6,98.51318078413685,2000.0,771.0786385831248,1199.1849770996123
XY12_16_S4_control,asu_baseline,7,7,97.18542408513068,2000.0,959.2213445081361,984.4871371944776
XY12_16_S4_control,asu_baseline,7,8,98.37075605365526,2000.0,1438.8320167622041,528.5831043109008
XY12_16_S4_control,asu_baseline,7,9,98.08807633138262,2000.0,1002.4135449479627,959.3479816796898
XY12_16_S4_control,asu_baseline,7,10,97.74977469766111,2000.0,928.8948455986861,1026.1006483545361
XY12_16_S4_control,asu_baseline,7,11,97.4699202372178,2000.0,782.5456154622902,1166.852789282066
XY12_16_S4_control,asu_baseline,7,12,98.86183232143344,2000.0,1262.2747368915034,714.9619095371654
XY12_16_S4_control,asu_baseline,7,13,98.07544441149332,2000.0,962.1880739801895,999.3208142496769
XY12_16_S4_control,asu_baseline,7,14,98.00465842260458,2000.0,1280.5550147623112,679.5381536897803
XY12_16_S4_control,asu_baseline,7,15,97.28683591367114,2000.0,920.2949435188725,1025.4417747545504
XY12_16_S4_control,asu_baseline,7,16,97.84554564587027,2000.0,1168.406746650247,788.5041662671586
XY12_16_S4_control,asu_baseline,7,17,97.83373813615162,2000.0,640.3430462360993,1316.3317164869331
XY12_16_S4_control,asu_baseline,7,18,96.98922743335608,2000.0,479.61067225406805,1460.1738764130537
XY12_16_S4_control,asu_baseline,7,19,98.06240038133267,2000.0,815.0531431621598,1146.1948644644935
XY12_16_S4_control,asu_baseline,7,20,97.7766409082928,2000.0,765.0767410601115,1190.4560771057445
XY12_16_S4_control,asu_baseline,7,21,97.9227495758182,2000.0,959.2213445081361,999.233647008228
XY12_16_S4_control,asu_baseline,7,22,98.96954814727023,2000.0,1239.6262570519934,739.7647058934112
XY12_16_S4_control,asu_baseline,7,23,97.75807996366066,2000.0,1315.59627815342,639.5653211197932
XY12_16_S4_control,asu_baseline,7,24,97.8188739535491,2000.0,1003.3593432526186,953.0181358183634
XY12_16_S4_control,asu_baseline,7,25,97.4268327802862,2000.0,1304.270628204783,644.2660274009413
XY12_16_S4_control,asu_baseline,7,26,98.74240478747886,2000.0,975.5272814999003,999.3208142496769
XY12_16_S4_control,asu_baseline,7,27,97.39784724869392,2000.0,959.2213445081363,988.7356004657422
XY12_16_S4_control,asu_baseline,7,28,97.49035839030252,2000.0,671.0715465565622,1278.7356212494883
XY12_16_S4_control,asu_baseline,7,29,97.21297305441901,2000.0,479.61067225406805,1464.6487888343122
XY12_16_S4_control,asu_baseline,7,30,98.1924572193802,2000.0,959.2213445081361,1004.6277998794681
XY12_16_S4_control,asu_baseline,7,31,98.77271458916074,2000.0,1215.9704729534606,759.4838188297545
XY12_16_S4_control,od_baseline,7,0,98.44769108216656,2000.0,796.484865328021,1172.4689563153102
XY12_16_S4_control,od_baseline,7,1,99.45046229698808,2000.0,789.824268840149,1199.1849770996125
XY12_16_S4_control,od_baseline,7,2,99.92076365630646,2000.0,1221.8561697969922,776.5591033291371
XY12_16_S4_control,od_baseline,7,3,99.61375748051672,2000.0,861.7291694933947,1130.54598011694
XY12_16_S4_control,od_baseline,7,4,99.54562190898531,2000.0,959.2213445081361,1031.69109367157
XY12_16_S4_control,od_baseline,7,5,98.94832789949842,2000.0,659.8630831803946,1319.1034748095738
XY12_16_S4_control,od_baseline,7,6,99.45441138498802,2000.0,789.9032506001479,1199.1849770996125
XY12_16_S4_control,od_baseline,7,7,99.42805517558007,2000.0,959.2213445081361,1029.3397590034651
XY12_16_S4_control,od_baseline,7,8,97.6525177725212,2000.0,1438.8320167622041,514.2183386882198
XY12_16_S4_control,od_baseline,7,9,98.89641672318707,2000.0,1018.5803527840517,959.3479816796898
XY12_16_S4_control,od_baseline,7,10,99.45675548218004,2000.0,905.166877652453,1083.968231991148
XY12_16_S4_control,od_baseline,7,11,99.16889559714703,2000.0,804.2278726878535,1179.1500392550872
XY12_16_S4_control,od_baseline,7,12,99.33614827245447,2000.0,1273.2165249958812,713.5064404532081
XY12_16_S4_control,od_baseline,7,13,98.980564517591,2000.0,980.2904761021432,999.3208142496769
XY12_16_S4_control,od_baseline,7,14,99.76163743927614,2000.0,1315.6945950957424,679.5381536897803
XY12_16_S4_control,od_baseline,7,15,99.96343121783818,2000.0,932.3025928518655,1066.9660315048982
XY12_16_S4_control,od_baseline,7,16,98.38737073856136,2000.0,1192.8899887838884,774.857425987339
XY12_16_S4_control,od_baseline,7,17,99.50039055504526,2000.0,631.143465748888,1358.8643453520172
XY12_16_S4_control,od_baseline,7,18,99.41739721525857,2000.0,570.7555980667562,1417.5923462384153
XY12_16_S4_control,od_baseline,7,19,99.7484881016064,2000.0,773.3949631422506,1221.5747988898775
XY12_16_S4_control,od_baseline,7,20,99.42653935274963,2000.0,778.7358441648607,1209.794942890132
XY12_16_S4_control,od_baseline,7,21,99.56734919462721,2000.0,947.3052904515407,1044.0416934410036
XY12_16_S4_control,od_baseline,7,22,99.53396357957793,2000.0,1140.493041795367,850.1862297961916
XY12_16_S4_control,od_baseline,7,23,99.71901778800529,2000.0,1335.6807964924942,658.6995592676117
XY12_16_S4_control,od_baseline,7,24,97.94368057779836,2000.0,1038.487759548385,920.3858520075823
XY12_16_S4_control,od_baseline,7,25,98.78947939308031,2000.0,1438.8320167622041,536.9575710994022
XY12_16_S4_control,od_baseline,7,26,99.12591601940971,2000.0,983.1975061385174,999.3208142496769
XY12_16_S4_control,od_baseline,7,27,99.08013262002753,2000.0,902.3361730108995,1079.266479389651
XY12_16_S4_control,od_baseline,7,28,99.17295365096889,2000.0,799.0121197279664,1184.4469532914113
XY12_16_S4_control,od_baseline,7,29,99.18470430887083,2000.0,521.1124437015687,1462.5816424758482
XY12_16_S4_control,od_baseline,7,30,99.7441220850798,2000.0,959.2213445081361,1035.6610971934597
XY12_16_S4_control,od_baseline,7,31,99.84444710184313,2000.0,1237.4051232071083,759.4838188297545
XY12_16_S4_control,once,7,0,97.99603466025569,2000.0,804.5960526999911,1155.3246405051227
XY12_16_S4_control,once,7,1,98.95874437087892,2000.0,779.989910317966,1199.1849770996123
XY12_16_S4_control,once,7,2,98.79582845101952,2000.0,1241.803364322424,734.1132046979665
XY12_16_S4_control,once,7,3,97.1875829275297,2000.0,884.406650433345,1059.345008117249
XY12_16_S4_control,once,7,4,98.31464555798607,2000.0,959.2213445081361,1007.0715666515853
XY12_16_S4_control,once,7,5,97.30148603604475,2000.0,626.9262459113215,1319.1034748095735
XY12_16_S4_control,once,7,6,98.08840215984654,2000.0,762.5830660973184,1199.1849770996123
XY12_16_S4_control,once,7,7,97.41884221052146,2000.0,959.2213445081361,989.1554997022931
XY12_16_S4_control,once,7,8,97.42879464703968,2000.0,1438.8320167622041,509.7438761785893
XY12_16_S4_control,once,7,9,96.72470344608188,2000.0,975.1460872419475,959.3479816796898
XY12_16_S4_control,once,7,10,96.579036918568,2000.0,903.55353555293,1028.02720281843
XY12_16_S4_control,once,7,11,98.82631161721429,2000.0,817.3140878146605,1159.2121445296252
XY12_16_S4_control,once,7,12,97.52287771308902,2000.0,1276.4778283216733,673.9797259401071
XY12_16_S4_control,once,7,13,97.5597623946064,2000.0,951.8744336424511,999.3208142496769
XY12_16_S4_control,once,7,14,98.3161065839366,2000.0,1286.7839779889518,679.5381536897803
XY12_16_S4_control,once,7,15,97.03741296926157,2000.0,898.0116475530504,1042.736611832181
XY12_16_S4_control,once,7,16,97.31372853984888,2000.0,1201.051266561105,745.2233042358725
XY12_16_S4_control,once,7,17,98.11794789628868,2000.0,633.596736325027,1328.7622216007467
XY12_16_S4_control,once,7,18,97.24637557692782,2000.0,479.61067225406805,1465.3168392844882
XY12_16_S4_control,once,7,19,98.10881284762021,2000.0,790.5450248677421,1171.6312320846623
XY12_16_S4_control,once,7,20,97.53110701279898,2000.0,772.5603462214685,1178.061794034511
XY12_16_S4_control,once,7,21,97.21608906514729,2000.0,948.1844533119638,996.1373279909822
XY12_16_S4_control,once,7,22,98.67652397642902,2000.0,1174.9083161150488,798.6221634135318
XY12_16_S4_control,once,7,23,98.75076238652028,2000.0,1335.4499266106122,639.5653211197932
XY12_16_S4_control,once,7,24,98.99083699714349,2000.0,1068.1796744509224,911.6370654919474
XY12_16_S4_control,once,7,25,96.49826207284033,2000.0,1370.9517978235408,559.013443633266
XY12_16_S4_control,once,7,26,99.26143731738344,2000.0,985.9079320979918,999.3208142496769
XY12_16_S4_control,once,7,27,97.07494533098955,2000.0,919.1890798725926,1022.3098267471983
XY12_16_S4_control,once,7,28,98.53562948339106,2000.0,762.8625687722497,1207.8500208955716
XY12_16_S4_control,once,7,29,98.89812427209141,2000.0,479.61067225406805,1498.35181318776
XY12_16_S4_control,once,7,30,98.28265731307437,2000.0,959.2213445081361,1006.4318017533515
XY12_16_S4_control,once,7,31,98.60819582943627,2000.0,1212.680097758971,759.4838188297545
XY12_16,asu_baseline,19,0,99.8133207602932,2000.0,757.1086055362643,1239.1578096695994
XY12_16,asu_baseline,19,1,99.70041233383809,2000.0,959.2213445081361,1034.7869021686256
XY12_16,asu_baseline,19,2,99.92737880713726,2000.0,1108.4670816965845,890.0804944461606
XY12_16,asu_baseline,19,3,99.70670389458205,2000.0,1394.5415893418349,599.5924885498061
XY12_16,asu_baseline,19,4,99.73869991060447,2000.0,955.4803513924253,1039.293646819664
XY12_16,asu_baseline,19,5,99.80204458239582,2000.0,477.0732539884075,1518.967637659509
XY12_16,asu_baseline,19,6,99.92482903782211,2000.0,1105.6514828166455,892.8450979397967
XY12_16,asu_baseline,19,7,99.7288123645149,2000.0,1115.1739307505823,879.4023165397157
XY12_16,asu_baseline,19,8,99.813897933411,2000.0,1610.5836062826406,385.69435238557935
XY12_16,asu_baseline,19,9,99.90572007660316,2000.0,1387.8804620617425,610.2339394703208
XY12_16,asu_baseline,19,10,99.7560398252693,2000.0,742.9954767386962,1252.1253197666897
XY12_16,asu_baseline,19,11,99.82125080090178,2000.0,1516.7510251781905,479.6739908398449
XY12_16,asu_baseline,19,12,99.78871903363756,2000.0,959.2213445081361,1036.5530361646152
XY12_16,asu_baseline,19,13,99.72791699166926,2000.0,1329.7152615081986,664.8430783251865
XY12_16,asu_baseline,19,14,99.71452978166876,2000.0,497.2781193754595,1497.0124762579158
XY12_16,asu_baseline,19,15,99.86469342248651,2000.0,1337.7629702795384,659.5308981701919
XY12_16,asu_baseline,19,16,99.87882638921431,2000.0,959.2213445081361,1038.35518327615
XY12_16,asu_baseline,19,17,99.83516961815819,2000.0,1037.355410683474,959.3479816796898
XY12_16,asu_baseline,19,18,99.75390492095762,2000.0,779.7872283425972,1215.2908700765552
XY12_16,asu_baseline,19,19,99.83755354886027,2000.0,1009.2795699866274,987.4715009905781
XY12_16,asu_baseline,19,20,99.92737880713726,2000.0,959.2213445081361,1039.326231634609
XY12_16,asu_baseline,19,21,99.78468260081047,2000.0,959.2213445081361,1036.4723075080733
XY12_16,asu_baseline,19,22,99.90580291713823,2000.0,959.2213445081361,1038.8947138346284
XY12_16,asu_baseline,19,23,99.80751542553897,2000.0,383.02968547136743,1613.1206230394118
XY12_16,asu_baseline,19,24,99.8171504472501,2000.0,1356.777687825209,639.5653211197932
XY12_16,asu_baseline,19,25,99.62371200954294,2000.0,713.3435979512724,1279.1306422395865
XY12_16,asu_baseline,19,26,99.87764120713832,2000.0,1191.850725093771,805.7020990489955
XY12_16,asu_baseline,19,27,99.90594758256258,2000.0,959.2213445081361,1038.8976071431152
XY12_16,asu_baseline,19,28,99.79807474927598,2000.0,708.3049877772378,1287.6565072082817
XY12_16,asu_baseline,19,29,99.83468062670707,2000.0,891.906505417277,1104.7871071168643
XY12_16,asu_baseline,19,30,99.6321120851105,2000.0,913.3757623125589,1079.266479389651
XY12_16,asu_baseline,19,31,99.80648099483838,2000.0,1236.645801067013,759.4838188297545
XY12_16,od_baseline,19,0,99.8266495831394,2000.0,757.3751819931886,1239.1578096695994
XY12_16,od_baseline,19,1,99.92734807039326,2000.0,959.2213445081361,1039.325616899729
XY12_16,od_baseline,19,2,99.92737380713724,2000.0,1091.302214426144,907.2452617166009
XY12_16,od_baseline,19,3,99.89106321070588,2000.0,1398.2287756643113,599.5924885498061
XY12_16,od_baseline,19,4,99.92737880713726,2000.0,959.2539293230811,1039.293646819664
XY12_16,od_baseline,19,5,99.9563635199152,2000.0,480.15963273879515,1518.967637659509
XY12_16,od_baseline,19,6,99.92713575346805,2000.0,1086.709806222922,911.8329088464388
XY12_16,od_baseline,19,7,99.92733429601549,2000.0,1119.144369380594,879.4023165397157
XY12_16,od_baseline,19,8,99.51886615437893,2000.0,1622.1979807553662,368.1793423322124
XY12_16,od_baseline,19,9,99.73142463771715,2000.0,1369.2289042729076,625.3995884814353
XY12_16,od_baseline,19,10,99.9636644318654,2000.0,738.1943617559941,1261.0789268813137
XY12_16,od_baseline,19,11,99.89101002362584,2000.0,1518.1462096326718,479.6739908398449
XY12_16,od_baseline,19,12,99.92682976055869,2000.0,959.2213445081361,1039.3152507030377
XY12_16,od_baseline,19,13,99.89096119214761,2000.0,1355.6776430661923,642.1415807767598
XY12_16,od_baseline,19,14,99.92737380713724,2000.0,500.42256585137966,1498.1249102913653
XY12_16,od_baseline,19,15,99.89105514769915,2000.0,1351.3712391722152,646.4498637817678
XY12_16,od_baseline,19,16,99.9273318738519,2000.0,959.2213445081361,1039.325292968902
XY12_16,od_baseline,19,17,99.91620449532827,2000.0,1038.9761082268756,959.3479816796898
XY12_16,od_baseline,19,18,99.92737880713726,2000.0,793.9389092979495,1204.6086668447956
XY12_16,od_baseline,19,19,99.49763597871436,2000.0,1013.0726704527192,976.8800491215679
XY12_16,od_baseline,19,20,99.92737380713724,2000.0,959.2213445081361,1039.3261316346088
XY12_16,od_baseline,19,21,99.92733238584783,2000.0,959.2213445081361,1039.3253032088205
XY12_16,od_baseline,19,22,99.92737380713724,2000.0,959.2213445081361,1039.3261316346088
XY12_16,od_baseline,19,23,100.0,2000.0,380.41624042356807,1619.583759576432
XY12_16,od_baseline,19,24,99.92725844099546,2000.0,1358.979847700116,639.5653211197932
XY12_16,od_baseline,19,25,99.96368940356862,2000.0,720.1431458317861,1279.1306422395865
XY12_16,od_baseline,19,26,99.92725329251083,2000.0,1166.4165300362847,832.1285358139316
XY12_16,od_baseline,19,27,99.8865481511381,2000.0,959.2213445081361,1038.5096185146258
XY12_16,od_baseline,19,28,99.96356354494212,2000.0,693.1705261020784,1306.100744796764
XY12_16,od_baseline,19,29,99.92725745477046,2000.0,902.2412406262979,1096.3039084691113
XY12_16,od_baseline,19,30,99.92737880713726,2000.0,919.2810967530941,1079.266479389651
XY12_16,od_baseline,19,31,99.89087181121961,2000.0,1238.3336173946377,759.4838188297545
XY12_16,once,19,0,99.9271294884403,2000.0,759.3847800992066,1239.1578096695994
XY12_16,once,19,1,99.92093949150208,2000.0,959.2213445081361,1039.1974453219054
XY12_16,once,19,2,99.83978840641073,2000.0,1099.180690372354,897.6150777558605
XY12_16,once,19,3,99.89106821070588,2000.0,1398.2288756643115,599.5924885498061
XY12_16,once,19,4,99.92737880713726,2000.0,959.2539293230811,1039.293646819664
XY12_16,once,19,5,99.89276512813831,2000.0,478.88766490325725,1518.967637659509
XY12_16,once,19,6,99.90155748229597,2000.0,1089.3919110125667,908.6392386333528
XY12_16,once,19,7,99.92737880713726,2000.0,1119.1452596030294,879.4023165397157
XY12_16,once,19,8,99.85475761427452,2000.0,1626.8712369045147,370.22391538097554
XY12_16,once,19,9,99.9122090217358,2000.0,1378.6960040646773,619.5481763700386
XY12_16,once,19,10,99.96364970932868,2000.0,729.8981728904118,1269.3748212961618
XY12_16,once,19,11,99.87997130341788,2000.0,1517.9254352285125,479.6739908398449
XY12_16,once,19,12,99.92737880713726,2000.0,959.2213445081361,1039.326231634609
XY12_16,once,19,13,99.88454559440501,2000.0,1352.5001646092894,645.1907472788109
XY12_16,once,19,14,99.90801368799697,2000.0,480.9937919974618,1517.1664817624778
XY12_16,once,19,15,99.86547341372334,2000.0,1351.3853242893133,645.9241439851535
XY12_16,once,19,16,99.92737880713726,2000.0,959.2213445081361,1039.326231634609
XY12_16,once,19,17,99.86964621515351,2000.0,1038.0449426233804,959.3479816796898
XY12_16,once,19,18,99.90639175819452,2000.0,771.5924884616452,1226.535346702245
XY12_16,once,19,19,99.89106321070588,2000.0,1010.1839930612582,987.6372711528593
XY12_16,once,19,20,99.89449629628247,2000.0,959.2213445081361,1038.6685814175135
XY12_16,once,19,21,99.90080418458165,2000.0,959.2213445081361,1038.7947391834969
XY12_16,once,19,22,99.26398240845468,2000.0,959.2213445081361,1026.0583036609573
XY12_16,once,19,23,100.0,2000.0,370.50602548053394,1629.493974519466
XY12_16,once,19,24,99.85878437700799,2000.0,1357.6103664203665,639.5653211197932
XY12_16,once,19,25,99.96368940356862,2000.0,720.1431458317861,1279.1306422395865
XY12_16,once,19,26,99.92729127725957,2000.0,1166.1184655239613,832.42736002123
XY12_16,once,19,27,99.91783514444053,2000.0,959.2213445081361,1039.1353583806745
XY12_16,once,19,28,99.96312230567564,2000.0,706.496484397027,1292.765961716486
XY12_16,once,19,29,99.92737380713724,2000.0,907.8821189366795,1090.6653572060654
XY12_16,once,19,30,99.87824275332825,2000.0,918.298375676914,1079.266479389651
XY12_16,once,19,31,99.73680291131036,2000.0,1235.2522393964528,759.4838188297545
XY12_16,asu_baseline,43,0,99.39789721254041,2000.0,309.0989763113512,1678.8589679394572
XY12_16,asu_baseline,43,1,99.96368940356862,2000.0,1438.8320167622041,560.4417713091684
XY12_16,asu_baseline,43,2,99.70897382144682,2000.0,1594.4511507290654,399.72832569987077
XY12_16,asu_baseline,43,3,99.3634481716921,2000.0,1058.2929915941781,928.975971839664
XY12_16,asu_baseline,43,4,99.34835817125258,2000.0,907.7006840354006,1079.266479389651
XY12_16,asu_baseline,43,5,99.88175180132501,2000.0,1377.5560586773022,620.0789773491979
XY12_16,asu_baseline,43,6,99.87855515018181,2000.0,992.0414506413304,1005.529652362306
XY12_16,asu_baseline,43,7,99.7396022636763,2000.0,1145.9198647198818,848.8721805536443
XY12_16,asu_baseline,43,8,99.79063705102547,2000.0,959.2213445081361,1036.5913965123732
XY12_16,asu_baseline,43,9,99.64094986013899,2000.0,938.9557070143405,1053.8632901884394
XY12_16,asu_baseline,43,10,99.87597210218186,2000.0,959.2213445081361,1038.2980975355013
XY12_16,asu_baseline,43,11,99.4521546970971,2000.0,1051.8473479143172,937.1957460276249
XY12_16,asu_baseline,43,12,99.22259233072027,2000.0,1065.0766975047027,919.3751491097028
XY12_16,asu_baseline,43,13,99.39973350342287,2000.0,1169.0531781962554,818.9414918722018
XY12_16,asu_baseline,43,14,99.85469789202912,2000.0,1317.555804150802,679.5381536897803
XY12_16,asu_baseline,43,15,99.23587625655155,2000.0,1249.1984446161337,735.5190805148973
XY12_16,asu_baseline,43,16,99.83248681449061,2000.0,988.961118831226,1007.6886174585861
XY12_16,asu_baseline,43,17,99.64442906367836,2000.0,1021.1118525386696,971.7767287348975
XY12_16,asu_baseline,43,18,99.4467538658359,2000.0,479.61067225406805,1509.32440506265
XY12_16,asu_baseline,43,19,99.8807215799517,2000.0,1303.8317740540856,693.7826575449485
XY12_16,asu_baseline,43,20,99.43351065882618,2000.0,1628.91472004664,359.7554931298837
XY12_16,asu_baseline,43,21,99.44951687396149,2000.0,1208.9667576602556,780.0235798189742
XY12_16,asu_baseline,43,22,99.86613567281218,2000.0,1069.0713745776425,928.251338878601
XY12_16,asu_baseline,43,23,99.77358951873437,2000.0,1126.1711604489865,869.3006299257008
XY12_16,asu_baseline,43,24,99.34690202583806,2000.0,479.61067225406805,1507.3273682626932
XY12_16,asu_baseline,43,25,99.40776192910785,2000.0,777.679212898669,1210.476025683488
XY12_16,asu_baseline,43,26,99.83676549559735,2000.0,1357.1699887921536,639.5653211197932
XY12_16,asu_baseline,43,27,99.8253357448865,2000.0,959.2213445081361,1037.285370389594
XY12_16,asu_baseline,43,28,99.76113266845573,2000.0,959.2213445081361,1036.0013088609785
XY12_16,asu_baseline,43,29,99.44917540465978,2000.0,1299.9200033545312,689.0635047386645
XY12_16,asu_baseline,43,30,99.85449302002908,2000.0,1165.85112901898,831.2387313816016
XY12_16,asu_baseline,43,31,99.85252106779193,2000.0,1117.6481048161227,879.4023165397157
XY12_16,od_baseline,43,0,99.96368940356862,2000.0,320.41482013191535,1678.8589679394572
XY12_16,od_baseline,43,1,99.93223214996834,2000.0,1438.8320167622041,559.8126262371625
XY12_16,od_baseline,43,2,99.18341717249709,2000.0,1583.940017750071,399.72832569987077
XY12_16,od_baseline,43,3,99.96362993827968,2000.0,1043.4824725133103,955.7901262522832
XY12_16,od_baseline,43,4,99.91124357958347,2000.0,918.9583922020183,1079.266479389651
XY12_16,od_baseline,43,5,99.92737380713724,2000.0,1362.4935028332434,636.0539733095015
XY12_16,od_baseline,43,6,99.89081005070844,2000.0,992.3492578192795,1005.4669431948892
XY12_16,od_baseline,43,7,99.89096887607187,2000.0,1156.033004989326,841.7863725321113
XY12_16,od_baseline,43,8,99.92737880713726,2000.0,959.2213445081361,1039.326231634609
XY12_16,od_baseline,43,9,99.74342496618476,2000.0,940.0571241277166,1054.8113751959786
XY12_16,od_baseline,43,10,99.63335049957898,2000.0,959.2213445081363,1033.4456654834432
XY12_16,od_baseline,43,11,99.92737880713726,2000.0,1042.4747683533324,956.0728077894128
XY12_16,od_baseline,43,12,99.92727919113726,2000.0,1079.1704347130426,919.3751491097028
XY12_16,od_baseline,43,13,99.92737380713724,2000.0,1163.7997382860776,834.7477378566673
XY12_16,od_baseline,43,14,99.92717953156841,2000.0,1319.005436941588,679.5381536897803
XY12_16,od_baseline,43,15,99.92737880713726,2000.0,1276.1872898005909,722.3602863421543
XY12_16,od_baseline,43,16,99.89103135913804,2000.0,995.0837198278641,1002.7369073548966
XY12_16,od_baseline,43,17,99.89106821070588,2000.0,1035.8851610120405,961.9362032020772
XY12_16,od_baseline,43,18,99.96368940356862,2000.0,479.61067225406805,1519.6631158173045
XY12_16,od_baseline,43,19,99.92736184050351,2000.0,1316.5649407979035,681.9822960121664
XY12_16,od_baseline,43,20,99.8908185707059,2000.0,1638.0608782842341,359.7554931298837
XY12_16,od_baseline,43,21,99.96368940356862,2000.0,1205.9398144648444,793.3339736065282
XY12_16,od_baseline,43,22,99.89099858670588,2000.0,1074.9850659991962,922.8349057349214
XY12_16,od_baseline,43,23,99.92715852713741,2000.0,1125.380554933297,873.1626156094512
XY12_16,od_baseline,43,24,99.9634657888568,2000.0,479.61067225406805,1519.658643523068
XY12_16,od_baseline,43,25,99.8491406197829,2000.0,786.3914973867427,1210.5913150089154
XY12_16,od_baseline,43,26,99.6126080229308,2000.0,1352.6868393388227,639.5653211197932
XY12_16,od_baseline,43,27,99.92737380713724,2000.0,959.2213445081361,1039.3261316346088
XY12_16,od_baseline,43,28,99.80138242671194,2000.0,959.2213445081361,1036.8063040261027
XY12_16,od_baseline,43,29,99.89094420606384,2000.0,1311.8237150862833,685.9951690349935
XY12_16,od_baseline,43,30,99.927239834278,2000.0,1163.7772102860781,834.7675863994818
XY12_16,od_baseline,43,31,99.92735271784761,2000.0,1119.1447378172365,879.4023165397157
XY12_16,once,43,0,99.94382703012914,2000.0,320.0175726631255,1678.8589679394572
XY12_16,once,43,1,99.90296683384372,2000.0,1438.8320167622041,559.2273199146703
XY12_16,once,43,2,99.48590559237164,2000.0,1589.989786147562,399.72832569987077
XY12_16,once,43,3,99.96368940356862,2000.0,1048.2664548771254,951.0073331942472
XY12_16,once,43,4,99.88379821958613,2000.0,918.4094850020715,1079.266479389651
XY12_16,once,43,5,99.92737380713724,2000.0,1368.1053579340173,630.4421182087276
XY12_16,once,43,6,99.89106821070588,2000.0,991.5751342384383,1006.2462299756794
XY12_16,once,43,7,99.88753792527032,2000.0,1151.64749674703,846.1032617583764
XY12_16,once,43,8,99.92737380713724,2000.0,959.2213445081361,1039.3261316346088
XY12_16,once,43,9,99.23489562158443,2000.0,929.8407006855468,1054.8572117461417
XY12_16,once,43,10,99.88473714442013,2000.0,959.2213445081361,1038.4733983802666
XY12_16,once,43,11,99.92721002045141,2000.0,1052.2311855970393,946.313014811989
XY12_16,once,43,12,99.89441714355522,2000.0,1078.5131937614015,919.3751491097028
XY12_16,once,43,13,99.92737880713726,2000.0,1165.003698212839,833.5438779299061
XY12_16,once,43,14,99.91234445339254,2000.0,1318.7087353780703,679.5381536897803
XY12_16,once,43,15,99.92737880713726,2000.0,1270.7940888943294,727.7534872484157
XY12_16,once,43,16,99.75120194651238,2000.0,984.481865673999,1010.5421732562486
XY12_16,once,43,17,99.89082307727097,2000.0,1026.7142725658205,971.1021889795988
XY12_16,once,43,18,99.92263615650734,2000.0,479.61067225406805,1518.8420508760787
XY12_16,once,43,19,99.90284143223103,2000.0,1308.1340442236983,689.9227844209222
XY12_16,once,43,20,99.86320989967787,2000.0,1637.5087048636738,359.7554931298837
XY12_16,once,43,21,99.96368940356862,2000.0,1205.463705725676,793.8100823456966
XY12_16,once,43,22,99.89078495027309,2000.0,1070.5240522930144,927.2916467124473
XY12_16,once,43,23,99.92737880713726,2000.0,1128.7221833140957,869.8253928286495
XY12_16,once,43,24,99.96368940356862,2000.0,479.61067225406805,1519.6631158173045
XY12_16,once,43,25,99.87871360109838,2000.0,787.8612277196553,1209.7130443023125
XY12_16,once,43,26,99.89102016398745,2000.0,1358.2550821599557,639.5653211197932
XY12_16,once,43,27,99.92737880713726,2000.0,959.2213445081361,1039.326231634609
XY12_16,once,43,28,99.81167049113698,2000.0,959.2213445081361,1037.0120653146037
XY12_16,once,43,29,99.8758920778436,2000.0,1309.2589287357055,688.2589128211666
XY12_16,once,43,30,99.72203836408328,2000.0,1173.32873170852,821.1120355731455
XY12_16,once,43,31,99.92737880713726,2000.0,1119.1452596030294,879.4023165397157
XY12_16,asu_baseline,7,0,99.89028954574053,2000.0,869.0384694484469,1128.7673214663637
XY12_16,asu_baseline,7,1,99.82731747959751,2000.0,797.361372492338,1199.1849770996123
XY12_16,asu_baseline,7,2,99.94013699560271,2000.0,1182.542179327539,816.2605605845151
XY12_16,asu_baseline,7,3,99.80599566440233,2000.0,822.078523253605,1174.0413900344415
XY12_16,asu_baseline,7,4,99.73159891380087,2000.0,985.3958787067768,1009.2360995692407
XY12_16,asu_baseline,7,5,99.74780712992145,2000.0,675.8526677888558,1319.1034748095735
XY12_16,asu_baseline,7,6,99.81899442587022,2000.0,797.1949114177919,1199.1849770996123
XY12_16,asu_baseline,7,7,99.82705273797828,2000.0,930.8210778117409,1065.7199769478248
XY12_16,asu_baseline,7,8,99.62428445866745,2000.0,1438.8320167622041,553.6536724111447
XY12_16,asu_baseline,7,9,99.77038502975961,2000.0,1036.0597189155023,959.3479816796898
XY12_16,asu_baseline,7,10,99.81864675379897,2000.0,854.5075290603372,1141.8654060156423
XY12_16,asu_baseline,7,11,99.82843066808739,2000.0,837.3564688321226,1159.2121445296252
XY12_16,asu_baseline,7,12,99.86075693568807,2000.0,1212.3448989222857,784.8702397914758
XY12_16,asu_baseline,7,13,99.62640738110208,2000.0,993.2073333723647,999.3208142496769
XY12_16,asu_baseline,7,14,99.67482530223428,2000.0,1313.9583523549054,679.5381536897803
XY12_16,asu_baseline,7,15,99.74170703672695,2000.0,889.9195389896154,1104.9146017449239
XY12_16,asu_baseline,7,16,99.75958643380028,2000.0,1265.8105130966733,729.3812155793321
XY12_16,asu_baseline,7,17,99.7863439960139,2000.0,596.6777399707303,1399.0491399495477
XY12_16,asu_baseline,7,18,99.75022590356566,2000.0,574.2537121797441,1420.7508058915691
XY12_16,asu_baseline,7,19,99.76374385061646,2000.0,729.3202935810391,1265.9545834312903
XY12_16,asu_baseline,7,20,99.72571805377879,2000.0,729.3471467642685,1265.1672143113074
XY12_16,asu_baseline,7,21,99.89007979332487,2000.0,891.2964503495855,1106.5051455169119
XY12_16,asu_baseline,7,22,99.88230416584011,2000.0,1140.0954488987336,857.5506344180685
XY12_16,asu_baseline,7,23,99.76071302708992,2000.0,1291.3262553475597,703.8880051942388
XY12_16,asu_baseline,7,24,99.7126768151747,2000.0,1105.2308694842086,889.0226668192854
XY12_16,asu_baseline,7,25,99.55498706894411,2000.0,1438.8320167622041,552.2677246166782
XY12_16,asu_baseline,7,26,99.78296870141166,2000.0,996.3385597785564,999.3208142496769
XY12_16,asu_baseline,7,27,99.72507514354113,2000.0,915.2350234811715,1079.266479389651
XY12_16,asu_baseline,7,28,99.87984685908656,2000.0,818.650540470042,1178.946396711689
XY12_16,asu_baseline,7,29,99.75534461104397,2000.0,583.7134431393865,1411.3934490814927
XY12_16,asu_baseline,7,30,99.80243444709583,2000.0,959.2213445081361,1036.8273444337806
XY12_16,asu_baseline,7,31,99.87571144770682,2000.0,1210.0599887783128,787.4542401758235
XY12_16,od_baseline,7,0,99.92545592290818,2000.0,875.0482115889727,1123.4609068691911
XY12_16,od_baseline,7,1,99.85832309790142,2000.0,797.9814848584158,1199.1849770996125
XY12_16,od_baseline,7,2,99.96351767304641,2000.0,1165.6949217164624,833.5754317444657
XY12_16,od_baseline,7,3,99.96368940356862,2000.0,805.7146558792269,1193.5591321921456
XY12_16,od_baseline,7,4,99.89087881214182,2000.0,993.9637435131772,1003.8538327296592
XY12_16,od_baseline,7,5,99.92543066442636,2000.0,679.4051384789536,1319.1034748095735
XY12_16,od_baseline,7,6,99.9194819721722,2000.0,799.2046623438316,1199.1849770996125
XY12_16,od_baseline,7,7,99.96368440356862,2000.0,936.5286802176006,1062.7450078537718
XY12_16,od_baseline,7,8,99.86874816379515,2000.0,1438.8320167622041,558.5429465136986
XY12_16,od_baseline,7,9,99.87864272901102,2000.0,1038.2248729005305,959.3479816796898
XY12_16,od_baseline,7,10,99.93121282757025,2000.0,857.1781715149455,1141.4460850364594
XY12_16,od_baseline,7,11,99.76857619616612,2000.0,836.1593793936972,1159.2121445296252
XY12_16,od_baseline,7,12,99.92737880713726,2000.0,1204.7610966162729,793.7864795264722
XY12_16,od_baseline,7,13,99.92714766450082,2000.0,999.2221390403397,999.3208142496769
XY12_16,od_baseline,7,14,99.92724965765312,2000.0,1319.0068394632822,679.5381536897803
XY12_16,od_baseline,7,15,99.96368940356862,2000.0,897.080644138985,1102.1931439323876
XY12_16,od_baseline,7,16,99.89105321070585,2000.0,1261.7693982177411,736.051665996376
XY12_16,od_baseline,7,17,99.9241307513515,2000.0,599.4334750774824,1399.0491399495477
XY12_16,od_baseline,7,18,99.92193466216597,2000.0,595.9705936285345,1402.468099614785
XY12_16,od_baseline,7,19,99.87146959356451,2000.0,723.4290727791813,1274.0003190921088
XY12_16,od_baseline,7,20,99.87193812342784,2000.0,724.3561425764283,1273.0826198921286
XY12_16,od_baseline,7,21,99.93912161368614,2000.0,892.0795032167507,1106.7029290569722
XY12_16,od_baseline,7,22,99.96368940356862,2000.0,1122.3692359593742,876.9045521119983
XY12_16,od_baseline,7,23,99.92737880713726,2000.0,1296.633456133508,701.9141200092372
XY12_16,od_baseline,7,24,99.86102746496137,2000.0,1104.9607891799192,892.2597601193083
XY12_16,od_baseline,7,25,99.89093826598582,2000.0,1438.8320167622041,558.9867485575123
XY12_16,od_baseline,7,26,99.9273496520202,2000.0,999.2261787907269,999.3208142496769
XY12_16,od_baseline,7,27,99.92218961133229,2000.0,919.1773128369946,1079.266479389651
XY12_16,od_baseline,7,28,99.92737880713726,2000.0,833.2678602442729,1165.2797158984722
XY12_16,od_baseline,7,29,99.87700172187036,2000.0,584.8367139279321,1412.703320509475
XY12_16,od_baseline,7,30,99.927360326529,2000.0,959.2213445081361,1039.3258620224437
XY12_16,od_baseline,7,31,99.89375419450266,2000.0,1211.471959864729,786.4031240253244
XY12_16,once,7,0,99.64895432249482,2000.0,860.3222861181453,1132.6568003317511
XY12_16,once,7,1,99.74966388257349,2000.0,795.8083005518572,1199.1849770996125
XY12_16,once,7,2,99.96368440356862,2000.0,1177.8279293511482,821.4457587202241
XY12_16,once,7,3,99.96368440356862,2000.0,806.8260146219618,1192.4476734494106
XY12_16,once,7,4,99.89047915474346,2000.0,991.5399134548452,1006.269669640024
XY12_16,once,7,5,99.89047378089269,2000.0,678.7060008082801,1319.1034748095738
XY12_16,once,7,6,99.85721466657115,2000.0,797.9593162318106,1199.1849770996123
XY12_16,once,7,7,99.9636794035686,2000.0,928.1583604033854,1071.1152276679868
XY12_16,once,7,8,99.81351849030375,2000.0,1438.8320167622041,557.4383530438708
XY12_16,once,7,9,99.89082975469941,2000.0,1038.4686134142985,959.3479816796898
XY12_16,once,7,10,99.9635978252503,2000.0,867.3637813893843,1131.9081751156218
XY12_16,once,7,11,99.92314791114015,2000.0,839.2508136931779,1159.2121445296252
XY12_16,once,7,12,99.92737880713726,2000.0,1218.4946862201205,780.0528899226247
XY12_16,once,7,13,99.89995927113614,2000.0,998.6783711730459,999.3208142496769
XY12_16,once,7,14,99.88711806860358,2000.0,1318.2042076822913,679.5381536897803
XY12_16,once,7,15,99.96368940356862,2000.0,895.3877926373025,1103.88599543407
XY12_16,once,7,16,99.68193709285686,2000.0,1265.7684006607615,727.8703411963756
XY12_16,once,7,17,99.85630447692715,2000.0,598.0769495889954,1399.0491399495477
XY12_16,once,7,18,99.8917910483211,2000.0,591.9177693517299,1405.918051614692
XY12_16,once,7,19,99.96360462355926,2000.0,726.2443897391818,1273.0277027320035
XY12_16,once,7,20,99.96351254706933,2000.0,729.5818012364198,1269.6884497049668
XY12_16,once,7,21,99.96365255253338,2000.0,888.2756522450086,1110.997398805659
XY12_16,once,7,22,99.81378058226892,2000.0,1133.8273447643664,862.4482668810119
XY12_16,once,7,23,99.92678342314511,2000.0,1288.4705906192298,710.0650778436725
XY12_16,once,7,24,99.67139052434197,2000.0,1100.4861992593187,892.9416112275208
XY12_16,once,7,25,99.71303847952622,2000.0,1438.8320167622041,555.4287528283203
XY12_16,once,7,26,99.69322368217176,2000.0,994.5436593937584,999.3208142496769
XY12_16,once,7,27,99.4787278608286,2000.0,910.3080778269209,1079.266479389651
XY12_16,once,7,28,99.92737880713726,2000.0,822.7182787607812,1175.829297381964
XY12_16,once,7,29,99.92708374712788,2000.0,587.6898976565708,1410.8517772859868
XY12_16,once,7,30,99.9046927405604,2000.0,959.2213445081361,1038.872510303072
XY12_16,once,7,31,99.91548176767154,2000.0,1208.6545048504995,789.6551305029311
XY12_20,asu_baseline,19,0,100.0,2000.0,916.7292005030813,1083.2707994969187
XY12_20,asu_baseline,19,1,100.0,2000.0,884.7551604527998,1115.2448395472002
XY12_20,asu_baseline,19,2,100.0,2000.0,1488.7383057321308,511.2616942678692
XY12_20,asu_baseline,19,3,100.0,2000.0,1244.0556380460657,755.9443619539343
XY12_20,asu_baseline,19,4,100.0,2000.0,967.9600559103674,1032.0399440896326
XY12_20,asu_baseline,19,5,100.0,2000.0,1135.9877200604415,864.0122799395585
XY12_20,asu_baseline,19,6,99.93427088270273,2000.0,1246.7869798626107,751.8984377914439
XY12_20,asu_baseline,19,7,100.0,2000.0,933.4089456081733,1066.5910543918267
XY12_20,asu_baseline,19,8,100.0,2000.0,1148.4113914563168,851.5886085436832
XY12_20,asu_baseline,19,9,100.0,2000.0,840.885311670635,1159.114688329365
XY12_20,asu_baseline,19,10,99.97413299688172,2000.0,851.793762835191,1147.6888971024432
XY12_20,asu_baseline,19,11,100.0,2000.0,1132.9830023300556,867.0169976699444
XY12_20,asu_baseline,19,12,99.99611179315843,2000.0,891.2038383307317,1108.718397532437
XY12_20,asu_baseline,19,13,100.0,2000.0,604.8068430097264,1395.1931569902736
XY12_20,asu_baseline,19,14,99.98843469485213,2000.0,1045.6675902746074,954.1011036224354
XY12_20,asu_baseline,19,15,99.99475639124354,2000.0,1294.3470566678657,705.5480711570053
XY12_20,asu_baseline,19,16,100.0,2000.0,604.8068430097264,1395.1931569902736
XY12_20,asu_baseline,19,17,100.0,2000.0,1193.6593472491368,806.3406527508632
XY12_20,asu_baseline,19,18,100.0,2000.0,648.2386231224486,1351.7613768775514
XY12_20,asu_baseline,19,19,100.0,2000.0,1042.4704748583501,957.5295251416499
XY12_20,asu_baseline,19,20,100.0,2000.0,832.5698822477198,1167.4301177522802
XY12_20,asu_baseline,19,21,99.9046597166033,2000.0,1209.6136860194529,788.4795083126132
XY12_20,asu_baseline,19,22,100.0,2000.0,1135.0034860758824,864.9965139241176
XY12_20,asu_baseline,19,23,100.0,2000.0,1209.6136860194529,790.3863139805471
XY12_20,asu_baseline,19,24,100.0,2000.0,1639.9506918829097,360.0493081170903
XY12_20,asu_baseline,19,25,100.0,2000.0,1610.2815342715382,389.71846572846175
XY12_20,asu_baseline,19,26,100.0,2000.0,1186.3456396639672,813.6543603360328
XY12_20,asu_baseline,19,27,100.0,2000.0,1209.6136860194529,790.3863139805471
XY12_20,asu_baseline,19,28,100.0,2000.0,982.8188105563163,1017.1811894436837
XY12_20,asu_baseline,19,29,100.0,2000.0,1193.6593472491368,806.3406527508632
XY12_20,asu_baseline,19,30,100.0,2000.0,1115.200205807177,884.7997941928229
XY12_20,asu_baseline,19,31,100.0,2000.0,1470.4815512692717,529.5184487307283
XY12_20,od_baseline,19,0,99.89141803349001,2000.0,919.5388568530079,1078.2895038167921
XY12_20,od_baseline,19,1,100.0,2000.0,880.6095986736136,1119.3904013263864
XY12_20,od_baseline,19,2,100.0,2000.0,1483.9004495009735,516.0995504990265
XY12_20,od_baseline,19,3,99.72044775852501,2000.0,1238.4645932165658,755.9443619539343
XY12_20,od_baseline,19,4,100.0,2000.0,971.0489086807502,1028.9510913192498
XY12_20,od_baseline,19,5,99.94461494816758,2000.0,1139.5556201106979,859.3366788526537
XY12_20,od_baseline,19,6,100.0,2000.0,1229.078118229741,770.921881770259
XY12_20,od_baseline,19,7,100.0,2000.0,939.9354177976466,1060.0645822023534
XY12_20,od_baseline,19,8,100.0,2000.0,1128.8179118292874,871.1820881707126
XY12_20,od_baseline,19,9,100.0,2000.0,840.885311670635,1159.114688329365
XY12_20,od_baseline,19,10,100.0,2000.0,871.0085046638756,1128.9914953361244
XY12_20,od_baseline,19,11,100.0,2000.0,1132.9965015597095,867.0034984402905
XY12_20,od_baseline,19,12,100.0,2000.0,891.2816024675631,1108.718397532437
XY12_20,od_baseline,19,13,100.0,2000.0,604.8068430097264,1395.1931569902736
XY12_20,od_baseline,19,14,100.0,2000.0,1027.5640510354324,972.4359489645676
XY12_20,od_baseline,19,15,100.0,2000.0,1294.4519288429947,705.5480711570053
XY12_20,od_baseline,19,16,100.0,2000.0,604.8068430097264,1395.1931569902736
XY12_20,od_baseline,19,17,100.0,2000.0,1193.6593472491368,806.3406527508632
XY12_20,od_baseline,19,18,100.0,2000.0,625.3921782600144,1374.6078217399856
XY12_20,od_baseline,19,19,99.89330542994014,2000.0,1040.336583457154,957.529525141649
XY12_20,od_baseline,19,20,100.0,2000.0,839.2911110477198,1160.7088889522802
XY12_20,od_baseline,19,21,100.0,2000.0,1209.6136860194529,790.3863139805471
XY12_20,od_baseline,19,22,99.99458016368351,2000.0,1140.8559362706696,859.0356670030005
XY12_20,od_baseline,19,23,100.0,2000.0,1209.6136860194529,790.3863139805471
XY12_20,od_baseline,19,24,100.0,2000.0,1636.0009420221427,363.9990579778573
XY12_20,od_baseline,19,25,100.0,2000.0,1627.9599888644077,372.0400111355923
XY12_20,od_baseline,19,26,99.91807849278825,2000.0,1179.5134576431974,818.8481122125677
XY12_20,od_baseline,19,27,100.0,2000.0,1209.6136860194529,790.3863139805471
XY12_20,od_baseline,19,28,100.0,2000.0,979.1686896851024,1020.8313103148976
XY12_20,od_baseline,19,29,100.0,2000.0,1197.270804226213,802.7291957737871
XY12_20,od_baseline,19,30,100.0,2000.0,1122.4999473181097,877.5000526818903
XY12_20,od_baseline,19,31,99.85396802894904,2000.0,1464.6291235284546,532.4502370505263
XY12_20,once,19,0,100.0,2000.0,915.6474226838409,1084.352577316159
XY12_20,once,19,1,99.83987313079842,2000.0,891.3103084756685,1105.4871541403
XY12_20,once,19,2,100.0,2000.0,1494.5101270351824,505.48987296481755
XY12_20,once,19,3,100.0,2000.0,1244.0556380460657,755.9443619539343
XY12_20,once,19,4,100.0,2000.0,969.2805640111374,1030.7194359888626
XY12_20,once,19,5,99.87653702625005,2000.0,1142.8973243156438,854.6334162093572
XY12_20,once,19,6,100.0,2000.0,1232.482011669741,767.517988330259
XY12_20,once,19,7,100.0,2000.0,934.1497788881729,1065.850221111827
XY12_20,once,19,8,99.99094004148768,2000.0,1131.8917390292872,867.9270618004662
XY12_20,once,19,9,100.0,2000.0,840.885311670635,1159.114688329365
XY12_20,once,19,10,99.88142460471659,2000.0,852.1477498094018,1145.4807422849299
XY12_20,once,19,11,99.95446605600618,2000.0,1131.95489147964,867.1344296404836
XY12_20,once,19,12,100.0,2000.0,891.2816024675631,1108.718397532437
XY12_20,once,19,13,100.0,2000.0,604.8068430097264,1395.1931569902736
XY12_20,once,19,14,100.0,2000.0,1036.9955058858177,963.0044941141823
XY12_20,once,19,15,99.98262322219868,2000.0,1294.1043932869684,705.5480711570053
XY12_20,once,19,16,99.99636745452976,2000.0,604.8068430097264,1395.1205060808688
XY12_20,once,19,17,100.0,2000.0,1193.6593472491368,806.3406527508632
XY12_20,once,19,18,100.0,2000.0,644.1201007816696,1355.8798992183304
XY12_20,once,19,19,100.0,2000.0,1042.4704748583501,957.5295251416499
XY12_20,once,19,20,100.0,2000.0,834.0042118477195,1165.9957881522805
XY12_20,once,19,21,99.91839319052826,2000.0,1209.6136860194529,788.7541777911124
XY12_20,once,19,22,100.0,2000.0,1136.2846252758823,863.7153747241177
XY12_20,once,19,23,100.0,2000.0,1209.6136860194529,790.3863139805471
XY12_20,once,19,24,100.0,2000.0,1640.8789439421394,359.12105605786064
XY12_20,once,19,25,100.0,2000.0,1623.6420084140238,376.35799158597615
XY12_20,once,19,26,100.0,2000.0,1182.2227784728116,817.7772215271884
XY12_20,once,19,27,100.0,2000.0,1209.6136860194529,790.3863139805471
XY12_20,once,19,28,100.0,2000.0,989.5162709354886,1010.4837290645114
XY12_20,once,19,29,100.0,2000.0,1193.6593472491368,806.3406527508632
XY12_20,once,19,30,99.97810011924261,2000.0,1115.156098183003,884.4059042018494
XY12_20,once,19,31,99.87637683008961,2000.0,1453.723807379199,543.8037292225933
XY12_20,asu_baseline,43,0,100.0,2000.0,826.8175004580798,1173.1824995419202
XY12_20,asu_baseline,43,1,99.95121567765898,2000.0,1230.7982676103106,768.226045942869
XY12_20,asu_baseline,43,2,99.99412177748778,2000.0,1723.746529770619,276.13590577913646
XY12_20,asu_baseline,43,3,99.93023183613543,2000.0,714.6513591649909,1283.9532775577177
XY12_20,asu_baseline,43,4,99.99661675646314,2000.0,1178.7569474673655,821.1753876618973
XY12_20,asu_baseline,43,5,99.93622776563288,2000.0,969.5807145895719,1029.1438407230858
XY12_20,asu_baseline,43,6,99.96860407381664,2000.0,1727.0557003071835,272.3163811691493
XY12_20,asu_baseline,43,7,99.99062114640635,2000.0,775.6157034507946,1224.1967194773324
XY12_20,asu_baseline,43,8,100.0,2000.0,1209.6136860194529,790.3863139805471
XY12_20,asu_baseline,43,9,99.98680644681808,2000.0,1021.9919570606348,977.7441718757268
XY12_20,asu_baseline,43,10,99.89289510784764,2000.0,604.8068430097264,1393.0510591472262
XY12_20,asu_baseline,43,11,99.98957643733972,2000.0,840.6768404174286,1159.114688329366
XY12_20,asu_baseline,43,12,99.98514514548825,2000.0,1209.6136860194526,790.0892168903122
XY12_20,asu_baseline,43,13,99.87546411763468,2000.0,867.1976561957486,1130.3116261569448
XY12_20,asu_baseline,43,14,99.9927414548105,2000.0,790.343849969915,1209.5109791262948
XY12_20,asu_baseline,43,15,99.936344363837,2000.0,436.4418725719431,1562.2850147047968
XY12_20,asu_baseline,43,16,99.99705728892418,2000.0,624.6381683103662,1375.3029774681174
XY12_20,asu_baseline,43,17,100.0,2000.0,1370.0808042423828,629.9191957576172
XY12_20,asu_baseline,43,18,100.0,2000.0,1244.0556380460657,755.9443619539343
XY12_20,asu_baseline,43,19,100.0,2000.0,992.074184061421,1007.925815938579
XY12_20,asu_baseline,43,20,99.97438967796101,2000.0,1129.8273660101054,869.660427549115
XY12_20,asu_baseline,43,21,99.99508880809005,2000.0,891.1833786293641,1108.718397532437
XY12_20,asu_baseline,43,22,99.98898927440673,2000.0,604.8068430097264,1394.9729424784082
XY12_20,asu_baseline,43,23,99.94219062932977,2000.0,604.8068430097264,1394.036969576869
XY12_20,asu_baseline,43,24,99.98470580800083,2000.0,1079.5062391834158,920.1878769766008
XY12_20,asu_baseline,43,25,100.0,2000.0,670.0294911950109,1329.970508804989
XY12_20,asu_baseline,43,26,99.87268262343366,2000.0,737.5463825454494,1259.9072699232238
XY12_20,asu_baseline,43,27,99.89711863796245,2000.0,889.223975226812,1108.718397532437
XY12_20,asu_baseline,43,28,99.95517122487757,2000.0,1029.4938762264678,969.6095482710839
XY12_20,asu_baseline,43,29,99.98016407317071,2000.0,1272.7020175219018,726.9012639415123
XY12_20,asu_baseline,43,30,99.88449905544314,2000.0,324.10840800883216,1673.5815731000307
XY12_20,asu_baseline,43,31,99.98396834641444,2000.0,840.5646785989229,1159.114688329366
XY12_20,od_baseline,43,0,100.0,2000.0,826.001034247723,1173.998965752277
XY12_20,od_baseline,43,1,100.0,2000.0,1230.1176774231415,769.8823225768585
XY12_20,od_baseline,43,2,100.0,2000.0,1725.7179851650699,274.2820148349301
XY12_20,od_baseline,43,3,100.0,2000.0,717.0912871761043,1282.9087128238957
XY12_20,od_baseline,43,4,100.0,2000.0,1179.1598398831934,820.8401601168066
XY12_20,od_baseline,43,5,100.0,2000.0,971.5124364977332,1028.4875635022668
XY12_20,od_baseline,43,6,99.82699083349137,2000.0,1725.185834321494,271.3539823483334
XY12_20,od_baseline,43,7,99.78392286549347,2000.0,775.8185962507946,1219.8598610590748
XY12_20,od_baseline,43,8,100.0,2000.0,1209.6136860194529,790.3863139805471
XY12_20,od_baseline,43,9,100.0,2000.0,1022.2745458842783,977.7254541157217
XY12_20,od_baseline,43,10,100.0,2000.0,604.8068430097264,1395.1931569902736
XY12_20,od_baseline,43,11,100.0,2000.0,840.8853116706341,1159.114688329366
XY12_20,od_baseline,43,12,100.0,2000.0,1209.6136860194526,790.3863139805474
XY12_20,od_baseline,43,13,99.81228591316362,2000.0,867.2576205271475,1128.988097736125
XY12_20,od_baseline,43,14,100.0,2000.0,790.4890208737052,1209.5109791262948
XY12_20,od_baseline,43,15,100.0,2000.0,437.7149852952032,1562.2850147047968
XY12_20,od_baseline,43,16,100.0,2000.0,624.9416182600132,1375.0583817399868
XY12_20,od_baseline,43,17,99.89477340001106,2000.0,1363.9511403133893,633.9443276868319
XY12_20,od_baseline,43,18,100.0,2000.0,1244.0556380460657,755.9443619539343
XY12_20,od_baseline,43,19,100.0,2000.0,992.074184061421,1007.925815938579
XY12_20,od_baseline,43,20,100.0,2000.0,1128.6916550292872,871.3083449707128
XY12_20,od_baseline,43,21,100.0,2000.0,891.2816024675631,1108.718397532437
XY12_20,od_baseline,43,22,100.0,2000.0,604.8068430097264,1395.1931569902736
XY12_20,od_baseline,43,23,100.0,2000.0,604.8068430097264,1395.1931569902736
XY12_20,od_baseline,43,24,100.0,2000.0,1078.3630482323601,921.6369517676399
XY12_20,od_baseline,43,25,100.0,2000.0,666.0575342991751,1333.9424657008249
XY12_20,od_baseline,43,26,99.75943214400546,2000.0,735.2813729568852,1259.9072699232238
XY12_20,od_baseline,43,27,99.87519787349164,2000.0,888.7855599373961,1108.718397532437
XY12_20,od_baseline,43,28,100.0,2000.0,1029.3243918354324,970.6756081645676
XY12_20,od_baseline,43,29,100.0,2000.0,1274.0515662393072,725.9484337606928
XY12_20,od_baseline,43,30,100.0,2000.0,326.52757440883533,1673.4724255911647
XY12_20,od_baseline,43,31,100.0,2000.0,840.8853116706341,1159.114688329366
XY12_20,once,43,0,99.94622203942212,2000.0,829.1140870477229,1169.8103537407196
XY12_20,once,43,1,99.94859882226244,2000.0,1238.1493862295881,760.8225902156607
XY12_20,once,43,2,99.9485338098267,2000.0,1718.6936190504643,280.27705714606964
XY12_20,once,43,3,100.0,2000.0,715.7815570961052,1284.2184429038948
XY12_20,once,43,4,100.0,2000.0,1183.5912558535847,816.4087441464153
XY12_20,once,43,5,100.0,2000.0,964.3874016769587,1035.6125983230413
XY12_20,once,43,6,99.93183389748994,2000.0,1719.5766975806912,279.05998036910773
XY12_20,once,43,7,100.0,2000.0,781.7318160315685,1218.2681839684315
XY12_20,once,43,8,100.0,2000.0,1209.6136860194529,790.3863139805471
XY12_20,once,43,9,100.0,2000.0,1016.3126396738899,983.6873603261101
XY12_20,once,43,10,100.0,2000.0,604.8068430097264,1395.1931569902736
XY12_20,once,43,11,99.93721083942219,2000.0,839.6295284590778,1159.114688329366
XY12_20,once,43,12,99.94639691942113,2000.0,1209.6136860194526,789.3142523689701
XY12_20,once,43,13,100.0,2000.0,868.2428504831018,1131.7571495168982
XY12_20,once,43,14,99.96898133897753,2000.0,789.8686476532557,1209.5109791262948
XY12_20,once,43,15,99.99220119942979,2000.0,437.559009283799,1562.2850147047968
XY12_20,once,43,16,100.0,2000.0,628.7166268407864,1371.2833731592136
XY12_20,once,43,17,100.0,2000.0,1373.6178769531684,626.3821230468316
XY12_20,once,43,18,99.88012568116058,2000.0,1241.6581516692772,755.9443619539343
XY12_20,once,43,19,100.0,2000.0,992.074184061421,1007.925815938579
XY12_20,once,43,20,100.0,2000.0,1135.5286228100617,864.4713771899383
XY12_20,once,43,21,99.90852688594555,2000.0,889.452140186474,1108.718397532437
XY12_20,once,43,22,99.96825981097876,2000.0,604.8068430097264,1394.558353209849
XY12_20,once,43,23,99.99713018342,2000.0,604.8068430097264,1395.1357606586735
XY12_20,once,43,24,100.0,2000.0,1085.6294968131347,914.3705031868653
XY12_20,once,43,25,100.0,2000.0,663.8286997391774,1336.1713002608226
XY12_20,once,43,26,100.0,2000.0,740.0927300767762,1259.9072699232238
XY12_20,once,43,27,99.97421863348835,2000.0,890.7659751373299,1108.718397532437
XY12_20,once,43,28,100.0,2000.0,1033.3708444162062,966.6291555837938
XY12_20,once,43,29,100.0,2000.0,1266.9003144585322,733.0996855414678
XY12_20,once,43,30,99.91379387175273,2000.0,325.33140307844724,1672.9444743566073
XY12_20,once,43,31,100.0,2000.0,840.8853116706341,1159.114688329366
XY12_20,asu_baseline,7,0,100.0,2000.0,367.39277965725114,1632.6072203427489
XY12_20,asu_baseline,7,1,99.97925435646326,2000.0,1371.884223175408,627.7008639538572
XY12_20,asu_baseline,7,2,100.0,2000.0,1209.6136860194529,790.3863139805471
XY12_20,asu_baseline,7,3,100.0,2000.0,884.930104703642,1115.069895296358
XY12_20,asu_baseline,7,4,100.0,2000.0,1042.47047485835,957.5295251416501
XY12_20,asu_baseline,7,5,99.98758860914222,2000.0,1135.6884982443298,864.0632739385146
XY12_20,asu_baseline,7,6,100.0,2000.0,1546.4333828276394,453.56661717236057
XY12_20,asu_baseline,7,7,100.0,2000.0,1042.470474858351,957.529525141649
XY12_20,asu_baseline,7,8,99.95854240178632,2000.0,1209.6136860194529,789.5571620162737
XY12_20,asu_baseline,7,9,99.9744737694882,2000.0,969.4467839702097,1030.042691419554
XY12_20,asu_baseline,7,10,100.0,2000.0,1042.47047485835,957.5295251416501
XY12_20,asu_baseline,7,11,100.0,2000.0,1073.057996414254,926.9420035857461
XY12_20,asu_baseline,7,12,100.0,2000.0,1179.609069483044,820.3909305169559
XY12_20,asu_baseline,7,13,99.99449540915862,2000.0,680.1044804578164,1319.785427725356
XY12_20,asu_baseline,7,14,100.0,2000.0,827.6884890794186,1172.3115109205814
XY12_20,asu_baseline,7,15,99.98205671530063,2000.0,1233.3352514867336,766.3058828192791
XY12_20,asu_baseline,7,16,100.0,2000.0,1193.6593472491368,806.3406527508632
XY12_20,asu_baseline,7,17,100.0,2000.0,1209.6136860194529,790.3863139805471
XY12_20,asu_baseline,7,18,99.98284829480669,2000.0,1270.6328224817216,729.0241434144123
XY12_20,asu_baseline,7,19,99.98879412743887,2000.0,919.6174865722883,1080.158395976489
XY12_20,asu_baseline,7,20,100.0,2000.0,1285.5268159177767,714.4731840822233
XY12_20,asu_baseline,7,21,100.0,2000.0,1229.9189418505564,770.0810581494436
XY12_20,asu_baseline,7,22,99.93321575372147,2000.0,828.8553669696407,1169.8089481047887
XY12_20,asu_baseline,7,23,100.0,2000.0,1244.0556380460657,755.9443619539343
XY12_20,asu_baseline,7,24,99.98212049715886,2000.0,1042.1128848015273,957.5295251416501
XY12_20,asu_baseline,7,25,100.0,2000.0,669.6047384953449,1330.395261504655
XY12_20,asu_baseline,7,26,99.98802973480686,2000.0,1220.128397284795,779.6321974113421
XY12_20,asu_baseline,7,27,100.0,2000.0,538.5075668890604,1461.4924331109396
XY12_20,asu_baseline,7,28,100.0,2000.0,970.3415236204378,1029.6584763795622
XY12_20,asu_baseline,7,29,99.77463903155812,2000.0,1792.512653132595,202.98012749856753
XY12_20,asu_baseline,7,30,99.96342112178627,2000.0,1209.6136860194526,789.6547364162727
XY12_20,asu_baseline,7,31,100.0,2000.0,978.3352575039294,1021.6647424960706
XY12_20,od_baseline,7,0,100.0,2000.0,367.70966644798636,1632.2903335520136
XY12_20,od_baseline,7,1,100.0,2000.0,1374.7657607865654,625.2342392134346
XY12_20,od_baseline,7,2,100.0,2000.0,1209.6136860194529,790.3863139805471
XY12_20,od_baseline,7,3,100.0,2000.0,886.4153858446471,1113.584614155353
XY12_20,od_baseline,7,4,100.0,2000.0,1042.47047485835,957.5295251416501
XY12_20,od_baseline,7,5,100.0,2000.0,1129.3558183892856,870.6441816107144
XY12_20,od_baseline,7,6,100.0,2000.0,1546.4333828276394,453.56661717236057
XY12_20,od_baseline,7,7,100.0,2000.0,1042.470474858351,957.529525141649
XY12_20,od_baseline,7,8,100.0,2000.0,1209.6136860194529,790.3863139805471
XY12_20,od_baseline,7,9,100.0,2000.0,972.3185388977331,1027.681461102267
XY12_20,od_baseline,7,10,100.0,2000.0,1042.47047485835,957.5295251416501
XY12_20,od_baseline,7,11,100.0,2000.0,1073.020121314606,926.9798786853939
XY12_20,od_baseline,7,12,100.0,2000.0,1179.5983502831982,820.4016497168018
XY12_20,od_baseline,7,13,100.0,2000.0,675.4746258569417,1324.5253741430583
XY12_20,od_baseline,7,14,100.0,2000.0,826.7454172647049,1173.2545827352951
XY12_20,od_baseline,7,15,100.0,2000.0,1244.3266878294128,755.6733121705872
XY12_20,od_baseline,7,16,100.0,2000.0,1193.6593472491368,806.3406527508632
XY12_20,od_baseline,7,17,100.0,2000.0,1209.6136860194529,790.3863139805471
XY12_20,od_baseline,7,18,100.0,2000.0,1273.9479374393072,726.0520625606928
XY12_20,od_baseline,7,19,100.0,2000.0,921.5168441008036,1078.4831558991964
XY12_20,od_baseline,7,20,100.0,2000.0,1280.984704997049,719.015295002951
XY12_20,od_baseline,7,21,100.0,2000.0,1229.2444254297409,770.7555745702591
XY12_20,od_baseline,7,22,100.0,2000.0,826.8697478477238,1173.1302521522762
XY12_20,od_baseline,7,23,100.0,2000.0,1244.0556380460657,755.9443619539343
XY12_20,od_baseline,7,24,100.0,2000.0,1042.47047485835,957.5295251416501
XY12_20,od_baseline,7,25,100.0,2000.0,670.4045950761597,1329.5954049238403
XY12_20,od_baseline,7,26,99.69863109145736,2000.0,1212.459217164303,781.5134046648441
XY12_20,od_baseline,7,27,100.0,2000.0,538.5075668890604,1461.4924331109396
XY12_20,od_baseline,7,28,100.0,2000.0,970.6147349207517,1029.3852650792483
XY12_20,od_baseline,7,29,99.9209855443421,2000.0,1793.8493304359372,204.57038045090485
XY12_20,od_baseline,7,30,100.0,2000.0,1209.6136860194526,790.3863139805474
XY12_20,od_baseline,7,31,100.0,2000.0,977.6944010451034,1022.3055989548966
XY12_20,once,7,0,100.0,2000.0,360.40786426721206,1639.592135732788
XY12_20,once,7,1,99.78518433562034,2000.0,1359.1162780734708,636.5874086389363
XY12_20,once,7,2,99.95654127661332,2000.0,1209.6136860194529,789.5171395128136
XY12_20,once,7,3,100.0,2000.0,878.4662839246466,1121.5337160753534
XY12_20,once,7,4,100.0,2000.0,1042.47047485835,957.5295251416501
XY12_20,once,7,5,99.91522863912849,2000.0,1141.5676292347775,856.7369435477922
XY12_20,once,7,6,100.0,2000.0,1546.4333828276394,453.56661717236057
XY12_20,once,7,7,100.0,2000.0,1042.4704748583508,957.5295251416492
XY12_20,once,7,8,100.0,2000.0,1209.6136860194529,790.3863139805471
XY12_20,once,7,9,99.97941693419682,2000.0,962.3397842096751,1037.2485544742613
XY12_20,once,7,10,100.0,2000.0,1042.47047485835,957.5295251416501
XY12_20,once,7,11,99.99270902581966,2000.0,1068.1822241390128,931.6719563773804
XY12_20,once,7,12,100.0,2000.0,1183.952020653585,816.0479793464151
XY12_20,once,7,13,99.90985542056599,2000.0,689.1193215367011,1309.0777868746186
XY12_20,once,7,14,100.0,2000.0,845.0442738890297,1154.9557261109703
XY12_20,once,7,15,100.0,2000.0,1235.8965484467246,764.1034515532754
XY12_20,once,7,16,99.8517407138186,2000.0,1192.1526408134068,804.882173462965
XY12_20,once,7,17,100.0,2000.0,1209.6136860194529,790.3863139805471
XY12_20,once,7,18,100.0,2000.0,1263.7661064585309,736.2338935414691
XY12_20,once,7,19,100.0,2000.0,917.722031878428,1082.277968121572
XY12_20,once,7,20,100.0,2000.0,1282.9713120666652,717.0286879333348
XY12_20,once,7,21,100.0,2000.0,1236.069450650515,763.9305493494851
XY12_20,once,7,22,100.0,2000.0,832.5684236284978,1167.4315763715022
XY12_20,once,7,23,100.0,2000.0,1244.0556380460657,755.9443619539343
XY12_20,once,7,24,100.0,2000.0,1042.47047485835,957.5295251416501
XY12_20,once,7,25,100.0,2000.0,663.8642392953857,1336.1357607046143
XY12_20,once,7,26,100.0,2000.0,1217.999847465394,782.0001525346061
XY12_20,once,7,27,100.0,2000.0,538.5075668890604,1461.4924331109396
XY12_20,once,7,28,99.95637438400153,2000.0,959.5265164355701,1039.6009712444607
XY12_20,once,7,29,100.0,2000.0,1785.6444638759372,214.35553612406284
XY12_20,once,7,30,100.0,2000.0,1209.6136860194526,790.3863139805474
XY12_20,once,7,31,100.0,2000.0,981.4502116674794,1018.5497883325206
XY12_24,asu_baseline,19,0,100.0,2000.0,869.173709680193,1130.826290319807
XY12_24,asu_baseline,19,1,100.0,2000.0,1250.4848547062636,749.5151452937364
XY12_24,asu_baseline,19,2,100.0,2000.0,1615.5911300261382,384.4088699738618
XY12_24,asu_baseline,19,3,100.0,2000.0,1191.0691959927894,808.9308040072106
XY12_24,asu_baseline,19,4,100.0,2000.0,807.3559873135487,1192.6440126864513
XY12_24,asu_baseline,19,5,100.0,2000.0,1007.1821472928505,992.8178527071495
XY12_24,asu_baseline,19,6,100.0,2000.0,1695.5588441667715,304.44115583322855
XY12_24,asu_baseline,19,7,100.0,2000.0,751.5778199045292,1248.4221800954708
XY12_24,asu_baseline,19,8,100.0,2000.0,1190.651915320198,809.348084679802
XY12_24,asu_baseline,19,9,100.0,2000.0,1025.7883013336686,974.2116986663314
XY12_24,asu_baseline,19,10,100.0,2000.0,935.1793614044691,1064.820638595531
XY12_24,asu_baseline,19,11,100.0,2000.0,1191.8590135927898,808.1409864072102
XY12_24,asu_baseline,19,12,100.0,2000.0,843.1236078337315,1156.8763921662685
XY12_24,asu_baseline,19,13,100.0,2000.0,751.8584343045302,1248.1415656954698
XY12_24,asu_baseline,19,14,100.0,2000.0,1461.1092657058325,538.8907342941675
XY12_24,asu_baseline,19,15,100.0,2000.0,1369.0044628819262,630.9955371180738
XY12_24,asu_baseline,19,16,100.0,2000.0,1052.7148268601309,947.2851731398691
XY12_24,asu_baseline,19,17,100.0,2000.0,1461.1092657058325,538.8907342941675
XY12_24,asu_baseline,19,18,100.0,2000.0,538.682452000503,1461.317547999497
XY12_24,asu_baseline,19,19,100.0,2000.0,1174.9931254042108,825.0068745957892
XY12_24,asu_baseline,19,20,100.0,2000.0,1086.6765325003144,913.3234674996856
XY12_24,asu_baseline,19,21,100.0,2000.0,1086.6765325003144,913.3234674996856
XY12_24,asu_baseline,19,22,100.0,2000.0,1025.7883013336686,974.2116986663314
XY12_24,asu_baseline,19,23,100.0,2000.0,1695.5588441667715,304.44115583322855
XY12_24,asu_baseline,19,24,100.0,2000.0,1634.6706130001257,365.32938699987426
XY12_24,asu_baseline,19,25,100.0,2000.0,1461.1092657058325,538.8907342941675
XY12_24,asu_baseline,19,26,100.0,2000.0,1461.1092657058325,538.8907342941675
XY12_24,asu_baseline,19,27,100.0,2000.0,887.4904597063905,1112.5095402936095
XY12_24,asu_baseline,19,28,100.0,2000.0,1461.1092657058325,538.8907342941675
XY12_24,asu_baseline,19,29,100.0,2000.0,1431.272232901747,568.727767098253
XY12_24,asu_baseline,19,30,100.0,2000.0,730.5546328529163,1269.4453671470837
XY12_24,asu_baseline,19,31,100.0,2000.0,1452.0059195001886,547.9940804998114
XY12_24,od_baseline,19,0,100.0,2000.0,865.9797442718523,1134.0202557281477
XY12_24,od_baseline,19,1,100.0,2000.0,1254.9976769146053,745.0023230853947
XY12_24,od_baseline,19,2,100.0,2000.0,1618.75003351448,381.24996648551996
XY12_24,od_baseline,19,3,100.0,2000.0,1191.9093842169232,808.0906157830768
XY12_24,od_baseline,19,4,100.0,2000.0,805.1141986093817,1194.8858013906183
XY12_24,od_baseline,19,5,100.0,2000.0,1007.9863350478677,992.0136649521323
XY12_24,od_baseline,19,6,100.0,2000.0,1695.5588441667715,304.44115583322855
XY12_24,od_baseline,19,7,100.0,2000.0,758.0201787385636,1241.9798212614364
XY12_24,od_baseline,19,8,100.0,2000.0,1194.3865430011315,805.6134569988685
XY12_24,od_baseline,19,9,100.0,2000.0,1025.7883013336686,974.2116986663314
XY12_24,od_baseline,19,10,100.0,2000.0,927.8218613853278,1072.1781386146722
XY12_24,od_baseline,19,11,100.0,2000.0,1194.9797518011305,805.0202481988695
XY12_24,od_baseline,19,12,100.0,2000.0,843.1236078337315,1156.8763921662685
XY12_24,od_baseline,19,13,100.0,2000.0,764.4221435385659,1235.577856461434
XY12_24,od_baseline,19,14,100.0,2000.0,1461.1092657058325,538.8907342941675
XY12_24,od_baseline,19,15,100.0,2000.0,1377.058817301068,622.9411826989319
XY12_24,od_baseline,19,16,100.0,2000.0,1049.0603073717898,950.9396926282102
XY12_24,od_baseline,19,17,100.0,2000.0,1461.1092657058325,538.8907342941675
XY12_24,od_baseline,19,18,100.0,2000.0,538.682452000503,1461.317547999497
XY12_24,od_baseline,19,19,100.0,2000.0,1171.1598185050789,828.8401814949211
XY12_24,od_baseline,19,20,100.0,2000.0,1086.6765325003144,913.3234674996856
XY12_24,od_baseline,19,21,100.0,2000.0,1086.6765325003144,913.3234674996856
XY12_24,od_baseline,19,22,99.97372467867413,2000.0,1025.2627949071511,974.2116986663314
XY12_24,od_baseline,19,23,100.0,2000.0,1695.5588441667715,304.44115583322855
XY12_24,od_baseline,19,24,100.0,2000.0,1634.6706130001257,365.32938699987426
XY12_24,od_baseline,19,25,100.0,2000.0,1461.1092657058325,538.8907342941675
XY12_24,od_baseline,19,26,100.0,2000.0,1461.1092657058325,538.8907342941675
XY12_24,od_baseline,19,27,100.0,2000.0,889.9504051147314,1110.0495948852686
XY12_24,od_baseline,19,28,100.0,2000.0,1461.1092657058325,538.8907342941675
XY12_24,od_baseline,19,29,100.0,2000.0,1418.753333267709,581.246666732291
XY12_24,od_baseline,19,30,100.0,2000.0,730.5546328529163,1269.4453671470837
XY12_24,od_baseline,19,31,100.0,2000.0,1452.0059195001886,547.9940804998114
XY12_24,once,19,0,100.0,2000.0,881.34027099184,1118.65972900816
XY12_24,once,19,1,100.0,2000.0,1243.315374610433,756.6846253895669
XY12_24,once,19,2,100.0,2000.0,1617.47635671448,382.52364328551994
XY12_24,once,19,3,100.0,2000.0,1177.7814231611383,822.2185768388617
XY12_24,once,19,4,100.0,2000.0,812.4229362093788,1187.5770637906212
XY12_24,once,19,5,100.0,2000.0,1007.830974397023,992.169025602977
XY12_24,once,19,6,100.0,2000.0,1695.5588441667715,304.44115583322855
XY12_24,once,19,7,100.0,2000.0,751.4204603385629,1248.5795396614371
XY12_24,once,19,8,100.0,2000.0,1183.62937989696,816.37062010304
XY12_24,once,19,9,100.0,2000.0,1025.7883013336686,974.2116986663314
XY12_24,once,19,10,100.0,2000.0,936.5126212894988,1063.4873787105012
XY12_24,once,19,11,100.0,2000.0,1188.7294726969608,811.2705273030392
XY12_24,once,19,12,100.0,2000.0,843.1236078337315,1156.8763921662685
XY12_24,once,19,13,100.0,2000.0,751.6862907385628,1248.3137092614372
XY12_24,once,19,14,99.84446419290013,2000.0,1461.1092657058325,535.7800181521702
XY12_24,once,19,15,100.0,2000.0,1371.8553421010681,628.1446578989319
XY12_24,once,19,16,100.0,2000.0,1060.3609008759613,939.6390991240387
XY12_24,once,19,17,100.0,2000.0,1461.1092657058325,538.8907342941675
XY12_24,once,19,18,100.0,2000.0,538.682452000503,1461.317547999497
XY12_24,once,19,19,100.0,2000.0,1180.5185152092504,819.4814847907496
XY12_24,once,19,20,100.0,2000.0,1086.6765325003144,913.3234674996856
XY12_24,once,19,21,100.0,2000.0,1086.6765325003144,913.3234674996856
XY12_24,once,19,22,100.0,2000.0,1025.7883013336686,974.2116986663314
XY12_24,once,19,23,100.0,2000.0,1695.5588441667715,304.44115583322855
XY12_24,once,19,24,100.0,2000.0,1634.6706130001257,365.32938699987426
XY12_24,once,19,25,100.0,2000.0,1461.1092657058325,538.8907342941675
XY12_24,once,19,26,100.0,2000.0,1461.1092657058325,538.8907342941675
XY12_24,once,19,27,100.0,2000.0,886.7572723147314,1113.2427276852686
XY12_24,once,19,28,100.0,2000.0,1461.1092657058325,538.8907342941675
XY12_24,once,19,29,100.0,2000.0,1430.5284020677118,569.4715979322882
XY12_24,once,19,30,100.0,2000.0,730.5546328529163,1269.4453671470837
XY12_24,once,19,31,100.0,2000.0,1452.0059195001886,547.9940804998114
XY12_24,asu_baseline,43,0,100.0,2000.0,964.9000701670229,1035.099929832977
XY12_24,asu_baseline,43,1,99.94024906699495,2000.0,1207.2579761735046,791.5470051663942
XY12_24,asu_baseline,43,2,99.9721609117942,2000.0,1512.3373689027185,487.1058493331657
XY12_24,asu_baseline,43,3,99.889130492349,2000.0,730.5546328529163,1267.2279769940637
XY12_24,asu_baseline,43,4,100.0,2000.0,1316.8901104812517,683.1098895187483
XY12_24,asu_baseline,43,5,99.98406014865736,2000.0,644.6609525070298,1355.0202504661174
XY12_24,asu_baseline,43,6,100.0,2000.0,1452.0059195001886,547.9940804998114
XY12_24,asu_baseline,43,7,100.0,2000.0,1330.2294571668972,669.7705428331028
XY12_24,asu_baseline,43,8,100.0,2000.0,1133.772990234484,866.227009765516
XY12_24,asu_baseline,43,9,100.0,2000.0,730.5546328529163,1269.4453671470837
XY12_24,asu_baseline,43,10,99.9427257293562,2000.0,215.74979056457005,1783.104724022554
XY12_24,asu_baseline,43,11,100.0,2000.0,730.5546328529163,1269.4453671470837
XY12_24,asu_baseline,43,12,99.92003798968841,2000.0,730.5546328529163,1267.8461269408517
XY12_24,asu_baseline,43,13,99.89727682348587,2000.0,705.3390237376825,1292.6065127320348
XY12_24,asu_baseline,43,14,99.90507152247923,2000.0,730.5546328529163,1267.5467975966685
XY12_24,asu_baseline,43,15,99.94632802833652,2000.0,443.32246065596155,1555.604099910769
XY12_24,asu_baseline,43,16,99.89974752247949,2000.0,440.0568568521635,1557.9380935974264
XY12_24,asu_baseline,43,17,99.99197377414698,2000.0,1189.9497296840682,809.8897457988714
XY12_24,asu_baseline,43,18,99.98052972216801,2000.0,1192.3162581640154,807.2943362793449
XY12_24,asu_baseline,43,19,100.0,2000.0,730.5546328529163,1269.4453671470837
XY12_24,asu_baseline,43,20,99.94928975567684,2000.0,1461.1092657058325,537.8765294077043
XY12_24,asu_baseline,43,21,100.0,2000.0,904.0118390003772,1095.9881609996228
XY12_24,asu_baseline,43,22,100.0,2000.0,904.0118390003772,1095.9881609996228
XY12_24,asu_baseline,43,23,99.98143962214724,2000.0,0.0,1999.6287924429448
XY12_24,asu_baseline,43,24,99.96892364651568,2000.0,1131.7524301973626,867.6260427329507
XY12_24,asu_baseline,43,25,100.0,2000.0,342.74589581491955,1657.2541041850805
XY12_24,asu_baseline,43,26,100.0,2000.0,1231.277608871727,768.7223911282731
XY12_24,asu_baseline,43,27,100.0,2000.0,1438.299915667714,561.700084332286
XY12_24,asu_baseline,43,28,100.0,2000.0,904.0118390003774,1095.9881609996226
XY12_24,asu_baseline,43,29,100.0,2000.0,1269.3412260002515,730.6587739997485
XY12_24,asu_baseline,43,30,99.91347425234693,2000.0,730.5546328529163,1267.7148521940221
XY12_24,asu_baseline,43,31,100.0,2000.0,1231.304696071726,768.6953039282739
XY12_24,od_baseline,43,0,100.0,2000.0,964.9000701670229,1035.099929832977
XY12_24,od_baseline,43,1,100.0,2000.0,1208.4529948336058,791.5470051663942
XY12_24,od_baseline,43,2,100.0,2000.0,1512.8941506668343,487.1058493331657
XY12_24,od_baseline,43,3,100.0,2000.0,730.5546328529163,1269.4453671470837
XY12_24,od_baseline,43,4,100.0,2000.0,1316.9628844012518,683.0371155987482
XY12_24,od_baseline,43,5,100.0,2000.0,645.2844849013195,1354.7155150986805
XY12_24,od_baseline,43,6,99.86195970080286,2000.0,1449.2451135162455,547.9940804998114
XY12_24,od_baseline,43,7,99.81075426080415,2000.0,1326.4445423829802,669.7705428331028
XY12_24,od_baseline,43,8,100.0,2000.0,1133.5073230344838,866.4926769655162
XY12_24,od_baseline,43,9,100.0,2000.0,730.5546328529163,1269.4453671470837
XY12_24,od_baseline,43,10,100.0,2000.0,215.204669417466,1784.795330582534
XY12_24,od_baseline,43,11,100.0,2000.0,730.5546328529163,1269.4453671470837
XY12_24,od_baseline,43,12,100.0,2000.0,730.5546328529163,1269.4453671470837
XY12_24,od_baseline,43,13,99.8728702781446,2000.0,704.8972864308575,1292.5601191320347
XY12_24,od_baseline,43,14,100.0,2000.0,730.5546328529163,1269.4453671470837
XY12_24,od_baseline,43,15,100.0,2000.0,444.61764443633956,1555.3823555636604
XY12_24,od_baseline,43,16,100.0,2000.0,440.35873205216376,1559.6412679478362
XY12_24,od_baseline,43,17,99.82309739335442,2000.0,1183.2200820682174,813.241865798871
XY12_24,od_baseline,43,18,100.0,2000.0,1193.9339698543008,806.0660301456992
XY12_24,od_baseline,43,19,100.0,2000.0,730.5546328529163,1269.4453671470837
XY12_24,od_baseline,43,20,100.0,2000.0,1461.1092657058325,538.8907342941675
XY12_24,od_baseline,43,21,100.0,2000.0,904.0118390003772,1095.9881609996228
XY12_24,od_baseline,43,22,100.0,2000.0,904.0118390003772,1095.9881609996228
XY12_24,od_baseline,43,23,100.0,2000.0,0.0,2000.0
XY12_24,od_baseline,43,24,100.0,2000.0,1133.0089390344856,866.9910609655144
XY12_24,od_baseline,43,25,100.0,2000.0,342.3848808707462,1657.6151191292538
XY12_24,od_baseline,43,26,100.0,2000.0,1236.57095213589,763.4290478641101
XY12_24,od_baseline,43,27,100.0,2000.0,1437.898917267714,562.1010827322859
XY12_24,od_baseline,43,28,100.0,2000.0,904.0118390003774,1095.9881609996226
XY12_24,od_baseline,43,29,100.0,2000.0,1269.3412260002515,730.6587739997485
XY12_24,od_baseline,43,30,100.0,2000.0,730.5546328529163,1269.4453671470837
XY12_24,od_baseline,43,31,100.0,2000.0,1231.9444912717263,768.0555087282737
XY12_24,once,43,0,99.95941439040087,2000.0,964.0883579750403,1035.099929832977
XY12_24,once,43,1,99.99333395039999,2000.0,1208.3196738416054,791.5470051663942
XY12_24,once,43,2,100.0,2000.0,1512.8941506668343,487.1058493331657
XY12_24,once,43,3,99.97491105305906,2000.0,730.5546328529163,1268.9435882082648
XY12_24,once,43,4,100.0,2000.0,1310.4656601772726,689.5343398227274
XY12_24,once,43,5,100.0,2000.0,642.102019812975,1357.897980187025
XY12_24,once,43,6,99.76273440001657,2000.0,1447.26060750052,547.9940804998114
XY12_24,once,43,7,100.0,2000.0,1330.2294571668972,669.7705428331028
XY12_24,once,43,8,100.0,2000.0,1127.428283450311,872.571716549689
XY12_24,once,43,9,100.0,2000.0,730.5546328529163,1269.4453671470837
XY12_24,once,43,10,100.0,2000.0,214.9928051932834,1785.0071948067166
XY12_24,once,43,11,100.0,2000.0,730.5546328529163,1269.4453671470837
XY12_24,once,43,12,99.98817103040022,2000.0,730.5546328529163,1269.2087877550885
XY12_24,once,43,13,100.0,2000.0,702.5113880679655,1297.4886119320345
XY12_24,once,43,14,99.97486099040047,2000.0,730.5546328529163,1268.9425869550932
XY12_24,once,43,15,100.0,2000.0,445.786655252165,1554.213344747835
XY12_24,once,43,16,100.0,2000.0,450.2622348363111,1549.737765163689
XY12_24,once,43,17,100.0,2000.0,1193.5263902011288,806.4736097988712
XY12_24,once,43,18,100.0,2000.0,1189.0684374701277,810.9315625298723
XY12_24,once,43,19,99.92095063522197,2000.0,730.5546328529163,1267.8643798515232
XY12_24,once,43,20,100.0,2000.0,1461.1092657058325,538.8907342941675
XY12_24,once,43,21,100.0,2000.0,904.0118390003772,1095.9881609996228
XY12_24,once,43,22,99.84343244001494,2000.0,900.8804878006758,1095.9881609996228
XY12_24,once,43,23,99.78213428160089,2000.0,0.0,1995.6426856320177
XY12_24,once,43,24,99.99693843039992,2000.0,1128.8073780424843,871.1313905655143
XY12_24,once,43,25,100.0,2000.0,338.8231726149197,1661.1768273850803
XY12_24,once,43,26,100.0,2000.0,1239.1494676559005,760.8505323440995
XY12_24,once,43,27,100.0,2000.0,1433.6634772677141,566.3365227322859
XY12_24,once,43,28,99.98396215521976,2000.0,903.6910821047725,1095.9881609996226
XY12_24,once,43,29,100.0,2000.0,1269.3412260002515,730.6587739997485
XY12_24,once,43,30,99.9740319730591,2000.0,730.5546328529163,1268.9260066082657
XY12_24,once,43,31,100.0,2000.0,1237.9092163600712,762.0907836399288
XY12_24,asu_baseline,7,0,100.0,2000.0,135.44763941893507,1864.552360581065
XY12_24,asu_baseline,7,1,99.96199104000061,2000.0,1390.3575091335551,608.8823116664571
XY12_24,asu_baseline,7,2,99.9787547600007,2000.0,1147.139858866974,852.4352363330399
XY12_24,asu_baseline,7,3,100.0,2000.0,1432.4574188038393,567.5425811961607
XY12_24,asu_baseline,7,4,100.0,2000.0,1461.1092657058325,538.8907342941675
XY12_24,asu_baseline,7,5,99.99555528134148,2000.0,730.5546328529163,1269.3564727739135
XY12_24,asu_baseline,7,6,100.0,2000.0,1377.3239817542376,622.6760182457624
XY12_24,asu_baseline,7,7,100.0,2000.0,1170.303608105079,829.6963918949209
XY12_24,asu_baseline,7,8,100.0,2000.0,1255.5719805677768,744.4280194322232
XY12_24,asu_baseline,7,9,100.0,2000.0,525.1108404880283,1474.8891595119717
XY12_24,asu_baseline,7,10,99.95951296000067,2000.0,989.7903029890999,1009.3999562109134
XY12_24,asu_baseline,7,11,100.0,2000.0,987.646805005144,1012.353194994856
XY12_24,asu_baseline,7,12,99.90551687200183,2000.0,1450.116256940225,547.9940804998114
XY12_24,asu_baseline,7,13,99.93589649734288,2000.0,598.2886131140062,1400.4293168328513
XY12_24,asu_baseline,7,14,100.0,2000.0,1413.959495624833,586.0405043751671
XY12_24,asu_baseline,7,15,99.99221032300802,2000.0,1451.850125960349,547.9940804998114
XY12_24,asu_baseline,7,16,100.0,2000.0,1377.3256493595723,622.6743506404277
XY12_24,asu_baseline,7,17,100.0,2000.0,1330.2294571668972,669.7705428331028
XY12_24,asu_baseline,7,18,100.0,2000.0,904.0118390003772,1095.9881609996228
XY12_24,asu_baseline,7,19,99.97087889548403,2000.0,730.5546328529163,1268.8629450567646
XY12_24,asu_baseline,7,20,99.95671210265947,2000.0,1633.804855053315,365.32938699987426
XY12_24,asu_baseline,7,21,100.0,2000.0,1634.6706130001257,365.32938699987426
XY12_24,asu_baseline,7,22,100.0,2000.0,1330.2294571668972,669.7705428331028
XY12_24,asu_baseline,7,23,100.0,2000.0,1461.1092657058325,538.8907342941675
XY12_24,asu_baseline,7,24,99.98714242400006,2000.0,842.8664563137327,1156.8763921662685
XY12_24,asu_baseline,7,25,100.0,2000.0,926.607479785328,1073.392520214672
XY12_24,asu_baseline,7,26,100.0,2000.0,904.0118390003772,1095.9881609996228
XY12_24,asu_baseline,7,27,100.0,2000.0,730.5546328529163,1269.4453671470837
XY12_24,asu_baseline,7,28,100.0,2000.0,926.9729418384991,1073.027058161501
XY12_24,asu_baseline,7,29,100.0,2000.0,1461.1092657058325,538.8907342941675
XY12_24,asu_baseline,7,30,99.9803784024778,2000.0,730.5546328529163,1269.0529351966397
XY12_24,asu_baseline,7,31,100.0,2000.0,1461.1092657058325,538.8907342941675
XY12_24,od_baseline,7,0,100.0,2000.0,135.36653861893546,1864.6334613810645
XY12_24,od_baseline,7,1,100.0,2000.0,1391.117688333543,608.8823116664571
XY12_24,od_baseline,7,2,100.0,2000.0,1147.56476366696,852.4352363330399
XY12_24,od_baseline,7,3,100.0,2000.0,1430.3676012677115,569.6323987322885
XY12_24,od_baseline,7,4,100.0,2000.0,1461.1092657058325,538.8907342941675
XY12_24,od_baseline,7,5,100.0,2000.0,730.5546328529163,1269.4453671470837
XY12_24,od_baseline,7,6,100.0,2000.0,1377.344925754238,622.6550742457621
XY12_24,od_baseline,7,7,100.0,2000.0,1170.296180905079,829.7038190949211
XY12_24,od_baseline,7,8,100.0,2000.0,1255.2867069677768,744.7132930322232
XY12_24,od_baseline,7,9,100.0,2000.0,525.1248865680282,1474.8751134319718
XY12_24,od_baseline,7,10,100.0,2000.0,988.6178842051427,1011.3821157948573
XY12_24,od_baseline,7,11,100.0,2000.0,987.4210082051436,1012.5789917948564
XY12_24,od_baseline,7,12,100.0,2000.0,1452.0059195001886,547.9940804998114
XY12_24,od_baseline,7,13,100.0,2000.0,599.5706831671487,1400.4293168328513
XY12_24,od_baseline,7,14,100.0,2000.0,1413.988113224833,586.0118867751671
XY12_24,od_baseline,7,15,100.0,2000.0,1452.0059195001886,547.9940804998114
XY12_24,od_baseline,7,16,100.0,2000.0,1377.0306416478975,622.9693583521025
XY12_24,od_baseline,7,17,100.0,2000.0,1330.2294571668972,669.7705428331028
XY12_24,od_baseline,7,18,100.0,2000.0,904.0118390003772,1095.9881609996228
XY12_24,od_baseline,7,19,100.0,2000.0,730.5546328529163,1269.4453671470837
XY12_24,od_baseline,7,20,100.0,2000.0,1634.6706130001257,365.32938699987426
XY12_24,od_baseline,7,21,100.0,2000.0,1634.6706130001257,365.32938699987426
XY12_24,od_baseline,7,22,100.0,2000.0,1330.2294571668972,669.7705428331028
XY12_24,od_baseline,7,23,100.0,2000.0,1461.1092657058325,538.8907342941675
XY12_24,od_baseline,7,24,100.0,2000.0,843.1236078337315,1156.8763921662685
XY12_24,od_baseline,7,25,100.0,2000.0,926.4963069853279,1073.503693014672
XY12_24,od_baseline,7,26,100.0,2000.0,904.0118390003772,1095.9881609996228
XY12_24,od_baseline,7,27,100.0,2000.0,730.5546328529165,1269.4453671470835
XY12_24,od_baseline,7,28,100.0,2000.0,928.3861162384987,1071.6138837615013
XY12_24,od_baseline,7,29,99.9076311840108,2000.0,1461.1092657058325,537.0433579743835
XY12_24,od_baseline,7,30,100.0,2000.0,730.5546328529163,1269.4453671470837
XY12_24,od_baseline,7,31,100.0,2000.0,1461.1092657058325,538.8907342941675
XY12_24,once,7,0,100.0,2000.0,139.89575781893473,1860.1042421810653
XY12_24,once,7,1,100.0,2000.0,1391.117688333543,608.8823116664571
XY12_24,once,7,2,100.0,2000.0,1147.56476366696,852.4352363330399
XY12_24,once,7,3,100.0,2000.0,1437.0840204677115,562.9159795322885
XY12_24,once,7,4,100.0,2000.0,1461.1092657058325,538.8907342941675
XY12_24,once,7,5,100.0,2000.0,730.5546328529163,1269.4453671470837
XY12_24,once,7,6,100.0,2000.0,1372.364794554238,627.635205445762
XY12_24,once,7,7,100.0,2000.0,1175.0691249050788,824.9308750949212
XY12_24,once,7,8,100.0,2000.0,1246.0346225836442,753.9653774163558
XY12_24,once,7,9,100.0,2000.0,520.9542385680284,1479.0457614319716
XY12_24,once,7,10,100.0,2000.0,992.2853722051423,1007.7146277948577
XY12_24,once,7,11,100.0,2000.0,993.4641236934522,1006.5358763065478
XY12_24,once,7,12,100.0,2000.0,1452.0059195001886,547.9940804998114
XY12_24,once,7,13,100.0,2000.0,599.5706831671487,1400.4293168328513
XY12_24,once,7,14,100.0,2000.0,1421.573944713136,578.4260552868641
XY12_24,once,7,15,100.0,2000.0,1452.0059195001886,547.9940804998114
XY12_24,once,7,16,100.0,2000.0,1372.3978640478977,627.6021359521023
XY12_24,once,7,17,100.0,2000.0,1330.2294571668972,669.7705428331028
XY12_24,once,7,18,100.0,2000.0,904.0118390003772,1095.9881609996228
XY12_24,once,7,19,100.0,2000.0,730.5546328529163,1269.4453671470837
XY12_24,once,7,20,100.0,2000.0,1634.6706130001257,365.32938699987426
XY12_24,once,7,21,100.0,2000.0,1634.6706130001257,365.32938699987426
XY12_24,once,7,22,100.0,2000.0,1330.2294571668972,669.7705428331028
XY12_24,once,7,23,100.0,2000.0,1461.1092657058325,538.8907342941675
XY12_24,once,7,24,100.0,2000.0,843.1236078337315,1156.8763921662685
XY12_24,once,7,25,100.0,2000.0,930.2190165853276,1069.7809834146724
XY12_24,once,7,26,100.0,2000.0,904.0118390003772,1095.9881609996228
XY12_24,once,7,27,100.0,2000.0,730.5546328529165,1269.4453671470835
XY12_24,once,7,28,100.0,2000.0,931.2664786384989,1068.733521361501
XY12_24,once,7,29,100.0,2000.0,1461.1092657058325,538.8907342941675
XY12_24,once,7,30,100.0,2000.0,730.5546328529163,1269.4453671470837
XY12_24,once,7,31,100.0,2000.0,1461.1092657058325,538.8907342941675
XY12_32,asu_baseline,19,0,100.0,2000.0,1121.9066380624336,878.0933619375664
XY12_32,asu_baseline,19,1,100.0,2000.0,769.9271613441124,1230.0728386558876
XY12_32,asu_baseline,19,2,100.0,2000.0,2000.0,0.0
XY12_32,asu_baseline,19,3,100.0,2000.0,1616.410286346039,383.5897136539611
XY12_32,asu_baseline,19,4,100.0,2000.0,1777.9967738393457,222.00322616065432
XY12_32,asu_baseline,19,5,100.0,2000.0,630.8069489977406,1369.1930510022594
XY12_32,asu_baseline,19,6,100.0,2000.0,1450.2986003801802,549.7013996198198
XY12_32,asu_baseline,19,7,100.0,2000.0,983.9805514184736,1016.0194485815264
XY12_32,asu_baseline,19,8,100.0,2000.0,983.9805514184736,1016.0194485815264
XY12_32,asu_baseline,19,9,100.0,2000.0,983.9805514184736,1016.0194485815264
XY12_32,asu_baseline,19,10,100.0,2000.0,983.9805514184736,1016.0194485815264
XY12_32,asu_baseline,19,11,100.0,2000.0,1261.9562968064674,738.0437031935326
XY12_32,asu_baseline,19,12,100.0,2000.0,1343.96115271686,656.0388472831401
XY12_32,asu_baseline,19,13,100.0,2000.0,1121.9975201424336,878.0024798575664
XY12_32,asu_baseline,19,14,100.0,2000.0,631.2543001287213,1368.7456998712787
XY12_32,asu_baseline,19,15,100.0,2000.0,1777.690318878157,222.3096811218429
XY12_32,asu_baseline,19,16,100.0,2000.0,708.0163522105368,1291.9836477894632
XY12_32,asu_baseline,19,17,100.0,2000.0,1589.9757204480375,410.02427955196254
XY12_32,asu_baseline,19,18,100.0,2000.0,1612.2649751739623,387.7350248260377
XY12_32,asu_baseline,19,19,100.0,2000.0,1179.951440896075,820.0485591039251
XY12_32,asu_baseline,19,20,100.0,2000.0,628.8713084092378,1371.1286915907622
XY12_32,asu_baseline,19,21,100.0,2000.0,983.9805514184736,1016.0194485815264
XY12_32,asu_baseline,19,22,100.0,2000.0,1097.9465849856824,902.0534150143176
XY12_32,asu_baseline,19,23,100.0,2000.0,1261.9562968064674,738.0437031935326
XY12_32,asu_baseline,19,24,100.0,2000.0,1589.9757204480375,410.02427955196254
XY12_32,asu_baseline,19,25,100.0,2000.0,1041.9438867458784,958.0561132541216
XY12_32,asu_baseline,19,26,100.0,2000.0,1127.5797001562055,872.4202998437945
XY12_32,asu_baseline,19,27,100.0,2000.0,1696.0839934351811,303.9160065648189
XY12_32,asu_baseline,19,28,100.0,2000.0,0.0,2000.0
XY12_32,asu_baseline,19,29,100.0,2000.0,983.9805514184736,1016.0194485815264
XY12_32,asu_baseline,19,30,100.0,2000.0,687.9223054337199,1312.0776945662801
XY12_32,asu_baseline,19,31,100.0,2000.0,1343.96115271686,656.0388472831401
XY12_32,od_baseline,19,0,100.0,2000.0,1121.8146716624337,878.1853283375663
XY12_32,od_baseline,19,1,100.0,2000.0,769.9271613441124,1230.0728386558876
XY12_32,od_baseline,19,2,100.0,2000.0,2000.0,0.0
XY12_32,od_baseline,19,3,100.0,2000.0,1614.2200655247889,385.7799344752111
XY12_32,od_baseline,19,4,100.0,2000.0,1778.2761210393455,221.72387896065447
XY12_32,od_baseline,19,5,100.0,2000.0,630.4012742201467,1369.5987257798533
XY12_32,od_baseline,19,6,100.0,2000.0,1449.7595269977746,550.2404730022254
XY12_32,od_baseline,19,7,100.0,2000.0,983.9805514184736,1016.0194485815264
XY12_32,od_baseline,19,8,100.0,2000.0,983.9805514184736,1016.0194485815264
XY12_32,od_baseline,19,9,100.0,2000.0,983.9805514184736,1016.0194485815264
XY12_32,od_baseline,19,10,100.0,2000.0,983.9805514184736,1016.0194485815264
XY12_32,od_baseline,19,11,100.0,2000.0,1261.9562968064674,738.0437031935326
XY12_32,od_baseline,19,12,100.0,2000.0,1343.96115271686,656.0388472831401
XY12_32,od_baseline,19,13,100.0,2000.0,1121.6961716624337,878.3038283375663
XY12_32,od_baseline,19,14,100.0,2000.0,630.5892965063153,1369.4107034936847
XY12_32,od_baseline,19,15,100.0,2000.0,1779.6963078456406,220.3036921543594
XY12_32,od_baseline,19,16,100.0,2000.0,697.5881762105346,1302.4118237894654
XY12_32,od_baseline,19,17,100.0,2000.0,1589.9757204480375,410.02427955196254
XY12_32,od_baseline,19,18,100.0,2000.0,1614.6131389186262,385.3868610813738
XY12_32,od_baseline,19,19,100.0,2000.0,1179.951440896075,820.0485591039251
XY12_32,od_baseline,19,20,100.0,2000.0,630.3143443001504,1369.6856556998496
XY12_32,od_baseline,19,21,100.0,2000.0,983.9805514184736,1016.0194485815264
XY12_32,od_baseline,19,22,100.0,2000.0,1097.9465849856824,902.0534150143176
XY12_32,od_baseline,19,23,100.0,2000.0,1261.9562968064674,738.0437031935326
XY12_32,od_baseline,19,24,100.0,2000.0,1589.9757204480375,410.02427955196254
XY12_32,od_baseline,19,25,100.0,2000.0,1041.3245918658786,958.6754081341214
XY12_32,od_baseline,19,26,100.0,2000.0,1137.52749134209,862.4725086579101
XY12_32,od_baseline,19,27,100.0,2000.0,1697.0166526351813,302.98334736481866
XY12_32,od_baseline,19,28,100.0,2000.0,0.0,2000.0
XY12_32,od_baseline,19,29,100.0,2000.0,983.9805514184736,1016.0194485815264
XY12_32,od_baseline,19,30,100.0,2000.0,687.9223054337199,1312.0776945662801
XY12_32,od_baseline,19,31,100.0,2000.0,1343.96115271686,656.0388472831401
XY12_32,once,19,0,100.0,2000.0,1131.7647870736382,868.2352129263618
XY12_32,once,19,1,100.0,2000.0,769.9271613441124,1230.0728386558876
XY12_32,once,19,2,100.0,2000.0,2000.0,0.0
XY12_32,once,19,3,100.0,2000.0,1625.661634535994,374.3383654640061
XY12_32,once,19,4,100.0,2000.0,1782.7960770393456,217.20392296065438
XY12_32,once,19,5,100.0,2000.0,629.3267027001466,1370.6732972998534
XY12_32,once,19,6,100.0,2000.0,1462.1328976089799,537.8671023910201
XY12_32,once,19,7,100.0,2000.0,983.9805514184736,1016.0194485815264
XY12_32,once,19,8,100.0,2000.0,983.9805514184736,1016.0194485815264
XY12_32,once,19,9,100.0,2000.0,983.9805514184736,1016.0194485815264
XY12_32,once,19,10,100.0,2000.0,983.9805514184736,1016.0194485815264
XY12_32,once,19,11,100.0,2000.0,1261.9562968064674,738.0437031935326
XY12_32,once,19,12,100.0,2000.0,1343.96115271686,656.0388472831401
XY12_32,once,19,13,100.0,2000.0,1132.5634750736385,867.4365249263615
XY12_32,once,19,14,100.0,2000.0,636.299088506315,1363.700911493685
XY12_32,once,19,15,100.0,2000.0,1772.4624262456405,227.53757375435953
XY12_32,once,19,16,100.0,2000.0,706.3722658105366,1293.6277341894634
XY12_32,once,19,17,100.0,2000.0,1589.9757204480375,410.02427955196254
XY12_32,once,19,18,100.0,2000.0,1612.621206118626,387.3787938813739
XY12_32,once,19,19,100.0,2000.0,1179.951440896075,820.0485591039251
XY12_32,once,19,20,100.0,2000.0,622.2916104889459,1377.708389511054
XY12_32,once,19,21,100.0,2000.0,983.9805514184736,1016.0194485815264
XY12_32,once,19,22,100.0,2000.0,1097.9465849856824,902.0534150143176
XY12_32,once,19,23,100.0,2000.0,1261.9562968064674,738.0437031935326
XY12_32,once,19,24,100.0,2000.0,1589.9757204480375,410.02427955196254
XY12_32,once,19,25,100.0,2000.0,1033.9351273346747,966.0648726653253
XY12_32,once,19,26,100.0,2000.0,1128.6397129562056,871.3602870437944
XY12_32,once,19,27,100.0,2000.0,1699.7859998351814,300.2140001648186
XY12_32,once,19,28,100.0,2000.0,0.0,2000.0
XY12_32,once,19,29,100.0,2000.0,983.9805514184736,1016.0194485815264
XY12_32,once,19,30,100.0,2000.0,687.9223054337199,1312.0776945662801
XY12_32,once,19,31,100.0,2000.0,1343.96115271686,656.0388472831401
XY12_32,asu_baseline,43,0,100.0,2000.0,605.9174495233274,1394.0825504766726
XY12_32,asu_baseline,43,1,100.0,2000.0,1372.088379968307,627.911620031693
XY12_32,asu_baseline,43,2,100.0,2000.0,1589.9757204480375,410.02427955196254
XY12_32,asu_baseline,43,3,100.0,2000.0,1044.2835707267377,955.7164292732623
XY12_32,asu_baseline,43,4,100.0,2000.0,983.9805514184736,1016.0194485815264
XY12_32,asu_baseline,43,5,100.0,2000.0,1368.1913299727612,631.8086700272388
XY12_32,asu_baseline,43,6,100.0,2000.0,983.9805514184736,1016.0194485815264
XY12_32,asu_baseline,43,7,100.0,2000.0,1671.98057635843,328.01942364157003
XY12_32,asu_baseline,43,8,100.0,2000.0,983.9805514184736,1016.0194485815264
XY12_32,asu_baseline,43,9,100.0,2000.0,983.9805514184736,1016.0194485815264
XY12_32,asu_baseline,43,10,100.0,2000.0,144.06773113773215,1855.9322688622678
XY12_32,asu_baseline,43,11,100.0,2000.0,0.0,2000.0
XY12_32,asu_baseline,43,12,100.0,2000.0,385.84113096897454,1614.1588690310255
XY12_32,asu_baseline,43,13,100.0,2000.0,467.93652559936254,1532.0634744006375
XY12_32,asu_baseline,43,14,100.0,2000.0,983.9805514184736,1016.0194485815264
XY12_32,asu_baseline,43,15,100.0,2000.0,551.4314923706161,1448.568507629384
XY12_32,asu_baseline,43,16,100.0,2000.0,953.7921231417145,1046.2078768582855
XY12_32,asu_baseline,43,17,100.0,2000.0,877.8931520313286,1122.1068479686714
XY12_32,asu_baseline,43,18,100.0,2000.0,709.9615642896133,1290.0384357103867
XY12_32,asu_baseline,43,19,100.0,2000.0,1287.825837677056,712.1741623229441
XY12_32,asu_baseline,43,20,100.0,2000.0,1371.5786206083053,628.4213793916947
XY12_32,asu_baseline,43,21,100.0,2000.0,1015.9417290752899,984.0582709247101
XY12_32,asu_baseline,43,22,100.0,2000.0,277.89802588175735,1722.1019741182427
XY12_32,asu_baseline,43,23,100.0,2000.0,1615.4600316162205,384.5399683837795
XY12_32,asu_baseline,43,24,100.0,2000.0,983.9805514184736,1016.0194485815264
XY12_32,asu_baseline,43,25,100.0,2000.0,960.0392783417219,1039.960721658278
XY12_32,asu_baseline,43,26,100.0,2000.0,959.9340527417212,1040.0659472582788
XY12_32,asu_baseline,43,27,100.0,2000.0,1589.9757204480375,410.02427955196254
XY12_32,asu_baseline,43,28,100.0,2000.0,549.2840655673499,1450.71593443265
XY12_32,asu_baseline,43,29,100.0,2000.0,1589.9757204480375,410.02427955196254
XY12_32,asu_baseline,43,30,100.0,2000.0,302.7819953809221,1697.2180046190779
XY12_32,asu_baseline,43,31,100.0,2000.0,1343.96115271686,656.0388472831401
XY12_32,od_baseline,43,0,100.0,2000.0,605.9174495233274,1394.0825504766726
XY12_32,od_baseline,43,1,100.0,2000.0,1369.0013345936113,630.9986654063887
XY12_32,od_baseline,43,2,100.0,2000.0,1589.9757204480375,410.02427955196254
XY12_32,od_baseline,43,3,100.0,2000.0,1040.222118952041,959.777881047959
XY12_32,od_baseline,43,4,100.0,2000.0,983.9805514184736,1016.0194485815264
XY12_32,od_baseline,43,5,100.0,2000.0,1368.2591235074487,631.7408764925513
XY12_32,od_baseline,43,6,100.0,2000.0,983.9805514184736,1016.0194485815264
XY12_32,od_baseline,43,7,100.0,2000.0,1671.98057635843,328.01942364157003
XY12_32,od_baseline,43,8,100.0,2000.0,983.9805514184736,1016.0194485815264
XY12_32,od_baseline,43,9,100.0,2000.0,983.9805514184736,1016.0194485815264
XY12_32,od_baseline,43,10,100.0,2000.0,156.3595711377352,1843.6404288622648
XY12_32,od_baseline,43,11,100.0,2000.0,0.0,2000.0
XY12_32,od_baseline,43,12,100.0,2000.0,385.4356269689747,1614.5643730310253
XY12_32,od_baseline,43,13,100.0,2000.0,468.20633487936266,1531.7936651206373
XY12_32,od_baseline,43,14,100.0,2000.0,983.9805514184736,1016.0194485815264
XY12_32,od_baseline,43,15,100.0,2000.0,548.3771829959228,1451.6228170040772
XY12_32,od_baseline,43,16,99.75507705601997,2000.0,942.0493762621127,1053.0521648582867
XY12_32,od_baseline,43,17,100.0,2000.0,877.6363328313287,1122.3636671686713
XY12_32,od_baseline,43,18,100.0,2000.0,712.5011511043085,1287.4988488956915
XY12_32,od_baseline,43,19,100.0,2000.0,1287.5108032770563,712.4891967229437
XY12_32,od_baseline,43,20,100.0,2000.0,1369.5420065936114,630.4579934063886
XY12_32,od_baseline,43,21,99.987427080704,2000.0,1015.6902706893698,984.0582709247101
XY12_32,od_baseline,43,22,100.0,2000.0,277.89802588175735,1722.1019741182427
XY12_32,od_baseline,43,23,100.0,2000.0,1614.8061221186263,385.19387788137374
XY12_32,od_baseline,43,24,100.0,2000.0,983.9805514184736,1016.0194485815264
XY12_32,od_baseline,43,25,100.0,2000.0,959.7877882617222,1040.2122117382778
XY12_32,od_baseline,43,26,100.0,2000.0,959.6456943417211,1040.354305658279
XY12_32,od_baseline,43,27,100.0,2000.0,1589.9757204480375,410.02427955196254
XY12_32,od_baseline,43,28,100.0,2000.0,548.739613989756,1451.260386010244
XY12_32,od_baseline,43,29,100.0,2000.0,1589.9757204480375,410.02427955196254
XY12_32,od_baseline,43,30,100.0,2000.0,301.87654055851635,1698.1234594414836
XY12_32,od_baseline,43,31,100.0,2000.0,1343.96115271686,656.0388472831401
XY12_32,once,43,0,100.0,2000.0,605.9174495233274,1394.0825504766726
XY12_32,once,43,1,100.0,2000.0,1375.5910337936111,624.4089662063889
XY12_32,once,43,2,100.0,2000.0,1589.9757204480375,410.02427955196254
XY12_32,once,43,3,100.0,2000.0,1047.7590725520413,952.2409274479587
XY12_32,once,43,4,100.0,2000.0,983.9805514184736,1016.0194485815264
XY12_32,once,43,5,100.0,2000.0,1367.3332367874486,632.6667632125514
XY12_32,once,43,6,100.0,2000.0,983.9805514184736,1016.0194485815264
XY12_32,once,43,7,100.0,2000.0,1671.98057635843,328.01942364157003
XY12_32,once,43,8,100.0,2000.0,983.9805514184736,1016.0194485815264
XY12_32,once,43,9,100.0,2000.0,983.9805514184736,1016.0194485815264
XY12_32,once,43,10,100.0,2000.0,145.24323513773197,1854.756764862268
XY12_32,once,43,11,100.0,2000.0,0.0,2000.0
XY12_32,once,43,12,100.0,2000.0,381.4415717689749,1618.5584282310251
XY12_32,once,43,13,100.0,2000.0,456.7205674681577,1543.2794325318423
XY12_32,once,43,14,100.0,2000.0,983.9805514184736,1016.0194485815264
XY12_32,once,43,15,100.0,2000.0,560.9328320071281,1439.0671679928719
XY12_32,once,43,16,100.0,2000.0,952.3749711417145,1047.6250288582855
XY12_32,once,43,17,100.0,2000.0,866.2869302201234,1133.7130697798766
XY12_32,once,43,18,100.0,2000.0,710.9339415043087,1289.0660584956913
XY12_32,once,43,19,100.0,2000.0,1282.1994936770561,717.8005063229439
XY12_32,once,43,20,100.0,2000.0,1376.332684993611,623.6673150063889
XY12_32,once,43,21,100.0,2000.0,1015.9417290752899,984.0582709247101
XY12_32,once,43,22,100.0,2000.0,277.89802588175735,1722.1019741182427
XY12_32,once,43,23,100.0,2000.0,1613.266703718626,386.7332962813739
XY12_32,once,43,24,100.0,2000.0,983.9805514184736,1016.0194485815264
XY12_32,once,43,25,100.0,2000.0,946.5186917305164,1053.4813082694836
XY12_32,once,43,26,100.0,2000.0,947.3669413305156,1052.6330586694844
XY12_32,once,43,27,100.0,2000.0,1589.9757204480375,410.02427955196254
XY12_32,once,43,28,100.0,2000.0,542.1704675897563,1457.8295324102437
XY12_32,once,43,29,100.0,2000.0,1589.9757204480375,410.02427955196254
XY12_32,once,43,30,100.0,2000.0,309.78295335851635,1690.2170466414836
XY12_32,once,43,31,100.0,2000.0,1343.96115271686,656.0388472831401
XY12_32,asu_baseline,7,0,100.0,2000.0,631.9650299001469,1368.0349700998531
XY12_32,asu_baseline,7,1,100.0,2000.0,1097.9465849856824,902.0534150143176
XY12_32,asu_baseline,7,2,99.96896363270102,2000.0,795.0906536720672,1204.2886189819533
XY12_32,asu_baseline,7,3,100.0,2000.0,983.9805514184736,1016.0194485815264
XY12_32,asu_baseline,7,4,100.0,2000.0,1204.1064315728263,795.8935684271737
XY12_32,asu_baseline,7,5,100.0,2000.0,983.9805514184736,1016.0194485815264
XY12_32,asu_baseline,7,6,100.0,2000.0,1343.96115271686,656.0388472831401
XY12_32,asu_baseline,7,7,100.0,2000.0,1368.193908673611,631.8060913263889
XY12_32,asu_baseline,7,8,100.0,2000.0,983.9805514184736,1016.0194485815264
XY12_32,asu_baseline,7,9,100.0,2000.0,57.8187561273985,1942.1812438726015
XY12_32,asu_baseline,7,10,100.0,2000.0,983.9805514184736,1016.0194485815264
XY12_32,asu_baseline,7,11,100.0,2000.0,983.9805514184736,1016.0194485815264
XY12_32,asu_baseline,7,12,100.0,2000.0,1425.9660086272524,574.0339913727476
XY12_32,asu_baseline,7,13,100.0,2000.0,470.7980603793021,1529.2019396206979
XY12_32,asu_baseline,7,14,100.0,2000.0,1208.7595384665983,791.2404615334017
XY12_32,asu_baseline,7,15,100.0,2000.0,1204.2532344665979,795.7467655334021
XY12_32,asu_baseline,7,16,100.0,2000.0,1286.12319565699,713.87680434301
XY12_32,asu_baseline,7,17,100.0,2000.0,959.6850479417158,1040.3149520582842
XY12_32,asu_baseline,7,18,100.0,2000.0,1369.5566095874487,630.4433904125513
XY12_32,asu_baseline,7,19,100.0,2000.0,983.9805514184736,1016.0194485815264
XY12_32,asu_baseline,7,20,100.0,2000.0,794.3021688208687,1205.6978311791313
XY12_32,asu_baseline,7,21,100.0,2000.0,1097.9465849856824,902.0534150143176
XY12_32,asu_baseline,7,22,100.0,2000.0,983.9805514184736,1016.0194485815264
XY12_32,asu_baseline,7,23,100.0,2000.0,2000.0,0.0
XY12_32,asu_baseline,7,24,100.0,2000.0,1123.5713561400994,876.4286438599006
XY12_32,asu_baseline,7,25,100.0,2000.0,1015.9417290752899,984.0582709247101
XY12_32,asu_baseline,7,26,100.0,2000.0,1343.96115271686,656.0388472831401
XY12_32,asu_baseline,7,27,100.0,2000.0,1015.9417290752899,984.0582709247101
XY12_32,asu_baseline,7,28,100.0,2000.0,1040.1130877520413,959.8869122479587
XY12_32,asu_baseline,7,29,100.0,2000.0,1041.1305415611455,958.8694584388545
XY12_32,asu_baseline,7,30,100.0,2000.0,983.9805514184736,1016.0194485815264
XY12_32,asu_baseline,7,31,100.0,2000.0,1532.0496633881667,467.95033661183334
XY12_32,od_baseline,7,0,100.0,2000.0,632.1452539001466,1367.8547460998534
XY12_32,od_baseline,7,1,100.0,2000.0,1097.9465849856824,902.0534150143176
XY12_32,od_baseline,7,2,100.0,2000.0,796.5054072208713,1203.4945927791287
XY12_32,od_baseline,7,3,100.0,2000.0,983.9805514184736,1016.0194485815264
XY12_32,od_baseline,7,4,100.0,2000.0,1204.3001723728262,795.6998276271738
XY12_32,od_baseline,7,5,100.0,2000.0,983.9805514184736,1016.0194485815264
XY12_32,od_baseline,7,6,100.0,2000.0,1343.96115271686,656.0388472831401
XY12_32,od_baseline,7,7,100.0,2000.0,1368.1521614736112,631.8478385263888
XY12_32,od_baseline,7,8,100.0,2000.0,983.9805514184736,1016.0194485815264
XY12_32,od_baseline,7,9,100.0,2000.0,57.956775327398645,1942.0432246726014
XY12_32,od_baseline,7,10,100.0,2000.0,983.9805514184736,1016.0194485815264
XY12_32,od_baseline,7,11,100.0,2000.0,983.9805514184736,1016.0194485815264
XY12_32,od_baseline,7,12,100.0,2000.0,1425.9660086272524,574.0339913727476
XY12_32,od_baseline,7,13,100.0,2000.0,480.5427579793036,1519.4572420206964
XY12_32,od_baseline,7,14,100.0,2000.0,1218.4322136228348,781.5677863771652
XY12_32,od_baseline,7,15,100.0,2000.0,1204.2593944665978,795.7406055334022
XY12_32,od_baseline,7,16,100.0,2000.0,1286.43408205699,713.5659179430099
XY12_32,od_baseline,7,17,100.0,2000.0,959.383172741716,1040.616827258284
XY12_32,od_baseline,7,18,100.0,2000.0,1368.6763631874487,631.3236368125513
XY12_32,od_baseline,7,19,100.0,2000.0,983.9805514184736,1016.0194485815264
XY12_32,od_baseline,7,20,100.0,2000.0,795.4347288208687,1204.5652711791313
XY12_32,od_baseline,7,21,100.0,2000.0,1097.9465849856824,902.0534150143176
XY12_32,od_baseline,7,22,100.0,2000.0,983.9805514184736,1016.0194485815264
XY12_32,od_baseline,7,23,100.0,2000.0,2000.0,0.0
XY12_32,od_baseline,7,24,100.0,2000.0,1123.0053453625055,876.9946546374945
XY12_32,od_baseline,7,25,100.0,2000.0,1015.9417290752899,984.0582709247101
XY12_32,od_baseline,7,26,100.0,2000.0,1343.96115271686,656.0388472831401
XY12_32,od_baseline,7,27,100.0,2000.0,1015.9417290752899,984.0582709247101
XY12_32,od_baseline,7,28,100.0,2000.0,1041.0412413520412,958.9587586479588
XY12_32,od_baseline,7,29,100.0,2000.0,1040.793231852108,959.206768147892
XY12_32,od_baseline,7,30,100.0,2000.0,983.9805514184736,1016.0194485815264
XY12_32,od_baseline,7,31,100.0,2000.0,1532.8336377881665,467.16636221183353
XY12_32,once,7,0,100.0,2000.0,622.9102355001469,1377.0897644998531
XY12_32,once,7,1,100.0,2000.0,1097.9465849856824,902.0534150143176
XY12_32,once,7,2,100.0,2000.0,797.9815544208714,1202.0184455791286
XY12_32,once,7,3,100.0,2000.0,983.9805514184736,1016.0194485815264
XY12_32,once,7,4,100.0,2000.0,1209.4464067728263,790.5535932271737
XY12_32,once,7,5,100.0,2000.0,983.9805514184736,1016.0194485815264
XY12_32,once,7,6,100.0,2000.0,1343.96115271686,656.0388472831401
XY12_32,once,7,7,100.0,2000.0,1376.7568801936109,623.2431198063891
XY12_32,once,7,8,100.0,2000.0,983.9805514184736,1016.0194485815264
XY12_32,once,7,9,100.0,2000.0,49.20661852739886,1950.7933814726011
XY12_32,once,7,10,100.0,2000.0,983.9805514184736,1016.0194485815264
XY12_32,once,7,11,100.0,2000.0,983.9805514184736,1016.0194485815264
XY12_32,once,7,12,100.0,2000.0,1425.9660086272524,574.0339913727476
XY12_32,once,7,13,100.0,2000.0,470.6588443793021,1529.341155620698
XY12_32,once,7,14,100.0,2000.0,1208.9115320665983,791.0884679334017
XY12_32,once,7,15,100.0,2000.0,1211.3703704665977,788.6296295334023
XY12_32,once,7,16,100.0,2000.0,1289.69867917699,710.30132082301
XY12_32,once,7,17,100.0,2000.0,951.929713541716,1048.070286458284
XY12_32,once,7,18,100.0,2000.0,1365.7555727874487,634.2444272125513
XY12_32,once,7,19,100.0,2000.0,983.9805514184736,1016.0194485815264
XY12_32,once,7,20,100.0,2000.0,803.0050872208685,1196.9949127791315
XY12_32,once,7,21,100.0,2000.0,1097.9465849856824,902.0534150143176
XY12_32,once,7,22,100.0,2000.0,983.9805514184736,1016.0194485815264
XY12_32,once,7,23,100.0,2000.0,2000.0,0.0
XY12_32,once,7,24,100.0,2000.0,1117.0627053625053,882.9372946374947
XY12_32,once,7,25,100.0,2000.0,1015.9417290752899,984.0582709247101
XY12_32,once,7,26,100.0,2000.0,1343.96115271686,656.0388472831401
XY12_32,once,7,27,100.0,2000.0,1015.9417290752899,984.0582709247101
XY12_32,once,7,28,100.0,2000.0,1048.8275685520412,951.1724314479588
XY12_32,once,7,29,100.0,2000.0,1037.854419052108,962.1455809478921
XY12_32,once,7,30,100.0,2000.0,983.9805514184736,1016.0194485815264
XY12_32,once,7,31,100.0,2000.0,1536.8949109081664,463.10508909183363
