num_ssu,case,boundary,relative_time_s,ssu_id,read_only_left_boundary_snapshot,estimated_next_arbitration_rate_is_not_historical_service,path_state_present,path_is_active_command,active_command_npu_id,active_command_request_id,active_command_layer,active_command_path_id,active_command_remaining_gb,active_command_start_time_ms,active_command_age_ms,active_command_physical_service_gbps,aggregate_ssd_outstanding_gb,pressure_reports_cumulative,pressure_cache_hits_cumulative,pressure_cache_time_ms,pressure_cache_age_ms,pressure_ttl_ms,path_id,group_id,cir_gbps,path_weight,virtual_finish,estimated_next_arbitration_rate_gbps,pending_blocks,pending_gb,active_remaining_gb,head_wait_age_ms,head_npu_id,head_request_id,head_layer
3,adaptive_t0_i100ms,0,0.0,2,True,True,True,True,5,453,12,176,0.0001545951270963997,12966.187343671701,0.0003312888147775084,40.0,0.1015339896583464,0,0,,,0.0,176,5,9.832567725856295,1.0,0.07842496661594228,24.04475456349367,149,0.02500915527343754,0.0001545951270963997,1.7374811794416019,5,453,12
3,adaptive_t0_i100ms,0,0.0,2,True,True,True,False,5,453,12,176,0.0001545951270963997,12966.187343671701,0.0003312888147775084,40.0,0.1015339896583464,0,0,,,0.0,209,6,1.408814141745116,1.0,0.07841627698514925,8.514907560563804,299,0.05018615722656254,0.0,4.499470559228939,14,782,3
3,adaptive_t0_i100ms,0,0.0,2,True,True,True,False,5,453,12,176,0.0001545951270963997,12966.187343671701,0.0003312888147775084,40.0,0.1015339896583464,0,0,,,0.0,210,6,0.33424445712383627,1.0,0.07841611360116187,7.440337875942524,156,0.02618408203125004,0.0,15.660632595692732,22,566,9
3,adaptive_t0_i100ms,1,0.5,2,True,True,True,True,0,896,10,16,9.355997084639967e-05,13466.185817792795,0.0018571677210275084,40.0,0.5368672416114714,0,0,,,0.0,16,0,7.512179541337158,1.0,0.07063302461859652,8.22777802548283,22,0.0036926269531250555,9.355997084639967e-05,10.697748843595036,0,896,10
3,adaptive_t0_i100ms,1,0.5,2,True,True,True,False,0,896,10,16,9.355997084639967e-05,13466.185817792795,0.0018571677210275084,40.0,0.5368672416114714,0,0,,,0.0,17,0,0.7570533128414443,1.0,0.07058069159289276,1.4726517969871171,173,0.02903747558593754,0.0,24.266414223991887,8,584,9
3,adaptive_t0_i100ms,1,0.5,2,True,True,True,False,0,896,10,16,9.355997084639967e-05,13466.185817792795,0.0018571677210275084,40.0,0.5368672416114714,0,0,,,0.0,19,0,1.5204773005942642,1.0,0.07062453688038095,2.236075784739937,360,0.06042480468750004,0.0,10.518313320355446,24,728,0
3,adaptive_t0_i100ms,1,0.5,2,True,True,True,False,0,896,10,16,9.355997084639967e-05,13466.185817792795,0.0018571677210275084,40.0,0.5368672416114714,0,0,,,0.0,49,1,0.4082034773879269,1.0,0.07052529583135422,1.1238019615335997,181,0.030380249023437514,0.0,22.934106289614647,9,521,9
3,adaptive_t0_i100ms,1,0.5,2,True,True,True,False,0,896,10,16,9.355997084639967e-05,13466.185817792795,0.0018571677210275084,40.0,0.5368672416114714,0,0,,,0.0,50,1,1.5928809815749434,1.0,0.07056904660006265,2.308479465720616,431,0.0723419189453125,0.0,3.8338422996694135,17,529,4
3,adaptive_t0_i100ms,1,0.5,2,True,True,True,False,0,896,10,16,9.355997084639967e-05,13466.185817792795,0.0018571677210275084,40.0,0.5368672416114714,0,0,,,0.0,51,1,0.3768170089412385,1.0,0.07063161026525673,1.0924154930869112,277,0.04649353027343751,0.0,8.761638515508821,25,633,10
3,adaptive_t0_i100ms,1,0.5,2,True,True,True,False,0,896,10,16,9.355997084639967e-05,13466.185817792795,0.0018571677210275084,40.0,0.5368672416114714,0,0,,,0.0,82,2,1.4735557853746784,1.0,0.07061000416952809,3.6203512378116964,205,0.03440856933593753,0.0,13.869812417340654,18,690,6
3,adaptive_t0_i100ms,1,0.5,2,True,True,True,False,0,896,10,16,9.355997084639967e-05,13466.185817792795,0.0018571677210275084,40.0,0.5368672416114714,0,0,,,0.0,114,3,0.3599766405944256,1.0,0.07062372569597197,2.5067720930314437,240,0.040283203125000056,0.0,7.792012441381303,19,595,0
3,adaptive_t0_i100ms,1,0.5,2,True,True,True,False,0,896,10,16,9.355997084639967e-05,13466.185817792795,0.0018571677210275084,40.0,0.5368672416114714,0,0,,,0.0,178,5,5.811620848902588,1.0,0.07062991085832554,7.958416301339605,77,0.012924194335937542,0.0,3.6587687891860696,21,565,13
3,adaptive_t0_i100ms,1,0.5,2,True,True,True,False,0,896,10,16,9.355997084639967e-05,13466.185817792795,0.0018571677210275084,40.0,0.5368672416114714,0,0,,,0.0,208,6,1.3849841610414266,1.0,0.07057636679739396,2.1005826451870995,177,0.029708862304687514,0.0,8.108224965784757,6,582,9
3,adaptive_t0_i100ms,1,0.5,2,True,True,True,False,0,896,10,16,9.355997084639967e-05,13466.185817792795,0.0018571677210275084,40.0,0.5368672416114714,0,0,,,0.0,210,6,0.3786955618829526,1.0,0.07057341875835052,1.0942940460286255,310,0.05203247070312504,0.0,16.188819594877714,22,566,12
3,adaptive_t0_i100ms,1,0.5,2,True,True,True,False,0,896,10,16,9.355997084639967e-05,13466.185817792795,0.0018571677210275084,40.0,0.5368672416114714,0,0,,,0.0,211,6,1.5584520034621083,1.0,0.07060903362636625,2.274050487607781,427,0.07167053222656253,0.0,6.597308681577488,30,638,8
3,adaptive_t0_i100ms,1,0.5,2,True,True,True,False,0,896,10,16,9.355997084639967e-05,13466.185817792795,0.0018571677210275084,40.0,0.5368672416114714,0,0,,,0.0,240,7,0.3621289334926395,1.0,0.0705757551374871,1.4355266597111487,284,0.047668457031250014,0.0,13.49124796178694,7,647,2
3,adaptive_t0_i100ms,1,0.5,2,True,True,True,False,0,896,10,16,9.355997084639967e-05,13466.185817792795,0.0018571677210275084,40.0,0.5368672416114714,0,0,,,0.0,241,7,1.4754062755130781,1.0,0.07059506432353001,2.548804001731587,34,0.005706787109375111,0.0,19.678180703675025,15,975,10
3,adaptive_t0_i100ms,2,1.0,2,True,True,True,False,6,646,9,208,0.00011644815444014967,13966.186389997385,0.0012849631311837584,40.0,0.17534838174819015,0,0,,,0.0,81,2,0.7133176141390486,1.0,0.23599395492136344,8.551418349781128,191,0.03205871582031252,0.0,0.9397167869465193,10,458,13
3,adaptive_t0_i100ms,2,1.0,2,True,True,True,False,6,646,9,208,0.00011644815444014967,13966.186389997385,0.0012849631311837584,40.0,0.17534838174819015,0,0,,,0.0,176,5,1.3565182385721386,1.0,0.23600127703474044,9.194618974214219,134,0.022491455078125056,0.0,0.7023314354009926,5,613,8
3,adaptive_t0_i100ms,2,1.0,2,True,True,True,True,6,646,9,208,0.00011644815444014967,13966.186389997385,0.0012849631311837584,40.0,0.17534838174819015,0,0,,,0.0,208,6,4.864266200557125,1.0,0.23601097484332628,12.702366936199205,222,0.037261962890625014,0.00011644815444014967,0.2491530662009609,6,646,9
3,adaptive_t0_i100ms,2,1.0,2,True,True,True,False,6,646,9,208,0.00011644815444014967,13966.186389997385,0.0012849631311837584,40.0,0.17534838174819015,0,0,,,0.0,240,7,0.32959952387685765,1.0,0.23600096586235447,4.248649891697897,64,0.010742187500000014,0.0,5.65942416062353,7,647,5
3,adaptive_t0_i100ms,2,1.0,2,True,True,True,False,6,646,9,208,0.00011644815444014967,13966.186389997385,0.0012849631311837584,40.0,0.17534838174819015,0,0,,,0.0,241,7,1.3838954802865135,1.0,0.2359860600768979,5.302945848107553,433,0.07267761230468761,0.0,0.7457969382903684,15,1039,2
3,adaptive_t0_i100ms,3,1.5,2,True,True,True,False,21,725,2,178,0.00013933633803389967,14466.186962201975,0.0007127585413400084,40.0,0.1369343802833464,0,0,,,0.0,176,5,2.906900949666699,1.0,0.003971028965773313,11.680973913983843,218,0.036590576171875056,0.0,3.545504873340178,5,677,12
3,adaptive_t0_i100ms,3,1.5,2,True,True,True,True,21,725,2,178,0.00013933633803389967,14466.186962201975,0.0007127585413400084,40.0,0.1369343802833464,0,0,,,0.0,178,5,0.7538964962805986,1.0,0.0039819045080058315,9.527969460597742,441,0.07402038574218756,0.00013933633803389967,2.1367850531605654,21,725,2
3,adaptive_t0_i100ms,3,1.5,2,True,True,True,False,21,725,2,178,0.00013933633803389967,14466.186962201975,0.0007127585413400084,40.0,0.1369343802833464,0,0,,,0.0,208,6,1.2429106967841292,1.0,0.003978382194680753,18.791056625418417,156,0.026184082031250014,0.0,1.3737287011554145,6,678,15
3,adaptive_t0_i100ms,4,2.0,2,True,True,True,False,17,657,5,50,0.00016111080461996607,14966.18750656364,0.00016839687668834813,40.0,0.17640012447649497,0,0,,,0.0,48,1,5.350431124537464,1.0,0.042463857906353056,8.21970988281552,101,0.01695251464843754,0.0,2.926632534201417,1,513,12
3,adaptive_t0_i100ms,4,2.0,2,True,True,True,True,17,657,5,50,0.00016111080461996607,14966.18750656364,0.00016839687668834813,40.0,0.17640012447649497,0,0,,,0.0,50,1,1.289618945676888,1.0,0.0424652021355327,4.158897703954945,136,0.022827148437500003,0.00016111080461996607,1.9633371238542168,17,657,5
3,adaptive_t0_i100ms,4,2.0,2,True,True,True,False,17,657,5,50,0.00016111080461996607,14966.18750656364,0.00016839687668834813,40.0,0.17640012447649497,0,0,,,0.0,51,1,0.3727811203578911,1.0,0.04241409085176901,3.2420598786359474,380,0.06378173828125001,0.0,6.845815158871119,25,665,4
3,adaptive_t0_i100ms,4,2.0,2,True,True,True,False,17,657,5,50,0.00016111080461996607,14966.18750656364,0.00016839687668834813,40.0,0.17640012447649497,0,0,,,0.0,176,5,1.398364539645302,1.0,0.04245611814197339,10.00620081447947,6,0.0010070800781250555,0.0,10.691772476126062,5,741,7
3,adaptive_t0_i100ms,4,2.0,2,True,True,True,False,17,657,5,50,0.00016111080461996607,14966.18750656364,0.00016839687668834813,40.0,0.17640012447649497,0,0,,,0.0,208,6,5.40773374166573,1.0,0.04245332367592156,9.711651879082815,365,0.06126403808593753,0.0,3.010552041067058,6,838,1
3,adaptive_t0_i100ms,4,2.0,2,True,True,True,False,17,657,5,50,0.00016111080461996607,14966.18750656364,0.00016839687668834813,40.0,0.17640012447649497,0,0,,,0.0,209,6,0.35756170361422,1.0,0.042435423547394366,4.661479841031304,62,0.010406494140625056,0.0,11.461624697376465,14,878,12
3,adaptive_t0_i100ms,5,2.5,2,True,True,True,True,24,760,2,19,0.00013238901687145699,15466.186788518946,0.0008864415704010753,40.0,0.42579156870437146,0,0,,,0.0,19,0,0.37770503731503136,1.0,0.3628620994458819,2.7298458333112117,26,0.004364013671875042,0.00013238901687145699,48.51342079179267,24,760,2
3,adaptive_t0_i100ms,5,2.5,2,True,True,True,False,24,760,2,19,0.00013238901687145699,15466.186788518946,0.0008864415704010753,40.0,0.42579156870437146,0,0,,,0.0,48,1,0.7677668686552381,1.0,0.3627655409177887,1.551813800653965,244,0.04095458984375004,0.0,7.771142788044017,1,545,8
3,adaptive_t0_i100ms,5,2.5,2,True,True,True,False,24,760,2,19,0.00013238901687145699,15466.186788518946,0.0008864415704010753,40.0,0.42579156870437146,0,0,,,0.0,49,1,0.6892624202610896,1.0,0.36285550328606714,1.4733093522598164,68,0.011413574218750014,0.0,7.863458461872142,9,553,13
3,adaptive_t0_i100ms,5,2.5,2,True,True,True,False,24,760,2,19,0.00013238901687145699,15466.186788518946,0.0008864415704010753,40.0,0.42579156870437146,0,0,,,0.0,50,1,2.910806988330812,1.0,0.36282561782059447,3.6948539203295385,98,0.016448974609375,0.0,6.276992006914952,17,753,0
3,adaptive_t0_i100ms,5,2.5,2,True,True,True,False,24,760,2,19,0.00013238901687145699,15466.186788518946,0.0008864415704010753,40.0,0.42579156870437146,0,0,,,0.0,112,3,0.7835274788622372,1.0,0.36283011803186027,3.1356682748584177,294,0.04934692382812504,0.0,2.6773075584605976,3,579,6
3,adaptive_t0_i100ms,5,2.5,2,True,True,True,False,24,760,2,19,0.00013238901687145699,15466.186788518946,0.0008864415704010753,40.0,0.42579156870437146,0,0,,,0.0,147,4,0.30444434255394026,1.0,0.3628081097696296,2.6565851385501205,290,0.048675537109375,0.0,15.163978031112492,28,796,0
3,adaptive_t0_i100ms,5,2.5,2,True,True,True,False,24,760,2,19,0.00013238901687145699,15466.186788518946,0.0008864415704010753,40.0,0.42579156870437146,0,0,,,0.0,176,5,7.593917793041495,1.0,0.36284221329818395,8.377964725040222,367,0.061599731445312556,0.0,2.784884902399426,5,773,7
3,adaptive_t0_i100ms,5,2.5,2,True,True,True,False,24,760,2,19,0.00013238901687145699,15466.186788518946,0.0008864415704010753,40.0,0.42579156870437146,0,0,,,0.0,177,5,2.536560375545422,1.0,0.36284244641123603,3.3206073075441487,235,0.03944396972656257,0.0,10.062196304084864,13,589,1
3,adaptive_t0_i100ms,5,2.5,2,True,True,True,False,24,760,2,19,0.00013238901687145699,15466.186788518946,0.0008864415704010753,40.0,0.42579156870437146,0,0,,,0.0,178,5,0.8152207105817347,1.0,0.3627942581751416,1.5992676425804615,498,0.08358764648437506,0.0,2.9527622459117993,21,725,12
3,adaptive_t0_i100ms,5,2.5,2,True,True,True,False,24,760,2,19,0.00013238901687145699,15466.186788518946,0.0008864415704010753,40.0,0.42579156870437146,0,0,,,0.0,208,6,0.39030479161352677,1.0,0.36282610767274087,2.742445587609707,127,0.021316528320312528,0.0,28.436588565009515,6,838,4
3,adaptive_t0_i100ms,5,2.5,2,True,True,True,False,24,760,2,19,0.00013238901687145699,15466.186788518946,0.0008864415704010753,40.0,0.42579156870437146,0,0,,,0.0,240,7,0.3673294250519307,1.0,0.3627749758209393,1.543399823050021,64,0.010742187500000014,0.0,18.491684292459468,7,647,15
3,adaptive_t0_i100ms,5,2.5,2,True,True,True,False,24,760,2,19,0.00013238901687145699,15466.186788518946,0.0008864415704010753,40.0,0.42579156870437146,0,0,,,0.0,243,7,5.998168196214279,1.0,0.36284957146249547,7.174238594212369,225,0.037765502929687535,0.0,1.9160083358146949,31,959,3
3,adaptive_t0_i100ms,6,3.0,2,True,True,True,False,4,676,8,144,4.015420912764967e-05,15966.184482648752,0.0031923117639962584,40.0,0.2183247611427214,0,0,,,0.0,19,0,0.3181665577383961,1.0,0.04883131027906752,6.185020319719339,62,0.010406494140625042,0.0,21.823438015837382,24,760,5
3,adaptive_t0_i100ms,6,3.0,2,True,True,True,False,4,676,8,144,4.015420912764967e-05,15966.184482648752,0.0031923117639962584,40.0,0.2183247611427214,0,0,,,0.0,80,2,0.3990143785992597,1.0,0.048828787069332365,3.3324412595897313,135,0.022575378417968764,0.0,8.256718288595948,2,962,15
3,adaptive_t0_i100ms,6,3.0,2,True,True,True,False,4,676,8,144,4.015420912764967e-05,15966.184482648752,0.0031923117639962584,40.0,0.2183247611427214,0,0,,,0.0,81,2,0.4626005150912288,1.0,0.04881528344332682,3.3960273960817005,305,0.05119323730468753,0.0,7.101160415009872,10,554,4
3,adaptive_t0_i100ms,6,3.0,2,True,True,True,True,4,676,8,144,4.015420912764967e-05,15966.184482648752,0.0031923117639962584,40.0,0.2183247611427214,0,0,,,0.0,144,4,1.2970231163779233,1.0,0.04885104731767286,7.163876878358867,306,0.051361083984375035,4.015420912764967e-05,1.1900979881120293,4,676,8
3,adaptive_t0_i100ms,6,3.0,2,True,True,True,False,4,676,8,144,4.015420912764967e-05,15966.184482648752,0.0031923117639962584,40.0,0.2183247611427214,0,0,,,0.0,178,5,0.3235670747305086,1.0,0.04883715825913853,6.190420836711452,142,0.023834228515625056,0.0,12.058714919690829,21,757,1
3,adaptive_t0_i100ms,6,3.0,2,True,True,True,False,4,676,8,144,4.015420912764967e-05,15966.184482648752,0.0031923117639962584,40.0,0.2183247611427214,0,0,,,0.0,242,7,2.6003696130306184,1.0,0.0488347687694118,5.5337964940210895,124,0.02081298828125004,0.0,6.702911587137351,23,663,14
3,adaptive_t0_i100ms,6,3.0,2,True,True,True,False,4,676,8,144,4.015420912764967e-05,15966.184482648752,0.0031923117639962584,40.0,0.2183247611427214,0,0,,,0.0,243,7,5.264989934527353,1.0,0.04883345903627844,8.198416815517824,227,0.038101196289062535,0.0,3.024696132844838,31,991,7
3,adaptive_t0_i100ms,7,3.4999999999999982,2,True,True,True,False,17,785,7,50,6.304239272139967e-05,16466.18505485334,0.0026201071741525084,40.0,0.33458147500990887,0,0,,,0.0,49,1,2.344946083538918,1.0,0.10234173825511213,5.585609911535625,130,0.021820068359375014,0.0,5.156374843038066,9,713,3
3,adaptive_t0_i100ms,7,3.4999999999999982,2,True,True,True,True,17,785,7,50,6.304239272139967e-05,16466.18505485334,0.0026201071741525084,40.0,0.33458147500990887,0,0,,,0.0,50,1,1.3515598917930094,1.0,0.10235059361421195,4.5922237197897156,290,0.048675537109375,6.304239272139967e-05,13.500724159097444,17,785,7
3,adaptive_t0_i100ms,7,3.4999999999999982,2,True,True,True,False,17,785,7,50,6.304239272139967e-05,16466.18505485334,0.0026201071741525084,40.0,0.33458147500990887,0,0,,,0.0,80,2,1.3932985815454304,1.0,0.10234553784145776,4.633962409542137,78,0.013092041015625014,0.0,19.00547608756824,2,1026,5
3,adaptive_t0_i100ms,7,3.4999999999999982,2,True,True,True,False,17,785,7,50,6.304239272139967e-05,16466.18505485334,0.0026201071741525084,40.0,0.33458147500990887,0,0,,,0.0,81,2,5.566409171369164,1.0,0.10234180100061097,8.807072999365872,246,0.04129028320312503,0.0,5.093105506770371,10,586,5
3,adaptive_t0_i100ms,7,3.4999999999999982,2,True,True,True,False,17,785,7,50,6.304239272139967e-05,16466.18505485334,0.0026201071741525084,40.0,0.33458147500990887,0,0,,,0.0,144,4,0.2817884941801559,1.0,0.10228676703378978,2.44223104617796,110,0.018463134765625035,0.0,3.766570399995544,4,708,2
3,adaptive_t0_i100ms,7,3.4999999999999982,2,True,True,True,False,17,785,7,50,6.304239272139967e-05,16466.18505485334,0.0026201071741525084,40.0,0.33458147500990887,0,0,,,0.0,146,4,0.33033370522074823,1.0,0.10232273310437409,2.4907762572185526,324,0.05438232421875004,0.0,14.86629376379642,20,724,4
3,adaptive_t0_i100ms,7,3.4999999999999982,2,True,True,True,False,17,785,7,50,6.304239272139967e-05,16466.18505485334,0.0026201071741525084,40.0,0.33458147500990887,0,0,,,0.0,147,4,0.34132907164991055,1.0,0.1023448599308988,2.5017716236477145,362,0.060760498046875,0.0,13.082634291276918,28,796,5
3,adaptive_t0_i100ms,7,3.4999999999999982,2,True,True,True,False,17,785,7,50,6.304239272139967e-05,16466.18505485334,0.0026201071741525084,40.0,0.33458147500990887,0,0,,,0.0,179,5,2.4650243767290108,1.0,0.1023383376591299,8.946352032722423,453,0.07603454589843753,0.0,1.3738475483296497,29,573,4
3,adaptive_t0_i100ms,8,3.9999999999999982,2,True,True,True,False,11,683,8,113,8.593057660618797e-05,16966.185627057937,0.0020479025770328008,40.0,0.2250004813578562,0,0,,,0.0,49,1,10.470551653297928,1.0,0.3685564978565335,13.561953261741635,286,0.048004150390625014,0.0,3.08945973036316,9,777,11
3,adaptive_t0_i100ms,8,3.9999999999999982,2,True,True,True,False,11,683,8,113,8.593057660618797e-05,16966.185627057937,0.0020479025770328008,40.0,0.2250004813578562,0,0,,,0.0,81,2,0.5804502672316634,1.0,0.36855329455866104,3.6718518756753697,65,0.010910034179687535,0.0,5.0413080461730715,10,682,3
3,adaptive_t0_i100ms,8,3.9999999999999982,2,True,True,True,True,11,683,8,113,8.593057660618797e-05,16966.185627057937,0.0020479025770328008,40.0,0.2250004813578562,0,0,,,0.0,113,3,9.843102865085319,1.0,0.3685613167134133,11.388803669307173,245,0.041122436523437514,8.593057660618797e-05,3.7287732801378297,11,683,8
3,adaptive_t0_i100ms,8,3.9999999999999982,2,True,True,True,False,11,683,8,113,8.593057660618797e-05,16966.185627057937,0.0020479025770328008,40.0,0.2250004813578562,0,0,,,0.0,115,3,0.6650448614047832,1.0,0.3685444734532278,2.2107456656266367,403,0.06764221191406251,0.0,4.172120644056122,27,443,10
3,adaptive_t0_i100ms,8,3.9999999999999982,2,True,True,True,False,11,683,8,113,8.593057660618797e-05,16966.185627057937,0.0020479025770328008,40.0,0.2250004813578562,0,0,,,0.0,146,4,0.3163550757562845,1.0,0.3685434457071012,3.407756684199991,313,0.05253601074218754,0.0,9.241655873134732,20,724,6
3,adaptive_t0_i100ms,8,3.9999999999999982,2,True,True,True,False,11,683,8,113,8.593057660618797e-05,16966.185627057937,0.0020479025770328008,40.0,0.2250004813578562,0,0,,,0.0,210,6,2.667487235005488,1.0,0.36854452556459644,5.758888843449194,28,0.004699707031250042,0.0,13.55702738086984,22,726,15
3,adaptive_t0_i100ms,9,4.499999999999998,2,True,True,True,False,12,684,10,145,2.4895420356187966e-05,17466.18410117903,0.0035737814832828008,40.0,0.23031053995160622,0,0,,,0.0,48,1,0.33742895906205095,1.0,0.0620581446629845,2.391407670343539,353,0.059249877929687556,0.0,6.300789772307326,1,641,4
3,adaptive_t0_i100ms,9,4.499999999999998,2,True,True,True,False,12,684,10,145,2.4895420356187966e-05,17466.18410117903,0.0035737814832828008,40.0,0.23031053995160622,0,0,,,0.0,51,1,10.75184339300729,1.0,0.06209683713931053,12.805822104288778,73,0.012252807617187514,0.0,4.4426132382504875,25,729,4
3,adaptive_t0_i100ms,9,4.499999999999998,2,True,True,True,False,12,684,10,145,2.4895420356187966e-05,17466.18410117903,0.0035737814832828008,40.0,0.23031053995160622,0,0,,,0.0,112,3,0.679854978670569,1.0,0.06208062326349275,4.787812401233545,381,0.06394958496093756,0.0,0.3611441427747195,3,611,15
3,adaptive_t0_i100ms,9,4.499999999999998,2,True,True,True,True,12,684,10,145,2.4895420356187966e-05,17466.18410117903,0.0035737814832828008,40.0,0.23031053995160622,0,0,,,0.0,145,4,10.7915914277319,1.0,0.062109588364072384,14.899548850294876,106,0.017791748046875,2.4895420356187966e-05,5.092505518307007,12,684,10
3,adaptive_t0_i100ms,9,4.499999999999998,2,True,True,True,False,12,684,10,145,2.4895420356187966e-05,17466.18410117903,0.0035737814832828008,40.0,0.23031053995160622,0,0,,,0.0,240,7,0.6950371546215296,1.0,0.062080669466214114,2.7490158659030173,176,0.029541015625000014,0.0,17.07798144633489,7,743,12
3,adaptive_t0_i100ms,9,4.499999999999998,2,True,True,True,False,12,684,10,145,2.4895420356187966e-05,17466.18410117903,0.0035737814832828008,40.0,0.23031053995160622,0,0,,,0.0,243,7,0.3124143966547576,1.0,0.062049642135845975,2.3663931079362452,283,0.04750061035156253,0.0,7.686124879735871,31,1023,9
3,adaptive_t0_i100ms,10,4.999999999999998,2,True,True,True,False,31,1023,12,243,0.00013170694379368797,17966.186771467117,0.0009034933973453008,40.0,0.2064152762797312,0,0,,,0.0,50,1,2.7092541781878556,1.0,0.04002209855492727,10.387363251014534,333,0.0558929443359375,0.0,0.27035243132559117,17,913,5
3,adaptive_t0_i100ms,10,4.999999999999998,2,True,True,True,False,31,1023,12,243,0.00013170694379368797,17966.186771467117,0.0009034933973453008,40.0,0.2064152762797312,0,0,,,0.0,80,2,0.7012787523056344,1.0,0.039989340678993936,4.540333288718974,440,0.07385253906250001,0.0,2.9145184711378533,2,1090,1
3,adaptive_t0_i100ms,10,4.999999999999998,2,True,True,True,False,31,1023,12,243,0.00013170694379368797,17966.186771467117,0.0009034933973453008,40.0,0.2064152762797312,0,0,,,0.0,82,2,2.5507337698601327,1.0,0.0400212242151083,6.389788306273472,65,0.01091003417968757,0.0,4.142168568447232,18,914,12
3,adaptive_t0_i100ms,10,4.999999999999998,2,True,True,True,False,31,1023,12,243,0.00013170694379368797,17966.186771467117,0.0009034933973453008,40.0,0.2064152762797312,0,0,,,0.0,144,4,1.5211282196726448,1.0,0.040013159346400436,5.360182756085984,12,0.0020141601562500416,0.0,8.549949549007579,4,740,11
3,adaptive_t0_i100ms,10,4.999999999999998,2,True,True,True,False,31,1023,12,243,0.00013170694379368797,17966.186771467117,0.0009034933973453008,40.0,0.2064152762797312,0,0,,,0.0,145,4,1.4905481144720838,1.0,0.04001185494457961,5.329602650885423,364,0.061096191406250014,0.0,0.2144864767724357,12,812,5
3,adaptive_t0_i100ms,10,4.999999999999998,2,True,True,True,True,31,1023,12,243,0.00013170694379368797,17966.186771467117,0.0009034933973453008,40.0,0.2064152762797312,0,0,,,0.0,243,7,0.3146206741949303,1.0,0.0400224010823001,7.99272974702161,15,0.0025177001953125278,0.00013170694379368797,7.907276697689667,31,1023,12
3,adaptive_t0_i100ms,11,5.499999999999998,2,True,True,True,True,12,876,2,145,8.60679609468207e-05,18466.185630492546,0.002044467968516983,40.0,0.13268494491407182,0,0,,,0.0,145,4,0.9997204717123885,1.0,0.08064479945911651,10.225310993689234,47,0.00788879394531252,8.60679609468207e-05,11.174637745276414,12,876,2
3,adaptive_t0_i100ms,11,5.499999999999998,2,True,True,True,False,12,876,2,145,8.60679609468207e-05,18466.185630492546,0.002044467968516983,40.0,0.13268494491407182,0,0,,,0.0,178,5,4.7634502629417925,1.0,0.08063894822332127,13.98904078491864,416,0.06982421875000006,0.0,1.8900815204542596,21,821,0
3,adaptive_t0_i100ms,11,5.499999999999998,2,True,True,True,False,12,876,2,145,8.60679609468207e-05,18466.185630492546,0.002044467968516983,40.0,0.13268494491407182,0,0,,,0.0,209,6,1.2920427055421888,1.0,0.08063643663763392,5.904837966530612,100,0.016784667968750083,0.0,16.197726636601146,14,1038,2
3,adaptive_t0_i100ms,11,5.499999999999998,2,True,True,True,False,12,876,2,145,8.60679609468207e-05,18466.185630492546,0.002044467968516983,40.0,0.13268494491407182,0,0,,,0.0,211,6,5.268014993873095,1.0,0.08063550321700888,9.880810254861519,227,0.03810119628906254,0.0,4.2869622085672745,30,766,8
3,adaptive_t0_i100ms,12,5.999999999999998,2,True,True,True,False,17,1137,9,50,9.636631293687966e-06,18966.183719709305,0.003955251209845301,40.0,0.31514177774457497,0,0,,,0.0,19,0,1.4043609438464877,1.0,0.016008951501167504,6.737024176326059,471,0.07905578613281256,0.0,2.7092657124121615,24,856,2
3,adaptive_t0_i100ms,12,5.999999999999998,2,True,True,True,True,17,1137,9,50,9.636631293687966e-06,18966.183719709305,0.003955251209845301,40.0,0.31514177774457497,0,0,,,0.0,50,1,2.1809540148603723,1.0,0.016028045009178225,7.513617247339944,58,0.009735107421875,9.636631293687966e-06,9.3658214001116,17,1137,9
3,adaptive_t0_i100ms,12,5.999999999999998,2,True,True,True,False,17,1137,9,50,9.636631293687966e-06,18966.183719709305,0.003955251209845301,40.0,0.31514177774457497,0,0,,,0.0,83,2,0.3122882648953089,1.0,0.016023768344518016,5.644951497374881,158,0.026519775390625014,0.0,0.29648502412237576,26,986,9
3,adaptive_t0_i100ms,12,5.999999999999998,2,True,True,True,False,17,1137,9,50,9.636631293687966e-06,18966.183719709305,0.003955251209845301,40.0,0.31514177774457497,0,0,,,0.0,144,4,0.36335724496465616,1.0,0.016010293461247688,2.14091165579118,504,0.08459472656250004,0.0,2.5105573629261926,4,900,2
3,adaptive_t0_i100ms,12,5.999999999999998,2,True,True,True,False,17,1137,9,50,9.636631293687966e-06,18966.183719709305,0.003955251209845301,40.0,0.31514177774457497,0,0,,,0.0,145,4,2.3035445103502856,1.0,0.016009371301232568,4.081098921176809,335,0.05614471435546878,0.0,8.329094984419498,12,908,10
3,adaptive_t0_i100ms,12,5.999999999999998,2,True,True,True,False,17,1137,9,50,9.636631293687966e-06,18966.183719709305,0.003955251209845301,40.0,0.31514177774457497,0,0,,,0.0,147,4,5.472231367912631,1.0,0.016024946575647143,7.249785778739155,131,0.0219879150390625,0.0,1.0787605855257425,28,860,10
3,adaptive_t0_i100ms,12,5.999999999999998,2,True,True,True,False,17,1137,9,50,9.636631293687966e-06,18966.183719709305,0.003955251209845301,40.0,0.31514177774457497,0,0,,,0.0,209,6,1.2999474907723996,1.0,0.01602317955601656,6.632610723251972,221,0.03709411621093758,0.0,10.262308802532061,14,1038,10
3,adaptive_t0_i100ms,13,6.499999999999998,2,True,True,True,False,2,1090,15,80,0.00011644815473118797,19466.18638999739,0.0012849631239078008,40.0,0.1771946952250437,0,0,,,0.0,19,0,1.3494491768660304,1.0,0.01820435570588601,8.655424086657964,185,0.031051635742187556,0.0,10.36482160745436,24,856,10
3,adaptive_t0_i100ms,13,6.499999999999998,2,True,True,True,False,2,1090,15,80,0.00011644815473118797,19466.18638999739,0.0012849631239078008,40.0,0.1771946952250437,0,0,,,0.0,49,1,0.7347834025522707,1.0,0.018214295752747252,8.040758312344204,227,0.038101196289062514,0.0,8.006767640315957,9,873,5
3,adaptive_t0_i100ms,13,6.499999999999998,2,True,True,True,True,2,1090,15,80,0.00011644815473118797,19466.18638999739,0.0012849631239078008,40.0,0.1771946952250437,0,0,,,0.0,80,2,0.6871036681739568,1.0,0.01821449136638759,4.340091123069923,426,0.07150268554687501,0.00011644815473118797,4.274454213278659,2,1090,15
3,adaptive_t0_i100ms,13,6.499999999999998,2,True,True,True,False,2,1090,15,80,0.00011644815473118797,19466.18638999739,0.0012849631239078008,40.0,0.1771946952250437,0,0,,,0.0,81,2,2.653552798536203,1.0,0.0182038056437063,6.3065402534321695,156,0.02618408203125004,0.0,8.688773975878576,10,746,2
3,adaptive_t0_i100ms,13,6.499999999999998,2,True,True,True,False,2,1090,15,80,0.00011644815473118797,19466.18638999739,0.0012849631239078008,40.0,0.1771946952250437,0,0,,,0.0,208,6,5.351211314703805,1.0,0.018203928881801303,12.657186224495739,61,0.010238647460937528,0.0,5.532039148994954,6,902,14
3,adaptive_t0_i100ms,14,6.999999999999998,2,True,True,False,False,,,,,,,,,0.0,0,0,,,0.0,,,,,,,,,,,,,
3,adaptive_t0_i100ms,15,7.499999999999998,2,True,True,True,False,5,1061,4,176,7.8301182074938e-05,20466.185436323074,0.0022386374403140508,40.0,0.12999163126019994,0,0,,,0.0,80,2,5.373803145065116,1.0,0.0983963383583344,10.298909727988976,42,0.007049560546875014,0.0,7.0129474376481085,2,1186,15
3,adaptive_t0_i100ms,15,7.499999999999998,2,True,True,True,False,5,1061,4,176,7.8301182074938e-05,20466.185436323074,0.0022386374403140508,40.0,0.12999163126019994,0,0,,,0.0,81,2,1.2761931580671573,1.0,0.09837948307192922,6.201299740991017,67,0.011245727539062542,0.0,23.577987891407247,10,778,11
3,adaptive_t0_i100ms,15,7.499999999999998,2,True,True,True,False,5,1061,4,176,7.8301182074938e-05,20466.185436323074,0.0022386374403140508,40.0,0.12999163126019994,0,0,,,0.0,82,2,0.6800810505480982,1.0,0.09839035853129742,5.605187633471958,510,0.08560180664062507,0.0,0.3708994162188901,18,978,15
3,adaptive_t0_i100ms,15,7.499999999999998,2,True,True,True,True,5,1061,4,176,7.8301182074938e-05,20466.185436323074,0.0022386374403140508,40.0,0.12999163126019994,0,0,,,0.0,176,5,2.4703998243712237,1.0,0.09839689967724663,9.858059698757014,72,0.01208496093750009,7.8301182074938e-05,4.252919386508438,5,1061,4
3,adaptive_t0_i100ms,15,7.499999999999998,2,True,True,True,False,5,1061,4,176,7.8301182074938e-05,20466.185436323074,0.0022386374403140508,40.0,0.12999163126019994,0,0,,,0.0,179,5,0.648883324405246,1.0,0.09839407872596806,8.036543198791035,83,0.013931274414062542,0.0,19.453190235577495,29,637,10
3,adaptive_t0_i100ms,16,7.999999999999998,2,True,True,True,False,27,667,10,115,1.7266025824937966e-05,20966.183910444168,0.0037645163465640508,40.0,0.4111577079203562,0,0,,,0.0,82,2,0.6957597835707128,1.0,0.02496242899765424,3.866568564350003,466,0.07821655273437507,0.0,1.8143990743119502,18,1042,1
3,adaptive_t0_i100ms,16,7.999999999999998,2,True,True,True,False,27,667,10,115,1.7266025824937966e-05,20966.183910444168,0.0037645163465640508,40.0,0.4111577079203562,0,0,,,0.0,113,3,2.5421718657042427,1.0,0.0249856130987192,4.127576256093888,175,0.029373168945312514,0.0,3.53151220885411,11,907,8
3,adaptive_t0_i100ms,16,7.999999999999998,2,True,True,True,True,27,667,10,115,1.7266025824937966e-05,20966.183910444168,0.0037645163465640508,40.0,0.4111577079203562,0,0,,,0.0,115,3,9.959810356171765,1.0,0.024997825833409534,11.54521474656141,127,0.021316528320312514,1.7266025824937966e-05,2.9587066665117163,27,667,10
3,adaptive_t0_i100ms,16,7.999999999999998,2,True,True,True,False,27,667,10,115,1.7266025824937966e-05,20966.183910444168,0.0037645163465640508,40.0,0.4111577079203562,0,0,,,0.0,144,4,0.36607553061579107,1.0,0.024943312128912824,1.4230117908755546,389,0.06529235839843754,0.0,7.3224395036559145,4,900,12
3,adaptive_t0_i100ms,16,7.999999999999998,2,True,True,True,False,27,667,10,115,1.7266025824937966e-05,20966.183910444168,0.0037645163465640508,40.0,0.4111577079203562,0,0,,,0.0,146,4,2.77613903364334,1.0,0.024980006789696037,3.8330752939031036,40,0.0067138671875000555,0.0,1.9516725850407965,20,884,5
3,adaptive_t0_i100ms,16,7.999999999999998,2,True,True,True,False,27,667,10,115,1.7266025824937966e-05,20966.183910444168,0.0037645163465640508,40.0,0.4111577079203562,0,0,,,0.0,147,4,2.1727108438457265,1.0,0.024972990608238658,3.2296471041054904,136,0.022743225097656264,0.0,3.734132057546958,28,1148,15
3,adaptive_t0_i100ms,16,7.999999999999998,2,True,True,True,False,27,667,10,115,1.7266025824937966e-05,20966.183910444168,0.0037645163465640508,40.0,0.4111577079203562,0,0,,,0.0,177,5,0.33948725821386927,1.0,0.024948749913791146,1.9248916486035146,398,0.06680297851562507,0.0,1.6534523947011621,13,717,11
3,adaptive_t0_i100ms,16,7.999999999999998,2,True,True,True,False,27,667,10,115,1.7266025824937966e-05,20966.183910444168,0.0037645163465640508,40.0,0.4111577079203562,0,0,,,0.0,178,5,1.4242666869644738,1.0,0.024978166845945872,3.009671077354119,242,0.040618896484375056,0.0,7.821441212123318,21,885,6
3,adaptive_t0_i100ms,16,7.999999999999998,2,True,True,True,False,27,667,10,115,1.7266025824937966e-05,20966.183910444168,0.0037645163465640508,40.0,0.4111577079203562,0,0,,,0.0,211,6,0.3580152099350694,1.0,0.024995407268573615,3.52882399071436,268,0.044982910156250056,0.0,6.324332594249427,30,798,14
3,adaptive_t0_i100ms,16,7.999999999999998,2,True,True,True,False,27,667,10,115,1.7266025824937966e-05,20966.183910444168,0.0037645163465640508,40.0,0.4111577079203562,0,0,,,0.0,241,7,0.3407107466592664,1.0,0.02496610950235479,3.511519527438557,209,0.03507995605468761,0.0,8.223677076421154,15,1135,13
3,adaptive_t0_i100ms,17,8.499999999999998,2,True,True,True,False,27,699,4,115,4.0154209418687966e-05,21466.184482648758,0.0031923117567203008,40.0,0.1949101493266062,0,0,,,0.0,16,0,0.32729432122887936,1.0,0.03271198640135507,3.867493226328867,310,0.052032470703125056,0.0,7.362342384662043,0,1184,9
3,adaptive_t0_i100ms,17,8.499999999999998,2,True,True,True,False,27,699,4,115,4.0154209418687966e-05,21466.184482648758,0.0031923117567203008,40.0,0.1949101493266062,0,0,,,0.0,17,0,1.3849620318854212,1.0,0.03269505249141136,4.925160936985408,228,0.038269042968750056,0.0,13.113137501219171,8,936,2
3,adaptive_t0_i100ms,17,8.499999999999998,2,True,True,True,False,27,699,4,115,4.0154209418687966e-05,21466.184482648758,0.0031923117567203008,40.0,0.1949101493266062,0,0,,,0.0,18,0,0.7141230744734047,1.0,0.032697567767337544,4.254321979573392,200,0.03356933593750007,0.0,14.912993140864273,16,976,11
3,adaptive_t0_i100ms,17,8.499999999999998,2,True,True,True,False,27,699,4,115,4.0154209418687966e-05,21466.184482648758,0.0031923117567203008,40.0,0.1949101493266062,0,0,,,0.0,112,3,0.3670561987531268,1.0,0.032721574303826266,5.677354556403108,68,0.011413574218750056,0.0,22.87586442925749,3,739,12
3,adaptive_t0_i100ms,17,8.499999999999998,2,True,True,True,True,27,699,4,115,4.0154209418687966e-05,21466.184482648758,0.0031923117567203008,40.0,0.1949101493266062,0,0,,,0.0,115,3,0.3371840614659916,1.0,0.03272435840453754,5.647482419115973,223,0.037429809570312514,4.0154209418687966e-05,7.360538551587524,27,699,4
3,adaptive_t0_i100ms,17,8.499999999999998,2,True,True,True,False,27,699,4,115,4.0154209418687966e-05,21466.184482648758,0.0031923117567203008,40.0,0.1949101493266062,0,0,,,0.0,178,5,5.00759016629329,1.0,0.03271864299252071,15.628186881593251,132,0.022155761718750056,0.0,1.9687524674664019,21,949,15
3,adaptive_t0_i100ms,18,8.999999999999998,2,True,True,True,False,22,950,12,210,0.00015367064712336288,21966.1873205597,0.0003544008141034283,40.0,0.17270005736587335,0,0,,,0.0,115,3,0.5914596476731968,1.0,0.0046581463900891365,7.437474021339996,313,0.052536010742187514,0.0,0.6797085207181226,27,699,9
3,adaptive_t0_i100ms,18,8.999999999999998,2,True,True,True,False,22,950,12,210,0.00015367064712336288,21966.1873205597,0.0003544008141034283,40.0,0.17270005736587335,0,0,,,0.0,177,5,7.67770464274351,1.0,0.004651951420800047,14.52371901641031,277,0.04649353027343757,0.0,2.2652990070309897,13,781,3
3,adaptive_t0_i100ms,18,8.999999999999998,2,True,True,True,True,22,950,12,210,0.00015367064712336288,21966.1873205597,0.0003544008141034283,40.0,0.17270005736587335,0,0,,,0.0,210,6,1.5754825391570837,1.0,0.004663154066094626,8.421496912823883,288,0.048339843750000056,0.00015367064712336288,1.910649257217301,22,950,12
3,adaptive_t0_i100ms,18,8.999999999999998,2,True,True,True,False,22,950,12,210,0.00015367064712336288,21966.1873205597,0.0003544008141034283,40.0,0.17270005736587335,0,0,,,0.0,243,7,2.7712956757590126,1.0,0.0046478113054629,9.61731004942581,150,0.025177001953125028,0.0,3.823736243724852,31,1183,13
3,adaptive_t0_i100ms,19,9.499999999999998,2,True,True,True,False,22,982,10,210,8.593057660618797e-05,22466.185627057937,0.0020479025770328008,40.0,0.2015019462016062,0,0,,,0.0,51,1,0.32638264655983384,1.0,0.016408526652815062,7.8497149566131,157,0.026351928710937528,0.0,2.0431563128913695,25,857,14
3,adaptive_t0_i100ms,19,9.499999999999998,2,True,True,True,False,22,982,10,210,8.593057660618797e-05,22466.185627057937,0.0020479025770328008,40.0,0.2015019462016062,0,0,,,0.0,147,4,5.247499371387085,1.0,0.01639944996461627,12.770831681440352,461,0.07737731933593753,0.0,0.5166668599631521,28,1340,11
3,adaptive_t0_i100ms,19,9.499999999999998,2,True,True,True,False,22,982,10,210,8.593057660618797e-05,22466.185627057937,0.0020479025770328008,40.0,0.2015019462016062,0,0,,,0.0,177,5,1.4015812817607085,1.0,0.016402677633485848,8.924913591813976,133,0.02232360839843757,0.0,5.203389563870587,13,813,3
3,adaptive_t0_i100ms,19,9.499999999999998,2,True,True,True,False,22,982,10,210,8.593057660618797e-05,22466.185627057937,0.0020479025770328008,40.0,0.2015019462016062,0,0,,,0.0,209,6,0.32461394706986607,1.0,0.016407714763280096,4.0862801020965,295,0.04951477050781258,0.0,5.946460951199697,14,1166,8
3,adaptive_t0_i100ms,19,9.499999999999998,2,True,True,True,True,22,982,10,210,8.593057660618797e-05,22466.185627057937,0.0020479025770328008,40.0,0.2015019462016062,0,0,,,0.0,210,6,2.606593513009441,1.0,0.016408702741126893,6.368259668036075,154,0.025848388671875056,8.593057660618797e-05,6.007880457738793,22,982,10
3,adaptive_t0_i100ms,20,9.999999999999998,2,True,True,True,False,25,889,10,51,0.00010881876019993797,22966.186199262527,0.0014756979871890508,40.0,0.4435597464945749,0,0,,,0.0,16,0,0.3398226997261303,1.0,0.06578417854474565,0.8929826020167899,268,0.044982910156250056,0.0,17.51171731098293,0,1216,2
3,adaptive_t0_i100ms,20,9.999999999999998,2,True,True,True,False,25,889,10,51,0.00010881876019993797,22966.186199262527,0.0014756979871890508,40.0,0.4435597464945749,0,0,,,0.0,17,0,1.3874641882374148,1.0,0.06588837061237451,1.9406240905280745,500,0.08392333984375006,0.0,0.942013271189353,8,968,12
3,adaptive_t0_i100ms,20,9.999999999999998,2,True,True,True,False,25,889,10,51,0.00010881876019993797,22966.186199262527,0.0014756979871890508,40.0,0.4435597464945749,0,0,,,0.0,18,0,5.105846058986586,1.0,0.06589924047384817,5.659005961277246,278,0.04666137695312507,0.0,3.5630869768538105,16,1040,5
3,adaptive_t0_i100ms,20,9.999999999999998,2,True,True,True,False,25,889,10,51,0.00010881876019993797,22966.186199262527,0.0014756979871890508,40.0,0.4435597464945749,0,0,,,0.0,48,1,2.2479987524191705,1.0,0.06587446679048853,2.8011586547098304,4,0.0006713867187500694,0.0,6.530777040341491,1,865,1
3,adaptive_t0_i100ms,20,9.999999999999998,2,True,True,True,False,25,889,10,51,0.00010881876019993797,22966.186199262527,0.0014756979871890508,40.0,0.4435597464945749,0,0,,,0.0,50,1,2.8286861058702275,1.0,0.06591708258470316,3.3818460081608874,133,0.0223236083984375,0.0,12.140602479183144,17,1297,10
3,adaptive_t0_i100ms,20,9.999999999999998,2,True,True,True,True,25,889,10,51,0.00010881876019993797,22966.186199262527,0.0014756979871890508,40.0,0.4435597464945749,0,0,,,0.0,51,1,1.1271277151932364,1.0,0.06591812589931872,1.680287617483896,111,0.018630981445312528,0.00010881876019993797,3.9371688374922087,25,889,10
3,adaptive_t0_i100ms,20,9.999999999999998,2,True,True,True,False,25,889,10,51,0.00010881876019993797,22966.186199262527,0.0014756979871890508,40.0,0.4435597464945749,0,0,,,0.0,112,3,5.631437168242538,1.0,0.06589945610462924,7.290916875114517,14,0.0023498535156250694,0.0,3.4538789689468103,3,867,0
3,adaptive_t0_i100ms,20,9.999999999999998,2,True,True,True,False,25,889,10,51,0.00010881876019993797,22966.186199262527,0.0014756979871890508,40.0,0.4435597464945749,0,0,,,0.0,144,4,0.34367162653801464,1.0,0.06590368851505932,2.0031513334099937,49,0.008224487304687542,0.0,14.814474268907361,4,932,10
3,adaptive_t0_i100ms,20,9.999999999999998,2,True,True,True,False,25,889,10,51,0.00010881876019993797,22966.186199262527,0.0014756979871890508,40.0,0.4435597464945749,0,0,,,0.0,177,5,1.4199828801492291,1.0,0.06585976696398002,1.9731427824398888,193,0.03239440917968757,0.0,17.37291696885586,13,813,11
3,adaptive_t0_i100ms,20,9.999999999999998,2,True,True,True,False,25,889,10,51,0.00010881876019993797,22966.186199262527,0.0014756979871890508,40.0,0.4435597464945749,0,0,,,0.0,178,5,2.2718674650413817,1.0,0.06586017489133383,2.8250273673320416,31,0.0052032470703125555,0.0,15.302810474746366,21,1109,2
3,adaptive_t0_i100ms,20,9.999999999999998,2,True,True,True,False,25,889,10,51,0.00010881876019993797,22966.186199262527,0.0014756979871890508,40.0,0.4435597464945749,0,0,,,0.0,179,5,0.33302624573160766,1.0,0.06578562008635012,0.8861861480222674,489,0.08207702636718754,0.0,0.15643387669479125,29,701,11
3,adaptive_t0_i100ms,20,9.999999999999998,2,True,True,True,False,25,889,10,51,0.00010881876019993797,22966.186199262527,0.0014756979871890508,40.0,0.4435597464945749,0,0,,,0.0,208,6,2.5611708001333087,1.0,0.0658988902504348,3.390910653569298,122,0.020477294921875028,0.0,10.35665067276932,6,1158,7
3,adaptive_t0_i100ms,20,9.999999999999998,2,True,True,True,False,25,889,10,51,0.00010881876019993797,22966.186199262527,0.0014756979871890508,40.0,0.4435597464945749,0,0,,,0.0,211,6,1.411889509927249,1.0,0.0658497996925845,2.2416293633632387,199,0.033401489257812556,0.0,15.147163795194501,30,894,10
3,adaptive_t0_i100ms,20,9.999999999999998,2,True,True,True,False,25,889,10,51,0.00010881876019993797,22966.186199262527,0.0014756979871890508,40.0,0.4435597464945749,0,0,,,0.0,240,7,1.3736508357000525,1.0,0.06591155741000536,3.0331305425720316,251,0.04212951660156253,0.0,8.82415738671989,7,967,9
3,adaptive_t0_i100ms,21,10.499999999999998,2,True,True,True,False,22,1046,11,210,4.778360394993799e-05,23466.18467338362,0.0030015768934390508,40.0,0.18081865762738747,0,0,,,0.0,17,0,1.2653388000750507,1.0,0.03536357314379343,5.7602310050730745,28,0.0046997070312500555,0.0,8.871644935592485,8,1000,15
3,adaptive_t0_i100ms,21,10.499999999999998,2,True,True,True,False,22,1046,11,210,4.778360394993799e-05,23466.18467338362,0.0030015768934390508,40.0,0.18081865762738747,0,0,,,0.0,81,2,0.8262325039685164,1.0,0.03531956389864446,3.0736786064675283,76,0.012756347656250056,0.0,23.585029749130626,10,1034,1
3,adaptive_t0_i100ms,21,10.499999999999998,2,True,True,True,False,22,1046,11,210,4.778360394993799e-05,23466.18467338362,0.0030015768934390508,40.0,0.18081865762738747,0,0,,,0.0,82,2,0.6499710274013903,1.0,0.035357468379388704,2.8974171299004023,159,0.02668762207031257,0.0,11.089247938871267,18,1074,15
3,adaptive_t0_i100ms,21,10.499999999999998,2,True,True,True,False,22,1046,11,210,4.778360394993799e-05,23466.18467338362,0.0030015768934390508,40.0,0.18081865762738747,0,0,,,0.0,112,3,1.3463896745903303,1.0,0.03535575423097358,5.8412818795883545,260,0.04364013671875007,0.0,3.249911830509518,3,899,5
3,adaptive_t0_i100ms,21,10.499999999999998,2,True,True,True,False,22,1046,11,210,4.778360394993799e-05,23466.18467338362,0.0030015768934390508,40.0,0.18081865762738747,0,0,,,0.0,177,5,2.7051705511830164,1.0,0.035346299518038936,7.20006275618104,173,0.02903747558593757,0.0,10.58923890486767,13,845,6
3,adaptive_t0_i100ms,21,10.499999999999998,2,True,True,True,True,22,1046,11,210,4.778360394993799e-05,23466.18467338362,0.0030015768934390508,40.0,0.18081865762738747,0,0,,,0.0,210,6,10.732436417791577,1.0,0.035363829877430614,15.227328622789601,381,0.06394958496093757,4.778360394993799e-05,1.2270516741627944,22,1046,11
3,adaptive_t0_i100ms,22,10.999999999999998,2,True,True,True,True,11,1067,12,113,0.00015459512738743797,23966.187343671707,0.00033128880750155076,40.0,0.002504448643012438,0,0,,,0.0,113,3,1.5036518388233542,1.0,8.392333984375e-06,40.0,14,0.0023498535156250347,0.00015459512738743797,0.003927455793018453,11,1067,12
3,adaptive_t0_i100ms,23,11.499999999999998,2,True,True,True,True,26,1274,9,83,9.355997113743797e-05,24466.1858177928,0.0018571677137515508,40.0,0.11456499551801244,0,0,,,0.0,83,2,0.323604120830809,1.0,0.09153748853889293,7.243879011024612,10,0.0016784667968750139,9.355997113743797e-05,4.356913343672204,26,1274,9
3,adaptive_t0_i100ms,23,11.499999999999998,2,True,True,True,False,26,1274,9,83,9.355997113743797e-05,24466.1858177928,0.0018571677137515508,40.0,0.11456499551801244,0,0,,,0.0,112,3,0.3058376200793136,1.0,0.09150115624610088,3.765975065176215,88,0.01477050781250007,0.0,5.146615736539388,3,931,5
3,adaptive_t0_i100ms,23,11.499999999999998,2,True,True,True,False,26,1274,9,83,9.355997113743797e-05,24466.1858177928,0.0018571677137515508,40.0,0.11456499551801244,0,0,,,0.0,115,3,5.621728579973178,1.0,0.09153415801243911,9.08186602507008,94,0.015777587890625014,0.0,6.857067542136065,27,795,11
3,adaptive_t0_i100ms,23,11.499999999999998,2,True,True,True,False,26,1274,9,83,9.355997113743797e-05,24466.1858177928,0.0018571677137515508,40.0,0.11456499551801244,0,0,,,0.0,179,5,5.297878409621795,1.0,0.09153595415108624,12.218153299815597,208,0.034912109375000056,0.0,3.1042517469213635,29,765,12
3,adaptive_t0_i100ms,23,11.499999999999998,2,True,True,True,False,26,1274,9,83,9.355997113743797e-05,24466.1858177928,0.0018571677137515508,40.0,0.11456499551801244,0,0,,,0.0,240,7,0.769851708719691,1.0,0.09152097365631641,7.690126598913494,282,0.04733276367187503,0.0,1.1521915913617704,7,1031,13
3,adaptive_t0_i100ms,24,11.999999999999998,2,True,True,True,False,9,1193,9,49,0.000116448154731188,24966.18638999739,0.0012849631239078008,40.0,0.32129106973676247,0,0,,,0.0,18,0,0.40021831929395946,1.0,0.00517474629256673,1.1623182718011775,124,0.02081298828125007,0.0,3.7244697529895348,16,1136,5
3,adaptive_t0_i100ms,24,11.999999999999998,2,True,True,True,False,9,1193,9,49,0.000116448154731188,24966.18638999739,0.0012849631239078008,40.0,0.32129106973676247,0,0,,,0.0,19,0,2.7832221842348774,1.0,0.005279998190706365,3.5453221367420955,236,0.039527893066406306,0.0,1.3143775655662466,24,1016,1
3,adaptive_t0_i100ms,24,11.999999999999998,2,True,True,True,True,9,1193,9,49,0.000116448154731188,24966.18638999739,0.0012849631239078008,40.0,0.32129106973676247,0,0,,,0.0,49,1,9.878139033745745,1.0,0.005312395203359396,10.640238986252964,5,0.0008392333984375416,0.000116448154731188,5.1751438728570065,9,1193,9
3,adaptive_t0_i100ms,24,11.999999999999998,2,True,True,True,False,9,1193,9,49,0.000116448154731188,24966.18638999739,0.0012849631239078008,40.0,0.32129106973676247,0,0,,,0.0,50,1,0.17841323801142892,1.0,0.005245292364340992,0.940513190518647,508,0.08526611328125,0.0,1.207261440151342,17,1457,0
3,adaptive_t0_i100ms,24,11.999999999999998,2,True,True,True,False,9,1193,9,49,0.000116448154731188,24966.18638999739,0.0012849631239078008,40.0,0.32129106973676247,0,0,,,0.0,115,3,1.3047534871898332,1.0,0.005281041367230199,2.8289533922042693,216,0.036254882812500014,0.0,3.433430397457414,27,827,15
3,adaptive_t0_i100ms,24,11.999999999999998,2,True,True,True,False,9,1193,9,49,0.000116448154731188,24966.18638999739,0.0012849631239078008,40.0,0.32129106973676247,0,0,,,0.0,145,4,1.2359399135384666,1.0,0.005269164400650285,1.9980398660456846,87,0.014602661132812531,0.0,0.5884464254995692,12,1228,9
3,adaptive_t0_i100ms,24,11.999999999999998,2,True,True,True,False,9,1193,9,49,0.000116448154731188,24966.18638999739,0.0012849631239078008,40.0,0.32129106973676247,0,0,,,0.0,146,4,0.22543717835253316,1.0,0.005210100235687559,0.9875371308597513,440,0.07385253906250008,0.0,2.29298447475594,20,1012,1
3,adaptive_t0_i100ms,24,11.999999999999998,2,True,True,True,False,9,1193,9,49,0.000116448154731188,24966.18638999739,0.0012849631239078008,40.0,0.32129106973676247,0,0,,,0.0,176,5,10.4430773731653,1.0,0.00530419120667763,11.967277278179736,65,0.010910034179687611,0.0,4.801292676656885,5,1285,10
3,adaptive_t0_i100ms,24,11.999999999999998,2,True,True,True,False,9,1193,9,49,0.000116448154731188,24966.18638999739,0.0012849631239078008,40.0,0.32129106973676247,0,0,,,0.0,208,6,4.40559984238124,1.0,0.005304187387418595,5.929799747395676,233,0.03910827636718754,0.0,5.175973085006262,6,1350,2
3,adaptive_t0_i100ms,25,12.499999999999998,2,True,True,True,False,26,1306,4,83,0.00013933633832493797,25466.18696220198,0.0007127585340640508,40.0,0.4008732840922312,0,0,,,0.0,17,0,0.8856450131382801,1.0,0.07491182420167818,2.366670773969548,215,0.036087036132812556,0.0,9.33235173513458,8,1128,1
3,adaptive_t0_i100ms,25,12.499999999999998,2,True,True,True,False,26,1306,4,83,0.00013933633832493797,25466.18696220198,0.0007127585340640508,40.0,0.4008732840922312,0,0,,,0.0,18,0,0.5900217774902345,1.0,0.0748715498946457,2.071047538321502,163,0.02735900878906257,0.0,0.9939613959868439,16,1136,15
3,adaptive_t0_i100ms,25,12.499999999999998,2,True,True,True,False,26,1306,4,83,0.00013933633832493797,25466.18696220198,0.0007127585340640508,40.0,0.4008732840922312,0,0,,,0.0,48,1,0.22669983237621513,1.0,0.07481774003567493,1.2140503395970603,204,0.03424072265625008,0.0,16.696199440142664,1,1057,10
3,adaptive_t0_i100ms,25,12.499999999999998,2,True,True,True,False,26,1306,4,83,0.00013933633832493797,25466.18696220198,0.0007127585340640508,40.0,0.4008732840922312,0,0,,,0.0,49,1,0.0,1.0,0.07483143189393725,0.9873505072208452,100,0.016784667968750045,0.0,10.423374318375863,9,1257,1
3,adaptive_t0_i100ms,25,12.499999999999998,2,True,True,True,False,26,1306,4,83,0.00013933633832493797,25466.18696220198,0.0007127585340640508,40.0,0.4008732840922312,0,0,,,0.0,51,1,0.94831117787412,1.0,0.07489223329854222,1.9356616850949653,94,0.01577758789062504,0.0,13.6300053065861,25,1081,2
3,adaptive_t0_i100ms,25,12.499999999999998,2,True,True,True,False,26,1306,4,83,0.00013933633832493797,25466.18696220198,0.0007127585340640508,40.0,0.4008732840922312,0,0,,,0.0,80,2,0.2616001111911368,1.0,0.07484712835431195,1.2489506184119818,30,0.005035400390625014,0.0,45.81762745441665,2,1442,5
3,adaptive_t0_i100ms,25,12.499999999999998,2,True,True,True,False,26,1306,4,83,0.00013933633832493797,25466.18696220198,0.0007127585340640508,40.0,0.4008732840922312,0,0,,,0.0,82,2,0.6157242399902345,1.0,0.07486452028750505,1.6030747472110796,171,0.02870178222656257,0.0,26.274723613638344,18,1138,11
3,adaptive_t0_i100ms,25,12.499999999999998,2,True,True,True,True,26,1306,4,83,0.00013933633832493797,25466.18696220198,0.0007127585340640508,40.0,0.4008732840922312,0,0,,,0.0,83,2,0.2688911900684552,1.0,0.07493289435194729,1.2562416972893002,103,0.017288208007812514,0.00013933633832493797,40.0608308726878,26,1306,4
3,adaptive_t0_i100ms,25,12.499999999999998,2,True,True,True,False,26,1306,4,83,0.00013933633832493797,25466.18696220198,0.0007127585340640508,40.0,0.4008732840922312,0,0,,,0.0,112,3,0.8922913484253895,1.0,0.07490122772252333,2.373317109256657,157,0.02635192871093757,0.0,0.5755492551434145,3,963,3
3,adaptive_t0_i100ms,25,12.499999999999998,2,True,True,True,False,26,1306,4,83,0.00013933633832493797,25466.18696220198,0.0007127585340640508,40.0,0.4008732840922312,0,0,,,0.0,114,3,2.867502728814428,1.0,0.07489829529738132,4.3485284896456955,51,0.008560180664062583,0.0,19.767821301811637,19,1043,0
3,adaptive_t0_i100ms,25,12.499999999999998,2,True,True,True,False,26,1306,4,83,0.00013933633832493797,25466.18696220198,0.0007127585340640508,40.0,0.4008732840922312,0,0,,,0.0,176,5,2.9605437217812245,1.0,0.07491173239736865,4.4415694826124925,282,0.04733276367187511,0.0,7.627481104911567,5,1381,8
3,adaptive_t0_i100ms,25,12.499999999999998,2,True,True,True,False,26,1306,4,83,0.00013933633832493797,25466.18696220198,0.0007127585340640508,40.0,0.4008732840922312,0,0,,,0.0,177,5,0.6333163611328126,1.0,0.07492495555853759,2.1143421219640803,375,0.06294250488281258,0.0,4.31947615126046,13,973,6
3,adaptive_t0_i100ms,25,12.499999999999998,2,True,True,True,False,26,1306,4,83,0.00013933633832493797,25466.18696220198,0.0007127585340640508,40.0,0.4008732840922312,0,0,,,0.0,208,6,1.6570670794527331,1.0,0.07490818186065724,2.6444175866735784,136,0.02282714843750004,0.0,20.05560665396115,6,1382,0
3,adaptive_t0_i100ms,25,12.499999999999998,2,True,True,True,False,26,1306,4,83,0.00013933633832493797,25466.18696220198,0.0007127585340640508,40.0,0.4008732840922312,0,0,,,0.0,209,6,0.6394531637145996,1.0,0.07485202446974802,1.6268036709354448,57,0.009567260742187583,0.0,46.655727080004,14,1198,8
3,adaptive_t0_i100ms,25,12.499999999999998,2,True,True,True,False,26,1306,4,83,0.00013933633832493797,25466.18696220198,0.0007127585340640508,40.0,0.4008732840922312,0,0,,,0.0,211,6,5.607130141431249,1.0,0.07492981115961374,6.594480648652094,163,0.027359008789062556,0.0,9.057739551750274,30,1086,4
3,adaptive_t0_i100ms,25,12.499999999999998,2,True,True,True,False,26,1306,4,83,0.00013933633832493797,25466.18696220198,0.0007127585340640508,40.0,0.4008732840922312,0,0,,,0.0,240,7,0.21144146148113618,1.0,0.07491147578462704,3.173492983143672,87,0.014518737792968778,0.0,18.989822401545098,7,1095,6
3,adaptive_t0_i100ms,26,12.999999999999998,2,True,True,True,False,3,1027,10,112,7.830118207493797e-05,25966.185436323074,0.0022386374403140508,40.0,0.7445622489359812,0,0,,,0.0,17,0,0.7310174696754645,1.0,0.08996605301262285,0.9389587253159576,100,0.016784667968750056,0.0,43.48426489150006,8,1128,11
3,adaptive_t0_i100ms,26,12.999999999999998,2,True,True,True,False,3,1027,10,112,7.830118207493797e-05,25966.185436323074,0.0022386374403140508,40.0,0.7445622489359812,0,0,,,0.0,18,0,0.18386064145533523,1.0,0.09000434870191466,0.39180189709582824,82,0.01367950439453132,0.0,89.36011699318988,16,1168,2
3,adaptive_t0_i100ms,26,12.999999999999998,2,True,True,True,False,3,1027,10,112,7.830118207493797e-05,25966.185436323074,0.0022386374403140508,40.0,0.7445622489359812,0,0,,,0.0,19,0,0.178800445347174,1.0,0.08990983589788638,0.386741700987667,134,0.022491455078125056,0.0,70.05315987681752,24,1080,2
3,adaptive_t0_i100ms,26,12.999999999999998,2,True,True,True,False,3,1027,10,112,7.830118207493797e-05,25966.185436323074,0.0022386374403140508,40.0,0.7445622489359812,0,0,,,0.0,50,1,0.3932488610426521,1.0,0.08986732150449166,1.0170726279641311,277,0.0464935302734375,0.0,47.49983393558796,17,1457,7
3,adaptive_t0_i100ms,26,12.999999999999998,2,True,True,True,False,3,1027,10,112,7.830118207493797e-05,25966.185436323074,0.0022386374403140508,40.0,0.7445622489359812,0,0,,,0.0,80,2,0.18996826872017455,1.0,0.08986582639872875,0.39790952436066757,221,0.037094116210937514,0.0,73.57974589985679,2,1442,9
3,adaptive_t0_i100ms,26,12.999999999999998,2,True,True,True,False,3,1027,10,112,7.830118207493797e-05,25966.185436323074,0.0022386374403140508,40.0,0.7445622489359812,0,0,,,0.0,81,2,0.7446679028934823,1.0,0.08993480745015424,0.9526091585339753,7,0.0011749267578125555,0.0,75.33282412795597,10,1130,8
3,adaptive_t0_i100ms,26,12.999999999999998,2,True,True,True,False,3,1027,10,112,7.830118207493797e-05,25966.185436323074,0.0022386374403140508,40.0,0.7445622489359812,0,0,,,0.0,82,2,0.39539320120378496,1.0,0.09000812758003104,0.603334456844278,145,0.02433776855468757,0.0,68.29823639819733,18,1138,15
3,adaptive_t0_i100ms,26,12.999999999999998,2,True,True,True,True,3,1027,10,112,7.830118207493797e-05,25966.185436323074,0.0022386374403140508,40.0,0.7445622489359812,0,0,,,0.0,112,3,12.737582291173576,1.0,0.0900236461241083,12.94552354681407,247,0.04145812988281257,7.830118207493797e-05,0.35024823201456456,3,1027,10
3,adaptive_t0_i100ms,26,12.999999999999998,2,True,True,True,False,3,1027,10,112,7.830118207493797e-05,25966.185436323074,0.0022386374403140508,40.0,0.7445622489359812,0,0,,,0.0,113,3,0.17732157019146794,1.0,0.08990958261306498,0.3852628258319609,472,0.07922363281250003,0.0,10.982399989872647,11,1099,15
3,adaptive_t0_i100ms,26,12.999999999999998,2,True,True,True,False,3,1027,10,112,7.830118207493797e-05,25966.185436323074,0.0022386374403140508,40.0,0.7445622489359812,0,0,,,0.0,114,3,10.433021180209645,1.0,0.09001771398398623,10.640962435850138,118,0.019805908203125083,0.0,6.501986316703551,19,1107,10
3,adaptive_t0_i100ms,26,12.999999999999998,2,True,True,True,False,3,1027,10,112,7.830118207493797e-05,25966.185436323074,0.0022386374403140508,40.0,0.7445622489359812,0,0,,,0.0,145,4,0.3924107724659919,1.0,0.08997241973839167,0.6003520281064849,186,0.031219482421875028,0.0,17.201135816056194,12,1356,2
3,adaptive_t0_i100ms,26,12.999999999999998,2,True,True,True,False,3,1027,10,112,7.830118207493797e-05,25966.185436323074,0.0022386374403140508,40.0,0.7445622489359812,0,0,,,0.0,146,4,0.1819341749702163,1.0,0.08987070704186823,0.3898754306107093,70,0.011749267578125083,0.0,78.70423941736954,20,1012,10
3,adaptive_t0_i100ms,26,12.999999999999998,2,True,True,True,False,3,1027,10,112,7.830118207493797e-05,25966.185436323074,0.0022386374403140508,40.0,0.7445622489359812,0,0,,,0.0,147,4,0.4074522437350349,1.0,0.08992844373385589,0.6153934993755279,508,0.08526611328125003,0.0,7.36777345586961,28,1564,10
3,adaptive_t0_i100ms,26,12.999999999999998,2,True,True,True,False,3,1027,10,112,7.830118207493797e-05,25966.185436323074,0.0022386374403140508,40.0,0.7445622489359812,0,0,,,0.0,176,5,0.7279012671433602,1.0,0.08999651756842111,0.9358425227838533,316,0.053039550781250125,0.0,36.73716847135438,5,1445,2
3,adaptive_t0_i100ms,26,12.999999999999998,2,True,True,True,False,3,1027,10,112,7.830118207493797e-05,25966.185436323074,0.0022386374403140508,40.0,0.7445622489359812,0,0,,,0.0,177,5,0.4045411041979256,1.0,0.08984722793824308,0.6124823598384186,250,0.04196166992187508,0.0,46.313288935489254,13,973,10
3,adaptive_t0_i100ms,26,12.999999999999998,2,True,True,True,False,3,1027,10,112,7.830118207493797e-05,25966.185436323074,0.0022386374403140508,40.0,0.7445622489359812,0,0,,,0.0,179,5,0.40175291735954666,1.0,0.08989156752497479,0.6096941730000397,120,0.020141601562500056,0.0,55.976188703109074,29,829,1
3,adaptive_t0_i100ms,26,12.999999999999998,2,True,True,True,False,3,1027,10,112,7.830118207493797e-05,25966.185436323074,0.0022386374403140508,40.0,0.7445622489359812,0,0,,,0.0,209,6,0.40773224154045484,1.0,0.08985569398186564,0.7196441250011943,505,0.08476257324218758,0.0,2.921803258919681,14,1198,12
3,adaptive_t0_i100ms,26,12.999999999999998,2,True,True,True,False,3,1027,10,112,7.830118207493797e-05,25966.185436323074,0.0022386374403140508,40.0,0.7445622489359812,0,0,,,0.0,210,6,5.196753800272999,1.0,0.09001176026113718,5.508665683733739,277,0.04649353027343757,0.0,6.742417664980167,22,1110,5
3,adaptive_t0_i100ms,26,12.999999999999998,2,True,True,True,False,3,1027,10,112,7.830118207493797e-05,25966.185436323074,0.0022386374403140508,40.0,0.7445622489359812,0,0,,,0.0,241,7,0.3438385145660897,1.0,0.0898879049809324,0.6557503980268292,15,0.002517700195312611,0.0,16.27955123486754,15,1231,10
3,adaptive_t0_i100ms,26,12.999999999999998,2,True,True,True,False,3,1027,10,112,7.830118207493797e-05,25966.185436323074,0.0022386374403140508,40.0,0.7445622489359812,0,0,,,0.0,243,7,0.38021099646379464,1.0,0.08988403534818988,0.6921228799245341,386,0.06478881835937503,0.0,26.951542855709704,31,1375,0
3,adaptive_t0_i100ms,27,13.499999999999998,2,True,True,True,False,27,859,13,115,0.00011797403363743796,26466.186428144363,0.0012468161512515508,40.0,0.4315678641703562,0,0,,,0.0,18,0,2.4919774652104034,1.0,0.08886560248566484,4.467325415149034,45,0.007469177246093819,0.0,16.261706202050846,16,1168,7
3,adaptive_t0_i100ms,27,13.499999999999998,2,True,True,True,False,27,859,13,115,0.00011797403363743796,26466.186428144363,0.0012468161512515508,40.0,0.4315678641703562,0,0,,,0.0,19,0,2.4233934845864344,1.0,0.08884409269557983,4.398741434525065,385,0.06462097167968756,0.0,0.18827433077967726,24,1080,8
3,adaptive_t0_i100ms,27,13.499999999999998,2,True,True,True,False,27,859,13,115,0.00011797403363743796,26466.186428144363,0.0012468161512515508,40.0,0.4315678641703562,0,0,,,0.0,49,1,0.3386092607249344,1.0,0.08888099053984962,4.289305160602196,375,0.06294250488281254,0.0,10.527521353629709,9,1289,2
3,adaptive_t0_i100ms,27,13.499999999999998,2,True,True,True,False,27,859,13,115,0.00011797403363743796,26466.186428144363,0.0012468161512515508,40.0,0.4315678641703562,0,0,,,0.0,80,2,2.57475793083595,1.0,0.0888517924276312,4.550105880774581,3,0.0005035400390625139,0.0,19.278921070104843,2,1442,14
3,adaptive_t0_i100ms,27,13.499999999999998,2,True,True,True,False,27,859,13,115,0.00011797403363743796,26466.186428144363,0.0012468161512515508,40.0,0.4315678641703562,0,0,,,0.0,83,2,2.646519227412807,1.0,0.08885610147233527,4.6218671773514375,128,0.021484375000000014,0.0,12.617960084196966,26,1306,14
3,adaptive_t0_i100ms,27,13.499999999999998,2,True,True,True,False,27,859,13,115,0.00011797403363743796,26466.186428144363,0.0012468161512515508,40.0,0.4315678641703562,0,0,,,0.0,112,3,0.34562169402450166,1.0,0.08881712970257255,1.6625203273169222,297,0.04985046386718757,0.0,13.751390630641254,3,1059,5
3,adaptive_t0_i100ms,27,13.499999999999998,2,True,True,True,False,27,859,13,115,0.00011797403363743796,26466.186428144363,0.0012468161512515508,40.0,0.4315678641703562,0,0,,,0.0,113,3,0.6538145831578852,1.0,0.08884600221534703,1.9707132164503058,36,0.006042480468750028,0.0,15.079644606084912,11,1163,4
3,adaptive_t0_i100ms,27,13.499999999999998,2,True,True,True,True,27,859,13,115,0.00011797403363743796,26466.186428144363,0.0012468161512515508,40.0,0.4315678641703562,0,0,,,0.0,115,3,0.34887460408590876,1.0,0.08888165044491847,1.6657732373783294,412,0.06915283203125001,0.00011797403363743796,1.5498819538952375,27,859,13
3,adaptive_t0_i100ms,27,13.499999999999998,2,True,True,True,False,27,859,13,115,0.00011797403363743796,26466.186428144363,0.0012468161512515508,40.0,0.4315678641703562,0,0,,,0.0,176,5,0.6962659749622302,1.0,0.08881590072506561,2.013164608254651,407,0.06831359863281262,0.0,13.056096157844877,5,1445,8
3,adaptive_t0_i100ms,27,13.499999999999998,2,True,True,True,False,27,859,13,115,0.00011797403363743796,26466.186428144363,0.0012468161512515508,40.0,0.4315678641703562,0,0,,,0.0,177,5,0.35131428663196407,1.0,0.08881877732481691,1.6682129199243847,14,0.0023498535156250833,0.0,42.70428240425463,13,973,14
3,adaptive_t0_i100ms,27,13.499999999999998,2,True,True,True,False,27,859,13,115,0.00011797403363743796,26466.186428144363,0.0012468161512515508,40.0,0.4315678641703562,0,0,,,0.0,178,5,0.3547185037871396,1.0,0.08881596489705262,1.6716171370795603,191,0.03205871582031257,0.0,37.02525393869291,21,1269,6
3,adaptive_t0_i100ms,27,13.499999999999998,2,True,True,True,False,27,859,13,115,0.00011797403363743796,26466.186428144363,0.0012468161512515508,40.0,0.4315678641703562,0,0,,,0.0,241,7,0.5922526141792379,1.0,0.0888717319512135,2.5676005641178685,176,0.02954101562500011,0.0,2.7009864766223473,15,1263,7
3,adaptive_t0_i100ms,27,13.499999999999998,2,True,True,True,False,27,859,13,115,0.00011797403363743796,26466.186428144363,0.0012468161512515508,40.0,0.4315678641703562,0,0,,,0.0,242,7,2.477704971137034,1.0,0.08887047971922656,4.453052921075665,102,0.017120361328125056,0.0,1.986438087937131,23,951,5
3,adaptive_t0_i100ms,28,13.999999999999998,2,True,True,True,True,22,1238,4,210,4.0154209418687966e-05,26966.184482648758,0.0031923117567203008,40.0,0.04535875772504369,0,0,,,0.0,210,6,1.3964208193641894,1.0,8.811950683593752e-05,40.0,270,0.04531860351562507,4.0154209418687966e-05,0.08081565153042902,22,1238,4
3,adaptive_t0_i100ms,29,14.499999999999998,2,True,True,True,False,2,1506,8,80,0.00014696573285618797,27466.187152936844,0.0005220236707828008,40.0,0.2667714164164499,0,0,,,0.0,19,0,1.4856005189427466,1.0,0.06261116647448439,3.715098084183966,278,0.046661376953125056,0.0,4.3075606097663695,24,1112,15
3,adaptive_t0_i100ms,29,14.499999999999998,2,True,True,True,True,2,1506,8,80,0.00014696573285618797,27466.187152936844,0.0005220236707828008,40.0,0.2667714164164499,0,0,,,0.0,80,2,0.2905331511272561,1.0,0.06264367046872603,1.4052819337478657,115,0.019302368164062514,0.00014696573285618797,4.764849240822514,2,1506,8
3,adaptive_t0_i100ms,29,14.499999999999998,2,True,True,True,False,2,1506,8,80,0.00014696573285618797,27466.187152936844,0.0005220236707828008,40.0,0.2667714164164499,0,0,,,0.0,82,2,1.4420706565915042,1.0,0.06259556815435621,2.5568194392121137,71,0.011917114257812583,0.0,13.60080725204898,18,1266,13
3,adaptive_t0_i100ms,29,14.499999999999998,2,True,True,True,False,2,1506,8,80,0.00014696573285618797,27466.187152936844,0.0005220236707828008,40.0,0.2667714164164499,0,0,,,0.0,112,3,0.34175047333883013,1.0,0.06260907541386021,1.0849163284192365,133,0.02232360839843757,0.0,19.328586695548438,3,1059,11
3,adaptive_t0_i100ms,29,14.499999999999998,2,True,True,True,False,2,1506,8,80,0.00014696573285618797,27466.187152936844,0.0005220236707828008,40.0,0.2667714164164499,0,0,,,0.0,114,3,2.8380782884469795,1.0,0.06259999381922335,3.581244143527386,52,0.008728027343750083,0.0,10.397651002265775,19,1203,9
3,adaptive_t0_i100ms,29,14.499999999999998,2,True,True,True,False,2,1506,8,80,0.00014696573285618797,27466.187152936844,0.0005220236707828008,40.0,0.2667714164164499,0,0,,,0.0,115,3,1.860619639375782,1.0,0.06260079800798717,2.6037854944561882,196,0.032897949218750014,0.0,6.472061244505312,27,891,13
3,adaptive_t0_i100ms,29,14.499999999999998,2,True,True,True,False,2,1506,8,80,0.00014696573285618797,27466.187152936844,0.0005220236707828008,40.0,0.2667714164164499,0,0,,,0.0,144,4,9.387832364678918,1.0,0.0626386278485499,10.502581147299527,28,0.004699707031250042,0.0,0.7618521504482487,4,1060,6
3,adaptive_t0_i100ms,29,14.499999999999998,2,True,True,True,False,2,1506,8,80,0.00014696573285618797,27466.187152936844,0.0005220236707828008,40.0,0.2667714164164499,0,0,,,0.0,147,4,1.2176698658499499,1.0,0.06263782541316369,2.3324186484705596,139,0.023330688476562535,0.0,5.965046571680432,28,1660,7
3,adaptive_t0_i100ms,29,14.499999999999998,2,True,True,True,False,2,1506,8,80,0.00014696573285618797,27466.187152936844,0.0005220236707828008,40.0,0.2667714164164499,0,0,,,0.0,176,5,0.6857642126840645,1.0,0.06258997541731992,2.9152617779252834,169,0.028366088867187625,0.0,3.3594817653283826,5,1477,1
3,adaptive_t0_i100ms,29,14.499999999999998,2,True,True,True,False,2,1506,8,80,0.00014696573285618797,27466.187152936844,0.0005220236707828008,40.0,0.2667714164164499,0,0,,,0.0,210,6,1.3996568137505776,1.0,0.06262690206288249,2.514405596371187,5,0.0008392333984375694,0.0,16.264461792914517,22,1238,15
3,adaptive_t0_i100ms,29,14.499999999999998,2,True,True,True,False,2,1506,8,80,0.00014696573285618797,27466.187152936844,0.0005220236707828008,40.0,0.2667714164164499,0,0,,,0.0,211,6,2.043169859680882,1.0,0.0626121102351696,3.1579186423014916,251,0.04204559326171882,0.0,7.151648414768715,30,1246,4
3,adaptive_t0_i100ms,29,14.499999999999998,2,True,True,True,False,2,1506,8,80,0.00014696573285618797,27466.187152936844,0.0005220236707828008,40.0,0.2667714164164499,0,0,,,0.0,242,7,1.4007711988439764,1.0,0.0626138739775998,3.630268764085195,152,0.025512695312500056,0.0,14.152905128052225,23,1047,8
3,adaptive_t0_i100ms,30,14.999999999999998,2,True,True,True,False,30,1278,1,211,2.007236762437966e-06,27966.18352897444,0.004145986073126551,40.0,0.15005693887738744,0,0,,,0.0,19,0,1.3813912547478164,1.0,0.05554510489352448,6.162421853159277,138,0.023162841796875056,0.0,3.115246314959222,24,1144,11
3,adaptive_t0_i100ms,30,14.999999999999998,2,True,True,True,False,30,1278,1,211,2.007236762437966e-06,27966.18352897444,0.004145986073126551,40.0,0.15005693887738744,0,0,,,0.0,50,1,1.8960411882321542,1.0,0.05553462144464153,6.677071786643614,216,0.0362548828125,0.0,1.02638153281805,17,1489,9
3,adaptive_t0_i100ms,30,14.999999999999998,2,True,True,True,False,30,1278,1,211,2.007236762437966e-06,27966.18352897444,0.004145986073126551,40.0,0.15005693887738744,0,0,,,0.0,176,5,0.6888194478887395,1.0,0.05555216150666544,5.4698500463002,60,0.010070800781250125,0.0,2.7423989518247254,5,1477,11
3,adaptive_t0_i100ms,30,14.999999999999998,2,True,True,True,True,30,1278,1,211,2.007236762437966e-06,27966.18352897444,0.004145986073126551,40.0,0.15005693887738744,0,0,,,0.0,211,6,2.218309978698302,1.0,0.05555404189068435,6.999340577109763,221,0.03709411621093757,2.007236762437966e-06,0.6098863668557897,30,1278,1
3,adaptive_t0_i100ms,30,14.999999999999998,2,True,True,True,False,30,1278,1,211,2.007236762437966e-06,27966.18352897444,0.004145986073126551,40.0,0.15005693887738744,0,0,,,0.0,242,7,9.910285138375688,1.0,0.05554890943390831,14.691315736787148,259,0.043472290039062556,0.0,0.9569528949759842,23,1079,8
3,adaptive_t0_i100ms,31,15.499999999999998,2,True,True,True,False,6,1702,11,208,0.00010881876019993797,28466.186199262527,0.0014756979871890508,40.0,0.23056230997113744,0,0,,,0.0,17,0,0.6508260275517392,1.0,0.1594700139318907,1.3496082458047525,119,0.019973754882812556,0.0,34.06077118025496,8,1224,13
3,adaptive_t0_i100ms,31,15.499999999999998,2,True,True,True,False,6,1702,11,208,0.00010881876019993797,28466.186199262527,0.0014756979871890508,40.0,0.23056230997113744,0,0,,,0.0,18,0,0.6349013264377001,1.0,0.15941909206498395,1.3336835446907136,19,0.0031890869140625833,0.0,32.41137631437596,16,1296,2
3,adaptive_t0_i100ms,31,15.499999999999998,2,True,True,True,False,6,1702,11,208,0.00010881876019993797,28466.186199262527,0.0014756979871890508,40.0,0.23056230997113744,0,0,,,0.0,19,0,0.6199414233981659,1.0,0.15947872642824926,1.3187236416511792,12,0.002014160156250059,0.0,11.774301112774992,24,1176,13
3,adaptive_t0_i100ms,31,15.499999999999998,2,True,True,True,False,6,1702,11,208,0.00010881876019993797,28466.186199262527,0.0014756979871890508,40.0,0.23056230997113744,0,0,,,0.0,82,2,2.6481226754951193,1.0,0.1594707971010193,4.744469330254159,108,0.018127441406250083,0.0,14.99396536943459,18,1330,11
3,adaptive_t0_i100ms,31,15.499999999999998,2,True,True,True,False,6,1702,11,208,0.00010881876019993797,28466.186199262527,0.0014756979871890508,40.0,0.23056230997113744,0,0,,,0.0,112,3,7.5633836163718335,1.0,0.1594764432752615,9.659730271130874,120,0.02014160156250007,0.0,7.3621514777696575,3,1123,1
3,adaptive_t0_i100ms,31,15.499999999999998,2,True,True,True,False,6,1702,11,208,0.00010881876019993797,28466.186199262527,0.0014756979871890508,40.0,0.23056230997113744,0,0,,,0.0,145,4,0.30505780815411065,1.0,0.15938201479240127,1.3532311355336306,49,0.008224487304687528,0.0,22.50126944733347,12,1388,12
3,adaptive_t0_i100ms,31,15.499999999999998,2,True,True,True,False,6,1702,11,208,0.00010881876019993797,28466.186199262527,0.0014756979871890508,40.0,0.23056230997113744,0,0,,,0.0,147,4,0.8099297334283315,1.0,0.159451519994837,1.8581030608078515,401,0.06730651855468753,0.0,14.45872882249023,28,1724,7
3,adaptive_t0_i100ms,31,15.499999999999998,2,True,True,True,True,6,1702,11,208,0.00010881876019993797,28466.186199262527,0.0014756979871890508,40.0,0.23056230997113744,0,0,,,0.0,208,6,9.602232511298107,1.0,0.15948701110722285,10.30101472955112,70,0.011749267578125042,0.00010881876019993797,4.331545289358473,6,1702,11
3,adaptive_t0_i100ms,31,15.499999999999998,2,True,True,True,False,6,1702,11,208,0.00010881876019993797,28466.186199262527,0.0014756979871890508,40.0,0.23056230997113744,0,0,,,0.0,210,6,0.6592492237008556,1.0,0.15945787573793346,1.358031441953869,201,0.03373718261718757,0.0,12.441283998421568,22,1334,9
3,adaptive_t0_i100ms,31,15.499999999999998,2,True,True,True,False,6,1702,11,208,0.00010881876019993797,28466.186199262527,0.0014756979871890508,40.0,0.23056230997113744,0,0,,,0.0,211,6,1.2078882096449697,1.0,0.15946161523311866,1.906670427897983,19,0.0031890869140625694,0.0,17.71433141009402,30,1310,1
3,adaptive_t0_i100ms,31,15.499999999999998,2,True,True,True,False,6,1702,11,208,0.00010881876019993797,28466.186199262527,0.0014756979871890508,40.0,0.23056230997113744,0,0,,,0.0,241,7,2.7203875159648283,1.0,0.1594539307802238,4.816734170723868,255,0.04280090332031261,0.0,2.2548001240465965,15,1423,15
3,adaptive_t0_i100ms,32,15.999999999999998,2,True,True,True,False,28,1756,5,147,0.00013170694379368797,28966.186771467117,0.0009034933973453008,40.0,0.2515660331156687,0,0,,,0.0,17,0,0.34263872084764335,1.0,0.0246600762838811,4.743811907967128,359,0.060256958007812556,0.0,1.7261166280295583,8,1256,2
3,adaptive_t0_i100ms,32,15.999999999999998,2,True,True,True,False,28,1756,5,147,0.00013170694379368797,28966.186771467117,0.0009034933973453008,40.0,0.2515660331156687,0,0,,,0.0,19,0,0.3161991213422245,1.0,0.02467750493267618,4.71737230846171,88,0.014770507812500056,0.0,6.896948365763819,24,1208,4
3,adaptive_t0_i100ms,32,15.999999999999998,2,True,True,True,False,28,1756,5,147,0.00013170694379368797,28966.186771467117,0.0009034933973453008,40.0,0.2515660331156687,0,0,,,0.0,115,3,0.6311512100208095,1.0,0.024679207131120158,9.43349758425978,259,0.04347229003906252,0.0,2.59920019713536,27,955,6
3,adaptive_t0_i100ms,32,15.999999999999998,2,True,True,True,False,28,1756,5,147,0.00013170694379368797,28966.186771467117,0.0009034933973453008,40.0,0.2515660331156687,0,0,,,0.0,144,4,0.31859389833201923,1.0,0.024677794934421245,3.252709356411676,338,0.05673217773437504,0.0,2.731100539185718,4,1092,11
3,adaptive_t0_i100ms,32,15.999999999999998,2,True,True,True,False,28,1756,5,147,0.00013170694379368797,28966.186771467117,0.0009034933973453008,40.0,0.2515660331156687,0,0,,,0.0,146,4,0.34008916143819984,1.0,0.02467692298899555,3.2742046195178567,100,0.016784667968750097,0.0,15.207709180613165,20,1076,14
3,adaptive_t0_i100ms,32,15.999999999999998,2,True,True,True,True,28,1756,5,147,0.00013170694379368797,28966.186771467117,0.0009034933973453008,40.0,0.2515660331156687,0,0,,,0.0,147,4,2.5156046674940544,1.0,0.024689384254905487,5.449720125573711,6,0.0010070800781250278,0.00013170694379368797,9.83863842896244,28,1756,5
3,adaptive_t0_i100ms,32,15.999999999999998,2,True,True,True,False,28,1756,5,147,0.00013170694379368797,28966.186771467117,0.0009034933973453008,40.0,0.2515660331156687,0,0,,,0.0,177,5,0.32633772356916485,1.0,0.024688640415371665,9.128684097808135,348,0.05841064453125008,0.0,4.2443861589126755,13,1037,9
3,adaptive_t0_i100ms,33,16.5,2,True,True,True,False,3,1187,14,112,9.538971353322256e-06,29466.183717267806,0.003957692708354443,40.0,0.20864296182291583,0,0,,,0.0,18,0,0.6395373177086675,1.0,0.29561834209154925,3.4674134597701647,62,0.010406494140625087,0.0,3.332361727807438,16,1328,1
3,adaptive_t0_i100ms,33,16.5,2,True,True,True,False,3,1187,14,112,9.538971353322256e-06,29466.183717267806,0.003957692708354443,40.0,0.20864296182291583,0,0,,,0.0,51,1,1.101143947903128,1.0,0.2956242677141303,3.929020089964625,4,0.0006713867187500451,0.0,5.128116688825685,25,1273,1
3,adaptive_t0_i100ms,33,16.5,2,True,True,True,False,3,1187,14,112,9.538971353322256e-06,29466.183717267806,0.003957692708354443,40.0,0.20864296182291583,0,0,,,0.0,83,2,1.327278356074352,1.0,0.29563252159287584,4.155154498135849,212,0.03558349609375003,0.0,7.25874268946427,26,1498,5
3,adaptive_t0_i100ms,33,16.5,2,True,True,True,True,3,1187,14,112,9.538971353322256e-06,29466.183717267806,0.003957692708354443,40.0,0.20864296182291583,0,0,,,0.0,112,3,2.808921339014284,1.0,0.29563686413041235,5.6367974810757815,251,0.04212951660156257,9.538971353322256e-06,4.7824194962850015,3,1187,14
3,adaptive_t0_i100ms,33,16.5,2,True,True,True,False,3,1187,14,112,9.538971353322256e-06,29466.183717267806,0.003957692708354443,40.0,0.20864296182291583,0,0,,,0.0,147,4,5.286726468693978,1.0,0.29562747597838057,8.114602610755474,143,0.024002075195312528,0.0,5.8631960827588046,28,1820,10
3,adaptive_t0_i100ms,33,16.5,2,True,True,True,False,3,1187,14,112,9.538971353322256e-06,29466.183717267806,0.003957692708354443,40.0,0.20864296182291583,0,0,,,0.0,209,6,9.469107072322688,1.0,0.29562693919566757,10.411732453009853,123,0.020645141601562597,0.0,4.155290266840893,14,1358,0
3,adaptive_t0_i100ms,33,16.5,2,True,True,True,False,3,1187,14,112,9.538971353322256e-06,29466.183717267806,0.003957692708354443,40.0,0.20864296182291583,0,0,,,0.0,210,6,1.2815327104100525,1.0,0.29559036499612285,2.2241580910972183,391,0.06562805175781258,0.0,5.503583217261621,22,1398,1
3,adaptive_t0_i100ms,33,16.5,2,True,True,True,False,3,1187,14,112,9.538971353322256e-06,29466.183717267806,0.003957692708354443,40.0,0.20864296182291583,0,0,,,0.0,211,6,1.118495935503869,1.0,0.2955932415411061,2.0611213161910347,57,0.00956726074218757,0.0,14.713460071630834,30,1342,12
3,adaptive_t0_i100ms,34,17.0,2,True,True,True,False,29,925,8,179,9.355997113743797e-05,29966.1858177928,0.0018571677137515508,40.0,0.29155931924848116,0,0,,,0.0,112,3,0.7564413835109499,1.0,0.021676039231386304,3.0815171117200446,449,0.07536315917968757,0.0,5.719700197085331,3,1219,12
3,adaptive_t0_i100ms,34,17.0,2,True,True,True,False,29,925,8,179,9.355997113743797e-05,29966.1858177928,0.0018571677137515508,40.0,0.29155931924848116,0,0,,,0.0,115,3,0.6803378869991765,1.0,0.02162374640045571,3.0054136152082713,302,0.05060577392578128,0.0,5.015051808510179,27,987,4
3,adaptive_t0_i100ms,34,17.0,2,True,True,True,False,29,925,8,179,9.355997113743797e-05,29966.1858177928,0.0018571677137515508,40.0,0.29155931924848116,0,0,,,0.0,145,4,0.32687164519949174,1.0,0.021647788958844984,2.6519473734085866,182,0.030548095703125028,0.0,11.710895997483021,12,1452,7
3,adaptive_t0_i100ms,34,17.0,2,True,True,True,False,29,925,8,179,9.355997113743797e-05,29966.1858177928,0.0018571677137515508,40.0,0.29155931924848116,0,0,,,0.0,146,4,0.6183861859523615,1.0,0.02166538453576582,2.9434619141614564,7,0.0011749267578125971,0.0,10.946605104061746,20,1108,13
3,adaptive_t0_i100ms,34,17.0,2,True,True,True,True,29,925,8,179,9.355997113743797e-05,29966.1858177928,0.0018571677137515508,40.0,0.29155931924848116,0,0,,,0.0,179,5,0.5665059110771486,1.0,0.021677500154212583,5.216657367495339,108,0.018127441406250062,9.355997113743797e-05,2.0444770772082848,29,925,8
3,adaptive_t0_i100ms,34,17.0,2,True,True,True,False,29,925,8,179,9.355997113743797e-05,29966.1858177928,0.0018571677137515508,40.0,0.29155931924848116,0,0,,,0.0,208,6,10.210620972891522,1.0,0.021667134446856647,12.535696701100617,361,0.06059265136718754,0.0,2.5141132828393893,6,1862,9
3,adaptive_t0_i100ms,34,17.0,2,True,True,True,False,29,925,8,179,9.355997113743797e-05,29966.1858177928,0.0018571677137515508,40.0,0.29155931924848116,0,0,,,0.0,209,6,0.6054531924637025,1.0,0.021639358552934487,2.9305289206727974,102,0.017120361328125097,0.0,4.150049074221897,14,1390,5
3,adaptive_t0_i100ms,34,17.0,2,True,True,True,False,29,925,8,179,9.355997113743797e-05,29966.1858177928,0.0018571677137515508,40.0,0.29155931924848116,0,0,,,0.0,241,7,2.662565382512549,1.0,0.02167704108718374,4.987641110721643,210,0.03524780273437511,0.0,9.486904493296606,15,1551,15
3,adaptive_t0_i100ms,34,17.0,2,True,True,True,False,29,925,8,179,9.355997113743797e-05,29966.1858177928,0.0018571677137515508,40.0,0.29155931924848116,0,0,,,0.0,242,7,0.3220601573021481,1.0,0.021634384726972794,2.647135885511243,16,0.0026855468750000694,0.0,11.652726661272027,23,1271,8
3,adaptive_t0_i100ms,35,17.5,2,True,True,True,True,8,1256,13,17,1.07889494393021e-05,30466.18374851726,0.003926443256204948,40.0,0.21720439246506432,0,0,,,0.0,17,0,0.34410717526603835,1.0,0.2724371874714751,2.11857931888574,151,0.025344848632812556,1.07889494393021e-05,34.17180378553894,8,1256,13
3,adaptive_t0_i100ms,35,17.5,2,True,True,True,False,8,1256,13,17,1.07889494393021e-05,30466.18374851726,0.003926443256204948,40.0,0.21720439246506432,0,0,,,0.0,19,0,4.768131628112774,1.0,0.27243376419157733,6.542603771732475,77,0.012924194335937556,0.0,6.927291505278845,24,1240,9
3,adaptive_t0_i100ms,35,17.5,2,True,True,True,False,8,1256,13,17,1.07889494393021e-05,30466.18374851726,0.003926443256204948,40.0,0.21720439246506432,0,0,,,0.0,80,2,0.6769170285354926,1.0,0.2723644117126458,1.8598984576152937,174,0.029205322265625028,0.0,25.364356935049727,2,1666,6
3,adaptive_t0_i100ms,35,17.5,2,True,True,True,False,8,1256,13,17,1.07889494393021e-05,30466.18374851726,0.003926443256204948,40.0,0.21720439246506432,0,0,,,0.0,82,2,1.4011741254185737,1.0,0.27240036351717545,2.5841555544983748,352,0.0590820312500001,0.0,16.599167921431217,18,1426,1
3,adaptive_t0_i100ms,35,17.5,2,True,True,True,False,8,1256,13,17,1.07889494393021e-05,30466.18374851726,0.003926443256204948,40.0,0.21720439246506432,0,0,,,0.0,83,2,0.707086343994625,1.0,0.27237846236548413,1.890067773074426,131,0.021987915039062528,0.0,42.3380949226339,26,1530,5
3,adaptive_t0_i100ms,35,17.5,2,True,True,True,False,8,1256,13,17,1.07889494393021e-05,30466.18374851726,0.003926443256204948,40.0,0.21720439246506432,0,0,,,0.0,112,3,2.8271460709104095,1.0,0.2724315473392591,4.601618214530111,45,0.007553100585937569,0.0,11.843491553994681,3,1251,15
3,adaptive_t0_i100ms,35,17.5,2,True,True,True,False,8,1256,13,17,1.07889494393021e-05,30466.18374851726,0.003926443256204948,40.0,0.21720439246506432,0,0,,,0.0,114,3,0.33894875947932385,1.0,0.2724137509500619,2.1134209030990254,87,0.01460266113281259,0.0,16.6006717545024,19,1331,13
3,adaptive_t0_i100ms,35,17.5,2,True,True,True,False,8,1256,13,17,1.07889494393021e-05,30466.18374851726,0.003926443256204948,40.0,0.21720439246506432,0,0,,,0.0,177,5,0.5488620919965813,1.0,0.2724105886469364,4.097806379235984,42,0.007049560546875083,0.0,11.64142153501598,13,1069,3
3,adaptive_t0_i100ms,35,17.5,2,True,True,True,False,8,1256,13,17,1.07889494393021e-05,30466.18374851726,0.003926443256204948,40.0,0.21720439246506432,0,0,,,0.0,208,6,0.2409696795574947,1.0,0.27235926547046235,2.0154418231771962,11,0.0018463134765625416,0.0,7.715020729505341,6,1926,14
3,adaptive_t0_i100ms,35,17.5,2,True,True,True,False,8,1256,13,17,1.07889494393021e-05,30466.18374851726,0.003926443256204948,40.0,0.21720439246506432,0,0,,,0.0,209,6,10.401935660531674,1.0,0.27243082358886633,12.176407804151376,224,0.03759765625000011,0.0,0.06701976363183348,14,1454,5
3,adaptive_t0_i100ms,36,18.0,2,True,True,True,True,1,1313,3,48,0.00013933633832493797,30966.18696220198,0.0007127585340640508,40.0,0.10621843790082496,0,0,,,0.0,48,1,2.8619408675851483,1.0,0.03214540023543655,14.902404455154521,201,0.03373718261718761,0.00013933633832493797,0.9475381693227973,1,1313,3
3,adaptive_t0_i100ms,36,18.0,2,True,True,True,False,1,1313,3,48,0.00013933633832493797,30966.18696220198,0.0007127585340640508,40.0,0.10621843790082496,0,0,,,0.0,114,3,0.6859222776618336,1.0,0.03214149055103535,12.726385865231205,323,0.0542144775390626,0.0,1.2169724383529683,19,1363,1
3,adaptive_t0_i100ms,36,18.0,2,True,True,True,False,1,1313,3,48,0.00013933633832493797,30966.18696220198,0.0007127585340640508,40.0,0.10621843790082496,0,0,,,0.0,241,7,0.3307460920449001,1.0,0.03213372680615064,12.371209679614271,108,0.018127441406250125,0.0,4.01155449322323,15,1583,6
3,adaptive_t0_i100ms,37,18.5,2,True,True,True,False,17,1681,9,50,0.00016222452191868797,31466.18753440657,0.00014055394422030076,40.0,0.1240330741312937,0,0,,,0.0,17,0,0.6658528704632994,1.0,0.12695961774879722,7.370770342097257,315,0.05287170410156257,0.0,15.06852256012644,8,1320,3
3,adaptive_t0_i100ms,37,18.5,2,True,True,True,True,17,1681,9,50,0.00016222452191868797,31466.18753440657,0.00014055394422030076,40.0,0.1240330741312937,0,0,,,0.0,50,1,0.30319057614915346,1.0,0.12697561385203446,3.655649311966132,73,0.012252807617187507,0.00016222452191868797,10.804936061333137,17,1681,9
3,adaptive_t0_i100ms,37,18.5,2,True,True,True,False,17,1681,9,50,0.00016222452191868797,31466.18753440657,0.00014055394422030076,40.0,0.1240330741312937,0,0,,,0.0,51,1,0.6880045315158946,1.0,0.12696886201560453,4.040463267332873,130,0.021820068359375056,0.0,26.486537366581615,25,1337,13
3,adaptive_t0_i100ms,37,18.5,2,True,True,True,False,17,1681,9,50,0.00016222452191868797,31466.18753440657,0.00014055394422030076,40.0,0.1240330741312937,0,0,,,0.0,144,4,10.088526591559269,1.0,0.12696809526774253,16.793444063193228,149,0.02500915527343757,0.0,2.635568263114692,4,1252,15
3,adaptive_t0_i100ms,37,18.5,2,True,True,True,False,17,1681,9,50,0.00016222452191868797,31466.18753440657,0.00014055394422030076,40.0,0.1240330741312937,0,0,,,0.0,176,5,1.4347555437765578,1.0,0.1269748246016517,8.139673015410514,71,0.011917114257812639,0.0,21.319251966124284,5,1573,1
3,adaptive_t0_i100ms,38,19.0,2,True,True,True,False,7,1319,9,240,0.00010118936566868797,31966.186008527664,0.0016664328504703008,40.0,0.2981968924906687,0,0,,,0.0,51,1,0.3254228102676248,1.0,0.004107068401262835,4.7806015640422235,206,0.034576416015625056,0.0,1.1100430196311208,25,1369,2
3,adaptive_t0_i100ms,38,19.0,2,True,True,True,False,7,1319,9,240,0.00010118936566868797,31966.186008527664,0.0016664328504703008,40.0,0.2981968924906687,0,0,,,0.0,80,2,3.2229008083204342,1.0,0.004125762540351337,7.678079562095032,393,0.06596374511718753,0.0,1.0340885640180204,2,1762,3
3,adaptive_t0_i100ms,38,19.0,2,True,True,True,False,7,1319,9,240,0.00010118936566868797,31966.186008527664,0.0016664328504703008,40.0,0.2981968924906687,0,0,,,0.0,112,3,3.0273418480038146,1.0,0.0041208446585917664,7.482520601778413,406,0.06814575195312508,0.0,0.9417748067171487,3,1443,6
3,adaptive_t0_i100ms,38,19.0,2,True,True,True,False,7,1319,9,240,0.00010118936566868797,31966.186008527664,0.0016664328504703008,40.0,0.2981968924906687,0,0,,,0.0,178,5,1.4678743417163254,1.0,0.004125209936417132,3.6954637186036248,160,0.026855468750000083,0.0,3.323165528716345,21,1397,10
3,adaptive_t0_i100ms,38,19.0,2,True,True,True,False,7,1319,9,240,0.00010118936566868797,31966.186008527664,0.0016664328504703008,40.0,0.2981968924906687,0,0,,,0.0,179,5,3.028690122685915,1.0,0.004100524760583043,5.256279499573214,354,0.05941772460937507,0.0,2.0472690936330764,29,1021,1
3,adaptive_t0_i100ms,38,19.0,2,True,True,True,True,7,1319,9,240,0.00010118936566868797,31966.186008527664,0.0016664328504703008,40.0,0.2981968924906687,0,0,,,0.0,240,7,5.3568189813157625,1.0,0.004132187250112677,7.584408358203062,248,0.04162597656250004,0.00010118936566868797,0.3448482931453327,7,1319,9
3,adaptive_t0_i100ms,38,19.0,2,True,True,True,False,7,1319,9,240,0.00010118936566868797,31966.186008527664,0.0016664328504703008,40.0,0.2981968924906687,0,0,,,0.0,243,7,1.2950573188171335,1.0,0.004096399449616527,3.5226466957044327,9,0.0015106201171875416,0.0,3.979502417590993,31,1503,11
3,adaptive_t0_i100ms,39,19.5,2,True,True,True,False,4,1412,10,144,5.6938877387438e-05,32466.184902265457,0.0027726950575015508,40.0,0.15162249063519995,0,0,,,0.0,17,0,0.6497306889008865,1.0,0.0430003237266543,12.580122201476133,482,0.08090209960937507,0.0,0.4917381002342154,8,1320,12
3,adaptive_t0_i100ms,39,19.5,2,True,True,True,True,4,1412,10,144,5.6938877387438e-05,32466.184902265457,0.0027726950575015508,40.0,0.15162249063519995,0,0,,,0.0,144,4,9.283183305811445,1.0,0.04300673271976089,0.0,0,7.627362283435524e-17,5.6938877387438e-05,,,,
3,adaptive_t0_i100ms,39,19.5,2,True,True,True,False,4,1412,10,144,5.6938877387438e-05,32466.184902265457,0.0027726950575015508,40.0,0.15162249063519995,0,0,,,0.0,145,4,0.3294400586354675,1.0,0.04299972329609023,6.29463581492309,178,0.029876708984375028,0.0,20.82298668324802,12,1516,4
3,adaptive_t0_i100ms,39,19.5,2,True,True,True,False,4,1412,10,144,5.6938877387438e-05,32466.184902265457,0.0027726950575015508,40.0,0.15162249063519995,0,0,,,0.0,147,4,0.6713459955766496,1.0,0.04296395412333756,6.636541751864273,231,0.038772583007812556,0.0,16.444892176488793,28,1916,6
3,adaptive_t0_i100ms,39,19.5,2,True,True,True,False,4,1412,10,144,5.6938877387438e-05,32466.184902265457,0.0027726950575015508,40.0,0.15162249063519995,0,0,,,0.0,242,7,2.5583087191612583,1.0,0.043006326259142795,14.488700231736505,12,0.0020141601562500694,0.0,2.7778916151510202,23,1367,5
3,adaptive_t0_i100ms,40,20.0,2,True,True,True,True,9,1417,2,49,0.00014696573256514967,32966.187152936836,0.0005220236780587584,40.0,0.4609700248145964,0,0,,,0.0,49,1,2.9268454609119154,1.0,0.1663612291121781,6.400882659564338,5,0.0008392333984375555,0.00014696573256514967,12.740348943938443,9,1417,2
3,adaptive_t0_i100ms,40,20.0,2,True,True,True,False,9,1417,2,49,0.00014696573256514967,32966.187152936836,0.0005220236780587584,40.0,0.4609700248145964,0,0,,,0.0,80,2,1.5166658620135087,1.0,0.16631297404766904,2.6746782615643165,347,0.05824279785156254,0.0,11.536629508103942,2,1794,5
3,adaptive_t0_i100ms,40,20.0,2,True,True,True,False,9,1417,2,49,0.00014696573256514967,32966.187152936836,0.0005220236780587584,40.0,0.4609700248145964,0,0,,,0.0,81,2,0.3742339248986827,1.0,0.16626210758998405,1.5322463244494906,401,0.06730651855468757,0.0,4.083382924822217,10,1578,8
3,adaptive_t0_i100ms,40,20.0,2,True,True,True,False,9,1417,2,49,0.00014696573256514967,32966.187152936836,0.0005220236780587584,40.0,0.4609700248145964,0,0,,,0.0,82,2,0.36026576215404593,1.0,0.16629260364851647,1.5182781617048537,211,0.0354156494140626,0.0,11.767437857182813,18,1458,13
3,adaptive_t0_i100ms,40,20.0,2,True,True,True,False,9,1417,2,49,0.00014696573256514967,32966.187152936836,0.0005220236780587584,40.0,0.4609700248145964,0,0,,,0.0,112,3,2.989973500264917,1.0,0.1663318109044112,4.726992099591129,115,0.019302368164062583,0.0,2.312043981793977,3,1507,1
3,adaptive_t0_i100ms,40,20.0,2,True,True,True,False,9,1417,2,49,0.00014696573256514967,32966.187152936836,0.0005220236780587584,40.0,0.4609700248145964,0,0,,,0.0,114,3,1.3992823658779265,1.0,0.16633570244586782,3.1363009652041383,77,0.012924194335937604,0.0,8.516304605313053,19,1427,4
3,adaptive_t0_i100ms,40,20.0,2,True,True,True,False,9,1417,2,49,0.00014696573256514967,32966.187152936836,0.0005220236780587584,40.0,0.4609700248145964,0,0,,,0.0,144,4,0.38984770156845444,1.0,0.16630739847440937,2.126866300894666,255,0.042800903320312576,0.0,10.484014590459992,4,1444,4
3,adaptive_t0_i100ms,40,20.0,2,True,True,True,False,9,1417,2,49,0.00014696573256514967,32966.187152936836,0.0005220236780587584,40.0,0.4609700248145964,0,0,,,0.0,146,4,1.314705276398759,1.0,0.1663605864750996,3.0517238757249707,204,0.03424072265625011,0.0,10.566122598742368,20,1332,0
3,adaptive_t0_i100ms,40,20.0,2,True,True,True,False,9,1417,2,49,0.00014696573256514967,32966.187152936836,0.0005220236780587584,40.0,0.4609700248145964,0,0,,,0.0,177,5,0.36098027734678606,1.0,0.16630809880871633,2.097998876672998,350,0.0587463378906251,0.0,8.722824453710928,13,1101,12
3,adaptive_t0_i100ms,40,20.0,2,True,True,True,False,9,1417,2,49,0.00014696573256514967,32966.187152936836,0.0005220236780587584,40.0,0.4609700248145964,0,0,,,0.0,178,5,1.4595757442083865,1.0,0.1663283861540645,3.1965943435345983,259,0.04347229003906258,0.0,4.986443496512948,21,1493,8
3,adaptive_t0_i100ms,40,20.0,2,True,True,True,False,9,1417,2,49,0.00014696573256514967,32966.187152936836,0.0005220236780587584,40.0,0.4609700248145964,0,0,,,0.0,240,7,1.4351912992391882,1.0,0.1663127963966722,2.593203698789996,246,0.041290283203125056,0.0,3.2965958644344937,7,1447,10
3,adaptive_t0_i100ms,40,20.0,2,True,True,True,False,9,1417,2,49,0.00014696573256514967,32966.187152936836,0.0005220236780587584,40.0,0.4609700248145964,0,0,,,0.0,242,7,4.253117373614072,1.0,0.1663453926517417,5.4111297731648795,243,0.04070281982421882,0.0,1.1115966943762032,23,1431,1
3,adaptive_t0_i100ms,40,20.0,2,True,True,True,False,9,1417,2,49,0.00014696573256514967,32966.187152936836,0.0005220236780587584,40.0,0.4609700248145964,0,0,,,0.0,243,7,0.3750922595888172,1.0,0.1663071327348395,1.533104659139625,33,0.005538940429687542,0.0,18.899197329716117,31,1599,2
3,adaptive_t0_i100ms,41,20.5,2,True,True,True,False,2,1794,13,80,2.0072364713996952e-06,33466.183528974434,0.004145986080402508,40.0,0.3147145316505339,0,0,,,0.0,17,0,2.7097005967927696,1.0,0.014061235483238208,5.935641709279327,276,0.04632568359375007,0.0,5.801681693541468,8,1384,1
3,adaptive_t0_i100ms,41,20.5,2,True,True,True,False,2,1794,13,80,2.0072364713996952e-06,33466.183528974434,0.004145986080402508,40.0,0.3147145316505339,0,0,,,0.0,48,1,0.35834435622512223,1.0,0.01403447786113904,3.5842854687116796,271,0.04548645019531261,0.0,9.515908646120806,1,1345,13
3,adaptive_t0_i100ms,41,20.5,2,True,True,True,True,2,1794,13,80,2.0072364713996952e-06,33466.183528974434,0.004145986080402508,40.0,0.3147145316505339,0,0,,,0.0,80,2,1.410221963334237,1.0,0.014064318537590633,3.023192519577516,302,0.05068969726562504,2.0072364713996952e-06,7.834126517722325,2,1794,13
3,adaptive_t0_i100ms,41,20.5,2,True,True,True,False,2,1794,13,80,2.0072364713996952e-06,33466.183528974434,0.004145986080402508,40.0,0.3147145316505339,0,0,,,0.0,82,2,1.8711137350230616,1.0,0.014029695082599228,3.48408429126634,397,0.0666351318359376,0.0,5.85596912465553,18,1490,1
3,adaptive_t0_i100ms,41,20.5,2,True,True,True,False,2,1794,13,80,2.0072364713996952e-06,33466.183528974434,0.004145986080402508,40.0,0.3147145316505339,0,0,,,0.0,113,3,0.6936429071405805,1.0,0.014044515247528963,3.919584019627138,21,0.0035247802734375555,0.0,10.326476885951706,11,1579,2
3,adaptive_t0_i100ms,41,20.5,2,True,True,True,False,2,1794,13,80,2.0072364713996952e-06,33466.183528974434,0.004145986080402508,40.0,0.3147145316505339,0,0,,,0.0,208,6,9.064304026481897,1.0,0.014063364599984958,10.139617730644083,166,0.02786254882812504,0.0,4.838640287875023,6,2278,4
3,adaptive_t0_i100ms,41,20.5,2,True,True,True,False,2,1794,13,80,2.0072364713996952e-06,33466.183528974434,0.004145986080402508,40.0,0.3147145316505339,0,0,,,0.0,210,6,0.9503927290982253,1.0,0.013994458497761555,2.025706433260411,152,0.025512695312500083,0.0,9.350112138658005,22,1526,3
3,adaptive_t0_i100ms,41,20.5,2,True,True,True,False,2,1794,13,80,2.0072364713996952e-06,33466.183528974434,0.004145986080402508,40.0,0.3147145316505339,0,0,,,0.0,211,6,2.392984595509685,1.0,0.014035663655411059,3.4682982996718708,105,0.017623901367187583,0.0,0.7409304400935071,30,1598,1
3,adaptive_t0_i100ms,41,20.5,2,True,True,True,False,2,1794,13,80,2.0072364713996952e-06,33466.183528974434,0.004145986080402508,40.0,0.3147145316505339,0,0,,,0.0,242,7,1.1936484154750757,1.0,0.014057490107898528,4.419589527961634,185,0.031051635742187576,0.0,0.5430496116823633,23,1463,3
3,adaptive_t0_i100ms,42,21.0,2,True,True,True,False,14,1582,11,209,0.00010881875990889967,33966.18619926252,0.0014756979944650084,40.0,0.0917531058692839,0,0,,,0.0,16,0,0.668159693468669,1.0,0.032749203242263304,9.486542480624205,175,0.029373168945312583,0.0,17.225151127771824,0,1632,7
3,adaptive_t0_i100ms,42,21.0,2,True,True,True,False,14,1582,11,209,0.00010881875990889967,33966.18619926252,0.0014756979944650084,40.0,0.0917531058692839,0,0,,,0.0,80,2,2.5354994766871983,1.0,0.0327546718575078,6.944690870264967,217,0.03642272949218754,0.0,9.070517826497962,2,1826,9
3,adaptive_t0_i100ms,42,21.0,2,True,True,True,False,14,1582,11,209,0.00010881875990889967,33966.18619926252,0.0014756979944650084,40.0,0.0917531058692839,0,0,,,0.0,82,2,0.9395894652063529,1.0,0.032740534204337195,5.348780858784122,46,0.007720947265625097,0.0,18.601934039019397,18,1490,8
3,adaptive_t0_i100ms,42,21.0,2,True,True,True,False,14,1582,11,209,0.00010881875990889967,33966.18619926252,0.0014756979944650084,40.0,0.0917531058692839,0,0,,,0.0,147,4,0.2730009440459735,1.0,0.03274308547151212,9.09138373120151,47,0.007888793945312556,0.0,3.920366921942332,28,1948,5
3,adaptive_t0_i100ms,42,21.0,2,True,True,True,True,14,1582,11,209,0.00010881875990889967,33966.18619926252,0.0014756979944650084,40.0,0.0917531058692839,0,0,,,0.0,209,6,0.3102192719696604,1.0,0.032756486689163165,9.128602059125198,61,0.010238647460937611,0.00010881875990889967,8.430604276640224,14,1582,11
3,adaptive_t0_i100ms,43,21.5,2,True,True,True,False,11,1579,10,113,0.0001317069435026497,34466.18677146711,0.0009034934046212584,40.0,0.535142998447409,0,0,,,0.0,17,0,2.513220185721653,1.0,0.03747838886870817,5.4099885407147195,203,0.03407287597656258,0.0,4.237979959165386,8,1448,7
3,adaptive_t0_i100ms,43,21.5,2,True,True,True,False,11,1579,10,113,0.0001317069435026497,34466.18677146711,0.0009034934046212584,40.0,0.535142998447409,0,0,,,0.0,49,1,5.642335088472137,1.0,0.037479862819384695,6.6079245401364926,27,0.0045318603515625555,0.0,12.441506390154245,9,1481,4
3,adaptive_t0_i100ms,43,21.5,2,True,True,True,False,11,1579,10,113,0.0001317069435026497,34466.18677146711,0.0009034934046212584,40.0,0.535142998447409,0,0,,,0.0,50,1,0.35193657624309777,1.0,0.03743389289844677,1.3175260279074532,103,0.0172882080078125,0.0,17.770426626979315,17,1809,3
3,adaptive_t0_i100ms,43,21.5,2,True,True,True,False,11,1579,10,113,0.0001317069435026497,34466.18677146711,0.0009034934046212584,40.0,0.535142998447409,0,0,,,0.0,51,1,0.7171652776241308,1.0,0.03739339929881604,1.6827547292884861,301,0.05052185058593757,0.0,20.622601017188572,25,1433,4
3,adaptive_t0_i100ms,43,21.5,2,True,True,True,True,11,1579,10,113,0.0001317069435026497,34466.18677146711,0.0009034934046212584,40.0,0.535142998447409,0,0,,,0.0,113,3,0.7131810260817747,1.0,0.03748957680878194,1.67877047774613,91,0.015274047851562556,0.0001317069435026497,30.828521648640162,11,1579,10
3,adaptive_t0_i100ms,43,21.5,2,True,True,True,False,11,1579,10,113,0.0001317069435026497,34466.18677146711,0.0009034934046212584,40.0,0.535142998447409,0,0,,,0.0,114,3,0.7031601683450459,1.0,0.037485411811156354,1.6687496200094012,188,0.03155517578125011,0.0,19.547420981696632,19,1555,3
3,adaptive_t0_i100ms,43,21.5,2,True,True,True,False,11,1579,10,113,0.0001317069435026497,34466.18677146711,0.0009034934046212584,40.0,0.535142998447409,0,0,,,0.0,115,3,0.7050670406756584,1.0,0.03748315272143046,1.6706564923400138,250,0.04196166992187503,0.0,1.9044594749939279,27,1147,7
3,adaptive_t0_i100ms,43,21.5,2,True,True,True,False,11,1579,10,113,0.0001317069435026497,34466.18677146711,0.0009034934046212584,40.0,0.535142998447409,0,0,,,0.0,145,4,0.3441037622730712,1.0,0.03745285346813928,3.2408721172661377,422,0.07083129882812503,0.0,5.212821816734504,12,1516,14
3,adaptive_t0_i100ms,43,21.5,2,True,True,True,False,11,1579,10,113,0.0001317069435026497,34466.18677146711,0.0009034934046212584,40.0,0.535142998447409,0,0,,,0.0,176,5,0.7468330169378005,1.0,0.03746450926712856,1.7124224686021559,347,0.05824279785156265,0.0,18.944393928955833,5,1765,2
3,adaptive_t0_i100ms,43,21.5,2,True,True,True,False,11,1579,10,113,0.0001317069435026497,34466.18677146711,0.0009034934046212584,40.0,0.535142998447409,0,0,,,0.0,178,5,0.7099444423436887,1.0,0.03739509127729184,1.6755338940080442,189,0.0317230224609376,0.0,17.099639908214158,21,1557,11
3,adaptive_t0_i100ms,43,21.5,2,True,True,True,False,11,1579,10,113,0.0001317069435026497,34466.18677146711,0.0009034934046212584,40.0,0.535142998447409,0,0,,,0.0,179,5,0.34434970996871656,1.0,0.037440477697203205,1.309939161633072,371,0.06227111816406257,0.0,12.94275758342701,29,1021,15
3,adaptive_t0_i100ms,43,21.5,2,True,True,True,False,11,1579,10,113,0.0001317069435026497,34466.18677146711,0.0009034934046212584,40.0,0.535142998447409,0,0,,,0.0,208,6,0.35792319047680904,1.0,0.03740508023709122,1.8063073679733421,59,0.009902954101562542,0.0,23.63868567461759,6,2310,5
3,adaptive_t0_i100ms,43,21.5,2,True,True,True,False,11,1579,10,113,0.0001317069435026497,34466.18677146711,0.0009034934046212584,40.0,0.535142998447409,0,0,,,0.0,210,6,2.9216947594549634,1.0,0.037454208408935194,4.370078936951496,325,0.05446624755859385,0.0,6.556172256809077,22,1558,10
3,adaptive_t0_i100ms,43,21.5,2,True,True,True,False,11,1579,10,113,0.0001317069435026497,34466.18677146711,0.0009034934046212584,40.0,0.535142998447409,0,0,,,0.0,242,7,2.951707270429991,1.0,0.0374734556553753,5.848475625423058,312,0.05236816406250008,0.0,7.186178141113487,23,1559,9
3,adaptive_t0_i100ms,44,22.0,2,True,True,True,False,7,1575,5,240,0.00015459512709639967,34966.1873436717,0.0003312888147775084,40.0,0.039430718173971396,0,0,,,0.0,209,6,0.3425307833262118,1.0,0.07683960034916594,17.39605836779692,131,0.02198791503906261,0.0,3.2301204628529376,14,1614,2
3,adaptive_t0_i100ms,44,22.0,2,True,True,True,True,7,1575,5,240,0.00015459512709639967,34966.1873436717,0.0003312888147775084,40.0,0.039430718173971396,0,0,,,0.0,240,7,5.550414047732377,1.0,0.07684191669278435,22.603941632203085,103,0.01728820800781257,0.00015459512709639967,0.1753645531643997,7,1575,5
3,adaptive_t0_i100ms,45,22.5,2,True,True,True,False,31,1631,6,243,9.35599708463997e-05,35466.18581779279,0.0018571677210275084,40.0,0.11431322549819016,0,0,,,0.0,48,1,0.3364947252583724,1.0,0.060018648108952494,3.0149544597029188,75,0.012588500976562611,0.0,16.738781059306348,1,1377,10
3,adaptive_t0_i100ms,45,22.5,2,True,True,True,False,31,1631,6,243,9.35599708463997e-05,35466.18581779279,0.0018571677210275084,40.0,0.11431322549819016,0,0,,,0.0,49,1,0.6682560569552515,1.0,0.06004213961939907,3.346715791399798,187,0.03138732910156256,0.0,4.242060915916227,9,1545,9
3,adaptive_t0_i100ms,45,22.5,2,True,True,True,False,31,1631,6,243,9.35599708463997e-05,35466.18581779279,0.0018571677210275084,40.0,0.11431322549819016,0,0,,,0.0,51,1,0.6747062513172337,1.0,0.06004064019500883,3.35316598576178,27,0.004531860351562569,0.0,20.577024029465974,25,1433,13
3,adaptive_t0_i100ms,45,22.5,2,True,True,True,False,31,1631,6,243,9.35599708463997e-05,35466.18581779279,0.0018571677210275084,40.0,0.11431322549819016,0,0,,,0.0,145,4,1.2758452880833862,1.0,0.060045504917807066,5.293534889750205,198,0.033233642578125035,0.0,0.5635377953367424,12,1612,15
3,adaptive_t0_i100ms,45,22.5,2,True,True,True,False,31,1631,6,243,9.35599708463997e-05,35466.18581779279,0.0018571677210275084,40.0,0.11431322549819016,0,0,,,0.0,147,4,1.299263330426322,1.0,0.06004560312165342,5.316952932093141,96,0.01611328125000007,0.0,10.039571709516167,28,1980,10
3,adaptive_t0_i100ms,45,22.5,2,True,True,True,True,31,1631,6,243,9.35599708463997e-05,35466.18581779279,0.0018571677210275084,40.0,0.11431322549819016,0,0,,,0.0,243,7,11.63929673795852,1.0,0.06005550357057016,19.674675941292158,98,0.016365051269531295,9.35599708463997e-05,0.40017961683042813,31,1631,6
3,adaptive_t0_i100ms,46,23.0,2,True,True,True,False,3,1699,8,112,8.030077151488502e-06,35966.18367954545,0.003995415063400287,40.0,0.352318210741214,0,0,,,0.0,16,0,2.6501510240677337,1.0,0.26197408557308005,3.8786151798709376,501,0.08409118652343758,0.0,1.2697178124872153,0,1728,11
3,adaptive_t0_i100ms,46,23.0,2,True,True,True,False,3,1699,8,112,8.030077151488502e-06,35966.18367954545,0.003995415063400287,40.0,0.352318210741214,0,0,,,0.0,18,0,2.4151497792363132,1.0,0.26194789544273517,3.643613935039517,6,0.0010070800781250833,0.0,7.722088150389027,16,1648,7
3,adaptive_t0_i100ms,46,23.0,2,True,True,True,False,3,1699,8,112,8.030077151488502e-06,35966.18367954545,0.003995415063400287,40.0,0.352318210741214,0,0,,,0.0,50,1,2.729854814265259,1.0,0.2619591388605231,3.958318970068463,186,0.031219482421875,0.0,13.872215300347307,17,1905,5
3,adaptive_t0_i100ms,46,23.0,2,True,True,True,False,3,1699,8,112,8.030077151488502e-06,35966.18367954545,0.003995415063400287,40.0,0.352318210741214,0,0,,,0.0,51,1,5.535691124487368,1.0,0.26197510370731597,6.764155280290572,56,0.00939941406250007,0.0,10.246715520392172,25,1465,10
3,adaptive_t0_i100ms,46,23.0,2,True,True,True,False,3,1699,8,112,8.030077151488502e-06,35966.18367954545,0.003995415063400287,40.0,0.352318210741214,0,0,,,0.0,80,2,0.6791314264726994,1.0,0.2619477532075139,1.9075955822759032,59,0.00990295410156257,0.0,20.970637516969873,2,1986,4
3,adaptive_t0_i100ms,46,23.0,2,True,True,True,False,3,1699,8,112,8.030077151488502e-06,35966.18367954545,0.003995415063400287,40.0,0.352318210741214,0,0,,,0.0,82,2,2.5583763231671974,1.0,0.2619507158186686,3.786840478970401,266,0.0446472167968751,0.0,5.336680630483897,18,1586,7
3,adaptive_t0_i100ms,46,23.0,2,True,True,True,True,3,1699,8,112,8.030077151488502e-06,35966.18367954545,0.003995415063400287,40.0,0.352318210741214,0,0,,,0.0,112,3,4.738347872293516,1.0,0.26197755785764304,5.557323976162318,9,0.0015106201171875902,8.030077151488502e-06,9.648786637866579,3,1699,8
3,adaptive_t0_i100ms,46,23.0,2,True,True,True,False,3,1699,8,112,8.030077151488502e-06,35966.18367954545,0.003995415063400287,40.0,0.352318210741214,0,0,,,0.0,114,3,0.5925357986786114,1.0,0.26187208901700776,1.4115119025474139,341,0.05723571777343761,0.0,15.647555264462426,19,1587,6
3,adaptive_t0_i100ms,46,23.0,2,True,True,True,False,3,1699,8,112,8.030077151488502e-06,35966.18367954545,0.003995415063400287,40.0,0.352318210741214,0,0,,,0.0,115,3,0.6538153760230011,1.0,0.2619606034725849,1.4727914798918036,283,0.04750061035156253,0.0,24.534877091740782,27,1211,2
3,adaptive_t0_i100ms,46,23.0,2,True,True,True,False,3,1699,8,112,8.030077151488502e-06,35966.18367954545,0.003995415063400287,40.0,0.352318210741214,0,0,,,0.0,144,4,0.6830038140037348,1.0,0.26191046840664667,1.9114679698069383,158,0.026519775390625083,0.0,28.94126055153174,4,1508,11
3,adaptive_t0_i100ms,46,23.0,2,True,True,True,False,3,1699,8,112,8.030077151488502e-06,35966.18367954545,0.003995415063400287,40.0,0.352318210741214,0,0,,,0.0,147,4,1.3177015757814419,1.0,0.26196886228653427,2.5461657315846455,84,0.01409912109375007,0.0,26.821580888885364,28,2012,2
3,adaptive_t0_i100ms,46,23.0,2,True,True,True,False,3,1699,8,112,8.030077151488502e-06,35966.18367954545,0.003995415063400287,40.0,0.352318210741214,0,0,,,0.0,176,5,0.704671201884682,1.0,0.26194465975569137,3.1615995134910895,150,0.025177001953125153,0.0,23.943304582884593,5,1797,0
3,adaptive_t0_i100ms,47,23.5,2,True,True,True,True,15,1647,9,241,5.541299819014967e-05,36466.18486411848,0.0028108420374337584,40.0,0.01046190713881515,0,0,,,0.0,241,7,2.004302770571266,1.0,0.008942436152912589,40.0,62,0.010406494140625125,5.541299819014967e-05,1.5884541916457238,15,1647,9
3,adaptive_t0_i100ms,48,24.0,2,True,True,True,False,14,1646,3,209,9.508584975264966e-05,36966.185855939766,0.0018190207483712584,40.0,0.18019457315444015,0,0,,,0.0,16,0,5.565818864662135,1.0,0.03270273175586121,11.301384638763544,21,0.0035247802734375833,0.0,4.4450683280447265,0,1792,12
3,adaptive_t0_i100ms,48,24.0,2,True,True,True,False,14,1646,3,209,9.508584975264966e-05,36966.185855939766,0.0018190207483712584,40.0,0.18019457315444015,0,0,,,0.0,112,3,2.8402187133227796,1.0,0.032698149158888586,8.575784487424187,465,0.07804870605468758,0.0,0.7818141993120662,3,1795,0
3,adaptive_t0_i100ms,48,24.0,2,True,True,True,False,14,1646,3,209,9.508584975264966e-05,36966.185855939766,0.0018190207483712584,40.0,0.18019457315444015,0,0,,,0.0,176,5,0.51161122892483,1.0,0.03269338805801703,3.379394115975534,137,0.022994995117187653,0.0,1.4485571832992719,5,1861,3
3,adaptive_t0_i100ms,48,24.0,2,True,True,True,False,14,1646,3,209,9.508584975264966e-05,36966.185855939766,0.0018190207483712584,40.0,0.18019457315444015,0,0,,,0.0,177,5,5.234053319222682,1.0,0.03269365502789315,8.101836206273386,412,0.06915283203125011,0.0,0.24201632308540866,13,1261,4
3,adaptive_t0_i100ms,48,24.0,2,True,True,True,True,14,1646,3,209,9.508584975264966e-05,36966.185855939766,0.0018190207483712584,40.0,0.18019457315444015,0,0,,,0.0,209,6,2.9060347774619397,1.0,0.03271207679910781,8.641600551563348,38,0.006378173828125111,9.508584975264966e-05,6.292481804579438,14,1646,3
3,adaptive_t0_i100ms,49,24.5,2,True,True,True,False,28,2108,2,147,1.7266025533899695e-05,37466.18391044416,0.0037645163538400084,40.0,0.3373051688575652,0,0,,,0.0,48,1,0.7018777272469134,1.0,0.06114484236969857,3.6493052639647385,414,0.06940460205078136,0.0,6.783239712553041,1,1409,9
3,adaptive_t0_i100ms,49,24.5,2,True,True,True,False,28,2108,2,147,1.7266025533899695e-05,37466.18391044416,0.0037645163538400084,40.0,0.3373051688575652,0,0,,,0.0,82,2,0.6536805437346478,1.0,0.06108186469466117,2.1273943120935606,102,0.01712036132812511,0.0,13.032786369061796,18,1618,15
3,adaptive_t0_i100ms,49,24.5,2,True,True,True,False,28,2108,2,147,1.7266025533899695e-05,37466.18391044416,0.0037645163538400084,40.0,0.3373051688575652,0,0,,,0.0,83,2,2.554951941081772,1.0,0.061128093824021,4.028665709440684,290,0.048675537109375056,0.0,4.640794546598045,26,1914,7
3,adaptive_t0_i100ms,49,24.5,2,True,True,True,False,28,2108,2,147,1.7266025533899695e-05,37466.18391044416,0.0037645163538400084,40.0,0.3373051688575652,0,0,,,0.0,114,3,0.3090013919554679,1.0,0.061141311981568226,1.7827151603143805,43,0.007217407226562611,0.0,12.607485001593886,19,1651,3
3,adaptive_t0_i100ms,49,24.5,2,True,True,True,False,28,2108,2,147,1.7266025533899695e-05,37466.18391044416,0.0037645163538400084,40.0,0.3373051688575652,0,0,,,0.0,115,3,0.7743580947226185,1.0,0.061100336642609276,2.248071863081531,258,0.04330444335937503,0.0,4.350854739044735,27,1243,0
3,adaptive_t0_i100ms,49,24.5,2,True,True,True,False,28,2108,2,147,1.7266025533899695e-05,37466.18391044416,0.0037645163538400084,40.0,0.3373051688575652,0,0,,,0.0,144,4,0.7012162025275478,1.0,0.06107089801631886,1.683692048100156,30,0.005035400390625083,0.0,36.7909048521542,4,1540,7
3,adaptive_t0_i100ms,49,24.5,2,True,True,True,False,28,2108,2,147,1.7266025533899695e-05,37466.18391044416,0.0037645163538400084,40.0,0.3373051688575652,0,0,,,0.0,146,4,0.6856307554189404,1.0,0.0610640912306025,1.6681066009915488,269,0.045150756835937625,0.0,22.534112272245693,20,1492,0
3,adaptive_t0_i100ms,49,24.5,2,True,True,True,True,28,2108,2,147,1.7266025533899695e-05,37466.18391044416,0.0037645163538400084,40.0,0.3373051688575652,0,0,,,0.0,147,4,1.361363510418523,1.0,0.06116053909721524,2.3438393559911317,269,0.04515075683593758,1.7266025533899695e-05,11.24434989362635,28,2108,2
3,adaptive_t0_i100ms,49,24.5,2,True,True,True,False,28,2108,2,147,1.7266025533899695e-05,37466.18391044416,0.0037645163538400084,40.0,0.3373051688575652,0,0,,,0.0,177,5,0.6299503246626887,1.0,0.06112655483920558,3.577377861380514,58,0.009735107421875111,0.0,12.466326822526753,13,1293,7
3,adaptive_t0_i100ms,49,24.5,2,True,True,True,False,28,2108,2,147,1.7266025533899695e-05,37466.18391044416,0.0037645163538400084,40.0,0.3373051688575652,0,0,,,0.0,209,6,13.94340428792393,1.0,0.061152070616186785,16.890831824641754,277,0.04649353027343761,0.0,2.2716532493650448,14,1742,7
3,adaptive_t0_i100ms,50,25.0,2,True,True,True,True,12,1708,15,145,4.015420912764967e-05,37966.18448264875,0.0031923117639962584,40.0,0.032098870029440146,0,0,,,0.0,145,4,0.5270442793551203,1.0,0.1801891236719875,13.351556105103262,39,0.006546020507812535,4.015420912764967e-05,0.8972548001329415,12,1708,15
3,adaptive_t0_i100ms,50,25.0,2,True,True,True,False,12,1708,15,145,4.015420912764967e-05,37966.18448264875,0.0031923117639962584,40.0,0.032098870029440146,0,0,,,0.0,176,5,0.31241184282042406,1.0,0.18018348159345238,13.136923668568565,86,0.014434814453125153,0.0,0.025671230236184783,5,1861,14
3,adaptive_t0_i100ms,50,25.0,2,True,True,True,False,12,1708,15,145,4.015420912764967e-05,37966.18448264875,0.0031923117639962584,40.0,0.032098870029440146,0,0,,,0.0,241,7,0.68700840058003,1.0,0.18018277314437303,13.511520226328171,66,0.011077880859375125,0.0,3.1790236490851385,15,1679,11
3,adaptive_t0_i100ms,51,25.5,2,True,True,True,False,13,1357,7,177,0.0001469657325651497,38466.187152936836,0.0005220236780587584,40.0,0.4999943778419402,0,0,,,0.0,50,1,0.7016670555759734,1.0,0.13366896089392166,3.4442534178130844,421,0.0706634521484375,0.0,4.673525222700846,17,1969,13
3,adaptive_t0_i100ms,51,25.5,2,True,True,True,False,13,1357,7,177,0.0001469657325651497,38466.187152936836,0.0005220236780587584,40.0,0.4999943778419402,0,0,,,0.0,80,2,0.7122087912325111,1.0,0.1336738277553883,1.6264042453115481,376,0.06311035156250008,0.0,2.8071500756632304,2,2050,15
3,adaptive_t0_i100ms,51,25.5,2,True,True,True,False,13,1357,7,177,0.0001469657325651497,38466.187152936836,0.0005220236780587584,40.0,0.4999943778419402,0,0,,,0.0,81,2,1.7757918688869812,1.0,0.13367270611849008,2.6899873229660183,38,0.006378173828125069,0.0,23.6330788389605,10,1770,3
3,adaptive_t0_i100ms,51,25.5,2,True,True,True,False,13,1357,7,177,0.0001469657325651497,38466.187152936836,0.0005220236780587584,40.0,0.4999943778419402,0,0,,,0.0,82,2,11.267264559402527,1.0,0.13368778083332764,12.181460013481564,169,0.02836608886718761,0.0,2.344033377543383,18,1778,8
3,adaptive_t0_i100ms,51,25.5,2,True,True,True,False,13,1357,7,177,0.0001469657325651497,38466.187152936836,0.0005220236780587584,40.0,0.4999943778419402,0,0,,,0.0,112,3,1.3910245614809411,1.0,0.13366773132600115,2.305220015559978,373,0.0626068115234376,0.0,3.1173626001909724,3,1859,0
3,adaptive_t0_i100ms,51,25.5,2,True,True,True,False,13,1357,7,177,0.0001469657325651497,38466.187152936836,0.0005220236780587584,40.0,0.4999943778419402,0,0,,,0.0,113,3,0.7278594036415943,1.0,0.133672660319547,1.6420548577206313,501,0.08409118652343757,0.0,5.465712282952154,11,1707,2
3,adaptive_t0_i100ms,51,25.5,2,True,True,True,False,13,1357,7,177,0.0001469657325651497,38466.187152936836,0.0005220236780587584,40.0,0.4999943778419402,0,0,,,0.0,115,3,0.8795433504919362,1.0,0.1336572315908019,1.7937388045709732,309,0.05186462402343753,0.0,9.612090775102843,27,1275,8
3,adaptive_t0_i100ms,51,25.5,2,True,True,True,False,13,1357,7,177,0.0001469657325651497,38466.187152936836,0.0005220236780587584,40.0,0.4999943778419402,0,0,,,0.0,145,4,0.6543198993343019,1.0,0.13368026983225298,3.396906261571413,24,0.004028320312500042,0.0,32.45597980220191,12,1740,5
3,adaptive_t0_i100ms,51,25.5,2,True,True,True,False,13,1357,7,177,0.0001469657325651497,38466.187152936836,0.0005220236780587584,40.0,0.4999943778419402,0,0,,,0.0,176,5,1.6079998840376788,1.0,0.13365774229646907,2.9792930651562344,207,0.03474426269531265,0.0,5.569393460376887,5,1893,6
3,adaptive_t0_i100ms,51,25.5,2,True,True,True,True,13,1357,7,177,0.0001469657325651497,38466.187152936836,0.0005220236780587584,40.0,0.4999943778419402,0,0,,,0.0,177,5,2.5469281836256625,1.0,0.13370051934425792,3.918221364744218,207,0.034744262695312625,0.0001469657325651497,0.304142214175954,13,1357,7
3,adaptive_t0_i100ms,51,25.5,2,True,True,True,False,13,1357,7,177,0.0001469657325651497,38466.187152936836,0.0005220236780587584,40.0,0.4999943778419402,0,0,,,0.0,241,7,0.5771373124629156,1.0,0.1336595603621636,1.9484304935814711,34,0.005706787109375127,0.0,4.595009548524104,15,1711,6
3,adaptive_t0_i100ms,51,25.5,2,True,True,True,False,13,1357,7,177,0.0001469657325651497,38466.187152936836,0.0005220236780587584,40.0,0.4999943778419402,0,0,,,0.0,243,7,0.7027369564043079,1.0,0.13368232134957117,2.0740301375228634,319,0.05354309082031257,0.0,8.397917678907106,31,1791,4
3,adaptive_t0_i100ms,52,26.0,2,True,True,False,False,,,,,,,,,0.0,0,0,,,0.0,,,,,,,,,,,,,
3,adaptive_t0_i100ms,53,26.5,2,True,True,True,False,16,1776,8,18,0.00010881875990889967,39466.18619926252,0.0014756979944650084,40.0,0.18985949014662765,0,0,,,0.0,16,0,0.19796019439773407,1.0,0.009264222725017923,4.4086436009457435,216,0.03617095947265634,0.0,7.703503799588361,0,2016,6
3,adaptive_t0_i100ms,53,26.5,2,True,True,True,True,16,1776,8,18,0.00010881875990889967,39466.18619926252,0.0014756979944650084,40.0,0.18985949014662765,0,0,,,0.0,18,0,1.202142895415633,1.0,0.00929735435606222,5.4128263019636425,95,0.015945434570312597,0.00010881875990889967,9.076215909903112,16,1776,8
3,adaptive_t0_i100ms,53,26.5,2,True,True,True,False,16,1776,8,18,0.00010881875990889967,39466.18619926252,0.0014756979944650084,40.0,0.18985949014662765,0,0,,,0.0,49,1,0.6641025731323243,1.0,0.009287175848738387,9.085469386228342,193,0.03239440917968757,0.0,5.775519726565108,9,1673,12
3,adaptive_t0_i100ms,53,26.5,2,True,True,True,False,16,1776,8,18,0.00010881875990889967,39466.18619926252,0.0014756979944650084,40.0,0.18985949014662765,0,0,,,0.0,112,3,0.11621890535533035,1.0,0.00928744776219953,8.537585718451348,263,0.0441436767578126,0.0,6.792597233274137,3,1891,2
3,adaptive_t0_i100ms,53,26.5,2,True,True,True,False,16,1776,8,18,0.00010881875990889967,39466.18619926252,0.0014756979944650084,40.0,0.18985949014662765,0,0,,,0.0,241,7,1.1691330613108968,1.0,0.00927471370183204,5.379816467858905,219,0.036758422851562625,0.0,7.28386027005763,15,1871,3
3,adaptive_t0_i100ms,53,26.5,2,True,True,True,False,16,1776,8,18,0.00010881875990889967,39466.18619926252,0.0014756979944650084,40.0,0.18985949014662765,0,0,,,0.0,242,7,2.9649751180040127,1.0,0.009275156118988824,7.175658524552022,145,0.024337768554687597,0.0,5.202869107728475,23,1879,0
3,adaptive_t0_i100ms,54,27.0,2,True,True,True,False,30,1854,5,211,0.00013170694350264967,39966.18677146711,0.0009034934046212584,40.0,0.21833239053725265,0,0,,,0.0,18,0,1.05391838649921,1.0,0.08318857852471692,1.9483929186824893,33,0.005538940429687604,0.0,15.594992400539923,16,1808,1
3,adaptive_t0_i100ms,54,27.0,2,True,True,True,False,30,1854,5,211,0.00013170694350264967,39966.18677146711,0.0009034934046212584,40.0,0.21833239053725265,0,0,,,0.0,19,0,0.22462536718032972,1.0,0.08310884860461297,1.119099899363609,35,0.005874633789062583,0.0,32.467601409465715,24,1496,8
3,adaptive_t0_i100ms,54,27.0,2,True,True,True,False,30,1854,5,211,0.00013170694350264967,39966.18677146711,0.0009034934046212584,40.0,0.21833239053725265,0,0,,,0.0,49,1,0.6641025731323243,1.0,0.08315476211949759,2.453051637498883,15,0.0025177001953125833,0.0,25.585563235705195,9,1705,0
3,adaptive_t0_i100ms,54,27.0,2,True,True,True,False,30,1854,5,211,0.00013170694350264967,39966.18677146711,0.0009034934046212584,40.0,0.21833239053725265,0,0,,,0.0,81,2,0.2228113667990181,1.0,0.08315003580363353,2.0117604311655763,340,0.05706787109375007,0.0,17.254466971520742,10,1770,13
3,adaptive_t0_i100ms,54,27.0,2,True,True,True,False,30,1854,5,211,0.00013170694350264967,39966.18677146711,0.0009034934046212584,40.0,0.21833239053725265,0,0,,,0.0,113,3,1.5093425010477945,1.0,0.08316019982770548,2.403817033231074,5,0.0008392333984375694,0.0,8.67644617008773,11,1739,9
3,adaptive_t0_i100ms,54,27.0,2,True,True,True,False,30,1854,5,211,0.00013170694350264967,39966.18677146711,0.0009034934046212584,40.0,0.21833239053725265,0,0,,,0.0,114,3,1.0264777832631262,1.0,0.08318079952181137,1.9209523154464054,267,0.04481506347656261,0.0,13.86159062016668,19,1715,12
3,adaptive_t0_i100ms,54,27.0,2,True,True,True,False,30,1854,5,211,0.00013170694350264967,39966.18677146711,0.0009034934046212584,40.0,0.21833239053725265,0,0,,,0.0,176,5,0.5671052227661132,1.0,0.08311603881859472,1.1634215775549661,39,0.006546020507812653,0.0,28.661583627595974,5,1925,7
3,adaptive_t0_i100ms,54,27.0,2,True,True,True,False,30,1854,5,211,0.00013170694350264967,39966.18677146711,0.0009034934046212584,40.0,0.21833239053725265,0,0,,,0.0,177,5,5.517691146758242,1.0,0.08319594859652764,6.1140075015470945,206,0.034576416015625125,0.0,5.0305578893530765,13,1485,15
3,adaptive_t0_i100ms,54,27.0,2,True,True,True,False,30,1854,5,211,0.00013170694350264967,39966.18677146711,0.0009034934046212584,40.0,0.21833239053725265,0,0,,,0.0,179,5,0.6063008611816405,1.0,0.08315030289720682,1.2026172159704933,26,0.004364013671875083,0.0,37.32630624819285,29,1277,0
3,adaptive_t0_i100ms,54,27.0,2,True,True,True,False,30,1854,5,211,0.00013170694350264967,39966.18677146711,0.0009034934046212584,40.0,0.21833239053725265,0,0,,,0.0,209,6,8.984973283470891,1.0,0.08319631254072686,9.581289638259744,28,0.004699707031250125,0.0,2.5898963656654814,14,1838,6
3,adaptive_t0_i100ms,54,27.0,2,True,True,True,False,30,1854,5,211,0.00013170694350264967,39966.18677146711,0.0009034934046212584,40.0,0.21833239053725265,0,0,,,0.0,210,6,1.5915289881732828,1.0,0.08314668217534005,2.1878453429621354,85,0.014266967773437632,0.0,9.761453421109763,22,2102,6
3,adaptive_t0_i100ms,54,27.0,2,True,True,True,True,30,1854,5,211,0.00013170694350264967,39966.18677146711,0.0009034934046212584,40.0,0.21833239053725265,0,0,,,0.0,211,6,2.886486172079411,1.0,0.08320671567822518,3.4828025268682636,118,0.019805908203125097,0.00013170694350264967,6.815140359707584,30,1854,5
3,adaptive_t0_i100ms,54,27.0,2,True,True,True,False,30,1854,5,211,0.00013170694350264967,39966.18677146711,0.0009034934046212584,40.0,0.21833239053725265,0,0,,,0.0,242,7,2.6219928970827064,1.0,0.08318564648244976,4.410941961449264,103,0.017288208007812597,0.0,8.141409964722698,23,1943,1
3,adaptive_t0_i100ms,55,27.5,2,True,True,True,False,18,1810,14,82,0.00015459512709639967,40466.1873436717,0.0003312888147775084,40.0,0.2975789115333464,0,0,,,0.0,49,1,1.8679832471227056,1.0,0.5780699122491376,6.55296791019758,234,0.03927612304687508,0.0,5.153166861695354,9,1705,10
3,adaptive_t0_i100ms,55,27.5,2,True,True,True,False,18,1810,14,82,0.00015459512709639967,40466.1873436717,0.0003312888147775084,40.0,0.2975789115333464,0,0,,,0.0,80,2,0.18238721459031476,1.0,0.5780268247317196,2.5248795461277522,126,0.02114868164062511,0.0,24.32139207047294,2,2210,11
3,adaptive_t0_i100ms,55,27.5,2,True,True,True,True,18,1810,14,82,0.00015459512709639967,40466.1873436717,0.0003312888147775084,40.0,0.2975789115333464,0,0,,,0.0,82,2,0.5814332820648194,1.0,0.5780791070524705,2.9239256136022567,124,0.02081298828125011,0.00015459512709639967,20.618221991077007,18,1810,14
3,adaptive_t0_i100ms,55,27.5,2,True,True,True,False,18,1810,14,82,0.00015459512709639967,40466.1873436717,0.0003312888147775084,40.0,0.2975789115333464,0,0,,,0.0,177,5,0.17639261491495234,1.0,0.5780608692172361,4.861377277989828,313,0.052536010742187625,0.0,6.519199600938009,13,1517,3
3,adaptive_t0_i100ms,55,27.5,2,True,True,True,False,18,1810,14,82,0.00015459512709639967,40466.1873436717,0.0003312888147775084,40.0,0.2975789115333464,0,0,,,0.0,208,6,9.229692052134787,1.0,0.5780682838886153,10.791353606493079,182,0.03054809570312504,0.0,1.6101325835406897,6,2502,14
3,adaptive_t0_i100ms,55,27.5,2,True,True,True,False,18,1810,14,82,0.00015459512709639967,40466.1873436717,0.0003312888147775084,40.0,0.2975789115333464,0,0,,,0.0,209,6,1.7989710391397948,1.0,0.5780785162204575,3.3606325934980865,385,0.06462097167968762,0.0,5.068370352186321,14,1870,9
3,adaptive_t0_i100ms,55,27.5,2,True,True,True,False,18,1810,14,82,0.00015459512709639967,40466.1873436717,0.0003312888147775084,40.0,0.2975789115333464,0,0,,,0.0,210,6,1.5815275275936527,1.0,0.578064463502524,3.1431890819519444,163,0.027359008789062632,0.0,4.328352627402637,22,2166,1
3,adaptive_t0_i100ms,55,27.5,2,True,True,True,False,18,1810,14,82,0.00015459512709639967,40466.1873436717,0.0003312888147775084,40.0,0.2975789115333464,0,0,,,0.0,243,7,1.1566897070645994,1.0,0.5780596315057085,5.841674370139474,245,0.04112243652343757,0.0,1.9473374415829312,31,1919,12
3,adaptive_t0_i100ms,56,28.0,2,True,True,True,False,18,1842,5,82,9.636631002649668e-06,40966.1837197093,0.003955251217121258,40.0,0.17356310342787765,0,0,,,0.0,17,0,1.382308511071826,1.0,0.010198868646417834,6.188508853107355,135,0.022659301757812597,0.0,0.8272943994088564,8,1864,13
3,adaptive_t0_i100ms,56,28.0,2,True,True,True,True,18,1842,5,82,9.636631002649668e-06,40966.1837197093,0.003955251217121258,40.0,0.17356310342787765,0,0,,,0.0,82,2,2.782949411997974,1.0,0.010205572471715186,7.589149754033503,384,0.06445312500000011,9.636631002649668e-06,1.5646082913590362,18,1842,5
3,adaptive_t0_i100ms,56,28.0,2,True,True,True,False,18,1842,5,82,9.636631002649668e-06,40966.1837197093,0.003955251217121258,40.0,0.17356310342787765,0,0,,,0.0,113,3,1.447837209257251,1.0,0.010203432986836304,6.254037551292781,170,0.028533935546875076,0.0,1.0880529200076126,11,1899,9
3,adaptive_t0_i100ms,56,28.0,2,True,True,True,False,18,1842,5,82,9.636631002649668e-06,40966.1837197093,0.003955251217121258,40.0,0.17356310342787765,0,0,,,0.0,144,4,0.1658369250377859,1.0,0.01018661299178487,4.972037267073315,161,0.027023315429687583,0.0,4.013335318726604,4,1636,15
3,adaptive_t0_i100ms,56,28.0,2,True,True,True,False,18,1842,5,82,9.636631002649668e-06,40966.1837197093,0.003955251217121258,40.0,0.17356310342787765,0,0,,,0.0,178,5,0.17745891978436928,1.0,0.01017651045178491,2.580559090802134,19,0.003189086914062611,0.0,9.014502678350254,21,1685,10
3,adaptive_t0_i100ms,56,28.0,2,True,True,True,False,18,1842,5,82,9.636631002649668e-06,40966.1837197093,0.003955251217121258,40.0,0.17356310342787765,0,0,,,0.0,179,5,10.012607312673145,1.0,0.0102015250892015,12.415707483690909,165,0.027694702148437583,0.0,3.19866359065054,29,1277,13
3,adaptive_t0_i100ms,57,28.5,2,True,True,True,False,15,1935,15,241,3.252481459639967e-05,41466.18429191389,0.0033830466272775084,40.0,0.15243730997084642,0,0,,,0.0,17,0,0.31997896135296444,1.0,0.11508958649888967,2.636581854035269,11,0.0018463134765625971,0.0,30.060089895276178,8,1928,2
3,adaptive_t0_i100ms,57,28.5,2,True,True,True,False,15,1935,15,241,3.252481459639967e-05,41466.18429191389,0.0033830466272775084,40.0,0.15243730997084642,0,0,,,0.0,82,2,5.195543079223327,1.0,0.11509501310882084,7.512145971905632,36,0.006042480468750111,0.0,11.00632366242644,18,1874,15
3,adaptive_t0_i100ms,57,28.5,2,True,True,True,False,15,1935,15,241,3.252481459639967e-05,41466.18429191389,0.0033830466272775084,40.0,0.15243730997084642,0,0,,,0.0,113,3,1.310474648662788,1.0,0.11510124440692222,2.4687760950039404,197,0.03306579589843758,0.0,17.94253369533544,11,1963,7
3,adaptive_t0_i100ms,57,28.5,2,True,True,True,False,15,1935,15,241,3.252481459639967e-05,41466.18429191389,0.0033830466272775084,40.0,0.15243730997084642,0,0,,,0.0,115,3,0.6857285263399489,1.0,0.11509548824084534,1.8440299726811011,166,0.027862548828125028,0.0,39.14992526128481,27,1307,10
3,adaptive_t0_i100ms,57,28.5,2,True,True,True,False,15,1935,15,241,3.252481459639967e-05,41466.18429191389,0.0033830466272775084,40.0,0.15243730997084642,0,0,,,0.0,144,4,1.2758352118514766,1.0,0.11504632655939873,2.0480361760789116,178,0.02987670898437509,0.0,3.70618891853519,4,1700,9
3,adaptive_t0_i100ms,57,28.5,2,True,True,True,False,15,1935,15,241,3.252481459639967e-05,41466.18429191389,0.0033830466272775084,40.0,0.15243730997084642,0,0,,,0.0,146,4,0.6880576944125736,1.0,0.11503544031278062,1.4602586586400084,42,0.007049560546875125,0.0,47.473199296604434,20,1716,15
3,adaptive_t0_i100ms,57,28.5,2,True,True,True,False,15,1935,15,241,3.252481459639967e-05,41466.18429191389,0.0033830466272775084,40.0,0.15243730997084642,0,0,,,0.0,147,4,0.281999021035199,1.0,0.11510021930592614,1.0541999852626338,20,0.0033569335937500833,0.0,36.124072389429784,28,2236,14
3,adaptive_t0_i100ms,57,28.5,2,True,True,True,False,15,1935,15,241,3.252481459639967e-05,41466.18429191389,0.0033830466272775084,40.0,0.15243730997084642,0,0,,,0.0,208,6,1.3054107988236798,1.0,0.11510211018098383,3.6220136915059844,3,0.0005035400390625416,0.0,17.753683183276735,6,2598,0
3,adaptive_t0_i100ms,57,28.5,2,True,True,True,False,15,1935,15,241,3.252481459639967e-05,41466.18429191389,0.0033830466272775084,40.0,0.15243730997084642,0,0,,,0.0,240,7,10.565977119152352,1.0,0.11510283278265836,11.724278565493504,142,0.023834228515625083,0.0,5.863215264165774,7,1799,5
3,adaptive_t0_i100ms,57,28.5,2,True,True,True,True,15,1935,15,241,3.252481459639967e-05,41466.18429191389,0.0033830466272775084,40.0,0.15243730997084642,0,0,,,0.0,241,7,4.471377583051863,1.0,0.11510890077323521,5.6296790293930155,113,0.018966674804687625,3.252481459639967e-05,0.6157176781416638,15,1935,15
3,adaptive_t0_i100ms,58,29.0,2,True,True,True,False,7,1863,9,240,5.3831600234843715e-06,41966.18361337252,0.0040615879916003905,40.0,0.1540886351131485,0,0,,,0.0,80,2,11.022152032034164,1.0,0.06329979673598116,23.512891615562012,284,0.04766845703125011,0.0,3.0782303386367857,2,2338,9
3,adaptive_t0_i100ms,58,29.0,2,True,True,True,True,7,1863,9,240,5.3831600234843715e-06,41966.18361337252,0.0040615879916003905,40.0,0.1540886351131485,0,0,,,0.0,240,7,2.1292477747016427,1.0,0.06330138507003809,6.292827635877592,120,0.020141601562500083,5.3831600234843715e-06,8.458031754220428,7,1863,9
3,adaptive_t0_i100ms,58,29.0,2,True,True,True,False,7,1863,9,240,5.3831600234843715e-06,41966.18361337252,0.0040615879916003905,40.0,0.1540886351131485,0,0,,,0.0,241,7,0.584647258996582,1.0,0.06329734943068027,4.7482271201725315,237,0.039779663085937625,0.0,6.496977972456079,15,1967,6
3,adaptive_t0_i100ms,58,29.0,2,True,True,True,False,7,1863,9,240,5.3831600234843715e-06,41966.18361337252,0.0040615879916003905,40.0,0.1540886351131485,0,0,,,0.0,242,7,1.2824737672119142,1.0,0.0632818975302328,5.4460536283878636,277,0.04649353027343761,0.0,11.414168111456092,23,2039,4
3,adaptive_t0_i100ms,59,29.5,2,True,True,True,False,20,1748,7,146,6.211312429513791e-06,42466.18363407633,0.0040408841814496554,40.0,0.348959458382742,0,0,,,0.0,49,1,0.1890866966757865,1.0,0.2641311270972038,1.3242128513063525,230,0.03860473632812508,0.0,40.54462170859915,9,1833,3
3,adaptive_t0_i100ms,59,29.5,2,True,True,True,False,20,1748,7,146,6.211312429513791e-06,42466.18363407633,0.0040408841814496554,40.0,0.348959458382742,0,0,,,0.0,50,1,0.7556359348170432,1.0,0.264173467154582,1.8907620894476092,129,0.021652221679687528,0.0,38.727062236488564,17,2289,5
3,adaptive_t0_i100ms,59,29.5,2,True,True,True,False,20,1748,7,146,6.211312429513791e-06,42466.18363407633,0.0040408841814496554,40.0,0.348959458382742,0,0,,,0.0,81,2,1.2800831301838644,1.0,0.2641737307105217,2.4152092848144306,24,0.004028320312500069,0.0,11.295583767918288,10,1866,5
3,adaptive_t0_i100ms,59,29.5,2,True,True,True,False,20,1748,7,146,6.211312429513791e-06,42466.18363407633,0.0040408841814496554,40.0,0.348959458382742,0,0,,,0.0,83,2,9.488643252606963,1.0,0.2641953143014133,10.623769407237528,263,0.04414367675781257,0.0,2.9652807897437015,26,2074,9
3,adaptive_t0_i100ms,59,29.5,2,True,True,True,False,20,1748,7,146,6.211312429513791e-06,42466.18363407633,0.0040408841814496554,40.0,0.348959458382742,0,0,,,0.0,114,3,0.4104850250058857,1.0,0.264185748417168,2.6807373342670178,231,0.03877258300781262,0.0,2.6470142602411215,19,1907,4
3,adaptive_t0_i100ms,59,29.5,2,True,True,True,True,20,1748,7,146,6.211312429513791e-06,42466.18363407633,0.0040408841814496554,40.0,0.348959458382742,0,0,,,0.0,146,4,0.47920059813186233,1.0,0.2641991874804763,2.7494529073929943,14,0.002349853515625125,6.211312429513791e-06,53.74642562464578,20,1748,7
3,adaptive_t0_i100ms,59,29.5,2,True,True,True,False,20,1748,7,146,6.211312429513791e-06,42466.18363407633,0.0040408841814496554,40.0,0.348959458382742,0,0,,,0.0,176,5,0.1770357284788858,1.0,0.2640791194471801,1.3121618831094517,411,0.06898498535156265,0.0,20.06378428034077,5,1989,8
3,adaptive_t0_i100ms,59,29.5,2,True,True,True,False,20,1748,7,146,6.211312429513791e-06,42466.18363407633,0.0040408841814496554,40.0,0.348959458382742,0,0,,,0.0,178,5,2.6683262865851094,1.0,0.26416781028551406,3.8034524412156756,82,0.013763427734375111,0.0,21.421154229123204,21,1749,15
3,adaptive_t0_i100ms,59,29.5,2,True,True,True,False,20,1748,7,146,6.211312429513791e-06,42466.18363407633,0.0040408841814496554,40.0,0.348959458382742,0,0,,,0.0,242,7,0.799449025863796,1.0,0.26416125086297126,1.9345751804943618,500,0.08392333984375011,0.0,2.134185720118694,23,2039,11
3,adaptive_t0_i100ms,59,29.5,2,True,True,True,False,20,1748,7,146,6.211312429513791e-06,42466.18363407633,0.0040408841814496554,40.0,0.348959458382742,0,0,,,0.0,243,7,10.13054046608401,1.0,0.26419687285136045,11.265666620714576,195,0.03273010253906258,0.0,3.13945936721575,31,2143,6
3,adaptive_t0_i100ms,60,30.0,2,True,True,True,False,1,1601,1,48,0.00010118936537764967,42966.18600852766,0.0016664328577462584,40.0,0.3743153617286589,0,0,,,0.0,18,0,2.8743239325786964,1.0,0.051769776963963385,3.945300307578985,115,0.019302368164062604,0.0,8.641214859802858,16,1936,14
3,adaptive_t0_i100ms,60,30.0,2,True,True,True,False,1,1601,1,48,0.00010118936537764967,42966.18600852766,0.0016664328577462584,40.0,0.3743153617286589,0,0,,,0.0,19,0,0.5834720178955078,1.0,0.05171475825148264,1.6544483928957967,367,0.06159973144531258,0.0,3.3222695193908294,24,1592,9
3,adaptive_t0_i100ms,60,30.0,2,True,True,True,True,1,1601,1,48,0.00010118936537764967,42966.18600852766,0.0016664328577462584,40.0,0.3743153617286589,0,0,,,0.0,48,1,0.1825631043654907,1.0,0.05180576962526423,1.2535394793657795,94,0.015693664550781375,0.00010118936537764967,37.90856429872656,1,1601,1
3,adaptive_t0_i100ms,60,30.0,2,True,True,True,False,1,1601,1,48,0.00010118936537764967,42966.18600852766,0.0016664328577462584,40.0,0.3743153617286589,0,0,,,0.0,50,1,1.02493066137191,1.0,0.05178565427360061,2.095907036372199,222,0.03726196289062503,0.0,25.968669205998594,17,2289,11
3,adaptive_t0_i100ms,60,30.0,2,True,True,True,False,1,1601,1,48,0.00010118936537764967,42966.18600852766,0.0016664328577462584,40.0,0.3743153617286589,0,0,,,0.0,80,2,10.714337327921598,1.0,0.05179677782643968,11.42832157792179,136,0.022827148437500125,0.0,5.103207756386837,2,2402,9
3,adaptive_t0_i100ms,60,30.0,2,True,True,True,False,1,1601,1,48,0.00010118936537764967,42966.18600852766,0.0016664328577462584,40.0,0.3743153617286589,0,0,,,0.0,81,2,1.6617523330641706,1.0,0.05176400734245405,2.375736583064363,311,0.05220031738281257,0.0,4.507732534424576,10,1898,8
3,adaptive_t0_i100ms,60,30.0,2,True,True,True,False,1,1601,1,48,0.00010118936537764967,42966.18600852766,0.0016664328577462584,40.0,0.3743153617286589,0,0,,,0.0,83,2,1.5804914475303569,1.0,0.05177238927018564,2.294475697530549,214,0.03591918945312507,0.0,2.1015403466517455,26,2138,8
3,adaptive_t0_i100ms,60,30.0,2,True,True,True,False,1,1601,1,48,0.00010118936537764967,42966.18600852766,0.0016664328577462584,40.0,0.3743153617286589,0,0,,,0.0,112,3,0.640687629281616,1.0,0.05174892256453414,1.3546718792818084,48,0.008056640625000097,0.0,37.737587800089386,3,1923,14
3,adaptive_t0_i100ms,60,30.0,2,True,True,True,False,1,1601,1,48,0.00010118936537764967,42966.18600852766,0.0016664328577462584,40.0,0.3743153617286589,0,0,,,0.0,113,3,1.0008693436610945,1.0,0.05178594339978813,1.714853593661287,182,0.030548095703125083,0.0,6.664862368401373,11,2091,4
3,adaptive_t0_i100ms,60,30.0,2,True,True,True,False,1,1601,1,48,0.00010118936537764967,42966.18600852766,0.0016664328577462584,40.0,0.3743153617286589,0,0,,,0.0,115,3,0.6221837875671385,1.0,0.05170826146902521,1.336168037567331,47,0.007888793945312528,0.0,28.913300385247567,27,1339,12
3,adaptive_t0_i100ms,60,30.0,2,True,True,True,False,1,1601,1,48,0.00010118936537764967,42966.18600852766,0.0016664328577462584,40.0,0.3743153617286589,0,0,,,0.0,144,4,4.588325073952841,1.0,0.051776798409064025,5.65930144895313,291,0.0488433837890626,0.0,6.788905216293642,4,1860,0
3,adaptive_t0_i100ms,60,30.0,2,True,True,True,False,1,1601,1,48,0.00010118936537764967,42966.18600852766,0.0016664328577462584,40.0,0.3743153617286589,0,0,,,0.0,145,4,1.0499051474772567,1.0,0.051764063493029436,2.1208815224775455,102,0.01712036132812504,0.0,15.762114078446757,12,2028,8
3,adaptive_t0_i100ms,60,30.0,2,True,True,True,False,1,1601,1,48,0.00010118936537764967,42966.18600852766,0.0016664328577462584,40.0,0.3743153617286589,0,0,,,0.0,209,6,0.6244416933288575,1.0,0.05174917377786841,2.766394443329435,101,0.016952514648437625,0.0,18.569859284056292,14,1966,11
3,adaptive_t0_i100ms,61,30.5,2,True,True,True,False,12,2092,0,145,0.00012407754897139967,43466.18658073225,0.0010942282679025084,40.0,0.08597765420912765,0,0,,,0.0,18,0,1.49365084551933,1.0,0.2870446232248867,9.214968544699286,36,0.006042480468750104,0.0,5.4221576583440765,16,2000,14
3,adaptive_t0_i100ms,61,30.5,2,True,True,True,False,12,2092,0,145,0.00012407754897139967,43466.18658073225,0.0010942282679025084,40.0,0.08597765420912765,0,0,,,0.0,81,2,5.348307150722577,1.0,0.287037657072032,9.208966000312554,186,0.03121948242187507,0.0,3.4056319982701098,10,1962,2
3,adaptive_t0_i100ms,61,30.5,2,True,True,True,False,12,2092,0,145,0.00012407754897139967,43466.18658073225,0.0010942282679025084,40.0,0.08597765420912765,0,0,,,0.0,83,2,5.165984162183759,1.0,0.2870433386802366,9.026643011773736,130,0.02182006835937507,0.0,5.619362175370043,26,2202,12
3,adaptive_t0_i100ms,61,30.5,2,True,True,True,True,12,2092,0,145,0.00012407754897139967,43466.18658073225,0.0010942282679025084,40.0,0.08597765420912765,0,0,,,0.0,145,4,4.8281047440344675,1.0,0.28704526909381517,12.549422443214423,160,0.02677154541015629,0.00012407754897139967,1.7565537019472686,12,2092,0
3,adaptive_t0_i100ms,62,31.0,2,True,True,True,True,24,1624,8,19,6.304239272139967e-05,43966.18505485334,0.0026201071741525084,40.0,0.20240221475600265,0,0,,,0.0,19,0,2.8830840540022065,1.0,0.0293359277187219,8.279453188699462,88,0.014770507812500083,6.304239272139967e-05,0.7914899194511236,24,1624,8
3,adaptive_t0_i100ms,62,31.0,2,True,True,True,False,24,1624,8,19,6.304239272139967e-05,43966.18505485334,0.0026201071741525084,40.0,0.20240221475600265,0,0,,,0.0,49,1,0.18322913355589335,1.0,0.029333138735619154,1.982018845121645,227,0.03810119628906258,0.0,24.644826444950013,9,1833,11
3,adaptive_t0_i100ms,62,31.0,2,True,True,True,False,24,1624,8,19,6.304239272139967e-05,43966.18505485334,0.0026201071741525084,40.0,0.20240221475600265,0,0,,,0.0,50,1,1.1941716189514158,1.0,0.029289270099300782,2.9929613305171676,2,0.00033569335937502776,0.0,24.44847210017906,17,2353,7
3,adaptive_t0_i100ms,62,31.0,2,True,True,True,False,24,1624,8,19,6.304239272139967e-05,43966.18505485334,0.0026201071741525084,40.0,0.20240221475600265,0,0,,,0.0,51,1,5.500114027962533,1.0,0.029327571942234995,7.298903739528284,202,0.03390502929687507,0.0,2.448635377782921,25,1721,5
3,adaptive_t0_i100ms,62,31.0,2,True,True,True,False,24,1624,8,19,6.304239272139967e-05,43966.18505485334,0.0026201071741525084,40.0,0.20240221475600265,0,0,,,0.0,81,2,5.92091322500062,1.0,0.029327956499056555,11.317282359697874,157,0.02635192871093757,0.0,4.3806437055027345,10,2026,0
3,adaptive_t0_i100ms,62,31.0,2,True,True,True,False,24,1624,8,19,6.304239272139967e-05,43966.18505485334,0.0026201071741525084,40.0,0.20240221475600265,0,0,,,0.0,144,4,1.27014228868103,1.0,0.02928145745134314,3.0689320002467815,295,0.0495147705078126,0.0,12.467821040969284,4,1860,14
3,adaptive_t0_i100ms,62,31.0,2,True,True,True,False,24,1624,8,19,6.304239272139967e-05,43966.18505485334,0.0026201071741525084,40.0,0.20240221475600265,0,0,,,0.0,145,4,0.15326609307742395,1.0,0.02928253167122848,1.9520558046431755,121,0.02022552490234379,0.0,14.685260501559242,12,2092,7
3,adaptive_t0_i100ms,62,31.0,2,True,True,True,False,24,1624,8,19,6.304239272139967e-05,43966.18505485334,0.0026201071741525084,40.0,0.20240221475600265,0,0,,,0.0,146,4,1.3096030199798585,1.0,0.02930012282614689,3.10839273154561,114,0.019134521484375125,0.0,18.816268039532588,20,1812,2
3,adaptive_t0_i100ms,63,31.5,2,True,True,True,False,24,1688,11,19,2.007236471399668e-06,44466.183528974434,0.004145986080402508,40.0,0.4512578055763152,0,0,,,0.0,17,0,0.6357497670135497,1.0,0.0587043444452474,1.641652747951434,79,0.013259887695312597,0.0,39.77601601030619,8,1992,12
3,adaptive_t0_i100ms,63,31.5,2,True,True,True,False,24,1688,11,19,2.007236471399668e-06,44466.183528974434,0.004145986080402508,40.0,0.4512578055763152,0,0,,,0.0,18,0,0.6171276622741698,1.0,0.05874029612052753,1.6230306432120543,11,0.001846313476562604,0.0,32.878834726630885,16,2064,7
3,adaptive_t0_i100ms,63,31.5,2,True,True,True,True,24,1688,11,19,2.007236471399668e-06,44466.183528974434,0.004145986080402508,40.0,0.4512578055763152,0,0,,,0.0,19,0,10.286047796057904,1.0,0.05875518440656596,11.291950776995789,328,0.05505371093750008,2.007236471399668e-06,2.661467947931669,24,1688,11
3,adaptive_t0_i100ms,63,31.5,2,True,True,True,False,24,1688,11,19,2.007236471399668e-06,44466.183528974434,0.004145986080402508,40.0,0.4512578055763152,0,0,,,0.0,80,2,1.6819574510403235,1.0,0.05872941666214243,4.699666393853977,114,0.019134521484375125,0.0,13.760885563882766,2,2466,14
3,adaptive_t0_i100ms,63,31.5,2,True,True,True,False,24,1688,11,19,2.007236471399668e-06,44466.183528974434,0.004145986080402508,40.0,0.4512578055763152,0,0,,,0.0,113,3,0.6116005089111328,1.0,0.05871784856692655,3.629309451724786,244,0.04095458984375008,0.0,23.13505849174544,11,2123,7
3,adaptive_t0_i100ms,63,31.5,2,True,True,True,False,24,1688,11,19,2.007236471399668e-06,44466.183528974434,0.004145986080402508,40.0,0.4512578055763152,0,0,,,0.0,144,4,1.6826956063397622,1.0,0.058719883641991294,3.191550077746589,472,0.07922363281250011,0.0,2.3300090845659724,4,1892,6
3,adaptive_t0_i100ms,63,31.5,2,True,True,True,False,24,1688,11,19,2.007236471399668e-06,44466.183528974434,0.004145986080402508,40.0,0.4512578055763152,0,0,,,0.0,146,4,1.0905474045704753,1.0,0.05870883949336166,2.5994018759773017,154,0.025848388671875125,0.0,23.347619475265674,20,1812,8
3,adaptive_t0_i100ms,63,31.5,2,True,True,True,False,24,1688,11,19,2.007236471399668e-06,44466.183528974434,0.004145986080402508,40.0,0.4512578055763152,0,0,,,0.0,178,5,1.0834307692878822,1.0,0.05874645698185839,4.101139712101535,87,0.014602661132812611,0.0,16.38641972849291,21,1845,3
3,adaptive_t0_i100ms,63,31.5,2,True,True,True,False,24,1688,11,19,2.007236471399668e-06,44466.183528974434,0.004145986080402508,40.0,0.4512578055763152,0,0,,,0.0,210,6,0.6357497670135497,1.0,0.05874356163898632,2.144604238420376,10,0.0016784667968751388,0.0,35.70561869628,22,2358,7
3,adaptive_t0_i100ms,63,31.5,2,True,True,True,False,24,1688,11,19,2.007236471399668e-06,44466.183528974434,0.004145986080402508,40.0,0.4512578055763152,0,0,,,0.0,211,6,0.1916719764831182,1.0,0.05871332166404079,1.700526447889945,443,0.07435607910156261,0.0,7.943151321182086,30,2014,7
3,adaptive_t0_i100ms,63,31.5,2,True,True,True,False,24,1688,11,19,2.007236471399668e-06,44466.183528974434,0.004145986080402508,40.0,0.4512578055763152,0,0,,,0.0,240,7,0.17508346231132257,1.0,0.058661788310965565,1.6839379337181493,435,0.0730133056640626,0.0,12.496400625699607,7,2023,0
3,adaptive_t0_i100ms,63,31.5,2,True,True,True,False,24,1688,11,19,2.007236471399668e-06,44466.183528974434,0.004145986080402508,40.0,0.4512578055763152,0,0,,,0.0,241,7,0.18437522900123626,1.0,0.05873899707763719,1.6932297004080628,312,0.05228424072265639,0.0,14.51684545018361,15,2063,5
3,adaptive_t0_i100ms,64,32.0,2,True,True,True,True,21,1845,11,178,0.00010881875990889967,44966.18619926252,0.0014756979944650084,40.0,0.0147114798927214,0,0,,,0.0,178,5,0.9498263718369193,1.0,0.00329132082875728,40.0,87,0.014602661132812611,0.00010881875990889967,2.5301570730734966,21,1845,11
3,adaptive_t0_i100ms,65,32.5,2,True,True,True,False,2,2530,10,80,0.00013170694350264967,45466.18677146711,0.0009034934046212584,40.0,0.3349858329200652,0,0,,,0.0,16,0,2.747606542074533,1.0,0.1022313558663771,3.55533243341734,121,0.02030944824218759,0.0,5.181040982046397,0,2240,9
3,adaptive_t0_i100ms,65,32.5,2,True,True,True,False,2,2530,10,80,0.00013170694350264967,45466.18677146711,0.0009034934046212584,40.0,0.3349858329200652,0,0,,,0.0,18,0,10.404012521514167,1.0,0.10226265098469035,11.211738412856974,162,0.027191162109375104,0.0,2.358205264667049,16,2096,9
3,adaptive_t0_i100ms,65,32.5,2,True,True,True,False,2,2530,10,80,0.00013170694350264967,45466.18677146711,0.0009034934046212584,40.0,0.3349858329200652,0,0,,,0.0,19,0,0.34434373920569866,1.0,0.10216359623692703,1.1520696305485059,77,0.012924194335937583,0.0,44.56298073256039,24,1720,7
3,adaptive_t0_i100ms,65,32.5,2,True,True,True,False,2,2530,10,80,0.00013170694350264967,45466.18677146711,0.0009034934046212584,40.0,0.3349858329200652,0,0,,,0.0,48,1,0.33886013129165654,1.0,0.10222863487320863,1.5504489683058675,115,0.019302368164062632,0.0,15.546545482808142,1,1761,4
3,adaptive_t0_i100ms,65,32.5,2,True,True,True,False,2,2530,10,80,0.00013170694350264967,45466.18677146711,0.0009034934046212584,40.0,0.3349858329200652,0,0,,,0.0,50,1,1.1303185473652935,1.0,0.10226106103711231,2.341907384379504,22,0.0036087036132812812,0.0,10.322537881642347,17,2449,15
3,adaptive_t0_i100ms,65,32.5,2,True,True,True,True,2,2530,10,80,0.00013170694350264967,45466.18677146711,0.0009034934046212584,40.0,0.3349858329200652,0,0,,,0.0,80,2,1.3107113521320122,1.0,0.1022629181557532,2.522300189146223,83,0.013931274414062625,0.00013170694350264967,17.80277296553686,2,2530,10
3,adaptive_t0_i100ms,65,32.5,2,True,True,True,False,2,2530,10,80,0.00013170694350264967,45466.18677146711,0.0009034934046212584,40.0,0.3349858329200652,0,0,,,0.0,82,2,0.686691910320669,1.0,0.1021815597293274,1.89828074733488,372,0.062438964843750125,0.0,16.192856547662814,18,2162,3
3,adaptive_t0_i100ms,65,32.5,2,True,True,True,False,2,2530,10,80,0.00013170694350264967,45466.18677146711,0.0009034934046212584,40.0,0.3349858329200652,0,0,,,0.0,146,4,1.5352040754183216,1.0,0.10224500996320342,3.9583817494467435,33,0.005538940429687625,0.0,11.323394962513703,20,1876,14
3,adaptive_t0_i100ms,65,32.5,2,True,True,True,False,2,2530,10,80,0.00013170694350264967,45466.18677146711,0.0009034934046212584,40.0,0.3349858329200652,0,0,,,0.0,177,5,0.3327366468729222,1.0,0.10225041695285145,2.755914320901344,147,0.024673461914062625,0.0,41.78214501412003,13,1581,15
3,adaptive_t0_i100ms,65,32.5,2,True,True,True,False,2,2530,10,80,0.00013170694350264967,45466.18677146711,0.0009034934046212584,40.0,0.3349858329200652,0,0,,,0.0,210,6,0.34520456858291637,1.0,0.10221863419124365,2.768382242611338,398,0.06680297851562514,0.0,13.84804199665814,22,2358,14
3,adaptive_t0_i100ms,65,32.5,2,True,True,True,False,2,2530,10,80,0.00013170694350264967,45466.18677146711,0.0009034934046212584,40.0,0.3349858329200652,0,0,,,0.0,240,7,0.55177266801206,1.0,0.10214584988079572,1.3594985593548672,134,0.022491455078125097,0.0,2.3054934227402555,7,2055,6
3,adaptive_t0_i100ms,65,32.5,2,True,True,True,False,2,2530,10,80,0.00013170694350264967,45466.18677146711,0.0009034934046212584,40.0,0.3349858329200652,0,0,,,0.0,241,7,1.6518425243530979,1.0,0.10224400148385912,2.4595684156959052,132,0.02207183837890639,0.0,18.292801506235264,15,2063,13
3,adaptive_t0_i100ms,65,32.5,2,True,True,True,False,2,2530,10,80,0.00013170694350264967,45466.18677146711,0.0009034934046212584,40.0,0.3349858329200652,0,0,,,0.0,243,7,1.6584510546576992,1.0,0.10223357597700802,2.4661769460005063,200,0.03356933593750008,0.0,3.4651240138409776,31,2271,1
3,adaptive_t0_i100ms,66,33.0,2,True,True,True,False,7,2119,6,240,7.06717872526497e-05,45966.1852455882,0.0024293723108712584,40.0,0.5053731009864715,0,0,,,0.0,17,0,0.281800755299156,1.0,0.06254863378707899,1.8733454535428833,149,0.025009155273437597,0.0,0.5468256714375457,8,2024,15
3,adaptive_t0_i100ms,66,33.0,2,True,True,True,False,7,2119,6,240,7.06717872526497e-05,45966.1852455882,0.0024293723108712584,40.0,0.5053731009864715,0,0,,,0.0,81,2,0.32138686999034666,1.0,0.06251253032611169,0.8519017694049225,309,0.05186462402343758,0.0,10.596814615040785,10,2090,13
3,adaptive_t0_i100ms,66,33.0,2,True,True,True,False,7,2119,6,240,7.06717872526497e-05,45966.1852455882,0.0024293723108712584,40.0,0.5053731009864715,0,0,,,0.0,82,2,0.6814496719329708,1.0,0.06256192214117272,1.2119645713475466,464,0.07788085937500012,0.0,5.7283800686345785,18,2162,8
3,adaptive_t0_i100ms,66,33.0,2,True,True,True,False,7,2119,6,240,7.06717872526497e-05,45966.1852455882,0.0024293723108712584,40.0,0.5053731009864715,0,0,,,0.0,83,2,1.3789666639431208,1.0,0.0625471113193713,1.9094815633576965,459,0.07704162597656258,0.0,1.5217360741226003,26,2298,8
3,adaptive_t0_i100ms,66,33.0,2,True,True,True,False,7,2119,6,240,7.06717872526497e-05,45966.1852455882,0.0024293723108712584,40.0,0.5053731009864715,0,0,,,0.0,112,3,5.389935746698881,1.0,0.0626066215096039,6.185708095820744,78,0.013092041015625097,0.0,5.219986369069375,3,2083,8
3,adaptive_t0_i100ms,66,33.0,2,True,True,True,False,7,2119,6,240,7.06717872526497e-05,45966.1852455882,0.0024293723108712584,40.0,0.5053731009864715,0,0,,,0.0,114,3,1.3692959234893847,1.0,0.06260340931613331,2.1650682726112485,417,0.06999206542968762,0.0,1.2160158836777555,19,2035,6
3,adaptive_t0_i100ms,66,33.0,2,True,True,True,False,7,2119,6,240,7.06717872526497e-05,45966.1852455882,0.0024293723108712584,40.0,0.5053731009864715,0,0,,,0.0,178,5,1.3601044785785252,1.0,0.06255857119182838,2.9516491768222526,345,0.057907104492187625,0.0,6.204612442583311,21,1877,9
3,adaptive_t0_i100ms,66,33.0,2,True,True,True,False,7,2119,6,240,7.06717872526497e-05,45966.1852455882,0.0024293723108712584,40.0,0.5053731009864715,0,0,,,0.0,208,6,0.3364241680992394,1.0,0.06243984859313076,0.7343103426601713,40,0.0067138671875000555,0.0,19.955719096309622,6,2854,5
3,adaptive_t0_i100ms,66,33.0,2,True,True,True,False,7,2119,6,240,7.06717872526497e-05,45966.1852455882,0.0024293723108712584,40.0,0.5053731009864715,0,0,,,0.0,209,6,0.9513460122439366,1.0,0.06255642235185432,1.3492321868048684,73,0.012168884277343875,0.0,5.507183218018326,14,2094,13
3,adaptive_t0_i100ms,66,33.0,2,True,True,True,False,7,2119,6,240,7.06717872526497e-05,45966.1852455882,0.0024293723108712584,40.0,0.5053731009864715,0,0,,,0.0,210,6,2.659122520714935,1.0,0.06255678358029293,3.057008695275867,76,0.012756347656250139,0.0,15.506261003669351,22,2390,3
3,adaptive_t0_i100ms,66,33.0,2,True,True,True,False,7,2119,6,240,7.06717872526497e-05,45966.1852455882,0.0024293723108712584,40.0,0.5053731009864715,0,0,,,0.0,211,6,1.2919448076905116,1.0,0.06256943011247801,1.6898309822514435,365,0.06126403808593761,0.0,3.975286098779179,30,2078,8
3,adaptive_t0_i100ms,66,33.0,2,True,True,True,True,7,2119,6,240,7.06717872526497e-05,45966.1852455882,0.0024293723108712584,40.0,0.5053731009864715,0,0,,,0.0,240,7,12.34623039806067,1.0,0.06260696666456696,12.744116572621602,28,0.004699707031250101,7.06717872526497e-05,1.1571103590758867,7,2119,6
3,adaptive_t0_i100ms,66,33.0,2,True,True,True,False,7,2119,6,240,7.06717872526497e-05,45966.1852455882,0.0024293723108712584,40.0,0.5053731009864715,0,0,,,0.0,241,7,1.413692084676366,1.0,0.06256255896343071,1.811578259237298,36,0.006042480468750153,0.0,27.145295660360716,15,2127,5
3,adaptive_t0_i100ms,66,33.0,2,True,True,True,False,7,2119,6,240,7.06717872526497e-05,45966.1852455882,0.0024293723108712584,40.0,0.5053731009864715,0,0,,,0.0,242,7,0.3466644889783515,1.0,0.06246854626634115,0.7445506635392833,82,0.013763427734375125,0.0,28.421161089194356,23,2199,8
3,adaptive_t0_i100ms,66,33.0,2,True,True,True,False,7,2119,6,240,7.06717872526497e-05,45966.1852455882,0.0024293723108712584,40.0,0.5053731009864715,0,0,,,0.0,243,7,0.3223672201412415,1.0,0.06251693279781068,0.7202533947021733,90,0.015106201171875083,0.0,17.530700746763614,31,2271,7
3,adaptive_t0_i100ms,67,33.5,2,True,True,True,False,28,2492,0,147,9.355997084639967e-05,46466.18581779279,0.0018571677210275084,40.0,0.0902272269630339,0,0,,,0.0,81,2,0.3479190366446611,1.0,0.003842566714910184,11.522239728440754,355,0.05958557128906258,0.0,0.40887770015979186,10,2122,0
3,adaptive_t0_i100ms,67,33.5,2,True,True,True,True,28,2492,0,147,9.355997084639967e-05,46466.18581779279,0.0018571677210275084,40.0,0.0902272269630339,0,0,,,0.0,147,4,4.598719129484215,1.0,0.003853937254217317,15.773039821280307,144,0.024169921875000097,9.355997084639967e-05,1.1192069243988954,28,2492,0
3,adaptive_t0_i100ms,67,33.5,2,True,True,True,False,28,2492,0,147,9.355997084639967e-05,46466.18581779279,0.0018571677210275084,40.0,0.0902272269630339,0,0,,,0.0,241,7,1.530399758482845,1.0,0.0038431990057332375,12.704720450278938,38,0.006378173828125153,0.0,3.6969423034170177,15,2127,14
3,adaptive_t0_i100ms,68,34.0,2,True,True,True,False,5,2085,12,176,3.252481459639967e-05,46966.18429191389,0.0033830466272775084,40.0,0.2695942923927214,0,0,,,0.0,17,0,0.384759167888821,1.0,0.02491581438117012,3.35681086039258,69,0.011581420898437597,0.0,19.93185360674397,8,2088,5
3,adaptive_t0_i100ms,68,34.0,2,True,True,True,False,5,2085,12,176,3.252481459639967e-05,46966.18429191389,0.0033830466272775084,40.0,0.2695942923927214,0,0,,,0.0,50,1,1.3971269598719092,1.0,0.02493485116385338,4.369178652375668,172,0.028869628906250028,0.0,11.61680045590765,17,2545,15
3,adaptive_t0_i100ms,68,34.0,2,True,True,True,False,5,2085,12,176,3.252481459639967e-05,46966.18429191389,0.0033830466272775084,40.0,0.2695942923927214,0,0,,,0.0,83,2,0.3400914896880816,1.0,0.0249456040451961,3.312143182191841,83,0.013931274414062583,0.0,3.667821499169804,26,2330,12
3,adaptive_t0_i100ms,68,34.0,2,True,True,True,False,5,2085,12,176,3.252481459639967e-05,46966.18429191389,0.0033830466272775084,40.0,0.2695942923927214,0,0,,,0.0,112,3,0.2997843501694942,1.0,0.024867646196197093,1.7858101964213737,14,0.002349853515625104,0.0,9.56432079156366,3,2211,10
3,adaptive_t0_i100ms,68,34.0,2,True,True,True,False,5,2085,12,176,3.252481459639967e-05,46966.18429191389,0.0033830466272775084,40.0,0.2695942923927214,0,0,,,0.0,115,3,0.3574070264258449,1.0,0.024943310426515264,1.8434328726777245,264,0.04431152343750004,0.0,11.493946109279932,27,1563,14
3,adaptive_t0_i100ms,68,34.0,2,True,True,True,False,5,2085,12,176,3.252481459639967e-05,46966.18429191389,0.0033830466272775084,40.0,0.2695942923927214,0,0,,,0.0,144,4,0.7865083576980828,1.0,0.024881338867495027,2.2725342039499625,168,0.028198242187500125,0.0,13.924088468724221,4,1988,6
3,adaptive_t0_i100ms,68,34.0,2,True,True,True,False,5,2085,12,176,3.252481459639967e-05,46966.18429191389,0.0033830466272775084,40.0,0.2695942923927214,0,0,,,0.0,146,4,0.36216284938507187,1.0,0.02494190465076706,1.8481886956369515,334,0.056060791015625125,0.0,0.48414225077431183,20,1940,13
3,adaptive_t0_i100ms,68,34.0,2,True,True,True,True,5,2085,12,176,3.252481459639967e-05,46966.18429191389,0.0033830466272775084,40.0,0.2695942923927214,0,0,,,0.0,176,5,0.733756154361345,1.0,0.024949310326459896,3.7058078468651043,204,0.03424072265625015,3.252481459639967e-05,12.829185050853994,5,2085,12
3,adaptive_t0_i100ms,68,34.0,2,True,True,True,False,5,2085,12,176,3.252481459639967e-05,46966.18429191389,0.0033830466272775084,40.0,0.2695942923927214,0,0,,,0.0,210,6,6.113174172188881,1.0,0.024944349539672075,9.08522586469264,138,0.02316284179687514,0.0,7.669665154302493,22,2454,10
3,adaptive_t0_i100ms,68,34.0,2,True,True,True,False,5,2085,12,176,3.252481459639967e-05,46966.18429191389,0.0033830466272775084,40.0,0.2695942923927214,0,0,,,0.0,243,7,5.448815932292395,1.0,0.024946859987705617,8.420867624796154,160,0.026855468750000083,0.0,5.856359342709766,31,2303,9
3,adaptive_t0_i100ms,69,34.5,2,True,True,True,True,9,1865,13,49,0.00010498349874978885,47466.18610338099,0.0015715795234427787,40.0,0.14151581113546854,0,0,,,0.0,49,1,0.3288299011650445,1.0,0.09679232413593689,4.152941513848619,374,0.06277465820312508,0.00010498349874978885,9.032323880222975,9,1865,13
3,adaptive_t0_i100ms,69,34.5,2,True,True,True,False,9,1865,13,49,0.00010498349874978885,47466.18610338099,0.0015715795234427787,40.0,0.14151581113546854,0,0,,,0.0,51,1,5.069151494600793,1.0,0.0967899217490366,8.893263107284367,53,0.00881195068359382,0.0,4.732133548699494,25,1945,3
3,adaptive_t0_i100ms,69,34.5,2,True,True,True,False,9,1865,13,49,0.00010498349874978885,47466.18610338099,0.0015715795234427787,40.0,0.14151581113546854,0,0,,,0.0,145,4,1.2456335939452103,1.0,0.09677212814424051,5.0697452066287845,168,0.02819824218750007,0.0,15.185533329844475,12,2188,5
3,adaptive_t0_i100ms,69,34.5,2,True,True,True,False,9,1865,13,49,0.00010498349874978885,47466.18610338099,0.0015715795234427787,40.0,0.14151581113546854,0,0,,,0.0,147,4,0.6029161051998857,1.0,0.09677487070027212,4.42702771788346,85,0.014266967773437597,0.0,7.545388430829917,28,2588,2
3,adaptive_t0_i100ms,69,34.5,2,True,True,True,False,9,1865,13,49,0.00010498349874978885,47466.18610338099,0.0015715795234427787,40.0,0.14151581113546854,0,0,,,0.0,210,6,0.29541777569215494,1.0,0.09677351226752644,7.943641001059303,7,0.0011749267578126457,0.0,4.517155862435175,22,2518,6
3,adaptive_t0_i100ms,69,34.5,2,True,True,True,False,9,1865,13,49,0.00010498349874978885,47466.18610338099,0.0015715795234427787,40.0,0.14151581113546854,0,0,,,0.0,240,7,1.1883422109979171,1.0,0.09679032852784057,5.012453823681492,30,0.005035400390625118,0.0,9.371605740801897,7,2279,15
3,adaptive_t0_i100ms,69,34.5,2,True,True,True,False,9,1865,13,49,0.00010498349874978885,47466.18610338099,0.0015715795234427787,40.0,0.14151581113546854,0,0,,,0.0,243,7,0.6768160169303986,1.0,0.09678800949644834,4.500927629613973,126,0.021148681640625097,0.0,17.66169147193432,31,2335,8
3,adaptive_t0_i100ms,70,35.0,2,True,True,True,False,14,2158,5,209,7.830118178389967e-05,47966.18543632307,0.0022386374475900084,40.0,0.2513447806739714,0,0,,,0.0,50,1,0.5897399920843194,1.0,0.08212186503571135,3.6640796432362177,107,0.017959594726562528,0.0,4.245148134927149,17,2609,12
3,adaptive_t0_i100ms,70,35.0,2,True,True,True,False,14,2158,5,209,7.830118178389967e-05,47966.18543632307,0.0022386374475900084,40.0,0.2513447806739714,0,0,,,0.0,80,2,0.600519667312697,1.0,0.08207413368726167,1.6252995510299963,32,0.005371093750000139,0.0,14.947141385295254,2,2658,3
3,adaptive_t0_i100ms,70,35.0,2,True,True,True,False,14,2158,5,209,7.830118178389967e-05,47966.18543632307,0.0022386374475900084,40.0,0.2513447806739714,0,0,,,0.0,82,2,1.8279669022533267,1.0,0.0821581593905571,2.852746785970626,235,0.03936004638671888,0.0,5.980849771025532,18,2322,8
3,adaptive_t0_i100ms,70,35.0,2,True,True,True,False,14,2158,5,209,7.830118178389967e-05,47966.18543632307,0.0022386374475900084,40.0,0.2513447806739714,0,0,,,0.0,83,2,1.86065781555741,1.0,0.08212514620508346,2.8854376992747097,135,0.022575378417968833,0.0,11.626463712258555,26,2362,14
3,adaptive_t0_i100ms,70,35.0,2,True,True,True,False,14,2158,5,209,7.830118178389967e-05,47966.18543632307,0.0022386374475900084,40.0,0.2513447806739714,0,0,,,0.0,146,4,5.021577663943929,1.0,0.0821539545586937,8.095917315095827,48,0.008056640625000132,0.0,2.405743499599339,20,2036,9
3,adaptive_t0_i100ms,70,35.0,2,True,True,True,False,14,2158,5,209,7.830118178389967e-05,47966.18543632307,0.0022386374475900084,40.0,0.2513447806739714,0,0,,,0.0,177,5,0.2508756238614282,1.0,0.08215303611941976,1.7880454494373774,26,0.004364013671875139,0.0,5.601110073388554,13,1741,3
3,adaptive_t0_i100ms,70,35.0,2,True,True,True,False,14,2158,5,209,7.830118178389967e-05,47966.18543632307,0.0022386374475900084,40.0,0.2513447806739714,0,0,,,0.0,179,5,1.7673991714231063,1.0,0.08216248888208562,3.3045689969990555,207,0.03474426269531258,0.0,4.839496182052244,29,1533,7
3,adaptive_t0_i100ms,70,35.0,2,True,True,True,False,14,2158,5,209,7.830118178389967e-05,47966.18543632307,0.0022386374475900084,40.0,0.2513447806739714,0,0,,,0.0,208,6,2.019094420921706,1.0,0.08213941275324849,3.556264246497655,300,0.050354003906250056,0.0,4.722888174641412,6,2950,5
3,adaptive_t0_i100ms,70,35.0,2,True,True,True,True,14,2158,5,209,7.830118178389967e-05,47966.18543632307,0.0022386374475900084,40.0,0.2513447806739714,0,0,,,0.0,209,6,1.4577862468701412,1.0,0.08213017680630162,2.99495607244609,7,0.001174926757812625,7.830118178389967e-05,0.0019386374551686458,14,2158,5
3,adaptive_t0_i100ms,70,35.0,2,True,True,True,False,14,2158,5,209,7.830118178389967e-05,47966.18543632307,0.0022386374475900084,40.0,0.2513447806739714,0,0,,,0.0,240,7,2.124440584749723,1.0,0.08214818923764289,3.1492204684670226,333,0.05589294433593761,0.0,9.798134903634491,7,2343,5
3,adaptive_t0_i100ms,70,35.0,2,True,True,True,False,14,2158,5,209,7.830118178389967e-05,47966.18543632307,0.0022386374475900084,40.0,0.2513447806739714,0,0,,,0.0,242,7,1.4131242189794289,1.0,0.082150107818094,2.437904102696728,16,0.002685546875000125,0.0,22.857770170725416,23,2263,5
3,adaptive_t0_i100ms,70,35.0,2,True,True,True,False,14,2158,5,209,7.830118178389967e-05,47966.18543632307,0.0022386374475900084,40.0,0.2513447806739714,0,0,,,0.0,243,7,2.620779785131394,1.0,0.0821288383980864,3.6455596688486933,52,0.008728027343750097,0.0,6.02669994214375,31,2399,9
3,adaptive_t0_i100ms,71,35.5,2,True,True,True,False,23,2295,3,242,1.7266025533899668e-05,48466.18391044416,0.0037645163538400084,40.0,0.2825032279395964,0,0,,,0.0,19,0,0.676114410845225,1.0,0.0375379875732739,4.498013537162997,240,0.0402832031250001,0.0,5.588222537502588,24,1816,9
3,adaptive_t0_i100ms,71,35.5,2,True,True,True,False,23,2295,3,242,1.7266025533899668e-05,48466.18391044416,0.0037645163538400084,40.0,0.2825032279395964,0,0,,,0.0,51,1,1.2995787764891271,1.0,0.037535525093658394,5.121477902806899,213,0.03575134277343758,0.0,8.042649564726162,25,1977,9
3,adaptive_t0_i100ms,71,35.5,2,True,True,True,False,23,2295,3,242,1.7266025533899668e-05,48466.18391044416,0.0037645163538400084,40.0,0.2825032279395964,0,0,,,0.0,82,2,0.6899400363736599,1.0,0.037510817981557976,2.600889599532546,288,0.04833984375000014,0.0,13.470710733621672,18,2354,2
3,adaptive_t0_i100ms,71,35.5,2,True,True,True,False,23,2295,3,242,1.7266025533899668e-05,48466.18391044416,0.0037645163538400084,40.0,0.2825032279395964,0,0,,,0.0,83,2,0.6287935578026884,1.0,0.037553915182931656,2.5397431209615746,65,0.010910034179687583,0.0,15.076935025848798,26,2394,7
3,adaptive_t0_i100ms,71,35.5,2,True,True,True,False,23,2295,3,242,1.7266025533899668e-05,48466.18391044416,0.0037645163538400084,40.0,0.2825032279395964,0,0,,,0.0,112,3,8.670347447042783,1.0,0.03754593518836204,10.581297010201668,76,0.012756347656250104,0.0,2.1800311069673626,3,2275,15
3,adaptive_t0_i100ms,71,35.5,2,True,True,True,False,23,2295,3,242,1.7266025533899668e-05,48466.18391044416,0.0037645163538400084,40.0,0.2825032279395964,0,0,,,0.0,114,3,0.6177504597596412,1.0,0.03751809987879271,2.5287000229185272,244,0.040954589843750125,0.0,0.2480402854271233,19,2195,5
3,adaptive_t0_i100ms,71,35.5,2,True,True,True,False,23,2295,3,242,1.7266025533899668e-05,48466.18391044416,0.0037645163538400084,40.0,0.2825032279395964,0,0,,,0.0,177,5,0.24631676947760728,1.0,0.03749954434105464,2.1572663326364934,70,0.01174926757812514,0.0,0.0852897727090749,13,1773,1
3,adaptive_t0_i100ms,71,35.5,2,True,True,True,False,23,2295,3,242,1.7266025533899668e-05,48466.18391044416,0.0037645163538400084,40.0,0.2825032279395964,0,0,,,0.0,178,5,1.357033838186541,1.0,0.03755561806577451,3.267983401345427,214,0.03591918945312514,0.0,8.462140897885547,21,2037,12
3,adaptive_t0_i100ms,71,35.5,2,True,True,True,True,23,2295,3,242,1.7266025533899668e-05,48466.18391044416,0.0037645163538400084,40.0,0.2825032279395964,0,0,,,0.0,242,7,2.882729946116098,1.0,0.03755749548457828,6.704629072433869,273,0.045822143554687625,1.7266025533899668e-05,4.670150467485655,23,2295,3
3,adaptive_t0_i100ms,72,36.0,2,True,True,True,False,7,2407,12,240,4.0154209127649695e-05,48966.18448264875,0.0031923117639962584,40.0,0.06667528604506515,0,0,,,0.0,112,3,10.06598369170646,1.0,0.003870631308967973,17.120824315727138,79,0.013259887695312611,0.0,3.5167575984305586,3,2339,8
3,adaptive_t0_i100ms,72,36.0,2,True,True,True,False,7,2407,12,240,4.0154209127649695e-05,48966.18448264875,0.0031923117639962584,40.0,0.06667528604506515,0,0,,,0.0,146,4,0.6254689746939417,1.0,0.0038647717163253882,4.15288928670428,271,0.04548645019531263,0.0,2.0542026393595734,20,2068,15
3,adaptive_t0_i100ms,72,36.0,2,True,True,True,False,7,2407,12,240,4.0154209127649695e-05,48966.18448264875,0.0031923117639962584,40.0,0.06667528604506515,0,0,,,0.0,147,4,1.3192674723626365,1.0,0.003838699410990215,4.846687784372975,44,0.007385253906250097,0.0,3.7883621135770227,28,2684,10
3,adaptive_t0_i100ms,72,36.0,2,True,True,True,True,7,2407,12,240,4.0154209127649695e-05,48966.18448264875,0.0031923117639962584,40.0,0.06667528604506515,0,0,,,0.0,240,7,6.824757989174932,1.0,0.0038723843025408556,13.879598613195608,3,0.0005035400390626145,4.0154209127649695e-05,1.6519476106841466,7,2407,12
3,adaptive_t0_i100ms,73,36.5,2,True,True,True,False,2,2722,9,80,6.304239272139967e-05,49466.18505485334,0.0026201071741525084,40.0,0.18116960977553392,0,0,,,0.0,48,1,0.3457191439723444,1.0,0.04088987655906707,7.832001536342531,145,0.02433776855468764,0.0,2.7684615753460093,1,1985,3
3,adaptive_t0_i100ms,73,36.5,2,True,True,True,True,2,2722,9,80,6.304239272139967e-05,49466.18505485334,0.0026201071741525084,40.0,0.18116960977553392,0,0,,,0.0,80,2,2.855704698102334,1.0,0.04089145667176496,6.598845894287427,373,0.06260681152343764,6.304239272139967e-05,3.668531729366805,2,2722,9
3,adaptive_t0_i100ms,73,36.5,2,True,True,True,False,2,2722,9,80,6.304239272139967e-05,49466.18505485334,0.0026201071741525084,40.0,0.18116960977553392,0,0,,,0.0,83,2,3.0784475316956095,1.0,0.04089011407837281,6.8215887278807035,213,0.0357513427734376,0.0,4.766096818151709,26,2426,8
3,adaptive_t0_i100ms,73,36.5,2,True,True,True,False,2,2722,9,80,6.304239272139967e-05,49466.18505485334,0.0026201071741525084,40.0,0.18116960977553392,0,0,,,0.0,112,3,0.5930742970971977,1.0,0.040875694959156134,8.079356689467385,56,0.009399414062500111,0.0,1.398426467552781,3,2403,7
3,adaptive_t0_i100ms,73,36.5,2,True,True,True,False,2,2722,9,80,6.304239272139967e-05,49466.18505485334,0.0026201071741525084,40.0,0.18116960977553392,0,0,,,0.0,146,4,3.1819247596517646,1.0,0.0408834411981913,10.668207152021951,292,0.04901123046875014,0.0,3.3536842566390987,20,2100,8
3,adaptive_t0_i100ms,74,37.0,2,True,True,True,False,11,2283,2,113,8.593057631514967e-05,49966.18562705793,0.0020479025843087584,40.0,0.21895800088881515,0,0,,,0.0,17,0,4.883022310415446,1.0,0.035272976820267324,9.523815520273235,147,0.024673461914062604,0.0,2.4100075106471195,8,2312,3
3,adaptive_t0_i100ms,74,37.0,2,True,True,True,False,11,2283,2,113,8.593057631514967e-05,49966.18562705793,0.0020479025843087584,40.0,0.21895800088881515,0,0,,,0.0,83,2,6.290549995111889,1.0,0.03527288998413318,10.931343204969679,196,0.0328979492187501,0.0,4.864103874664579,26,2458,6
3,adaptive_t0_i100ms,74,37.0,2,True,True,True,False,11,2283,2,113,8.593057631514967e-05,49966.18562705793,0.0020479025843087584,40.0,0.21895800088881515,0,0,,,0.0,112,3,0.734928140756142,1.0,0.035232474276481164,3.055324745685036,362,0.06076049804687511,0.0,5.322097529620805,3,2467,2
3,adaptive_t0_i100ms,74,37.0,2,True,True,True,True,11,2283,2,113,8.593057631514967e-05,49966.18562705793,0.0020479025843087584,40.0,0.21895800088881515,0,0,,,0.0,113,3,3.894767407397334,1.0,0.03527493184166038,6.215164012326229,217,0.03642272949218758,8.593057631514967e-05,2.29343016644998,11,2283,2
3,adaptive_t0_i100ms,74,37.0,2,True,True,True,False,11,2283,2,113,8.593057631514967e-05,49966.18562705793,0.0020479025843087584,40.0,0.21895800088881515,0,0,,,0.0,178,5,0.6331233440493343,1.0,0.03525380146878591,5.273916553907123,125,0.02098083496093764,0.0,4.0566973057357245,21,2069,15
3,adaptive_t0_i100ms,74,37.0,2,True,True,True,False,11,2283,2,113,8.593057631514967e-05,49966.18562705793,0.0020479025843087584,40.0,0.21895800088881515,0,0,,,0.0,243,7,0.3596427529809138,1.0,0.035256671675866914,5.0004359628387025,257,0.0431365966796876,0.0,1.309742421930423,31,2495,1
3,adaptive_t0_i100ms,75,37.5,2,True,True,True,False,2,2818,1,80,0.0001088187599088997,50466.18619926252,0.0014756979944650084,40.0,0.0390492484474089,0,0,,,0.0,19,0,1.9854617857838615,1.0,0.06810627791779937,8.754819914936567,37,0.006210327148437597,0.0,8.831886480205867,24,1976,7
3,adaptive_t0_i100ms,75,37.5,2,True,True,True,True,2,2818,1,80,0.0001088187599088997,50466.18619926252,0.0014756979944650084,40.0,0.0390492484474089,0,0,,,0.0,80,2,9.957562810051622,1.0,0.06812477089014057,16.726920939204327,46,0.007720947265625146,0.0001088187599088997,1.6466290805547033,2,2818,1
3,adaptive_t0_i100ms,75,37.5,2,True,True,True,False,2,2818,1,80,0.0001088187599088997,50466.18619926252,0.0014756979944650084,40.0,0.0390492484474089,0,0,,,0.0,208,6,0.744381495444672,1.0,0.06812435521167524,7.513739624597377,107,0.017959594726562556,0.0,34.09251368963305,6,3046,6
3,adaptive_t0_i100ms,75,37.5,2,True,True,True,False,2,2818,1,80,0.0001088187599088997,50466.18619926252,0.0014756979944650084,40.0,0.0390492484474089,0,0,,,0.0,241,7,0.23516139210902773,1.0,0.06812375242813087,7.004519521261733,42,0.007049560546875153,0.0,0.889995323443145,15,2383,11
3,adaptive_t0_i100ms,76,38.0,2,True,True,True,False,12,2316,14,145,0.0001317069435026497,50966.18677146711,0.0009034934046212584,40.0,0.18845568155287767,0,0,,,0.0,50,1,0.9313525901154558,1.0,0.026426886280822712,3.7494082561995867,49,0.008224487304687542,0.0,23.66294926143746,17,2705,2
3,adaptive_t0_i100ms,76,38.0,2,True,True,True,False,12,2316,14,145,0.0001317069435026497,50966.18677146711,0.0009034934046212584,40.0,0.18845568155287767,0,0,,,0.0,81,2,0.7277852160224954,1.0,0.026398887308220643,3.545840882106626,332,0.05572509765625011,0.0,15.496384952697554,10,2250,13
3,adaptive_t0_i100ms,76,38.0,2,True,True,True,True,12,2316,14,145,0.0001317069435026497,50966.18677146711,0.0009034934046212584,40.0,0.18845568155287767,0,0,,,0.0,145,4,0.6855545528768076,1.0,0.02644301112232632,3.5036102189609384,209,0.03507995605468758,0.0001317069435026497,11.169240616676689,12,2316,14
3,adaptive_t0_i100ms,76,38.0,2,True,True,True,False,12,2316,14,145,0.0001317069435026497,50966.18677146711,0.0009034934046212584,40.0,0.18845568155287767,0,0,,,0.0,178,5,0.30158230955101206,1.0,0.02643413779247608,3.119637975635143,24,0.004028320312500139,0.0,9.263303799656569,21,2101,14
3,adaptive_t0_i100ms,76,38.0,2,True,True,True,False,12,2316,14,145,0.0001317069435026497,50966.18677146711,0.0009034934046212584,40.0,0.18845568155287767,0,0,,,0.0,210,6,5.149411419244749,1.0,0.026432413260632705,6.5584392522868145,100,0.016784667968750153,0.0,9.375642814942694,22,2710,4
3,adaptive_t0_i100ms,76,38.0,2,True,True,True,False,12,2316,14,145,0.0001317069435026497,50966.18677146711,0.0009034934046212584,40.0,0.18845568155287767,0,0,,,0.0,211,6,0.35300804953792597,1.0,0.026432922826857413,1.7620358825799913,184,0.030883789062500125,0.0,19.5378746016504,30,2206,5
3,adaptive_t0_i100ms,76,38.0,2,True,True,True,False,12,2316,14,145,0.0001317069435026497,50966.18677146711,0.0009034934046212584,40.0,0.18845568155287767,0,0,,,0.0,240,7,9.914759715151991,1.0,0.026442267626182434,11.323787548194057,202,0.033905029296875125,0.0,2.68280245722417,7,2535,1
3,adaptive_t0_i100ms,76,38.0,2,True,True,True,False,12,2316,14,145,0.0001317069435026497,50966.18677146711,0.0009034934046212584,40.0,0.18845568155287767,0,0,,,0.0,241,7,5.028212150994778,1.0,0.026442069902465122,6.437239984036844,22,0.0036926269531251527,0.0,8.286050895643712,15,2447,12
3,adaptive_t0_i100ms,77,38.5,2,True,True,True,False,10,2282,10,81,2.07805642276071e-05,51466.18399830763,0.0036766528864973225,40.0,0.4558923625954776,0,0,,,0.0,16,0,0.37154190603903625,1.0,0.30333462567537806,1.0298110750681144,504,0.0845947265625001,0.0,4.795342495111981,0,2528,9
3,adaptive_t0_i100ms,77,38.5,2,True,True,True,False,10,2282,10,81,2.07805642276071e-05,51466.18399830763,0.0036766528864973225,40.0,0.4558923625954776,0,0,,,0.0,18,0,0.3654247504605963,1.0,0.3032707814147391,1.0236939194896744,107,0.017959594726562625,0.0,29.551760673261015,16,2320,6
3,adaptive_t0_i100ms,77,38.5,2,True,True,True,False,10,2282,10,81,2.07805642276071e-05,51466.18399830763,0.0036766528864973225,40.0,0.4558923625954776,0,0,,,0.0,48,1,0.7062968214785164,1.0,0.303309632071796,2.0228351595366725,269,0.04515075683593764,0.0,19.89819192289724,1,2049,0
3,adaptive_t0_i100ms,77,38.5,2,True,True,True,True,10,2282,10,81,2.07805642276071e-05,51466.18399830763,0.0036766528864973225,40.0,0.4558923625954776,0,0,,,0.0,81,2,5.8631536638883315,1.0,0.3033639647686075,6.521422832917409,16,0.002685546875000111,2.07805642276071e-05,11.63038162189332,10,2282,10
3,adaptive_t0_i100ms,77,38.5,2,True,True,True,False,10,2282,10,81,2.07805642276071e-05,51466.18399830763,0.0036766528864973225,40.0,0.4558923625954776,0,0,,,0.0,83,2,1.3611054794278177,1.0,0.3032907241694318,2.0193746484568957,101,0.016952514648437597,0.0,11.744762454494776,26,2618,11
3,adaptive_t0_i100ms,77,38.5,2,True,True,True,False,10,2282,10,81,2.07805642276071e-05,51466.18399830763,0.0036766528864973225,40.0,0.4558923625954776,0,0,,,0.0,113,3,1.4589701827268151,1.0,0.30329008493752785,2.1172393517558934,178,0.02987670898437509,0.0,3.816431753060897,11,2379,12
3,adaptive_t0_i100ms,77,38.5,2,True,True,True,False,10,2282,10,81,2.07805642276071e-05,51466.18399830763,0.0036766528864973225,40.0,0.4558923625954776,0,0,,,0.0,114,3,4.6286530660711795,1.0,0.3033408718334615,5.286922235100258,60,0.010070800781250125,0.0,0.89299562285305,19,2355,2
3,adaptive_t0_i100ms,77,38.5,2,True,True,True,False,10,2282,10,81,2.07805642276071e-05,51466.18399830763,0.0036766528864973225,40.0,0.4558923625954776,0,0,,,0.0,146,4,0.36078118899402,1.0,0.30323400366677933,1.019050358023098,40,0.006713867187500139,0.0,39.11383099783416,20,2132,15
3,adaptive_t0_i100ms,77,38.5,2,True,True,True,False,10,2282,10,81,2.07805642276071e-05,51466.18399830763,0.0036766528864973225,40.0,0.4558923625954776,0,0,,,0.0,147,4,0.6750792824076427,1.0,0.3032551576349034,1.3333484514367209,20,0.003356933593750097,0.0,19.879930252376653,28,2748,2
3,adaptive_t0_i100ms,77,38.5,2,True,True,True,False,10,2282,10,81,2.07805642276071e-05,51466.18399830763,0.0036766528864973225,40.0,0.4558923625954776,0,0,,,0.0,177,5,0.35559887648885374,1.0,0.3032918990873864,1.0138680455179319,375,0.06294250488281264,0.0,17.6604617464036,13,1805,13
3,adaptive_t0_i100ms,77,38.5,2,True,True,True,False,10,2282,10,81,2.07805642276071e-05,51466.18399830763,0.0036766528864973225,40.0,0.4558923625954776,0,0,,,0.0,179,5,1.1609743641677355,1.0,0.3033595116960529,1.8192435331968135,38,0.006378173828125099,0.0,4.249236953241052,29,1629,9
3,adaptive_t0_i100ms,77,38.5,2,True,True,True,False,10,2282,10,81,2.07805642276071e-05,51466.18399830763,0.0036766528864973225,40.0,0.4558923625954776,0,0,,,0.0,209,6,5.480740826149563,1.0,0.30336056259969124,5.919586938835615,215,0.03608703613281263,0.0,3.3353514679620275,14,2286,6
3,adaptive_t0_i100ms,77,38.5,2,True,True,True,False,10,2282,10,81,2.07805642276071e-05,51466.18399830763,0.0036766528864973225,40.0,0.4558923625954776,0,0,,,0.0,210,6,1.4405366862045577,1.0,0.303281264158059,1.8793827988906098,214,0.03591918945312515,0.0,14.013084964411973,22,2774,3
3,adaptive_t0_i100ms,77,38.5,2,True,True,True,False,10,2282,10,81,2.07805642276071e-05,51466.18399830763,0.0036766528864973225,40.0,0.4558923625954776,0,0,,,0.0,211,6,0.38021094413705053,1.0,0.30318014630350554,0.8190570568231026,165,0.027694702148437625,0.0,39.255685343981895,30,2206,8
3,adaptive_t0_i100ms,77,38.5,2,True,True,True,False,10,2282,10,81,2.07805642276071e-05,51466.18399830763,0.0036766528864973225,40.0,0.4558923625954776,0,0,,,0.0,240,7,0.36731325046297664,1.0,0.30325929753172604,0.8061593631490287,293,0.049179077148437625,0.0,15.71764792772592,7,2535,5
3,adaptive_t0_i100ms,77,38.5,2,True,True,True,False,10,2282,10,81,2.07805642276071e-05,51466.18399830763,0.0036766528864973225,40.0,0.4558923625954776,0,0,,,0.0,241,7,3.1101283983973538,1.0,0.3033506758299292,3.5489745110834057,57,0.009567260742187667,0.0,15.87343328128918,15,2511,1
3,adaptive_t0_i100ms,77,38.5,2,True,True,True,False,10,2282,10,81,2.07805642276071e-05,51466.18399830763,0.0036766528864973225,40.0,0.4558923625954776,0,0,,,0.0,242,7,1.381183608032705,1.0,0.3033108489349794,1.820029720718757,64,0.010742187500000125,0.0,9.804044802862336,23,2487,13
3,adaptive_t0_i100ms,78,39.0,2,True,True,True,False,12,2476,11,145,9.35599708463997e-05,51966.18581779279,0.0018571677210275084,40.0,0.14242754434584642,0,0,,,0.0,80,2,0.3461081527589954,1.0,0.0014734797817967612,7.704770109956654,275,0.04615783691406264,0.0,1.4501002838951536,2,2882,7
3,adaptive_t0_i100ms,78,39.0,2,True,True,True,False,12,2476,11,145,9.35599708463997e-05,51966.18581779279,0.0018571677210275084,40.0,0.14242754434584642,0,0,,,0.0,83,2,0.6751786064793803,1.0,0.0014915413497224646,8.033840563677039,377,0.06327819824218761,0.0,1.0811567530836328,26,2650,4
3,adaptive_t0_i100ms,78,39.0,2,True,True,True,True,12,2476,11,145,9.35599708463997e-05,51966.18581779279,0.0018571677210275084,40.0,0.14242754434584642,0,0,,,0.0,145,4,9.54406541197099,1.0,0.0014940054492988848,24.261389326366306,196,0.03289794921875009,9.35599708463997e-05,1.1695417637965875,12,2476,11
3,adaptive_t0_i100ms,79,39.5,2,True,True,True,False,23,2551,8,242,3.252481459639967e-05,52466.18429191389,0.0033830466272775084,40.0,0.1317921683692839,0,0,,,0.0,113,3,0.6008874606353759,1.0,0.002821471947325426,7.876491321051986,115,0.01930236816406259,0.0,2.292032730896608,11,2411,8
3,adaptive_t0_i100ms,79,39.5,2,True,True,True,False,23,2551,8,242,3.252481459639967e-05,52466.18429191389,0.0033830466272775084,40.0,0.1317921683692839,0,0,,,0.0,146,4,3.0449939847415584,1.0,0.0028291832155938903,10.320597845158169,101,0.01695251464843764,0.0,0.9097359524312196,20,2260,0
3,adaptive_t0_i100ms,79,39.5,2,True,True,True,False,23,2551,8,242,3.252481459639967e-05,52466.18429191389,0.0033830466272775084,40.0,0.1317921683692839,0,0,,,0.0,177,5,5.518853757438091,1.0,0.002825857755558469,12.7944576178547,410,0.06881713867187514,0.0,1.0676864652705262,13,1869,2
3,adaptive_t0_i100ms,79,39.5,2,True,True,True,True,23,2551,8,242,3.252481459639967e-05,52466.18429191389,0.0033830466272775084,40.0,0.1317921683692839,0,0,,,0.0,242,7,1.7328493555185356,1.0,0.0028340306622005942,9.008453215935145,159,0.02668762207031264,3.252481459639967e-05,0.19310672835126752,23,2551,8
3,adaptive_t0_i100ms,80,40.0,2,True,True,True,False,28,2812,13,147,0.0001393363380338997,52966.18696220197,0.0007127585413400084,40.0,0.2829609916114714,0,0,,,0.0,17,0,1.387341699849736,1.0,0.011795700809823782,4.3400635333324775,380,0.06378173828125011,0.0,2.292704604646133,8,2440,4
3,adaptive_t0_i100ms,80,40.0,2,True,True,True,False,28,2812,13,147,0.0001393363380338997,52966.18696220197,0.0007127585413400084,40.0,0.2829609916114714,0,0,,,0.0,51,1,1.2912210278047194,1.0,0.011783036144756084,4.243942861287461,30,0.005035400390625097,0.0,11.134540300430672,25,2105,3
3,adaptive_t0_i100ms,80,40.0,2,True,True,True,False,28,2812,13,147,0.0001393363380338997,52966.18696220197,0.0007127585413400084,40.0,0.2829609916114714,0,0,,,0.0,81,2,2.0324447360289284,1.0,0.011783983120158754,4.985166569511669,203,0.03398895263671889,0.0,8.976241129697883,10,2410,7
3,adaptive_t0_i100ms,80,40.0,2,True,True,True,False,28,2812,13,147,0.0001393363380338997,52966.18696220197,0.0007127585413400084,40.0,0.2829609916114714,0,0,,,0.0,115,3,1.4211747349020887,1.0,0.011780978678875717,4.373896568384829,208,0.034912109375000056,0.0,9.602366178609373,27,1787,15
3,adaptive_t0_i100ms,80,40.0,2,True,True,True,False,28,2812,13,147,0.0001393363380338997,52966.18696220197,0.0007127585413400084,40.0,0.2829609916114714,0,0,,,0.0,144,4,0.33287943705446904,1.0,0.011767163056985424,1.3171200482153826,354,0.059417724609375125,0.0,8.156846059777308,4,2084,6
3,adaptive_t0_i100ms,80,40.0,2,True,True,True,False,28,2812,13,147,0.0001393363380338997,52966.18696220197,0.0007127585413400084,40.0,0.2829609916114714,0,0,,,0.0,146,4,1.564066336865717,1.0,0.011757891013721447,2.5483069480266307,26,0.004364013671875142,0.0,8.822213614170323,20,2292,8
3,adaptive_t0_i100ms,80,40.0,2,True,True,True,True,28,2812,13,147,0.0001393363380338997,52966.18696220197,0.0007127585413400084,40.0,0.2829609916114714,0,0,,,0.0,147,4,8.975494503560855,1.0,0.011811684236788198,9.959735114721768,194,0.032562255859375104,0.0001393363380338997,0.2761559471618966,28,2812,13
3,adaptive_t0_i100ms,80,40.0,2,True,True,True,False,28,2812,13,147,0.0001393363380338997,52966.18696220197,0.0007127585413400084,40.0,0.2829609916114714,0,0,,,0.0,176,5,1.9918471180718906,1.0,0.011789382607990844,4.944568951554632,275,0.04607391357421892,0.0,8.465216422431695,5,2277,14
3,adaptive_t0_i100ms,80,40.0,2,True,True,True,False,28,2812,13,147,0.0001393363380338997,52966.18696220197,0.0007127585413400084,40.0,0.2829609916114714,0,0,,,0.0,243,7,0.33447757148240836,1.0,0.011797850430024353,3.287199404965149,16,0.002685546875000111,0.0,11.729080681747291,31,2623,3
3,adaptive_t0_i100ms,81,40.5,2,True,True,True,True,25,2105,13,51,0.0001622245216276497,53466.18753440656,0.00014055395149625838,40.0,0.06713304971694016,0,0,,,0.0,51,1,1.3087574954725196,1.0,0.013445395896979559,20.31089468969531,195,0.0327301025390626,0.0001622245216276497,3.3723032386333216,25,2105,13
3,adaptive_t0_i100ms,81,40.5,2,True,True,True,False,25,2105,13,51,0.0001622245216276497,53466.18753440656,0.00014055395149625838,40.0,0.06713304971694016,0,0,,,0.0,114,3,0.6869681160819008,1.0,0.013439704783334748,19.68910531030469,204,0.03424072265625014,0.0,4.561014664490358,19,2483,7
3,adaptive_t0_i100ms,82,41.0,2,True,True,True,True,16,2416,4,18,1.7266025533899668e-05,53966.18391044416,0.0037645163538400084,40.0,0.3357945487403777,0,0,,,0.0,18,0,2.7753645379013676,1.0,0.1258801913398733,8.694815934983572,27,0.004447937011718875,1.7266025533899668e-05,3.150559097288351,16,2416,4
3,adaptive_t0_i100ms,82,41.0,2,True,True,True,False,16,2416,4,18,1.7266025533899668e-05,53966.18391044416,0.0037645163538400084,40.0,0.3357945487403777,0,0,,,0.0,112,3,3.1890642287828177,1.0,0.12586864067354311,5.162214694476885,301,0.050521850585937625,0.0,1.3426302881489391,3,2659,9
3,adaptive_t0_i100ms,82,41.0,2,True,True,True,False,16,2416,4,18,1.7266025533899668e-05,53966.18391044416,0.0037645163538400084,40.0,0.3357945487403777,0,0,,,0.0,113,3,0.656679238735287,1.0,0.1258429948757469,2.629829704429355,121,0.02030944824218759,0.0,5.406904604918964,11,2443,8
3,adaptive_t0_i100ms,82,41.0,2,True,True,True,False,16,2416,4,18,1.7266025533899668e-05,53966.18391044416,0.0037645163538400084,40.0,0.3357945487403777,0,0,,,0.0,114,3,0.7016113202667532,1.0,0.1258231191296862,2.674761785960821,103,0.01728820800781264,0.0,16.11366144259955,19,2483,12
3,adaptive_t0_i100ms,82,41.0,2,True,True,True,False,16,2416,4,18,1.7266025533899668e-05,53966.18391044416,0.0037645163538400084,40.0,0.3357945487403777,0,0,,,0.0,146,4,0.7274554835427562,1.0,0.12586101595424434,6.64690688062496,356,0.05975341796875015,0.0,5.760255801927997,20,2388,5
3,adaptive_t0_i100ms,82,41.0,2,True,True,True,False,16,2416,4,18,1.7266025533899668e-05,53966.18391044416,0.0037645163538400084,40.0,0.3357945487403777,0,0,,,0.0,177,5,0.6823981630542885,1.0,0.12584390498049405,3.6421238615953904,206,0.034576416015625146,0.0,13.129928873080644,13,1933,8
3,adaptive_t0_i100ms,82,41.0,2,True,True,True,False,16,2416,4,18,1.7266025533899668e-05,53966.18391044416,0.0037645163538400084,40.0,0.3357945487403777,0,0,,,0.0,179,5,0.3554543374596265,1.0,0.12585616787357876,3.3151800360007284,127,0.02131652832031261,0.0,19.920500236097723,29,1853,2
3,adaptive_t0_i100ms,82,41.0,2,True,True,True,False,16,2416,4,18,1.7266025533899668e-05,53966.18391044416,0.0037645163538400084,40.0,0.3357945487403777,0,0,,,0.0,241,7,0.6612861221700777,1.0,0.1258330905344819,2.634436587864146,202,0.03390502929687517,0.0,15.5981558999556,15,2607,15
3,adaptive_t0_i100ms,82,41.0,2,True,True,True,False,16,2416,4,18,1.7266025533899668e-05,53966.18391044416,0.0037645163538400084,40.0,0.3357945487403777,0,0,,,0.0,242,7,0.30718291686470794,1.0,0.12583342101806774,2.280333382558776,372,0.06243896484375015,0.0,8.710784194830921,23,2615,0
3,adaptive_t0_i100ms,82,41.0,2,True,True,True,False,16,2416,4,18,1.7266025533899668e-05,53966.18391044416,0.0037645163538400084,40.0,0.3357945487403777,0,0,,,0.0,243,7,0.34624666581129415,1.0,0.12585183420280407,2.319397131505362,186,0.03121948242187511,0.0,17.53857355159562,31,2623,8
3,adaptive_t0_i100ms,83,41.5,2,True,True,True,False,14,2478,9,209,4.0154209127649695e-05,54466.18448264875,0.0031923117639962584,40.0,0.12240038370131515,0,0,,,0.0,17,0,4.058876795014463,1.0,0.31011308513434893,6.5778755013979415,35,0.005874633789062611,0.0,8.670252581272507,8,2568,1
3,adaptive_t0_i100ms,83,41.5,2,True,True,True,False,14,2478,9,209,4.0154209127649695e-05,54466.18448264875,0.0031923117639962584,40.0,0.12240038370131515,0,0,,,0.0,18,0,2.353489693815646,1.0,0.31010118978328877,4.872488400199124,43,0.007217407226562625,0.0,0.9977570506889606,16,2512,1
3,adaptive_t0_i100ms,83,41.5,2,True,True,True,False,14,2478,9,209,4.0154209127649695e-05,54466.18448264875,0.0031923117639962584,40.0,0.12240038370131515,0,0,,,0.0,51,1,3.8473620527933337,1.0,0.31010504297092695,8.885359465560292,76,0.012756347656250097,0.0,7.86489235166664,25,2169,12
3,adaptive_t0_i100ms,83,41.5,2,True,True,True,False,14,2478,9,209,4.0154209127649695e-05,54466.18448264875,0.0031923117639962584,40.0,0.12240038370131515,0,0,,,0.0,114,3,2.8666476721266743,1.0,0.31010397723807676,7.904645084893632,369,0.06193542480468764,0.0,0.41471092763822526,19,2515,4
3,adaptive_t0_i100ms,83,41.5,2,True,True,True,False,14,2478,9,209,4.0154209127649695e-05,54466.18448264875,0.0031923117639962584,40.0,0.12240038370131515,0,0,,,0.0,147,4,0.35346466591279957,1.0,0.3101041036675306,5.391462078679757,13,0.002182006835937611,0.0,7.278582121783984,28,2908,2
3,adaptive_t0_i100ms,83,41.5,2,True,True,True,True,14,2478,9,209,4.0154209127649695e-05,54466.18448264875,0.0031923117639962584,40.0,0.12240038370131515,0,0,,,0.0,209,6,1.330172056502298,1.0,0.3101211199731184,6.368169469269255,193,0.03239440917968764,4.0154209127649695e-05,0.4362917625840055,14,2478,9
3,adaptive_t0_i100ms,84,42.0,2,True,True,True,False,15,2831,1,241,0.00014696573256514967,54966.187152936836,0.0005220236780587584,40.0,0.24939928506850265,0,0,,,0.0,16,0,5.510653967788622,1.0,0.08773369660516124,7.134899574632462,61,0.010238647460937611,0.0,7.0367675838351715,0,2656,10
3,adaptive_t0_i100ms,84,42.0,2,True,True,True,False,15,2831,1,241,0.00014696573256514967,54966.187152936836,0.0005220236780587584,40.0,0.24939928506850265,0,0,,,0.0,18,0,0.24296111503416937,1.0,0.08772288885827924,1.8672067218780093,37,0.006210327148437625,0.0,3.232459108934563,16,2512,15
3,adaptive_t0_i100ms,84,42.0,2,True,True,True,False,15,2831,1,241,0.00014696573256514967,54966.187152936836,0.0005220236780587584,40.0,0.24939928506850265,0,0,,,0.0,19,0,1.7760265299918303,1.0,0.08772350050879209,3.40027213683567,309,0.05186462402343761,0.0,2.9279312526559806,24,2104,5
3,adaptive_t0_i100ms,84,42.0,2,True,True,True,False,15,2831,1,241,0.00014696573256514967,54966.187152936836,0.0005220236780587584,40.0,0.24939928506850265,0,0,,,0.0,146,4,0.6977597384070043,1.0,0.0877261135597629,5.570496558938524,364,0.06109619140625015,0.0,4.219420023058774,20,2388,14
3,adaptive_t0_i100ms,84,42.0,2,True,True,True,False,15,2831,1,241,0.00014696573256514967,54966.187152936836,0.0005220236780587584,40.0,0.24939928506850265,0,0,,,0.0,178,5,1.6344244147627518,1.0,0.08775198475465172,6.507161235294271,189,0.03163909912109392,0.0,3.5552333041268867,21,2293,6
3,adaptive_t0_i100ms,84,42.0,2,True,True,True,True,15,2831,1,241,0.00014696573256514967,54966.187152936836,0.0005220236780587584,40.0,0.24939928506850265,0,0,,,0.0,241,7,9.64776184570304,1.0,0.08775382898266969,12.084130255968798,12,0.0019302368164064235,0.00014696573256514967,3.172955277535948,15,2831,1
3,adaptive_t0_i100ms,84,42.0,2,True,True,True,False,15,2831,1,241,0.00014696573256514967,54966.187152936836,0.0005220236780587584,40.0,0.24939928506850265,0,0,,,0.0,242,7,0.9994651061865039,1.0,0.087728719364669,3.4358335164522638,514,0.08627319335937515,0.0,0.600870070651581,23,2647,9
3,adaptive_t0_i100ms,85,42.5,2,True,True,True,False,13,1997,3,177,2.007236471399668e-06,55466.183528974434,0.004145986080402508,40.0,0.3962880179786589,0,0,,,0.0,18,0,2.5828038039990098,1.0,0.22158422126300634,3.6858769907260083,130,0.021820068359375125,0.0,19.021069389877084,16,2544,11
3,adaptive_t0_i100ms,85,42.5,2,True,True,True,False,13,1997,3,177,2.007236471399668e-06,55466.183528974434,0.004145986080402508,40.0,0.3962880179786589,0,0,,,0.0,19,0,0.8453556606649708,1.0,0.22155428088554682,1.9484288473919695,128,0.02148437500000011,0.0,19.48509758667933,24,2136,0
3,adaptive_t0_i100ms,85,42.5,2,True,True,True,False,13,1997,3,177,2.007236471399668e-06,55466.183528974434,0.004145986080402508,40.0,0.3962880179786589,0,0,,,0.0,48,1,0.6648509912448219,1.0,0.22159486988469299,1.4002331157294878,357,0.05992126464843765,0.0,20.84220867111435,1,2177,2
3,adaptive_t0_i100ms,85,42.5,2,True,True,True,False,13,1997,3,177,2.007236471399668e-06,55466.183528974434,0.004145986080402508,40.0,0.3962880179786589,0,0,,,0.0,49,1,0.6336939912954953,1.0,0.22154328025665884,1.3690761157801612,339,0.05690002441406261,0.0,8.801990920677781,9,2153,9
3,adaptive_t0_i100ms,85,42.5,2,True,True,True,False,13,1997,3,177,2.007236471399668e-06,55466.183528974434,0.004145986080402508,40.0,0.3962880179786589,0,0,,,0.0,50,1,0.8509650005971398,1.0,0.22160266482335714,1.5863471250818055,26,0.004364013671875042,0.0,34.795734283165075,17,2833,13
3,adaptive_t0_i100ms,85,42.5,2,True,True,True,False,13,1997,3,177,2.007236471399668e-06,55466.183528974434,0.004145986080402508,40.0,0.3962880179786589,0,0,,,0.0,82,2,0.6910748216079319,1.0,0.2215676259938564,2.8972211950619293,190,0.03189086914062514,0.0,26.592766142442997,18,2546,15
3,adaptive_t0_i100ms,85,42.5,2,True,True,True,False,13,1997,3,177,2.007236471399668e-06,55466.183528974434,0.004145986080402508,40.0,0.3962880179786589,0,0,,,0.0,146,4,5.48829462035658,1.0,0.22159021218683225,6.591367807083579,164,0.027526855468750153,0.0,7.7999456830948475,20,2420,15
3,adaptive_t0_i100ms,85,42.5,2,True,True,True,False,13,1997,3,177,2.007236471399668e-06,55466.183528974434,0.004145986080402508,40.0,0.3962880179786589,0,0,,,0.0,147,4,0.32682789193223555,1.0,0.22156533115086036,1.4299010786592343,47,0.007888793945312611,0.0,33.76704619522934,28,2908,12
3,adaptive_t0_i100ms,85,42.5,2,True,True,True,False,13,1997,3,177,2.007236471399668e-06,55466.183528974434,0.004145986080402508,40.0,0.3962880179786589,0,0,,,0.0,176,5,0.31020885623491445,1.0,0.22160847577881432,1.0455909807195802,202,0.03390502929687518,0.0,0.060494240482512396,5,2533,1
3,adaptive_t0_i100ms,85,42.5,2,True,True,True,True,13,1997,3,177,2.007236471399668e-06,55466.183528974434,0.004145986080402508,40.0,0.3962880179786589,0,0,,,0.0,177,5,0.46421561128248984,1.0,0.22160857696617597,1.1995977357671557,49,0.008224487304687646,2.007236471399668e-06,42.19292268522986,13,1997,3
3,adaptive_t0_i100ms,85,42.5,2,True,True,True,False,13,1997,3,177,2.007236471399668e-06,55466.183528974434,0.004145986080402508,40.0,0.3962880179786589,0,0,,,0.0,178,5,8.987131672902779,1.0,0.22159611370109036,9.722513797387444,322,0.054046630859375173,0.0,0.48194059082015883,21,2357,1
3,adaptive_t0_i100ms,85,42.5,2,True,True,True,False,13,1997,3,177,2.007236471399668e-06,55466.183528974434,0.004145986080402508,40.0,0.3962880179786589,0,0,,,0.0,209,6,2.868665563666381,1.0,0.2215977639906674,3.9717387503933796,352,0.05908203125000014,0.0,2.5326174343572347,14,2574,12
3,adaptive_t0_i100ms,85,42.5,2,True,True,True,False,13,1997,3,177,2.007236471399668e-06,55466.183528974434,0.004145986080402508,40.0,0.3962880179786589,0,0,,,0.0,211,6,2.049033273491265,1.0,0.22160528325079742,3.1521064602182634,55,0.009231567382812639,0.0,1.5624143578897929,30,2398,11
3,adaptive_t0_i100ms,86,43.0,2,True,True,True,False,14,2638,6,209,0.00010881875990889967,55966.18619926252,0.0014756979944650084,40.0,0.20731554483412765,0,0,,,0.0,18,0,0.5456027565287955,1.0,0.14016720876261501,5.070923985386952,413,0.06923675537109387,0.0,4.09781168493646,16,2608,6
3,adaptive_t0_i100ms,86,43.0,2,True,True,True,False,14,2638,6,209,0.00010881875990889967,55966.18619926252,0.0014756979944650084,40.0,0.20731554483412765,0,0,,,0.0,80,2,1.185748774617796,1.0,0.14015844562919147,3.448409389046874,2,0.00033569335937514225,0.0,11.618019937508507,2,3074,14
3,adaptive_t0_i100ms,86,43.0,2,True,True,True,False,14,2638,6,209,0.00010881875990889967,55966.18619926252,0.0014756979944650084,40.0,0.20731554483412765,0,0,,,0.0,81,2,0.2755252180037827,1.0,0.14013282754663603,2.5381858324328608,118,0.019805908203125153,0.0,15.310535391930898,10,2570,5
3,adaptive_t0_i100ms,86,43.0,2,True,True,True,False,14,2638,6,209,0.00010881875990889967,55966.18619926252,0.0014756979944650084,40.0,0.20731554483412765,0,0,,,0.0,114,3,0.6667459314905514,1.0,0.14018391898853574,5.192067160348707,46,0.007720947265625153,0.0,18.6175766527449,19,2547,15
3,adaptive_t0_i100ms,86,43.0,2,True,True,True,False,14,2638,6,209,0.00010881875990889967,55966.18619926252,0.0014756979944650084,40.0,0.20731554483412765,0,0,,,0.0,144,4,0.6513011437981315,1.0,0.1401732838123105,5.176622372656288,218,0.03659057617187513,0.0,4.616936391998024,4,2180,14
3,adaptive_t0_i100ms,86,43.0,2,True,True,True,True,14,2638,6,209,0.00010881875990889967,55966.18619926252,0.0014756979944650084,40.0,0.20731554483412765,0,0,,,0.0,209,6,2.8895949317988023,1.0,0.14019170219836039,7.414916160656959,113,0.01896667480468764,0.00010881875990889967,11.290865251488867,14,2638,6
3,adaptive_t0_i100ms,86,43.0,2,True,True,True,False,14,2638,6,209,0.00010881875990889967,55966.18619926252,0.0014756979944650084,40.0,0.20731554483412765,0,0,,,0.0,240,7,2.6446137159245375,1.0,0.14018921004771645,4.153054125543923,85,0.014266967773437625,0.0,14.101112467891653,7,2599,8
3,adaptive_t0_i100ms,86,43.0,2,True,True,True,False,14,2638,6,209,0.00010881875990889967,55966.18619926252,0.0014756979944650084,40.0,0.20731554483412765,0,0,,,0.0,241,7,1.2559114240034641,1.0,0.1401378214947005,2.7643518336228494,23,0.0038604736328126665,0.0,12.398010830969724,15,2895,15
3,adaptive_t0_i100ms,86,43.0,2,True,True,True,False,14,2638,6,209,0.00010881875990889967,55966.18619926252,0.0014756979944650084,40.0,0.20731554483412765,0,0,,,0.0,242,7,2.733028730685201,1.0,0.140160332939944,4.241469140304586,217,0.03642272949218765,0.0,14.57587167219026,23,2679,5
3,adaptive_t0_i100ms,87,43.5,2,True,True,True,False,7,2631,11,240,0.00013170694350264967,56466.18677146711,0.0009034934046212584,40.0,0.20675096963881517,0,0,,,0.0,51,1,0.7331235122986985,1.0,0.07061575163521257,7.285705945595411,450,0.07553100585937511,0.0,3.6191668609753833,25,2265,13
3,adaptive_t0_i100ms,87,43.5,2,True,True,True,False,7,2631,11,240,0.00013170694350264967,56466.18677146711,0.0009034934046212584,40.0,0.20675096963881517,0,0,,,0.0,147,4,0.6984487894457623,1.0,0.07060945643681017,7.2510312227424745,3,0.000503540039062611,0.0,13.803968328451447,28,2972,4
3,adaptive_t0_i100ms,87,43.5,2,True,True,True,False,7,2631,11,240,0.00013170694350264967,56466.18677146711,0.0009034934046212584,40.0,0.20675096963881517,0,0,,,0.0,177,5,0.22150769820971433,1.0,0.07059037759293518,3.4977989148580706,323,0.05421447753906267,0.0,9.899598185096693,13,2093,0
3,adaptive_t0_i100ms,87,43.5,2,True,True,True,False,7,2631,11,240,0.00013170694350264967,56466.18677146711,0.0009034934046212584,40.0,0.20675096963881517,0,0,,,0.0,178,5,2.739145582390292,1.0,0.07059779396300038,6.015436799038648,262,0.04397583007812517,0.0,7.271593815115921,21,2421,9
3,adaptive_t0_i100ms,87,43.5,2,True,True,True,True,7,2631,11,240,0.00013170694350264967,56466.18677146711,0.0009034934046212584,40.0,0.20675096963881517,0,0,,,0.0,240,7,2.7743475746435546,1.0,0.07062083968722102,6.050638791291911,21,0.003524780273437625,0.00013170694350264967,11.04229428050894,7,2631,11
3,adaptive_t0_i100ms,87,43.5,2,True,True,True,False,7,2631,11,240,0.00013170694350264967,56466.18677146711,0.0009034934046212584,40.0,0.20675096963881517,0,0,,,0.0,242,7,6.623097109825129,1.0,0.07061661335064193,9.899388326473485,172,0.02886962890625016,0.0,0.7086961980821798,23,2775,3
3,adaptive_t0_i100ms,88,44.0,2,True,True,True,False,19,2611,14,114,7.06717872526497e-05,56966.1852455882,0.0024293723108712584,40.0,0.4509068534278777,0,0,,,0.0,17,0,1.2351386515966898,1.0,0.02949323319974859,2.7444411321228213,215,0.036087036132812625,0.0,8.391703946785128,8,2632,8
3,adaptive_t0_i100ms,88,44.0,2,True,True,True,False,19,2611,14,114,7.06717872526497e-05,56966.1852455882,0.0024293723108712584,40.0,0.4509068534278777,0,0,,,0.0,18,0,0.3290594545793318,1.0,0.029499721777373585,1.8383619351054632,457,0.07670593261718762,0.0,3.9435167627962073,16,2640,3
3,adaptive_t0_i100ms,88,44.0,2,True,True,True,False,19,2611,14,114,7.06717872526497e-05,56966.1852455882,0.0024293723108712584,40.0,0.4509068534278777,0,0,,,0.0,49,1,5.340597554372933,1.0,0.02954641724007503,8.359202515425196,115,0.01930236816406261,0.0,7.164281023200601,9,2281,4
3,adaptive_t0_i100ms,88,44.0,2,True,True,True,False,19,2611,14,114,7.06717872526497e-05,56966.1852455882,0.0024293723108712584,40.0,0.4509068534278777,0,0,,,0.0,80,2,0.336854355648914,1.0,0.029450719240914816,1.0915055959119797,343,0.05757141113281264,0.0,4.38741429689253,2,3138,4
3,adaptive_t0_i100ms,88,44.0,2,True,True,True,False,19,2611,14,114,7.06717872526497e-05,56966.1852455882,0.0024293723108712584,40.0,0.4509068534278777,0,0,,,0.0,81,2,2.708206174312258,1.0,0.029535877115653874,3.462857414575324,175,0.029373168945312653,0.0,5.638745230229688,10,2602,14
3,adaptive_t0_i100ms,88,44.0,2,True,True,True,False,19,2611,14,114,7.06717872526497e-05,56966.1852455882,0.0024293723108712584,40.0,0.4509068534278777,0,0,,,0.0,82,2,2.0276528964983944,1.0,0.02954100114270581,2.7823041367614603,343,0.05757141113281264,0.0,7.2692426915309625,18,2674,1
3,adaptive_t0_i100ms,88,44.0,2,True,True,True,False,19,2611,14,114,7.06717872526497e-05,56966.1852455882,0.0024293723108712584,40.0,0.4509068534278777,0,0,,,0.0,83,2,2.2925257845429448,1.0,0.02950127555731588,3.0471770248060106,508,0.08526611328125012,0.0,0.8098876854128321,26,2778,9
3,adaptive_t0_i100ms,88,44.0,2,True,True,True,True,19,2611,14,114,7.06717872526497e-05,56966.1852455882,0.0024293723108712584,40.0,0.4509068534278777,0,0,,,0.0,114,3,1.181154098032076,1.0,0.029548438592379798,2.6904565785582077,43,0.007217407226562656,7.06717872526497e-05,5.0650818509748206,19,2611,14
3,adaptive_t0_i100ms,88,44.0,2,True,True,True,False,19,2611,14,114,7.06717872526497e-05,56966.1852455882,0.0024293723108712584,40.0,0.4509068534278777,0,0,,,0.0,115,3,4.798978220060706,1.0,0.029527457535323987,6.308280700586837,14,0.0023498535156250694,0.0,5.7643034096909105,27,2075,12
3,adaptive_t0_i100ms,88,44.0,2,True,True,True,False,19,2611,14,114,7.06717872526497e-05,56966.1852455882,0.0024293723108712584,40.0,0.4509068534278777,0,0,,,0.0,240,7,2.215549440295346,1.0,0.029499576338497566,3.221751093979434,5,0.0008392333984376388,0.0,15.095395940756134,7,2663,8
3,adaptive_t0_i100ms,88,44.0,2,True,True,True,False,19,2611,14,114,7.06717872526497e-05,56966.1852455882,0.0024293723108712584,40.0,0.4509068534278777,0,0,,,0.0,241,7,1.102553249884351,1.0,0.02949313306856637,2.108754903568439,297,0.04985046386718767,0.0,2.198815126925183,15,3023,4
3,adaptive_t0_i100ms,88,44.0,2,True,True,True,False,19,2611,14,114,7.06717872526497e-05,56966.1852455882,0.0024293723108712584,40.0,0.4509068534278777,0,0,,,0.0,242,7,1.3387053149147414,1.0,0.029512822736461882,2.344906968598829,171,0.028701782226562667,0.0,11.298443839499669,23,2807,8
3,adaptive_t0_i100ms,89,44.5,2,True,True,True,False,7,2695,6,240,9.636631002649668e-06,57466.1837197093,0.003955251217121258,40.0,0.3333531424903777,0,0,,,0.0,17,0,0.853201462497905,1.0,0.014346384674649935,6.033694743767342,367,0.061599731445312625,0.0,1.5466255398714566,8,2632,14
3,adaptive_t0_i100ms,89,44.5,2,True,True,True,False,7,2695,6,240,9.636631002649668e-06,57466.1837197093,0.003955251217121258,40.0,0.3333531424903777,0,0,,,0.0,82,2,2.670818214074513,1.0,0.014326690289021329,5.261064854709231,265,0.04447937011718764,0.0,3.1948076691187453,18,2706,14
3,adaptive_t0_i100ms,89,44.5,2,True,True,True,False,7,2695,6,240,9.636631002649668e-06,57466.1837197093,0.003955251217121258,40.0,0.3333531424903777,0,0,,,0.0,83,2,1.5715050346952122,1.0,0.014341558393056123,4.16175167532993,171,0.028701782226562625,0.0,11.413837480416987,26,2810,2
3,adaptive_t0_i100ms,89,44.5,2,True,True,True,False,7,2695,6,240,9.636631002649668e-06,57466.1837197093,0.003955251217121258,40.0,0.3333531424903777,0,0,,,0.0,177,5,0.7115562631897484,1.0,0.014355026977587837,2.4383873569462273,486,0.08157348632812517,0.0,3.688770705834031,13,2093,8
3,adaptive_t0_i100ms,89,44.5,2,True,True,True,False,7,2695,6,240,9.636631002649668e-06,57466.1837197093,0.003955251217121258,40.0,0.3333531424903777,0,0,,,0.0,178,5,1.3055682635769892,1.0,0.01431948849366076,3.032399357333468,191,0.03205871582031267,0.0,11.634149662662821,21,2453,13
3,adaptive_t0_i100ms,89,44.5,2,True,True,True,False,7,2695,6,240,9.636631002649668e-06,57466.1837197093,0.003955251217121258,40.0,0.3333531424903777,0,0,,,0.0,179,5,0.6631848608178882,1.0,0.014296767036616715,2.390015954574367,68,0.011413574218750111,0.0,12.02410085874726,29,1917,9
3,adaptive_t0_i100ms,89,44.5,2,True,True,True,False,7,2695,6,240,9.636631002649668e-06,57466.1837197093,0.003955251217121258,40.0,0.3333531424903777,0,0,,,0.0,209,6,1.2521798256904053,1.0,0.01433200670248027,6.432673106959841,44,0.007385253906250146,0.0,3.3359658481858787,14,2734,5
3,adaptive_t0_i100ms,89,44.5,2,True,True,True,True,7,2695,6,240,9.636631002649668e-06,57466.1837197093,0.003955251217121258,40.0,0.3333531424903777,0,0,,,0.0,240,7,5.069519669110156,1.0,0.014358066015745912,10.250012950379592,394,0.06613159179687514,9.636631002649668e-06,0.2422329368928331,7,2695,6
3,adaptive_t0_i100ms,90,45.0,2,True,True,True,True,17,2865,11,50,3.252481459639967e-05,57966.18429191389,0.0033830466272775084,40.0,0.2360249564552214,0,0,,,0.0,50,1,0.3333759157693077,1.0,0.19033123990266748,8.512917414521999,424,0.07116699218750004,3.252481459639967e-05,1.9419853667059215,17,2865,11
3,adaptive_t0_i100ms,90,45.0,2,True,True,True,False,17,2865,11,50,3.252481459639967e-05,57966.18429191389,0.0033830466272775084,40.0,0.2360249564552214,0,0,,,0.0,112,3,0.7098070498989199,1.0,0.1902977613466113,3.4363208828164833,124,0.02081298828125014,0.0,14.336803251666424,3,2755,10
3,adaptive_t0_i100ms,90,45.0,2,True,True,True,False,17,2865,11,50,3.252481459639967e-05,57966.18429191389,0.0033830466272775084,40.0,0.2360249564552214,0,0,,,0.0,114,3,2.7773887477105994,1.0,0.19031100970374012,5.5039025806281625,307,0.05152893066406265,0.0,2.941273110831389,19,2675,12
3,adaptive_t0_i100ms,90,45.0,2,True,True,True,False,17,2865,11,50,3.252481459639967e-05,57966.18429191389,0.0033830466272775084,40.0,0.2360249564552214,0,0,,,0.0,115,3,0.3377001560095267,1.0,0.19032345319817745,3.06421398892709,70,0.01174926757812507,0.0,13.481103280952084,27,2139,7
3,adaptive_t0_i100ms,90,45.0,2,True,True,True,False,17,2865,11,50,3.252481459639967e-05,57966.18429191389,0.0033830466272775084,40.0,0.2360249564552214,0,0,,,0.0,210,6,0.34388390519505513,1.0,0.19032400179309852,8.523425403947746,350,0.05874633789062517,0.0,4.984187271533301,22,3062,5
3,adaptive_t0_i100ms,90,45.0,2,True,True,True,False,17,2865,11,50,3.252481459639967e-05,57966.18429191389,0.0033830466272775084,40.0,0.2360249564552214,0,0,,,0.0,241,7,2.77967823040583,1.0,0.19033100441225753,10.959219729158521,131,0.021987915039062673,0.0,5.384903971229505,15,3151,5
3,adaptive_t0_i100ms,91,45.5,2,True,True,True,False,20,2580,15,146,0.00013933633803389967,58466.18696220197,0.0007127585413400084,40.0,0.050493340244283896,0,0,,,0.0,81,2,1.1400819549224854,1.0,0.13136483174211136,15.370518848274266,180,0.030212402343750153,0.0,0.053762929477670696,10,2730,14
3,adaptive_t0_i100ms,91,45.5,2,True,True,True,True,20,2580,15,146,0.00013933633803389967,58466.18696220197,0.0007127585413400084,40.0,0.050493340244283896,0,0,,,0.0,146,4,10.399044258373953,1.0,0.13137156536053585,24.629481151725734,120,0.020141601562500153,0.00013933633803389967,2.726910149343894,20,2580,15
3,adaptive_t0_i100ms,92,46.0,2,True,True,True,False,15,3183,15,241,2.5577493361197425e-05,58966.184118230856,0.0035567296581575647,40.0,0.5284908484894549,0,0,,,0.0,17,0,1.2553205316080676,1.0,0.3562145165524164,1.7418926921253535,25,0.004196166992187632,0.0,16.805337613499432,8,2760,15
3,adaptive_t0_i100ms,92,46.0,2,True,True,True,False,15,3183,15,241,2.5577493361197425e-05,58966.184118230856,0.0035567296581575647,40.0,0.5284908484894549,0,0,,,0.0,19,0,0.741956588180938,1.0,0.3561006839181812,1.228528748698224,60,0.010070800781250111,0.0,55.759277227465645,24,2264,10
3,adaptive_t0_i100ms,92,46.0,2,True,True,True,False,15,3183,15,241,2.5577493361197425e-05,58966.184118230856,0.0035567296581575647,40.0,0.5284908484894549,0,0,,,0.0,48,1,0.7693697755470047,1.0,0.35606308733331127,1.0126558558056478,145,0.024337768554687667,0.0,48.686550725091365,1,2241,6
3,adaptive_t0_i100ms,92,46.0,2,True,True,True,False,15,3183,15,241,2.5577493361197425e-05,58966.184118230856,0.0035567296581575647,40.0,0.5284908484894549,0,0,,,0.0,49,1,0.3318138706030611,1.0,0.3560990427060677,0.5750999508617041,105,0.017623901367187625,0.0,55.629226713921526,9,2441,4
3,adaptive_t0_i100ms,92,46.0,2,True,True,True,False,15,3183,15,241,2.5577493361197425e-05,58966.184118230856,0.0035567296581575647,40.0,0.5284908484894549,0,0,,,0.0,50,1,8.754827491729055,1.0,0.356220434002417,8.998113571987698,178,0.02987670898437504,0.0,2.388780485576717,17,2897,9
3,adaptive_t0_i100ms,92,46.0,2,True,True,True,False,15,3183,15,241,2.5577493361197425e-05,58966.184118230856,0.0035567296581575647,40.0,0.5284908484894549,0,0,,,0.0,51,1,0.6892401359335247,1.0,0.3561327916064037,0.9325262161921677,398,0.06680297851562514,0.0,8.303143532815739,25,2425,8
3,adaptive_t0_i100ms,92,46.0,2,True,True,True,False,15,3183,15,241,2.5577493361197425e-05,58966.184118230856,0.0035567296581575647,40.0,0.5284908484894549,0,0,,,0.0,80,2,2.6594510020889808,1.0,0.3561964774495835,2.983832442433838,294,0.04934692382812515,0.0,9.21068110698252,2,3202,1
3,adaptive_t0_i100ms,92,46.0,2,True,True,True,False,15,3183,15,241,2.5577493361197425e-05,58966.184118230856,0.0035567296581575647,40.0,0.5284908484894549,0,0,,,0.0,81,2,2.5709566109223134,1.0,0.356189977023268,2.8953380512671707,87,0.014602661132812653,0.0,18.522520085556607,10,2762,14
3,adaptive_t0_i100ms,92,46.0,2,True,True,True,False,15,3183,15,241,2.5577493361197425e-05,58966.184118230856,0.0035567296581575647,40.0,0.5284908484894549,0,0,,,0.0,83,2,2.871552239600926,1.0,0.3561834920116533,3.1959336799457834,322,0.054046630859375125,0.0,7.417725467152195,26,2842,10
3,adaptive_t0_i100ms,92,46.0,2,True,True,True,False,15,3183,15,241,2.5577493361197425e-05,58966.184118230856,0.0035567296581575647,40.0,0.5284908484894549,0,0,,,0.0,112,3,0.7350094291155734,1.0,0.3561089404441941,1.2215815896328595,423,0.07099914550781264,0.0,11.442339578192332,3,2787,13
3,adaptive_t0_i100ms,92,46.0,2,True,True,True,False,15,3183,15,241,2.5577493361197425e-05,58966.184118230856,0.0035567296581575647,40.0,0.5284908484894549,0,0,,,0.0,114,3,0.744941206925822,1.0,0.3561780413295001,1.231513367443108,354,0.0593338012695314,0.0,8.08104284932051,19,2707,11
3,adaptive_t0_i100ms,92,46.0,2,True,True,True,False,15,3183,15,241,2.5577493361197425e-05,58966.184118230856,0.0035567296581575647,40.0,0.5284908484894549,0,0,,,0.0,144,4,1.2822453340253432,1.0,0.3561667886696032,1.7688174945426292,48,0.008056640625000139,0.0,22.850898917662562,4,2308,4
3,adaptive_t0_i100ms,92,46.0,2,True,True,True,False,15,3183,15,241,2.5577493361197425e-05,58966.184118230856,0.0035567296581575647,40.0,0.5284908484894549,0,0,,,0.0,145,4,0.32327911403551424,1.0,0.3560509603074454,0.8098512745528001,68,0.011413574218750097,0.0,69.63361680229718,12,2604,6
3,adaptive_t0_i100ms,92,46.0,2,True,True,True,False,15,3183,15,241,2.5577493361197425e-05,58966.184118230856,0.0035567296581575647,40.0,0.5284908484894549,0,0,,,0.0,177,5,2.7851360780532124,1.0,0.35618039955943126,3.2717082385704983,154,0.025848388671875167,0.0,18.19971139424888,13,2157,8
3,adaptive_t0_i100ms,92,46.0,2,True,True,True,False,15,3183,15,241,2.5577493361197425e-05,58966.184118230856,0.0035567296581575647,40.0,0.5284908484894549,0,0,,,0.0,179,5,1.3281218465777842,1.0,0.3561523637794021,1.8146940070950701,105,0.01762390136718761,0.0,34.56235883093905,29,2013,5
3,adaptive_t0_i100ms,92,46.0,2,True,True,True,False,15,3183,15,241,2.5577493361197425e-05,58966.184118230856,0.0035567296581575647,40.0,0.5284908484894549,0,0,,,0.0,209,6,2.7227822852609758,1.0,0.3561896765330573,3.2093544457782617,123,0.020645141601562646,0.0,12.311627433249669,14,2862,2
3,adaptive_t0_i100ms,92,46.0,2,True,True,True,False,15,3183,15,241,2.5577493361197425e-05,58966.184118230856,0.0035567296581575647,40.0,0.5284908484894549,0,0,,,0.0,210,6,0.3389849819238794,1.0,0.3561233110597871,0.8255571424411653,161,0.027023315429687667,0.0,51.61919106935238,22,3062,11
3,adaptive_t0_i100ms,92,46.0,2,True,True,True,True,15,3183,15,241,2.5577493361197425e-05,58966.184118230856,0.0035567296581575647,40.0,0.5284908484894549,0,0,,,0.0,241,7,1.3098569095914492,1.0,0.35622759446239605,2.283001230626021,99,0.016616821289062667,2.5577493361197425e-05,34.70532850866584,15,3183,15
3,adaptive_t0_i100ms,93,46.5,2,True,True,True,False,19,2707,14,114,0.00010118936537764967,59466.18600852766,0.0016664328577462584,40.0,0.22258196329115892,0,0,,,0.0,16,0,0.1821489440799545,1.0,0.027978511272943218,7.655808339349933,187,0.03138732910156264,0.0,2.67486348044622,0,2848,0
3,adaptive_t0_i100ms,93,46.5,2,True,True,True,False,19,2707,14,114,0.00010118936537764967,59466.18600852766,0.0016664328577462584,40.0,0.22258196329115892,0,0,,,0.0,48,1,0.19631171295010216,1.0,0.02796101433900312,7.669971108220081,468,0.07855224609375017,0.0,0.7094913720575278,1,2241,9
3,adaptive_t0_i100ms,93,46.5,2,True,True,True,True,19,2707,14,114,0.00010118936537764967,59466.18600852766,0.0016664328577462584,40.0,0.22258196329115892,0,0,,,0.0,114,3,0.1900785409392392,1.0,0.027978542741903183,3.926908238574229,366,0.0613479614257814,0.00010118936537764967,1.0743736841905047,19,2707,14
3,adaptive_t0_i100ms,93,46.5,2,True,True,True,False,19,2707,14,114,0.00010118936537764967,59466.18600852766,0.0016664328577462584,40.0,0.22258196329115892,0,0,,,0.0,115,3,1.0027863761843476,1.0,0.027947994001667375,4.739616073819337,166,0.02786254882812507,0.0,0.3590824689963483,27,2203,12
3,adaptive_t0_i100ms,93,46.5,2,True,True,True,False,19,2707,14,114,0.00010118936537764967,59466.18600852766,0.0016664328577462584,40.0,0.22258196329115892,0,0,,,0.0,144,4,0.42852709845886244,1.0,0.027973012472849,7.902186493728841,36,0.006042480468750139,0.0,0.7890031351344078,4,2340,5
3,adaptive_t0_i100ms,93,46.5,2,True,True,True,False,19,2707,14,114,0.00010118936537764967,59466.18600852766,0.0016664328577462584,40.0,0.22258196329115892,0,0,,,0.0,208,6,0.6318503510375978,1.0,0.027958426886245814,8.105509746307577,103,0.01728820800781257,0.0,7.4568561772757675,6,3270,6
3,adaptive_t0_i100ms,94,47.0,2,True,True,True,True,23,2935,11,242,0.00015255664358846847,59966.18729270961,0.0003822509024757892,40.0,0.04177853320608847,0,0,,,0.0,242,7,10.39570208706272,1.0,0.0032177743971437264,40.0,248,0.04162597656250018,0.00015255664358846847,1.4885702676692745,23,2935,11
3,adaptive_t0_i100ms,95,47.5,2,True,True,True,False,31,2911,11,243,6.304239272139967e-05,60466.18505485334,0.0026201071741525084,40.0,0.19988451456069015,0,0,,,0.0,17,0,8.83310251219298,1.0,0.21396771058031375,11.08955546090089,58,0.009735107421875139,0.0,2.815198331285501,8,2888,15
3,adaptive_t0_i100ms,95,47.5,2,True,True,True,False,31,2911,11,243,6.304239272139967e-05,60466.18505485334,0.0026201071741525084,40.0,0.19988451456069015,0,0,,,0.0,19,0,0.29581498274554646,1.0,0.2139641954879575,2.5522679314534567,98,0.01644897460937511,0.0,7.0062940703646746,24,2296,2
3,adaptive_t0_i100ms,95,47.5,2,True,True,True,False,31,2911,11,243,6.304239272139967e-05,60466.18505485334,0.0026201071741525084,40.0,0.19988451456069015,0,0,,,0.0,81,2,1.2213623600813115,1.0,0.2139223014131848,2.7256643258865854,5,0.0008392333984376596,0.0,12.859020194176992,10,2826,8
3,adaptive_t0_i100ms,95,47.5,2,True,True,True,False,31,2911,11,243,6.304239272139967e-05,60466.18505485334,0.0026201071741525084,40.0,0.19988451456069015,0,0,,,0.0,82,2,4.7955393769224965,1.0,0.21395985563736836,6.29984134272777,202,0.03390502929687514,0.0,6.447561698500067,18,2930,0
3,adaptive_t0_i100ms,95,47.5,2,True,True,True,False,31,2911,11,243,6.304239272139967e-05,60466.18505485334,0.0026201071741525084,40.0,0.19988451456069015,0,0,,,0.0,83,2,4.907509130257447,1.0,0.2139480439304339,6.411811096062721,214,0.035919189453125125,0.0,3.0136373443965567,26,2938,3
3,adaptive_t0_i100ms,95,47.5,2,True,True,True,False,31,2911,11,243,6.304239272139967e-05,60466.18505485334,0.0026201071741525084,40.0,0.19988451456069015,0,0,,,0.0,145,4,0.6036697074914625,1.0,0.21391526918448697,2.8601226561993727,122,0.020477294921875097,0.0,4.660270989777928,12,2636,1
3,adaptive_t0_i100ms,95,47.5,2,True,True,True,False,31,2911,11,243,6.304239272139967e-05,60466.18505485334,0.0026201071741525084,40.0,0.19988451456069015,0,0,,,0.0,147,4,0.7545235557116676,1.0,0.2139440716542504,3.010976504419578,395,0.06621551513671886,0.0,2.2643426172580803,28,3036,15
3,adaptive_t0_i100ms,95,47.5,2,True,True,True,True,31,2911,11,243,6.304239272139967e-05,60466.18505485334,0.0026201071741525084,40.0,0.19988451456069015,0,0,,,0.0,243,7,0.5368547849338043,1.0,0.21397204228097955,5.049760682349625,97,0.01628112792968763,6.304239272139967e-05,0.679995327067445,31,2911,11
3,adaptive_t0_i100ms,96,48.0,2,True,True,True,True,2,3298,7,80,8.59305763151497e-05,60966.18562705793,0.0020479025843087584,40.0,0.3731251761817839,0,0,,,0.0,80,2,1.27726228273499,1.0,0.24893048876654617,5.091799384916971,245,0.04112243652343767,8.59305763151497e-05,6.0711612948798575,2,3298,7
3,adaptive_t0_i100ms,96,48.0,2,True,True,True,False,2,3298,7,80,8.59305763151497e-05,60966.18562705793,0.0020479025843087584,40.0,0.3731251761817839,0,0,,,0.0,113,3,1.1771360335780594,1.0,0.24891987387759926,3.0844045846690498,82,0.013763427734375083,0.0,2.835647207124566,11,2603,8
3,adaptive_t0_i100ms,96,48.0,2,True,True,True,False,2,3298,7,80,8.59305763151497e-05,60966.18562705793,0.0020479025843087584,40.0,0.3731251761817839,0,0,,,0.0,114,3,1.5002031256772335,1.0,0.24888270484046496,3.407471676768224,288,0.04833984375000015,0.0,9.758661417821713,19,2771,8
3,adaptive_t0_i100ms,96,48.0,2,True,True,True,False,2,3298,7,80,8.59305763151497e-05,60966.18562705793,0.0020479025843087584,40.0,0.3731251761817839,0,0,,,0.0,145,4,0.6204305109061115,1.0,0.24885055558554522,1.891942878300105,157,0.026351928710937597,0.0,7.837766763099353,12,2636,9
3,adaptive_t0_i100ms,96,48.0,2,True,True,True,False,2,3298,7,80,8.59305763151497e-05,60966.18562705793,0.0020479025843087584,40.0,0.3731251761817839,0,0,,,0.0,146,4,10.094698037334387,1.0,0.24892843473395465,11.366210404728381,268,0.04498291015625016,0.0,1.2291037503964617,20,2740,5
3,adaptive_t0_i100ms,96,48.0,2,True,True,True,False,2,3298,7,80,8.59305763151497e-05,60966.18562705793,0.0020479025843087584,40.0,0.3731251761817839,0,0,,,0.0,147,4,0.7182685104285632,1.0,0.24888119794918445,1.989780877822557,235,0.03944396972656261,0.0,17.428309118571633,28,3132,2
3,adaptive_t0_i100ms,96,48.0,2,True,True,True,False,2,3298,7,80,8.59305763151497e-05,60966.18562705793,0.0020479025843087584,40.0,0.3731251761817839,0,0,,,0.0,210,6,0.3130587854811719,1.0,0.2489293530488792,4.127595887663152,490,0.08216094970703142,0.0,3.5367032619105885,22,3126,0
3,adaptive_t0_i100ms,96,48.0,2,True,True,True,False,2,3298,7,80,8.59305763151497e-05,60966.18562705793,0.0020479025843087584,40.0,0.3731251761817839,0,0,,,0.0,241,7,4.907036841295608,1.0,0.2489282045099891,6.814305392386599,267,0.04481506347656267,0.0,6.864206193189602,15,3343,0
3,adaptive_t0_i100ms,96,48.0,2,True,True,True,False,2,3298,7,80,8.59305763151497e-05,60966.18562705793,0.0020479025843087584,40.0,0.3731251761817839,0,0,,,0.0,243,7,0.3192203616539726,1.0,0.24888140585826848,2.226488912744963,191,0.032058715820312625,0.0,7.389973062003264,31,2943,3
3,adaptive_t0_i100ms,97,48.5,2,True,True,True,False,31,2943,8,243,0.00010881875990889967,61466.18619926252,0.0014756979944650084,40.0,0.4271107718849089,0,0,,,0.0,17,0,0.6864297159204504,1.0,0.7443798196225049,4.351097907162342,514,0.08627319335937515,0.0,0.7381406524145859,8,3016,2
3,adaptive_t0_i100ms,97,48.5,2,True,True,True,False,31,2943,8,243,0.00010881875990889967,61466.18619926252,0.0014756979944650084,40.0,0.4271107718849089,0,0,,,0.0,48,1,0.3089763430957762,1.0,0.7443595892641809,2.141310438716722,88,0.014770507812500167,0.0,8.477090860309545,1,2305,7
3,adaptive_t0_i100ms,97,48.5,2,True,True,True,False,31,2943,8,243,0.00010881875990889967,61466.18619926252,0.0014756979944650084,40.0,0.4271107718849089,0,0,,,0.0,49,1,0.6736231913696957,1.0,0.7443370442601366,2.5059572869906415,270,0.045318603515625125,0.0,0.08090287085360615,9,2473,7
3,adaptive_t0_i100ms,97,48.5,2,True,True,True,False,31,2943,8,243,0.00010881875990889967,61466.18619926252,0.0014756979944650084,40.0,0.4271107718849089,0,0,,,0.0,82,2,0.36240095065716144,1.0,0.7443726277567958,2.1947350462781072,158,0.02651977539062514,0.0,33.2311397017329,18,2962,4
3,adaptive_t0_i100ms,97,48.5,2,True,True,True,False,31,2943,8,243,0.00010881875990889967,61466.18619926252,0.0014756979944650084,40.0,0.4271107718849089,0,0,,,0.0,83,2,5.10484975931115,1.0,0.7443815694788342,6.937183854932096,151,0.02534484863281264,0.0,1.9385856839144253,26,3002,13
3,adaptive_t0_i100ms,97,48.5,2,True,True,True,False,31,2943,8,243,0.00010881875990889967,61466.18619926252,0.0014756979944650084,40.0,0.4271107718849089,0,0,,,0.0,114,3,1.485070659280546,1.0,0.7443717857915881,5.1497388505224375,63,0.010574340820312653,0.0,1.9748588526854292,19,2803,2
3,adaptive_t0_i100ms,97,48.5,2,True,True,True,False,31,2943,8,243,0.00010881875990889967,61466.18619926252,0.0014756979944650084,40.0,0.4271107718849089,0,0,,,0.0,146,4,0.33928578963884687,1.0,0.7443552752636214,4.0039539808807385,333,0.05589294433593767,0.0,7.971158487111097,20,2772,4
3,adaptive_t0_i100ms,97,48.5,2,True,True,True,False,31,2943,8,243,0.00010881875990889967,61466.18619926252,0.0014756979944650084,40.0,0.4271107718849089,0,0,,,0.0,177,5,0.685010325156231,1.0,0.744373342361776,4.349678516398122,343,0.05757141113281267,0.0,6.092775674573204,13,2221,6
3,adaptive_t0_i100ms,97,48.5,2,True,True,True,False,31,2943,8,243,0.00010881875990889967,61466.18619926252,0.0014756979944650084,40.0,0.4271107718849089,0,0,,,0.0,208,6,0.721007332207488,1.0,0.744359212181802,4.38567552344938,381,0.06394958496093758,0.0,8.63713754019409,6,3302,6
3,adaptive_t0_i100ms,97,48.5,2,True,True,True,True,31,2943,8,243,0.00010881875990889967,61466.18619926252,0.0014756979944650084,40.0,0.4271107718849089,0,0,,,0.0,243,7,0.31600040342752467,1.0,0.7443965615414789,3.980668594669416,243,0.040786743164062625,0.00010881875990889967,3.160577944421675,31,2943,8
3,adaptive_t0_i100ms,98,49.0,2,True,True,True,False,20,2772,7,146,0.0001317069435026497,61966.18677146711,0.0009034934046212584,40.0,0.21883593057631517,0,0,,,0.0,16,0,0.8638560786407853,1.0,0.28733815712897376,6.655966378970297,486,0.08157348632812515,0.0,1.0891973291873,0,2880,2
3,adaptive_t0_i100ms,98,49.0,2,True,True,True,False,20,2772,7,146,0.0001317069435026497,61966.18677146711,0.0009034934046212584,40.0,0.21883593057631517,0,0,,,0.0,50,1,2.8732251148933483,1.0,0.28732565699980184,5.769280265058104,380,0.06378173828125007,0.0,5.274841324229783,17,3249,5
3,adaptive_t0_i100ms,98,49.0,2,True,True,True,False,20,2772,7,146,0.0001317069435026497,61966.18677146711,0.0009034934046212584,40.0,0.21883593057631517,0,0,,,0.0,51,1,0.8936375622714006,1.0,0.28734902280807223,3.7896927124361564,16,0.0026855468750001527,0.0,17.284102263642126,25,2521,9
3,adaptive_t0_i100ms,98,49.0,2,True,True,True,False,20,2772,7,146,0.0001317069435026497,61966.18677146711,0.0009034934046212584,40.0,0.21883593057631517,0,0,,,0.0,80,2,0.8858012747756727,1.0,0.28734630433783676,6.677911575105185,54,0.009063720703125167,0.0,14.725325066778169,2,3362,6
3,adaptive_t0_i100ms,98,49.0,2,True,True,True,False,20,2772,7,146,0.0001317069435026497,61966.18677146711,0.0009034934046212584,40.0,0.21883593057631517,0,0,,,0.0,145,4,4.443726940521157,1.0,0.287343107858938,7.339782090685913,13,0.002182006835937597,0.0,3.6047706942408695,12,2732,11
3,adaptive_t0_i100ms,98,49.0,2,True,True,True,True,20,2772,7,146,0.0001317069435026497,61966.18677146711,0.0009034934046212584,40.0,0.21883593057631517,0,0,,,0.0,146,4,0.536812914456581,1.0,0.28735367359541214,3.4328680646213368,284,0.04766845703125017,0.0001317069435026497,8.994437613459013,20,2772,7
3,adaptive_t0_i100ms,98,49.0,2,True,True,True,False,20,2772,7,146,0.0001317069435026497,61966.18677146711,0.0009034934046212584,40.0,0.21883593057631517,0,0,,,0.0,242,7,0.542388612793495,1.0,0.2873414718304162,6.3344989131230065,70,0.011749267578125194,0.0,19.741359954008658,23,2999,12
3,adaptive_t0_i100ms,99,49.5,2,True,True,True,False,3,2915,15,112,7.067178725264967e-05,62466.1852455882,0.0024293723108712584,40.0,0.3892231986427214,0,0,,,0.0,16,0,0.7105328660349857,1.0,0.25293527334695687,2.0648419302935275,219,0.03675842285156265,0.0,23.988833659335796,0,2880,8
3,adaptive_t0_i100ms,99,49.5,2,True,True,True,False,3,2915,15,112,7.067178725264967e-05,62466.1852455882,0.0024293723108712584,40.0,0.3892231986427214,0,0,,,0.0,18,0,0.3747592398156337,1.0,0.2529166773619681,1.7290683040741754,175,0.029373168945312625,0.0,22.407595323551504,16,2768,11
3,adaptive_t0_i100ms,99,49.5,2,True,True,True,False,3,2915,15,112,7.067178725264967e-05,62466.1852455882,0.0024293723108712584,40.0,0.3892231986427214,0,0,,,0.0,48,1,0.6518925202179024,1.0,0.2529023388190414,2.006201584476444,340,0.05706787109375018,0.0,2.6319126612943364,1,2337,3
3,adaptive_t0_i100ms,99,49.5,2,True,True,True,False,3,2915,15,112,7.067178725264967e-05,62466.1852455882,0.0024293723108712584,40.0,0.3892231986427214,0,0,,,0.0,49,1,2.4440959117693053,1.0,0.2529086899222956,3.798404976027847,117,0.019638061523437625,0.0,0.5293444969211123,9,2505,10
3,adaptive_t0_i100ms,99,49.5,2,True,True,True,False,3,2915,15,112,7.067178725264967e-05,62466.1852455882,0.0024293723108712584,40.0,0.3892231986427214,0,0,,,0.0,81,2,1.482311691757857,1.0,0.2529362261647924,4.19092982027494,217,0.03642272949218767,0.0,13.240949992381502,10,2922,15
3,adaptive_t0_i100ms,99,49.5,2,True,True,True,True,3,2915,15,112,7.067178725264967e-05,62466.1852455882,0.0024293723108712584,40.0,0.3892231986427214,0,0,,,0.0,112,3,1.3988795139853696,1.0,0.25294501622596954,2.753188578243911,360,0.06042480468750014,7.067178725264967e-05,9.268725845562585,3,2915,15
3,adaptive_t0_i100ms,99,49.5,2,True,True,True,False,3,2915,15,112,7.067178725264967e-05,62466.1852455882,0.0024293723108712584,40.0,0.3892231986427214,0,0,,,0.0,113,3,2.6983297392538965,1.0,0.2529417137171085,4.052638803512439,157,0.026268005371093833,0.0,3.942005264128966,11,2795,5
3,adaptive_t0_i100ms,99,49.5,2,True,True,True,False,3,2915,15,112,7.067178725264967e-05,62466.1852455882,0.0024293723108712584,40.0,0.3892231986427214,0,0,,,0.0,178,5,0.36368366932220053,1.0,0.2529301690802709,1.7179927335807423,178,0.02987670898437518,0.0,31.113826583270566,21,2741,5
3,adaptive_t0_i100ms,99,49.5,2,True,True,True,False,3,2915,15,112,7.067178725264967e-05,62466.1852455882,0.0024293723108712584,40.0,0.3892231986427214,0,0,,,0.0,179,5,0.7213836010533135,1.0,0.2528907669461959,2.0756926653118555,96,0.01611328125000014,0.0,26.904862053110264,29,2205,7
3,adaptive_t0_i100ms,99,49.5,2,True,True,True,False,3,2915,15,112,7.067178725264967e-05,62466.1852455882,0.0024293723108712584,40.0,0.3892231986427214,0,0,,,0.0,208,6,9.116167889838456,1.0,0.25294219617927255,10.470476954096998,60,0.010070800781250083,0.0,2.3009886385843856,6,3334,6
3,adaptive_t0_i100ms,99,49.5,2,True,True,True,False,3,2915,15,112,7.067178725264967e-05,62466.1852455882,0.0024293723108712584,40.0,0.3892231986427214,0,0,,,0.0,211,6,0.710688400959168,1.0,0.25287667231640937,2.0649974652177097,131,0.02198791503906264,0.0,32.70485333758552,30,2718,7
3,adaptive_t0_i100ms,99,49.5,2,True,True,True,False,3,2915,15,112,7.067178725264967e-05,62466.1852455882,0.0024293723108712584,40.0,0.3892231986427214,0,0,,,0.0,240,7,0.3669480563723269,1.0,0.25290649623713357,3.0755661848894107,269,0.04515075683593765,0.0,10.12456998018024,7,2855,4
3,adaptive_t0_i100ms,100,50.0,2,True,True,True,False,19,2931,15,114,7.182410539826382e-05,62966.18527439616,0.0024005643572309054,40.0,0.08877879432024202,0,0,,,0.0,113,3,4.914479328027187,1.0,0.08083297238907731,11.127466146247276,290,0.04859161376953133,0.0,2.664584878788446,11,2891,0
3,adaptive_t0_i100ms,100,50.0,2,True,True,True,True,19,2931,15,114,7.182410539826382e-05,62966.18527439616,0.0024005643572309054,40.0,0.08877879432024202,0,0,,,0.0,114,3,9.857621188492033,1.0,0.08083996395294094,16.07060800671212,188,0.03155517578125018,7.182410539826382e-05,3.114436417912657,19,2931,15
3,adaptive_t0_i100ms,100,50.0,2,True,True,True,False,19,2931,15,114,7.182410539826382e-05,62966.18527439616,0.0024005643572309054,40.0,0.08877879432024202,0,0,,,0.0,177,5,0.3759522106004296,1.0,0.08083245365243955,12.801925847040605,51,0.008560180664062667,0.0,6.562466521012539,13,2253,5
3,adaptive_t0_i100ms,101,50.5,2,True,True,True,False,22,3190,15,210,0.0001164481544401497,63466.18638999738,0.0012849631311837584,40.0,0.3000584647560027,0,0,,,0.0,51,1,0.6913236130650905,1.0,0.010965657081502135,6.155506592841692,463,0.07771301269531265,0.0,1.6009073390741833,25,2553,10
3,adaptive_t0_i100ms,101,50.5,2,True,True,True,False,22,3190,15,210,0.0001164481544401497,63466.18638999738,0.0012849631311837584,40.0,0.3000584647560027,0,0,,,0.0,80,2,0.6951244368752033,1.0,0.010982437989136838,3.427215926763504,173,0.029037475585937667,0.0,0.9915746239348664,2,3394,15
3,adaptive_t0_i100ms,101,50.5,2,True,True,True,False,22,3190,15,210,0.0001164481544401497,63466.18638999738,0.0012849631311837584,40.0,0.3000584647560027,0,0,,,0.0,82,2,0.6337854794718809,1.0,0.010959794084350228,3.3658769693601815,256,0.042968750000000146,0.0,2.861542105078115,18,2994,4
3,adaptive_t0_i100ms,101,50.5,2,True,True,True,False,22,3190,15,210,0.0001164481544401497,63466.18638999738,0.0012849631311837584,40.0,0.3000584647560027,0,0,,,0.0,114,3,2.709072720277571,1.0,0.010967537321905071,8.173255700054172,250,0.04196166992187518,0.0,2.0157163726107683,19,2995,13
3,adaptive_t0_i100ms,101,50.5,2,True,True,True,False,22,3190,15,210,0.0001164481544401497,63466.18638999738,0.0012849631311837584,40.0,0.3000584647560027,0,0,,,0.0,147,4,0.3331481246481051,1.0,0.010954611408823759,5.797331104424706,90,0.015106201171875111,0.0,7.783584660486667,28,3260,3
3,adaptive_t0_i100ms,101,50.5,2,True,True,True,False,22,3190,15,210,0.0001164481544401497,63466.18638999738,0.0012849631311837584,40.0,0.3000584647560027,0,0,,,0.0,177,5,0.3205764973028936,1.0,0.010943675291040811,3.052667987191194,373,0.06260681152343767,0.0,1.8559811914237798,13,2253,8
3,adaptive_t0_i100ms,101,50.5,2,True,True,True,False,22,3190,15,210,0.0001164481544401497,63466.18638999738,0.0012849631311837584,40.0,0.3000584647560027,0,0,,,0.0,179,5,1.199817424543267,1.0,0.010958318244140838,3.9319089144315678,142,0.02383422851562514,0.0,2.7644340971746715,29,2237,6
3,adaptive_t0_i100ms,101,50.5,2,True,True,True,True,22,3190,15,210,0.0001164481544401497,63466.18638999738,0.0012849631311837584,40.0,0.3000584647560027,0,0,,,0.0,210,6,0.6320538251563839,1.0,0.010982810125404299,6.096236804932985,40,0.0067138671875001735,0.0001164481544401497,5.344115470965335,22,3190,15
3,adaptive_t0_i100ms,102,51.0,2,True,True,True,False,25,2553,14,51,5.541299819014967e-05,63966.18486411848,0.0028108420374337584,40.0,0.2890034720802214,0,0,,,0.0,48,1,0.5472462079140843,1.0,0.06918030806282698,1.9613954883594378,47,0.00788879394531268,0.0,4.885939638719719,1,2369,12
3,adaptive_t0_i100ms,102,51.0,2,True,True,True,False,25,2553,14,51,5.541299819014967e-05,63966.18486411848,0.0028108420374337584,40.0,0.2890034720802214,0,0,,,0.0,50,1,10.007278022042403,1.0,0.069256809656242,11.421427302487757,27,0.004531860351562583,0.0,5.4617263598847785,17,3345,12
3,adaptive_t0_i100ms,102,51.0,2,True,True,True,True,25,2553,14,51,5.541299819014967e-05,63966.18486411848,0.0028108420374337584,40.0,0.2890034720802214,0,0,,,0.0,51,1,0.7026645397139611,1.0,0.06926569078643205,2.1168138201593147,153,0.025680541992187653,5.541299819014967e-05,38.60984368175559,25,2553,14
3,adaptive_t0_i100ms,102,51.0,2,True,True,True,False,25,2553,14,51,5.541299819014967e-05,63966.18486411848,0.0028108420374337584,40.0,0.2890034720802214,0,0,,,0.0,80,2,0.3022525562538507,1.0,0.06924318330369615,4.544700397589912,66,0.011077880859375167,0.0,7.349662832806644,2,3426,5
3,adaptive_t0_i100ms,102,51.0,2,True,True,True,False,25,2553,14,51,5.541299819014967e-05,63966.18486411848,0.0028108420374337584,40.0,0.2890034720802214,0,0,,,0.0,112,3,0.3052600443757796,1.0,0.06923670533737589,1.719409324821133,191,0.032058715820312646,0.0,1.1888241844135337,3,3075,9
3,adaptive_t0_i100ms,102,51.0,2,True,True,True,False,25,2553,14,51,5.541299819014967e-05,63966.18486411848,0.0028108420374337584,40.0,0.2890034720802214,0,0,,,0.0,113,3,1.4182262818880973,1.0,0.06921162480516249,2.832375562333451,69,0.011581420898437583,0.0,8.757474942234694,11,2955,3
3,adaptive_t0_i100ms,102,51.0,2,True,True,True,False,25,2553,14,51,5.541299819014967e-05,63966.18486411848,0.0028108420374337584,40.0,0.2890034720802214,0,0,,,0.0,114,3,1.6068880544554853,1.0,0.06924224704540045,3.021037334900839,175,0.02928924560546893,0.0,8.95828712497314,19,3059,14
3,adaptive_t0_i100ms,102,51.0,2,True,True,True,False,25,2553,14,51,5.541299819014967e-05,63966.18486411848,0.0028108420374337584,40.0,0.2890034720802214,0,0,,,0.0,145,4,1.8902681725526642,1.0,0.06923878219100281,4.011492093220695,349,0.0585784912109376,0.0,9.05287743268127,12,2860,0
3,adaptive_t0_i100ms,102,51.0,2,True,True,True,False,25,2553,14,51,5.541299819014967e-05,63966.18486411848,0.0028108420374337584,40.0,0.2890034720802214,0,0,,,0.0,147,4,0.3386133053152195,1.0,0.06920768775846182,2.4598372259832497,198,0.03323364257812511,0.0,25.464490824218956,28,3260,6
3,adaptive_t0_i100ms,102,51.0,2,True,True,True,False,25,2553,14,51,5.541299819014967e-05,63966.18486411848,0.0028108420374337584,40.0,0.2890034720802214,0,0,,,0.0,240,7,0.35378701475151475,1.0,0.06919869007043815,1.7679362951968682,69,0.011581420898437653,0.0,42.75445667006716,7,2855,13
3,adaptive_t0_i100ms,102,51.0,2,True,True,True,False,25,2553,14,51,5.541299819014967e-05,63966.18486411848,0.0028108420374337584,40.0,0.2890034720802214,0,0,,,0.0,241,7,0.3301882954688598,1.0,0.06918413088427991,1.7443375759142132,60,0.010070800781250167,0.0,47.767657061252976,15,3407,0
3,adaptive_t0_i100ms,102,51.0,2,True,True,True,False,25,2553,14,51,5.541299819014967e-05,63966.18486411848,0.0028108420374337584,40.0,0.2890034720802214,0,0,,,0.0,243,7,0.9850882985877736,1.0,0.06925799913886337,2.399237579033127,318,0.053375244140625125,0.0,17.498669705986686,31,3007,1
3,adaptive_t0_i100ms,103,51.5,2,True,True,True,False,26,3066,2,83,7.830118178389967e-05,64466.18543632307,0.0022386374475900084,40.0,0.33510027383803387,0,0,,,0.0,48,1,0.22910191540631125,1.0,0.0470114440898664,1.3753622255005344,55,0.00923156738281268,0.0,1.5763974266010337,1,2401,14
3,adaptive_t0_i100ms,103,51.5,2,True,True,True,False,26,3066,2,83,7.830118178389967e-05,64466.18543632307,0.0022386374475900084,40.0,0.33510027383803387,0,0,,,0.0,49,1,1.465694056416063,1.0,0.04710707034979074,2.611954366510286,254,0.04263305664062514,0.0,2.7884781886532437,9,2761,13
3,adaptive_t0_i100ms,103,51.5,2,True,True,True,False,26,3066,2,83,7.830118178389967e-05,64466.18543632307,0.0022386374475900084,40.0,0.33510027383803387,0,0,,,0.0,50,1,0.7126492755036915,1.0,0.04703175111570306,1.8589095855979147,163,0.027359008789062583,0.0,1.8089827782241628,17,3377,15
3,adaptive_t0_i100ms,103,51.5,2,True,True,True,True,26,3066,2,83,7.830118178389967e-05,64466.18543632307,0.0022386374475900084,40.0,0.33510027383803387,0,0,,,0.0,83,2,3.043849196070712,1.0,0.04710734189186867,6.482630126353381,197,0.03306579589843764,7.830118178389967e-05,14.778942961442226,26,3066,2
3,adaptive_t0_i100ms,103,51.5,2,True,True,True,False,26,3066,2,83,7.830118178389967e-05,64466.18543632307,0.0022386374475900084,40.0,0.33510027383803387,0,0,,,0.0,112,3,0.3264128509787196,1.0,0.0470863929481295,2.0458033161200544,296,0.04968261718750014,0.0,9.789469399969676,3,3107,0
3,adaptive_t0_i100ms,103,51.5,2,True,True,True,False,26,3066,2,83,7.830118178389967e-05,64466.18543632307,0.0022386374475900084,40.0,0.33510027383803387,0,0,,,0.0,115,3,0.6885366791728122,1.0,0.047051857135625125,2.4079271443141472,33,0.005538940429687583,0.0,8.010294595282176,27,2491,9
3,adaptive_t0_i100ms,103,51.5,2,True,True,True,False,26,3066,2,83,7.830118178389967e-05,64466.18543632307,0.0022386374475900084,40.0,0.33510027383803387,0,0,,,0.0,144,4,0.7269326087941383,1.0,0.047075902307091994,1.8731929188883616,43,0.007217407226562639,0.0,45.079936065252696,4,2564,7
3,adaptive_t0_i100ms,103,51.5,2,True,True,True,False,26,3066,2,83,7.830118178389967e-05,64466.18543632307,0.0022386374475900084,40.0,0.33510027383803387,0,0,,,0.0,145,4,4.455099713668704,1.0,0.047094844838728875,5.601360023762927,76,0.012756347656250097,0.0,3.3181191314579337,12,2892,4
3,adaptive_t0_i100ms,103,51.5,2,True,True,True,False,26,3066,2,83,7.830118178389967e-05,64466.18543632307,0.0022386374475900084,40.0,0.33510027383803387,0,0,,,0.0,146,4,0.3430013638807986,1.0,0.04710730074122667,1.489261673975022,57,0.009567260742187667,0.0,46.18513756641187,20,2836,5
3,adaptive_t0_i100ms,103,51.5,2,True,True,True,False,26,3066,2,83,7.830118178389967e-05,64466.18543632307,0.0022386374475900084,40.0,0.33510027383803387,0,0,,,0.0,208,6,0.3800103796718104,1.0,0.047080970939012125,1.2397056122424779,54,0.009063720703125083,0.0,39.782583558124315,6,3430,6
3,adaptive_t0_i100ms,103,51.5,2,True,True,True,False,26,3066,2,83,7.830118178389967e-05,64466.18543632307,0.0022386374475900084,40.0,0.33510027383803387,0,0,,,0.0,209,6,5.388445934896416,1.0,0.047101903004781585,6.248141167467083,224,0.03759765625000015,0.0,2.8777823638520204,14,3086,7
3,adaptive_t0_i100ms,103,51.5,2,True,True,True,False,26,3066,2,83,7.830118178389967e-05,64466.18543632307,0.0022386374475900084,40.0,0.33510027383803387,0,0,,,0.0,210,6,0.706526695509609,1.0,0.04703511572962007,1.5662219280802763,228,0.03826904296875017,0.0,22.543885688814044,22,3286,3
3,adaptive_t0_i100ms,103,51.5,2,True,True,True,False,26,3066,2,83,7.830118178389967e-05,64466.18543632307,0.0022386374475900084,40.0,0.33510027383803387,0,0,,,0.0,211,6,0.3363546013867099,1.0,0.04696987610719357,1.1960498339573773,288,0.04833984375000014,0.0,4.432183315424481,30,2782,7
3,adaptive_t0_i100ms,103,51.5,2,True,True,True,False,26,3066,2,83,7.830118178389967e-05,64466.18543632307,0.0022386374475900084,40.0,0.33510027383803387,0,0,,,0.0,243,7,0.5646991469474862,1.0,0.04706797965401471,4.003480077230156,28,0.004699707031250125,0.0,5.95597660196654,31,3071,6
3,adaptive_t0_i100ms,104,52.0,2,True,True,True,False,12,2988,11,145,1.7266025533899668e-05,64966.18391044416,0.0037645163538400084,40.0,0.1861592337989714,0,0,,,0.0,80,2,5.668151138974007,1.0,0.04719589702959989,7.914457468383253,157,0.026351928710937667,0.0,5.546824454999296,2,3458,6
3,adaptive_t0_i100ms,104,52.0,2,True,True,True,False,12,2988,11,145,1.7266025533899668e-05,64966.18391044416,0.0037645163538400084,40.0,0.1861592337989714,0,0,,,0.0,81,2,0.7089679510973752,1.0,0.0471773400545299,2.9552742805066208,76,0.012756347656250194,0.0,20.28831693662505,10,3050,0
3,adaptive_t0_i100ms,104,52.0,2,True,True,True,False,12,2988,11,145,1.7266025533899668e-05,64966.18391044416,0.0037645163538400084,40.0,0.1861592337989714,0,0,,,0.0,112,3,1.8905762109711364,1.0,0.04718602751459152,4.136882540380382,336,0.05639648437500015,0.0,5.341554434293357,3,3139,2
3,adaptive_t0_i100ms,104,52.0,2,True,True,True,False,12,2988,11,145,1.7266025533899668e-05,64966.18391044416,0.0037645163538400084,40.0,0.1861592337989714,0,0,,,0.0,113,3,2.698429075967351,1.0,0.04719846461348278,4.944735405376597,146,0.02450561523437509,0.0,6.099545328310342,11,3051,3
3,adaptive_t0_i100ms,104,52.0,2,True,True,True,True,12,2988,11,145,1.7266025533899668e-05,64966.18391044416,0.0037645163538400084,40.0,0.1861592337989714,0,0,,,0.0,145,4,4.775322003837624,1.0,0.04719968762564444,9.267934662656115,159,0.02668762207031261,1.7266025533899668e-05,1.3282341214144253,12,2988,11
3,adaptive_t0_i100ms,104,52.0,2,True,True,True,False,12,2988,11,145,1.7266025533899668e-05,64966.18391044416,0.0037645163538400084,40.0,0.1861592337989714,0,0,,,0.0,210,6,0.6904308161446007,1.0,0.04717967473807303,5.1830434749630925,45,0.0075531005859376665,0.0,11.345292742102174,22,3286,8
3,adaptive_t0_i100ms,104,52.0,2,True,True,True,False,12,2988,11,145,1.7266025533899668e-05,64966.18391044416,0.0037645163538400084,40.0,0.1861592337989714,0,0,,,0.0,242,7,0.36329515174648125,1.0,0.04714615399426991,2.609601481155727,187,0.031387329101562694,0.0,24.485910759089165,23,3031,13
3,adaptive_t0_i100ms,104,52.0,2,True,True,True,False,12,2988,11,145,1.7266025533899668e-05,64966.18391044416,0.0037645163538400084,40.0,0.1861592337989714,0,0,,,0.0,243,7,0.7417643571689679,1.0,0.047198428948491015,2.988070686578214,3,0.0005035400390626388,0.0,28.337137459544465,31,3135,2
3,adaptive_t0_i100ms,105,52.5,2,True,True,True,False,1,2497,15,48,0.0001240775489713997,65466.18658073225,0.0010942282679025084,40.0,0.2109395072364714,0,0,,,0.0,16,0,0.6942360548088613,1.0,0.012415543846924079,3.2578842234650516,99,0.016616821289062667,0.0,5.1634569757734425,0,2976,6
3,adaptive_t0_i100ms,105,52.5,2,True,True,True,False,1,2497,15,48,0.0001240775489713997,65466.18658073225,0.0010942282679025084,40.0,0.2109395072364714,0,0,,,0.0,18,0,2.5543703678355696,1.0,0.012405145482060214,5.1180185364917605,231,0.038772583007812625,0.0,2.8346782012013136,16,2928,15
3,adaptive_t0_i100ms,105,52.5,2,True,True,True,True,1,2497,15,48,0.0001240775489713997,65466.18658073225,0.0010942282679025084,40.0,0.2109395072364714,0,0,,,0.0,48,1,1.171473758194821,1.0,0.012430670996673793,6.2987700955072015,16,0.002685546875000182,0.0001240775489713997,1.9695754666317953,1,2497,15
3,adaptive_t0_i100ms,105,52.5,2,True,True,True,False,1,2497,15,48,0.0001240775489713997,65466.18658073225,0.0010942282679025084,40.0,0.2109395072364714,0,0,,,0.0,81,2,11.224803778411951,1.0,0.012425783194390635,13.788451947068141,146,0.024505615234375194,0.0,3.478415092926298,10,3050,13
3,adaptive_t0_i100ms,105,52.5,2,True,True,True,False,1,2497,15,48,0.0001240775489713997,65466.18658073225,0.0010942282679025084,40.0,0.2109395072364714,0,0,,,0.0,83,2,1.2465486038002873,1.0,0.012426151490995376,3.810196772456478,439,0.07368469238281264,0.0,1.3324695825067465,26,3098,10
3,adaptive_t0_i100ms,105,52.5,2,True,True,True,False,1,2497,15,48,0.0001240775489713997,65466.18658073225,0.0010942282679025084,40.0,0.2109395072364714,0,0,,,0.0,115,3,2.5993820876989866,1.0,0.012413047429888694,7.726678425011368,325,0.0545501708984376,0.0,1.9106252958445111,27,2587,10
3,adaptive_t0_i100ms,106,53.0,2,True,True,True,True,22,3318,6,210,6.304239330347628e-05,65966.18505485335,0.002620107159600593,40.0,0.04504595254955348,0,0,,,0.0,210,6,2.842283170922233,1.0,8.811950683593752e-05,40.0,268,0.04498291015625017,6.304239330347628e-05,0.08024344670411665,22,3318,6
3,adaptive_t0_i100ms,107,53.5,2,True,True,False,False,,,,,,,,,0.0,0,0,,,0.0,,,,,,,,,,,,,
3,adaptive_t0_i100ms,108,54.0,2,True,True,True,False,22,3382,9,210,0.00010881876049097626,66966.18619926253,0.0014756979799130931,40.0,0.07731829141674099,0,0,,,0.0,114,3,0.6548693097134117,1.0,0.11762952871236139,15.35955112569458,96,0.016113281250000194,0.0,5.204355687150382,19,3251,9
3,adaptive_t0_i100ms,108,54.0,2,True,True,True,True,22,3382,9,210,0.00010881876049097626,66966.18619926253,0.0014756979799130931,40.0,0.07731829141674099,0,0,,,0.0,210,6,9.935767058324252,1.0,0.11763126559307747,24.64044887430542,364,0.06109619140625017,0.00010881876049097626,1.469795813158271,22,3382,9
3,adaptive_t0_i100ms,109,54.5,2,True,True,True,False,23,3127,13,242,4.778360424097628e-05,67466.18467338363,0.003001576886163093,40.0,0.5114766166120535,0,0,,,0.0,18,0,0.33547810195071975,1.0,0.427278040375169,2.2549874587493988,301,0.050521850585937625,0.0,19.65329793638375,16,3056,7
3,adaptive_t0_i100ms,109,54.5,2,True,True,True,False,23,3127,13,242,4.778360424097628e-05,67466.18467338363,0.003001576886163093,40.0,0.5114766166120535,0,0,,,0.0,50,1,0.6505922179523097,1.0,0.4272841892961303,2.5701015747509888,374,0.06277465820312511,0.0,7.005787037385744,17,3505,0
3,adaptive_t0_i100ms,109,54.5,2,True,True,True,False,23,3127,13,242,4.778360424097628e-05,67466.18467338363,0.003001576886163093,40.0,0.5114766166120535,0,0,,,0.0,80,2,1.4568603762178252,1.0,0.4272616454352602,1.936737715417495,15,0.0025177001953126804,0.0,26.153899276003358,2,3586,14
3,adaptive_t0_i100ms,109,54.5,2,True,True,True,False,23,3127,13,242,4.778360424097628e-05,67466.18467338363,0.003001576886163093,40.0,0.5114766166120535,0,0,,,0.0,81,2,1.797917279322284,1.0,0.42733633560099554,2.2777946185219538,215,0.03608703613281271,0.0,16.26506005729607,10,3274,5
3,adaptive_t0_i100ms,109,54.5,2,True,True,True,False,23,3127,13,242,4.778360424097628e-05,67466.18467338363,0.003001576886163093,40.0,0.5114766166120535,0,0,,,0.0,82,2,1.8535395433544253,1.0,0.4273137732082667,2.3334168825540953,355,0.05958557128906265,0.0,3.578122438004357,18,3058,3
3,adaptive_t0_i100ms,109,54.5,2,True,True,True,False,23,3127,13,242,4.778360424097628e-05,67466.18467338363,0.003001576886163093,40.0,0.5114766166120535,0,0,,,0.0,83,2,5.3044371485958814,1.0,0.4273332987640499,5.784314487795552,99,0.01661682128906264,0.0,1.0244978898117552,26,3258,4
3,adaptive_t0_i100ms,109,54.5,2,True,True,True,False,23,3127,13,242,4.778360424097628e-05,67466.18467338363,0.003001576886163093,40.0,0.5114766166120535,0,0,,,0.0,113,3,1.8164087965858526,1.0,0.42730768074203485,2.776163474985192,34,0.005706787109375104,0.0,6.586158838545089,11,3211,4
3,adaptive_t0_i100ms,109,54.5,2,True,True,True,False,23,3127,13,242,4.778360424097628e-05,67466.18467338363,0.003001576886163093,40.0,0.5114766166120535,0,0,,,0.0,115,3,2.6725929567168882,1.0,0.4273221757131039,3.632347635116228,34,0.005706787109375097,0.0,12.647766477268306,27,2651,7
3,adaptive_t0_i100ms,109,54.5,2,True,True,True,False,23,3127,13,242,4.778360424097628e-05,67466.18467338363,0.003001576886163093,40.0,0.5114766166120535,0,0,,,0.0,145,4,0.7118115439859415,1.0,0.4272791674597712,1.6715662223852812,220,0.03692626953125011,0.0,16.079977075351053,12,3116,3
3,adaptive_t0_i100ms,109,54.5,2,True,True,True,False,23,3127,13,242,4.778360424097628e-05,67466.18467338363,0.003001576886163093,40.0,0.5114766166120535,0,0,,,0.0,146,4,1.33238006809401,1.0,0.4273106469674698,2.2921347464933497,418,0.07015991210937517,0.0,3.237036744787474,20,2900,7
3,adaptive_t0_i100ms,109,54.5,2,True,True,True,False,23,3127,13,242,4.778360424097628e-05,67466.18467338363,0.003001576886163093,40.0,0.5114766166120535,0,0,,,0.0,177,5,1.30815240760209,1.0,0.42731026675097955,1.9479888598683166,254,0.04263305664062517,0.0,0.19302717498794664,13,2445,15
3,adaptive_t0_i100ms,109,54.5,2,True,True,True,False,23,3127,13,242,4.778360424097628e-05,67466.18467338363,0.003001576886163093,40.0,0.5114766166120535,0,0,,,0.0,178,5,0.3368254035649797,1.0,0.4272247919380182,0.9766618558312061,92,0.015441894531250194,0.0,28.08723609255685,21,2837,10
3,adaptive_t0_i100ms,109,54.5,2,True,True,True,False,23,3127,13,242,4.778360424097628e-05,67466.18467338363,0.003001576886163093,40.0,0.5114766166120535,0,0,,,0.0,179,5,1.738634386787287,1.0,0.427289678282779,2.3784708390535134,84,0.014015197753906389,0.0,16.081442576556583,29,2365,10
3,adaptive_t0_i100ms,109,54.5,2,True,True,True,False,23,3127,13,242,4.778360424097628e-05,67466.18467338363,0.003001576886163093,40.0,0.5114766166120535,0,0,,,0.0,210,6,1.360387983460953,1.0,0.42731783912646654,3.279897340259632,277,0.04649353027343767,0.0,3.8949272961035604,22,3414,13
3,adaptive_t0_i100ms,109,54.5,2,True,True,True,True,23,3127,13,242,4.778360424097628e-05,67466.18467338363,0.003001576886163093,40.0,0.5114766166120535,0,0,,,0.0,242,7,1.9679069314191187,1.0,0.42734519210454763,3.887416288217798,276,0.046241760253906444,4.778360424097628e-05,15.828168723746785,23,3127,13
3,adaptive_t0_i100ms,110,55.0,2,True,True,True,False,13,2509,12,177,0.00015459512767847626,67966.18734367171,0.00033128880022559315,40.0,0.11689196085033474,0,0,,,0.0,16,0,0.6099043634738844,1.0,0.03982518664578589,6.577796957011701,14,0.0023498535156251665,0.0,4.305260290697333,0,3072,14
3,adaptive_t0_i100ms,110,55.0,2,True,True,True,False,13,2509,12,177,0.00015459512767847626,67966.18734367171,0.00033128880022559315,40.0,0.11689196085033474,0,0,,,0.0,51,1,1.497761748787855,1.0,0.039831159060920614,7.4656543423256725,65,0.010910034179687667,0.0,7.883606404429884,25,2713,10
3,adaptive_t0_i100ms,110,55.0,2,True,True,True,False,13,2509,12,177,0.00015459512767847626,67966.18734367171,0.00033128880022559315,40.0,0.11689196085033474,0,0,,,0.0,82,2,5.084509209265046,1.0,0.03984135339630918,11.052401802802862,288,0.04825592041015642,0.0,2.6639436638943153,18,3122,4
3,adaptive_t0_i100ms,110,55.0,2,True,True,True,False,13,2509,12,177,0.00015459512767847626,67966.18734367171,0.00033128880022559315,40.0,0.11689196085033474,0,0,,,0.0,113,3,0.24531129787283842,1.0,0.03982819915328242,6.2132038914106555,56,0.009399414062500104,0.0,0.39446715284429956,11,3243,12
3,adaptive_t0_i100ms,110,55.0,2,True,True,True,True,13,2509,12,177,0.00015459512767847626,67966.18734367171,0.00033128880022559315,40.0,0.11689196085033474,0,0,,,0.0,177,5,2.723050412911291,1.0,0.03984916941285093,8.690943006449109,273,0.04582214355468767,0.00015459512767847626,3.1129335320583778,13,2509,12
3,adaptive_t0_i100ms,111,55.5,2,True,True,True,False,19,3347,4,114,9.636631584726264e-06,68466.18371970931,0.003955251202569343,40.0,0.27267656778392846,0,0,,,0.0,16,0,0.7046238098084509,1.0,0.0518304627020305,2.9716225523185535,323,0.05421447753906268,0.0,4.708137366818846,0,3104,5
3,adaptive_t0_i100ms,111,55.5,2,True,True,True,False,19,3347,4,114,9.636631584726264e-06,68466.18371970931,0.003955251202569343,40.0,0.27267656778392846,0,0,,,0.0,18,0,0.33602075073552484,1.0,0.0518540875062727,2.6030194932456276,111,0.018630981445312625,0.0,14.83460207185999,16,3056,12
3,adaptive_t0_i100ms,111,55.5,2,True,True,True,False,19,3347,4,114,9.636631584726264e-06,68466.18371970931,0.003955251202569343,40.0,0.27267656778392846,0,0,,,0.0,51,1,2.125602036110403,1.0,0.05185036223844915,6.659599521130609,356,0.05975341796875017,0.0,5.690184410850634,25,2745,3
3,adaptive_t0_i100ms,111,55.5,2,True,True,True,False,19,3347,4,114,9.636631584726264e-06,68466.18371970931,0.003955251202569343,40.0,0.27267656778392846,0,0,,,0.0,80,2,2.7729008467288696,1.0,0.0518463104929855,4.284233341735605,7,0.0011749267578126804,0.0,15.474000288711977,2,3650,9
3,adaptive_t0_i100ms,111,55.5,2,True,True,True,False,19,3347,4,114,9.636631584726264e-06,68466.18371970931,0.003955251202569343,40.0,0.27267656778392846,0,0,,,0.0,81,2,2.6911825457835543,1.0,0.05183761010802933,4.202515040790289,188,0.03155517578125021,0.0,13.2056046116777,10,3338,14
3,adaptive_t0_i100ms,111,55.5,2,True,True,True,False,19,3347,4,114,9.636631584726264e-06,68466.18371970931,0.003955251202569343,40.0,0.27267656778392846,0,0,,,0.0,82,2,1.512246872220491,1.0,0.05183956151913069,3.023579367227226,91,0.015190124511718917,0.0,6.96746179247566,18,3154,11
3,adaptive_t0_i100ms,111,55.5,2,True,True,True,True,19,3347,4,114,9.636631584726264e-06,68466.18371970931,0.003955251202569343,40.0,0.27267656778392846,0,0,,,0.0,114,3,1.303686944959681,1.0,0.05186025980264387,5.837684429979887,34,0.005706787109375194,9.636631584726264e-06,12.125401194221922,19,3347,4
3,adaptive_t0_i100ms,111,55.5,2,True,True,True,False,19,3347,4,114,9.636631584726264e-06,68466.18371970931,0.003955251202569343,40.0,0.27267656778392846,0,0,,,0.0,176,5,0.3289313764066942,1.0,0.05185560787759216,2.595930118916797,148,0.02484130859375018,0.0,16.616519041956053,5,2821,8
3,adaptive_t0_i100ms,111,55.5,2,True,True,True,False,19,3347,4,114,9.636631584726264e-06,68466.18371970931,0.003955251202569343,40.0,0.27267656778392846,0,0,,,0.0,178,5,0.3373702316621736,1.0,0.051822739582158474,2.604368974172276,126,0.021148681640625194,0.0,21.2271663176507,21,2837,15
3,adaptive_t0_i100ms,111,55.5,2,True,True,True,False,19,3347,4,114,9.636631584726264e-06,68466.18371970931,0.003955251202569343,40.0,0.27267656778392846,0,0,,,0.0,243,7,0.6834496754629199,1.0,0.05185544158380018,5.217447160483125,241,0.04045104980468764,0.0,7.858518529232242,31,3199,2
3,adaptive_t0_i100ms,112,56.0,2,True,True,True,False,7,3111,12,240,3.2524815178476264e-05,68966.1842919139,0.003383046612725593,40.0,0.21764574503002224,0,0,,,0.0,48,1,0.6370617047569708,1.0,0.02362176840211087,3.2287708345692403,379,0.06361389160156271,0.0,1.2487388934387127,1,2657,9
3,adaptive_t0_i100ms,112,56.0,2,True,True,True,False,7,3111,12,240,3.2524815178476264e-05,68966.1842919139,0.003383046612725593,40.0,0.21764574503002224,0,0,,,0.0,51,1,1.585855903356094,1.0,0.023619657129170666,4.177565033168364,293,0.04917907714843767,0.0,5.389569016886526,25,2745,9
3,adaptive_t0_i100ms,112,56.0,2,True,True,True,False,7,3111,12,240,3.2524815178476264e-05,68966.1842919139,0.003383046612725593,40.0,0.21764574503002224,0,0,,,0.0,146,4,0.3231222719439044,1.0,0.023646103397266097,5.506540531568444,4,0.0006713867187501665,0.0,7.946027499405318,20,2996,5
3,adaptive_t0_i100ms,112,56.0,2,True,True,True,False,7,3111,12,240,3.2524815178476264e-05,68966.1842919139,0.003383046612725593,40.0,0.21764574503002224,0,0,,,0.0,178,5,5.264325457465761,1.0,0.02364106047185538,10.447743717090301,169,0.028282165527343944,0.0,2.2533883057913044,21,2901,3
3,adaptive_t0_i100ms,112,56.0,2,True,True,True,False,7,3111,12,240,3.2524815178476264e-05,68966.1842919139,0.003383046612725593,40.0,0.21764574503002224,0,0,,,0.0,211,6,0.6808151770041644,1.0,0.023636294876857773,5.8642334366287034,209,0.03507995605468765,0.0,3.513138403490302,30,2910,1
3,adaptive_t0_i100ms,112,56.0,2,True,True,True,True,7,3111,12,240,3.2524815178476264e-05,68966.1842919139,0.003383046612725593,40.0,0.21764574503002224,0,0,,,0.0,240,7,5.5917281873504106,1.0,0.023653735817534074,10.77514644697495,243,0.04078674316406265,3.2524815178476264e-05,3.571854075722513,7,3111,12
3,adaptive_t0_i100ms,113,56.5,2,True,True,True,False,16,3088,3,18,0.00013933633861597626,69466.18696220199,0.0007127585267880931,40.0,0.06946001504955347,0,0,,,0.0,17,0,5.507913276249961,1.0,0.04894447445238995,22.411919815993404,367,0.06159973144531268,0.0,1.1330356811085949,8,3304,12
3,adaptive_t0_i100ms,113,56.5,2,True,True,True,True,16,3088,3,18,0.00013933633861597626,69466.18696220199,0.0007127585267880931,40.0,0.06946001504955347,0,0,,,0.0,18,0,0.6840736442631544,1.0,0.048950685512023306,17.588080184006596,46,0.007720947265625125,0.00013933633861597626,2.9511491563316667,16,3088,3
3,adaptive_t0_i100ms,114,57.0,2,True,True,False,False,,,,,,,,,0.0,0,0,,,0.0,,,,,,,,,,,,,
3,adaptive_t0_i100ms,115,57.5,2,True,True,True,False,21,3093,14,178,0.00015037674573250114,70466.18723821217,0.00043674834887497127,40.0,0.23597496170667,0,0,,,0.0,48,1,0.6555012160858154,1.0,0.12364152297655527,2.4041895455090567,111,0.018630981445312708,0.0,13.666907347607776,1,2721,4
3,adaptive_t0_i100ms,115,57.5,2,True,True,True,False,21,3093,14,178,0.00015037674573250114,70466.18723821217,0.00043674834887497127,40.0,0.23597496170667,0,0,,,0.0,49,1,1.2483963406883363,1.0,0.12366238542319177,2.997084670111578,450,0.07553100585937514,0.0,1.839877992417314,9,3049,5
3,adaptive_t0_i100ms,115,57.5,2,True,True,True,False,21,3093,14,178,0.00015037674573250114,70466.18723821217,0.00043674834887497127,40.0,0.23597496170667,0,0,,,0.0,50,1,3.2125504961877267,1.0,0.12367737906702522,4.961238825610968,286,0.04800415039062511,0.0,5.884040807562997,17,3537,10
3,adaptive_t0_i100ms,115,57.5,2,True,True,True,False,21,3093,14,178,0.00015037674573250114,70466.18723821217,0.00043674834887497127,40.0,0.23597496170667,0,0,,,0.0,112,3,3.2427116862415586,1.0,0.12368292549895804,5.865744180376421,174,0.029205322265625153,0.0,10.215335311848321,3,3299,2
3,adaptive_t0_i100ms,115,57.5,2,True,True,True,False,21,3093,14,178,0.00015037674573250114,70466.18723821217,0.00043674834887497127,40.0,0.23597496170667,0,0,,,0.0,113,3,1.2401232907643864,1.0,0.1236964867444072,3.8631557848992486,46,0.007720947265625125,0.0,16.032142223994015,11,3435,2
3,adaptive_t0_i100ms,115,57.5,2,True,True,True,False,21,3093,14,178,0.00015037674573250114,70466.18723821217,0.00043674834887497127,40.0,0.23597496170667,0,0,,,0.0,144,4,0.5776745151947023,1.0,0.1237086191015821,5.823739503464426,145,0.024337768554687653,0.0,9.346371302191983,4,2756,15
3,adaptive_t0_i100ms,115,57.5,2,True,True,True,True,21,3093,14,178,0.00015037674573250114,70466.18723821217,0.00043674834887497127,40.0,0.23597496170667,0,0,,,0.0,178,5,1.7013015472263002,1.0,0.12371116266435316,6.947366535496025,137,0.022994995117187694,0.00015037674573250114,0.5624470599141205,21,3093,14
3,adaptive_t0_i100ms,115,57.5,2,True,True,True,False,21,3093,14,178,0.00015037674573250114,70466.18723821217,0.00043674834887497127,40.0,0.23597496170667,0,0,,,0.0,243,7,1.8914159662625556,1.0,0.12370205245745741,7.13748095453228,56,0.009399414062500142,0.0,2.8751159066014225,31,3295,11
3,adaptive_t0_i100ms,116,58.0,2,True,True,True,False,7,3239,2,240,3.2389798434451222e-06,70966.18355976802,0.004115192496101372,40.0,0.1840471232571872,0,0,,,0.0,17,0,0.7952684735373478,1.0,0.37442151797841083,2.702543438647326,144,0.024169921875000194,0.0,31.001068636673153,8,3464,11
3,adaptive_t0_i100ms,116,58.0,2,True,True,True,False,7,3239,2,240,3.2389798434451222e-06,70966.18355976802,0.004115192496101372,40.0,0.1840471232571872,0,0,,,0.0,19,0,5.923137525315777,1.0,0.37442742999042056,7.830412490425756,218,0.03659057617187514,0.0,2.888618786833831,24,2808,15
3,adaptive_t0_i100ms,116,58.0,2,True,True,True,False,7,3239,2,240,3.2389798434451222e-06,70966.18355976802,0.004115192496101372,40.0,0.1840471232571872,0,0,,,0.0,48,1,0.39142482073258456,1.0,0.37435943751701356,2.2986997858425626,229,0.03843688964843771,0.0,25.800844565746957,1,2721,7
3,adaptive_t0_i100ms,116,58.0,2,True,True,True,False,7,3239,2,240,3.2389798434451222e-06,70966.18355976802,0.004115192496101372,40.0,0.1840471232571872,0,0,,,0.0,50,1,11.722883475142144,1.0,0.3744194235780047,13.630158440252123,87,0.014518737792968875,0.0,3.5407786722207675,17,3601,5
3,adaptive_t0_i100ms,116,58.0,2,True,True,True,False,7,3239,2,240,3.2389798434451222e-06,70966.18355976802,0.004115192496101372,40.0,0.1840471232571872,0,0,,,0.0,209,6,3.105853010952581,1.0,0.3744051482830507,6.920402941172537,191,0.03205871582031267,0.0,7.471679477443104,14,3342,10
3,adaptive_t0_i100ms,116,58.0,2,True,True,True,True,7,3239,2,240,3.2389798434451222e-06,70966.18355976802,0.004115192496101372,40.0,0.1840471232571872,0,0,,,0.0,240,7,1.4537332863364951,1.0,0.37442828669993605,3.3610082514464734,106,0.017791748046875167,3.2389798434451222e-06,0.7348196186503628,7,3239,2
3,adaptive_t0_i100ms,116,58.0,2,True,True,True,False,7,3239,2,240,3.2389798434451222e-06,70966.18355976802,0.004115192496101372,40.0,0.1840471232571872,0,0,,,0.0,242,7,1.3494996871032432,1.0,0.3743944611218304,3.2567746522132213,122,0.020477294921875194,0.0,1.8665770400693873,23,3223,9
3,adaptive_t0_i100ms,117,58.5,2,True,True,True,True,0,3200,1,16,3.919659706298263e-05,71466.18445870845,0.0032162520656129345,40.0,0.20489606915565675,0,0,,,0.0,16,0,1.3638949720531433,1.0,0.080292706306724,4.194903334461968,32,0.005287170410156444,3.919659706298263e-05,9.891949628843577,0,3200,1
3,adaptive_t0_i100ms,117,58.5,2,True,True,True,False,0,3200,1,16,3.919659706298263e-05,71466.18445870845,0.0032162520656129345,40.0,0.20489606915565675,0,0,,,0.0,17,0,2.7543918487923564,1.0,0.08028541895234931,5.585400211201181,87,0.014602661132812694,0.0,3.7112936493213056,8,3496,1
3,adaptive_t0_i100ms,117,58.5,2,True,True,True,False,0,3200,1,16,3.919659706298263e-05,71466.18445870845,0.0032162520656129345,40.0,0.20489606915565675,0,0,,,0.0,49,1,1.8113919204920816,1.0,0.08027786415957433,4.642400282900907,213,0.03575134277343765,0.0,4.956648538718582,9,3081,1
3,adaptive_t0_i100ms,117,58.5,2,True,True,True,False,0,3200,1,16,3.919659706298263e-05,71466.18445870845,0.0032162520656129345,40.0,0.20489606915565675,0,0,,,0.0,50,1,2.9193121771222446,1.0,0.08026594810050469,5.750320539531069,282,0.04733276367187514,0.0,3.497994629389723,17,3665,12
3,adaptive_t0_i100ms,117,58.5,2,True,True,True,False,0,3200,1,16,3.919659706298263e-05,71466.18445870845,0.0032162520656129345,40.0,0.20489606915565675,0,0,,,0.0,113,3,0.727143548005683,1.0,0.08026796184250659,6.389160272823333,87,0.014602661132812625,0.0,11.138424894932541,11,3435,13
3,adaptive_t0_i100ms,117,58.5,2,True,True,True,False,0,3200,1,16,3.919659706298263e-05,71466.18445870845,0.0032162520656129345,40.0,0.20489606915565675,0,0,,,0.0,209,6,1.436573239834081,1.0,0.080283581966987,7.0985899646517305,108,0.018127441406250167,0.0,5.499831785811693,14,3406,14
3,adaptive_t0_i100ms,117,58.5,2,True,True,True,False,0,3200,1,16,3.919659706298263e-05,71466.18445870845,0.0032162520656129345,40.0,0.20489606915565675,0,0,,,0.0,240,7,0.32679515536545806,1.0,0.08025626445910185,3.157803517774283,223,0.03742980957031267,0.0,2.1163119601405924,7,3335,4
3,adaptive_t0_i100ms,117,58.5,2,True,True,True,False,0,3200,1,16,3.919659706298263e-05,71466.18445870845,0.0032162520656129345,40.0,0.20489606915565675,0,0,,,0.0,243,7,0.3504135142467037,1.0,0.08024062015767941,3.1814218766555284,189,0.03172302246093764,0.0,0.7034583550557727,31,3359,1
3,adaptive_t0_i100ms,118,59.0,2,True,True,True,False,20,3124,3,146,8.593057689722628e-05,71966.18562705794,0.002047902569756843,40.0,0.4730778739362722,0,0,,,0.0,16,0,0.9082794668782266,1.0,0.020956381102451606,1.4506165259611725,124,0.020729064941406444,0.0,16.669710115951602,0,3200,10
3,adaptive_t0_i100ms,118,59.0,2,True,True,True,False,20,3124,3,146,8.593057689722628e-05,71966.18562705794,0.002047902569756843,40.0,0.4730778739362722,0,0,,,0.0,17,0,0.9159263473290253,1.0,0.02097024033421082,1.4582634064119713,518,0.0869445800781252,0.0,2.3242009662353666,8,3528,2
3,adaptive_t0_i100ms,118,59.0,2,True,True,True,False,20,3124,3,146,8.593057689722628e-05,71966.18562705794,0.002047902569756843,40.0,0.4730778739362722,0,0,,,0.0,19,0,0.6231926821573874,1.0,0.02102004851695791,1.1655297412403334,345,0.05790710449218764,0.0,10.403111377279856,24,2872,7
3,adaptive_t0_i100ms,118,59.0,2,True,True,True,False,20,3124,3,146,8.593057689722628e-05,71966.18562705794,0.002047902569756843,40.0,0.4730778739362722,0,0,,,0.0,50,1,2.845835289931108,1.0,0.02104596860062932,4.472846467179946,437,0.07334899902343764,0.0,2.2796493298519636,17,3697,14
3,adaptive_t0_i100ms,118,59.0,2,True,True,True,False,20,3124,3,146,8.593057689722628e-05,71966.18562705794,0.002047902569756843,40.0,0.4730778739362722,0,0,,,0.0,82,2,0.8409502253900186,1.0,0.02097971206800932,1.6544558140144376,141,0.02366638183593768,0.0,13.7853774404648,18,3346,8
3,adaptive_t0_i100ms,118,59.0,2,True,True,True,False,20,3124,3,146,8.593057689722628e-05,71966.18562705794,0.002047902569756843,40.0,0.4730778739362722,0,0,,,0.0,83,2,1.3510820083441177,1.0,0.021035750217470322,2.164587596968537,269,0.04515075683593767,0.0,13.427017112917383,26,3514,7
3,adaptive_t0_i100ms,118,59.0,2,True,True,True,False,20,3124,3,146,8.593057689722628e-05,71966.18562705794,0.002047902569756843,40.0,0.4730778739362722,0,0,,,0.0,115,3,2.7009917646626964,1.0,0.021039603750160975,4.328002941911534,353,0.0592498779296876,0.0,5.424349658031133,27,2843,9
3,adaptive_t0_i100ms,118,59.0,2,True,True,True,False,20,3124,3,146,8.593057689722628e-05,71966.18562705794,0.002047902569756843,40.0,0.4730778739362722,0,0,,,0.0,144,4,10.517364836046196,1.0,0.02105420874832297,11.059701895129143,46,0.007720947265625153,0.0,1.5495047735894332,4,2884,8
3,adaptive_t0_i100ms,118,59.0,2,True,True,True,False,20,3124,3,146,8.593057689722628e-05,71966.18562705794,0.002047902569756843,40.0,0.4730778739362722,0,0,,,0.0,145,4,0.610704542201973,1.0,0.020922318112066896,1.1530416012849192,8,0.001342773437500111,0.0,11.417787622558535,12,3404,11
3,adaptive_t0_i100ms,118,59.0,2,True,True,True,True,20,3124,3,146,8.593057689722628e-05,71966.18562705794,0.002047902569756843,40.0,0.4730778739362722,0,0,,,0.0,146,4,2.8261342402455245,1.0,0.021060436077462403,3.3684712993284704,268,0.04498291015625018,8.593057689722628e-05,11.253694944563904,20,3124,3
3,adaptive_t0_i100ms,118,59.0,2,True,True,True,False,20,3124,3,146,8.593057689722628e-05,71966.18562705794,0.002047902569756843,40.0,0.4730778739362722,0,0,,,0.0,209,6,2.4678608874163683,1.0,0.0210398239543111,4.094872064665206,2,0.00025177001953141653,0.0,10.129129857072257,14,3470,0
3,adaptive_t0_i100ms,118,59.0,2,True,True,True,False,20,3124,3,146,8.593057689722628e-05,71966.18562705794,0.002047902569756843,40.0,0.4730778739362722,0,0,,,0.0,241,7,1.4107644150078742,1.0,0.020986502993037434,2.2242700036322933,235,0.039443969726562694,0.0,14.119063583973912,15,3791,8
3,adaptive_t0_i100ms,118,59.0,2,True,True,True,False,20,3124,3,146,8.593057689722628e-05,71966.18562705794,0.002047902569756843,40.0,0.4730778739362722,0,0,,,0.0,243,7,0.5918350536476168,1.0,0.02101435001967902,1.4053406422720358,73,0.012252807617187639,0.0,10.239760864598793,31,3359,10
3,adaptive_t0_i100ms,119,59.5,2,True,True,True,True,14,3502,7,209,0.00010881876049097626,72466.18619926253,0.0014756979799130931,40.0,0.07496843790111599,0,0,,,0.0,209,6,0.7233944438459959,1.0,0.2742169685907494,6.346356218827895,175,0.029373168945312667,0.00010881876049097626,6.6499658816173906,14,3502,7
3,adaptive_t0_i100ms,119,59.5,2,True,True,True,False,14,3502,7,209,0.00010881876049097626,72466.18619926253,0.0014756979799130931,40.0,0.07496843790111599,0,0,,,0.0,210,6,3.5249542509167964,1.0,0.2742033226877691,9.147916025898695,95,0.01594543457031268,0.0,10.213640743706492,22,3670,0
3,adaptive_t0_i100ms,119,59.5,2,True,True,True,False,14,3502,7,209,0.00010881876049097626,72466.18619926253,0.0014756979799130931,40.0,0.07496843790111599,0,0,,,0.0,211,6,1.2855642311565594,1.0,0.2741996263967788,6.908526006138458,114,0.019134521484375167,0.0,3.423724964275607,30,3038,2
3,adaptive_t0_i100ms,119,59.5,2,True,True,True,False,14,3502,7,209,0.00010881876049097626,72466.18619926253,0.0014756979799130931,40.0,0.07496843790111599,0,0,,,0.0,243,7,0.7283164241892601,1.0,0.2742100109249078,17.597201749134953,62,0.010406494140625153,0.0,20.35815144809021,31,3391,2
3,adaptive_t0_i100ms,120,60.0,2,True,True,True,False,14,3534,0,209,9.672146930824965e-05,72966.18589683025,0.0017781302594812587,40.0,0.2686514089693083,0,0,,,0.0,48,1,3.0397286188712145,1.0,0.10732636185896252,10.511585786589205,443,0.07435607910156271,0.0,0.6509978775429772,1,2753,13
3,adaptive_t0_i100ms,120,60.0,2,True,True,True,False,14,3534,0,209,9.672146930824965e-05,72966.18589683025,0.0017781302594812587,40.0,0.2686514089693083,0,0,,,0.0,83,2,5.25034336982698,1.0,0.10733011312515026,12.722200537544971,380,0.06378173828125018,0.0,1.3956749027274782,26,3578,14
3,adaptive_t0_i100ms,120,60.0,2,True,True,True,False,14,3534,0,209,9.672146930824965e-05,72966.18589683025,0.0017781302594812587,40.0,0.2686514089693083,0,0,,,0.0,112,3,0.371697207022159,1.0,0.10729588776244135,2.862316262928156,290,0.04867553710937515,0.0,8.731567589347833,3,3395,8
3,adaptive_t0_i100ms,120,60.0,2,True,True,True,False,14,3534,0,209,9.672146930824965e-05,72966.18589683025,0.0017781302594812587,40.0,0.2686514089693083,0,0,,,0.0,113,3,0.370079088315888,1.0,0.10730466360786184,2.860698144221885,180,0.030212402343750125,0.0,8.198358214533073,11,3467,9
3,adaptive_t0_i100ms,120,60.0,2,True,True,True,False,14,3534,0,209,9.672146930824965e-05,72966.18589683025,0.0017781302594812587,40.0,0.2686514089693083,0,0,,,0.0,115,3,0.3406389428234544,1.0,0.10729186506613413,2.831257998729451,107,0.017959594726562604,0.0,8.52835540684464,27,2907,7
3,adaptive_t0_i100ms,120,60.0,2,True,True,True,True,14,3534,0,209,9.672146930824965e-05,72966.18589683025,0.0017781302594812587,40.0,0.2686514089693083,0,0,,,0.0,209,6,0.7400841022683413,1.0,0.10733198853574358,8.211941269986331,200,0.03356933593750017,9.672146930824965e-05,3.7989713734277757,14,3534,0
3,adaptive_t0_i100ms,121,60.5,2,True,True,True,True,1,2881,0,48,7.067178783472628e-05,73466.18524558822,0.002429372296319343,40.0,0.24227343057689724,0,0,,,0.0,48,1,4.973361144058214,1.0,0.06856301819172354,8.11779889088212,332,0.05572509765625021,7.067178783472628e-05,1.2031158826575847,1,2881,0
3,adaptive_t0_i100ms,121,60.5,2,True,True,True,False,1,2881,0,48,7.067178783472628e-05,73466.18524558822,0.002429372296319343,40.0,0.24227343057689724,0,0,,,0.0,80,2,1.3269211694047207,1.0,0.06853262224465274,2.37506708501269,136,0.02282714843750018,0.0,6.030488757722196,2,3970,4
3,adaptive_t0_i100ms,121,60.5,2,True,True,True,False,1,2881,0,48,7.067178783472628e-05,73466.18524558822,0.002429372296319343,40.0,0.24227343057689724,0,0,,,0.0,81,2,0.2963972688175154,1.0,0.06855394041300557,1.3445431844254845,167,0.028030395507812708,0.0,3.0041791887633735,10,3530,6
3,adaptive_t0_i100ms,121,60.5,2,True,True,True,False,1,2881,0,48,7.067178783472628e-05,73466.18524558822,0.002429372296319343,40.0,0.24227343057689724,0,0,,,0.0,83,2,2.51458467494616,1.0,0.0685536506733775,3.5627305905541293,47,0.00788879394531268,0.0,9.372984018715215,26,3674,11
3,adaptive_t0_i100ms,121,60.5,2,True,True,True,False,1,2881,0,48,7.067178783472628e-05,73466.18524558822,0.002429372296319343,40.0,0.24227343057689724,0,0,,,0.0,146,4,0.6869123026574867,1.0,0.06849051119979242,2.2591311760694404,223,0.03742980957031268,0.0,9.107733164579258,20,3220,6
3,adaptive_t0_i100ms,121,60.5,2,True,True,True,False,1,2881,0,48,7.067178783472628e-05,73466.18524558822,0.002429372296319343,40.0,0.24227343057689724,0,0,,,0.0,147,4,1.227723122378146,1.0,0.06851441638215576,2.7999419957900997,133,0.022323608398437614,0.0,1.3820625628723064,28,3676,15
3,adaptive_t0_i100ms,121,60.5,2,True,True,True,False,1,2881,0,48,7.067178783472628e-05,73466.18524558822,0.002429372296319343,40.0,0.24227343057689724,0,0,,,0.0,209,6,1.404170079838158,1.0,0.06851816691461306,2.9763889532501118,244,0.04095458984375018,0.0,9.860970055524376,14,3598,5
3,adaptive_t0_i100ms,121,60.5,2,True,True,True,False,1,2881,0,48,7.067178783472628e-05,73466.18524558822,0.002429372296319343,40.0,0.24227343057689724,0,0,,,0.0,210,6,1.8995935686643006,1.0,0.06854678104886433,3.4718124420762546,149,0.02500915527343768,0.0,15.221821639759582,22,3734,8
3,adaptive_t0_i100ms,121,60.5,2,True,True,True,False,1,2881,0,48,7.067178783472628e-05,73466.18524558822,0.002429372296319343,40.0,0.24227343057689724,0,0,,,0.0,241,7,9.94814793511576,1.0,0.06855668888698392,13.092585681939667,12,0.002014160156250208,0.0,4.8350045008264715,15,3855,3
3,adaptive_t0_i100ms,122,61.0,2,True,True,True,False,9,3273,3,49,9.355997142847628e-05,73966.18581779281,0.0018571677064755931,40.0,0.26176653360424096,0,0,,,0.0,18,0,0.3693837439235369,1.0,0.0629439639387945,4.309226141486758,18,0.003021240234375125,0.0,7.259375335386721,16,3216,5
3,adaptive_t0_i100ms,122,61.0,2,True,True,True,False,9,3273,3,49,9.355997142847628e-05,73966.18581779281,0.0018571677064755931,40.0,0.26176653360424096,0,0,,,0.0,48,1,1.407322632831496,1.0,0.06296453349820733,3.377243831613107,260,0.04364013671875021,0.0,7.47729224881914,1,2881,13
3,adaptive_t0_i100ms,122,61.0,2,True,True,True,True,9,3273,3,49,9.355997142847628e-05,73966.18581779281,0.0018571677064755931,40.0,0.26176653360424096,0,0,,,0.0,49,1,0.390727641833693,1.0,0.06297508076014252,2.360648840615304,238,0.03994750976562518,9.355997142847628e-05,7.339747264762991,9,3273,3
3,adaptive_t0_i100ms,122,61.0,2,True,True,True,False,9,3273,3,49,9.355997142847628e-05,73966.18581779281,0.0018571677064755931,40.0,0.26176653360424096,0,0,,,0.0,80,2,4.9833808084803,1.0,0.06295171552696664,6.953302007261911,121,0.02030944824218768,0.0,10.061762118260958,2,4002,5
3,adaptive_t0_i100ms,122,61.0,2,True,True,True,False,9,3273,3,49,9.355997142847628e-05,73966.18581779281,0.0018571677064755931,40.0,0.26176653360424096,0,0,,,0.0,83,2,1.3966884116823262,1.0,0.06295144389663654,3.3666096104639367,100,0.016784667968750194,0.0,12.68857798819954,26,3706,9
3,adaptive_t0_i100ms,122,61.0,2,True,True,True,False,9,3273,3,49,9.355997142847628e-05,73966.18581779281,0.0018571677064755931,40.0,0.26176653360424096,0,0,,,0.0,177,5,0.40507943726460127,1.0,0.06292962390441612,2.375000636046212,358,0.06008911132812518,0.0,1.6793526166147785,13,2701,10
3,adaptive_t0_i100ms,122,61.0,2,True,True,True,False,9,3273,3,49,9.355997142847628e-05,73966.18581779281,0.0018571677064755931,40.0,0.26176653360424096,0,0,,,0.0,178,5,0.6283863500905289,1.0,0.06292735835663125,2.59830754887214,191,0.03205871582031271,0.0,4.263047498840024,21,3253,4
3,adaptive_t0_i100ms,122,61.0,2,True,True,True,False,9,3273,3,49,9.355997142847628e-05,73966.18581779281,0.0018571677064755931,40.0,0.26176653360424096,0,0,,,0.0,209,6,1.430103445608596,1.0,0.0629667899460141,5.369945843171817,60,0.01007080078125018,0.0,8.904854527339921,14,3630,0
3,adaptive_t0_i100ms,122,61.0,2,True,True,True,False,9,3273,3,49,9.355997142847628e-05,73966.18581779281,0.0018571677064755931,40.0,0.26176653360424096,0,0,,,0.0,243,7,5.349873142905593,1.0,0.06296336241346985,9.289715540468814,213,0.03575134277343765,0.0,3.8703262824128615,31,3423,1
3,adaptive_t0_i100ms,123,61.5,2,True,True,True,False,26,3738,11,83,0.00011644815502222626,74466.1863899974,0.0012849631166318431,40.0,0.26380358194408476,0,0,,,0.0,19,0,0.6120939794300914,1.0,0.038957359373372476,6.643348949097031,199,0.033401489257812646,0.0,3.428613147014403,24,2936,2
3,adaptive_t0_i100ms,123,61.5,2,True,True,True,False,26,3738,11,83,0.00011644815502222626,74466.1863899974,0.0012849631166318431,40.0,0.26380358194408476,0,0,,,0.0,48,1,2.7547978697720255,1.0,0.0389659645272227,8.786052839438964,401,0.06730651855468772,0.0,0.8992512832192006,1,2945,0
3,adaptive_t0_i100ms,123,61.5,2,True,True,True,False,26,3738,11,83,0.00011644815502222626,74466.1863899974,0.0012849631166318431,40.0,0.26380358194408476,0,0,,,0.0,80,2,0.6680542467102304,1.0,0.038955561322497986,2.1758679891269654,173,0.02903747558593768,0.0,15.464970248998725,2,4034,4
3,adaptive_t0_i100ms,123,61.5,2,True,True,True,False,26,3738,11,83,0.00011644815502222626,74466.1863899974,0.0012849631166318431,40.0,0.26380358194408476,0,0,,,0.0,81,2,5.3193241489889855,1.0,0.0389572279826936,6.82713789140572,330,0.05538940429687521,0.0,4.022657360197627,10,3562,5
3,adaptive_t0_i100ms,123,61.5,2,True,True,True,False,26,3738,11,83,0.00011644815502222626,74466.1863899974,0.0012849631166318431,40.0,0.26380358194408476,0,0,,,0.0,82,2,1.1618835856564274,1.0,0.03892847404589757,2.669697328073162,43,0.007217407226562684,0.0,4.818152087871567,18,3442,10
3,adaptive_t0_i100ms,123,61.5,2,True,True,True,True,26,3738,11,83,0.00011644815502222626,74466.1863899974,0.0012849631166318431,40.0,0.26380358194408476,0,0,,,0.0,83,2,5.021963559143938,1.0,0.03896982944746349,6.529777301560673,14,0.0023498535156251943,0.00011644815502222626,8.749576228976366,26,3738,11
3,adaptive_t0_i100ms,123,61.5,2,True,True,True,False,26,3738,11,83,0.00011644815502222626,74466.1863899974,0.0012849631166318431,40.0,0.26380358194408476,0,0,,,0.0,176,5,0.33686273163054264,1.0,0.03895863064167348,6.368117701297482,411,0.0689849853515627,0.0,1.2088676405983279,5,2917,13
3,adaptive_t0_i100ms,124,62.0,2,True,True,True,True,8,3560,14,17,0.00013933633861597626,74966.18696220199,0.0007127585267880931,40.0,0.08893022989330347,0,0,,,0.0,17,0,0.3331128725662327,1.0,0.06307426127958993,6.387014695964335,160,0.026855468750000194,0.00013933633861597626,18.714925546679297,8,3560,14
3,adaptive_t0_i100ms,124,62.0,2,True,True,True,False,8,3560,14,17,0.00013933633861597626,74966.18696220199,0.0007127585267880931,40.0,0.08893022989330347,0,0,,,0.0,18,0,1.4358889122411025,1.0,0.06307180169669817,7.489790735639205,274,0.045989990234375125,0.0,9.568512169425958,16,3248,5
3,adaptive_t0_i100ms,124,62.0,2,True,True,True,False,8,3560,14,17,0.00013933633861597626,74966.18696220199,0.0007127585267880931,40.0,0.08893022989330347,0,0,,,0.0,19,0,0.6109914927598675,1.0,0.06305695205268853,6.66489331615797,54,0.009063720703125146,0.0,17.334698105885764,24,2936,8
3,adaptive_t0_i100ms,124,62.0,2,True,True,True,False,8,3560,14,17,0.00013933633861597626,74966.18696220199,0.0007127585267880931,40.0,0.08893022989330347,0,0,,,0.0,240,7,1.2965957820441878,1.0,0.06307007438183743,19.458301252238495,41,0.006881713867187694,0.0,7.1258739822224015,7,3591,0
3,adaptive_t0_i100ms,125,62.5,2,True,True,True,False,4,3140,12,144,7.83011823659763e-05,75466.18543632308,0.002238637433038093,40.0,0.08030901407299099,0,0,,,0.0,48,1,2.4957009611287786,1.0,0.0012248266218859744,16.444533979412665,307,0.05152893066406272,0.0,0.09185431113291997,1,3073,4
3,adaptive_t0_i100ms,125,62.5,2,True,True,True,True,4,3140,12,144,7.83011823659763e-05,75466.18543632308,0.002238637433038093,40.0,0.08030901407299099,0,0,,,0.0,144,4,9.606633002303449,1.0,0.001232723399340342,23.555466020587335,171,0.02870178222656268,7.83011823659763e-05,1.1423193951050052,4,3140,12
3,adaptive_t0_i100ms,126,63.0,2,True,True,True,False,10,3754,14,81,0.00010118936595972628,75966.18600852767,0.0016664328431943431,40.0,0.3083516166120535,0,0,,,0.0,18,0,0.6050929584794378,1.0,0.11503656747952563,3.1828354764085542,189,0.03172302246093764,0.0,15.40812838014972,16,3312,0
3,adaptive_t0_i100ms,126,63.0,2,True,True,True,False,10,3754,14,81,0.00010118936595972628,75966.18600852767,0.0016664328431943431,40.0,0.3083516166120535,0,0,,,0.0,49,1,2.5472445159420425,1.0,0.11501099507914371,3.8361157749066006,133,0.02232360839843768,0.0,6.054902820222196,9,3305,13
3,adaptive_t0_i100ms,126,63.0,2,True,True,True,False,10,3754,14,81,0.00010118936595972628,75966.18600852767,0.0016664328431943431,40.0,0.3083516166120535,0,0,,,0.0,50,1,9.797443882695605,1.0,0.11503470256822126,11.086315141660164,276,0.046325683593750146,0.0,0.2989885394490557,17,3857,0
3,adaptive_t0_i100ms,126,63.0,2,True,True,True,True,10,3754,14,81,0.00010118936595972628,75966.18600852767,0.0016664328431943431,40.0,0.3083516166120535,0,0,,,0.0,81,2,5.624586508400105,1.0,0.11504370557556767,6.9134577673646636,48,0.008056640625000208,0.00010118936595972628,1.9510630014847266,10,3754,14
3,adaptive_t0_i100ms,126,63.0,2,True,True,True,False,10,3754,14,81,0.00010118936595972628,75966.18600852767,0.0016664328431943431,40.0,0.3083516166120535,0,0,,,0.0,82,2,0.6492073485098324,1.0,0.11498996996043857,1.9380786074743908,25,0.004196166992187694,0.0,14.502179309100029,18,3570,9
3,adaptive_t0_i100ms,126,63.0,2,True,True,True,False,10,3754,14,81,0.00010118936595972628,75966.18600852767,0.0016664328431943431,40.0,0.3083516166120535,0,0,,,0.0,112,3,0.33404218915511374,1.0,0.11500728057112672,1.622913448119672,144,0.024169921875000153,0.0,29.920870006040786,3,3491,6
3,adaptive_t0_i100ms,126,63.0,2,True,True,True,False,10,3754,14,81,0.00010118936595972628,75966.18600852767,0.0016664328431943431,40.0,0.3083516166120535,0,0,,,0.0,115,3,0.3275345998850787,1.0,0.11501424683474257,1.616405858849637,355,0.05958557128906261,0.0,12.90964735178568,27,2939,11
3,adaptive_t0_i100ms,126,63.0,2,True,True,True,False,10,3754,14,81,0.00010118936595972628,75966.18600852767,0.0016664328431943431,40.0,0.3083516166120535,0,0,,,0.0,209,6,2.635995791563918,1.0,0.11500147858412646,3.49524329754029,92,0.01544189453125018,0.0,12.264295469751232,14,3694,9
3,adaptive_t0_i100ms,126,63.0,2,True,True,True,False,10,3754,14,81,0.00010118936595972628,75966.18600852767,0.0016664328431943431,40.0,0.3083516166120535,0,0,,,0.0,210,6,0.4874578266234854,1.0,0.11496004048649819,1.3467053325998577,94,0.01577758789062518,0.0,24.58604559210653,22,3830,2
3,adaptive_t0_i100ms,126,63.0,2,True,True,True,False,10,3754,14,81,0.00010118936595972628,75966.18600852767,0.0016664328431943431,40.0,0.3083516166120535,0,0,,,0.0,211,6,1.013866517394849,1.0,0.11495530792749659,1.8731140233712211,429,0.07192230224609393,0.0,5.872386805494898,30,3166,5
3,adaptive_t0_i100ms,126,63.0,2,True,True,True,False,10,3754,14,81,0.00010118936595972628,75966.18600852767,0.0016664328431943431,40.0,0.3083516166120535,0,0,,,0.0,241,7,0.5110727537758339,1.0,0.11499747271567767,3.0888152717049504,52,0.00872802734375021,0.0,1.673231312786811,15,4015,14
3,adaptive_t0_i100ms,127,63.5,2,True,True,False,False,,,,,,,,,0.0,0,0,,,0.0,,,,,,,,,,,,,
3,adaptive_t0_i100ms,128,64.0,2,True,True,True,True,24,3064,7,19,0.00014696573314722626,76966.18715293685,0.0005220236635068431,40.0,0.20542345499095974,0,0,,,0.0,19,0,2.7408085794287063,1.0,0.03476993809709943,7.927359713614109,343,0.05757141113281264,0.00014696573314722626,2.8260021608002717,24,3064,7
3,adaptive_t0_i100ms,128,64.0,2,True,True,True,False,24,3064,7,19,0.00014696573314722626,76966.18715293685,0.0005220236635068431,40.0,0.20542345499095974,0,0,,,0.0,48,1,5.413867480056543,1.0,0.03476943809916023,8.007143047149244,78,0.013092041015625222,0.0,9.055121980331023,1,3169,14
3,adaptive_t0_i100ms,128,64.0,2,True,True,True,False,24,3064,7,19,0.00014696573314722626,76966.18715293685,0.0005220236635068431,40.0,0.20542345499095974,0,0,,,0.0,49,1,0.4473438660550087,1.0,0.03472322767705928,3.04061943314771,193,0.03239440917968768,0.0,20.454346030091983,9,3337,7
3,adaptive_t0_i100ms,128,64.0,2,True,True,True,False,24,3064,7,19,0.00014696573314722626,76966.18715293685,0.0005220236635068431,40.0,0.20542345499095974,0,0,,,0.0,208,6,1.4061215335319084,1.0,0.0347307703702782,3.99939710062461,340,0.0570678710937501,0.0,4.248810437580687,6,3814,2
3,adaptive_t0_i100ms,128,64.0,2,True,True,True,False,24,3064,7,19,0.00014696573314722626,76966.18715293685,0.0005220236635068431,40.0,0.20542345499095974,0,0,,,0.0,209,6,0.5196254492167125,1.0,0.034724000376193095,3.112901016309414,7,0.0011749267578126804,0.0,4.615376965972246,14,3790,11
3,adaptive_t0_i100ms,128,64.0,2,True,True,True,False,24,3064,7,19,0.00014696573314722626,76966.18715293685,0.0005220236635068431,40.0,0.20542345499095974,0,0,,,0.0,240,7,0.33380670865022527,1.0,0.03471291466450545,2.9270822757429267,224,0.037597656250000194,0.0,18.942343847302254,7,3591,10
3,adaptive_t0_i100ms,128,64.0,2,True,True,True,False,24,3064,7,19,0.00014696573314722626,76966.18715293685,0.0005220236635068431,40.0,0.20542345499095974,0,0,,,0.0,242,7,8.392221846319286,1.0,0.03475605478889142,10.985497413411988,38,0.006378173828125194,0.0,2.106061438229517,23,3415,14
