num_ssu,case,boundary,relative_time_s,ssu_id,read_only_left_boundary_snapshot,estimated_next_arbitration_rate_is_not_historical_service,path_state_present,path_is_active_command,active_command_npu_id,active_command_request_id,active_command_layer,active_command_path_id,active_command_remaining_gb,active_command_start_time_ms,active_command_age_ms,active_command_physical_service_gbps,aggregate_ssd_outstanding_gb,pressure_reports_cumulative,pressure_cache_hits_cumulative,pressure_cache_time_ms,pressure_cache_age_ms,pressure_ttl_ms,path_id,group_id,cir_gbps,path_weight,virtual_finish,estimated_next_arbitration_rate_gbps,pending_blocks,pending_gb,active_remaining_gb,head_wait_age_ms,head_npu_id,head_request_id,head_layer
5,adaptive_t0_i100ms,0,0.0,0,True,True,False,False,,,,,,,,,0.0,0,0,,,0.0,,,,,,,,,,,,,
5,adaptive_t0_i100ms,1,0.5,0,True,True,True,False,13,589,12,177,3.08599323034289e-06,10363.425814962597,0.004119017161428928,40.0,0.06932376470416785,0,0,,,0.0,80,2,3.0311194195404054,1.0,0.004265985253927225,11.432629229866027,37,0.006210327148437507,0.0,3.93354206292679,2,834,15
5,adaptive_t0_i100ms,1,0.5,0,True,True,True,False,13,589,12,177,3.08599323034289e-06,10363.425814962597,0.004119017161428928,40.0,0.06932376470416785,0,0,,,0.0,82,2,1.639051705673218,1.0,0.004277575184656775,10.04056151599884,83,0.01393127441406252,0.0,4.167601684061083,18,690,8
5,adaptive_t0_i100ms,1,0.5,0,True,True,True,True,13,589,12,177,3.08599323034289e-06,10363.425814962597,0.004119017161428928,40.0,0.06932376470416785,0,0,,,0.0,177,5,1.723789633483887,1.0,0.004277922462369967,18.52680925413513,293,0.049179077148437535,3.08599323034289e-06,0.6050045914525981,13,589,12
5,adaptive_t0_i100ms,2,1.0,0,True,True,True,False,12,780,4,145,0.00011970440275035798,10863.428730422835,0.0012035569234285504,40.0,0.5300116721761878,0,0,,,0.0,16,0,0.9852517563735605,1.0,0.45081094484686823,1.0361384613303182,18,0.0030212402343750278,0.0,20.055055852382793,0,1088,3
5,adaptive_t0_i100ms,2,1.0,0,True,True,True,False,12,780,4,145,0.00011970440275035798,10863.428730422835,0.0012035569234285504,40.0,0.5300116721761878,0,0,,,0.0,17,0,0.27966314060003644,1.0,0.4507701745687313,0.33054984555679406,91,0.01527404785156252,0.0,31.640122569051528,8,616,10
5,adaptive_t0_i100ms,2,1.0,0,True,True,True,False,12,780,4,145,0.00011970440275035798,10863.428730422835,0.0012035569234285504,40.0,0.5300116721761878,0,0,,,0.0,18,0,2.2429556028092126,1.0,0.4509216114793471,2.29384230776597,28,0.004699707031250035,0.0,12.22279291306404,16,752,11
5,adaptive_t0_i100ms,2,1.0,0,True,True,True,False,12,780,4,145,0.00011970440275035798,10863.428730422835,0.0012035569234285504,40.0,0.5300116721761878,0,0,,,0.0,19,0,0.30272199435669744,1.0,0.4506718041176351,0.35360869931345507,335,0.05622863769531252,0.0,5.737201837619068,24,760,5
5,adaptive_t0_i100ms,2,1.0,0,True,True,True,False,12,780,4,145,0.00011970440275035798,10863.428730422835,0.0012035569234285504,40.0,0.5300116721761878,0,0,,,0.0,48,1,4.692946657273952,1.0,0.4508941509847343,4.760795597216295,288,0.04833984375000002,0.0,1.591506315902734,1,577,6
5,adaptive_t0_i100ms,2,1.0,0,True,True,True,False,12,780,4,145,0.00011970440275035798,10863.428730422835,0.0012035569234285504,40.0,0.5300116721761878,0,0,,,0.0,49,1,0.26965152438495743,1.0,0.4507589087706492,0.3375004643273009,219,0.036758422851562514,0.0,30.9475175023872,9,521,12
5,adaptive_t0_i100ms,2,1.0,0,True,True,True,False,12,780,4,145,0.00011970440275035798,10863.428730422835,0.0012035569234285504,40.0,0.5300116721761878,0,0,,,0.0,50,1,0.5483477106125643,1.0,0.4508404108533204,0.6161966505549078,96,0.016113281250000007,0.0,11.020746647984197,17,1233,6
5,adaptive_t0_i100ms,2,1.0,0,True,True,True,False,12,780,4,145,0.00011970440275035798,10863.428730422835,0.0012035569234285504,40.0,0.5300116721761878,0,0,,,0.0,80,2,0.4916755886399259,1.0,0.4508604520638964,0.5595245285822694,13,0.002182006835937507,0.0,14.035683049425643,2,898,14
5,adaptive_t0_i100ms,2,1.0,0,True,True,True,False,12,780,4,145,0.00011970440275035798,10863.428730422835,0.0012035569234285504,40.0,0.5300116721761878,0,0,,,0.0,81,2,0.5623632271497788,1.0,0.4508396317194214,0.6302121670921224,22,0.0036926269531250173,0.0,19.608298430755895,10,682,12
5,adaptive_t0_i100ms,2,1.0,0,True,True,True,False,12,780,4,145,0.00011970440275035798,10863.428730422835,0.0012035569234285504,40.0,0.5300116721761878,0,0,,,0.0,82,2,8.959633654230617,1.0,0.45091401912980367,9.02748259417296,40,0.006713867187500028,0.0,0.3614386702665797,18,754,2
5,adaptive_t0_i100ms,2,1.0,0,True,True,True,False,12,780,4,145,0.00011970440275035798,10863.428730422835,0.0012035569234285504,40.0,0.5300116721761878,0,0,,,0.0,112,3,0.27728317130151287,1.0,0.4507900371495,0.34513211124385634,325,0.05455017089843753,0.0,0.37820617104443954,3,739,2
5,adaptive_t0_i100ms,2,1.0,0,True,True,True,False,12,780,4,145,0.00011970440275035798,10863.428730422835,0.0012035569234285504,40.0,0.5300116721761878,0,0,,,0.0,113,3,0.5550348778151565,1.0,0.45084201309143357,0.6228838177575,13,0.002182006835937507,0.0,25.961823843346792,11,651,8
5,adaptive_t0_i100ms,2,1.0,0,True,True,True,False,12,780,4,145,0.00011970440275035798,10863.428730422835,0.0012035569234285504,40.0,0.5300116721761878,0,0,,,0.0,114,3,2.323979373392339,1.0,0.45089731986262777,2.3918283133346825,39,0.006546020507812528,0.0,13.861175042135073,19,691,10
5,adaptive_t0_i100ms,2,1.0,0,True,True,True,False,12,780,4,145,0.00011970440275035798,10863.428730422835,0.0012035569234285504,40.0,0.5300116721761878,0,0,,,0.0,144,4,0.3133899020085566,1.0,0.45084162855091625,0.3812388419509001,98,0.016448974609375014,0.0,11.522499424610942,4,548,14
5,adaptive_t0_i100ms,2,1.0,0,True,True,True,True,12,780,4,145,0.00011970440275035798,10863.428730422835,0.0012035569234285504,40.0,0.5300116721761878,0,0,,,0.0,145,4,9.650131612437743,1.0,0.45070634764831674,9.717980552380087,12,0.002014160156250014,0.00011970440275035798,0.0056781907223921735,12,780,4
5,adaptive_t0_i100ms,2,1.0,0,True,True,True,False,12,780,4,145,0.00011970440275035798,10863.428730422835,0.0012035569234285504,40.0,0.5300116721761878,0,0,,,0.0,147,4,0.2794173655051713,1.0,0.4508393626216354,0.3472663054475148,273,0.0458221435546875,0.0,8.440833538936204,28,796,10
5,adaptive_t0_i100ms,2,1.0,0,True,True,True,False,12,780,4,145,0.00011970440275035798,10863.428730422835,0.0012035569234285504,40.0,0.5300116721761878,0,0,,,0.0,176,5,1.142908838140016,1.0,0.45083962418184886,1.1937955430967737,206,0.034576416015625035,0.0,7.311335026890447,5,805,5
5,adaptive_t0_i100ms,2,1.0,0,True,True,True,False,12,780,4,145,0.00011970440275035798,10863.428730422835,0.0012035569234285504,40.0,0.5300116721761878,0,0,,,0.0,177,5,0.2529176660292474,1.0,0.4508169816996501,0.30380437098600505,24,0.004028320312500035,0.0,18.200393472496216,13,653,4
5,adaptive_t0_i100ms,2,1.0,0,True,True,True,False,12,780,4,145,0.00011970440275035798,10863.428730422835,0.0012035569234285504,40.0,0.5300116721761878,0,0,,,0.0,178,5,0.565282225545924,1.0,0.4509212375041224,0.6161689305026816,28,0.004699707031250028,0.0,56.32980446566762,21,725,14
5,adaptive_t0_i100ms,2,1.0,0,True,True,True,False,12,780,4,145,0.00011970440275035798,10863.428730422835,0.0012035569234285504,40.0,0.5300116721761878,0,0,,,0.0,179,5,0.2648333248023734,1.0,0.45078845480931523,0.31572002975913105,215,0.036087036132812514,0.0,10.465312514937978,29,605,7
5,adaptive_t0_i100ms,2,1.0,0,True,True,True,False,12,780,4,145,0.00011970440275035798,10863.428730422835,0.0012035569234285504,40.0,0.5300116721761878,0,0,,,0.0,209,6,2.0026290150350228,1.0,0.4508869060520021,2.0704779549773664,22,0.0036926269531250347,0.0,10.08915924593748,14,1006,8
5,adaptive_t0_i100ms,2,1.0,0,True,True,True,False,12,780,4,145,0.00011970440275035798,10863.428730422835,0.0012035569234285504,40.0,0.5300116721761878,0,0,,,0.0,210,6,0.29440189299283037,1.0,0.4509114542200657,0.36225083293517385,198,0.03323364257812502,0.0,37.37467327597733,22,566,15
5,adaptive_t0_i100ms,2,1.0,0,True,True,True,False,12,780,4,145,0.00011970440275035798,10863.428730422835,0.0012035569234285504,40.0,0.5300116721761878,0,0,,,0.0,211,6,0.30241837239632313,1.0,0.45087084001151834,0.3702673123386666,257,0.04313659667968752,0.0,12.994107788270412,30,670,15
5,adaptive_t0_i100ms,2,1.0,0,True,True,True,False,12,780,4,145,0.00011970440275035798,10863.428730422835,0.0012035569234285504,40.0,0.5300116721761878,0,0,,,0.0,240,7,0.5476721873669234,1.0,0.4508322764425993,0.6155211273092669,45,0.007553100585937507,0.0,51.420400583741866,7,743,6
5,adaptive_t0_i100ms,2,1.0,0,True,True,True,False,12,780,4,145,0.00011970440275035798,10863.428730422835,0.0012035569234285504,40.0,0.5300116721761878,0,0,,,0.0,241,7,0.0,1.0,0.45089504381002865,0.06784893994234349,180,0.030212402343750056,0.0,54.999161089914196,15,1135,0
5,adaptive_t0_i100ms,2,1.0,0,True,True,True,False,12,780,4,145,0.00011970440275035798,10863.428730422835,0.0012035569234285504,40.0,0.5300116721761878,0,0,,,0.0,242,7,0.2641147601833118,1.0,0.450754303665322,0.3319637001256553,72,0.01208496093750002,0.0,16.26786429277854,23,791,14
5,adaptive_t0_i100ms,3,1.5,0,True,True,True,False,16,848,0,18,0.00015387275525426957,11363.429584631647,0.00034934811083076056,40.0,0.3910687897474418,0,0,,,0.0,16,0,3.2121908745304366,1.0,0.24538452418514886,3.4057772314487713,86,0.014434814453125028,0.0,12.353885388136405,0,1120,12
5,adaptive_t0_i100ms,3,1.5,0,True,True,True,False,16,848,0,18,0.00015387275525426957,11363.429584631647,0.00034934811083076056,40.0,0.3910687897474418,0,0,,,0.0,17,0,0.0,1.0,0.24468069790599395,0.1935863569183347,157,0.02635192871093752,0.0,37.95355398185529,8,648,0
5,adaptive_t0_i100ms,3,1.5,0,True,True,True,True,16,848,0,18,0.00015387275525426957,11363.429584631647,0.00034934811083076056,40.0,0.3910687897474418,0,0,,,0.0,18,0,7.164396291497721,1.0,0.24541151728619076,7.357982648416056,159,0.026687622070312535,0.00015387275525426957,0.5669557935470948,16,848,0
5,adaptive_t0_i100ms,3,1.5,0,True,True,True,False,16,848,0,18,0.00015387275525426957,11363.429584631647,0.00034934811083076056,40.0,0.3910687897474418,0,0,,,0.0,50,1,0.31112241394958506,1.0,0.2453643122210533,0.8918814847045892,39,0.006546020507812507,0.0,2.393059531950712,17,1265,5
5,adaptive_t0_i100ms,3,1.5,0,True,True,True,False,16,848,0,18,0.00015387275525426957,11363.429584631647,0.00034934811083076056,40.0,0.3910687897474418,0,0,,,0.0,80,2,0.2817712428222657,1.0,0.24513657216742568,0.5721507781997677,133,0.022323608398437507,0.0,9.845999359537018,2,962,0
5,adaptive_t0_i100ms,3,1.5,0,True,True,True,False,16,848,0,18,0.00015387275525426957,11363.429584631647,0.00034934811083076056,40.0,0.3910687897474418,0,0,,,0.0,81,2,0.8328207046234133,1.0,0.2453567599458523,1.1232002400009153,227,0.03810119628906252,0.0,13.52634650571963,10,714,6
5,adaptive_t0_i100ms,3,1.5,0,True,True,True,False,16,848,0,18,0.00015387275525426957,11363.429584631647,0.00034934811083076056,40.0,0.3910687897474418,0,0,,,0.0,113,3,3.212629940058147,1.0,0.24539028712093827,3.503009475435649,283,0.04750061035156251,0.0,2.2610081992315827,11,715,5
5,adaptive_t0_i100ms,3,1.5,0,True,True,True,False,16,848,0,18,0.00015387275525426957,11363.429584631647,0.00034934811083076056,40.0,0.3910687897474418,0,0,,,0.0,114,3,0.34253217236938466,1.0,0.24525031601445263,0.6329117077468867,88,0.014770507812500028,0.0,8.85635680696214,19,755,5
5,adaptive_t0_i100ms,3,1.5,0,True,True,True,False,16,848,0,18,0.00015387275525426957,11363.429584631647,0.00034934811083076056,40.0,0.3910687897474418,0,0,,,0.0,144,4,1.5584195021484373,1.0,0.24538561920210672,1.752005859066772,57,0.009567260742187514,0.0,11.948626764526125,4,644,9
5,adaptive_t0_i100ms,3,1.5,0,True,True,True,False,16,848,0,18,0.00015387275525426957,11363.429584631647,0.00034934811083076056,40.0,0.3910687897474418,0,0,,,0.0,145,4,7.622862383147136,1.0,0.24539315764639302,7.8164487400654705,133,0.02232360839843752,0.0,2.2436880936311354,12,876,15
5,adaptive_t0_i100ms,3,1.5,0,True,True,True,False,16,848,0,18,0.00015387275525426957,11363.429584631647,0.00034934811083076056,40.0,0.3910687897474418,0,0,,,0.0,146,4,3.1680479875342207,1.0,0.24541117636044105,3.3616343444525554,43,0.007217407226562528,0.0,13.936274055016838,20,788,6
5,adaptive_t0_i100ms,3,1.5,0,True,True,True,False,16,848,0,18,0.00015387275525426957,11363.429584631647,0.00034934811083076056,40.0,0.3910687897474418,0,0,,,0.0,176,5,0.7773294538146974,1.0,0.24524633237859214,0.9709158107330321,26,0.004364013671875035,0.0,20.14136950501961,5,869,3
5,adaptive_t0_i100ms,3,1.5,0,True,True,True,False,16,848,0,18,0.00015387275525426957,11363.429584631647,0.00034934811083076056,40.0,0.3910687897474418,0,0,,,0.0,177,5,0.0,1.0,0.24481695414014543,0.1935863569183347,67,0.011245727539062535,0.0,6.931496039162084,13,685,1
5,adaptive_t0_i100ms,3,1.5,0,True,True,True,False,16,848,0,18,0.00015387275525426957,11363.429584631647,0.00034934811083076056,40.0,0.3910687897474418,0,0,,,0.0,178,5,0.3542816861114502,1.0,0.24532905620906267,0.5478680430297849,22,0.0036926269531250278,0.0,40.94406831614651,21,757,4
5,adaptive_t0_i100ms,3,1.5,0,True,True,True,False,16,848,0,18,0.00015387275525426957,11363.429584631647,0.00034934811083076056,40.0,0.3910687897474418,0,0,,,0.0,209,6,1.7948249205780031,1.0,0.24538591492759487,2.0852044559555054,214,0.03591918945312504,0.0,11.441354328286252,14,1038,12
5,adaptive_t0_i100ms,3,1.5,0,True,True,True,False,16,848,0,18,0.00015387275525426957,11363.429584631647,0.00034934811083076056,40.0,0.3910687897474418,0,0,,,0.0,210,6,3.1724826842278246,1.0,0.24538380398476328,3.4628622196053267,6,0.0010070800781250208,0.0,8.885570453285254,22,630,3
5,adaptive_t0_i100ms,3,1.5,0,True,True,True,False,16,848,0,18,0.00015387275525426957,11363.429584631647,0.00034934811083076056,40.0,0.3910687897474418,0,0,,,0.0,240,7,0.7670179646209717,1.0,0.24540403116255077,0.9606043215393064,262,0.04397583007812501,0.0,7.0794113603096775,7,743,14
5,adaptive_t0_i100ms,3,1.5,0,True,True,True,False,16,848,0,18,0.00015387275525426957,11363.429584631647,0.00034934811083076056,40.0,0.3910687897474418,0,0,,,0.0,241,7,0.3913255847442627,1.0,0.24537836586728393,0.5849119416625974,292,0.049011230468750056,0.0,5.818129943148961,15,1135,4
5,adaptive_t0_i100ms,3,1.5,0,True,True,True,False,16,848,0,18,0.00015387275525426957,11363.429584631647,0.00034934811083076056,40.0,0.3910687897474418,0,0,,,0.0,242,7,0.3898716271820069,1.0,0.2451884658931357,0.5834579841003416,35,0.005874633789062521,0.0,22.51637655859122,23,823,4
5,adaptive_t0_i100ms,4,2.0,0,True,True,True,False,28,828,9,147,9.283759900426957e-05,11863.428058752741,0.0018752270170807606,40.0,0.3273938629896293,0,0,,,0.0,16,0,0.3522140535278321,1.0,0.7319342696705355,1.114950137084525,38,0.006378173828125028,0.0,3.1081856467735633,0,1152,15
5,adaptive_t0_i100ms,4,2.0,0,True,True,True,False,28,828,9,147,9.283759900426957e-05,11863.428058752741,0.0018752270170807606,40.0,0.3273938629896293,0,0,,,0.0,18,0,0.7891230288208005,1.0,0.7319167409144368,1.5518591123774934,140,0.023498535156250035,0.0,4.840615985358454,16,912,6
5,adaptive_t0_i100ms,4,2.0,0,True,True,True,False,28,828,9,147,9.283759900426957e-05,11863.428058752741,0.0018752270170807606,40.0,0.3273938629896293,0,0,,,0.0,19,0,0.42396384792480474,1.0,0.7319256420004151,1.1866999314814977,20,0.003356933593750021,0.0,16.242883882550814,24,760,12
5,adaptive_t0_i100ms,4,2.0,0,True,True,True,False,28,828,9,147,9.283759900426957e-05,11863.428058752741,0.0018752270170807606,40.0,0.3273938629896293,0,0,,,0.0,81,2,0.8328207046234133,1.0,0.731933502468613,3.1210289552934922,292,0.04901123046875002,0.0,2.8932787935937085,10,714,13
5,adaptive_t0_i100ms,4,2.0,0,True,True,True,False,28,828,9,147,9.283759900426957e-05,11863.428058752741,0.0018752270170807606,40.0,0.3273938629896293,0,0,,,0.0,112,3,0.38833663381347655,1.0,0.7318962868127699,1.1510727173701696,212,0.03558349609375003,0.0,10.97118821535878,3,739,9
5,adaptive_t0_i100ms,4,2.0,0,True,True,True,False,28,828,9,147,9.283759900426957e-05,11863.428058752741,0.0018752270170807606,40.0,0.3273938629896293,0,0,,,0.0,114,3,0.3425321723693847,1.0,0.7319277142063367,1.1052682559260778,57,0.009567260742187528,0.0,8.043207774442635,19,755,12
5,adaptive_t0_i100ms,4,2.0,0,True,True,True,False,28,828,9,147,9.283759900426957e-05,11863.428058752741,0.0018752270170807606,40.0,0.3273938629896293,0,0,,,0.0,115,3,5.455957875183106,1.0,0.7319453571859676,6.218693958739799,126,0.021148681640625007,0.0,1.1996476608892408,27,411,13
5,adaptive_t0_i100ms,4,2.0,0,True,True,True,False,28,828,9,147,9.283759900426957e-05,11863.428058752741,0.0018752270170807606,40.0,0.3273938629896293,0,0,,,0.0,145,4,0.3286068766204834,1.0,0.7318907050202075,1.0913429601771765,53,0.00889587402343752,0.0,3.217581385926678,12,940,9
5,adaptive_t0_i100ms,4,2.0,0,True,True,True,False,28,828,9,147,9.283759900426957e-05,11863.428058752741,0.0018752270170807606,40.0,0.3273938629896293,0,0,,,0.0,146,4,3.376742210394287,1.0,0.7319509257963628,4.1394782939509795,279,0.04682922363281253,0.0,3.114135875774082,20,852,9
5,adaptive_t0_i100ms,4,2.0,0,True,True,True,True,28,828,9,147,9.283759900426957e-05,11863.428058752741,0.0018752270170807606,40.0,0.3273938629896293,0,0,,,0.0,147,4,5.863474584628292,1.0,0.7319549812717856,6.626210668184985,117,0.0196380615234375,9.283759900426957e-05,3.069965936743756,28,828,9
5,adaptive_t0_i100ms,4,2.0,0,True,True,True,False,28,828,9,147,9.283759900426957e-05,11863.428058752741,0.0018752270170807606,40.0,0.3273938629896293,0,0,,,0.0,176,5,0.7773294538146973,1.0,0.7319119969046105,3.0655377044847762,217,0.03642272949218754,0.0,1.1857237749063643,5,901,1
5,adaptive_t0_i100ms,4,2.0,0,True,True,True,False,28,828,9,147,9.283759900426957e-05,11863.428058752741,0.0018752270170807606,40.0,0.3273938629896293,0,0,,,0.0,209,6,3.0303581134277344,1.0,0.7319392413555126,5.318566364097814,73,0.012252807617187542,0.0,3.331796387108625,14,1102,11
5,adaptive_t0_i100ms,4,2.0,0,True,True,True,False,28,828,9,147,9.283759900426957e-05,11863.428058752741,0.0018752270170807606,40.0,0.3273938629896293,0,0,,,0.0,240,7,0.3151252675231934,1.0,0.731946079103192,1.0778613510798865,76,0.012756347656250007,0.0,2.52033313757056,7,775,7
5,adaptive_t0_i100ms,4,2.0,0,True,True,True,False,28,828,9,147,9.283759900426957e-05,11863.428058752741,0.0018752270170807606,40.0,0.3273938629896293,0,0,,,0.0,242,7,0.38987162718200685,1.0,0.7318449066933086,1.1526077107386998,186,0.03121948242187502,0.0,3.817713740245381,23,823,9
5,adaptive_t0_i100ms,4,2.0,0,True,True,True,False,28,828,9,147,9.283759900426957e-05,11863.428058752741,0.0018752270170807606,40.0,0.3273938629896293,0,0,,,0.0,243,7,1.3160857954559326,1.0,0.731929289487908,2.078821879012626,64,0.010742187500000014,0.0,2.6882070452775224,31,1087,8
5,adaptive_t0_i100ms,5,2.5,0,True,True,True,False,21,757,14,178,0.00011468577351479326,12363.428604957104,0.0013290226543176686,40.0,0.3379900519844523,0,0,,,0.0,49,1,3.80122095350761,1.0,0.10908255375541376,4.972742830790493,207,0.034744262695312514,0.0,4.909226142257467,9,777,1
5,adaptive_t0_i100ms,5,2.5,0,True,True,True,False,21,757,14,178,0.00011468577351479326,12363.428604957104,0.0013290226543176686,40.0,0.3379900519844523,0,0,,,0.0,51,1,0.36858582756042485,1.0,0.10904505961930197,1.5401077048433076,7,0.001174926757812507,0.0,63.01376910718682,25,665,13
5,adaptive_t0_i100ms,5,2.5,0,True,True,True,False,21,757,14,178,0.00011468577351479326,12363.428604957104,0.0013290226543176686,40.0,0.3379900519844523,0,0,,,0.0,80,2,0.7773294538146974,1.0,0.10901116509879309,1.3630903924561388,158,0.026519775390625007,0.0,1.331738459482949,2,1058,11
5,adaptive_t0_i100ms,5,2.5,0,True,True,True,False,21,757,14,178,0.00011468577351479326,12363.428604957104,0.0013290226543176686,40.0,0.3379900519844523,0,0,,,0.0,81,2,2.0195227066355397,1.0,0.10906276988895396,2.605283645276981,160,0.02685546875000002,0.0,0.07989542891846213,10,746,15
5,adaptive_t0_i100ms,5,2.5,0,True,True,True,False,21,757,14,178,0.00011468577351479326,12363.428604957104,0.0013290226543176686,40.0,0.3379900519844523,0,0,,,0.0,82,2,1.2423550688243823,1.0,0.10907408489433336,1.8281160074658236,18,0.0030212402343750347,0.0,15.424512958725245,18,850,13
5,adaptive_t0_i100ms,5,2.5,0,True,True,True,False,21,757,14,178,0.00011468577351479326,12363.428604957104,0.0013290226543176686,40.0,0.3379900519844523,0,0,,,0.0,83,2,3.4142207667096365,1.0,0.10907684225824243,3.999981705351078,34,0.005706787109375014,0.0,1.5262870422193373,26,1114,1
5,adaptive_t0_i100ms,5,2.5,0,True,True,True,False,21,757,14,178,0.00011468577351479326,12363.428604957104,0.0013290226543176686,40.0,0.3379900519844523,0,0,,,0.0,114,3,0.37676459447021493,1.0,0.10901208157180066,1.5482864717530977,95,0.015945434570312528,0.0,35.80192951898425,19,787,2
5,adaptive_t0_i100ms,5,2.5,0,True,True,True,False,21,757,14,178,0.00011468577351479326,12363.428604957104,0.0013290226543176686,40.0,0.3379900519844523,0,0,,,0.0,115,3,0.7791568186431883,1.0,0.10903459681726346,1.9506786959260711,33,0.005538940429687507,0.0,37.871957930894496,27,443,8
5,adaptive_t0_i100ms,5,2.5,0,True,True,True,False,21,757,14,178,0.00011468577351479326,12363.428604957104,0.0013290226543176686,40.0,0.3379900519844523,0,0,,,0.0,144,4,0.35200162861633305,1.0,0.10905616563842671,0.9377625672577745,93,0.015609741210937514,0.0,3.1086509708839003,4,708,9
5,adaptive_t0_i100ms,5,2.5,0,True,True,True,False,21,757,14,178,0.00011468577351479326,12363.428604957104,0.0013290226543176686,40.0,0.3379900519844523,0,0,,,0.0,145,4,3.4303855786681323,1.0,0.10909487445428147,4.016146517309574,19,0.003189086914062521,0.0,3.6499028754515166,12,1004,3
5,adaptive_t0_i100ms,5,2.5,0,True,True,True,False,21,757,14,178,0.00011468577351479326,12363.428604957104,0.0013290226543176686,40.0,0.3379900519844523,0,0,,,0.0,146,4,1.2927127217161063,1.0,0.10905659132837665,1.8784736603575478,251,0.042129516601562535,0.0,4.549294110704068,20,916,12
5,adaptive_t0_i100ms,5,2.5,0,True,True,True,False,21,757,14,178,0.00011468577351479326,12363.428604957104,0.0013290226543176686,40.0,0.3379900519844523,0,0,,,0.0,147,4,1.2039226771809497,1.0,0.10906702698393118,1.789683615822391,87,0.0146026611328125,0.0,11.12406095661936,28,956,14
5,adaptive_t0_i100ms,5,2.5,0,True,True,True,True,21,757,14,178,0.00011468577351479326,12363.428604957104,0.0013290226543176686,40.0,0.3379900519844523,0,0,,,0.0,178,5,0.3542816861114502,1.0,0.10909918569959157,1.525803563394333,199,0.03340148925781253,0.00011468577351479326,3.484642679894023,21,757,14
5,adaptive_t0_i100ms,5,2.5,0,True,True,True,False,21,757,14,178,0.00011468577351479326,12363.428604957104,0.0013290226543176686,40.0,0.3379900519844523,0,0,,,0.0,179,5,0.7624978916381837,1.0,0.10902121819248696,1.9340197689210665,222,0.03726196289062502,0.0,1.905126869234664,29,637,8
5,adaptive_t0_i100ms,5,2.5,0,True,True,True,False,21,757,14,178,0.00011468577351479326,12363.428604957104,0.0013290226543176686,40.0,0.3379900519844523,0,0,,,0.0,208,6,0.3698942003173828,1.0,0.10897640177145994,1.150908785172638,130,0.021820068359375,0.0,1.2010379817984358,6,870,14
5,adaptive_t0_i100ms,5,2.5,0,True,True,True,False,21,757,14,178,0.00011468577351479326,12363.428604957104,0.0013290226543176686,40.0,0.3379900519844523,0,0,,,0.0,209,6,0.7656672810058596,1.0,0.10902692948223515,1.5466818658611148,7,0.0011749267578125416,0.0,28.69830868106328,14,1134,11
5,adaptive_t0_i100ms,5,2.5,0,True,True,True,False,21,757,14,178,0.00011468577351479326,12363.428604957104,0.0013290226543176686,40.0,0.3379900519844523,0,0,,,0.0,211,6,1.896848277875286,1.0,0.10905048317638408,2.6778628627305414,167,0.02803039550781252,0.0,8.59526459436347,30,766,0
5,adaptive_t0_i100ms,5,2.5,0,True,True,True,False,21,757,14,178,0.00011468577351479326,12363.428604957104,0.0013290226543176686,40.0,0.3379900519844523,0,0,,,0.0,240,7,0.0,1.0,0.10904546178629379,1.1715218772828828,67,0.011245727539062507,0.0,1.8496335306444962,7,807,1
5,adaptive_t0_i100ms,5,2.5,0,True,True,True,False,21,757,14,178,0.00011468577351479326,12363.428604957104,0.0013290226543176686,40.0,0.3379900519844523,0,0,,,0.0,241,7,0.3913255847442626,1.0,0.10902403342281416,1.5628474620271455,59,0.009902954101562556,0.0,53.93206325447318,15,1135,11
5,adaptive_t0_i100ms,6,3.0,0,True,True,True,False,25,697,9,51,5.365061726479325e-05,12863.427079078197,0.0028549015605676686,40.0,0.3501818244453898,0,0,,,0.0,16,0,0.24857252260842277,1.0,0.5990849118720821,0.4635081449340632,84,0.014099121093750028,0.0,29.901127224899028,0,1184,9
5,adaptive_t0_i100ms,6,3.0,0,True,True,True,False,25,697,9,51,5.365061726479325e-05,12863.427079078197,0.0028549015605676686,40.0,0.3501818244453898,0,0,,,0.0,17,0,1.5711382425602352,1.0,0.5991024704593076,1.7860738648858756,50,0.008392333984375028,0.0,19.080561958047838,8,872,1
5,adaptive_t0_i100ms,6,3.0,0,True,True,True,False,25,697,9,51,5.365061726479325e-05,12863.427079078197,0.0028549015605676686,40.0,0.3501818244453898,0,0,,,0.0,19,0,1.0139687622733182,1.0,0.5990950450928,1.2289043845989587,129,0.021652221679687528,0.0,23.670276313463546,24,856,1
5,adaptive_t0_i100ms,6,3.0,0,True,True,True,False,25,697,9,51,5.365061726479325e-05,12863.427079078197,0.0028549015605676686,40.0,0.3501818244453898,0,0,,,0.0,49,1,0.2462664733555666,1.0,0.5989643057371157,0.46120209568120707,97,0.016281127929687514,0.0,30.484579628391657,9,809,4
5,adaptive_t0_i100ms,6,3.0,0,True,True,True,False,25,697,9,51,5.365061726479325e-05,12863.427079078197,0.0028549015605676686,40.0,0.3501818244453898,0,0,,,0.0,50,1,3.035950093794622,1.0,0.5990793627900005,3.2508857161202624,6,0.001007080078125007,0.0,3.408851068805234,17,1393,15
5,adaptive_t0_i100ms,6,3.0,0,True,True,True,True,25,697,9,51,5.365061726479325e-05,12863.427079078197,0.0028549015605676686,40.0,0.3501818244453898,0,0,,,0.0,51,1,7.537782254154844,1.0,0.5991263531837996,7.752717876480484,50,0.008392333984375007,5.365061726479325e-05,5.672789253125302,25,697,9
5,adaptive_t0_i100ms,6,3.0,0,True,True,True,False,25,697,9,51,5.365061726479325e-05,12863.427079078197,0.0028549015605676686,40.0,0.3501818244453898,0,0,,,0.0,80,2,0.4807522179852459,1.0,0.5991071677489912,0.8031556514737066,205,0.03440856933593751,0.0,10.31702277304612,2,1090,4
5,adaptive_t0_i100ms,6,3.0,0,True,True,True,False,25,697,9,51,5.365061726479325e-05,12863.427079078197,0.0028549015605676686,40.0,0.3501818244453898,0,0,,,0.0,81,2,0.9777302430279022,1.0,0.5991114508143492,1.300133676516363,314,0.05270385742187502,0.0,0.6376115177990869,10,778,11
5,adaptive_t0_i100ms,6,3.0,0,True,True,True,False,25,697,9,51,5.365061726479325e-05,12863.427079078197,0.0028549015605676686,40.0,0.3501818244453898,0,0,,,0.0,112,3,0.0,1.0,0.5990359245190262,0.6448068669769214,84,0.014099121093750028,0.0,21.584170259531675,3,771,0
5,adaptive_t0_i100ms,6,3.0,0,True,True,True,False,25,697,9,51,5.365061726479325e-05,12863.427079078197,0.0028549015605676686,40.0,0.3501818244453898,0,0,,,0.0,144,4,4.307271954312938,1.0,0.5991066039862418,4.468473671057168,13,0.002182006835937521,0.0,9.709105732590615,4,740,6
5,adaptive_t0_i100ms,6,3.0,0,True,True,True,False,25,697,9,51,5.365061726479325e-05,12863.427079078197,0.0028549015605676686,40.0,0.3501818244453898,0,0,,,0.0,145,4,2.154544419676434,1.0,0.5990920371335436,2.3157461364206644,89,0.01493835449218752,0.0,8.273381781895296,12,1100,14
5,adaptive_t0_i100ms,6,3.0,0,True,True,True,False,25,697,9,51,5.365061726479325e-05,12863.427079078197,0.0028549015605676686,40.0,0.3501818244453898,0,0,,,0.0,146,4,0.2314659992049526,1.0,0.5991086216295303,0.3926677159491829,66,0.011077880859375035,0.0,46.63692678017833,20,948,3
5,adaptive_t0_i100ms,6,3.0,0,True,True,True,False,25,697,9,51,5.365061726479325e-05,12863.427079078197,0.0028549015605676686,40.0,0.3501818244453898,0,0,,,0.0,147,4,6.508566236577512,1.0,0.5991135397600637,6.669767953321743,134,0.022491455078125007,0.0,0.7230658338630747,28,1084,3
5,adaptive_t0_i100ms,6,3.0,0,True,True,True,False,25,697,9,51,5.365061726479325e-05,12863.427079078197,0.0028549015605676686,40.0,0.3501818244453898,0,0,,,0.0,176,5,0.45782409086481823,1.0,0.5989221235184979,0.7802275243532789,37,0.006210327148437542,0.0,6.493266690049495,5,933,9
5,adaptive_t0_i100ms,6,3.0,0,True,True,True,False,25,697,9,51,5.365061726479325e-05,12863.427079078197,0.0028549015605676686,40.0,0.3501818244453898,0,0,,,0.0,179,5,2.5999558984369617,1.0,0.599117290691192,2.9223593319254224,41,0.006881713867187521,0.0,0.3344874943686591,29,669,6
5,adaptive_t0_i100ms,6,3.0,0,True,True,True,False,25,697,9,51,5.365061726479325e-05,12863.427079078197,0.0028549015605676686,40.0,0.3501818244453898,0,0,,,0.0,208,6,0.51000601667405,1.0,0.599026532032968,0.7249416389996904,79,0.0132598876953125,0.0,15.295980658742337,6,934,4
5,adaptive_t0_i100ms,6,3.0,0,True,True,True,False,25,697,9,51,5.365061726479325e-05,12863.427079078197,0.0028549015605676686,40.0,0.3501818244453898,0,0,,,0.0,210,6,1.984537880440548,1.0,0.599063490528088,2.1994735027661885,170,0.02853393554687502,0.0,11.722111884586411,22,726,6
5,adaptive_t0_i100ms,6,3.0,0,True,True,True,False,25,697,9,51,5.365061726479325e-05,12863.427079078197,0.0028549015605676686,40.0,0.3501818244453898,0,0,,,0.0,211,6,0.23472425529752783,1.0,0.5989844066025208,0.4496598776231683,30,0.005035400390625028,0.0,36.96033948777949,30,798,3
5,adaptive_t0_i100ms,6,3.0,0,True,True,True,False,25,697,9,51,5.365061726479325e-05,12863.427079078197,0.0028549015605676686,40.0,0.3501818244453898,0,0,,,0.0,240,7,0.4983267050906432,1.0,0.5989547534102949,0.8207301385791039,146,0.024505615234375014,0.0,15.030347437317687,7,903,3
5,adaptive_t0_i100ms,6,3.0,0,True,True,True,False,25,697,9,51,5.365061726479325e-05,12863.427079078197,0.0028549015605676686,40.0,0.3501818244453898,0,0,,,0.0,241,7,0.24216079784808578,1.0,0.599069317918689,0.5645642313365464,262,0.043975830078125056,0.0,10.16523943118409,15,1135,15
5,adaptive_t0_i100ms,7,3.5,0,True,True,True,False,22,790,1,210,0.00016037404573580717,13363.42974716391,0.00018681584879232105,40.0,0.4511644023660483,0,0,,,0.0,17,0,0.9038679061727865,1.0,0.33053988539986606,1.6615133177195212,13,0.0021820068359375278,0.0,30.062443440092466,8,872,14
5,adaptive_t0_i100ms,7,3.5,0,True,True,True,False,22,790,1,210,0.00016037404573580717,13363.42974716391,0.00018681584879232105,40.0,0.4511644023660483,0,0,,,0.0,19,0,0.9830118749924112,1.0,0.3305564923317569,1.7406572865391459,333,0.05589294433593753,0.0,1.0956176823710848,24,856,13
5,adaptive_t0_i100ms,7,3.5,0,True,True,True,False,22,790,1,210,0.00016037404573580717,13363.42974716391,0.00018681584879232105,40.0,0.4511644023660483,0,0,,,0.0,49,1,0.23874785568174145,1.0,0.3304389605897988,0.7438447967128978,171,0.028701782226562514,0.0,11.747616810316686,9,809,9
5,adaptive_t0_i100ms,7,3.5,0,True,True,True,False,22,790,1,210,0.00016037404573580717,13363.42974716391,0.00018681584879232105,40.0,0.4511644023660483,0,0,,,0.0,50,1,0.2308369905615218,1.0,0.3304657237605833,0.7359339315926783,262,0.04397583007812501,0.0,10.437385546860241,17,1457,4
5,adaptive_t0_i100ms,7,3.5,0,True,True,True,False,22,790,1,210,0.00016037404573580717,13363.42974716391,0.00018681584879232105,40.0,0.4511644023660483,0,0,,,0.0,51,1,0.32936750537437454,1.0,0.33049967560959714,0.834464446405531,33,0.005538940429687509,0.0,2.615472618786953,25,793,6
5,adaptive_t0_i100ms,7,3.5,0,True,True,True,False,22,790,1,210,0.00016037404573580717,13363.42974716391,0.00018681584879232105,40.0,0.4511644023660483,0,0,,,0.0,81,2,3.3863527417705295,1.0,0.33055282115899454,3.891449682801686,60,0.010070800781250028,0.0,9.492034309072551,10,810,13
5,adaptive_t0_i100ms,7,3.5,0,True,True,True,False,22,790,1,210,0.00016037404573580717,13363.42974716391,0.00018681584879232105,40.0,0.4511644023660483,0,0,,,0.0,82,2,1.7650705572771532,1.0,0.3305546765231554,2.2701674983083096,69,0.011581420898437542,0.0,6.881397467799616,18,914,12
5,adaptive_t0_i100ms,7,3.5,0,True,True,True,False,22,790,1,210,0.00016037404573580717,13363.42974716391,0.00018681584879232105,40.0,0.4511644023660483,0,0,,,0.0,83,2,0.4755794364746957,1.0,0.3304769783024219,0.9806763775058521,29,0.004867553710937514,0.0,36.08587565418202,26,1210,3
5,adaptive_t0_i100ms,7,3.5,0,True,True,True,False,22,790,1,210,0.00016037404573580717,13363.42974716391,0.00018681584879232105,40.0,0.4511644023660483,0,0,,,0.0,112,3,6.934882671652705,1.0,0.3305778980875977,7.439979612683861,143,0.024002075195312535,0.0,2.5764148019006825,3,803,12
5,adaptive_t0_i100ms,7,3.5,0,True,True,True,False,22,790,1,210,0.00016037404573580717,13363.42974716391,0.00018681584879232105,40.0,0.4511644023660483,0,0,,,0.0,113,3,7.1539591249559855,1.0,0.3305633360377569,7.659056065987142,164,0.027526855468750007,0.0,0.7422281560993724,11,907,0
5,adaptive_t0_i100ms,7,3.5,0,True,True,True,False,22,790,1,210,0.00016037404573580717,13363.42974716391,0.00018681584879232105,40.0,0.4511644023660483,0,0,,,0.0,115,3,0.4559787431614521,1.0,0.33049845830116975,0.9610756841926085,89,0.014938354492187507,0.0,8.043254889529635,27,475,14
5,adaptive_t0_i100ms,7,3.5,0,True,True,True,False,22,790,1,210,0.00016037404573580717,13363.42974716391,0.00018681584879232105,40.0,0.4511644023660483,0,0,,,0.0,146,4,0.22439924615164814,1.0,0.33050498978404846,1.7396900692451174,281,0.047164916992187535,0.0,1.9009779118950973,20,948,7
5,adaptive_t0_i100ms,7,3.5,0,True,True,True,False,22,790,1,210,0.00016037404573580717,13363.42974716391,0.00018681584879232105,40.0,0.4511644023660483,0,0,,,0.0,176,5,0.44384653129620727,1.0,0.3304568830729267,1.2014919428429418,30,0.005035400390625042,0.0,8.907861456940736,5,997,9
5,adaptive_t0_i100ms,7,3.5,0,True,True,True,False,22,790,1,210,0.00016037404573580717,13363.42974716391,0.00018681584879232105,40.0,0.4511644023660483,0,0,,,0.0,177,5,0.24362200577117316,1.0,0.3304783294187655,1.0012674173179077,118,0.019805908203125035,0.0,29.078190192652983,13,717,15
5,adaptive_t0_i100ms,7,3.5,0,True,True,True,False,22,790,1,210,0.00016037404573580717,13363.42974716391,0.00018681584879232105,40.0,0.4511644023660483,0,0,,,0.0,208,6,0.4944353212461495,1.0,0.33053177309241094,0.8732580270195167,96,0.016113281250000003,0.0,7.116205817232185,6,966,1
5,adaptive_t0_i100ms,7,3.5,0,True,True,True,False,22,790,1,210,0.00016037404573580717,13363.42974716391,0.00018681584879232105,40.0,0.4511644023660483,0,0,,,0.0,209,6,0.25506062537353336,1.0,0.33034779994496033,0.6338833311469007,191,0.03205871582031254,0.0,33.068581009833,14,1166,6
5,adaptive_t0_i100ms,7,3.5,0,True,True,True,True,22,790,1,210,0.00016037404573580717,13363.42974716391,0.00018681584879232105,40.0,0.4511644023660483,0,0,,,0.0,210,6,1.9445024171517353,1.0,0.3305795805397206,2.3233251229251026,177,0.02970886230468752,0.00016037404573580717,3.918618903229799,22,790,1
5,adaptive_t0_i100ms,7,3.5,0,True,True,True,False,22,790,1,210,0.00016037404573580717,13363.42974716391,0.00018681584879232105,40.0,0.4511644023660483,0,0,,,0.0,211,6,0.22755802633298913,1.0,0.3303456374536974,0.6063807321063565,141,0.023666381835937528,0.0,28.771977668178806,30,798,7
5,adaptive_t0_i100ms,7,3.5,0,True,True,True,False,22,790,1,210,0.00016037404573580717,13363.42974716391,0.00018681584879232105,40.0,0.4511644023660483,0,0,,,0.0,240,7,0.4831125838942758,1.0,0.33048126318569027,0.9882095249254322,177,0.029708862304687514,0.0,16.09008209917556,7,903,11
5,adaptive_t0_i100ms,7,3.5,0,True,True,True,False,22,790,1,210,0.00016037404573580717,13363.42974716391,0.00018681584879232105,40.0,0.4511644023660483,0,0,,,0.0,241,7,0.451800464650961,1.0,0.3304766960738807,0.9568974056821175,78,0.013092041015625056,0.0,20.97890131315944,15,1167,5
5,adaptive_t0_i100ms,7,3.5,0,True,True,True,False,22,790,1,210,0.00016037404573580717,13363.42974716391,0.00018681584879232105,40.0,0.4511644023660483,0,0,,,0.0,242,7,0.2516807853082177,1.0,0.33045241504232126,0.7567777263393741,32,0.005371093750000028,0.0,37.14087317734629,23,855,6
5,adaptive_t0_i100ms,8,4.0,0,True,True,True,False,5,1061,15,176,8.137550612445958e-06,13863.425941251531,0.003992728226876352,40.0,0.44094136508967496,0,0,,,0.0,17,0,0.979492408376046,1.0,0.05203700548280652,1.2502734175365422,56,0.009399414062500028,0.0,37.60776792959223,8,936,0
5,adaptive_t0_i100ms,8,4.0,0,True,True,True,False,5,1061,15,176,8.137550612445958e-06,13863.425941251531,0.003992728226876352,40.0,0.44094136508967496,0,0,,,0.0,18,0,0.5322935156475619,1.0,0.051886566272033835,0.803074524808058,151,0.025344848632812535,0.0,34.16772349667917,16,976,10
5,adaptive_t0_i100ms,8,4.0,0,True,True,True,False,5,1061,15,176,8.137550612445958e-06,13863.425941251531,0.003992728226876352,40.0,0.44094136508967496,0,0,,,0.0,19,0,0.24581064670702676,1.0,0.05198692783781875,0.5165916558675229,125,0.020980834960937528,0.0,12.380112466093124,24,920,4
5,adaptive_t0_i100ms,8,4.0,0,True,True,True,False,5,1061,15,176,8.137550612445958e-06,13863.425941251531,0.003992728226876352,40.0,0.44094136508967496,0,0,,,0.0,48,1,0.5529698464833318,1.0,0.05196654524007822,1.3653128739648204,116,0.019470214843750035,0.0,42.52817420424981,1,705,8
5,adaptive_t0_i100ms,8,4.0,0,True,True,True,False,5,1061,15,176,8.137550612445958e-06,13863.425941251531,0.003992728226876352,40.0,0.44094136508967496,0,0,,,0.0,80,2,4.021062051285629,1.0,0.052055459183811985,4.224147808156001,102,0.017120361328125007,0.0,2.460658988222349,2,1122,9
5,adaptive_t0_i100ms,8,4.0,0,True,True,True,False,5,1061,15,176,8.137550612445958e-06,13863.425941251531,0.003992728226876352,40.0,0.44094136508967496,0,0,,,0.0,81,2,0.1931875292358709,1.0,0.052015910374104794,0.396273286106243,18,0.0030212402343750278,0.0,13.754939704245771,10,874,13
5,adaptive_t0_i100ms,8,4.0,0,True,True,True,False,5,1061,15,176,8.137550612445958e-06,13863.425941251531,0.003992728226876352,40.0,0.44094136508967496,0,0,,,0.0,82,2,1.0657126000980057,1.0,0.05202341233660998,1.2687983569683778,208,0.03491210937500004,0.0,12.473301932643153,18,946,14
5,adaptive_t0_i100ms,8,4.0,0,True,True,True,False,5,1061,15,176,8.137550612445958e-06,13863.425941251531,0.003992728226876352,40.0,0.44094136508967496,0,0,,,0.0,83,2,0.5324157096084072,1.0,0.05192693785989171,0.7355014664787793,198,0.033233642578125014,0.0,5.557595925087298,26,1210,14
5,adaptive_t0_i100ms,8,4.0,0,True,True,True,False,5,1061,15,176,8.137550612445958e-06,13863.425941251531,0.003992728226876352,40.0,0.44094136508967496,0,0,,,0.0,112,3,1.0711690377314396,1.0,0.051997402512860585,1.2742547946018117,111,0.018630981445312535,0.0,15.189810477642823,3,899,5
5,adaptive_t0_i100ms,8,4.0,0,True,True,True,False,5,1061,15,176,8.137550612445958e-06,13863.425941251531,0.003992728226876352,40.0,0.44094136508967496,0,0,,,0.0,113,3,0.5211818984558911,1.0,0.0518564975189295,0.7242676553262632,128,0.021484375000000014,0.0,35.96183491743432,11,971,2
5,adaptive_t0_i100ms,8,4.0,0,True,True,True,False,5,1061,15,176,8.137550612445958e-06,13863.425941251531,0.003992728226876352,40.0,0.44094136508967496,0,0,,,0.0,114,3,0.2530449428097532,1.0,0.052042324933340225,0.4561306996801253,171,0.028701782226562528,0.0,36.61784288182571,19,787,15
5,adaptive_t0_i100ms,8,4.0,0,True,True,True,False,5,1061,15,176,8.137550612445958e-06,13863.425941251531,0.003992728226876352,40.0,0.44094136508967496,0,0,,,0.0,115,3,0.47191392442563374,1.0,0.052049906126287564,0.6749996812960058,180,0.030212402343750007,0.0,4.04808662843061,27,507,9
5,adaptive_t0_i100ms,8,4.0,0,True,True,True,False,5,1061,15,176,8.137550612445958e-06,13863.425941251531,0.003992728226876352,40.0,0.44094136508967496,0,0,,,0.0,144,4,0.25784988829794975,1.0,0.05187906227853841,0.5286308974584459,85,0.01426696777343752,0.0,50.45350008336209,4,900,3
5,adaptive_t0_i100ms,8,4.0,0,True,True,True,False,5,1061,15,176,8.137550612445958e-06,13863.425941251531,0.003992728226876352,40.0,0.44094136508967496,0,0,,,0.0,145,4,0.24581064670702676,1.0,0.051858147100416946,0.5165916558675229,76,0.01275634765625002,0.0,31.714740256424193,12,1132,14
5,adaptive_t0_i100ms,8,4.0,0,True,True,True,False,5,1061,15,176,8.137550612445958e-06,13863.425941251531,0.003992728226876352,40.0,0.44094136508967496,0,0,,,0.0,147,4,7.447966973225534,1.0,0.052047882389694516,7.71874798238603,91,0.015274047851562514,0.0,2.1796770181517786,28,1308,3
5,adaptive_t0_i100ms,8,4.0,0,True,True,True,True,5,1061,15,176,8.137550612445958e-06,13863.425941251531,0.003992728226876352,40.0,0.44094136508967496,0,0,,,0.0,176,5,4.216056996514783,1.0,0.052064415574538885,4.6222285102555265,137,0.022994995117187545,8.137550612445958e-06,0.16617864135878335,5,1061,15
5,adaptive_t0_i100ms,8,4.0,0,True,True,True,False,5,1061,15,176,8.137550612445958e-06,13863.425941251531,0.003992728226876352,40.0,0.44094136508967496,0,0,,,0.0,177,5,2.2580398894930043,1.0,0.05204741362637358,2.6642114032337485,21,0.0035247802734375347,0.0,22.722842070115803,13,781,13
5,adaptive_t0_i100ms,8,4.0,0,True,True,True,False,5,1061,15,176,8.137550612445958e-06,13863.425941251531,0.003992728226876352,40.0,0.44094136508967496,0,0,,,0.0,211,6,0.25475337824791205,1.0,0.05199703286641366,1.0670964057294006,187,0.03138732910156253,0.0,27.876782092569556,30,798,11
5,adaptive_t0_i100ms,8,4.0,0,True,True,True,False,5,1061,15,176,8.137550612445958e-06,13863.425941251531,0.003992728226876352,40.0,0.44094136508967496,0,0,,,0.0,240,7,0.46546424847066203,1.0,0.05184649364472835,0.6685500053410341,70,0.011749267578125014,0.0,22.902983163154204,7,935,5
5,adaptive_t0_i100ms,8,4.0,0,True,True,True,False,5,1061,15,176,8.137550612445958e-06,13863.425941251531,0.003992728226876352,40.0,0.44094136508967496,0,0,,,0.0,241,7,0.5057949241279869,1.0,0.05190733359203841,0.708880680998359,13,0.0021820068359375555,0.0,46.95511171450926,15,1167,15
5,adaptive_t0_i100ms,8,4.0,0,True,True,True,False,5,1061,15,176,8.137550612445958e-06,13863.425941251531,0.003992728226876352,40.0,0.44094136508967496,0,0,,,0.0,242,7,0.28175903671942215,1.0,0.05184860543113946,0.48484479358979427,224,0.03759765625000003,0.0,36.31257760126391,23,855,10
5,adaptive_t0_i100ms,8,4.0,0,True,True,True,False,5,1061,15,176,8.137550612445958e-06,13863.425941251531,0.003992728226876352,40.0,0.44094136508967496,0,0,,,0.0,243,7,7.127505687479214,1.0,0.052043342631669015,7.3305914443495865,159,0.026687622070312514,0.0,3.6450282512960257,31,1215,12
5,adaptive_t0_i100ms,9,4.5,0,True,True,True,False,21,1077,8,178,1.8801536134560587e-05,14363.42620785117,0.003726128588823485,40.0,0.17474719509082207,0,0,,,0.0,17,0,1.5898309337310792,1.0,0.008276132449689796,7.23569616630188,207,0.03474426269531253,0.0,2.9299291178467683,8,936,15
5,adaptive_t0_i100ms,9,4.5,0,True,True,True,False,21,1077,8,178,1.8801536134560587e-05,14363.42620785117,0.003726128588823485,40.0,0.17474719509082207,0,0,,,0.0,81,2,0.2582903059204102,1.0,0.00827787833355463,5.904155538491211,23,0.0038604736328125278,0.0,0.8740894986640342,10,938,13
5,adaptive_t0_i100ms,9,4.5,0,True,True,True,False,21,1077,8,178,1.8801536134560587e-05,14363.42620785117,0.003726128588823485,40.0,0.17474719509082207,0,0,,,0.0,112,3,0.3730316123748778,1.0,0.008244890482013828,2.254986689898478,61,0.010238647460937535,0.0,4.696702338600517,3,931,4
5,adaptive_t0_i100ms,9,4.5,0,True,True,True,False,21,1077,8,178,1.8801536134560587e-05,14363.42620785117,0.003726128588823485,40.0,0.17474719509082207,0,0,,,0.0,113,3,0.7760000434570314,1.0,0.00824360065045048,2.6579551209806316,95,0.015945434570312514,0.0,7.07018125382092,11,971,11
5,adaptive_t0_i100ms,9,4.5,0,True,True,True,False,21,1077,8,178,1.8801536134560587e-05,14363.42620785117,0.003726128588823485,40.0,0.17474719509082207,0,0,,,0.0,114,3,1.831012716247559,1.0,0.008248702718392183,3.712967793771159,356,0.05975341796875003,0.0,0.7614643815450108,19,819,10
5,adaptive_t0_i100ms,9,4.5,0,True,True,True,False,21,1077,8,178,1.8801536134560587e-05,14363.42620785117,0.003726128588823485,40.0,0.17474719509082207,0,0,,,0.0,144,4,0.383918791342163,1.0,0.008264762809060005,3.206851407627563,161,0.02702331542968752,0.0,6.6231762605220865,4,900,7
5,adaptive_t0_i100ms,9,4.5,0,True,True,True,False,21,1077,8,178,1.8801536134560587e-05,14363.42620785117,0.003726128588823485,40.0,0.17474719509082207,0,0,,,0.0,147,4,0.8349031521606445,1.0,0.008243954695129306,3.657835768446045,33,0.005538940429687514,0.0,6.7299716793222615,28,1404,6
5,adaptive_t0_i100ms,9,4.5,0,True,True,True,True,21,1077,8,178,1.8801536134560587e-05,14363.42620785117,0.003726128588823485,40.0,0.17474719509082207,0,0,,,0.0,178,5,5.723686281912231,1.0,0.008287657225676957,11.369551514483032,105,0.017623901367187528,1.8801536134560587e-05,3.0686537416113424,21,1077,8
5,adaptive_t0_i100ms,10,5.0,0,True,True,True,False,23,887,13,242,3.758118196856231e-05,14863.426677342315,0.0032566374429734424,40.0,0.5777658526663436,0,0,,,0.0,16,0,0.2704115591605227,1.0,0.15929845657902758,0.36814344681118366,252,0.04229736328125003,0.0,26.294605148570554,0,1216,9
5,adaptive_t0_i100ms,10,5.0,0,True,True,True,False,23,887,13,242,3.758118196856231e-05,14863.426677342315,0.0032566374429734424,40.0,0.5777658526663436,0,0,,,0.0,17,0,1.116820653176242,1.0,0.1595374323070356,1.214552540826903,182,0.030548095703125028,0.0,19.381133713119198,8,968,13
5,adaptive_t0_i100ms,10,5.0,0,True,True,True,False,23,887,13,242,3.758118196856231e-05,14863.426677342315,0.0032566374429734424,40.0,0.5777658526663436,0,0,,,0.0,48,1,1.875624837637241,1.0,0.15954717525556822,1.9407794294043483,49,0.008224487304687535,0.0,2.225652877783432,1,769,13
5,adaptive_t0_i100ms,10,5.0,0,True,True,True,False,23,887,13,242,3.758118196856231e-05,14863.426677342315,0.0032566374429734424,40.0,0.5777658526663436,0,0,,,0.0,49,1,0.2410565304008061,1.0,0.15961282763538392,0.3062111221679134,51,0.008560180664062514,0.0,46.81243244736288,9,937,4
5,adaptive_t0_i100ms,10,5.0,0,True,True,True,False,23,887,13,242,3.758118196856231e-05,14863.426677342315,0.0032566374429734424,40.0,0.5777658526663436,0,0,,,0.0,51,1,0.27829590984769403,1.0,0.15929815835001837,0.34345050161480134,176,0.029541015625000014,0.0,51.65516512106842,25,825,11
5,adaptive_t0_i100ms,10,5.0,0,True,True,True,False,23,887,13,242,3.758118196856231e-05,14863.426677342315,0.0032566374429734424,40.0,0.5777658526663436,0,0,,,0.0,80,2,0.5244917558819835,1.0,0.15936162527317535,0.573357699707314,127,0.021316528320312507,0.0,22.6404891736056,2,1282,5
5,adaptive_t0_i100ms,10,5.0,0,True,True,True,False,23,887,13,242,3.758118196856231e-05,14863.426677342315,0.0032566374429734424,40.0,0.5777658526663436,0,0,,,0.0,81,2,1.5204303524718232,1.0,0.15960422409843705,1.5692962962971537,340,0.05706787109375003,0.0,0.9128602751807193,10,1034,0
5,adaptive_t0_i100ms,10,5.0,0,True,True,True,False,23,887,13,242,3.758118196856231e-05,14863.426677342315,0.0032566374429734424,40.0,0.5777658526663436,0,0,,,0.0,82,2,0.6282337430351618,1.0,0.15948049239102166,0.6770996868604923,278,0.04666137695312504,0.0,19.717845947399837,18,978,14
5,adaptive_t0_i100ms,10,5.0,0,True,True,True,False,23,887,13,242,3.758118196856231e-05,14863.426677342315,0.0032566374429734424,40.0,0.5777658526663436,0,0,,,0.0,83,2,0.2829066224842794,1.0,0.15934883797557806,0.3317725663096099,2,0.0003356933593750139,0.0,65.65138599870988,26,1274,10
5,adaptive_t0_i100ms,10,5.0,0,True,True,True,False,23,887,13,242,3.758118196856231e-05,14863.426677342315,0.0032566374429734424,40.0,0.5777658526663436,0,0,,,0.0,112,3,0.2661665856508901,1.0,0.1590992520005351,0.31503252947622057,152,0.025512695312500035,0.0,3.944553305649606,3,931,11
5,adaptive_t0_i100ms,10,5.0,0,True,True,True,False,23,887,13,242,3.758118196856231e-05,14863.426677342315,0.0032566374429734424,40.0,0.5777658526663436,0,0,,,0.0,113,3,1.048194454553305,1.0,0.15960358356242643,1.0970603983786356,18,0.0030212402343750173,0.0,17.59217807339155,11,1035,6
5,adaptive_t0_i100ms,10,5.0,0,True,True,True,False,23,887,13,242,3.758118196856231e-05,14863.426677342315,0.0032566374429734424,40.0,0.5777658526663436,0,0,,,0.0,114,3,1.1826570402742522,1.0,0.15954195230580318,1.2315229840995827,239,0.040115356445312535,0.0,14.76945768764017,19,883,5
5,adaptive_t0_i100ms,10,5.0,0,True,True,True,False,23,887,13,242,3.758118196856231e-05,14863.426677342315,0.0032566374429734424,40.0,0.5777658526663436,0,0,,,0.0,115,3,1.220006969487184,1.0,0.15955903839657726,1.2688729133125145,91,0.015274047851562507,0.0,19.287514206322157,27,635,8
5,adaptive_t0_i100ms,10,5.0,0,True,True,True,False,23,887,13,242,3.758118196856231e-05,14863.426677342315,0.0032566374429734424,40.0,0.5777658526663436,0,0,,,0.0,145,4,1.0066523320740273,1.0,0.15957392249442975,1.0718069238411345,5,0.0008392333984375226,0.0,12.061049142583215,12,1260,1
5,adaptive_t0_i100ms,10,5.0,0,True,True,True,False,23,887,13,242,3.758118196856231e-05,14863.426677342315,0.0032566374429734424,40.0,0.5777658526663436,0,0,,,0.0,146,4,9.142764615481093,1.0,0.1596093647164267,9.207919207248201,64,0.010742187500000042,0.0,4.284992746714124,20,1012,13
5,adaptive_t0_i100ms,10,5.0,0,True,True,True,False,23,887,13,242,3.758118196856231e-05,14863.426677342315,0.0032566374429734424,40.0,0.5777658526663436,0,0,,,0.0,147,4,1.2124637347444946,1.0,0.1595271389615829,1.277618326511602,58,0.009735107421875017,0.0,12.800063034270352,28,1436,3
5,adaptive_t0_i100ms,10,5.0,0,True,True,True,False,23,887,13,242,3.758118196856231e-05,14863.426677342315,0.0032566374429734424,40.0,0.5777658526663436,0,0,,,0.0,176,5,0.5782867108121865,1.0,0.1594727931357229,0.627152654637517,103,0.01728820800781255,0.0,25.04684329207339,5,1189,5
5,adaptive_t0_i100ms,10,5.0,0,True,True,True,False,23,887,13,242,3.758118196856231e-05,14863.426677342315,0.0032566374429734424,40.0,0.5777658526663436,0,0,,,0.0,177,5,4.436242273345843,1.0,0.15960397394327516,4.485108217171174,63,0.010574340820312535,0.0,6.69679789786278,13,877,9
5,adaptive_t0_i100ms,10,5.0,0,True,True,True,False,23,887,13,242,3.758118196856231e-05,14863.426677342315,0.0032566374429734424,40.0,0.5777658526663436,0,0,,,0.0,178,5,0.5163956303187217,1.0,0.15946897369277363,0.5652615741440522,114,0.019134521484375035,0.0,30.92118308631325,21,1141,2
5,adaptive_t0_i100ms,10,5.0,0,True,True,True,False,23,887,13,242,3.758118196856231e-05,14863.426677342315,0.0032566374429734424,40.0,0.5777658526663436,0,0,,,0.0,179,5,0.2668882815167374,1.0,0.15942580485179,0.3157542253420679,295,0.04951477050781252,0.0,3.9873725560246385,29,701,15
5,adaptive_t0_i100ms,10,5.0,0,True,True,True,False,23,887,13,242,3.758118196856231e-05,14863.426677342315,0.0032566374429734424,40.0,0.5777658526663436,0,0,,,0.0,208,6,2.2311370000631476,1.0,0.1595725008533705,2.296291591830255,23,0.0038604736328125,0.0,16.301608811068945,6,1158,6
5,adaptive_t0_i100ms,10,5.0,0,True,True,True,False,23,887,13,242,3.758118196856231e-05,14863.426677342315,0.0032566374429734424,40.0,0.5777658526663436,0,0,,,0.0,210,6,0.27010233686511387,1.0,0.15918109499605243,0.3352569286322212,130,0.02182006835937502,0.0,51.32802301351876,22,790,15
5,adaptive_t0_i100ms,10,5.0,0,True,True,True,False,23,887,13,242,3.758118196856231e-05,14863.426677342315,0.0032566374429734424,40.0,0.5777658526663436,0,0,,,0.0,211,6,1.0405941798567155,1.0,0.15949281132545245,1.1057487716238228,26,0.004364013671875028,0.0,27.23264299060793,30,862,9
5,adaptive_t0_i100ms,10,5.0,0,True,True,True,False,23,887,13,242,3.758118196856231e-05,14863.426677342315,0.0032566374429734424,40.0,0.5777658526663436,0,0,,,0.0,240,7,1.1525084498467288,1.0,0.15957594264532166,1.217663041613836,149,0.025009155273437514,0.0,6.533508712815092,7,999,4
5,adaptive_t0_i100ms,10,5.0,0,True,True,True,True,23,887,13,242,3.758118196856231e-05,14863.426677342315,0.0032566374429734424,40.0,0.5777658526663436,0,0,,,0.0,242,7,4.926146610157717,1.0,0.159619684809532,4.991301201924824,253,0.04246520996093753,3.758118196856231e-05,3.6036534884497087,23,887,13
5,adaptive_t0_i100ms,10,5.0,0,True,True,True,False,23,887,13,242,3.758118196856231e-05,14863.426677342315,0.0032566374429734424,40.0,0.5777658526663436,0,0,,,0.0,243,7,1.20081062844551,1.0,0.15955033780167824,1.2659652202126173,202,0.033905029296875014,0.0,14.797830856592554,31,1279,10
5,adaptive_t0_i100ms,11,5.5,0,True,True,True,False,30,894,7,211,6.046936556231231e-05,15363.427249546905,0.0026844328531296924,40.0,0.4409936969046248,0,0,,,0.0,17,0,0.4573838725913588,1.0,0.6452019460784099,2.7860534274856814,27,0.004531860351562528,0.0,19.25928506831042,8,1032,5
5,adaptive_t0_i100ms,11,5.5,0,True,True,True,False,30,894,7,211,6.046936556231231e-05,15363.427249546905,0.0026844328531296924,40.0,0.4409936969046248,0,0,,,0.0,49,1,0.1889145432625522,1.0,0.6451292135438182,0.9651377282273264,14,0.002349853515625014,0.0,19.57702442355003,9,937,11
5,adaptive_t0_i100ms,11,5.5,0,True,True,True,False,30,894,7,211,6.046936556231231e-05,15363.427249546905,0.0026844328531296924,40.0,0.4409936969046248,0,0,,,0.0,50,1,1.8404164715142441,1.0,0.6452100286236541,2.6166396564790184,153,0.025680541992187507,0.0,13.165154428641472,17,1521,13
5,adaptive_t0_i100ms,11,5.5,0,True,True,True,False,30,894,7,211,6.046936556231231e-05,15363.427249546905,0.0026844328531296924,40.0,0.4409936969046248,0,0,,,0.0,51,1,0.21809881944827703,1.0,0.6451704395614707,0.9943220044130512,234,0.039276123046875014,0.0,12.496825204541892,25,825,15
5,adaptive_t0_i100ms,11,5.5,0,True,True,True,False,30,894,7,211,6.046936556231231e-05,15363.427249546905,0.0026844328531296924,40.0,0.4409936969046248,0,0,,,0.0,80,2,0.4110410132539084,1.0,0.6452032208263292,1.1872641982186827,164,0.027526855468750007,0.0,6.685241586317716,2,1282,14
5,adaptive_t0_i100ms,11,5.5,0,True,True,True,False,30,894,7,211,6.046936556231231e-05,15363.427249546905,0.0026844328531296924,40.0,0.4409936969046248,0,0,,,0.0,81,2,0.4554771795988434,1.0,0.6452181597178341,1.2317003645636175,101,0.016952514648437528,0.0,14.250803842385722,10,1066,8
5,adaptive_t0_i100ms,11,5.5,0,True,True,True,False,30,894,7,211,6.046936556231231e-05,15363.427249546905,0.0026844328531296924,40.0,0.4409936969046248,0,0,,,0.0,82,2,0.4468322847523322,1.0,0.6451339884774737,1.2230554697171063,292,0.04901123046875004,0.0,5.547884164414427,18,1042,1
5,adaptive_t0_i100ms,11,5.5,0,True,True,True,False,30,894,7,211,6.046936556231231e-05,15363.427249546905,0.0026844328531296924,40.0,0.4409936969046248,0,0,,,0.0,112,3,0.4523410780273155,1.0,0.6452120745924479,1.2285642629920897,36,0.006042480468750035,0.0,11.32098694780143,3,963,2
5,adaptive_t0_i100ms,11,5.5,0,True,True,True,False,30,894,7,211,6.046936556231231e-05,15363.427249546905,0.0026844328531296924,40.0,0.4409936969046248,0,0,,,0.0,113,3,0.811490080264966,1.0,0.6451795052948615,1.5877132652297403,197,0.033065795898437514,0.0,0.42947193287363916,11,1067,10
5,adaptive_t0_i100ms,11,5.5,0,True,True,True,False,30,894,7,211,6.046936556231231e-05,15363.427249546905,0.0026844328531296924,40.0,0.4409936969046248,0,0,,,0.0,114,3,0.9268411613996458,1.0,0.6452488758699805,1.70306434636442,2,0.0003356933593750347,0.0,38.08043653358982,19,883,15
5,adaptive_t0_i100ms,11,5.5,0,True,True,True,False,30,894,7,211,6.046936556231231e-05,15363.427249546905,0.0026844328531296924,40.0,0.4409936969046248,0,0,,,0.0,144,4,0.2146810729107489,1.0,0.6450722016294921,0.7968484616343295,70,0.01174926757812502,0.0,45.38260046431424,4,900,14
5,adaptive_t0_i100ms,11,5.5,0,True,True,True,False,30,894,7,211,6.046936556231231e-05,15363.427249546905,0.0026844328531296924,40.0,0.4409936969046248,0,0,,,0.0,145,4,0.19329709562907393,1.0,0.6452001388323675,0.7754644843526546,38,0.0063781738281250226,0.0,10.788416658209826,12,1324,9
5,adaptive_t0_i100ms,11,5.5,0,True,True,True,False,30,894,7,211,6.046936556231231e-05,15363.427249546905,0.0026844328531296924,40.0,0.4409936969046248,0,0,,,0.0,146,4,0.22634310471951777,1.0,0.6452235921378985,0.8085104934430984,196,0.03289794921875005,0.0,21.426945566043287,20,1076,3
5,adaptive_t0_i100ms,11,5.5,0,True,True,True,False,30,894,7,211,6.046936556231231e-05,15363.427249546905,0.0026844328531296924,40.0,0.4409936969046248,0,0,,,0.0,147,4,3.672919058338774,1.0,0.6452256286512197,4.255086447062355,4,0.0006713867187500139,0.0,2.9253606294059864,28,1500,14
5,adaptive_t0_i100ms,11,5.5,0,True,True,True,False,30,894,7,211,6.046936556231231e-05,15363.427249546905,0.0026844328531296924,40.0,0.4409936969046248,0,0,,,0.0,176,5,0.4531997937008493,1.0,0.6451842607771361,1.03536718242443,75,0.012588500976562549,0.0,19.36601990692725,5,1189,15
5,adaptive_t0_i100ms,11,5.5,0,True,True,True,False,30,894,7,211,6.046936556231231e-05,15363.427249546905,0.0026844328531296924,40.0,0.4409936969046248,0,0,,,0.0,177,5,1.7088906660414525,1.0,0.6451790256940189,2.291058054765033,192,0.03222656250000004,0.0,9.547185312228976,13,941,6
5,adaptive_t0_i100ms,11,5.5,0,True,True,True,False,30,894,7,211,6.046936556231231e-05,15363.427249546905,0.0026844328531296924,40.0,0.4409936969046248,0,0,,,0.0,178,5,0.4046961286725333,1.0,0.6452095129593081,0.986863517396114,117,0.019638061523437535,0.0,17.884880624640573,21,1141,10
5,adaptive_t0_i100ms,11,5.5,0,True,True,True,False,30,894,7,211,6.046936556231231e-05,15363.427249546905,0.0026844328531296924,40.0,0.4409936969046248,0,0,,,0.0,179,5,1.7487397229141963,1.0,0.6452039993580625,2.330907111637777,260,0.04364013671875003,0.0,1.3157555022626184,29,765,1
5,adaptive_t0_i100ms,11,5.5,0,True,True,True,False,30,894,7,211,6.046936556231231e-05,15363.427249546905,0.0026844328531296924,40.0,0.4409936969046248,0,0,,,0.0,208,6,0.7670509950955489,1.0,0.6452162879713286,1.543274180060323,32,0.00537109375,0.0,17.34535975072322,6,1190,12
5,adaptive_t0_i100ms,11,5.5,0,True,True,True,False,30,894,7,211,6.046936556231231e-05,15363.427249546905,0.0026844328531296924,40.0,0.4409936969046248,0,0,,,0.0,209,6,0.21882282994439678,1.0,0.6451572228120408,0.9950460149091709,77,0.012924194335937542,0.0,53.078870727982576,14,1198,4
5,adaptive_t0_i100ms,11,5.5,0,True,True,True,True,30,894,7,211,6.046936556231231e-05,15363.427249546905,0.0026844328531296924,40.0,0.4409936969046248,0,0,,,0.0,211,6,0.8663800805498951,1.0,0.6452510433410438,1.6426032655146692,117,0.019638061523437528,6.046936556231231e-05,19.72756727038177,30,894,7
5,adaptive_t0_i100ms,11,5.5,0,True,True,True,False,30,894,7,211,6.046936556231231e-05,15363.427249546905,0.0026844328531296924,40.0,0.4409936969046248,0,0,,,0.0,240,7,0.9660315170111287,1.0,0.6451584210781021,1.7422547019759027,149,0.025009155273437514,0.0,7.594594491718453,7,1031,5
5,adaptive_t0_i100ms,11,5.5,0,True,True,True,False,30,894,7,211,6.046936556231231e-05,15363.427249546905,0.0026844328531296924,40.0,0.4409936969046248,0,0,,,0.0,241,7,0.20777814452133575,1.0,0.6452252056039828,0.9840013294861099,59,0.009902954101562556,0.0,44.81981408736465,15,1199,11
5,adaptive_t0_i100ms,11,5.5,0,True,True,True,False,30,894,7,211,6.046936556231231e-05,15363.427249546905,0.0026844328531296924,40.0,0.4409936969046248,0,0,,,0.0,242,7,3.5129768466825255,1.0,0.6452386890669604,4.2892000316473,21,0.0035247802734375278,0.0,4.061814218337531,23,951,12
5,adaptive_t0_i100ms,12,6.0,0,True,True,True,False,6,1254,8,208,0.00011614221701165664,15863.428641368191,0.0012926115668960847,40.0,0.14698198694357414,0,0,,,0.0,80,2,0.3892170316772461,1.0,0.06384886462303298,5.793718804274934,39,0.006546020507812507,0.0,3.9835422780015506,2,1378,2
5,adaptive_t0_i100ms,12,6.0,0,True,True,True,False,6,1254,8,208,0.00011614221701165664,15863.428641368191,0.0012926115668960847,40.0,0.14698198694357414,0,0,,,0.0,112,3,9.769513560672834,1.0,0.06385932339868237,12.471764446971678,164,0.027526855468750038,0.0,0.21468946221648366,3,1027,15
5,adaptive_t0_i100ms,12,6.0,0,True,True,True,False,6,1254,8,208,0.00011614221701165664,15863.428641368191,0.0012926115668960847,40.0,0.14698198694357414,0,0,,,0.0,114,3,0.33188724983825685,1.0,0.06384570558351332,3.0341381361371007,26,0.004364013671875035,0.0,4.881134781971923,19,915,10
5,adaptive_t0_i100ms,12,6.0,0,True,True,True,False,6,1254,8,208,0.00011614221701165664,15863.428641368191,0.0012926115668960847,40.0,0.14698198694357414,0,0,,,0.0,177,5,0.3928907055175782,1.0,0.06384077964235867,5.797392478115266,179,0.03004455566406254,0.0,4.715735137016964,13,973,3
5,adaptive_t0_i100ms,12,6.0,0,True,True,True,True,6,1254,8,208,0.00011614221701165664,15863.428641368191,0.0012926115668960847,40.0,0.14698198694357414,0,0,,,0.0,208,6,1.3310828688893843,1.0,0.06386676623246375,4.033333755188228,8,0.001342773437500007,0.00011614221701165664,11.017383718115525,6,1254,8
5,adaptive_t0_i100ms,12,6.0,0,True,True,True,False,6,1254,8,208,0.00011614221701165664,15863.428641368191,0.0012926115668960847,40.0,0.14698198694357414,0,0,,,0.0,209,6,0.3913255847442627,1.0,0.06384738179792218,3.0935764710431064,194,0.03256225585937504,0.0,9.269046904997595,14,1198,8
5,adaptive_t0_i100ms,12,6.0,0,True,True,True,False,6,1254,8,208,0.00011614221701165664,15863.428641368191,0.0012926115668960847,40.0,0.14698198694357414,0,0,,,0.0,241,7,0.37157413567199704,1.0,0.06385711720188435,5.776075908269685,265,0.044479370117187556,0.0,1.0544902640649525,15,1199,15
5,adaptive_t0_i100ms,13,6.5,0,True,True,True,False,15,1231,9,241,0.00015471504084416666,16363.429605688787,0.0003282909710833337,40.0,0.03758452461115667,0,0,,,0.0,210,6,0.4906054840209962,1.0,0.002860588942236722,20.119092706163023,216,0.03625488281250003,0.0,0.408518443153298,22,950,2
5,adaptive_t0_i100ms,13,6.5,0,True,True,True,True,15,1231,9,241,0.00015471504084416666,16363.429605688787,0.0003282909710833337,40.0,0.03758452461115667,0,0,,,0.0,241,7,0.25242007169494635,1.0,0.002863109555575966,19.880907293836973,7,0.0011749267578125555,0.00015471504084416666,0.3775923857392627,15,1231,9
5,adaptive_t0_i100ms,14,7.0,0,True,True,True,False,11,1291,5,113,9.634918693336658e-05,16863.42814654244,0.0017874373188533355,40.0,0.14780142731193338,0,0,,,0.0,17,0,0.6224945629185985,1.0,0.007551532587057704,2.820972854964928,113,0.018966674804687528,0.0,4.697584041110531,8,1128,7
5,adaptive_t0_i100ms,14,7.0,0,True,True,True,False,11,1291,5,113,9.634918693336658e-05,16863.42814654244,0.0017874373188533355,40.0,0.14780142731193338,0,0,,,0.0,19,0,1.1445930046895363,1.0,0.007516145002278135,3.343071296735866,56,0.009399414062500028,0.0,6.0112577717263775,24,1080,0
5,adaptive_t0_i100ms,14,7.0,0,True,True,True,False,11,1291,5,113,9.634918693336658e-05,16863.42814654244,0.0017874373188533355,40.0,0.14780142731193338,0,0,,,0.0,50,1,0.24465937091347173,1.0,0.00754453671366975,4.641615955006131,95,0.01594543457031251,0.0,0.8008005849223991,17,1681,3
5,adaptive_t0_i100ms,14,7.0,0,True,True,True,False,11,1291,5,113,9.634918693336658e-05,16863.42814654244,0.0017874373188533355,40.0,0.14780142731193338,0,0,,,0.0,83,2,1.2286014761430417,1.0,0.007538042379170766,5.625558060235701,129,0.02165222167968752,0.0,2.8105582335374493,26,1498,8
5,adaptive_t0_i100ms,14,7.0,0,True,True,True,True,11,1291,5,113,9.634918693336658e-05,16863.42814654244,0.0017874373188533355,40.0,0.14780142731193338,0,0,,,0.0,113,3,11.341481753590173,1.0,0.007559116836766142,13.539960045636503,283,0.04750061035156252,9.634918693336658e-05,0.8498394388661836,11,1291,5
5,adaptive_t0_i100ms,14,7.0,0,True,True,True,False,11,1291,5,113,9.634918693336658e-05,16863.42814654244,0.0017874373188533355,40.0,0.14780142731193338,0,0,,,0.0,115,3,2.5203324538290177,1.0,0.007554232031771933,4.718810745875347,171,0.028701782226562507,0.0,1.4459123594933772,27,731,3
5,adaptive_t0_i100ms,14,7.0,0,True,True,True,False,11,1291,5,113,9.634918693336658e-05,16863.42814654244,0.0017874373188533355,40.0,0.14780142731193338,0,0,,,0.0,242,7,0.9130544574528647,1.0,0.0075492831475360185,5.310011041545524,33,0.005538940429687535,0.0,2.2004583622911014,23,1239,2
5,adaptive_t0_i100ms,15,7.5,0,True,True,True,True,8,1160,1,17,0.00014630369856604374,17363.42939540523,0.0005385745280364063,40.0,0.010384951159503544,0,0,,,0.0,17,0,0.828759345336914,1.0,0.00019721984863281265,40.0,61,0.010238647460937528,0.00014630369856604374,0.17006225590739632,8,1160,1
5,adaptive_t0_i100ms,16,8.0,0,True,True,True,False,6,1478,10,208,4.136308998567987e-06,17863.42584122049,0.0040927592672233,40.0,0.3358653423636861,0,0,,,0.0,17,0,0.5658406734348903,1.0,0.32796465824042215,1.0638601333754427,92,0.015441894531250028,0.0,19.349400497780152,8,1192,9
5,adaptive_t0_i100ms,16,8.0,0,True,True,True,False,6,1478,10,208,4.136308998567987e-06,17863.42584122049,0.0040927592672233,40.0,0.3358653423636861,0,0,,,0.0,18,0,1.7692444496476383,1.0,0.328015823099364,2.267263909588191,36,0.006042480468750042,0.0,11.360283212441573,16,1264,3
5,adaptive_t0_i100ms,16,8.0,0,True,True,True,False,6,1478,10,208,4.136308998567987e-06,17863.42584122049,0.0040927592672233,40.0,0.3358653423636861,0,0,,,0.0,19,0,0.22406298900187893,1.0,0.32796168411223675,0.7220824489424315,26,0.004364013671875029,0.0,1.6553779932874022,24,1176,6
5,adaptive_t0_i100ms,16,8.0,0,True,True,True,False,6,1478,10,208,4.136308998567987e-06,17863.42584122049,0.0040927592672233,40.0,0.3358653423636861,0,0,,,0.0,51,1,5.950193078010223,1.0,0.3280614286133979,7.44425145783188,79,0.013259887695312514,0.0,1.5516712908975023,25,1017,2
5,adaptive_t0_i100ms,16,8.0,0,True,True,True,False,6,1478,10,208,4.136308998567987e-06,17863.42584122049,0.0040927592672233,40.0,0.3358653423636861,0,0,,,0.0,80,2,0.5946521314728528,1.0,0.3279111878856659,0.9681667264282672,171,0.028701782226562507,0.0,16.964889145368943,2,1442,7
5,adaptive_t0_i100ms,16,8.0,0,True,True,True,False,6,1478,10,208,4.136308998567987e-06,17863.42584122049,0.0040927592672233,40.0,0.3358653423636861,0,0,,,0.0,81,2,0.8119484925321969,1.0,0.3280613846611116,1.1854630874876113,36,0.006042480468750031,0.0,12.554521469632164,10,1194,9
5,adaptive_t0_i100ms,16,8.0,0,True,True,True,False,6,1478,10,208,4.136308998567987e-06,17863.42584122049,0.0040927592672233,40.0,0.3358653423636861,0,0,,,0.0,82,2,0.21871547319147316,1.0,0.3278942849168118,0.5922300681468875,53,0.008895874023437542,0.0,74.43286381949292,18,1138,5
5,adaptive_t0_i100ms,16,8.0,0,True,True,True,False,6,1478,10,208,4.136308998567987e-06,17863.42584122049,0.0040927592672233,40.0,0.3358653423636861,0,0,,,0.0,83,2,0.3919138462122682,1.0,0.32794740839893105,0.7654284411676826,224,0.03759765625000002,0.0,15.831835556640726,26,1530,10
5,adaptive_t0_i100ms,16,8.0,0,True,True,True,False,6,1478,10,208,4.136308998567987e-06,17863.42584122049,0.0040927592672233,40.0,0.3358653423636861,0,0,,,0.0,112,3,0.6182263292862666,1.0,0.32803166346169754,0.991740924241681,149,0.02500915527343754,0.0,33.59076060482403,3,1123,5
5,adaptive_t0_i100ms,16,8.0,0,True,True,True,False,6,1478,10,208,4.136308998567987e-06,17863.42584122049,0.0040927592672233,40.0,0.3358653423636861,0,0,,,0.0,113,3,1.742219395810948,1.0,0.32802343643276166,2.1157339907663624,60,0.01007080078125002,0.0,9.818405258505663,11,1483,3
5,adaptive_t0_i100ms,16,8.0,0,True,True,True,False,6,1478,10,208,4.136308998567987e-06,17863.42584122049,0.0040927592672233,40.0,0.3358653423636861,0,0,,,0.0,114,3,0.21480983974162543,1.0,0.3278996834619858,0.5883244346970398,100,0.016784667968750035,0.0,51.4660398021806,19,947,15
5,adaptive_t0_i100ms,16,8.0,0,True,True,True,False,6,1478,10,208,4.136308998567987e-06,17863.42584122049,0.0040927592672233,40.0,0.3358653423636861,0,0,,,0.0,115,3,3.322617060641078,1.0,0.3280428398581217,3.6961316555964925,164,0.027526855468750007,0.0,1.5918932833701547,27,827,1
5,adaptive_t0_i100ms,16,8.0,0,True,True,True,False,6,1478,10,208,4.136308998567987e-06,17863.42584122049,0.0040927592672233,40.0,0.3358653423636861,0,0,,,0.0,147,4,5.853958905577244,1.0,0.3280716389493805,7.348017285398901,145,0.024337768554687517,0.0,0.34502479135335307,28,1660,2
5,adaptive_t0_i100ms,16,8.0,0,True,True,True,False,6,1478,10,208,4.136308998567987e-06,17863.42584122049,0.0040927592672233,40.0,0.3358653423636861,0,0,,,0.0,177,5,0.2065347555881431,1.0,0.32802396039071197,1.7005931354098007,91,0.015274047851562542,0.0,63.901763290254166,13,1037,0
5,adaptive_t0_i100ms,16,8.0,0,True,True,True,True,6,1478,10,208,4.136308998567987e-06,17863.42584122049,0.0040927592672233,40.0,0.3358653423636861,0,0,,,0.0,208,6,3.2727006269824614,1.0,0.32808374710212024,3.770720086923014,12,0.002014160156250007,4.136308998567987e-06,9.526831405477424,6,1478,10
5,adaptive_t0_i100ms,16,8.0,0,True,True,True,False,6,1478,10,208,4.136308998567987e-06,17863.42584122049,0.0040927592672233,40.0,0.3358653423636861,0,0,,,0.0,209,6,0.43370056369492116,1.0,0.3280018629444618,0.9317200236354737,14,0.0023498535156250416,0.0,64.84507786516042,14,1230,12
5,adaptive_t0_i100ms,16,8.0,0,True,True,True,False,6,1478,10,208,4.136308998567987e-06,17863.42584122049,0.0040927592672233,40.0,0.3358653423636861,0,0,,,0.0,211,6,0.8796849265777299,1.0,0.3280540817412307,1.3777043865182823,193,0.03239440917968754,0.0,8.075122788108274,30,1342,1
5,adaptive_t0_i100ms,16,8.0,0,True,True,True,False,6,1478,10,208,4.136308998567987e-06,17863.42584122049,0.0040927592672233,40.0,0.3358653423636861,0,0,,,0.0,241,7,0.5425622000497559,1.0,0.3280235431725516,1.0405816599903084,231,0.038772583007812556,0.0,0.7278688822807453,15,1327,10
5,adaptive_t0_i100ms,16,8.0,0,True,True,True,False,6,1478,10,208,4.136308998567987e-06,17863.42584122049,0.0040927592672233,40.0,0.3358653423636861,0,0,,,0.0,242,7,0.232674500374508,1.0,0.32805136478821223,0.7306939603150605,96,0.016113281250000035,0.0,39.34612223313525,23,1271,10
5,adaptive_t0_i100ms,16,8.0,0,True,True,True,False,6,1478,10,208,4.136308998567987e-06,17863.42584122049,0.0040927592672233,40.0,0.3358653423636861,0,0,,,0.0,243,7,0.2012727235986363,1.0,0.3278753538780433,0.6992921835391888,29,0.004867553710937514,0.0,90.82254771378211,31,1439,1
5,adaptive_t0_i100ms,17,8.5,0,True,True,True,False,30,1406,13,211,0.00011094783243606799,18363.428511508577,0.0014224711812858004,40.0,0.3143199322074361,0,0,,,0.0,17,0,0.7791568186431883,1.0,0.8156950849044411,2.0514857565713713,235,0.03944396972656253,0.0,3.1037311571344617,8,1224,8
5,adaptive_t0_i100ms,17,8.5,0,True,True,True,False,30,1406,13,211,0.00011094783243606799,18363.428511508577,0.0014224711812858004,40.0,0.3143199322074361,0,0,,,0.0,18,0,0.7855197273193358,1.0,0.8156881447505211,2.0578486652475187,139,0.02333068847656254,0.0,3.468598814255529,16,1296,8
5,adaptive_t0_i100ms,17,8.5,0,True,True,True,False,30,1406,13,211,0.00011094783243606799,18363.428511508577,0.0014224711812858004,40.0,0.3143199322074361,0,0,,,0.0,80,2,2.833485733960048,1.0,0.815706652736685,4.105814671888231,206,0.03457641601562501,0.0,2.390868481623329,2,1474,14
5,adaptive_t0_i100ms,17,8.5,0,True,True,True,False,30,1406,13,211,0.00011094783243606799,18363.428511508577,0.0014224711812858004,40.0,0.3143199322074361,0,0,,,0.0,82,2,0.41048282666015634,1.0,0.8157258806397211,1.6828117645883391,252,0.04229736328125004,0.0,2.071504801406263,18,1138,10
5,adaptive_t0_i100ms,17,8.5,0,True,True,True,False,30,1406,13,211,0.00011094783243606799,18363.428511508577,0.0014224711812858004,40.0,0.3143199322074361,0,0,,,0.0,113,3,0.3809358182373047,1.0,0.8156534007201769,1.6532647561654876,44,0.007385253906250021,0.0,3.47101998846847,11,1515,6
5,adaptive_t0_i100ms,17,8.5,0,True,True,True,False,30,1406,13,211,0.00011094783243606799,18363.428511508577,0.0014224711812858004,40.0,0.3143199322074361,0,0,,,0.0,114,3,2.997591614706752,1.0,0.8157039022890714,4.269920552634935,207,0.03474426269531254,0.0,1.7740060327851097,19,1011,13
5,adaptive_t0_i100ms,17,8.5,0,True,True,True,False,30,1406,13,211,0.00011094783243606799,18363.428511508577,0.0014224711812858004,40.0,0.3143199322074361,0,0,,,0.0,146,4,2.575590326879883,1.0,0.8157209607682342,3.8479192648080662,58,0.009735107421875049,0.0,1.5749069699813845,20,1236,14
5,adaptive_t0_i100ms,17,8.5,0,True,True,True,False,30,1406,13,211,0.00011094783243606799,18363.428511508577,0.0014224711812858004,40.0,0.3143199322074361,0,0,,,0.0,147,4,2.984263710727016,1.0,0.8157301187245486,4.256592648655198,121,0.020309448242187514,0.0,3.200664479583793,28,1692,13
5,adaptive_t0_i100ms,17,8.5,0,True,True,True,False,30,1406,13,211,0.00011094783243606799,18363.428511508577,0.0014224711812858004,40.0,0.3143199322074361,0,0,,,0.0,176,5,0.7996027847808839,1.0,0.8157272661668898,3.3442606606372496,329,0.05522155761718756,0.0,0.33193248346287874,5,1445,9
5,adaptive_t0_i100ms,17,8.5,0,True,True,True,False,30,1406,13,211,0.00011094783243606799,18363.428511508577,0.0014224711812858004,40.0,0.3143199322074361,0,0,,,0.0,209,6,0.3542126072662353,1.0,0.8156353274989987,1.626541545194418,73,0.012252807617187542,0.0,0.9848828143840365,14,1262,7
5,adaptive_t0_i100ms,17,8.5,0,True,True,True,True,30,1406,13,211,0.00011094783243606799,18363.428511508577,0.0014224711812858004,40.0,0.3143199322074361,0,0,,,0.0,211,6,4.400665202760585,1.0,0.8157316122193328,5.672994140688768,181,0.03038024902343754,0.00011094783243606799,1.4520635347471398,30,1406,13
5,adaptive_t0_i100ms,17,8.5,0,True,True,True,False,30,1406,13,211,0.00011094783243606799,18363.428511508577,0.0014224711812858004,40.0,0.3143199322074361,0,0,,,0.0,241,7,2.885887697064052,1.0,0.8157098815965548,5.430545572920417,27,0.0045318603515625555,0.0,2.7257596523668326,15,1455,2
5,adaptive_t0_i100ms,18,9.0,0,True,True,True,False,26,1626,12,83,2.396020616288297e-05,18863.42633681792,0.0035971618381154258,40.0,0.2845240822764754,0,0,,,0.0,18,0,0.8131460927048788,1.0,0.06336348133301864,3.472450145661851,63,0.010574340820312543,0.0,0.5053308876813389,16,1328,7
5,adaptive_t0_i100ms,18,9.0,0,True,True,True,False,26,1626,12,83,2.396020616288297e-05,18863.42633681792,0.0035971618381154258,40.0,0.2845240822764754,0,0,,,0.0,81,2,0.3753777231445312,1.0,0.06337846414363664,3.034681776101503,37,0.006210327148437535,0.0,17.039463099597924,10,1290,11
5,adaptive_t0_i100ms,18,9.0,0,True,True,True,True,26,1626,12,83,2.396020616288297e-05,18863.42633681792,0.0035971618381154258,40.0,0.2845240822764754,0,0,,,0.0,83,2,1.7024522217286215,1.0,0.06338438698050701,0.0,0,2.7755575615628914e-17,2.396020616288297e-05,,,,
5,adaptive_t0_i100ms,18,9.0,0,True,True,True,False,26,1626,12,83,2.396020616288297e-05,18863.42633681792,0.0035971618381154258,40.0,0.2845240822764754,0,0,,,0.0,112,3,3.387979579167281,1.0,0.06335773284100955,4.052805592406524,306,0.05136108398437504,0.0,1.0249523252678046,3,1283,5
5,adaptive_t0_i100ms,18,9.0,0,True,True,True,False,26,1626,12,83,2.396020616288297e-05,18863.42633681792,0.0035971618381154258,40.0,0.2845240822764754,0,0,,,0.0,113,3,0.37893229996195876,1.0,0.06330544431780707,1.0437583132012018,93,0.01560974121093752,0.0,7.506838554741989,11,1515,14
5,adaptive_t0_i100ms,18,9.0,0,True,True,True,False,26,1626,12,83,2.396020616288297e-05,18863.42633681792,0.0035971618381154258,40.0,0.2845240822764754,0,0,,,0.0,114,3,3.3899107599534135,1.0,0.06336859654192514,4.054736773192657,237,0.03977966308593754,0.0,4.4615747613243,19,1107,0
5,adaptive_t0_i100ms,18,9.0,0,True,True,True,False,26,1626,12,83,2.396020616288297e-05,18863.42633681792,0.0035971618381154258,40.0,0.2845240822764754,0,0,,,0.0,115,3,0.3841767385544881,1.0,0.06330128550438346,1.049002751793731,69,0.011581420898437507,0.0,29.274059095052507,27,859,6
5,adaptive_t0_i100ms,18,9.0,0,True,True,True,False,26,1626,12,83,2.396020616288297e-05,18863.42633681792,0.0035971618381154258,40.0,0.2845240822764754,0,0,,,0.0,144,4,0.39297279912577715,1.0,0.06338150503560594,1.722624825604263,52,0.008728027343750028,0.0,25.29608375490352,4,1028,10
5,adaptive_t0_i100ms,18,9.0,0,True,True,True,False,26,1626,12,83,2.396020616288297e-05,18863.42633681792,0.0035971618381154258,40.0,0.2845240822764754,0,0,,,0.0,147,4,2.5401703715256794,1.0,0.06334367556204579,3.8698223980041653,148,0.024841308593750014,0.0,4.59265593809323,28,1820,0
5,adaptive_t0_i100ms,18,9.0,0,True,True,True,False,26,1626,12,83,2.396020616288297e-05,18863.42633681792,0.0035971618381154258,40.0,0.2845240822764754,0,0,,,0.0,177,5,0.3822754848649128,1.0,0.06329371004216386,1.7119275113433987,15,0.0025177001953125416,0.0,38.379934881613735,13,1037,8
5,adaptive_t0_i100ms,18,9.0,0,True,True,True,False,26,1626,12,83,2.396020616288297e-05,18863.42633681792,0.0035971618381154258,40.0,0.2845240822764754,0,0,,,0.0,178,5,0.37528738806152345,1.0,0.06335742961111872,1.7049394145400094,114,0.01913452148437504,0.0,22.402450092071376,21,1301,1
5,adaptive_t0_i100ms,18,9.0,0,True,True,True,False,26,1626,12,83,2.396020616288297e-05,18863.42633681792,0.0035971618381154258,40.0,0.2845240822764754,0,0,,,0.0,208,6,0.8131460927048788,1.0,0.06337353406211436,1.6995807770238693,38,0.006378173828125009,0.0,3.4259516150814306,6,1670,15
5,adaptive_t0_i100ms,18,9.0,0,True,True,True,False,26,1626,12,83,2.396020616288297e-05,18863.42633681792,0.0035971618381154258,40.0,0.2845240822764754,0,0,,,0.0,209,6,6.825683951634325,1.0,0.06338079064609767,7.712118635953315,32,0.005371093750000049,0.0,6.270687223790446,14,1294,10
5,adaptive_t0_i100ms,18,9.0,0,True,True,True,False,26,1626,12,83,2.396020616288297e-05,18863.42633681792,0.0035971618381154258,40.0,0.2845240822764754,0,0,,,0.0,211,6,0.36364716929626456,1.0,0.06327849921501079,1.2500818536152551,43,0.007217407226562542,0.0,15.186061122120009,30,1470,6
5,adaptive_t0_i100ms,18,9.0,0,True,True,True,False,26,1626,12,83,2.396020616288297e-05,18863.42633681792,0.0035971618381154258,40.0,0.2845240822764754,0,0,,,0.0,241,7,0.0,1.0,0.06324610997497357,0.8864346843189906,18,0.0030212402343750555,0.0,5.910424187994067,15,1487,5
5,adaptive_t0_i100ms,18,9.0,0,True,True,True,False,26,1626,12,83,2.396020616288297e-05,18863.42633681792,0.0035971618381154258,40.0,0.2845240822764754,0,0,,,0.0,242,7,0.5848275560044391,1.0,0.06333998035318066,1.47126224032343,149,0.025009155273437535,0.0,7.165979032786709,23,1335,6
5,adaptive_t0_i100ms,18,9.0,0,True,True,True,False,26,1626,12,83,2.396020616288297e-05,18863.42633681792,0.0035971618381154258,40.0,0.2845240822764754,0,0,,,0.0,243,7,0.37733762259684644,1.0,0.06337070977198105,1.263772306915837,281,0.047164916992187514,0.0,3.2119000700258766,31,1439,9
5,adaptive_t0_i100ms,19,9.5,0,True,True,True,False,18,1202,6,82,0.00013077172960038297,19363.429007106006,0.0009268737521779258,40.0,0.2764064064952254,0,0,,,0.0,16,0,2.5623347060548975,1.0,0.5444728810259215,3.417728330623085,9,0.0015106201171875416,0.0,13.249210645957646,0,1472,13
5,adaptive_t0_i100ms,19,9.5,0,True,True,True,False,18,1202,6,82,0.00013077172960038297,19363.429007106006,0.0009268737521779258,40.0,0.2764064064952254,0,0,,,0.0,18,0,1.5014091700378416,1.0,0.5444837069315229,2.3568027946060286,19,0.0031890869140625416,0.0,15.915702873255213,16,1392,5
5,adaptive_t0_i100ms,19,9.5,0,True,True,True,False,18,1202,6,82,0.00013077172960038297,19363.429007106006,0.0009268737521779258,40.0,0.2764064064952254,0,0,,,0.0,19,0,0.0,1.0,0.5443336949974776,0.8553936245681871,100,0.016784667968750028,0.0,31.314020991994767,24,1240,0
5,adaptive_t0_i100ms,19,9.5,0,True,True,True,False,18,1202,6,82,0.00013077172960038297,19363.429007106006,0.0009268737521779258,40.0,0.2764064064952254,0,0,,,0.0,49,1,0.3942745028320313,1.0,0.5443555424669807,1.2496681274002184,67,0.011245727539062528,0.0,53.24821476471334,9,1289,12
5,adaptive_t0_i100ms,19,9.5,0,True,True,True,False,18,1202,6,82,0.00013077172960038297,19363.429007106006,0.0009268737521779258,40.0,0.2764064064952254,0,0,,,0.0,50,1,0.3495705046783447,1.0,0.5444825976138442,1.2049641292465318,16,0.002685546875000014,0.0,23.54295729030855,17,1809,8
5,adaptive_t0_i100ms,19,9.5,0,True,True,True,False,18,1202,6,82,0.00013077172960038297,19363.429007106006,0.0009268737521779258,40.0,0.2764064064952254,0,0,,,0.0,51,1,4.201460495503506,1.0,0.5444630250779234,5.0568541200716925,100,0.01678466796875002,0.0,6.733625969325658,25,1113,14
5,adaptive_t0_i100ms,19,9.5,0,True,True,True,True,18,1202,6,82,0.00013077172960038297,19363.429007106006,0.0009268737521779258,40.0,0.2764064064952254,0,0,,,0.0,82,2,1.7076112878112792,1.0,0.5444871760127246,4.273792161515841,116,0.01947021484375004,0.00013077172960038297,6.2487556689557096,18,1202,6
5,adaptive_t0_i100ms,19,9.5,0,True,True,True,False,18,1202,6,82,0.00013077172960038297,19363.429007106006,0.0009268737521779258,40.0,0.2764064064952254,0,0,,,0.0,112,3,2.553838598596889,1.0,0.5444652129594241,3.4092322231650765,66,0.011077880859375042,0.0,8.243020481953863,3,1347,10
5,adaptive_t0_i100ms,19,9.5,0,True,True,True,False,18,1202,6,82,0.00013077172960038297,19363.429007106006,0.0009268737521779258,40.0,0.2764064064952254,0,0,,,0.0,113,3,0.8162117447021487,1.0,0.5444446640409487,1.6716053692703359,314,0.05270385742187503,0.0,3.014843988483335,11,1579,2
5,adaptive_t0_i100ms,19,9.5,0,True,True,True,False,18,1202,6,82,0.00013077172960038297,19363.429007106006,0.0009268737521779258,40.0,0.2764064064952254,0,0,,,0.0,114,3,0.7445505009429932,1.0,0.5443907078701203,1.5999441255111804,10,0.0016784667968750416,0.0,14.064613735998137,19,1171,4
5,adaptive_t0_i100ms,19,9.5,0,True,True,True,False,18,1202,6,82,0.00013077172960038297,19363.429007106006,0.0009268737521779258,40.0,0.2764064064952254,0,0,,,0.0,145,4,0.4119488367553712,1.0,0.5444833969081265,2.9781297104599327,217,0.03642272949218752,0.0,7.090906070534402,12,1452,12
5,adaptive_t0_i100ms,19,9.5,0,True,True,True,False,18,1202,6,82,0.00013077172960038297,19363.429007106006,0.0009268737521779258,40.0,0.2764064064952254,0,0,,,0.0,178,5,0.3752873880615235,1.0,0.544431971620084,2.941468261766085,189,0.03172302246093754,0.0,10.258714893447177,21,1301,5
5,adaptive_t0_i100ms,19,9.5,0,True,True,True,False,18,1202,6,82,0.00013077172960038297,19363.429007106006,0.0009268737521779258,40.0,0.2764064064952254,0,0,,,0.0,211,6,0.36364716929626456,1.0,0.5444599216025984,2.9298280430008257,104,0.01745605468750004,0.0,3.0940738679128117,30,1470,13
5,adaptive_t0_i100ms,19,9.5,0,True,True,True,False,18,1202,6,82,0.00013077172960038297,19363.429007106006,0.0009268737521779258,40.0,0.2764064064952254,0,0,,,0.0,240,7,0.0,1.0,0.544330369993199,0.8553936245681871,43,0.007217407226562521,0.0,45.3815727498295,7,1319,0
5,adaptive_t0_i100ms,19,9.5,0,True,True,True,False,18,1202,6,82,0.00013077172960038297,19363.429007106006,0.0009268737521779258,40.0,0.2764064064952254,0,0,,,0.0,241,7,2.6956817747681536,1.0,0.5444516935994188,3.551075399336341,140,0.023498535156250056,0.0,11.026697136228904,15,1551,8
5,adaptive_t0_i100ms,19,9.5,0,True,True,True,False,18,1202,6,82,0.00013077172960038297,19363.429007106006,0.0009268737521779258,40.0,0.2764064064952254,0,0,,,0.0,242,7,0.7927263303222656,1.0,0.5444196400132216,1.6481199548904528,136,0.022827148437500035,0.0,10.450765779049107,23,1335,15
5,adaptive_t0_i100ms,20,10.0,0,True,True,True,False,3,1475,7,112,0.00011258008831646293,19863.428552314974,0.0013816647842759266,40.0,0.44968991163128524,0,0,,,0.0,18,0,0.7600546366149903,1.0,0.4436879567639045,1.0678213226146993,51,0.008560180664062542,0.0,15.466614574641426,16,1488,3
5,adaptive_t0_i100ms,20,10.0,0,True,True,True,False,3,1475,7,112,0.00011258008831646293,19863.428552314974,0.0013816647842759266,40.0,0.44968991163128524,0,0,,,0.0,19,0,2.3645557620512516,1.0,0.44367537989171096,2.6723224480509606,44,0.007385253906250028,0.0,8.122246532253484,24,1304,0
5,adaptive_t0_i100ms,20,10.0,0,True,True,True,False,3,1475,7,112,0.00011258008831646293,19863.428552314974,0.0013816647842759266,40.0,0.44968991163128524,0,0,,,0.0,48,1,0.35037641275634773,1.0,0.44365259399894735,0.6581430987560568,4,0.0006713867187500555,0.0,67.06111018724914,1,1345,2
5,adaptive_t0_i100ms,20,10.0,0,True,True,True,False,3,1475,7,112,0.00011258008831646293,19863.428552314974,0.0013816647842759266,40.0,0.44968991163128524,0,0,,,0.0,50,1,0.34957050467834466,1.0,0.4436676725887743,0.6573371906780536,70,0.011749267578125014,0.0,22.772308257979603,17,1809,15
5,adaptive_t0_i100ms,20,10.0,0,True,True,True,False,3,1475,7,112,0.00011258008831646293,19863.428552314974,0.0013816647842759266,40.0,0.44968991163128524,0,0,,,0.0,80,2,0.7615945827026367,1.0,0.44362860894710876,0.9154779257024912,122,0.020477294921875007,0.0,12.121833664543374,2,1538,15
5,adaptive_t0_i100ms,20,10.0,0,True,True,True,False,3,1475,7,112,0.00011258008831646293,19863.428552314974,0.0013816647842759266,40.0,0.44968991163128524,0,0,,,0.0,81,2,2.613093873179059,1.0,0.4437202601843772,2.7669772161789137,128,0.021484375000000035,0.0,14.053480662529182,10,1450,7
5,adaptive_t0_i100ms,20,10.0,0,True,True,True,False,3,1475,7,112,0.00011258008831646293,19863.428552314974,0.0013816647842759266,40.0,0.44968991163128524,0,0,,,0.0,82,2,1.3789766626098632,1.0,0.44368883894228517,1.5328600056097177,5,0.0008392333984375416,0.0,23.509970188795705,18,1266,4
5,adaptive_t0_i100ms,20,10.0,0,True,True,True,False,3,1475,7,112,0.00011258008831646293,19863.428552314974,0.0013816647842759266,40.0,0.44968991163128524,0,0,,,0.0,83,2,0.38435143878479,1.0,0.44358279833060477,0.5382347817846445,148,0.024841308593750035,0.0,20.889944883478165,26,1722,9
5,adaptive_t0_i100ms,20,10.0,0,True,True,True,True,3,1475,7,112,0.00011258008831646293,19863.428552314974,0.0013816647842759266,40.0,0.44968991163128524,0,0,,,0.0,112,3,2.4092145201858948,1.0,0.44372647210456323,2.6143923108523675,297,0.04985046386718755,0.00011258008831646293,0.9358584713081655,3,1475,7
5,adaptive_t0_i100ms,20,10.0,0,True,True,True,False,3,1475,7,112,0.00011258008831646293,19863.428552314974,0.0013816647842759266,40.0,0.44968991163128524,0,0,,,0.0,113,3,0.8162117447021486,1.0,0.44365185748439995,1.0213895353686213,22,0.0036926269531250278,0.0,60.43937226364142,11,1579,8
5,adaptive_t0_i100ms,20,10.0,0,True,True,True,False,3,1475,7,112,0.00011258008831646293,19863.428552314974,0.0013816647842759266,40.0,0.44968991163128524,0,0,,,0.0,114,3,0.0,1.0,0.4431764971453614,0.20517779066647268,146,0.02450561523437504,0.0,62.04564339065837,19,1203,0
5,adaptive_t0_i100ms,20,10.0,0,True,True,True,False,3,1475,7,112,0.00011258008831646293,19863.428552314974,0.0013816647842759266,40.0,0.44968991163128524,0,0,,,0.0,145,4,0.41194883675537114,1.0,0.4437216722201516,0.6171266274218439,93,0.01560974121093752,0.0,49.07921885470205,12,1484,0
5,adaptive_t0_i100ms,20,10.0,0,True,True,True,False,3,1475,7,112,0.00011258008831646293,19863.428552314974,0.0013816647842759266,40.0,0.44968991163128524,0,0,,,0.0,146,4,7.098978462871564,1.0,0.4437254138296386,7.304156253538037,194,0.032562255859375056,0.0,1.1676284906170622,20,1332,13
5,adaptive_t0_i100ms,20,10.0,0,True,True,True,False,3,1475,7,112,0.00011258008831646293,19863.428552314974,0.0013816647842759266,40.0,0.44968991163128524,0,0,,,0.0,147,4,0.9048453336914065,1.0,0.44361561644491804,1.110023124357879,265,0.04447937011718752,0.0,6.493540468811261,28,1852,14
5,adaptive_t0_i100ms,20,10.0,0,True,True,True,False,3,1475,7,112,0.00011258008831646293,19863.428552314974,0.0013816647842759266,40.0,0.44968991163128524,0,0,,,0.0,177,5,0.38762218804321286,1.0,0.4435259798533944,0.5927999787096856,74,0.012420654296875042,0.0,73.54388356741765,13,1037,15
5,adaptive_t0_i100ms,20,10.0,0,True,True,True,False,3,1475,7,112,0.00011258008831646293,19863.428552314974,0.0013816647842759266,40.0,0.44968991163128524,0,0,,,0.0,178,5,0.37528738806152345,1.0,0.4434583732518034,0.5804651787279962,246,0.04129028320312504,0.0,9.369019318317442,21,1301,9
5,adaptive_t0_i100ms,20,10.0,0,True,True,True,False,3,1475,7,112,0.00011258008831646293,19863.428552314974,0.0013816647842759266,40.0,0.44968991163128524,0,0,,,0.0,179,5,0.6885944145996095,1.0,0.44369237033553593,0.8937722052660821,90,0.015106201171875035,0.0,2.12397051847438,29,925,10
5,adaptive_t0_i100ms,20,10.0,0,True,True,True,False,3,1475,7,112,0.00011258008831646293,19863.428552314974,0.0013816647842759266,40.0,0.44968991163128524,0,0,,,0.0,208,6,0.3228628824005128,1.0,0.44360155351907704,0.4767462254003673,2,0.00025177001953125694,0.0,27.79152388964576,6,1830,0
5,adaptive_t0_i100ms,20,10.0,0,True,True,True,False,3,1475,7,112,0.00011258008831646293,19863.428552314974,0.0013816647842759266,40.0,0.44968991163128524,0,0,,,0.0,209,6,6.485187176067978,1.0,0.4437074894722821,6.6390705190678325,198,0.033233642578125056,0.0,3.474140671602072,14,1454,5
5,adaptive_t0_i100ms,20,10.0,0,True,True,True,False,3,1475,7,112,0.00011258008831646293,19863.428552314974,0.0013816647842759266,40.0,0.44968991163128524,0,0,,,0.0,210,6,3.9354630611766175,1.0,0.44372162972658885,4.089346404176472,128,0.021484375000000035,0.0,7.470713817070646,22,1110,15
5,adaptive_t0_i100ms,20,10.0,0,True,True,True,False,3,1475,7,112,0.00011258008831646293,19863.428552314974,0.0013816647842759266,40.0,0.44968991163128524,0,0,,,0.0,211,6,0.8756301351928711,1.0,0.44364830876089184,1.0295134781927255,24,0.004028320312500042,0.0,33.84893185822875,30,1502,5
5,adaptive_t0_i100ms,20,10.0,0,True,True,True,False,3,1475,7,112,0.00011258008831646293,19863.428552314974,0.0013816647842759266,40.0,0.44968991163128524,0,0,,,0.0,240,7,1.4013130068786623,1.0,0.44369777138731,1.7090796928783714,51,0.008560180664062528,0.0,14.19899250389426,7,1447,2
5,adaptive_t0_i100ms,20,10.0,0,True,True,True,False,3,1475,7,112,0.00011258008831646293,19863.428552314974,0.0013816647842759266,40.0,0.44968991163128524,0,0,,,0.0,243,7,0.0,1.0,0.4436375665125078,0.307766685999709,277,0.046493530273437514,0.0,32.52544704513639,31,1471,0
5,adaptive_t0_i100ms,21,10.5,0,True,True,True,False,31,1503,2,243,5.154493206646296e-05,20363.427026436068,0.0029075436905259266,40.0,0.377538727549254,0,0,,,0.0,19,0,0.3875899004516601,1.0,0.9271650327766244,2.057967432645323,131,0.021987915039062528,0.0,4.228899128640478,24,1336,4
5,adaptive_t0_i100ms,21,10.5,0,True,True,True,False,31,1503,2,243,5.154493206646296e-05,20363.427026436068,0.0029075436905259266,40.0,0.377538727549254,0,0,,,0.0,81,2,0.5840541476440431,1.0,0.927207937141888,1.4192429137408746,73,0.012252807617187535,0.0,2.767805492709158,10,1514,2
5,adaptive_t0_i100ms,21,10.5,0,True,True,True,False,31,1503,2,243,5.154493206646296e-05,20363.427026436068,0.0029075436905259266,40.0,0.377538727549254,0,0,,,0.0,82,2,1.6323279476165766,1.0,0.9272043492869007,2.467516713713408,167,0.02803039550781254,0.0,0.44820320354483556,18,1298,7
5,adaptive_t0_i100ms,21,10.5,0,True,True,True,False,31,1503,2,243,5.154493206646296e-05,20363.427026436068,0.0029075436905259266,40.0,0.377538727549254,0,0,,,0.0,112,3,0.6016844399414062,1.0,0.9271463570164769,1.1584769506726271,7,0.0011749267578125486,0.0,11.129833053488255,3,1507,10
5,adaptive_t0_i100ms,21,10.5,0,True,True,True,False,31,1503,2,243,5.154493206646296e-05,20363.427026436068,0.0029075436905259266,40.0,0.377538727549254,0,0,,,0.0,113,3,0.8162117447021485,1.0,0.9271614491315104,1.3730042554333695,22,0.0036926269531250278,0.0,36.85113410574195,11,1579,15
5,adaptive_t0_i100ms,21,10.5,0,True,True,True,False,31,1503,2,243,5.154493206646296e-05,20363.427026436068,0.0029075436905259266,40.0,0.377538727549254,0,0,,,0.0,114,3,1.5896340818023684,1.0,0.9271553664879187,2.1464265925335893,41,0.006881713867187545,0.0,7.812233936721896,19,1235,13
5,adaptive_t0_i100ms,21,10.5,0,True,True,True,False,31,1503,2,243,5.154493206646296e-05,20363.427026436068,0.0029075436905259266,40.0,0.377538727549254,0,0,,,0.0,145,4,0.41107703381652827,1.0,0.9271439151516945,2.081454566010191,168,0.02819824218750002,0.0,20.287202514860837,12,1516,2
5,adaptive_t0_i100ms,21,10.5,0,True,True,True,False,31,1503,2,243,5.154493206646296e-05,20363.427026436068,0.0029075436905259266,40.0,0.377538727549254,0,0,,,0.0,178,5,0.37528738806152345,1.0,0.9270761543048874,1.2104761541583549,216,0.03625488281250004,0.0,8.435823742704088,21,1301,13
5,adaptive_t0_i100ms,21,10.5,0,True,True,True,False,31,1503,2,243,5.154493206646296e-05,20363.427026436068,0.0029075436905259266,40.0,0.377538727549254,0,0,,,0.0,179,5,2.639379977791299,1.0,0.9271914874387107,3.4745687438881303,203,0.034072875976562535,0.0,4.8176177010645915,29,989,9
5,adaptive_t0_i100ms,21,10.5,0,True,True,True,False,31,1503,2,243,5.154493206646296e-05,20363.427026436068,0.0029075436905259266,40.0,0.377538727549254,0,0,,,0.0,209,6,1.3890869179687497,1.0,0.9272144763865083,2.224275684065581,166,0.027862548828125056,0.0,6.638177490087401,14,1518,9
5,adaptive_t0_i100ms,21,10.5,0,True,True,True,False,31,1503,2,243,5.154493206646296e-05,20363.427026436068,0.0029075436905259266,40.0,0.377538727549254,0,0,,,0.0,210,6,4.477528157090371,1.0,0.9271979420183167,5.312716923187203,280,0.046997070312500035,0.0,1.7119599115321762,22,1206,10
5,adaptive_t0_i100ms,21,10.5,0,True,True,True,False,31,1503,2,243,5.154493206646296e-05,20363.427026436068,0.0029075436905259266,40.0,0.377538727549254,0,0,,,0.0,240,7,6.5590877208270655,1.0,0.9272024718201498,7.115880231558286,115,0.019302368164062535,0.0,4.957459568813647,7,1511,0
5,adaptive_t0_i100ms,21,10.5,0,True,True,True,False,31,1503,2,243,5.154493206646296e-05,20363.427026436068,0.0029075436905259266,40.0,0.377538727549254,0,0,,,0.0,242,7,4.045597699670694,1.0,0.9271958699299778,4.602390210401914,331,0.05555725097656254,0.0,0.3507248043715663,23,1559,1
5,adaptive_t0_i100ms,21,10.5,0,True,True,True,True,31,1503,2,243,5.154493206646296e-05,20363.427026436068,0.0029075436905259266,40.0,0.377538727549254,0,0,,,0.0,243,7,2.7988101172599267,1.0,0.9272147163311402,3.3556026279911477,329,0.05522155761718752,5.154493206646296e-05,2.002674745537661,31,1503,2
5,adaptive_t0_i100ms,22,11.0,0,True,True,True,False,3,1539,6,112,7.518025988247246e-05,20863.427617319263,0.0023166604951256886,40.0,0.26527293416613246,0,0,,,0.0,19,0,0.3875899004516601,1.0,0.26855055592919425,2.1027298582569123,15,0.0025177001953125278,0.0,10.494030540769018,24,1336,10
5,adaptive_t0_i100ms,22,11.0,0,True,True,True,False,3,1539,6,112,7.518025988247246e-05,20863.427617319263,0.0023166604951256886,40.0,0.26527293416613246,0,0,,,0.0,49,1,0.0,1.0,0.26854131793481567,0.8575699789026261,273,0.045822143554687535,0.0,5.653971679108508,9,1353,1
5,adaptive_t0_i100ms,22,11.0,0,True,True,True,False,3,1539,6,112,7.518025988247246e-05,20863.427617319263,0.0023166604951256886,40.0,0.26527293416613246,0,0,,,0.0,50,1,0.8188101744506837,1.0,0.26854141303376117,1.6763801533533098,328,0.055053710937500014,0.0,0.35898205979538034,17,1969,2
5,adaptive_t0_i100ms,22,11.0,0,True,True,True,False,3,1539,6,112,7.518025988247246e-05,20863.427617319263,0.0023166604951256886,40.0,0.26527293416613246,0,0,,,0.0,83,2,3.313039486138916,1.0,0.26862757692265643,5.028179443944168,146,0.024505615234375035,0.0,6.366716152278968,26,1754,14
5,adaptive_t0_i100ms,22,11.0,0,True,True,True,True,3,1539,6,112,7.518025988247246e-05,20863.427617319263,0.0023166604951256886,40.0,0.26527293416613246,0,0,,,0.0,112,3,0.7443491257141113,1.0,0.2686295295683589,2.4594890835193635,77,0.012924194335937549,7.518025988247246e-05,19.00800556564718,3,1539,6
5,adaptive_t0_i100ms,22,11.0,0,True,True,True,False,3,1539,6,112,7.518025988247246e-05,20863.427617319263,0.0023166604951256886,40.0,0.26527293416613246,0,0,,,0.0,146,4,1.5627763160705568,1.0,0.2686065729103101,3.277916273875809,53,0.008895874023437562,0.0,16.869301868275215,20,1428,2
5,adaptive_t0_i100ms,22,11.0,0,True,True,True,False,3,1539,6,112,7.518025988247246e-05,20863.427617319263,0.0023166604951256886,40.0,0.26527293416613246,0,0,,,0.0,177,5,0.4235386236694337,1.0,0.2685748984868286,1.2811086025720597,159,0.02668762207031255,0.0,11.927718611790624,13,1101,4
5,adaptive_t0_i100ms,22,11.0,0,True,True,True,False,3,1539,6,112,7.518025988247246e-05,20863.427617319263,0.0023166604951256886,40.0,0.26527293416613246,0,0,,,0.0,178,5,5.54310576254364,1.0,0.2686283896258928,6.400675741446267,11,0.0018463134765625416,0.0,3.4766825451661134,21,1333,2
5,adaptive_t0_i100ms,22,11.0,0,True,True,True,False,3,1539,6,112,7.518025988247246e-05,20863.427617319263,0.0023166604951256886,40.0,0.26527293416613246,0,0,,,0.0,208,6,5.594584107185974,1.0,0.2686038485774895,6.023369096637287,96,0.016113281250000007,0.0,0.04751940892310813,6,2054,12
5,adaptive_t0_i100ms,22,11.0,0,True,True,True,False,3,1539,6,112,7.518025988247246e-05,20863.427617319263,0.0023166604951256886,40.0,0.26527293416613246,0,0,,,0.0,209,6,0.3645023034484863,1.0,0.26853131721755374,0.7932872928997994,16,0.0026855468750000555,0.0,24.69144085379594,14,1582,3
5,adaptive_t0_i100ms,22,11.0,0,True,True,True,False,3,1539,6,112,7.518025988247246e-05,20863.427617319263,0.0023166604951256886,40.0,0.26527293416613246,0,0,,,0.0,210,6,1.5336282509399415,1.0,0.26857181763239674,1.9624132403912546,106,0.017791748046875038,0.0,0.4278129874401202,22,1270,1
5,adaptive_t0_i100ms,22,11.0,0,True,True,True,False,3,1539,6,112,7.518025988247246e-05,20863.427617319263,0.0023166604951256886,40.0,0.26527293416613246,0,0,,,0.0,211,6,3.242268948916626,1.0,0.26861541135818284,3.671053938367939,143,0.02400207519531254,0.0,4.7395320285977505,30,1566,13
5,adaptive_t0_i100ms,22,11.0,0,True,True,True,False,3,1539,6,112,7.518025988247246e-05,20863.427617319263,0.0023166604951256886,40.0,0.26527293416613246,0,0,,,0.0,240,7,1.6636620916442872,1.0,0.2685853522400758,2.5212320705469136,155,0.026016235351562535,0.0,9.196424244742957,7,1511,15
5,adaptive_t0_i100ms,22,11.0,0,True,True,True,False,3,1539,6,112,7.518025988247246e-05,20863.427617319263,0.0023166604951256886,40.0,0.26527293416613246,0,0,,,0.0,242,7,1.0870252463836672,1.0,0.26861048623729616,1.9445952252862932,2,0.0003356933593750425,0.0,3.701865875336807,23,1655,10
5,adaptive_t0_i100ms,23,11.5,0,True,True,False,False,,,,,,,,,0.0,0,0,,,0.0,,,,,,,,,,,,,
5,adaptive_t0_i100ms,24,12.0,0,True,True,True,False,20,1492,10,146,9.009765562950636e-05,21863.427990254157,0.0019437256014498416,40.0,0.4522690527337545,0,0,,,0.0,16,0,0.6542319094455565,1.0,0.42352673044941397,0.8971828309033355,51,0.008560180664062542,0.0,47.55014592219595,0,1632,10
5,adaptive_t0_i100ms,24,12.0,0,True,True,True,False,20,1492,10,146,9.009765562950636e-05,21863.427990254157,0.0019437256014498416,40.0,0.4522690527337545,0,0,,,0.0,17,0,0.6785948316211547,1.0,0.4235409427655465,0.9215457530789337,124,0.020812988281250035,0.0,31.489655045508698,8,1352,0
5,adaptive_t0_i100ms,24,12.0,0,True,True,True,False,20,1492,10,146,9.009765562950636e-05,21863.427990254157,0.0019437256014498416,40.0,0.4522690527337545,0,0,,,0.0,18,0,0.5988263211704101,1.0,0.4234301060982964,0.8417772426281891,18,0.0030212402343750486,0.0,16.14281956830382,16,1616,2
5,adaptive_t0_i100ms,24,12.0,0,True,True,True,False,20,1492,10,146,9.009765562950636e-05,21863.427990254157,0.0019437256014498416,40.0,0.4522690527337545,0,0,,,0.0,19,0,0.363110538317871,1.0,0.42330967830325816,0.60606145977565,80,0.013427734375000028,0.0,28.546816233454592,24,1400,5
5,adaptive_t0_i100ms,24,12.0,0,True,True,True,False,20,1492,10,146,9.009765562950636e-05,21863.427990254157,0.0019437256014498416,40.0,0.4522690527337545,0,0,,,0.0,48,1,0.383400728805542,1.0,0.42337920372897847,0.7073352907492473,65,0.010910034179687556,0.0,38.44565543933277,1,1377,4
5,adaptive_t0_i100ms,24,12.0,0,True,True,True,False,20,1492,10,146,9.009765562950636e-05,21863.427990254157,0.0019437256014498416,40.0,0.4522690527337545,0,0,,,0.0,50,1,0.6739622750949705,1.0,0.42348101327276044,0.9978968370386758,11,0.0018463134765625173,0.0,19.384522095839202,17,2001,0
5,adaptive_t0_i100ms,24,12.0,0,True,True,True,False,20,1492,10,146,9.009765562950636e-05,21863.427990254157,0.0019437256014498416,40.0,0.4522690527337545,0,0,,,0.0,51,1,0.5102288876953125,1.0,0.4234163676940058,0.8341634496390178,30,0.0050354003906250226,0.0,5.897125342940853,25,1273,13
5,adaptive_t0_i100ms,24,12.0,0,True,True,True,False,20,1492,10,146,9.009765562950636e-05,21863.427990254157,0.0019437256014498416,40.0,0.4522690527337545,0,0,,,0.0,80,2,0.8658903028903807,1.0,0.42352573886158695,1.189824864834086,100,0.016784667968750014,0.0,26.2990848379377,2,1762,0
5,adaptive_t0_i100ms,24,12.0,0,True,True,True,False,20,1492,10,146,9.009765562950636e-05,21863.427990254157,0.0019437256014498416,40.0,0.4522690527337545,0,0,,,0.0,82,2,0.41818910311889645,1.0,0.4234592415083658,0.7421236650626017,70,0.011749267578125042,0.0,35.70727689463092,18,1394,12
5,adaptive_t0_i100ms,24,12.0,0,True,True,True,False,20,1492,10,146,9.009765562950636e-05,21863.427990254157,0.0019437256014498416,40.0,0.4522690527337545,0,0,,,0.0,83,2,1.9326145761813964,1.0,0.42351362359487715,2.2565491381251017,242,0.040618896484375035,0.0,3.1399967038669274,26,1914,10
5,adaptive_t0_i100ms,24,12.0,0,True,True,True,False,20,1492,10,146,9.009765562950636e-05,21863.427990254157,0.0019437256014498416,40.0,0.4522690527337545,0,0,,,0.0,112,3,1.600178718765625,1.0,0.4234990103433035,2.086080561681183,60,0.010070800781250052,0.0,5.2039031979074934,3,1635,14
5,adaptive_t0_i100ms,24,12.0,0,True,True,True,False,20,1492,10,146,9.009765562950636e-05,21863.427990254157,0.0019437256014498416,40.0,0.4522690527337545,0,0,,,0.0,113,3,0.9733769677158202,1.0,0.42347347777171934,1.459278810631378,74,0.012420654296875028,0.0,18.84935788551229,11,1675,1
5,adaptive_t0_i100ms,24,12.0,0,True,True,True,False,20,1492,10,146,9.009765562950636e-05,21863.427990254157,0.0019437256014498416,40.0,0.4522690527337545,0,0,,,0.0,144,4,11.186692057105104,1.0,0.42356203358685024,11.429642978562882,167,0.028030395507812535,0.0,1.213230515615578,4,1252,5
5,adaptive_t0_i100ms,24,12.0,0,True,True,True,False,20,1492,10,146,9.009765562950636e-05,21863.427990254157,0.0019437256014498416,40.0,0.4522690527337545,0,0,,,0.0,145,4,0.41107703381652827,1.0,0.4235126594817633,0.6540279552743072,239,0.04011535644531252,0.0,24.684812003164552,12,1516,13
5,adaptive_t0_i100ms,24,12.0,0,True,True,True,True,20,1492,10,146,9.009765562950636e-05,21863.427990254157,0.0019437256014498416,40.0,0.4522690527337545,0,0,,,0.0,146,4,1.0861986752582398,1.0,0.4235643921749228,1.3291495967160187,256,0.04296875000000006,9.009765562950636e-05,11.064536986814346,20,1492,10
5,adaptive_t0_i100ms,24,12.0,0,True,True,True,False,20,1492,10,146,9.009765562950636e-05,21863.427990254157,0.0019437256014498416,40.0,0.4522690527337545,0,0,,,0.0,147,4,0.37882080032043464,1.0,0.4234053557679779,0.6217717217782136,24,0.004028320312500028,0.0,24.803793947565282,28,1948,2
5,adaptive_t0_i100ms,24,12.0,0,True,True,True,False,20,1492,10,146,9.009765562950636e-05,21863.427990254157,0.0019437256014498416,40.0,0.4522690527337545,0,0,,,0.0,176,5,1.138079153592285,1.0,0.423450307099664,1.4620137155359902,210,0.03524780273437507,0.0,12.839104125341692,5,1573,6
5,adaptive_t0_i100ms,24,12.0,0,True,True,True,False,20,1492,10,146,9.009765562950636e-05,21863.427990254157,0.0019437256014498416,40.0,0.4522690527337545,0,0,,,0.0,177,5,0.4235386236694337,1.0,0.42353802426750825,0.7474731856131389,268,0.04498291015625005,0.0,10.145827461503359,13,1101,12
5,adaptive_t0_i100ms,24,12.0,0,True,True,True,False,20,1492,10,146,9.009765562950636e-05,21863.427990254157,0.0019437256014498416,40.0,0.4522690527337545,0,0,,,0.0,178,5,1.0260807122104492,1.0,0.4234960661645581,1.3500152741541545,64,0.010742187500000042,0.0,17.489741820481868,21,1493,8
5,adaptive_t0_i100ms,24,12.0,0,True,True,True,False,20,1492,10,146,9.009765562950636e-05,21863.427990254157,0.0019437256014498416,40.0,0.4522690527337545,0,0,,,0.0,208,6,4.538996433047852,1.0,0.42353027920031316,4.862930994991557,106,0.017791748046875007,0.0,1.2917629866133211,6,2182,6
5,adaptive_t0_i100ms,24,12.0,0,True,True,True,False,20,1492,10,146,9.009765562950636e-05,21863.427990254157,0.0019437256014498416,40.0,0.4522690527337545,0,0,,,0.0,210,6,1.0200918379093014,1.0,0.42350366904839515,1.3440263998530066,126,0.02114868164062504,0.0,3.513759399229457,22,1366,9
5,adaptive_t0_i100ms,24,12.0,0,True,True,True,False,20,1492,10,146,9.009765562950636e-05,21863.427990254157,0.0019437256014498416,40.0,0.4522690527337545,0,0,,,0.0,211,6,0.579946427597412,1.0,0.4234110034873762,0.9038809895411173,50,0.008392333984375043,0.0,0.671606504733063,30,1662,10
5,adaptive_t0_i100ms,24,12.0,0,True,True,True,False,20,1492,10,146,9.009765562950636e-05,21863.427990254157,0.0019437256014498416,40.0,0.4522690527337545,0,0,,,0.0,241,7,0.41107703381652827,1.0,0.4234450028975668,0.8969788767320862,27,0.0045318603515625625,0.0,58.98387778785764,15,1615,3
5,adaptive_t0_i100ms,24,12.0,0,True,True,True,False,20,1492,10,146,9.009765562950636e-05,21863.427990254157,0.0019437256014498416,40.0,0.4522690527337545,0,0,,,0.0,243,7,0.3723665641845704,1.0,0.42353666367809245,0.8582684071001283,232,0.03894042968750003,0.0,4.743925266760925,31,1599,6
5,adaptive_t0_i100ms,25,12.5,0,True,True,True,False,19,1363,3,114,2.9062499379506362e-05,22363.42646437525,0.0034696045076998416,40.0,0.21646735595641076,0,0,,,0.0,16,0,5.916809898108914,1.0,0.9062088261499299,6.880605728865884,114,0.01913452148437504,0.0,1.2445512692465854,0,1664,7
5,adaptive_t0_i100ms,25,12.5,0,True,True,True,False,19,1363,3,114,2.9062499379506362e-05,22363.42646437525,0.0034696045076998416,40.0,0.21646735595641076,0,0,,,0.0,17,0,1.8594049712162137,1.0,0.906206175223612,2.8232008019731833,169,0.028366088867187535,0.0,11.589139661580703,8,1384,6
5,adaptive_t0_i100ms,25,12.5,0,True,True,True,False,19,1363,3,114,2.9062499379506362e-05,22363.42646437525,0.0034696045076998416,40.0,0.21646735595641076,0,0,,,0.0,18,0,1.4789004195254183,1.0,0.9061624866537139,2.442696250282388,44,0.007385253906250049,0.0,3.9076173092689714,16,1648,12
5,adaptive_t0_i100ms,25,12.5,0,True,True,True,False,19,1363,3,114,2.9062499379506362e-05,22363.42646437525,0.0034696045076998416,40.0,0.21646735595641076,0,0,,,0.0,19,0,0.287411736514676,1.0,0.9061469695946636,1.2512075672716456,29,0.004867553710937528,0.0,22.078502958709578,24,1400,11
5,adaptive_t0_i100ms,25,12.5,0,True,True,True,False,19,1363,3,114,2.9062499379506362e-05,22363.42646437525,0.0034696045076998416,40.0,0.21646735595641076,0,0,,,0.0,48,1,0.29796263556826486,1.0,0.9062149496431784,1.5830237432442242,31,0.0052032470703125555,0.0,19.655192621336028,1,1377,9
5,adaptive_t0_i100ms,25,12.5,0,True,True,True,False,19,1363,3,114,2.9062499379506362e-05,22363.42646437525,0.0034696045076998416,40.0,0.21646735595641076,0,0,,,0.0,49,1,1.7602109834836703,1.0,0.9061764598866727,3.04527209115963,135,0.022659301757812535,0.0,5.412324481054384,9,1449,1
5,adaptive_t0_i100ms,25,12.5,0,True,True,True,False,19,1363,3,114,2.9062499379506362e-05,22363.42646437525,0.0034696045076998416,40.0,0.21646735595641076,0,0,,,0.0,50,1,0.9619558270544707,1.0,0.9061779290161183,2.2470169347304303,133,0.02232360839843752,0.0,3.3547485435374256,17,2065,10
5,adaptive_t0_i100ms,25,12.5,0,True,True,True,False,19,1363,3,114,2.9062499379506362e-05,22363.42646437525,0.0034696045076998416,40.0,0.21646735595641076,0,0,,,0.0,82,2,0.9087753843268099,1.0,0.906218166017663,4.763958707354688,134,0.02249145507812505,0.0,7.2212609584858,18,1426,4
5,adaptive_t0_i100ms,25,12.5,0,True,True,True,False,19,1363,3,114,2.9062499379506362e-05,22363.42646437525,0.0034696045076998416,40.0,0.21646735595641076,0,0,,,0.0,112,3,1.7411419167782256,1.0,0.9062120072953144,3.026203024454185,130,0.021820068359375056,0.0,9.580385252993437,3,1731,15
5,adaptive_t0_i100ms,25,12.5,0,True,True,True,False,19,1363,3,114,2.9062499379506362e-05,22363.42646437525,0.0034696045076998416,40.0,0.21646735595641076,0,0,,,0.0,113,3,0.8357668276294221,1.0,0.9061578137306887,2.120827935305382,104,0.017456054687500035,0.0,20.623935850471753,11,1707,1
5,adaptive_t0_i100ms,25,12.5,0,True,True,True,True,19,1363,3,114,2.9062499379506362e-05,22363.42646437525,0.0034696045076998416,40.0,0.21646735595641076,0,0,,,0.0,114,3,0.5082051474526644,1.0,0.9062183973922796,1.793266255128624,100,0.01678466796875005,2.9062499379506362e-05,18.774923930861405,19,1363,3
5,adaptive_t0_i100ms,25,12.5,0,True,True,True,False,19,1363,3,114,2.9062499379506362e-05,22363.42646437525,0.0034696045076998416,40.0,0.21646735595641076,0,0,,,0.0,177,5,0.0,1.0,0.906183669335592,3.8551833230278785,30,0.004951477050781299,0.0,8.217293634566886,13,1133,0
5,adaptive_t0_i100ms,25,12.5,0,True,True,True,False,19,1363,3,114,2.9062499379506362e-05,22363.42646437525,0.0034696045076998416,40.0,0.21646735595641076,0,0,,,0.0,241,7,0.31235431417397774,1.0,0.9062022976465506,4.167537637201856,137,0.022994995117187562,0.0,13.159122290351661,15,1615,7
5,adaptive_t0_i100ms,26,13.0,0,True,True,True,False,9,1513,11,49,0.00013587402281700636,22863.429134663336,0.0007993164217623416,40.0,0.697370981444692,0,0,,,0.0,16,0,1.7934799449363996,1.0,1.3945498223492674,2.2809738814170784,137,0.02299499511718754,0.0,16.186854979277996,0,1728,3
5,adaptive_t0_i100ms,26,13.0,0,True,True,True,False,9,1513,11,49,0.00013587402281700636,22863.429134663336,0.0007993164217623416,40.0,0.697370981444692,0,0,,,0.0,18,0,0.856116140292113,1.0,1.3945610199260141,1.343610076772792,32,0.0053710937500000555,0.0,37.04349726435976,16,1680,12
5,adaptive_t0_i100ms,26,13.0,0,True,True,True,False,9,1513,11,49,0.00013587402281700636,22863.429134663336,0.0007993164217623416,40.0,0.697370981444692,0,0,,,0.0,19,0,0.25722123425536964,1.0,1.394595383809603,0.7447151707360486,18,0.0030212402343750347,0.0,110.62136246868977,24,1432,0
5,adaptive_t0_i100ms,26,13.0,0,True,True,True,False,9,1513,11,49,0.00013587402281700636,22863.429134663336,0.0007993164217623416,40.0,0.697370981444692,0,0,,,0.0,48,1,0.25656143539745946,1.0,1.3945036491460836,0.6221818877579687,233,0.039108276367187556,0.0,0.9817298046400538,1,1377,14
5,adaptive_t0_i100ms,26,13.0,0,True,True,True,True,9,1513,11,49,0.00013587402281700636,22863.429134663336,0.0007993164217623416,40.0,0.697370981444692,0,0,,,0.0,49,1,0.8039921850556627,1.0,1.394606333985075,1.169612637416172,54,0.009063720703125038,0.00013587402281700636,10.516498534743732,9,1513,11
5,adaptive_t0_i100ms,26,13.0,0,True,True,True,False,9,1513,11,49,0.00013587402281700636,22863.429134663336,0.0007993164217623416,40.0,0.697370981444692,0,0,,,0.0,50,1,5.772478048042235,1.0,1.3945830468014846,6.1380985004027435,220,0.03692626953125002,0.0,1.1198606134348665,17,2161,4
5,adaptive_t0_i100ms,26,13.0,0,True,True,True,False,9,1513,11,49,0.00013587402281700636,22863.429134663336,0.0007993164217623416,40.0,0.697370981444692,0,0,,,0.0,51,1,0.47792173830981316,1.0,1.3944730280401687,0.8435421906703224,273,0.04582214355468753,0.0,13.00932556116095,25,1337,12
5,adaptive_t0_i100ms,26,13.0,0,True,True,True,False,9,1513,11,49,0.00013587402281700636,22863.429134663336,0.0007993164217623416,40.0,0.697370981444692,0,0,,,0.0,80,2,1.8156524759846178,1.0,1.3945767568081613,2.181272928345127,255,0.04280090332031252,0.0,6.76282141064803,2,1826,3
5,adaptive_t0_i100ms,26,13.0,0,True,True,True,False,9,1513,11,49,0.00013587402281700636,22863.429134663336,0.0007993164217623416,40.0,0.697370981444692,0,0,,,0.0,81,2,0.9463076920074448,1.0,1.3945002536401276,1.311928144367954,210,0.035247802734375035,0.0,3.474653320172365,10,1642,9
5,adaptive_t0_i100ms,26,13.0,0,True,True,True,False,9,1513,11,49,0.00013587402281700636,22863.429134663336,0.0007993164217623416,40.0,0.697370981444692,0,0,,,0.0,82,2,0.8673741841560045,1.0,1.3944936705760747,1.2329946365165139,54,0.009063720703125049,0.0,47.792757933057146,18,1426,14
5,adaptive_t0_i100ms,26,13.0,0,True,True,True,False,9,1513,11,49,0.00013587402281700636,22863.429134663336,0.0007993164217623416,40.0,0.697370981444692,0,0,,,0.0,83,2,0.5158549237785631,1.0,1.3944800837015778,0.8814753761390723,8,0.0013427734375000416,0.0,71.06841923704269,26,1946,14
5,adaptive_t0_i100ms,26,13.0,0,True,True,True,False,9,1513,11,49,0.00013587402281700636,22863.429134663336,0.0007993164217623416,40.0,0.697370981444692,0,0,,,0.0,112,3,1.7035188318383774,1.0,1.3945987024011912,2.0691392841988865,232,0.038940429687500056,0.0,7.139976439939346,3,1795,3
5,adaptive_t0_i100ms,26,13.0,0,True,True,True,False,9,1513,11,49,0.00013587402281700636,22863.429134663336,0.0007993164217623416,40.0,0.697370981444692,0,0,,,0.0,113,3,0.4606484199916979,1.0,1.3944589392994724,0.8262688723522071,116,0.019470214843750035,0.0,63.073628783022286,11,1707,7
5,adaptive_t0_i100ms,26,13.0,0,True,True,True,False,9,1513,11,49,0.00013587402281700636,22863.429134663336,0.0007993164217623416,40.0,0.697370981444692,0,0,,,0.0,114,3,0.46680394728185903,1.0,1.3945932616825505,0.8324243996423683,212,0.03558349609375005,0.0,11.168512084659596,19,1363,11
5,adaptive_t0_i100ms,26,13.0,0,True,True,True,False,9,1513,11,49,0.00013587402281700636,22863.429134663336,0.0007993164217623416,40.0,0.697370981444692,0,0,,,0.0,115,3,1.8156524759846178,1.0,1.3945563144110684,2.181272928345127,248,0.041625976562500014,0.0,7.321607787562243,27,1083,2
5,adaptive_t0_i100ms,26,13.0,0,True,True,True,False,9,1513,11,49,0.00013587402281700636,22863.429134663336,0.0007993164217623416,40.0,0.697370981444692,0,0,,,0.0,145,4,0.8781020222486557,1.0,1.394599116599541,1.6093429269696742,55,0.009231567382812524,0.0,2.2706340858712792,12,1644,2
5,adaptive_t0_i100ms,26,13.0,0,True,True,True,False,9,1513,11,49,0.00013587402281700636,22863.429134663336,0.0007993164217623416,40.0,0.697370981444692,0,0,,,0.0,147,4,0.9609513356879869,1.0,1.3946050055018118,1.6921922404090053,175,0.029373168945312535,0.0,22.162108275315404,28,1980,5
5,adaptive_t0_i100ms,26,13.0,0,True,True,True,False,9,1513,11,49,0.00013587402281700636,22863.429134663336,0.0007993164217623416,40.0,0.697370981444692,0,0,,,0.0,176,5,0.45873220037109236,1.0,1.3944224734152548,0.8243526527316016,223,0.037429809570312576,0.0,3.1743331298093835,5,1605,11
5,adaptive_t0_i100ms,26,13.0,0,True,True,True,False,9,1513,11,49,0.00013587402281700636,22863.429134663336,0.0007993164217623416,40.0,0.697370981444692,0,0,,,0.0,177,5,0.8287765670797105,1.0,1.3945128546680297,1.1943970194402196,231,0.038772583007812556,0.0,3.1204791258642217,13,1197,5
5,adaptive_t0_i100ms,26,13.0,0,True,True,True,False,9,1513,11,49,0.00013587402281700636,22863.429134663336,0.0007993164217623416,40.0,0.697370981444692,0,0,,,0.0,178,5,0.48814791599377294,1.0,1.394536618096614,0.8537683683542822,158,0.02651977539062505,0.0,13.955659301373089,21,1557,14
5,adaptive_t0_i100ms,26,13.0,0,True,True,True,False,9,1513,11,49,0.00013587402281700636,22863.429134663336,0.0007993164217623416,40.0,0.697370981444692,0,0,,,0.0,179,5,1.7098531499058824,1.0,1.3945413101121882,2.0754736022663915,172,0.02886962890625004,0.0,6.006119018147729,29,1085,7
5,adaptive_t0_i100ms,26,13.0,0,True,True,True,False,9,1513,11,49,0.00013587402281700636,22863.429134663336,0.0007993164217623416,40.0,0.697370981444692,0,0,,,0.0,208,6,0.26260812677014006,1.0,1.3944262658738333,0.6282285791306492,37,0.006210327148437507,0.0,116.91658662363261,6,2310,5
5,adaptive_t0_i100ms,26,13.0,0,True,True,True,False,9,1513,11,49,0.00013587402281700636,22863.429134663336,0.0007993164217623416,40.0,0.697370981444692,0,0,,,0.0,209,6,0.22702947622338715,1.0,1.3943386049878739,0.5926499285838964,34,0.0057067871093750555,0.0,66.47212774418222,14,1614,8
5,adaptive_t0_i100ms,26,13.0,0,True,True,True,False,9,1513,11,49,0.00013587402281700636,22863.429134663336,0.0007993164217623416,40.0,0.697370981444692,0,0,,,0.0,210,6,0.2627969325922837,1.0,1.394492941887808,0.628417384952793,170,0.02853393554687505,0.0,56.43518960734218,22,1398,7
5,adaptive_t0_i100ms,26,13.0,0,True,True,True,False,9,1513,11,49,0.00013587402281700636,22863.429134663336,0.0007993164217623416,40.0,0.697370981444692,0,0,,,0.0,211,6,0.4990541227763659,1.0,1.3945277313127793,0.8646745751368752,86,0.014434814453125049,0.0,48.68099133203941,30,1694,15
5,adaptive_t0_i100ms,26,13.0,0,True,True,True,False,9,1513,11,49,0.00013587402281700636,22863.429134663336,0.0007993164217623416,40.0,0.697370981444692,0,0,,,0.0,240,7,0.2818657896155991,1.0,1.3945200593260951,0.6474862419761083,312,0.052368164062500035,0.0,9.40722961406209,7,1703,5
5,adaptive_t0_i100ms,26,13.0,0,True,True,True,False,9,1513,11,49,0.00013587402281700636,22863.429134663336,0.0007993164217623416,40.0,0.697370981444692,0,0,,,0.0,241,7,0.27095311400317235,1.0,1.3943765818141374,0.6365735663636816,67,0.011245727539062562,0.0,105.22297942302976,15,1615,10
5,adaptive_t0_i100ms,26,13.0,0,True,True,True,False,9,1513,11,49,0.00013587402281700636,22863.429134663336,0.0007993164217623416,40.0,0.697370981444692,0,0,,,0.0,242,7,2.1108674240888656,1.0,1.3945767584563777,2.476487876449375,63,0.010574340820312549,0.0,0.9456684569522622,23,1847,1
5,adaptive_t0_i100ms,26,13.0,0,True,True,True,False,9,1513,11,49,0.00013587402281700636,22863.429134663336,0.0007993164217623416,40.0,0.697370981444692,0,0,,,0.0,243,7,0.2508236697945542,1.0,1.3943903983100276,0.6164441221550634,69,0.011581420898437528,0.0,80.12848582842707,31,1599,14
5,adaptive_t0_i100ms,27,13.5,0,True,True,True,True,28,2012,3,147,0.0001255043582932558,23363.428875421723,0.0010585580348561052,40.0,0.021609879358293255,0,0,,,0.0,147,4,1.142615106236095,1.0,0.005762318995146038,40.0,128,0.021484375000000035,0.0001255043582932558,1.5433204056134855,28,2012,3
5,adaptive_t0_i100ms,28,14.0,0,True,True,True,False,20,1684,9,146,8.313850004924461e-05,23863.427816275267,0.0021177044909563847,40.0,0.31899182990629926,0,0,,,0.0,16,0,1.5017417118072505,1.0,0.0694904762023986,2.4628227369255065,25,0.004196166992187542,0.0,9.305811274669395,0,1824,6
5,adaptive_t0_i100ms,28,14.0,0,True,True,True,False,20,1684,9,146,8.313850004924461e-05,23863.427816275267,0.0021177044909563847,40.0,0.31899182990629926,0,0,,,0.0,49,1,0.8539824558471677,1.0,0.06944916562570963,1.174342797553253,69,0.011581420898437542,0.0,16.44599885520074,9,1609,4
5,adaptive_t0_i100ms,28,14.0,0,True,True,True,False,20,1684,9,146,8.313850004924461e-05,23863.427816275267,0.0021177044909563847,40.0,0.31899182990629926,0,0,,,0.0,50,1,0.36713379583740235,1.0,0.06945893800009813,0.6874941375434878,56,0.00939941406250002,0.0,13.22933141147223,17,2193,15
5,adaptive_t0_i100ms,28,14.0,0,True,True,True,False,20,1684,9,146,8.313850004924461e-05,23863.427816275267,0.0021177044909563847,40.0,0.31899182990629926,0,0,,,0.0,51,1,0.35191661544799796,1.0,0.06948688423797553,0.6722769571540833,111,0.018630981445312528,0.0,8.876861911601736,25,1369,10
5,adaptive_t0_i100ms,28,14.0,0,True,True,True,False,20,1684,9,146,8.313850004924461e-05,23863.427816275267,0.0021177044909563847,40.0,0.31899182990629926,0,0,,,0.0,83,2,1.4924141235351558,1.0,0.06946136476446486,2.4534951486534116,8,0.0013427734375000486,0.0,9.620335728501232,26,2138,6
5,adaptive_t0_i100ms,28,14.0,0,True,True,True,False,20,1684,9,146,8.313850004924461e-05,23863.427816275267,0.0021177044909563847,40.0,0.31899182990629926,0,0,,,0.0,112,3,2.817738281842752,1.0,0.06949086268539519,3.1380986235488373,166,0.027862548828125062,0.0,6.302212709546438,3,1859,7
5,adaptive_t0_i100ms,28,14.0,0,True,True,True,False,20,1684,9,146,8.313850004924461e-05,23863.427816275267,0.0021177044909563847,40.0,0.31899182990629926,0,0,,,0.0,113,3,2.8321272597698766,1.0,0.06948912019580823,3.1524876014759617,262,0.043975830078125035,0.0,2.566491971785581,11,1771,9
5,adaptive_t0_i100ms,28,14.0,0,True,True,True,False,20,1684,9,146,8.313850004924461e-05,23863.427816275267,0.0021177044909563847,40.0,0.31899182990629926,0,0,,,0.0,115,3,0.6134346894561769,1.0,0.06934051588263046,0.9337950311622623,16,0.002685546875000014,0.0,19.168571039586823,27,1147,3
5,adaptive_t0_i100ms,28,14.0,0,True,True,True,True,20,1684,9,146,8.313850004924461e-05,23863.427816275267,0.0021177044909563847,40.0,0.31899182990629926,0,0,,,0.0,146,4,4.181772248338846,1.0,0.06951415436475844,4.662312760897974,35,0.0058746337890625625,8.313850004924461e-05,0.69824362601139,20,1684,9
5,adaptive_t0_i100ms,28,14.0,0,True,True,True,False,20,1684,9,146,8.313850004924461e-05,23863.427816275267,0.0021177044909563847,40.0,0.31899182990629926,0,0,,,0.0,147,4,3.972010197863749,1.0,0.06950679101834908,4.4525507104228765,39,0.006546020507812535,0.0,3.8311075720157532,28,2044,9
5,adaptive_t0_i100ms,28,14.0,0,True,True,True,False,20,1684,9,146,8.313850004924461e-05,23863.427816275267,0.0021177044909563847,40.0,0.31899182990629926,0,0,,,0.0,176,5,0.7522201903839112,1.0,0.06949425931574457,1.7133012155021672,289,0.048507690429687576,0.0,1.2751473055031965,5,1765,3
5,adaptive_t0_i100ms,28,14.0,0,True,True,True,False,20,1684,9,146,8.313850004924461e-05,23863.427816275267,0.0021177044909563847,40.0,0.31899182990629926,0,0,,,0.0,208,6,0.3950289814453124,1.0,0.06943245264621924,0.7153893231513977,160,0.026855468750000007,0.0,29.240438979148166,6,2310,13
5,adaptive_t0_i100ms,28,14.0,0,True,True,True,False,20,1684,9,146,8.313850004924461e-05,23863.427816275267,0.0021177044909563847,40.0,0.31899182990629926,0,0,,,0.0,209,6,2.9084062095698027,1.0,0.06951238411802899,3.228766551275888,219,0.036758422851562556,0.0,3.9445797491280246,14,1646,15
5,adaptive_t0_i100ms,28,14.0,0,True,True,True,False,20,1684,9,146,8.313850004924461e-05,23863.427816275267,0.0021177044909563847,40.0,0.31899182990629926,0,0,,,0.0,211,6,7.334894656600564,1.0,0.06949853248614019,7.65525499830665,125,0.020980834960937552,0.0,0.46838490652953624,30,1918,8
5,adaptive_t0_i100ms,28,14.0,0,True,True,True,False,20,1684,9,146,8.313850004924461e-05,23863.427816275267,0.0021177044909563847,40.0,0.31899182990629926,0,0,,,0.0,241,7,0.8023215657348634,1.0,0.06944505208277198,1.1226819074409486,109,0.018295288085937562,0.0,10.10123707751336,15,1679,3
5,adaptive_t0_i100ms,28,14.0,0,True,True,True,False,20,1684,9,146,8.313850004924461e-05,23863.427816275267,0.0021177044909563847,40.0,0.31899182990629926,0,0,,,0.0,242,7,0.8023215657348632,1.0,0.06947593889170789,1.1226819074409486,142,0.02383422851562505,0.0,7.792407857370563,23,1943,14
5,adaptive_t0_i100ms,28,14.0,0,True,True,True,False,20,1684,9,146,8.313850004924461e-05,23863.427816275267,0.0021177044909563847,40.0,0.31899182990629926,0,0,,,0.0,243,7,0.3318872498382569,1.0,0.06946506213245676,0.6522475915443422,69,0.011581420898437535,0.0,6.9039199937578815,31,1727,12
5,adaptive_t0_i100ms,29,14.5,0,True,True,True,False,26,2202,15,83,2.0533691567834454e-05,24363.426251155055,0.0036828247029916383,40.0,0.42702248681656785,0,0,,,0.0,16,0,0.9847329828111892,1.0,0.30674232606914476,1.7152814431843124,65,0.010910034179687542,0.0,11.58867587077475,0,1888,9
5,adaptive_t0_i100ms,29,14.5,0,True,True,True,False,26,2202,15,83,2.0533691567834454e-05,24363.426251155055,0.0036828247029916383,40.0,0.42702248681656785,0,0,,,0.0,17,0,2.305094925603205,1.0,0.30673800290835435,3.0356433859763285,227,0.03810119628906254,0.0,6.3847895838734985,8,1512,10
5,adaptive_t0_i100ms,29,14.5,0,True,True,True,False,26,2202,15,83,2.0533691567834454e-05,24363.426251155055,0.0036828247029916383,40.0,0.42702248681656785,0,0,,,0.0,49,1,0.5737990267262792,1.0,0.306671066856061,1.3043474870994025,200,0.03356933593750004,0.0,4.116553328352893,9,1609,15
5,adaptive_t0_i100ms,29,14.5,0,True,True,True,False,26,2202,15,83,2.0533691567834454e-05,24363.426251155055,0.0036828247029916383,40.0,0.42702248681656785,0,0,,,0.0,51,1,0.9434960957735598,1.0,0.30668565270623477,1.6740445561466832,84,0.014099121093750028,0.0,8.05421287869467,25,1401,1
5,adaptive_t0_i100ms,29,14.5,0,True,True,True,False,26,2202,15,83,2.0533691567834454e-05,24363.426251155055,0.0036828247029916383,40.0,0.42702248681656785,0,0,,,0.0,80,2,0.5188423332958829,1.0,0.3067293853361895,0.8841165634824446,97,0.016281127929687535,0.0,23.06510910122597,2,1986,15
5,adaptive_t0_i100ms,29,14.5,0,True,True,True,False,26,2202,15,83,2.0533691567834454e-05,24363.426251155055,0.0036828247029916383,40.0,0.42702248681656785,0,0,,,0.0,81,2,0.2739151084397159,1.0,0.3066146736770335,0.6391893386262776,6,0.0010070800781250347,0.0,51.671106692079775,10,1674,13
5,adaptive_t0_i100ms,29,14.5,0,True,True,True,False,26,2202,15,83,2.0533691567834454e-05,24363.426251155055,0.0036828247029916383,40.0,0.42702248681656785,0,0,,,0.0,82,2,0.24612504254703277,1.0,0.3065157882625842,0.6113992727335944,206,0.03457641601562505,0.0,21.230374517850578,18,1490,0
5,adaptive_t0_i100ms,29,14.5,0,True,True,True,True,26,2202,15,83,2.0533691567834454e-05,24363.426251155055,0.0036828247029916383,40.0,0.42702248681656785,0,0,,,0.0,83,2,4.066460843408818,1.0,0.30678282153653247,4.431735073595379,141,0.02366638183593755,2.0533691567834454e-05,6.262626549327251,26,2202,15
5,adaptive_t0_i100ms,29,14.5,0,True,True,True,False,26,2202,15,83,2.0533691567834454e-05,24363.426251155055,0.0036828247029916383,40.0,0.42702248681656785,0,0,,,0.0,113,3,0.9060353307833123,1.0,0.30677866903235,1.3930676376987279,53,0.008895874023437538,0.0,7.609580402342544,11,1899,11
5,adaptive_t0_i100ms,29,14.5,0,True,True,True,False,26,2202,15,83,2.0533691567834454e-05,24363.426251155055,0.0036828247029916383,40.0,0.42702248681656785,0,0,,,0.0,114,3,3.6448421267784634,1.0,0.3067502791912533,4.131874433693879,15,0.0025177001953125555,0.0,6.099032741509291,19,1491,12
5,adaptive_t0_i100ms,29,14.5,0,True,True,True,False,26,2202,15,83,2.0533691567834454e-05,24363.426251155055,0.0036828247029916383,40.0,0.42702248681656785,0,0,,,0.0,115,3,0.41217266860700574,1.0,0.3067287971988501,0.8992049755224214,7,0.0011749267578125139,0.0,9.987643772834417,27,1179,1
5,adaptive_t0_i100ms,29,14.5,0,True,True,True,False,26,2202,15,83,2.0533691567834454e-05,24363.426251155055,0.0036828247029916383,40.0,0.42702248681656785,0,0,,,0.0,145,4,0.4628173918205839,1.0,0.3066355924889767,0.9498496987359994,46,0.007720947265625024,0.0,5.461109347117599,12,1708,12
5,adaptive_t0_i100ms,29,14.5,0,True,True,True,False,26,2202,15,83,2.0533691567834454e-05,24363.426251155055,0.0036828247029916383,40.0,0.42702248681656785,0,0,,,0.0,146,4,0.5127286734625144,1.0,0.3066982696396407,0.9997609803779299,90,0.015106201171875062,0.0,21.266860032632394,20,1716,8
5,adaptive_t0_i100ms,29,14.5,0,True,True,True,False,26,2202,15,83,2.0533691567834454e-05,24363.426251155055,0.0036828247029916383,40.0,0.42702248681656785,0,0,,,0.0,147,4,1.0715671298908847,1.0,0.3067693380276417,1.5585994368063003,142,0.02383422851562504,0.0,11.360076579589077,28,2108,5
5,adaptive_t0_i100ms,29,14.5,0,True,True,True,False,26,2202,15,83,2.0533691567834454e-05,24363.426251155055,0.0036828247029916383,40.0,0.42702248681656785,0,0,,,0.0,176,5,0.505423981688202,1.0,0.30676334087779555,0.8706982118747637,148,0.024841308593750076,0.0,24.509563629697368,5,1765,10
5,adaptive_t0_i100ms,29,14.5,0,True,True,True,False,26,2202,15,83,2.0533691567834454e-05,24363.426251155055,0.0036828247029916383,40.0,0.42702248681656785,0,0,,,0.0,177,5,0.47195343733626616,1.0,0.3066821954726678,0.8372276675228278,62,0.010406494140625056,0.0,14.88056584676815,13,1293,3
5,adaptive_t0_i100ms,29,14.5,0,True,True,True,False,26,2202,15,83,2.0533691567834454e-05,24363.426251155055,0.0036828247029916383,40.0,0.42702248681656785,0,0,,,0.0,178,5,0.26656830349561467,1.0,0.30652257264013366,0.6318425336821764,31,0.0052032470703125555,0.0,62.130745557024056,21,1621,11
5,adaptive_t0_i100ms,29,14.5,0,True,True,True,False,26,2202,15,83,2.0533691567834454e-05,24363.426251155055,0.0036828247029916383,40.0,0.42702248681656785,0,0,,,0.0,179,5,1.090746931530127,1.0,0.3067235396770835,1.4560211617166887,170,0.02853393554687504,0.0,3.032692166048946,29,1181,4
5,adaptive_t0_i100ms,29,14.5,0,True,True,True,False,26,2202,15,83,2.0533691567834454e-05,24363.426251155055,0.0036828247029916383,40.0,0.42702248681656785,0,0,,,0.0,210,6,0.40812886394345044,1.0,0.3067661747348183,1.1386773243165738,29,0.00486755371093755,0.0,1.979344250565191,22,1494,10
5,adaptive_t0_i100ms,29,14.5,0,True,True,True,False,26,2202,15,83,2.0533691567834454e-05,24363.426251155055,0.0036828247029916383,40.0,0.42702248681656785,0,0,,,0.0,211,6,7.093544932560264,1.0,0.30676918329802505,7.824093392933388,253,0.042465209960937556,0.0,1.1614863553186296,30,2014,4
5,adaptive_t0_i100ms,29,14.5,0,True,True,True,False,26,2202,15,83,2.0533691567834454e-05,24363.426251155055,0.0036828247029916383,40.0,0.42702248681656785,0,0,,,0.0,240,7,0.0,1.0,0.30662654419643637,0.4870323069154156,192,0.03222656250000004,0.0,13.740839101654274,7,1735,0
5,adaptive_t0_i100ms,29,14.5,0,True,True,True,False,26,2202,15,83,2.0533691567834454e-05,24363.426251155055,0.0036828247029916383,40.0,0.42702248681656785,0,0,,,0.0,241,7,0.5390875777225088,1.0,0.30665313552514034,1.0261198846379245,166,0.027862548828125062,0.0,4.447482380495785,15,1679,15
5,adaptive_t0_i100ms,29,14.5,0,True,True,True,False,26,2202,15,83,2.0533691567834454e-05,24363.426251155055,0.0036828247029916383,40.0,0.42702248681656785,0,0,,,0.0,242,7,1.0131409258051465,1.0,0.3066781000569374,1.5001732327205621,114,0.01913452148437505,0.0,10.755939110586041,23,1975,14
5,adaptive_t0_i100ms,30,15.0,0,True,True,True,False,19,1555,6,114,0.0001397376677778084,24863.42923125446,0.0007027252977422904,40.0,0.37779476696465286,0,0,,,0.0,16,0,1.8569472318537121,1.0,0.02801652729234899,3.3714652885644507,181,0.03038024902343754,0.0,5.64656875219589,0,1920,11
5,adaptive_t0_i100ms,30,15.0,0,True,True,True,False,19,1555,6,114,0.0001397376677778084,24863.42923125446,0.0007027252977422904,40.0,0.37779476696465286,0,0,,,0.0,18,0,0.3740052352413437,1.0,0.02805298700142368,1.8885232919520822,173,0.029037475585937556,0.0,0.8323380401780014,16,1776,7
5,adaptive_t0_i100ms,30,15.0,0,True,True,True,False,19,1555,6,114,0.0001397376677778084,24863.42923125446,0.0007027252977422904,40.0,0.37779476696465286,0,0,,,0.0,48,1,0.2208407481757968,1.0,0.027933362023133866,0.9780997765311661,203,0.03407287597656256,0.0,6.848323630551022,1,1473,0
5,adaptive_t0_i100ms,30,15.0,0,True,True,True,False,19,1555,6,114,0.0001397376677778084,24863.42923125446,0.0007027252977422904,40.0,0.37779476696465286,0,0,,,0.0,49,1,0.20343764687023272,1.0,0.028057106926364615,0.960696675225602,102,0.01712036132812505,0.0,15.352203660277155,9,1673,3
5,adaptive_t0_i100ms,30,15.0,0,True,True,True,False,19,1555,6,114,0.0001397376677778084,24863.42923125446,0.0007027252977422904,40.0,0.37779476696465286,0,0,,,0.0,50,1,0.4751513919751205,1.0,0.027935198079360315,1.2324104203304898,174,0.029205322265625028,0.0,15.853539211108,17,2289,4
5,adaptive_t0_i100ms,30,15.0,0,True,True,True,False,19,1555,6,114,0.0001397376677778084,24863.42923125446,0.0007027252977422904,40.0,0.37779476696465286,0,0,,,0.0,51,1,0.44972075409476203,1.0,0.02803116102588279,1.2069797824501314,243,0.040786743164062535,0.0,10.894153470049787,25,1433,2
5,adaptive_t0_i100ms,30,15.0,0,True,True,True,False,19,1555,6,114,0.0001397376677778084,24863.42923125446,0.0007027252977422904,40.0,0.37779476696465286,0,0,,,0.0,80,2,0.45017653406441915,1.0,0.028027506317208652,1.9646945907751578,189,0.03172302246093754,0.0,5.571487576049549,2,2050,6
5,adaptive_t0_i100ms,30,15.0,0,True,True,True,False,19,1555,6,114,0.0001397376677778084,24863.42923125446,0.0007027252977422904,40.0,0.37779476696465286,0,0,,,0.0,83,2,0.8197552997212453,1.0,0.028039521830123256,2.334273356431984,99,0.016616821289062556,0.0,10.885081325410283,26,2298,4
5,adaptive_t0_i100ms,30,15.0,0,True,True,True,False,19,1555,6,114,0.0001397376677778084,24863.42923125446,0.0007027252977422904,40.0,0.37779476696465286,0,0,,,0.0,113,3,0.9095241087739412,1.0,0.028050538737675778,2.4240421654846798,71,0.011917114257812542,0.0,12.392289943396463,11,1963,9
5,adaptive_t0_i100ms,30,15.0,0,True,True,True,True,19,1555,6,114,0.0001397376677778084,24863.42923125446,0.0007027252977422904,40.0,0.37779476696465286,0,0,,,0.0,114,3,0.4443522743476785,1.0,0.028064254381690606,1.958870331058417,107,0.017959594726562562,0.0001397376677778084,12.13264675515893,19,1555,6
5,adaptive_t0_i100ms,30,15.0,0,True,True,True,False,19,1555,6,114,0.0001397376677778084,24863.42923125446,0.0007027252977422904,40.0,0.37779476696465286,0,0,,,0.0,145,4,0.45382168818639834,1.0,0.028024982527491856,1.968339744897137,164,0.027526855468750028,0.0,5.637714748751023,12,1740,7
5,adaptive_t0_i100ms,30,15.0,0,True,True,True,False,19,1555,6,114,0.0001397376677778084,24863.42923125446,0.0007027252977422904,40.0,0.37779476696465286,0,0,,,0.0,147,4,4.864428105160943,1.0,0.0280508163703913,6.378946161871681,147,0.02467346191406254,0.0,4.360041652558721,28,2172,2
5,adaptive_t0_i100ms,30,15.0,0,True,True,True,False,19,1555,6,114,0.0001397376677778084,24863.42923125446,0.0007027252977422904,40.0,0.37779476696465286,0,0,,,0.0,209,6,0.23817090365295537,1.0,0.028057121258134244,3.2672070170744325,162,0.027191162109375062,0.0,6.4275641340100265,14,1806,6
5,adaptive_t0_i100ms,30,15.0,0,True,True,True,False,19,1555,6,114,0.0001397376677778084,24863.42923125446,0.0007027252977422904,40.0,0.37779476696465286,0,0,,,0.0,241,7,6.527218692349774,1.0,0.028062286984425328,8.041736749060513,132,0.022155761718750062,0.0,1.7086024440468464,15,1743,13
5,adaptive_t0_i100ms,30,15.0,0,True,True,True,False,19,1555,6,114,0.0001397376677778084,24863.42923125446,0.0007027252977422904,40.0,0.37779476696465286,0,0,,,0.0,242,7,0.5091965915813345,1.0,0.028053274741979634,2.023714648292073,103,0.017288208007812556,0.0,18.361058868365944,23,2039,2
5,adaptive_t0_i100ms,31,15.5,0,True,True,True,True,10,1770,9,81,0.00016262585137155839,25363.42980345905,0.00013052070789854042,40.0,0.005365872921684059,0,0,,,0.0,81,2,3.734505889490845,1.0,0.1193716340132798,40.0,31,0.005203247070312535,0.00016262585137155839,3.484811134283518,10,1770,9
5,adaptive_t0_i100ms,32,16.0,0,True,True,True,False,21,1685,13,178,0.00015373389833257535,25863.429581160224,0.0003528195338731166,40.0,0.6811077133905201,0,0,,,0.0,16,0,1.8300314074969322,1.0,0.46578270192228044,1.88687322787098,73,0.012252807617187542,0.0,19.120529209940287,0,2048,8
5,adaptive_t0_i100ms,32,16.0,0,True,True,True,False,21,1685,13,178,0.00015373389833257535,25863.429581160224,0.0003528195338731166,40.0,0.6811077133905201,0,0,,,0.0,17,0,5.963818644824183,1.0,0.46582874202250063,6.020660465198231,45,0.007553100585937549,0.0,2.1101919826433004,8,1704,13
5,adaptive_t0_i100ms,32,16.0,0,True,True,True,False,21,1685,13,178,0.00015373389833257535,25863.429581160224,0.0003528195338731166,40.0,0.6811077133905201,0,0,,,0.0,19,0,0.22759476551281577,1.0,0.46579731618863907,0.28443658588686366,117,0.01963806152343754,0.0,67.34589944946492,24,1592,3
5,adaptive_t0_i100ms,32,16.0,0,True,True,True,False,21,1685,13,178,0.00015373389833257535,25863.429581160224,0.0003528195338731166,40.0,0.6811077133905201,0,0,,,0.0,48,1,10.496929089893914,1.0,0.46585452564360236,10.53956045517445,15,0.0025177001953125625,0.0,2.5870719592094247,1,1569,13
5,adaptive_t0_i100ms,32,16.0,0,True,True,True,False,21,1685,13,178,0.00015373389833257535,25863.429581160224,0.0003528195338731166,40.0,0.6811077133905201,0,0,,,0.0,49,1,0.19714194477518548,1.0,0.46536749613082,0.2397733100557214,48,0.008056640625000049,0.0,84.90394681257385,9,1673,10
5,adaptive_t0_i100ms,32,16.0,0,True,True,True,False,21,1685,13,178,0.00015373389833257535,25863.429581160224,0.0003528195338731166,40.0,0.6811077133905201,0,0,,,0.0,50,1,0.4604470751490882,1.0,0.46567300013917806,0.5030784404296241,289,0.04850769042968753,0.0,21.121069860182615,17,2289,15
5,adaptive_t0_i100ms,32,16.0,0,True,True,True,False,21,1685,13,178,0.00015373389833257535,25863.429581160224,0.0003528195338731166,40.0,0.6811077133905201,0,0,,,0.0,51,1,0.4358034288735032,1.0,0.46579241945659133,0.4784347941540391,242,0.040618896484375035,0.0,31.555525670573843,25,1433,13
5,adaptive_t0_i100ms,32,16.0,0,True,True,True,False,21,1685,13,178,0.00015373389833257535,25863.429581160224,0.0003528195338731166,40.0,0.6811077133905201,0,0,,,0.0,80,2,6.45187743470356,1.0,0.4658422049382478,6.494508799984096,171,0.028701782226562556,0.0,1.7402331203775248,2,2178,10
5,adaptive_t0_i100ms,32,16.0,0,True,True,True,False,21,1685,13,178,0.00015373389833257535,25863.429581160224,0.0003528195338731166,40.0,0.6811077133905201,0,0,,,0.0,81,2,0.18467919534616814,1.0,0.4654323909779925,0.22731056062670404,31,0.005203247070312535,0.0,52.11563626617135,10,1802,6
5,adaptive_t0_i100ms,32,16.0,0,True,True,True,False,21,1685,13,178,0.00015373389833257535,25863.429581160224,0.0003528195338731166,40.0,0.6811077133905201,0,0,,,0.0,82,2,0.20891383121334536,1.0,0.4653244276351449,0.2515451964938813,194,0.03256225585937505,0.0,34.12528979211129,18,1586,0
5,adaptive_t0_i100ms,32,16.0,0,True,True,True,False,21,1685,13,178,0.00015373389833257535,25863.429581160224,0.0003528195338731166,40.0,0.6811077133905201,0,0,,,0.0,83,2,0.16096890194107422,1.0,0.46560838556778467,0.20360026722161012,1,0.0001678466796875555,0.0,41.43062997912784,26,2330,10
5,adaptive_t0_i100ms,32,16.0,0,True,True,True,False,21,1685,13,178,0.00015373389833257535,25863.429581160224,0.0003528195338731166,40.0,0.6811077133905201,0,0,,,0.0,112,3,0.215266590423807,1.0,0.4652756134179584,0.25789795570434293,11,0.0018463134765625625,0.0,156.91069074854022,3,1923,12
5,adaptive_t0_i100ms,32,16.0,0,True,True,True,False,21,1685,13,178,0.00015373389833257535,25863.429581160224,0.0003528195338731166,40.0,0.6811077133905201,0,0,,,0.0,113,3,0.200627906767136,1.0,0.4653388880414527,0.2432592720476719,215,0.03608703613281254,0.0,12.256088170979638,11,2027,0
5,adaptive_t0_i100ms,32,16.0,0,True,True,True,False,21,1685,13,178,0.00015373389833257535,25863.429581160224,0.0003528195338731166,40.0,0.6811077133905201,0,0,,,0.0,114,3,1.2629677285919134,1.0,0.4658496263120366,1.3055990938724493,293,0.04917907714843756,0.0,1.8846633663088141,19,1587,11
5,adaptive_t0_i100ms,32,16.0,0,True,True,True,False,21,1685,13,178,0.00015373389833257535,25863.429581160224,0.0003528195338731166,40.0,0.6811077133905201,0,0,,,0.0,115,3,0.4179398755796393,1.0,0.4657646318180669,0.4605712408601752,278,0.046661376953125014,0.0,10.802910558613803,27,1307,3
5,adaptive_t0_i100ms,32,16.0,0,True,True,True,False,21,1685,13,178,0.00015373389833257535,25863.429581160224,0.0003528195338731166,40.0,0.6811077133905201,0,0,,,0.0,144,4,1.266224248915602,1.0,0.4658540061565655,1.3088556141961378,283,0.04750061035156254,0.0,3.021020788128226,4,1572,1
5,adaptive_t0_i100ms,32,16.0,0,True,True,True,False,21,1685,13,178,0.00015373389833257535,25863.429581160224,0.0003528195338731166,40.0,0.6811077133905201,0,0,,,0.0,145,4,1.732777454278225,1.0,0.46576037713809293,1.775408819558761,33,0.005538940429687528,0.0,18.358838316547917,12,1804,10
5,adaptive_t0_i100ms,32,16.0,0,True,True,True,False,21,1685,13,178,0.00015373389833257535,25863.429581160224,0.0003528195338731166,40.0,0.6811077133905201,0,0,,,0.0,146,4,0.2024450693640818,1.0,0.46525604214815425,0.2450764346446177,220,0.03692626953125006,0.0,43.970591466550104,20,1748,6
5,adaptive_t0_i100ms,32,16.0,0,True,True,True,False,21,1685,13,178,0.00015373389833257535,25863.429581160224,0.0003528195338731166,40.0,0.6811077133905201,0,0,,,0.0,147,4,0.9067452514258942,1.0,0.46577413816909957,0.9493766167064301,308,0.05169677734375004,0.0,4.749341588903917,28,2204,13
5,adaptive_t0_i100ms,32,16.0,0,True,True,True,False,21,1685,13,178,0.00015373389833257535,25863.429581160224,0.0003528195338731166,40.0,0.6811077133905201,0,0,,,0.0,176,5,0.17051325130210776,1.0,0.46561801511033196,0.21314461658264366,72,0.012084960937500076,0.0,25.864202596305404,5,1861,6
5,adaptive_t0_i100ms,32,16.0,0,True,True,True,False,21,1685,13,178,0.00015373389833257535,25863.429581160224,0.0003528195338731166,40.0,0.6811077133905201,0,0,,,0.0,177,5,0.1679675498515557,1.0,0.4655541292808301,0.2105989151320916,17,0.0028533935546875625,0.0,36.5101299303642,13,1389,12
5,adaptive_t0_i100ms,32,16.0,0,True,True,True,True,21,1685,13,178,0.00015373389833257535,25863.429581160224,0.0003528195338731166,40.0,0.6811077133905201,0,0,,,0.0,178,5,1.1273108328432342,1.0,0.4658548437844207,1.16994219812377,186,0.031219482421875056,0.00015373389833257535,6.97489859561756,21,1685,13
5,adaptive_t0_i100ms,32,16.0,0,True,True,True,False,21,1685,13,178,0.00015373389833257535,25863.429581160224,0.0003528195338731166,40.0,0.6811077133905201,0,0,,,0.0,179,5,0.22292784371241187,1.0,0.46574833597288207,0.26555920899294777,221,0.03709411621093754,0.0,2.470234411302954,29,1245,8
5,adaptive_t0_i100ms,32,16.0,0,True,True,True,False,21,1685,13,178,0.00015373389833257535,25863.429581160224,0.0003528195338731166,40.0,0.6811077133905201,0,0,,,0.0,208,6,0.20604756072978941,1.0,0.4653083236864953,0.24867892601032532,77,0.012924194335937507,0.0,70.77547171515107,6,2374,12
5,adaptive_t0_i100ms,32,16.0,0,True,True,True,False,21,1685,13,178,0.00015373389833257535,25863.429581160224,0.0003528195338731166,40.0,0.6811077133905201,0,0,,,0.0,209,6,0.23080032559046107,1.0,0.46580070185866085,0.27343169087099695,112,0.018798828125000062,0.0,75.65820242793052,14,1806,13
5,adaptive_t0_i100ms,32,16.0,0,True,True,True,False,21,1685,13,178,0.00015373389833257535,25863.429581160224,0.0003528195338731166,40.0,0.6811077133905201,0,0,,,0.0,210,6,0.8718412261751836,1.0,0.4657056918760669,0.9144725914557195,187,0.031387329101562556,0.0,6.340885045901814,22,1718,8
5,adaptive_t0_i100ms,32,16.0,0,True,True,True,False,21,1685,13,178,0.00015373389833257535,25863.429581160224,0.0003528195338731166,40.0,0.6811077133905201,0,0,,,0.0,211,6,0.16447738399937822,1.0,0.4656358613242046,0.20710874927991413,70,0.011749267578125059,0.0,24.34199397815246,30,2142,9
5,adaptive_t0_i100ms,32,16.0,0,True,True,True,False,21,1685,13,178,0.00015373389833257535,25863.429581160224,0.0003528195338731166,40.0,0.6811077133905201,0,0,,,0.0,240,7,0.9268222044024474,1.0,0.46579046893607934,0.9694535696829834,49,0.008224487304687542,0.0,33.34035447867063,7,1863,6
5,adaptive_t0_i100ms,32,16.0,0,True,True,True,False,21,1685,13,178,0.00015373389833257535,25863.429581160224,0.0003528195338731166,40.0,0.6811077133905201,0,0,,,0.0,241,7,0.4551968459141877,1.0,0.4656455225649696,0.4978282111947236,19,0.0031890869140625625,0.0,84.23202559632773,15,1871,9
5,adaptive_t0_i100ms,32,16.0,0,True,True,True,False,21,1685,13,178,0.00015373389833257535,25863.429581160224,0.0003528195338731166,40.0,0.6811077133905201,0,0,,,0.0,242,7,0.4934386918133805,1.0,0.4655437933387288,0.5360700570939164,120,0.020141601562500056,0.0,65.56079398027578,23,2039,13
5,adaptive_t0_i100ms,32,16.0,0,True,True,True,False,21,1685,13,178,0.00015373389833257535,25863.429581160224,0.0003528195338731166,40.0,0.6811077133905201,0,0,,,0.0,243,7,0.7752527496126445,1.0,0.46572234796925244,0.8178841148931804,60,0.010070800781250042,0.0,4.428736730533274,31,1823,8
5,adaptive_t0_i100ms,33,16.5,0,True,True,True,False,14,1870,0,209,9.269874208257533e-05,26363.428055281318,0.0018786984401231166,40.0,0.38379020850770756,0,0,,,0.0,16,0,0.916236612401427,1.0,0.9394838724337987,1.464890087287897,102,0.01703643798828129,0.0,20.91172177611952,0,2080,8
5,adaptive_t0_i100ms,33,16.5,0,True,True,True,False,14,1870,0,209,9.269874208257533e-05,26363.428055281318,0.0018786984401231166,40.0,0.38379020850770756,0,0,,,0.0,17,0,0.40483891441290054,1.0,0.9395151995812252,0.9534923892993706,52,0.008728027343750049,0.0,10.47402774598595,8,1800,0
5,adaptive_t0_i100ms,33,16.5,0,True,True,True,False,14,1870,0,209,9.269874208257533e-05,26363.428055281318,0.0018786984401231166,40.0,0.38379020850770756,0,0,,,0.0,18,0,0.2165907175691746,1.0,0.9395360984885226,0.7652441924556447,110,0.018463134765625056,0.0,36.1536599337378,16,1872,6
5,adaptive_t0_i100ms,33,16.5,0,True,True,True,False,14,1870,0,209,9.269874208257533e-05,26363.428055281318,0.0018786984401231166,40.0,0.38379020850770756,0,0,,,0.0,19,0,0.22510920745809543,1.0,0.939470096765131,0.7737626823445656,90,0.015106201171875042,0.0,63.7590356288747,24,1592,7
5,adaptive_t0_i100ms,33,16.5,0,True,True,True,False,14,1870,0,209,9.269874208257533e-05,26363.428055281318,0.0018786984401231166,40.0,0.38379020850770756,0,0,,,0.0,50,1,0.3995571684168527,1.0,0.9394713076314036,1.4968641181897928,228,0.03826904296875003,0.0,6.596073278251424,17,2353,4
5,adaptive_t0_i100ms,33,16.5,0,True,True,True,False,14,1870,0,209,9.269874208257533e-05,26363.428055281318,0.0018786984401231166,40.0,0.38379020850770756,0,0,,,0.0,51,1,3.4249375776761997,1.0,0.939514754116897,4.52224452744914,111,0.018630981445312535,0.0,6.456846104738361,25,1465,11
5,adaptive_t0_i100ms,33,16.5,0,True,True,True,False,14,1870,0,209,9.269874208257533e-05,26363.428055281318,0.0018786984401231166,40.0,0.38379020850770756,0,0,,,0.0,80,2,0.8854555266359667,1.0,0.9394827828078745,1.4341090015224367,184,0.030883789062500056,0.0,15.724296239204705,2,2338,0
5,adaptive_t0_i100ms,33,16.5,0,True,True,True,False,14,1870,0,209,9.269874208257533e-05,26363.428055281318,0.0018786984401231166,40.0,0.38379020850770756,0,0,,,0.0,81,2,0.18266231740744376,1.0,0.939377714325022,0.7313157922939139,113,0.018966674804687535,0.0,7.983097664055094,10,1802,13
5,adaptive_t0_i100ms,33,16.5,0,True,True,True,False,14,1870,0,209,9.269874208257533e-05,26363.428055281318,0.0018786984401231166,40.0,0.38379020850770756,0,0,,,0.0,82,2,0.37732740889790917,1.0,0.9395018715763833,0.9259808837843793,18,0.0030212402343750555,0.0,48.41828125665779,18,1618,2
5,adaptive_t0_i100ms,33,16.5,0,True,True,True,False,14,1870,0,209,9.269874208257533e-05,26363.428055281318,0.0018786984401231166,40.0,0.38379020850770756,0,0,,,0.0,83,2,0.8759523004843729,1.0,0.9394989100178798,1.424605775370843,40,0.0067138671875000555,0.0,21.260919420121354,26,2362,7
5,adaptive_t0_i100ms,33,16.5,0,True,True,True,False,14,1870,0,209,9.269874208257533e-05,26363.428055281318,0.0018786984401231166,40.0,0.38379020850770756,0,0,,,0.0,112,3,0.0,1.0,0.9392349432040954,0.5486534748864701,168,0.028198242187500062,0.0,39.266336072440026,3,1955,0
5,adaptive_t0_i100ms,33,16.5,0,True,True,True,False,14,1870,0,209,9.269874208257533e-05,26363.428055281318,0.0018786984401231166,40.0,0.38379020850770756,0,0,,,0.0,113,3,0.4152205523692752,1.0,0.9394972916188156,0.9638740272557453,47,0.007888793945312542,0.0,24.072178136266302,11,2091,6
5,adaptive_t0_i100ms,33,16.5,0,True,True,True,False,14,1870,0,209,9.269874208257533e-05,26363.428055281318,0.0018786984401231166,40.0,0.38379020850770756,0,0,,,0.0,114,3,0.1952225923078534,1.0,0.9393771280937291,0.7438760671943235,72,0.012084960937500062,0.0,35.269967872929556,19,1651,2
5,adaptive_t0_i100ms,33,16.5,0,True,True,True,False,14,1870,0,209,9.269874208257533e-05,26363.428055281318,0.0018786984401231166,40.0,0.38379020850770756,0,0,,,0.0,115,3,0.41337556224055544,1.0,0.9395283193462259,0.9620290371270255,74,0.012420654296875014,0.0,55.94210728257531,27,1307,8
5,adaptive_t0_i100ms,33,16.5,0,True,True,True,False,14,1870,0,209,9.269874208257533e-05,26363.428055281318,0.0018786984401231166,40.0,0.38379020850770756,0,0,,,0.0,144,4,0.9208878400074955,1.0,0.939459901821827,1.652425806522789,129,0.02156829833984379,0.0,14.303179845228442,4,1636,8
5,adaptive_t0_i100ms,33,16.5,0,True,True,True,False,14,1870,0,209,9.269874208257533e-05,26363.428055281318,0.0018786984401231166,40.0,0.38379020850770756,0,0,,,0.0,145,4,0.774875073359676,1.0,0.939430398556132,1.5064130398749693,142,0.023834228515625028,0.0,1.5105342159404245,12,1868,9
5,adaptive_t0_i100ms,33,16.5,0,True,True,True,False,14,1870,0,209,9.269874208257533e-05,26363.428055281318,0.0018786984401231166,40.0,0.38379020850770756,0,0,,,0.0,146,4,0.20023417065706398,1.0,0.9393984046069163,0.9317721371723574,52,0.008728027343750062,0.0,76.72863831758877,20,1748,9
5,adaptive_t0_i100ms,33,16.5,0,True,True,True,False,14,1870,0,209,9.269874208257533e-05,26363.428055281318,0.0018786984401231166,40.0,0.38379020850770756,0,0,,,0.0,177,5,0.3157846898744932,1.0,0.9395053217114712,1.4130916396474333,32,0.005371093750000064,0.0,1.9791761616652366,13,1453,10
5,adaptive_t0_i100ms,33,16.5,0,True,True,True,False,14,1870,0,209,9.269874208257533e-05,26363.428055281318,0.0018786984401231166,40.0,0.38379020850770756,0,0,,,0.0,178,5,1.754329961489661,1.0,0.9395295642973258,2.8516369112626014,77,0.012924194335937556,0.0,15.392937717952009,21,1749,6
5,adaptive_t0_i100ms,33,16.5,0,True,True,True,True,14,1870,0,209,9.269874208257533e-05,26363.428055281318,0.0018786984401231166,40.0,0.38379020850770756,0,0,,,0.0,209,6,5.104112348896209,1.0,0.9395390798480526,6.2014192986691485,39,0.0065460205078125625,9.269874208257533e-05,9.228054990730016,14,1870,0
5,adaptive_t0_i100ms,33,16.5,0,True,True,True,False,14,1870,0,209,9.269874208257533e-05,26363.428055281318,0.0018786984401231166,40.0,0.38379020850770756,0,0,,,0.0,211,6,0.0,1.0,0.93949651422356,1.0973069497729402,58,0.009735107421875056,0.0,59.245284473778156,30,2174,0
5,adaptive_t0_i100ms,33,16.5,0,True,True,True,False,14,1870,0,209,9.269874208257533e-05,26363.428055281318,0.0018786984401231166,40.0,0.38379020850770756,0,0,,,0.0,240,7,3.5321335706715082,1.0,0.939521712325702,4.263671537186802,49,0.008224487304687542,0.0,11.999221372538159,7,1895,5
5,adaptive_t0_i100ms,33,16.5,0,True,True,True,False,14,1870,0,209,9.269874208257533e-05,26363.428055281318,0.0018786984401231166,40.0,0.38379020850770756,0,0,,,0.0,241,7,0.4502256499189898,1.0,0.9395190045465727,1.1817636164342833,95,0.015945434570312562,0.0,0.12760294159306795,15,1903,0
5,adaptive_t0_i100ms,33,16.5,0,True,True,True,False,14,1870,0,209,9.269874208257533e-05,26363.428055281318,0.0018786984401231166,40.0,0.38379020850770756,0,0,,,0.0,243,7,0.4580190404798351,1.0,0.9395364009749776,1.1895570069951287,205,0.03440856933593754,0.0,0.19004544647032162,31,1919,4
5,adaptive_t0_i100ms,34,17.0,0,True,True,True,False,16,1872,11,18,3.166358583257535e-05,26863.42652940241,0.0034045773463731166,40.0,0.39111442725770756,0,0,,,0.0,16,0,3.805462942293497,1.0,1.422879341740744,4.350083263832244,12,0.0020141601562500416,0.0,3.4542585808412696,0,2208,7
5,adaptive_t0_i100ms,34,17.0,0,True,True,True,True,16,1872,11,18,3.166358583257535e-05,26863.42652940241,0.0034045773463731166,40.0,0.39111442725770756,0,0,,,0.0,18,0,0.24171223949214735,1.0,1.42289521763778,0.7863325610308941,108,0.018127441406250056,3.166358583257535e-05,27.002345602671994,16,1872,11
5,adaptive_t0_i100ms,34,17.0,0,True,True,True,False,16,1872,11,18,3.166358583257535e-05,26863.42652940241,0.0034045773463731166,40.0,0.39111442725770756,0,0,,,0.0,19,0,0.25121875616678124,1.0,1.4228200614981374,0.795839077705528,21,0.0035247802734375416,0.0,65.46368230827647,24,1592,11
5,adaptive_t0_i100ms,34,17.0,0,True,True,True,False,16,1872,11,18,3.166358583257535e-05,26863.42652940241,0.0034045773463731166,40.0,0.39111442725770756,0,0,,,0.0,49,1,0.9834376727670209,1.0,1.4228945137446396,1.5280579943057675,21,0.0035247802734375555,0.0,29.7774336286966,9,1705,6
5,adaptive_t0_i100ms,34,17.0,0,True,True,True,False,16,1872,11,18,3.166358583257535e-05,26863.42652940241,0.0034045773463731166,40.0,0.39111442725770756,0,0,,,0.0,50,1,0.44590026325728205,1.0,1.422841010977605,0.9905205847960288,63,0.010574340820312528,0.0,41.32230435643578,17,2353,10
5,adaptive_t0_i100ms,34,17.0,0,True,True,True,False,16,1872,11,18,3.166358583257535e-05,26863.42652940241,0.0034045773463731166,40.0,0.39111442725770756,0,0,,,0.0,51,1,0.5111429023686915,1.0,1.4228825254744246,1.0557632239074382,59,0.009902954101562535,0.0,25.603998130289256,25,1529,2
5,adaptive_t0_i100ms,34,17.0,0,True,True,True,False,16,1872,11,18,3.166358583257535e-05,26863.42652940241,0.0034045773463731166,40.0,0.39111442725770756,0,0,,,0.0,81,2,0.48745458350725757,1.0,1.4228801867477172,2.1213155481234978,79,0.013259887695312535,0.0,1.1563052005039935,10,1834,10
5,adaptive_t0_i100ms,34,17.0,0,True,True,True,False,16,1872,11,18,3.166358583257535e-05,26863.42652940241,0.0034045773463731166,40.0,0.39111442725770756,0,0,,,0.0,112,3,0.26457691079545864,1.0,1.4228660040357641,0.6730421519495187,109,0.018295288085937562,0.0,30.063939840842067,3,1987,3
5,adaptive_t0_i100ms,34,17.0,0,True,True,True,False,16,1872,11,18,3.166358583257535e-05,26863.42652940241,0.0034045773463731166,40.0,0.39111442725770756,0,0,,,0.0,113,3,0.23360114607806223,1.0,1.4227287537071163,0.6420663872321223,2,0.00033569335937504163,0.0,86.3425766241453,11,2123,0
5,adaptive_t0_i100ms,34,17.0,0,True,True,True,False,16,1872,11,18,3.166358583257535e-05,26863.42652940241,0.0034045773463731166,40.0,0.39111442725770756,0,0,,,0.0,114,3,0.21786570780034903,1.0,1.4227486816306685,0.6263309489544091,132,0.022155761718750062,0.0,12.127288191182743,19,1651,8
5,adaptive_t0_i100ms,34,17.0,0,True,True,True,False,16,1872,11,18,3.166358583257535e-05,26863.42652940241,0.0034045773463731166,40.0,0.39111442725770756,0,0,,,0.0,115,3,0.46132139928193594,1.0,1.4227191997307034,0.869786640435996,292,0.049011230468750014,0.0,3.4264048301738512,27,1307,15
5,adaptive_t0_i100ms,34,17.0,0,True,True,True,False,16,1872,11,18,3.166358583257535e-05,26863.42652940241,0.0034045773463731166,40.0,0.39111442725770756,0,0,,,0.0,144,4,0.9922410318394781,1.0,1.4228694813161393,2.626101996455718,24,0.004028320312500045,0.0,12.04442766739885,4,1700,10
5,adaptive_t0_i100ms,34,17.0,0,True,True,True,False,16,1872,11,18,3.166358583257535e-05,26863.42652940241,0.0034045773463731166,40.0,0.39111442725770756,0,0,,,0.0,177,5,3.9079924310020657,1.0,1.4228621367698637,4.452612752540812,252,0.04229736328125006,0.0,2.6256136833580968,13,1517,11
5,adaptive_t0_i100ms,34,17.0,0,True,True,True,False,16,1872,11,18,3.166358583257535e-05,26863.42652940241,0.0034045773463731166,40.0,0.39111442725770756,0,0,,,0.0,178,5,0.23231556334682682,1.0,1.4226897036774744,0.7769358848855735,235,0.039443969726562556,0.0,0.6922782514739083,21,1781,3
5,adaptive_t0_i100ms,34,17.0,0,True,True,True,False,16,1872,11,18,3.166358583257535e-05,26863.42652940241,0.0034045773463731166,40.0,0.39111442725770756,0,0,,,0.0,179,5,7.001090926948426,1.0,1.422891846653465,7.545711248487173,232,0.03894042968750005,0.0,0.628757360354939,29,1277,14
5,adaptive_t0_i100ms,34,17.0,0,True,True,True,False,16,1872,11,18,3.166358583257535e-05,26863.42652940241,0.0034045773463731166,40.0,0.39111442725770756,0,0,,,0.0,208,6,0.17355945200084266,1.0,1.4227979565003956,0.5820246931549027,4,0.0006713867187500069,0.0,13.593590743017558,6,2438,11
5,adaptive_t0_i100ms,34,17.0,0,True,True,True,False,16,1872,11,18,3.166358583257535e-05,26863.42652940241,0.0034045773463731166,40.0,0.39111442725770756,0,0,,,0.0,209,6,1.1107511787201407,1.0,1.4227974168563473,1.5192164198742009,249,0.04179382324218756,0.0,14.124788243643707,14,1870,11
5,adaptive_t0_i100ms,34,17.0,0,True,True,True,False,16,1872,11,18,3.166358583257535e-05,26863.42652940241,0.0034045773463731166,40.0,0.39111442725770756,0,0,,,0.0,210,6,0.8988408837117932,1.0,1.4228320692165213,1.3073061248658533,73,0.012252807617187562,0.0,23.092870274576853,22,1878,4
5,adaptive_t0_i100ms,34,17.0,0,True,True,True,False,16,1872,11,18,3.166358583257535e-05,26863.42652940241,0.0034045773463731166,40.0,0.39111442725770756,0,0,,,0.0,211,6,0.2274349842849187,1.0,1.4227470886229772,0.6359002254389787,80,0.013427734375000056,0.0,40.82495036978071,30,2174,5
5,adaptive_t0_i100ms,34,17.0,0,True,True,True,False,16,1872,11,18,3.166358583257535e-05,26863.42652940241,0.0034045773463731166,40.0,0.39111442725770756,0,0,,,0.0,240,7,3.773837171522149,1.0,1.422880731339909,4.318457493060896,186,0.03121948242187504,0.0,5.853731602874177,7,1959,7
5,adaptive_t0_i100ms,34,17.0,0,True,True,True,False,16,1872,11,18,3.166358583257535e-05,26863.42652940241,0.0034045773463731166,40.0,0.39111442725770756,0,0,,,0.0,241,7,0.1962112335162618,1.0,1.4227076958330396,0.7408315550550085,57,0.009567260742187562,0.0,9.743206934326736,15,1903,9
5,adaptive_t0_i100ms,34,17.0,0,True,True,True,False,16,1872,11,18,3.166358583257535e-05,26863.42652940241,0.0034045773463731166,40.0,0.39111442725770756,0,0,,,0.0,243,7,0.5111429023686916,1.0,1.4228385351870958,1.0557632239074384,40,0.006713867187500042,0.0,28.28563651004515,31,1919,13
5,adaptive_t0_i100ms,35,17.5,0,True,True,True,False,26,2458,2,83,1.2706084526143975e-05,27363.42605546488,0.003878514879033901,40.0,0.12908680276421364,0,0,,,0.0,50,1,1.862198559918638,1.0,0.17516538632477704,8.893502595519568,92,0.015441894531250028,0.0,1.7145820667137741,17,2385,10
5,adaptive_t0_i100ms,35,17.5,0,True,True,True,False,26,2458,2,83,1.2706084526143975e-05,27363.42605546488,0.003878514879033901,40.0,0.12908680276421364,0,0,,,0.0,80,2,0.19510991664391308,1.0,0.1751227949386572,2.5388779285108902,43,0.0072174072265625625,0.0,4.289523504779936,2,2434,12
5,adaptive_t0_i100ms,35,17.5,0,True,True,True,False,26,2458,2,83,1.2706084526143975e-05,27363.42605546488,0.003878514879033901,40.0,0.12908680276421364,0,0,,,0.0,81,2,0.9766431048078013,1.0,0.1751697205106126,3.3204111166747783,79,0.013259887695312535,0.0,12.748159092541755,10,1898,6
5,adaptive_t0_i100ms,35,17.5,0,True,True,True,True,26,2458,2,83,1.2706084526143975e-05,27363.42605546488,0.003878514879033901,40.0,0.12908680276421364,0,0,,,0.0,83,2,3.6739343712193175,1.0,0.17517530179057889,6.017702383086295,258,0.04330444335937506,1.2706084526143975e-05,1.7781322377122706,26,2458,2
5,adaptive_t0_i100ms,35,17.5,0,True,True,True,False,26,2458,2,83,1.2706084526143975e-05,27363.42605546488,0.003878514879033901,40.0,0.12908680276421364,0,0,,,0.0,208,6,1.847013794246696,1.0,0.17517152190892327,5.362665812047162,131,0.021987915039062507,0.0,2.1816604359155463,6,2502,4
5,adaptive_t0_i100ms,35,17.5,0,True,True,True,False,26,2458,2,83,1.2706084526143975e-05,27363.42605546488,0.003878514879033901,40.0,0.12908680276421364,0,0,,,0.0,209,6,0.19307752167887235,1.0,0.17515839745078937,3.7087295394793376,15,0.0025177001953125625,0.0,3.654916968927864,14,1902,7
5,adaptive_t0_i100ms,35,17.5,0,True,True,True,False,26,2458,2,83,1.2706084526143975e-05,27363.42605546488,0.003878514879033901,40.0,0.12908680276421364,0,0,,,0.0,241,7,3.1268065890810397,1.0,0.1751677036350809,10.15811062468197,151,0.025344848632812562,0.0,1.4899890491578844,15,1967,1
5,adaptive_t0_i100ms,36,18.0,0,True,True,True,False,6,2566,5,208,7.089213671861216e-05,27863.427510116184,0.002423863574222196,40.0,0.5571540220195311,0,0,,,0.0,16,0,0.5023904005058725,1.0,0.342194980399932,0.7549328505608254,285,0.04783630371093754,0.0,5.62991153432813,0,2336,11
5,adaptive_t0_i100ms,36,18.0,0,True,True,True,False,6,2566,5,208,7.089213671861216e-05,27863.427510116184,0.002423863574222196,40.0,0.5571540220195311,0,0,,,0.0,17,0,1.018595574395503,1.0,0.3422640776116503,1.271138024450456,52,0.008728027343750049,0.0,3.0917305040602514,8,1896,0
5,adaptive_t0_i100ms,36,18.0,0,True,True,True,False,6,2566,5,208,7.089213671861216e-05,27863.427510116184,0.002423863574222196,40.0,0.5571540220195311,0,0,,,0.0,18,0,0.20832512699333378,1.0,0.34227238109036817,0.4608675770482867,82,0.013763427734375056,0.0,7.487117344902799,16,1904,10
5,adaptive_t0_i100ms,36,18.0,0,True,True,True,False,6,2566,5,208,7.089213671861216e-05,27863.427510116184,0.002423863574222196,40.0,0.5571540220195311,0,0,,,0.0,19,0,7.550015632525961,1.0,0.34229104277711214,7.802558082580914,92,0.015441894531250042,0.0,5.054136996972375,24,1688,14
5,adaptive_t0_i100ms,36,18.0,0,True,True,True,False,6,2566,5,208,7.089213671861216e-05,27863.427510116184,0.002423863574222196,40.0,0.5571540220195311,0,0,,,0.0,48,1,3.452384619123911,1.0,0.34227666589429734,3.704927069178864,151,0.02534484863281257,0.0,4.371326939184655,1,1921,9
5,adaptive_t0_i100ms,36,18.0,0,True,True,True,False,6,2566,5,208,7.089213671861216e-05,27863.427510116184,0.002423863574222196,40.0,0.5571540220195311,0,0,,,0.0,49,1,0.5222775041450803,1.0,0.34214376444214156,0.7748199542000332,231,0.038772583007812556,0.0,26.651866001579037,9,1801,9
5,adaptive_t0_i100ms,36,18.0,0,True,True,True,False,6,2566,5,208,7.089213671861216e-05,27863.427510116184,0.002423863574222196,40.0,0.5571540220195311,0,0,,,0.0,50,1,0.4114106212165754,1.0,0.34211593675938773,0.6639530712715283,60,0.010070800781250031,0.0,10.648919590879814,17,2481,13
5,adaptive_t0_i100ms,36,18.0,0,True,True,True,False,6,2566,5,208,7.089213671861216e-05,27863.427510116184,0.002423863574222196,40.0,0.5571540220195311,0,0,,,0.0,51,1,0.4652361265134767,1.0,0.34218708691243044,0.7177785765684296,3,0.0005035400390625347,0.0,81.1261368991727,25,1561,6
5,adaptive_t0_i100ms,36,18.0,0,True,True,True,False,6,2566,5,208,7.089213671861216e-05,27863.427510116184,0.002423863574222196,40.0,0.5571540220195311,0,0,,,0.0,80,2,0.963776468480833,1.0,0.3422282550716553,1.4688613685907388,159,0.026687622070312562,0.0,17.9683888286163,2,2466,7
5,adaptive_t0_i100ms,36,18.0,0,True,True,True,False,6,2566,5,208,7.089213671861216e-05,27863.427510116184,0.002423863574222196,40.0,0.5571540220195311,0,0,,,0.0,81,2,3.950425516563573,1.0,0.34227483386316615,4.455510416673478,8,0.0013427734375000347,0.0,8.29938558111462,10,1962,1
5,adaptive_t0_i100ms,36,18.0,0,True,True,True,False,6,2566,5,208,7.089213671861216e-05,27863.427510116184,0.002423863574222196,40.0,0.5571540220195311,0,0,,,0.0,112,3,0.26454785105387996,1.0,0.3421397334060172,0.5170903011088328,7,0.0011749267578125625,0.0,99.85918781696819,3,1987,13
5,adaptive_t0_i100ms,36,18.0,0,True,True,True,False,6,2566,5,208,7.089213671861216e-05,27863.427510116184,0.002423863574222196,40.0,0.5571540220195311,0,0,,,0.0,113,3,0.23357548855217647,1.0,0.34222414907435866,0.4861179386071294,296,0.04968261718750004,0.0,10.27785549316468,11,2123,8
5,adaptive_t0_i100ms,36,18.0,0,True,True,True,False,6,2566,5,208,7.089213671861216e-05,27863.427510116184,0.002423863574222196,40.0,0.5571540220195311,0,0,,,0.0,114,3,0.48139015868408347,1.0,0.34225849523873847,0.7339326087390363,235,0.03944396972656256,0.0,13.94080301361464,19,1715,4
5,adaptive_t0_i100ms,36,18.0,0,True,True,True,False,6,2566,5,208,7.089213671861216e-05,27863.427510116184,0.002423863574222196,40.0,0.5571540220195311,0,0,,,0.0,115,3,0.22030326759597343,1.0,0.3421860767822745,0.4728457176509263,69,0.011581420898437514,0.0,44.468751545235136,27,1339,11
5,adaptive_t0_i100ms,36,18.0,0,True,True,True,False,6,2566,5,208,7.089213671861216e-05,27863.427510116184,0.002423863574222196,40.0,0.5571540220195311,0,0,,,0.0,145,4,0.40542940184248755,1.0,0.34213071404845163,0.7421526685824247,62,0.010406494140625028,0.0,24.91056436593135,12,2028,4
5,adaptive_t0_i100ms,36,18.0,0,True,True,True,False,6,2566,5,208,7.089213671861216e-05,27863.427510116184,0.002423863574222196,40.0,0.5571540220195311,0,0,,,0.0,146,4,0.455318849767506,1.0,0.34211402615602177,0.7920421165074432,122,0.020477294921875062,0.0,50.00090848169202,20,1812,6
5,adaptive_t0_i100ms,36,18.0,0,True,True,True,False,6,2566,5,208,7.089213671861216e-05,27863.427510116184,0.002423863574222196,40.0,0.5571540220195311,0,0,,,0.0,147,4,0.9602606953861059,1.0,0.34221581343369345,1.296983962126043,146,0.02450561523437504,0.0,13.095158115942468,28,2396,3
5,adaptive_t0_i100ms,36,18.0,0,True,True,True,False,6,2566,5,208,7.089213671861216e-05,27863.427510116184,0.002423863574222196,40.0,0.5571540220195311,0,0,,,0.0,176,5,0.23753369075990433,1.0,0.3421900076935196,0.49007614081485723,77,0.012924194335937576,0.0,50.512063910977304,5,1925,13
5,adaptive_t0_i100ms,36,18.0,0,True,True,True,False,6,2566,5,208,7.089213671861216e-05,27863.427510116184,0.002423863574222196,40.0,0.5571540220195311,0,0,,,0.0,177,5,0.22712708549398755,1.0,0.34196921356050536,0.47966953554894043,235,0.03944396972656256,0.0,29.409845208996558,13,1581,7
5,adaptive_t0_i100ms,36,18.0,0,True,True,True,False,6,2566,5,208,7.089213671861216e-05,27863.427510116184,0.002423863574222196,40.0,0.5571540220195311,0,0,,,0.0,178,5,0.2322900470226122,1.0,0.3420952696167761,0.4848324970775651,83,0.013931274414062556,0.0,66.82314517856503,21,1781,12
5,adaptive_t0_i100ms,36,18.0,0,True,True,True,False,6,2566,5,208,7.089213671861216e-05,27863.427510116184,0.002423863574222196,40.0,0.5571540220195311,0,0,,,0.0,179,5,0.4087143579135522,1.0,0.3421399968186336,0.6612568079685051,78,0.013092041015625049,0.0,5.943456212171441,29,1405,1
5,adaptive_t0_i100ms,36,18.0,0,True,True,True,True,6,2566,5,208,7.089213671861216e-05,27863.427510116184,0.002423863574222196,40.0,0.5571540220195311,0,0,,,0.0,208,6,0.9379898071167976,1.0,0.34229339243620677,1.1905322571717505,13,0.002182006835937507,7.089213671861216e-05,42.57065457494173,6,2566,5
5,adaptive_t0_i100ms,36,18.0,0,True,True,True,False,6,2566,5,208,7.089213671861216e-05,27863.427510116184,0.002423863574222196,40.0,0.5571540220195311,0,0,,,0.0,209,6,0.19214453460550202,1.0,0.3421317059410748,0.4446869846604549,146,0.024505615234375062,0.0,44.812788242928946,14,1934,0
5,adaptive_t0_i100ms,36,18.0,0,True,True,True,False,6,2566,5,208,7.089213671861216e-05,27863.427510116184,0.002423863574222196,40.0,0.5571540220195311,0,0,,,0.0,210,6,0.9839031985799349,1.0,0.34220966622712945,1.2364456486348878,64,0.010742187500000062,0.0,22.34607950231657,22,1974,2
5,adaptive_t0_i100ms,36,18.0,0,True,True,True,False,6,2566,5,208,7.089213671861216e-05,27863.427510116184,0.002423863574222196,40.0,0.5571540220195311,0,0,,,0.0,211,6,0.22741000401793549,1.0,0.34212972168716727,0.4799524540728884,16,0.0026855468750000555,0.0,107.00091729737323,30,2174,14
5,adaptive_t0_i100ms,36,18.0,0,True,True,True,False,6,2566,5,208,7.089213671861216e-05,27863.427510116184,0.002423863574222196,40.0,0.5571540220195311,0,0,,,0.0,240,7,0.536447182566711,1.0,0.3422588780192925,0.7889896326216639,74,0.012420654296875049,0.0,12.482536900355626,7,2055,9
5,adaptive_t0_i100ms,36,18.0,0,True,True,True,False,6,2566,5,208,7.089213671861216e-05,27863.427510116184,0.002423863574222196,40.0,0.5571540220195311,0,0,,,0.0,241,7,0.2405970168020884,1.0,0.3421167115791084,0.4931394668570413,148,0.024841308593750062,0.0,25.13537271570749,15,1967,6
5,adaptive_t0_i100ms,36,18.0,0,True,True,True,False,6,2566,5,208,7.089213671861216e-05,27863.427510116184,0.002423863574222196,40.0,0.5571540220195311,0,0,,,0.0,242,7,3.7420475369022093,1.0,0.34227385302410435,3.994589986957162,203,0.034072875976562556,0.0,3.678263218520442,23,2103,12
5,adaptive_t0_i100ms,36,18.0,0,True,True,True,False,6,2566,5,208,7.089213671861216e-05,27863.427510116184,0.002423863574222196,40.0,0.5571540220195311,0,0,,,0.0,243,7,1.8867738331139405,1.0,0.3422209650857309,2.1393162831688937,122,0.020477294921875045,0.0,1.473510045092553,31,2015,9
5,adaptive_t0_i100ms,37,18.5,0,True,True,True,False,28,2428,9,147,6.286776435445063e-05,28363.427309506875,0.0026244728833262343,40.0,0.503770753506542,0,0,,,0.0,16,0,0.8323059213157249,1.0,0.1547474476386875,1.244769799941503,12,0.002014160156250045,0.0,17.425093478545023,0,2368,8
5,adaptive_t0_i100ms,37,18.5,0,True,True,True,False,28,2428,9,147,6.286776435445063e-05,28363.427309506875,0.0026244728833262343,40.0,0.503770753506542,0,0,,,0.0,17,0,0.19102269293462093,1.0,0.15462549764019787,0.6034865715603992,42,0.007049560546875049,0.0,30.97647313343623,8,1928,3
5,adaptive_t0_i100ms,37,18.5,0,True,True,True,False,28,2428,9,147,6.286776435445063e-05,28363.427309506875,0.0026244728833262343,40.0,0.503770753506542,0,0,,,0.0,18,0,1.7438557386365805,1.0,0.1548187908131195,2.156319617262359,117,0.019638061523437556,0.0,8.366376608530118,16,1936,12
5,adaptive_t0_i100ms,37,18.5,0,True,True,True,False,28,2428,9,147,6.286776435445063e-05,28363.427309506875,0.0026244728833262343,40.0,0.503770753506542,0,0,,,0.0,19,0,0.22670694184517998,1.0,0.15484779250874456,0.6391708204709583,105,0.01762390136718754,0.0,59.42172748093799,24,1720,4
5,adaptive_t0_i100ms,37,18.5,0,True,True,True,False,28,2428,9,147,6.286776435445063e-05,28363.427309506875,0.0026244728833262343,40.0,0.503770753506542,0,0,,,0.0,48,1,0.2217176741160221,1.0,0.15484441313955843,0.7716695122837265,56,0.00939941406250007,0.0,21.387893054023152,1,1953,8
5,adaptive_t0_i100ms,37,18.5,0,True,True,True,False,28,2428,9,147,6.286776435445063e-05,28363.427309506875,0.0026244728833262343,40.0,0.503770753506542,0,0,,,0.0,49,1,0.0,1.0,0.15464923678887646,0.5499518381677043,147,0.024589538574218806,0.0,49.956669616545696,9,1833,0
5,adaptive_t0_i100ms,37,18.5,0,True,True,True,False,28,2428,9,147,6.286776435445063e-05,28363.427309506875,0.0026244728833262343,40.0,0.503770753506542,0,0,,,0.0,50,1,0.8935202339052607,1.0,0.15478159126123545,1.443472072072965,225,0.03776550292968753,0.0,9.478772360627772,17,2545,10
5,adaptive_t0_i100ms,37,18.5,0,True,True,True,False,28,2428,9,147,6.286776435445063e-05,28363.427309506875,0.0026244728833262343,40.0,0.503770753506542,0,0,,,0.0,80,2,0.40904795851598436,1.0,0.1547335445512324,0.9589997966836887,31,0.0052032470703125625,0.0,18.644427208906563,2,2498,7
5,adaptive_t0_i100ms,37,18.5,0,True,True,True,False,28,2428,9,147,6.286776435445063e-05,28363.427309506875,0.0026244728833262343,40.0,0.503770753506542,0,0,,,0.0,81,2,3.2091100208695247,1.0,0.15485213427674843,3.759061859037229,53,0.008895874023437542,0.0,9.772342721207679,10,2058,2
5,adaptive_t0_i100ms,37,18.5,0,True,True,True,False,28,2428,9,147,6.286776435445063e-05,28363.427309506875,0.0026244728833262343,40.0,0.503770753506542,0,0,,,0.0,83,2,0.8005135745248293,1.0,0.15486140409550628,1.3504654126925337,106,0.017791748046875062,0.0,6.033532675730385,26,2618,9
5,adaptive_t0_i100ms,37,18.5,0,True,True,True,False,28,2428,9,147,6.286776435445063e-05,28363.427309506875,0.0026244728833262343,40.0,0.503770753506542,0,0,,,0.0,112,3,1.8538286230551033,1.0,0.15487045284770537,2.4037804612228078,312,0.05236816406250006,0.0,1.0440054542341386,3,2051,1
5,adaptive_t0_i100ms,37,18.5,0,True,True,True,False,28,2428,9,147,6.286776435445063e-05,28363.427309506875,0.0026244728833262343,40.0,0.503770753506542,0,0,,,0.0,114,3,0.4389579161375761,1.0,0.1548521291379309,0.9889097543052805,226,0.03793334960937506,0.0,12.436398292287777,19,1715,12
5,adaptive_t0_i100ms,37,18.5,0,True,True,True,False,28,2428,9,147,6.286776435445063e-05,28363.427309506875,0.0026244728833262343,40.0,0.503770753506542,0,0,,,0.0,115,3,0.8383371236440996,1.0,0.15483520910391038,1.388288961811804,15,0.0025177001953125173,0.0,14.648130929726904,27,1371,3
5,adaptive_t0_i100ms,37,18.5,0,True,True,True,False,28,2428,9,147,6.286776435445063e-05,28363.427309506875,0.0026244728833262343,40.0,0.503770753506542,0,0,,,0.0,144,4,0.43418004553296746,1.0,0.1548548090491827,0.9841318837006718,291,0.04884338378906254,0.0,4.7840605296660215,4,1860,4
5,adaptive_t0_i100ms,37,18.5,0,True,True,True,False,28,2428,9,147,6.286776435445063e-05,28363.427309506875,0.0026244728833262343,40.0,0.503770753506542,0,0,,,0.0,145,4,0.3696927370932699,1.0,0.15485700799218471,0.9196445752609742,5,0.0008392333984375278,0.0,30.338093944548746,12,2060,0
5,adaptive_t0_i100ms,37,18.5,0,True,True,True,True,28,2428,9,147,6.286776435445063e-05,28363.427309506875,0.0026244728833262343,40.0,0.503770753506542,0,0,,,0.0,147,4,1.3888315713105914,1.0,0.15487863255560066,1.9387834094782956,257,0.04305267333984379,6.286776435445063e-05,6.3647968357254285,28,2428,9
5,adaptive_t0_i100ms,37,18.5,0,True,True,True,False,28,2428,9,147,6.286776435445063e-05,28363.427309506875,0.0026244728833262343,40.0,0.503770753506542,0,0,,,0.0,176,5,1.4488555885505423,1.0,0.15486792352626425,1.9988074267182467,122,0.020477294921875076,0.0,17.64134816546357,5,1989,5
5,adaptive_t0_i100ms,37,18.5,0,True,True,True,False,28,2428,9,147,6.286776435445063e-05,28363.427309506875,0.0026244728833262343,40.0,0.503770753506542,0,0,,,0.0,178,5,6.5639265660782495,1.0,0.15487224500168117,7.113878404245954,103,0.017288208007812556,0.0,2.0935088717415056,21,1813,11
5,adaptive_t0_i100ms,37,18.5,0,True,True,True,False,28,2428,9,147,6.286776435445063e-05,28363.427309506875,0.0026244728833262343,40.0,0.503770753506542,0,0,,,0.0,179,5,0.18627367474669979,1.0,0.15474195404392832,0.7362255129144041,77,0.012924194335937549,0.0,5.266256605282251,29,1405,11
5,adaptive_t0_i100ms,37,18.5,0,True,True,True,False,28,2428,9,147,6.286776435445063e-05,28363.427309506875,0.0026244728833262343,40.0,0.503770753506542,0,0,,,0.0,209,6,0.2207145702499957,1.0,0.15482074776626176,0.7706664084177,128,0.021484375000000062,0.0,24.482871001320746,14,1966,4
5,adaptive_t0_i100ms,37,18.5,0,True,True,True,False,28,2428,9,147,6.286776435445063e-05,28363.427309506875,0.0026244728833262343,40.0,0.503770753506542,0,0,,,0.0,210,6,0.35987018719592334,1.0,0.15483086035261534,0.9098220253636277,13,0.002182006835937564,0.0,8.31619828564726,22,2038,10
5,adaptive_t0_i100ms,37,18.5,0,True,True,True,False,28,2428,9,147,6.286776435445063e-05,28363.427309506875,0.0026244728833262343,40.0,0.503770753506542,0,0,,,0.0,211,6,0.2130975790605929,1.0,0.1546823341286317,0.7630494172282972,73,0.012252807617187562,0.0,37.47864316920459,30,2206,3
5,adaptive_t0_i100ms,37,18.5,0,True,True,True,False,28,2428,9,147,6.286776435445063e-05,28363.427309506875,0.0026244728833262343,40.0,0.503770753506542,0,0,,,0.0,240,7,3.321930295040719,1.0,0.15487301994511937,3.8718821332084232,166,0.02786254882812505,0.0,3.952910849286127,7,2151,8
5,adaptive_t0_i100ms,37,18.5,0,True,True,True,False,28,2428,9,147,6.286776435445063e-05,28363.427309506875,0.0026244728833262343,40.0,0.503770753506542,0,0,,,0.0,242,7,0.2175217502521623,1.0,0.15481209388746991,0.7674735884198667,171,0.028701782226562562,0.0,29.24288379000427,23,2199,3
5,adaptive_t0_i100ms,37,18.5,0,True,True,True,False,28,2428,9,147,6.286776435445063e-05,28363.427309506875,0.0026244728833262343,40.0,0.503770753506542,0,0,,,0.0,243,7,0.4173368993628765,1.0,0.15476861603756292,0.9672887375305808,149,0.025009155273437545,0.0,2.194563578657835,31,2111,10
5,adaptive_t0_i100ms,38,19.0,0,True,True,True,False,16,2000,13,18,8.575594794820063e-05,28863.427881711465,0.0020522682934824843,40.0,0.5403842178620107,0,0,,,0.0,17,0,0.19994514105433878,1.0,0.6383837223481459,0.9286573207664425,52,0.008728027343750049,0.0,18.084458833829558,8,1928,10
5,adaptive_t0_i100ms,38,19.0,0,True,True,True,True,16,2000,13,18,8.575594794820063e-05,28863.427881711465,0.0020522682934824843,40.0,0.5403842178620107,0,0,,,0.0,18,0,0.9225352035691832,1.0,0.6385613477874255,1.6512473832812868,176,0.029541015625000056,8.575594794820063e-05,4.692585109798529,16,2000,13
5,adaptive_t0_i100ms,38,19.0,0,True,True,True,False,16,2000,13,18,8.575594794820063e-05,28863.427881711465,0.0020522682934824843,40.0,0.5403842178620107,0,0,,,0.0,48,1,0.23207384915540233,1.0,0.6385459256313858,0.7178819689634715,128,0.02148437500000007,0.0,9.537836004175915,1,1985,0
5,adaptive_t0_i100ms,38,19.0,0,True,True,True,False,16,2000,13,18,8.575594794820063e-05,28863.427881711465,0.0020522682934824843,40.0,0.5403842178620107,0,0,,,0.0,49,1,0.23250920555332083,1.0,0.6384095700315533,0.7183173253613899,79,0.013259887695312556,0.0,61.114957102636254,9,1865,2
5,adaptive_t0_i100ms,38,19.0,0,True,True,True,False,16,2000,13,18,8.575594794820063e-05,28863.427881711465,0.0020522682934824843,40.0,0.5403842178620107,0,0,,,0.0,51,1,0.22178603701586388,1.0,0.6385201064572295,0.707594156823933,114,0.019134521484375035,0.0,47.8204604852981,25,1625,3
5,adaptive_t0_i100ms,38,19.0,0,True,True,True,False,16,2000,13,18,8.575594794820063e-05,28863.427881711465,0.0020522682934824843,40.0,0.5403842178620107,0,0,,,0.0,80,2,0.9018505577492464,1.0,0.6384907456595701,1.2662066476052982,77,0.012924194335937562,0.0,18.82353529973625,2,2530,6
5,adaptive_t0_i100ms,38,19.0,0,True,True,True,False,16,2000,13,18,8.575594794820063e-05,28863.427881711465,0.0020522682934824843,40.0,0.5403842178620107,0,0,,,0.0,81,2,0.2384871831031966,1.0,0.6384495746989081,0.6028432729592484,227,0.03810119628906254,0.0,23.03879025421702,10,2090,4
5,adaptive_t0_i100ms,38,19.0,0,True,True,True,False,16,2000,13,18,8.575594794820063e-05,28863.427881711465,0.0020522682934824843,40.0,0.5403842178620107,0,0,,,0.0,82,2,0.25093099700833316,1.0,0.6384614579769836,0.6152870868643849,49,0.008224487304687556,0.0,84.88478476033924,18,1810,8
5,adaptive_t0_i100ms,38,19.0,0,True,True,True,False,16,2000,13,18,8.575594794820063e-05,28863.427881711465,0.0020522682934824843,40.0,0.5403842178620107,0,0,,,0.0,83,2,0.44685062705585865,1.0,0.6385104455049867,0.8112067169119105,39,0.006546020507812569,0.0,45.527403707466874,26,2650,5
5,adaptive_t0_i100ms,38,19.0,0,True,True,True,False,16,2000,13,18,8.575594794820063e-05,28863.427881711465,0.0020522682934824843,40.0,0.5403842178620107,0,0,,,0.0,112,3,3.28913308248316,1.0,0.6385228924206307,3.6534891723392118,113,0.018966674804687562,0.0,4.123685324422695,3,2083,10
5,adaptive_t0_i100ms,38,19.0,0,True,True,True,False,16,2000,13,18,8.575594794820063e-05,28863.427881711465,0.0020522682934824843,40.0,0.5403842178620107,0,0,,,0.0,113,3,0.22293529708936055,1.0,0.6384125848468588,0.5872913869454124,300,0.05035400390625004,0.0,7.470673951454955,11,2123,15
5,adaptive_t0_i100ms,38,19.0,0,True,True,True,False,16,2000,13,18,8.575594794820063e-05,28863.427881711465,0.0020522682934824843,40.0,0.5403842178620107,0,0,,,0.0,114,3,0.8522432258492469,1.0,0.6384270704815557,1.2165993157052988,41,0.006881713867187566,0.0,12.519215475778765,19,1747,8
5,adaptive_t0_i100ms,38,19.0,0,True,True,True,False,16,2000,13,18,8.575594794820063e-05,28863.427881711465,0.0020522682934824843,40.0,0.5403842178620107,0,0,,,0.0,115,3,3.4184358211594046,1.0,0.638539567985107,3.7827919110154564,196,0.032897949218750014,0.0,4.848014547944331,27,1435,7
5,adaptive_t0_i100ms,38,19.0,0,True,True,True,False,16,2000,13,18,8.575594794820063e-05,28863.427881711465,0.0020522682934824843,40.0,0.5403842178620107,0,0,,,0.0,144,4,0.4544600911724168,1.0,0.6384185192072522,0.8188161810284686,76,0.012756347656250042,0.0,50.889497457366815,4,1860,10
5,adaptive_t0_i100ms,38,19.0,0,True,True,True,False,16,2000,13,18,8.575594794820063e-05,28863.427881711465,0.0020522682934824843,40.0,0.5403842178620107,0,0,,,0.0,145,4,0.44131383799695095,1.0,0.638415347002496,0.8056699278530028,192,0.032226562500000035,0.0,27.556562643541838,12,2124,4
5,adaptive_t0_i100ms,38,19.0,0,True,True,True,False,16,2000,13,18,8.575594794820063e-05,28863.427881711465,0.0020522682934824843,40.0,0.5403842178620107,0,0,,,0.0,146,4,2.3205826105522007,1.0,0.6384998700389276,2.6849387004082526,64,0.010742187500000062,0.0,1.0964834205260559,20,1908,7
5,adaptive_t0_i100ms,38,19.0,0,True,True,True,False,16,2000,13,18,8.575594794820063e-05,28863.427881711465,0.0020522682934824843,40.0,0.5403842178620107,0,0,,,0.0,147,4,1.8114014429613408,1.0,0.638516584877893,2.175757532817393,131,0.02198791503906255,0.0,2.832588889170438,28,2492,14
5,adaptive_t0_i100ms,38,19.0,0,True,True,True,False,16,2000,13,18,8.575594794820063e-05,28863.427881711465,0.0020522682934824843,40.0,0.5403842178620107,0,0,,,0.0,176,5,3.5507966294361264,1.0,0.6385463421834836,3.9151527192921782,19,0.0031890869140625763,0.0,12.894878511746356,5,2085,0
5,adaptive_t0_i100ms,38,19.0,0,True,True,True,False,16,2000,13,18,8.575594794820063e-05,28863.427881711465,0.0020522682934824843,40.0,0.5403842178620107,0,0,,,0.0,177,5,0.21678064164824326,1.0,0.6384454827918632,0.5811367315042951,240,0.04028320312500006,0.0,22.35205719091755,13,1581,14
5,adaptive_t0_i100ms,38,19.0,0,True,True,True,False,16,2000,13,18,8.575594794820063e-05,28863.427881711465,0.0020522682934824843,40.0,0.5403842178620107,0,0,,,0.0,178,5,0.5118828702923441,1.0,0.6383905139001327,0.876238960148396,70,0.011749267578125056,0.0,49.26917316532126,21,1845,7
5,adaptive_t0_i100ms,38,19.0,0,True,True,True,False,16,2000,13,18,8.575594794820063e-05,28863.427881711465,0.0020522682934824843,40.0,0.5403842178620107,0,0,,,0.0,179,5,3.319640496610358,1.0,0.6385536501319912,3.6839965864664097,169,0.02836608886718755,0.0,3.586379782474978,29,1437,15
5,adaptive_t0_i100ms,38,19.0,0,True,True,True,False,16,2000,13,18,8.575594794820063e-05,28863.427881711465,0.0020522682934824843,40.0,0.5403842178620107,0,0,,,0.0,208,6,0.9202280136871753,1.0,0.6385576959462606,1.4060361334952445,194,0.03256225585937501,0.0,6.328888327563618,6,2662,6
5,adaptive_t0_i100ms,38,19.0,0,True,True,True,False,16,2000,13,18,8.575594794820063e-05,28863.427881711465,0.0020522682934824843,40.0,0.5403842178620107,0,0,,,0.0,210,6,0.9785014815306168,1.0,0.6385409299752586,1.4643096013386858,122,0.020477294921875066,0.0,3.6958031226022285,22,2102,12
5,adaptive_t0_i100ms,38,19.0,0,True,True,True,False,16,2000,13,18,8.575594794820063e-05,28863.427881711465,0.0020522682934824843,40.0,0.5403842178620107,0,0,,,0.0,211,6,0.2230511194719217,1.0,0.6385021825463746,0.7088592392799908,149,0.025009155273437562,0.0,35.83281776104195,30,2206,7
5,adaptive_t0_i100ms,38,19.0,0,True,True,True,False,16,2000,13,18,8.575594794820063e-05,28863.427881711465,0.0020522682934824843,40.0,0.5403842178620107,0,0,,,0.0,240,7,0.9424915946634779,1.0,0.6385237116834221,1.428299714471547,1,0.0001678466796875555,0.0,29.63521930803836,7,2247,9
5,adaptive_t0_i100ms,38,19.0,0,True,True,True,False,16,2000,13,18,8.575594794820063e-05,28863.427881711465,0.0020522682934824843,40.0,0.5403842178620107,0,0,,,0.0,242,7,0.22768193856130417,1.0,0.6383985835655538,0.7134900583693733,175,0.029373168945312562,0.0,28.326688214579917,23,2199,7
5,adaptive_t0_i100ms,38,19.0,0,True,True,True,False,16,2000,13,18,8.575594794820063e-05,28863.427881711465,0.0020522682934824843,40.0,0.5403842178620107,0,0,,,0.0,243,7,0.9920761281759496,1.0,0.63854445049573,1.4778842479840186,26,0.00436401367187505,0.0,6.857434680983715,31,2207,2
5,adaptive_t0_i100ms,39,19.5,0,True,True,True,False,17,2641,0,50,0.0001267997371905949,29363.428907806196,0.0010261735624226276,40.0,0.1159410087215656,0,0,,,0.0,17,0,2.1143876379518125,1.0,0.09996084312894554,6.2738587038965274,15,0.0025177001953125486,0.0,6.834091074877506,8,1960,2
5,adaptive_t0_i100ms,39,19.5,0,True,True,True,True,17,2641,0,50,0.0001267997371905949,29363.428907806196,0.0010261735624226276,40.0,0.1159410087215656,0,0,,,0.0,50,1,0.7287067105957031,1.0,0.09996399450405158,2.8084422435680607,22,0.0036926269531250278,0.0001267997371905949,15.22409579125815,17,2641,0
5,adaptive_t0_i100ms,39,19.5,0,True,True,True,False,17,2641,0,50,0.0001267997371905949,29363.428907806196,0.0010261735624226276,40.0,0.1159410087215656,0,0,,,0.0,51,1,0.3851532569091796,1.0,0.09992346267573719,2.4648887898815373,263,0.044143676757812535,0.0,4.0266366635478335,25,1625,7
5,adaptive_t0_i100ms,39,19.5,0,True,True,True,False,17,2641,0,50,0.0001267997371905949,29363.428907806196,0.0010261735624226276,40.0,0.1159410087215656,0,0,,,0.0,81,2,0.41415643896789556,1.0,0.09996190659569955,4.573627504912611,55,0.009231567382812542,0.0,22.03499467781876,10,2090,8
5,adaptive_t0_i100ms,39,19.5,0,True,True,True,False,17,2641,0,50,0.0001267997371905949,29363.428907806196,0.0010261735624226276,40.0,0.1159410087215656,0,0,,,0.0,115,3,0.7435317097320556,1.0,0.09994525799672077,4.903002775676771,26,0.004364013671875017,0.0,8.387995010409213,27,1499,9
5,adaptive_t0_i100ms,39,19.5,0,True,True,True,False,17,2641,0,50,0.0001267997371905949,29363.428907806196,0.0010261735624226276,40.0,0.1159410087215656,0,0,,,0.0,147,4,0.0,1.0,0.09996327443368669,4.159471065944715,122,0.020477294921875052,0.0,1.322302458636841,28,2588,2
5,adaptive_t0_i100ms,39,19.5,0,True,True,True,False,17,2641,0,50,0.0001267997371905949,29363.428907806196,0.0010261735624226276,40.0,0.1159410087215656,0,0,,,0.0,208,6,2.5289732935929865,1.0,0.09994953129014537,6.6884443595377014,19,0.003189086914062507,0.0,5.147489478305943,6,2758,6
5,adaptive_t0_i100ms,39,19.5,0,True,True,True,False,17,2641,0,50,0.0001267997371905949,29363.428907806196,0.0010261735624226276,40.0,0.1159410087215656,0,0,,,0.0,240,7,3.57340142107254,1.0,0.09994553178798482,5.653136954044898,120,0.020141601562500056,0.0,7.453565991771029,7,2311,5
5,adaptive_t0_i100ms,39,19.5,0,True,True,True,False,17,2641,0,50,0.0001267997371905949,29363.428907806196,0.0010261735624226276,40.0,0.1159410087215656,0,0,,,0.0,242,7,0.39539206956481937,1.0,0.09992412389301587,2.475127602537177,48,0.008056640625000062,0.0,27.34689263844848,23,2199,11
5,adaptive_t0_i100ms,40,20.0,0,True,True,True,False,12,2220,0,145,8.691413924680094e-05,29863.427910666247,0.002023313511017477,40.0,0.0487624512486218,0,0,,,0.0,19,0,0.41208810988769534,1.0,0.03008375891772652,7.194853243069615,96,0.01611328125000004,0.0,4.723556407039723,24,1720,15
5,adaptive_t0_i100ms,40,20.0,0,True,True,True,False,12,2220,0,145,8.691413924680094e-05,29863.427910666247,0.002023313511017477,40.0,0.0487624512486218,0,0,,,0.0,80,2,1.4799419435302734,1.0,0.030083704969135813,8.262707076712193,65,0.010910034179687562,0.0,2.4979163679745398,2,2594,13
5,adaptive_t0_i100ms,40,20.0,0,True,True,True,True,12,2220,0,145,8.691413924680094e-05,29863.427910666247,0.002023313511017477,40.0,0.0487624512486218,0,0,,,0.0,145,4,10.97690941385435,1.0,0.030099840661864115,17.75967454703627,111,0.01863098144531254,8.691413924680094e-05,1.704894284295733,12,2220,0
5,adaptive_t0_i100ms,40,20.0,0,True,True,True,False,12,2220,0,145,8.691413924680094e-05,29863.427910666247,0.002023313511017477,40.0,0.0487624512486218,0,0,,,0.0,210,6,0.0,1.0,0.030083382664059022,6.78276513318192,18,0.003021240234375066,0.0,2.1001660114561673,22,2230,2
5,adaptive_t0_i100ms,41,20.5,0,True,True,True,False,3,2243,10,112,0.00012046461721183732,30363.428749428196,0.001184551561891567,40.0,0.3205397761406493,0,0,,,0.0,16,0,0.4013999456542969,1.0,0.054906175584841385,0.8520015410141493,333,0.05589294433593755,0.0,0.8608285613663611,0,2528,4
5,adaptive_t0_i100ms,41,20.5,0,True,True,True,False,3,2243,10,112,0.00012046461721183732,30363.428749428196,0.001184551561891567,40.0,0.3205397761406493,0,0,,,0.0,17,0,0.42712508618774403,1.0,0.05487730598035466,0.8777266815475964,50,0.008392333984375049,0.0,34.78052445216599,8,1992,7
5,adaptive_t0_i100ms,41,20.5,0,True,True,True,False,3,2243,10,112,0.00012046461721183732,30363.428749428196,0.001184551561891567,40.0,0.3205397761406493,0,0,,,0.0,18,0,0.37713357138977044,1.0,0.054821119362802574,0.8277351667496229,75,0.012588500976562556,0.0,20.794529060887726,16,2064,14
5,adaptive_t0_i100ms,41,20.5,0,True,True,True,False,3,2243,10,112,0.00012046461721183732,30363.428749428196,0.001184551561891567,40.0,0.3205397761406493,0,0,,,0.0,19,0,8.597896130128845,1.0,0.05491948059233414,9.048497725488698,19,0.0031890869140625416,0.0,5.553714725665486,24,1784,10
5,adaptive_t0_i100ms,41,20.5,0,True,True,True,False,3,2243,10,112,0.00012046461721183732,30363.428749428196,0.001184551561891567,40.0,0.3205397761406493,0,0,,,0.0,48,1,0.6150552052734376,1.0,0.05485684538811372,1.2158573324199073,71,0.01191711425781257,0.0,2.7806770041424897,1,2017,13
5,adaptive_t0_i100ms,41,20.5,0,True,True,True,False,3,2243,10,112,0.00012046461721183732,30363.428749428196,0.001184551561891567,40.0,0.3205397761406493,0,0,,,0.0,49,1,0.40377509326171873,1.0,0.05483410424874467,1.0045772204081886,295,0.049514770507812556,0.0,6.529286029988725,9,1865,13
5,adaptive_t0_i100ms,41,20.5,0,True,True,True,False,3,2243,10,112,0.00012046461721183732,30363.428749428196,0.001184551561891567,40.0,0.3205397761406493,0,0,,,0.0,50,1,0.7730717414062502,1.0,0.054844326727829594,1.37387386855272,61,0.010238647460937535,0.0,15.535048067686148,17,2673,5
5,adaptive_t0_i100ms,41,20.5,0,True,True,True,False,3,2243,10,112,0.00012046461721183732,30363.428749428196,0.001184551561891567,40.0,0.3205397761406493,0,0,,,0.0,80,2,1.690639832839966,1.0,0.05492025896711989,2.291441959986436,200,0.03356933593750007,0.0,11.417766592247062,2,2626,12
5,adaptive_t0_i100ms,41,20.5,0,True,True,True,False,3,2243,10,112,0.00012046461721183732,30363.428749428196,0.001184551561891567,40.0,0.3205397761406493,0,0,,,0.0,81,2,0.0,1.0,0.0547639627759301,0.6008021271464699,110,0.01846313476562504,0.0,20.25970352760487,10,2122,0
5,adaptive_t0_i100ms,41,20.5,0,True,True,True,False,3,2243,10,112,0.00012046461721183732,30363.428749428196,0.001184551561891567,40.0,0.3205397761406493,0,0,,,0.0,82,2,5.393410061095153,1.0,0.054916614879585254,5.994212188241623,155,0.026016235351562556,0.0,3.0365215047822858,18,1874,12
5,adaptive_t0_i100ms,41,20.5,0,True,True,True,True,3,2243,10,112,0.00012046461721183732,30363.428749428196,0.001184551561891567,40.0,0.3205397761406493,0,0,,,0.0,112,3,0.3821731967834473,1.0,0.054927248401804546,2.184579578222857,19,0.003189086914062566,0.00012046461721183732,7.58249173292279,3,2243,10
5,adaptive_t0_i100ms,41,20.5,0,True,True,True,False,3,2243,10,112,0.00012046461721183732,30363.428749428196,0.001184551561891567,40.0,0.3205397761406493,0,0,,,0.0,147,4,0.4078095078186034,1.0,0.05486357067305293,2.210215889258013,147,0.024673461914062556,0.0,6.925899486679555,28,2716,2
5,adaptive_t0_i100ms,41,20.5,0,True,True,True,False,3,2243,10,112,0.00012046461721183732,30363.428749428196,0.001184551561891567,40.0,0.3205397761406493,0,0,,,0.0,208,6,0.0,1.0,0.054809128547271005,0.9012031907197048,186,0.031219482421875014,0.0,4.399426348361885,6,2854,1
5,adaptive_t0_i100ms,41,20.5,0,True,True,True,False,3,2243,10,112,0.00012046461721183732,30363.428749428196,0.001184551561891567,40.0,0.3205397761406493,0,0,,,0.0,210,6,0.27739541532897943,1.0,0.054906687559941644,1.1785986060486842,11,0.001846313476562566,0.0,7.528713230989524,22,2262,4
5,adaptive_t0_i100ms,41,20.5,0,True,True,True,False,3,2243,10,112,0.00012046461721183732,30363.428749428196,0.001184551561891567,40.0,0.3205397761406493,0,0,,,0.0,241,7,0.7906415537109377,1.0,0.05490656337913507,1.3914436808574075,43,0.007217407226562576,0.0,21.698594688339654,15,2223,2
5,adaptive_t0_i100ms,41,20.5,0,True,True,True,False,3,2243,10,112,0.00012046461721183732,30363.428749428196,0.001184551561891567,40.0,0.3205397761406493,0,0,,,0.0,242,7,1.5445996012573242,1.0,0.05486940801920197,2.145401728403794,50,0.008392333984375062,0.0,12.779094399884343,23,2263,9
5,adaptive_t0_i100ms,41,20.5,0,True,True,True,False,3,2243,10,112,0.00012046461721183732,30363.428749428196,0.001184551561891567,40.0,0.3205397761406493,0,0,,,0.0,243,7,5.301029387787658,1.0,0.05491899333651453,5.901831514934128,84,0.014099121093750049,0.0,5.48974086465023,31,2303,7
5,adaptive_t0_i100ms,42,21.0,0,True,True,True,False,12,2284,11,145,9.015515897772274e-05,30863.42799169174,0.0019422880177444313,40.0,0.2606721253738215,0,0,,,0.0,51,1,3.7353487012357522,1.0,0.15172858703843278,5.492420510517088,58,0.009735107421875035,0.0,7.66185979137299,25,1657,12
5,adaptive_t0_i100ms,42,21.0,0,True,True,True,False,12,2284,11,145,9.015515897772274e-05,30863.42799169174,0.0019422880177444313,40.0,0.2606721253738215,0,0,,,0.0,81,2,0.44243272490593355,1.0,0.1516345652954109,1.3209686295466017,57,0.009567260742187549,0.0,29.597965648954414,10,2154,4
5,adaptive_t0_i100ms,42,21.0,0,True,True,True,False,12,2284,11,145,9.015515897772274e-05,30863.42799169174,0.0019422880177444313,40.0,0.2606721253738215,0,0,,,0.0,82,2,2.058861239306328,1.0,0.15170555546795797,2.937397143946996,273,0.045822143554687556,0.0,4.875789235760749,18,2098,8
5,adaptive_t0_i100ms,42,21.0,0,True,True,True,False,12,2284,11,145,9.015515897772274e-05,30863.42799169174,0.0019422880177444313,40.0,0.2606721253738215,0,0,,,0.0,113,3,0.0,1.0,0.15167258498606007,1.7570718092813362,296,0.04968261718750004,0.0,7.402020334833651,11,2187,0
5,adaptive_t0_i100ms,42,21.0,0,True,True,True,False,12,2284,11,145,9.015515897772274e-05,30863.42799169174,0.0019422880177444313,40.0,0.2606721253738215,0,0,,,0.0,144,4,0.4256876442319127,1.0,0.15164726244333976,1.0113782473256914,120,0.020141601562500056,0.0,19.379555103925668,4,1988,0
5,adaptive_t0_i100ms,42,21.0,0,True,True,True,True,12,2284,11,145,9.015515897772274e-05,30863.42799169174,0.0019422880177444313,40.0,0.2606721253738215,0,0,,,0.0,145,4,8.590466046042598,1.0,0.15174465104230345,9.176156649136377,122,0.02047729492187504,9.015515897772274e-05,0.06082402624451788,12,2284,11
5,adaptive_t0_i100ms,42,21.0,0,True,True,True,False,12,2284,11,145,9.015515897772274e-05,30863.42799169174,0.0019422880177444313,40.0,0.2606721253738215,0,0,,,0.0,146,4,0.5080605470812928,1.0,0.15162152670455475,1.0937511501750716,27,0.004531860351562569,0.0,29.98799378327385,20,2068,2
5,adaptive_t0_i100ms,42,21.0,0,True,True,True,False,12,2284,11,145,9.015515897772274e-05,30863.42799169174,0.0019422880177444313,40.0,0.2606721253738215,0,0,,,0.0,177,5,0.17711990438250752,1.0,0.15163115633006924,1.0556558090231756,36,0.006042480468750071,0.0,2.2871693399793003,13,1773,1
5,adaptive_t0_i100ms,42,21.0,0,True,True,True,False,12,2284,11,145,9.015515897772274e-05,30863.42799169174,0.0019422880177444313,40.0,0.2606721253738215,0,0,,,0.0,179,5,0.0,1.0,0.15164005442525083,0.8785359046406681,15,0.0024337768554687986,0.0,33.063937141494534,29,1533,0
5,adaptive_t0_i100ms,42,21.0,0,True,True,True,False,12,2284,11,145,9.015515897772274e-05,30863.42799169174,0.0019422880177444313,40.0,0.2606721253738215,0,0,,,0.0,208,6,0.2209225046529178,1.0,0.15163857999349536,0.8066131077466965,16,0.002685546875000014,0.0,39.229300335671724,6,2854,6
5,adaptive_t0_i100ms,42,21.0,0,True,True,True,False,12,2284,11,145,9.015515897772274e-05,30863.42799169174,0.0019422880177444313,40.0,0.2606721253738215,0,0,,,0.0,210,6,0.0,1.0,0.15158002655135921,0.5856906030937787,208,0.03491210937500007,0.0,35.52897713843413,22,2294,0
5,adaptive_t0_i100ms,42,21.0,0,True,True,True,False,12,2284,11,145,9.015515897772274e-05,30863.42799169174,0.0019422880177444313,40.0,0.2606721253738215,0,0,,,0.0,211,6,0.4689575681291409,1.0,0.1516148877448781,1.0546481712229197,52,0.00872802734375007,0.0,35.80654824483645,30,2366,6
5,adaptive_t0_i100ms,42,21.0,0,True,True,True,False,12,2284,11,145,9.015515897772274e-05,30863.42799169174,0.0019422880177444313,40.0,0.2606721253738215,0,0,,,0.0,240,7,7.841997166304133,1.0,0.15173086292274549,8.427687769397911,47,0.007888793945312562,0.0,1.0417281982263376,7,2503,10
5,adaptive_t0_i100ms,42,21.0,0,True,True,True,False,12,2284,11,145,9.015515897772274e-05,30863.42799169174,0.0019422880177444313,40.0,0.2606721253738215,0,0,,,0.0,241,7,0.4587628383872031,1.0,0.1516465370163935,1.0444534414809818,215,0.036087036132812576,0.0,5.912840260716621,15,2223,11
5,adaptive_t0_i100ms,42,21.0,0,True,True,True,False,12,2284,11,145,9.015515897772274e-05,30863.42799169174,0.0019422880177444313,40.0,0.2606721253738215,0,0,,,0.0,243,7,2.7718804503709276,1.0,0.15171658755923625,3.3575710534647065,11,0.0018463134765625555,0.0,14.031408253125846,31,2431,4
5,adaptive_t0_i100ms,43,21.5,0,True,True,True,False,3,2371,12,112,0.00011813415345386602,31363.428691166602,0.0012428131558408495,40.0,0.4430655218487664,0,0,,,0.0,16,0,0.26493950344556594,1.0,0.08798128379899485,0.7522400541298504,279,0.04682922363281255,0.0,11.483310604980943,0,2528,11
5,adaptive_t0_i100ms,43,21.5,0,True,True,True,False,3,2371,12,112,0.00011813415345386602,31363.428691166602,0.0012428131558408495,40.0,0.4430655218487664,0,0,,,0.0,17,0,0.2819190920897279,1.0,0.08783648356030434,0.7692196427740123,9,0.0015106201171875486,0.0,65.14808388930032,8,1992,14
5,adaptive_t0_i100ms,43,21.5,0,True,True,True,False,3,2371,12,112,0.00011813415345386602,31363.428691166602,0.0012428131558408495,40.0,0.4430655218487664,0,0,,,0.0,18,0,0.50720460984677,1.0,0.08790184040587039,0.9945051605310544,243,0.040786743164062556,0.0,6.239740370805521,16,2128,11
5,adaptive_t0_i100ms,43,21.5,0,True,True,True,False,3,2371,12,112,0.00011813415345386602,31363.428691166602,0.0012428131558408495,40.0,0.4430655218487664,0,0,,,0.0,19,0,3.228611335791781,1.0,0.08802624139159332,3.715911886476065,72,0.012084960937500049,0.0,3.5412378441869805,24,1848,11
5,adaptive_t0_i100ms,43,21.5,0,True,True,True,False,3,2371,12,112,0.00011813415345386602,31363.428691166602,0.0012428131558408495,40.0,0.4430655218487664,0,0,,,0.0,49,1,0.8972640283640025,1.0,0.0880408097971827,2.8464662311011404,79,0.013259887695312559,0.0,2.352241750653775,9,1961,14
5,adaptive_t0_i100ms,43,21.5,0,True,True,True,False,3,2371,12,112,0.00011813415345386602,31363.428691166602,0.0012428131558408495,40.0,0.4430655218487664,0,0,,,0.0,80,2,2.0767506391600734,1.0,0.08803084706162453,2.564051189844358,272,0.04565429687500007,0.0,2.975470632467477,2,2722,9
5,adaptive_t0_i100ms,43,21.5,0,True,True,True,False,3,2371,12,112,0.00011813415345386602,31363.428691166602,0.0012428131558408495,40.0,0.4430655218487664,0,0,,,0.0,81,2,0.5032781269056179,1.0,0.08789469421959624,0.9905786775899024,183,0.03071594238281255,0.0,7.773885671507742,10,2154,13
5,adaptive_t0_i100ms,43,21.5,0,True,True,True,False,3,2371,12,112,0.00011813415345386602,31363.428691166602,0.0012428131558408495,40.0,0.4430655218487664,0,0,,,0.0,82,2,0.5042776002554316,1.0,0.08788522456642897,0.991578150939716,199,0.03340148925781256,0.0,21.606749686710828,18,2162,4
5,adaptive_t0_i100ms,43,21.5,0,True,True,True,False,3,2371,12,112,0.00011813415345386602,31363.428691166602,0.0012428131558408495,40.0,0.4430655218487664,0,0,,,0.0,83,2,0.2627433883915812,1.0,0.08790742480217192,0.7500439390758656,7,0.0011749267578125763,0.0,61.682302181699924,26,2746,12
5,adaptive_t0_i100ms,43,21.5,0,True,True,True,True,3,2371,12,112,0.00011813415345386602,31363.428691166602,0.0012428131558408495,40.0,0.4430655218487664,0,0,,,0.0,112,3,2.0533492447838664,1.0,0.08804291199016638,2.7030833123629123,11,0.0018463134765625694,0.00011813415345386602,11.297812282173254,3,2371,12
5,adaptive_t0_i100ms,43,21.5,0,True,True,True,False,3,2371,12,112,0.00011813415345386602,31363.428691166602,0.0012428131558408495,40.0,0.4430655218487664,0,0,,,0.0,114,3,0.2571707828757815,1.0,0.08796316557581484,0.9069048504548274,34,0.005706787109375069,0.0,36.83192083259928,19,1907,15
5,adaptive_t0_i100ms,43,21.5,0,True,True,True,False,3,2371,12,112,0.00011813415345386602,31363.428691166602,0.0012428131558408495,40.0,0.4430655218487664,0,0,,,0.0,115,3,0.26609643945219275,1.0,0.08801962368231596,0.9158305070312387,129,0.02165222167968752,0.0,34.386123728352686,27,1563,15
5,adaptive_t0_i100ms,43,21.5,0,True,True,True,False,3,2371,12,112,0.00011813415345386602,31363.428691166602,0.0012428131558408495,40.0,0.4430655218487664,0,0,,,0.0,144,4,0.48899655721682567,1.0,0.08798060099480942,1.1387306247958717,170,0.028533935546875056,0.0,11.907303856616636,4,1988,8
5,adaptive_t0_i100ms,43,21.5,0,True,True,True,False,3,2371,12,112,0.00011813415345386602,31363.428691166602,0.0012428131558408495,40.0,0.4430655218487664,0,0,,,0.0,145,4,0.5141228625283621,1.0,0.08793070491890631,1.163856930107408,69,0.011581420898437549,0.0,24.262565818873554,12,2316,8
5,adaptive_t0_i100ms,43,21.5,0,True,True,True,False,3,2371,12,112,0.00011813415345386602,31363.428691166602,0.0012428131558408495,40.0,0.4430655218487664,0,0,,,0.0,146,4,0.5779313918157398,1.0,0.08795562880681926,1.2276654593947858,151,0.02534484863281257,0.0,12.391150197658135,20,2068,12
5,adaptive_t0_i100ms,43,21.5,0,True,True,True,False,3,2371,12,112,0.00011813415345386602,31363.428691166602,0.0012428131558408495,40.0,0.4430655218487664,0,0,,,0.0,177,5,0.2688587268693169,1.0,0.0879632940702219,1.243459828237886,210,0.03524780273437507,0.0,24.38798081447385,13,1805,2
5,adaptive_t0_i100ms,43,21.5,0,True,True,True,False,3,2371,12,112,0.00011813415345386602,31363.428691166602,0.0012428131558408495,40.0,0.4430655218487664,0,0,,,0.0,179,5,0.5501938844985145,1.0,0.08793728654916778,1.5247949858670835,11,0.0018463134765625555,0.0,36.1962820692097,29,1565,7
5,adaptive_t0_i100ms,43,21.5,0,True,True,True,False,3,2371,12,112,0.00011813415345386602,31363.428691166602,0.0012428131558408495,40.0,0.4430655218487664,0,0,,,0.0,209,6,0.43946811650732154,1.0,0.08791197222502595,1.0892021840863675,15,0.002517700195312564,0.0,5.765625515323336,14,2062,3
5,adaptive_t0_i100ms,43,21.5,0,True,True,True,False,3,2371,12,112,0.00011813415345386602,31363.428691166602,0.0012428131558408495,40.0,0.4430655218487664,0,0,,,0.0,210,6,1.0298573940879476,1.0,0.08799734185542439,1.6795914616669936,236,0.03961181640625007,0.0,7.8186320092427195,22,2326,7
5,adaptive_t0_i100ms,43,21.5,0,True,True,True,False,3,2371,12,112,0.00011813415345386602,31363.428691166602,0.0012428131558408495,40.0,0.4430655218487664,0,0,,,0.0,211,6,0.5334507896910825,1.0,0.08795975610081515,1.1831848572701285,112,0.01879882812500007,0.0,30.170484276088246,30,2366,14
5,adaptive_t0_i100ms,43,21.5,0,True,True,True,False,3,2371,12,112,0.00011813415345386602,31363.428691166602,0.0012428131558408495,40.0,0.4430655218487664,0,0,,,0.0,240,7,0.24238171493782965,1.0,0.0879199617962365,0.8921157825168756,1,0.00016784667968756245,0.0,49.31782528710755,7,2535,5
5,adaptive_t0_i100ms,43,21.5,0,True,True,True,False,3,2371,12,112,0.00011813415345386602,31363.428691166602,0.0012428131558408495,40.0,0.4430655218487664,0,0,,,0.0,241,7,8.177095814650201,1.0,0.08802679667444213,8.826829882229248,119,0.019973754882812576,0.0,1.885269009067997,15,2287,2
5,adaptive_t0_i100ms,43,21.5,0,True,True,True,False,3,2371,12,112,0.00011813415345386602,31363.428691166602,0.0012428131558408495,40.0,0.4430655218487664,0,0,,,0.0,242,7,0.48042033393736394,1.0,0.08803287475138422,1.13015440151641,28,0.0046997070312500625,0.0,29.698268926698802,23,2327,12
5,adaptive_t0_i100ms,44,22.0,0,True,True,True,False,12,2348,8,145,2.4616916343802578e-05,31863.426353235674,0.0035807440835924353,40.0,0.022348225314781305,0,0,,,0.0,49,1,2.500752417884806,1.0,0.002185973231321688,18.48676658135132,69,0.011581420898437562,0.0,2.0732799126635655,9,2089,0
5,adaptive_t0_i100ms,44,22.0,0,True,True,True,True,12,2348,8,145,2.4616916343802578e-05,31863.426353235674,0.0035807440835924353,40.0,0.022348225314781305,0,0,,,0.0,145,4,4.83862484058256,1.0,0.002193153466453097,12.831631922315816,23,0.0038604736328125486,2.4616916343802578e-05,0.23092967885531834,12,2348,8
5,adaptive_t0_i100ms,44,22.0,0,True,True,True,False,12,2348,8,145,2.4616916343802578e-05,31863.426353235674,0.0035807440835924353,40.0,0.022348225314781305,0,0,,,0.0,147,4,0.6885944145996094,1.0,0.0021863256818820233,8.681601496332865,41,0.0068817138671875555,0.0,0.020466663780098315,28,2748,5
5,adaptive_t0_i100ms,45,22.5,0,True,True,True,True,26,2874,13,83,0.00012987084977794438,32363.42898458401,0.0009493957477388903,40.0,0.005668811279465444,0,0,,,0.0,83,2,3.1268810972534182,1.0,0.029770658223620527,40.0,33,0.005538940429687576,0.00012987084977794438,0.3696593363347347,26,2874,13
5,adaptive_t0_i100ms,46,23.0,0,True,True,True,False,15,2447,6,241,2.6909938314929616e-05,32863.426410561224,0.00352341853431426,40.0,0.11986943923518993,0,0,,,0.0,112,3,0.0,1.0,0.0035886251303886728,10.432072844829305,218,0.036590576171875076,0.0,1.5098459169021226,3,2499,0
5,adaptive_t0_i100ms,46,23.0,0,True,True,True,False,15,2447,6,241,2.6909938314929616e-05,32863.426410561224,0.00352341853431426,40.0,0.11986943923518993,0,0,,,0.0,208,6,1.5374154170654297,1.0,0.003588953623762728,6.753451839480082,303,0.050857543945312514,0.0,0.9666127545206109,6,3046,1
5,adaptive_t0_i100ms,46,23.0,0,True,True,True,False,15,2447,6,241,2.6909938314929616e-05,32863.426410561224,0.00352341853431426,40.0,0.11986943923518993,0,0,,,0.0,211,6,1.609519242507935,1.0,0.0035846642699570858,6.825555664922588,101,0.01695251464843757,0.0,2.7823256819247035,30,2494,2
5,adaptive_t0_i100ms,46,23.0,0,True,True,True,True,15,2447,6,241,2.6909938314929616e-05,32863.426410561224,0.00352341853431426,40.0,0.11986943923518993,0,0,,,0.0,241,7,5.55684680593872,1.0,0.003604230512295019,15.988919650768025,92,0.015441894531250076,2.6909938314929616e-05,1.33157302680047,15,2447,6
5,adaptive_t0_i100ms,47,23.5,0,True,True,True,True,19,2035,1,114,0.00015650647372240204,33363.42965047461,0.00028350514912744984,40.0,0.0575600709268474,0,0,,,0.0,114,3,1.6649099071655276,1.0,0.0029269325060393577,20.642964489045713,86,0.014434814453125076,0.00015650647372240204,0.9987753069217433,19,2035,1
5,adaptive_t0_i100ms,47,23.5,0,True,True,True,False,19,2035,1,114,0.00015650647372240204,33363.42965047461,0.00028350514912744984,40.0,0.0575600709268474,0,0,,,0.0,144,4,0.37898092907409664,1.0,0.002921956683027772,19.357035510954283,256,0.042968750000000056,0.0,0.4164589170977706,4,2020,12
5,adaptive_t0_i100ms,48,24.0,0,True,True,True,False,3,2563,12,112,0.0001402812555897981,33863.429244844156,0.0006891356024425477,40.0,0.5550414043024648,0,0,,,0.0,16,0,0.39753118006900007,1.0,0.40919656526176296,0.4664569086656896,122,0.02047729492187507,0.0,53.476619191031205,0,2784,5
5,adaptive_t0_i100ms,48,24.0,0,True,True,True,False,3,2563,12,112,0.0001402812555897981,33863.429244844156,0.0006891356024425477,40.0,0.5550414043024648,0,0,,,0.0,17,0,0.1940371949165341,1.0,0.40935515932808403,0.26296292351322365,171,0.02870178222656255,0.0,72.356978321739,8,2088,10
5,adaptive_t0_i100ms,48,24.0,0,True,True,True,False,3,2563,12,112,0.0001402812555897981,33863.429244844156,0.0006891356024425477,40.0,0.5550414043024648,0,0,,,0.0,18,0,0.3318969702447812,1.0,0.4093771456922153,0.40082269884147076,31,0.0052032470703125555,0.0,18.917330005286203,16,2192,13
5,adaptive_t0_i100ms,48,24.0,0,True,True,True,False,3,2563,12,112,0.0001402812555897981,33863.429244844156,0.0006891356024425477,40.0,0.5550414043024648,0,0,,,0.0,19,0,0.20539531706509373,1.0,0.40899482483153204,0.2743210456617833,44,0.0073852539062500555,0.0,121.32820326950605,24,2072,8
5,adaptive_t0_i100ms,48,24.0,0,True,True,True,False,3,2563,12,112,0.0001402812555897981,33863.429244844156,0.0006891356024425477,40.0,0.5550414043024648,0,0,,,0.0,48,1,0.4253988588274228,1.0,0.40923397539723483,0.49432458742411234,125,0.020980834960937576,0.0,71.77806511489325,1,2177,14
5,adaptive_t0_i100ms,48,24.0,0,True,True,True,False,3,2563,12,112,0.0001402812555897981,33863.429244844156,0.0006891356024425477,40.0,0.5550414043024648,0,0,,,0.0,49,1,0.22591019242752047,1.0,0.40933147386908453,0.29483592102421,54,0.009063720703125062,0.0,95.90353298583796,9,2121,0
5,adaptive_t0_i100ms,48,24.0,0,True,True,True,False,3,2563,12,112,0.0001402812555897981,33863.429244844156,0.0006891356024425477,40.0,0.5550414043024648,0,0,,,0.0,50,1,6.2089635100891405,1.0,0.40945166183895326,6.27788923868583,122,0.020477294921875035,0.0,1.673064502836496,17,2801,13
5,adaptive_t0_i100ms,48,24.0,0,True,True,True,False,3,2563,12,112,0.0001402812555897981,33863.429244844156,0.0006891356024425477,40.0,0.5550414043024648,0,0,,,0.0,51,1,2.882866707269195,1.0,0.40942862358553583,2.951792435865885,50,0.008392333984375035,0.0,1.8036648440902354,25,1881,14
5,adaptive_t0_i100ms,48,24.0,0,True,True,True,False,3,2563,12,112,0.0001402812555897981,33863.429244844156,0.0006891356024425477,40.0,0.5550414043024648,0,0,,,0.0,80,2,0.19730882160354588,1.0,0.40932600013517156,0.26623455020023545,274,0.04598999023437507,0.0,39.27602458560432,2,2914,0
5,adaptive_t0_i100ms,48,24.0,0,True,True,True,False,3,2563,12,112,0.0001402812555897981,33863.429244844156,0.0006891356024425477,40.0,0.5550414043024648,0,0,,,0.0,81,2,0.830932834022125,1.0,0.4094577149961858,0.8998585626188146,211,0.03541564941406256,0.0,11.539860767232312,10,2314,5
5,adaptive_t0_i100ms,48,24.0,0,True,True,True,False,3,2563,12,112,0.0001402812555897981,33863.429244844156,0.0006891356024425477,40.0,0.5550414043024648,0,0,,,0.0,82,2,3.0291243437662647,1.0,0.40943819523288344,3.0980500723629545,132,0.02215576171875007,0.0,5.238698780420236,18,2418,7
5,adaptive_t0_i100ms,48,24.0,0,True,True,True,False,3,2563,12,112,0.0001402812555897981,33863.429244844156,0.0006891356024425477,40.0,0.5550414043024648,0,0,,,0.0,83,2,0.20598768814126556,1.0,0.4089803755214873,0.2749134167379551,289,0.04850769042968758,0.0,24.102104591976968,26,3034,2
5,adaptive_t0_i100ms,48,24.0,0,True,True,True,True,3,2563,12,112,0.0001402812555897981,33863.429244844156,0.0006891356024425477,40.0,0.5550414043024648,0,0,,,0.0,112,3,1.818028731477203,1.0,0.40946319313326074,1.9099297029394557,79,0.013259887695312576,0.0001402812555897981,20.280203786831407,3,2563,12
5,adaptive_t0_i100ms,48,24.0,0,True,True,True,False,3,2563,12,112,0.0001402812555897981,33863.429244844156,0.0006891356024425477,40.0,0.5550414043024648,0,0,,,0.0,114,3,0.8704233286622618,1.0,0.4093364062315656,0.9623243001245145,28,0.004699707031250076,0.0,48.41599197073083,19,2035,14
5,adaptive_t0_i100ms,48,24.0,0,True,True,True,False,3,2563,12,112,0.0001402812555897981,33863.429244844156,0.0006891356024425477,40.0,0.5550414043024648,0,0,,,0.0,115,3,0.19879151865713468,1.0,0.40934325821960615,0.2906924901193874,37,0.006210327148437528,0.0,76.91140800951689,27,1723,14
5,adaptive_t0_i100ms,48,24.0,0,True,True,True,False,3,2563,12,112,0.0001402812555897981,33863.429244844156,0.0006891356024425477,40.0,0.5550414043024648,0,0,,,0.0,144,4,0.2017402600547177,1.0,0.4093881797677798,0.27066598865140723,106,0.017791748046875056,0.0,92.44021605206945,4,2020,15
5,adaptive_t0_i100ms,48,24.0,0,True,True,True,False,3,2563,12,112,0.0001402812555897981,33863.429244844156,0.0006891356024425477,40.0,0.5550414043024648,0,0,,,0.0,145,4,0.20678924164932222,1.0,0.40912683470994954,0.27571497024601177,14,0.0023498535156250625,0.0,130.040190311287,12,2540,11
5,adaptive_t0_i100ms,48,24.0,0,True,True,True,False,3,2563,12,112,0.0001402812555897981,33863.429244844156,0.0006891356024425477,40.0,0.5550414043024648,0,0,,,0.0,146,4,1.4960910044392393,1.0,0.4094584815849133,1.5650167330359288,105,0.017623901367187583,0.0,5.154598437991808,20,2356,13
5,adaptive_t0_i100ms,48,24.0,0,True,True,True,False,3,2563,12,112,0.0001402812555897981,33863.429244844156,0.0006891356024425477,40.0,0.5550414043024648,0,0,,,0.0,147,4,0.19986659297134365,1.0,0.40922493486582456,0.26879232156803323,79,0.013259887695312562,0.0,53.86294855890446,28,2908,4
5,adaptive_t0_i100ms,48,24.0,0,True,True,True,False,3,2563,12,112,0.0001402812555897981,33863.429244844156,0.0006891356024425477,40.0,0.5550414043024648,0,0,,,0.0,176,5,3.3159260320001516,1.0,0.4094623561992261,3.384851760596841,20,0.0033569335937500833,0.0,11.991673977288883,5,2309,8
5,adaptive_t0_i100ms,48,24.0,0,True,True,True,False,3,2563,12,112,0.0001402812555897981,33863.429244844156,0.0006891356024425477,40.0,0.5550414043024648,0,0,,,0.0,177,5,0.43574365124087494,1.0,0.40930832859043387,0.5046693798375645,80,0.01342773437500007,0.0,15.19902605022071,13,1901,3
5,adaptive_t0_i100ms,48,24.0,0,True,True,True,False,3,2563,12,112,0.0001402812555897981,33863.429244844156,0.0006891356024425477,40.0,0.5550414043024648,0,0,,,0.0,178,5,0.3896184137398985,1.0,0.40936933743934334,0.458544142336588,213,0.03575134277343758,0.0,38.55256853138417,21,2197,4
5,adaptive_t0_i100ms,48,24.0,0,True,True,True,False,3,2563,12,112,0.0001402812555897981,33863.429244844156,0.0006891356024425477,40.0,0.5550414043024648,0,0,,,0.0,179,5,5.318211962367951,1.0,0.4094522599013949,5.387137690964641,78,0.013092041015625059,0.0,2.7886372569701052,29,1725,1
5,adaptive_t0_i100ms,48,24.0,0,True,True,True,False,3,2563,12,112,0.0001402812555897981,33863.429244844156,0.0006891356024425477,40.0,0.5550414043024648,0,0,,,0.0,208,6,0.4342988889521786,1.0,0.40928618728020943,0.5261998604144313,89,0.014938354492187514,0.0,75.56479241019406,6,3046,14
5,adaptive_t0_i100ms,48,24.0,0,True,True,True,False,3,2563,12,112,0.0001402812555897981,33863.429244844156,0.0006891356024425477,40.0,0.5550414043024648,0,0,,,0.0,209,6,0.4064464849922177,1.0,0.4093091376935401,0.4983474564544704,65,0.010910034179687566,0.0,35.870717823388986,14,2222,8
5,adaptive_t0_i100ms,48,24.0,0,True,True,True,False,3,2563,12,112,0.0001402812555897981,33863.429244844156,0.0006891356024425477,40.0,0.5550414043024648,0,0,,,0.0,211,6,0.43458420982437107,1.0,0.4093449875994871,0.5264851812866238,173,0.02903747558593757,0.0,9.738420459223562,30,2526,11
5,adaptive_t0_i100ms,48,24.0,0,True,True,True,False,3,2563,12,112,0.0001402812555897981,33863.429244844156,0.0006891356024425477,40.0,0.5550414043024648,0,0,,,0.0,240,7,0.17771800857534764,1.0,0.4093745843362646,0.2466437371720372,170,0.028533935546875062,0.0,40.4744321783146,7,2567,12
5,adaptive_t0_i100ms,48,24.0,0,True,True,True,False,3,2563,12,112,0.0001402812555897981,33863.429244844156,0.0006891356024425477,40.0,0.5550414043024648,0,0,,,0.0,241,7,6.342369357877105,1.0,0.4094433536227352,6.411295086473795,197,0.03306579589843758,0.0,2.66414458136569,15,2607,0
5,adaptive_t0_i100ms,48,24.0,0,True,True,True,False,3,2563,12,112,0.0001402812555897981,33863.429244844156,0.0006891356024425477,40.0,0.5550414043024648,0,0,,,0.0,242,7,0.2041922127491757,1.0,0.40912970501565177,0.27311794134586526,73,0.01225280761718757,0.0,43.3206821019121,23,2583,14
5,adaptive_t0_i100ms,48,24.0,0,True,True,True,False,3,2563,12,112,0.0001402812555897981,33863.429244844156,0.0006891356024425477,40.0,0.5550414043024648,0,0,,,0.0,243,7,0.20818316623355076,1.0,0.4094412206263552,0.2771088948302403,75,0.012588500976562562,0.0,103.83628093521838,31,2623,5
5,adaptive_t0_i100ms,49,24.5,0,True,True,True,False,12,2540,15,145,7.924609933979813e-05,34363.42771896525,0.0022150145086925477,40.0,0.5687437968805898,0,0,,,0.0,16,0,0.48859007435546004,1.0,0.8900797959501853,0.9101305298742396,145,0.02433776855468757,0.0,16.455143595594564,0,2784,12
5,adaptive_t0_i100ms,49,24.5,0,True,True,True,False,12,2540,15,145,7.924609933979813e-05,34363.42771896525,0.0022150145086925477,40.0,0.5687437968805898,0,0,,,0.0,17,0,0.23551038320851245,1.0,0.89002594324909,0.657050838727292,287,0.04817199707031255,0.0,1.8823532362148399,8,2088,14
5,adaptive_t0_i100ms,49,24.5,0,True,True,True,False,12,2540,15,145,7.924609933979813e-05,34363.42771896525,0.0022150145086925477,40.0,0.5687437968805898,0,0,,,0.0,19,0,0.24963615721216703,1.0,0.8899809111126467,0.6711766127309466,40,0.0067138671875000555,0.0,65.73369902643026,24,2072,12
5,adaptive_t0_i100ms,49,24.5,0,True,True,True,False,12,2540,15,145,7.924609933979813e-05,34363.42771896525,0.0022150145086925477,40.0,0.5687437968805898,0,0,,,0.0,48,1,6.595286947386726,1.0,0.8901383581200351,6.9114422890258105,226,0.03793334960937508,0.0,3.5268655291365576,1,2209,15
5,adaptive_t0_i100ms,49,24.5,0,True,True,True,False,12,2540,15,145,7.924609933979813e-05,34363.42771896525,0.0022150145086925477,40.0,0.5687437968805898,0,0,,,0.0,49,1,0.2751499251830046,1.0,0.8898655094000132,0.5913052668220893,174,0.029205322265625062,0.0,24.06726418791368,9,2121,5
5,adaptive_t0_i100ms,49,24.5,0,True,True,True,False,12,2540,15,145,7.924609933979813e-05,34363.42771896525,0.0022150145086925477,40.0,0.5687437968805898,0,0,,,0.0,50,1,0.23347654349382266,1.0,0.8899712044111726,0.5496318851329073,5,0.0008392333984375347,0.0,101.12116062550922,17,2865,2
5,adaptive_t0_i100ms,49,24.5,0,True,True,True,False,12,2540,15,145,7.924609933979813e-05,34363.42771896525,0.0022150145086925477,40.0,0.5687437968805898,0,0,,,0.0,51,1,0.4637273828979812,1.0,0.890019048552035,0.7798827245370659,72,0.012084960937500042,0.0,26.059810919687152,25,2009,2
5,adaptive_t0_i100ms,49,24.5,0,True,True,True,False,12,2540,15,145,7.924609933979813e-05,34363.42771896525,0.0022150145086925477,40.0,0.5687437968805898,0,0,,,0.0,80,2,0.5263983663214928,1.0,0.890060606228034,0.8425537079605775,85,0.01426696777343757,0.0,40.34785082848248,2,2978,2
5,adaptive_t0_i100ms,49,24.5,0,True,True,True,False,12,2540,15,145,7.924609933979813e-05,34363.42771896525,0.0022150145086925477,40.0,0.5687437968805898,0,0,,,0.0,81,2,1.0275994049892503,1.0,0.8900353871894328,1.3437547466283348,55,0.009231567382812562,0.0,4.591033575277834,10,2346,1
5,adaptive_t0_i100ms,49,24.5,0,True,True,True,False,12,2540,15,145,7.924609933979813e-05,34363.42771896525,0.0022150145086925477,40.0,0.5687437968805898,0,0,,,0.0,82,2,0.2572850068106269,1.0,0.8899401820290189,0.5734403484497115,67,0.01124572753906257,0.0,79.0444311433821,18,2450,3
5,adaptive_t0_i100ms,49,24.5,0,True,True,True,False,12,2540,15,145,7.924609933979813e-05,34363.42771896525,0.0022150145086925477,40.0,0.5687437968805898,0,0,,,0.0,83,2,0.25037287229929667,1.0,0.8901342729916051,0.5665282139383814,81,0.013595581054687583,0.0,72.32737737111893,26,3034,5
5,adaptive_t0_i100ms,49,24.5,0,True,True,True,False,12,2540,15,145,7.924609933979813e-05,34363.42771896525,0.0022150145086925477,40.0,0.5687437968805898,0,0,,,0.0,112,3,0.9651579956312148,1.0,0.8901253178927204,1.3866984511499945,87,0.014602661132812576,0.0,8.497361743946385,3,2627,10
5,adaptive_t0_i100ms,49,24.5,0,True,True,True,False,12,2540,15,145,7.924609933979813e-05,34363.42771896525,0.0022150145086925477,40.0,0.5687437968805898,0,0,,,0.0,113,3,0.5235909405436625,1.0,0.8900672637503663,0.9451313960624421,57,0.009567260742187542,0.0,15.384692432729935,11,2443,13
5,adaptive_t0_i100ms,49,24.5,0,True,True,True,False,12,2540,15,145,7.924609933979813e-05,34363.42771896525,0.0022150145086925477,40.0,0.5687437968805898,0,0,,,0.0,114,3,0.5135823391670935,1.0,0.8900250510503757,0.9351227946858731,119,0.019973754882812576,0.0,36.69774260496342,19,2131,4
5,adaptive_t0_i100ms,49,24.5,0,True,True,True,True,12,2540,15,145,7.924609933979813e-05,34363.42771896525,0.0022150145086925477,40.0,0.5687437968805898,0,0,,,0.0,145,4,0.2513697416372515,1.0,0.8901410533409846,0.6729101971560311,9,0.0015106201171875625,7.924609933979813e-05,85.85430825526419,12,2540,15
5,adaptive_t0_i100ms,49,24.5,0,True,True,True,False,12,2540,15,145,7.924609933979813e-05,34363.42771896525,0.0022150145086925477,40.0,0.5687437968805898,0,0,,,0.0,146,4,0.5094382422946435,1.0,0.890051260346818,0.9309786978134231,41,0.00688171386718759,0.0,57.73528557482496,20,2388,5
5,adaptive_t0_i100ms,49,24.5,0,True,True,True,False,12,2540,15,145,7.924609933979813e-05,34363.42771896525,0.0022150145086925477,40.0,0.5687437968805898,0,0,,,0.0,147,4,0.24276024004422414,1.0,0.890065322498906,0.6643006955630038,125,0.020980834960937562,0.0,8.35693524069211,28,2908,11
5,adaptive_t0_i100ms,49,24.5,0,True,True,True,False,12,2540,15,145,7.924609933979813e-05,34363.42771896525,0.0022150145086925477,40.0,0.5687437968805898,0,0,,,0.0,176,5,0.48395560908087487,1.0,0.8900318947698261,0.8001109507199595,50,0.008392333984375083,0.0,8.962770911748521,5,2373,1
5,adaptive_t0_i100ms,49,24.5,0,True,True,True,False,12,2540,15,145,7.924609933979813e-05,34363.42771896525,0.0022150145086925477,40.0,0.5687437968805898,0,0,,,0.0,177,5,0.5620668691273029,1.0,0.8901062648419559,0.8782222107663875,198,0.033233642578125076,0.0,12.96727959060081,13,1933,1
5,adaptive_t0_i100ms,49,24.5,0,True,True,True,False,12,2540,15,145,7.924609933979813e-05,34363.42771896525,0.0022150145086925477,40.0,0.5687437968805898,0,0,,,0.0,178,5,0.4787491915540023,1.0,0.8899550727999689,0.794904533193087,27,0.004531860351562583,0.0,65.7529645298273,21,2197,9
5,adaptive_t0_i100ms,49,24.5,0,True,True,True,False,12,2540,15,145,7.924609933979813e-05,34363.42771896525,0.0022150145086925477,40.0,0.5687437968805898,0,0,,,0.0,179,5,0.9291064488680009,1.0,0.890062724081925,1.2452617905070855,233,0.039108276367187556,0.0,9.646611499818391,29,1757,1
5,adaptive_t0_i100ms,49,24.5,0,True,True,True,False,12,2540,15,145,7.924609933979813e-05,34363.42771896525,0.0022150145086925477,40.0,0.5687437968805898,0,0,,,0.0,208,6,2.0348106715583025,1.0,0.8901184515032953,2.3509660131973873,150,0.025177001953125014,0.0,11.566113820379542,6,3078,12
5,adaptive_t0_i100ms,49,24.5,0,True,True,True,False,12,2540,15,145,7.924609933979813e-05,34363.42771896525,0.0022150145086925477,40.0,0.5687437968805898,0,0,,,0.0,209,6,0.23614619079605675,1.0,0.8901096346402187,0.5523015324351415,164,0.027526855468750066,0.0,4.448299795243656,14,2254,2
5,adaptive_t0_i100ms,49,24.5,0,True,True,True,False,12,2540,15,145,7.924609933979813e-05,34363.42771896525,0.0022150145086925477,40.0,0.5687437968805898,0,0,,,0.0,210,6,1.070834551237696,1.0,0.8901320736220927,1.3869898928767808,135,0.02265930175781257,0.0,7.802798023192736,22,2422,4
5,adaptive_t0_i100ms,49,24.5,0,True,True,True,False,12,2540,15,145,7.924609933979813e-05,34363.42771896525,0.0022150145086925477,40.0,0.5687437968805898,0,0,,,0.0,211,6,3.8760980403827245,1.0,0.890134214901961,4.192253382021809,207,0.03474426269531257,0.0,2.9884906502848025,30,2558,13
5,adaptive_t0_i100ms,49,24.5,0,True,True,True,False,12,2540,15,145,7.924609933979813e-05,34363.42771896525,0.0022150145086925477,40.0,0.5687437968805898,0,0,,,0.0,241,7,0.5367878077620485,1.0,0.8900746739500094,0.9583282632808281,243,0.04078674316406258,0.0,11.236262622776849,15,2607,7
5,adaptive_t0_i100ms,49,24.5,0,True,True,True,False,12,2540,15,145,7.924609933979813e-05,34363.42771896525,0.0022150145086925477,40.0,0.5687437968805898,0,0,,,0.0,242,7,5.812437797643516,1.0,0.8901315117216315,6.233978253162295,229,0.038436889648437576,0.0,2.280730762766325,23,2647,1
5,adaptive_t0_i100ms,49,24.5,0,True,True,True,False,12,2540,15,145,7.924609933979813e-05,34363.42771896525,0.0022150145086925477,40.0,0.5687437968805898,0,0,,,0.0,243,7,0.253103326062336,1.0,0.8900860151790173,0.6746437815811155,77,0.012924194335937562,0.0,60.50079411878687,31,2623,9
5,adaptive_t0_i100ms,50,25.0,0,True,True,True,False,28,2940,4,147,1.82109430897981e-05,34863.42619308634,0.0037408934149425477,40.0,0.5928526835993398,0,0,,,0.0,17,0,3.3484656512504163,1.0,1.373657329115303,4.174464939182567,73,0.012252807617187549,0.0,9.874349905374402,8,2120,8
5,adaptive_t0_i100ms,50,25.0,0,True,True,True,False,28,2940,4,147,1.82109430897981e-05,34863.42619308634,0.0037408934149425477,40.0,0.5928526835993398,0,0,,,0.0,18,0,0.31566075816020606,1.0,1.3736708378610347,1.1416600460923563,45,0.0075531005859375625,0.0,30.292482624397962,16,2320,6
5,adaptive_t0_i100ms,50,25.0,0,True,True,True,False,28,2940,4,147,1.82109430897981e-05,34863.42619308634,0.0037408934149425477,40.0,0.5928526835993398,0,0,,,0.0,48,1,0.3441170024003184,1.0,1.3735420234731994,0.8947831943550852,109,0.01829528808593759,0.0,7.691938891992322,1,2305,1
5,adaptive_t0_i100ms,50,25.0,0,True,True,True,False,28,2940,4,147,1.82109430897981e-05,34863.42619308634,0.0037408934149425477,40.0,0.5928526835993398,0,0,,,0.0,50,1,0.28888214387102146,1.0,1.3736258052580606,0.8395483358257883,97,0.016281127929687535,0.0,35.82200750662014,17,2865,6
5,adaptive_t0_i100ms,50,25.0,0,True,True,True,False,28,2940,4,147,1.82109430897981e-05,34863.42619308634,0.0037408934149425477,40.0,0.5928526835993398,0,0,,,0.0,51,1,0.47402011635197844,1.0,1.3736417847464715,1.0246863083067452,79,0.013259887695312542,0.0,18.978190234563954,25,2009,12
5,adaptive_t0_i100ms,50,25.0,0,True,True,True,False,28,2940,4,147,1.82109430897981e-05,34863.42619308634,0.0037408934149425477,40.0,0.5928526835993398,0,0,,,0.0,81,2,3.174369928406544,1.0,1.3736524266748396,3.725036120361311,89,0.01493835449218757,0.0,9.152324514332577,10,2410,0
5,adaptive_t0_i100ms,50,25.0,0,True,True,True,False,28,2940,4,147,1.82109430897981e-05,34863.42619308634,0.0037408934149425477,40.0,0.5928526835993398,0,0,,,0.0,82,2,0.30802583358684177,1.0,1.3736467228438214,0.8586920255416086,294,0.04934692382812507,0.0,6.705356351645605,18,2450,7
5,adaptive_t0_i100ms,50,25.0,0,True,True,True,False,28,2940,4,147,1.82109430897981e-05,34863.42619308634,0.0037408934149425477,40.0,0.5928526835993398,0,0,,,0.0,83,2,0.3024679881854746,1.0,1.3735177999488593,0.8531341801402414,308,0.05169677734375008,0.0,3.5193771033082157,26,3034,9
5,adaptive_t0_i100ms,50,25.0,0,True,True,True,False,28,2940,4,147,1.82109430897981e-05,34863.42619308634,0.0037408934149425477,40.0,0.5928526835993398,0,0,,,0.0,113,3,0.30784939152165625,1.0,1.3735768135274542,0.8585155834764231,147,0.02467346191406254,0.0,34.34297223385511,11,2475,3
5,adaptive_t0_i100ms,50,25.0,0,True,True,True,False,28,2940,4,147,1.82109430897981e-05,34863.42619308634,0.0037408934149425477,40.0,0.5928526835993398,0,0,,,0.0,114,3,0.5141070300226327,1.0,1.3736270389469762,1.0647732219773995,258,0.043304443359375076,0.0,9.863527674991929,19,2131,11
5,adaptive_t0_i100ms,50,25.0,0,True,True,True,False,28,2940,4,147,1.82109430897981e-05,34863.42619308634,0.0037408934149425477,40.0,0.5928526835993398,0,0,,,0.0,115,3,0.8818173248788339,1.0,1.3735947298871365,1.4324835168336008,69,0.011581420898437528,0.0,23.636296804295853,27,1787,9
5,adaptive_t0_i100ms,50,25.0,0,True,True,True,False,28,2940,4,147,1.82109430897981e-05,34863.42619308634,0.0037408934149425477,40.0,0.5928526835993398,0,0,,,0.0,144,4,0.27373184689629004,1.0,1.3734729766862395,0.6867314908623652,117,0.019638061523437556,0.0,37.5433755116901,4,2084,0
5,adaptive_t0_i100ms,50,25.0,0,True,True,True,False,28,2940,4,147,1.82109430897981e-05,34863.42619308634,0.0037408934149425477,40.0,0.5928526835993398,0,0,,,0.0,145,4,0.3251812880825693,1.0,1.3735229493099244,0.7381809320486444,317,0.05320739746093756,0.0,7.145681033318397,12,2572,3
5,adaptive_t0_i100ms,50,25.0,0,True,True,True,False,28,2940,4,147,1.82109430897981e-05,34863.42619308634,0.0037408934149425477,40.0,0.5928526835993398,0,0,,,0.0,146,4,0.5107748828099865,1.0,1.3736402994112074,0.9237745267760616,187,0.03138732910156259,0.0,23.287477713573026,20,2388,12
5,adaptive_t0_i100ms,50,25.0,0,True,True,True,True,28,2940,4,147,1.82109430897981e-05,34863.42619308634,0.0037408934149425477,40.0,0.5928526835993398,0,0,,,0.0,147,4,3.6429657378335465,1.0,1.3736839320473562,4.055965381799622,133,0.022323608398437562,1.82109430897981e-05,9.412879202034674,28,2940,4
5,adaptive_t0_i100ms,50,25.0,0,True,True,True,False,28,2940,4,147,1.82109430897981e-05,34863.42619308634,0.0037408934149425477,40.0,0.5928526835993398,0,0,,,0.0,176,5,1.8930206517318615,1.0,1.3736320355874707,2.4436868436866286,53,0.00889587402343759,0.0,18.2552877229391,5,2469,9
5,adaptive_t0_i100ms,50,25.0,0,True,True,True,False,28,2940,4,147,1.82109430897981e-05,34863.42619308634,0.0037408934149425477,40.0,0.5928526835993398,0,0,,,0.0,177,5,0.5530920239395031,1.0,1.3735881617459977,1.10375821589427,51,0.008560180664062576,0.0,34.44901914318325,13,1933,9
5,adaptive_t0_i100ms,50,25.0,0,True,True,True,False,28,2940,4,147,1.82109430897981e-05,34863.42619308634,0.0037408934149425477,40.0,0.5928526835993398,0,0,,,0.0,178,5,0.48609871378410746,1.0,1.3735621251522174,1.0367649057388744,102,0.017120361328125083,0.0,22.1196863560981,21,2229,0
5,adaptive_t0_i100ms,50,25.0,0,True,True,True,False,28,2940,4,147,1.82109430897981e-05,34863.42619308634,0.0037408934149425477,40.0,0.5928526835993398,0,0,,,0.0,208,6,0.5396929921053966,1.0,1.3735758859498532,1.0903591840601634,165,0.02769470214843752,0.0,16.79373503239185,6,3110,7
5,adaptive_t0_i100ms,50,25.0,0,True,True,True,False,28,2940,4,147,1.82109430897981e-05,34863.42619308634,0.0037408934149425477,40.0,0.5928526835993398,0,0,,,0.0,209,6,0.29102872926482026,1.0,1.3735823943192678,0.8416949212195871,176,0.029541015625000066,0.0,0.48581758617365267,14,2254,8
5,adaptive_t0_i100ms,50,25.0,0,True,True,True,False,28,2940,4,147,1.82109430897981e-05,34863.42619308634,0.0037408934149425477,40.0,0.5928526835993398,0,0,,,0.0,210,6,3.5464585100173838,1.0,1.3736714471382474,4.097124701972151,188,0.03155517578125007,0.0,6.256292287151155,22,2454,12
5,adaptive_t0_i100ms,50,25.0,0,True,True,True,False,28,2940,4,147,1.82109430897981e-05,34863.42619308634,0.0037408934149425477,40.0,0.5928526835993398,0,0,,,0.0,240,7,1.7824113816854747,1.0,1.3736156676836495,2.1954110256515498,144,0.024169921875000062,0.0,12.085072072193725,7,2631,6
5,adaptive_t0_i100ms,50,25.0,0,True,True,True,False,28,2940,4,147,1.82109430897981e-05,34863.42619308634,0.0037408934149425477,40.0,0.5928526835993398,0,0,,,0.0,241,7,0.532765869300953,1.0,1.373681782859244,0.9457655132670282,236,0.03961181640625008,0.0,12.78592089501035,15,2607,14
5,adaptive_t0_i100ms,50,25.0,0,True,True,True,False,28,2940,4,147,1.82109430897981e-05,34863.42619308634,0.0037408934149425477,40.0,0.5928526835993398,0,0,,,0.0,242,7,1.8423421307200203,1.0,1.3736587822025275,2.2553417746860953,38,0.006378173828125076,0.0,0.8745790283574024,23,2711,0
5,adaptive_t0_i100ms,50,25.0,0,True,True,True,False,28,2940,4,147,1.82109430897981e-05,34863.42619308634,0.0037408934149425477,40.0,0.5928526835993398,0,0,,,0.0,243,7,0.3046634662777598,1.0,1.3736247768886471,0.7176631102438349,57,0.009567260742187562,0.0,55.49850083571073,31,2623,13
5,adaptive_t0_i100ms,51,25.5,0,True,True,True,False,13,1965,4,177,0.0001250224665272981,35363.42886337443,0.0010706053290050477,40.0,0.4454222636774648,0,0,,,0.0,16,0,0.21118844892821434,1.0,1.8595569001891676,0.9006729987782017,250,0.04196166992187507,0.0,2.5298606585129164,0,2848,6
5,adaptive_t0_i100ms,51,25.5,0,True,True,True,False,13,1965,4,177,0.0001250224665272981,35363.42886337443,0.0010706053290050477,40.0,0.4454222636774648,0,0,,,0.0,18,0,0.23033411269118587,1.0,1.859630358189123,0.9198186625411733,195,0.03273010253906256,0.0,11.592719804728404,16,2320,11
5,adaptive_t0_i100ms,51,25.5,0,True,True,True,False,13,1965,4,177,0.0001250224665272981,35363.42886337443,0.0010706053290050477,40.0,0.4454222636774648,0,0,,,0.0,19,0,0.2146060715883865,1.0,1.8595385683825671,0.9040906214383739,151,0.025344848632812556,0.0,12.450940695140162,24,2136,5
5,adaptive_t0_i100ms,51,25.5,0,True,True,True,False,13,1965,4,177,0.0001250224665272981,35363.42886337443,0.0010706053290050477,40.0,0.4454222636774648,0,0,,,0.0,48,1,0.19780576917869175,1.0,1.8596437160141286,2.2662594187286538,89,0.01493835449218759,0.0,6.884289859641285,1,2305,8
5,adaptive_t0_i100ms,51,25.5,0,True,True,True,False,13,1965,4,177,0.0001250224665272981,35363.42886337443,0.0010706053290050477,40.0,0.4454222636774648,0,0,,,0.0,80,2,0.7353010007444867,1.0,1.859664676190675,1.7695278255194677,23,0.003860473632812571,0.0,6.425149735361629,2,3010,4
5,adaptive_t0_i100ms,51,25.5,0,True,True,True,False,13,1965,4,177,0.0001250224665272981,35363.42886337443,0.0010706053290050477,40.0,0.4454222636774648,0,0,,,0.0,81,2,0.42659303694684236,1.0,1.859585956415976,1.4608198617218235,178,0.029876708984375076,0.0,25.80821507800283,10,2538,2
5,adaptive_t0_i100ms,51,25.5,0,True,True,True,False,13,1965,4,177,0.0001250224665272981,35363.42886337443,0.0010706053290050477,40.0,0.4454222636774648,0,0,,,0.0,114,3,1.6454611279650977,1.0,1.8596481006130676,2.6796879527400788,38,0.006378173828125076,0.0,1.9102543214903562,19,2163,15
5,adaptive_t0_i100ms,51,25.5,0,True,True,True,False,13,1965,4,177,0.0001250224665272981,35363.42886337443,0.0010706053290050477,40.0,0.4454222636774648,0,0,,,0.0,115,3,8.576211881614059,1.0,1.859654396528623,9.61043870638904,276,0.046325683593750035,0.0,1.3325564462211332,27,1915,1
5,adaptive_t0_i100ms,51,25.5,0,True,True,True,False,13,1965,4,177,0.0001250224665272981,35363.42886337443,0.0010706053290050477,40.0,0.4454222636774648,0,0,,,0.0,144,4,0.24474940399044992,1.0,1.8595004555433106,0.9342339538404374,228,0.038269042968750056,0.0,15.472225187746517,4,2084,5
5,adaptive_t0_i100ms,51,25.5,0,True,True,True,False,13,1965,4,177,0.0001250224665272981,35363.42886337443,0.0010706053290050477,40.0,0.4454222636774648,0,0,,,0.0,146,4,3.447884357772071,1.0,1.8596571510346849,4.137368907622058,192,0.03222656250000009,0.0,5.497331105005287,20,2452,0
5,adaptive_t0_i100ms,51,25.5,0,True,True,True,False,13,1965,4,177,0.0001250224665272981,35363.42886337443,0.0010706053290050477,40.0,0.4454222636774648,0,0,,,0.0,147,4,0.46046443995831543,1.0,1.8596580780210492,1.1499489898083028,250,0.04196166992187506,0.0,10.378853177724523,28,2972,6
5,adaptive_t0_i100ms,51,25.5,0,True,True,True,True,13,1965,4,177,0.0001250224665272981,35363.42886337443,0.0010706053290050477,40.0,0.4454222636774648,0,0,,,0.0,177,5,0.8985432176802827,1.0,1.8596696060844198,1.58802776753027,219,0.036758422851562576,0.0001250224665272981,0.38965336906403536,13,1965,4
5,adaptive_t0_i100ms,51,25.5,0,True,True,True,False,13,1965,4,177,0.0001250224665272981,35363.42886337443,0.0010706053290050477,40.0,0.4454222636774648,0,0,,,0.0,178,5,1.610040873648034,1.0,1.8596570834149748,2.2995254234980216,82,0.013763427734375083,0.0,10.962936695876124,21,2293,8
5,adaptive_t0_i100ms,51,25.5,0,True,True,True,False,13,1965,4,177,0.0001250224665272981,35363.42886337443,0.0010706053290050477,40.0,0.4454222636774648,0,0,,,0.0,179,5,0.20865560796730956,1.0,1.8595192547191568,0.898140157817297,158,0.026519775390625056,0.0,21.57802844275284,29,1853,6
5,adaptive_t0_i100ms,51,25.5,0,True,True,True,False,13,1965,4,177,0.0001250224665272981,35363.42886337443,0.0010706053290050477,40.0,0.4454222636774648,0,0,,,0.0,209,6,0.2038850469951387,1.0,1.8596478185719707,2.2723386965451007,116,0.019470214843750066,0.0,6.776248999696691,14,2254,14
5,adaptive_t0_i100ms,51,25.5,0,True,True,True,False,13,1965,4,177,0.0001250224665272981,35363.42886337443,0.0010706053290050477,40.0,0.4454222636774648,0,0,,,0.0,241,7,1.758287107017182,1.0,1.8596228164977353,2.4477716568671695,39,0.006462097167968837,0.0,6.385919971624389,15,2703,3
5,adaptive_t0_i100ms,51,25.5,0,True,True,True,False,13,1965,4,177,0.0001250224665272981,35363.42886337443,0.0010706053290050477,40.0,0.4454222636774648,0,0,,,0.0,242,7,0.9067846653226785,1.0,1.8596361218709443,1.5962692151726658,77,0.012924194335937583,0.0,27.38630364009441,23,2807,8
5,adaptive_t0_i100ms,51,25.5,0,True,True,True,False,13,1965,4,177,0.0001250224665272981,35363.42886337443,0.0010706053290050477,40.0,0.4454222636774648,0,0,,,0.0,243,7,1.4755746335918782,1.0,1.8596019473296312,2.1650591834418655,93,0.015525817871093812,0.0,10.866809071238094,31,2655,3
5,adaptive_t0_i100ms,52,26.0,0,True,True,True,False,21,2421,0,178,9.577187011018386e-06,35863.42597724244,0.00395673731691204,40.0,0.051538507851073515,0,0,,,0.0,146,4,1.5799867793426516,1.0,0.002836244569696601,19.010645417178342,97,0.01628112792968759,0.0,2.281978044164134,20,2452,15
5,adaptive_t0_i100ms,52,26.0,0,True,True,True,True,21,2421,0,178,9.577187011018386e-06,35863.42597724244,0.00395673731691204,40.0,0.051538507851073515,0,0,,,0.0,178,5,3.185001563745118,1.0,0.0028375263374990026,11.900330882662963,159,0.026687622070312583,9.577187011018386e-06,2.557041372114327,21,2421,0
5,adaptive_t0_i100ms,52,26.0,0,True,True,True,False,21,2421,0,178,9.577187011018386e-06,35863.42597724244,0.00395673731691204,40.0,0.051538507851073515,0,0,,,0.0,179,5,0.37369438124084475,1.0,0.002831876931633249,9.089023700158691,51,0.008560180664062556,0.0,2.7505656263092533,29,1853,11
5,adaptive_t0_i100ms,53,26.5,0,True,True,False,False,,,,,,,,,0.0,0,0,,,0.0,,,,,,,,,,,,,
5,adaptive_t0_i100ms,54,27.0,0,True,True,True,False,27,2011,0,115,8.950800634920598e-05,36863.427975512925,0.0019584668334573507,40.0,0.6367319640610367,0,0,,,0.0,16,0,0.46329377640289143,1.0,0.45781698003012655,0.46329377640289143,198,0.033233642578125076,0.0,39.055054904325516,0,2880,3
5,adaptive_t0_i100ms,54,27.0,0,True,True,True,False,27,2011,0,115,8.950800634920598e-05,36863.427975512925,0.0019584668334573507,40.0,0.6367319640610367,0,0,,,0.0,17,0,0.20212315116235247,1.0,0.4577013497435183,0.20212315116235247,77,0.012924194335937556,0.0,21.90446640209848,8,2408,9
5,adaptive_t0_i100ms,54,27.0,0,True,True,True,False,27,2011,0,115,8.950800634920598e-05,36863.427975512925,0.0019584668334573507,40.0,0.6367319640610367,0,0,,,0.0,18,0,1.6525722032439882,1.0,0.45808049972002274,1.6525722032439882,141,0.023666381835937562,0.0,1.5915373245079536,16,2448,12
5,adaptive_t0_i100ms,54,27.0,0,True,True,True,False,27,2011,0,115,8.950800634920598e-05,36863.427975512925,0.0019584668334573507,40.0,0.6367319640610367,0,0,,,0.0,19,0,5.720875787792718,1.0,0.4580832122511281,5.720875787792718,302,0.050689697265625056,0.0,1.043108333084092,24,2264,3
5,adaptive_t0_i100ms,54,27.0,0,True,True,True,False,27,2011,0,115,8.950800634920598e-05,36863.427975512925,0.0019584668334573507,40.0,0.6367319640610367,0,0,,,0.0,48,1,0.4499508186687112,1.0,0.4578470179571583,0.4499508186687112,1,0.00016784667968759712,0.0,76.32646413408656,1,2337,14
5,adaptive_t0_i100ms,54,27.0,0,True,True,True,False,27,2011,0,115,8.950800634920598e-05,36863.427975512925,0.0019584668334573507,40.0,0.6367319640610367,0,0,,,0.0,49,1,5.753502282488776,1.0,0.458059122080244,5.753502282488776,42,0.007049560546875073,0.0,0.1301347886401345,9,2249,4
5,adaptive_t0_i100ms,54,27.0,0,True,True,True,False,27,2011,0,115,8.950800634920598e-05,36863.427975512925,0.0019584668334573507,40.0,0.6367319640610367,0,0,,,0.0,50,1,3.6886257083255996,1.0,0.458049651825113,3.6886257083255996,154,0.02584838867187504,0.0,0.6301845174020855,17,3025,5
5,adaptive_t0_i100ms,54,27.0,0,True,True,True,False,27,2011,0,115,8.950800634920598e-05,36863.427975512925,0.0019584668334573507,40.0,0.6367319640610367,0,0,,,0.0,51,1,0.20818351257223305,1.0,0.4577583568830656,0.20818351257223305,252,0.04229736328125004,0.0,29.275416475808015,25,2073,0
5,adaptive_t0_i100ms,54,27.0,0,True,True,True,False,27,2011,0,115,8.950800634920598e-05,36863.427975512925,0.0019584668334573507,40.0,0.6367319640610367,0,0,,,0.0,80,2,0.23690701492986982,1.0,0.4575923547543369,0.23690701492986982,67,0.01124572753906257,0.0,100.89354870369425,2,3138,10
5,adaptive_t0_i100ms,54,27.0,0,True,True,True,False,27,2011,0,115,8.950800634920598e-05,36863.427975512925,0.0019584668334573507,40.0,0.6367319640610367,0,0,,,0.0,81,2,1.9605049119229925,1.0,0.45800132337763,1.9605049119229925,177,0.029708862304687576,0.0,0.9399352736509172,10,2634,13
5,adaptive_t0_i100ms,54,27.0,0,True,True,True,False,27,2011,0,115,8.950800634920598e-05,36863.427975512925,0.0019584668334573507,40.0,0.6367319640610367,0,0,,,0.0,82,2,0.46925474465884554,1.0,0.45774045544396014,0.46925474465884554,102,0.01712036132812507,0.0,70.41147250796348,18,2546,4
5,adaptive_t0_i100ms,54,27.0,0,True,True,True,False,27,2011,0,115,8.950800634920598e-05,36863.427975512925,0.0019584668334573507,40.0,0.6367319640610367,0,0,,,0.0,83,2,0.9255875927955107,1.0,0.4580409975844423,0.9255875927955107,226,0.03793334960937508,0.0,16.865243014159205,26,3098,15
5,adaptive_t0_i100ms,54,27.0,0,True,True,True,False,27,2011,0,115,8.950800634920598e-05,36863.427975512925,0.0019584668334573507,40.0,0.6367319640610367,0,0,,,0.0,112,3,1.6686427897225455,1.0,0.45806785705951214,1.6686427897225455,260,0.04364013671875008,0.0,7.808826143751503,3,2787,8
5,adaptive_t0_i100ms,54,27.0,0,True,True,True,False,27,2011,0,115,8.950800634920598e-05,36863.427975512925,0.0019584668334573507,40.0,0.6367319640610367,0,0,,,0.0,113,3,1.433524230475017,1.0,0.4579937346296323,1.433524230475017,1,0.00016784667968754163,0.0,18.745198996344698,11,2539,1
5,adaptive_t0_i100ms,54,27.0,0,True,True,True,False,27,2011,0,115,8.950800634920598e-05,36863.427975512925,0.0019584668334573507,40.0,0.6367319640610367,0,0,,,0.0,114,3,0.1941869512212287,1.0,0.45779694400069393,0.1941869512212287,119,0.019973754882812576,0.0,31.9988365195386,19,2259,13
5,adaptive_t0_i100ms,54,27.0,0,True,True,True,True,27,2011,0,115,8.950800634920598e-05,36863.427975512925,0.0019584668334573507,40.0,0.6367319640610367,0,0,,,0.0,115,3,6.4185704701595645,1.0,0.45808395489403847,6.4185704701595645,31,0.005203247070312535,8.950800634920598e-05,1.5354679891388514,27,2011,0
5,adaptive_t0_i100ms,54,27.0,0,True,True,True,False,27,2011,0,115,8.950800634920598e-05,36863.427975512925,0.0019584668334573507,40.0,0.6367319640610367,0,0,,,0.0,144,4,0.8724089075047552,1.0,0.4579282578550069,0.8724089075047552,6,0.0010070800781250572,0.0,9.499700606116676,4,2116,12
5,adaptive_t0_i100ms,54,27.0,0,True,True,True,False,27,2011,0,115,8.950800634920598e-05,36863.427975512925,0.0019584668334573507,40.0,0.6367319640610367,0,0,,,0.0,145,4,0.22666078057176922,1.0,0.45773395018017926,0.22666078057176922,166,0.027862548828125062,0.0,82.41694076872227,12,2604,1
5,adaptive_t0_i100ms,54,27.0,0,True,True,True,False,27,2011,0,115,8.950800634920598e-05,36863.427975512925,0.0019584668334573507,40.0,0.6367319640610367,0,0,,,0.0,146,4,0.9166349933945478,1.0,0.45806282225935724,0.9166349933945478,224,0.03759765625000009,0.0,19.722225070050627,20,2580,4
5,adaptive_t0_i100ms,54,27.0,0,True,True,True,False,27,2011,0,115,8.950800634920598e-05,36863.427975512925,0.0019584668334573507,40.0,0.6367319640610367,0,0,,,0.0,147,4,0.4218126814996447,1.0,0.4578845116160771,0.4218126814996447,186,0.031219482421875062,0.0,26.360276583305676,28,3132,9
5,adaptive_t0_i100ms,54,27.0,0,True,True,True,False,27,2011,0,115,8.950800634920598e-05,36863.427975512925,0.0019584668334573507,40.0,0.6367319640610367,0,0,,,0.0,176,5,0.21047533085400744,1.0,0.45771485578989274,0.21047533085400744,107,0.01795959472656259,0.0,32.181467867245374,5,2533,15
5,adaptive_t0_i100ms,54,27.0,0,True,True,True,False,27,2011,0,115,8.950800634920598e-05,36863.427975512925,0.0019584668334573507,40.0,0.6367319640610367,0,0,,,0.0,177,5,0.423808511368554,1.0,0.45795960008343317,0.423808511368554,10,0.0016784667968750833,0.0,103.66846334132424,13,2093,8
5,adaptive_t0_i100ms,54,27.0,0,True,True,True,False,27,2011,0,115,8.950800634920598e-05,36863.427975512925,0.0019584668334573507,40.0,0.6367319640610367,0,0,,,0.0,178,5,0.36794067556387555,1.0,0.45779541718443784,0.36794067556387555,10,0.0016784667968750833,0.0,19.98471425382013,21,2485,5
5,adaptive_t0_i100ms,54,27.0,0,True,True,True,False,27,2011,0,115,8.950800634920598e-05,36863.427975512925,0.0019584668334573507,40.0,0.6367319640610367,0,0,,,0.0,179,5,0.3856816850410425,1.0,0.45790095727076285,0.3856816850410425,49,0.008224487304687556,0.0,15.55566574291879,29,1885,13
5,adaptive_t0_i100ms,54,27.0,0,True,True,True,False,27,2011,0,115,8.950800634920598e-05,36863.427975512925,0.0019584668334573507,40.0,0.6367319640610367,0,0,,,0.0,208,6,0.903744817744289,1.0,0.4579565680850787,0.903744817744289,267,0.04481506347656252,0.0,9.437350435415283,6,3174,12
5,adaptive_t0_i100ms,54,27.0,0,True,True,True,False,27,2011,0,115,8.950800634920598e-05,36863.427975512925,0.0019584668334573507,40.0,0.6367319640610367,0,0,,,0.0,209,6,0.23427910702909033,1.0,0.45768936063687826,0.23427910702909033,108,0.01812744140625007,0.0,17.234936372675293,14,2350,14
5,adaptive_t0_i100ms,54,27.0,0,True,True,True,False,27,2011,0,115,8.950800634920598e-05,36863.427975512925,0.0019584668334573507,40.0,0.6367319640610367,0,0,,,0.0,210,6,0.20481739185255565,1.0,0.4577794614317534,0.20481739185255565,139,0.02333068847656257,0.0,16.812623506426462,22,2582,13
5,adaptive_t0_i100ms,54,27.0,0,True,True,True,False,27,2011,0,115,8.950800634920598e-05,36863.427975512925,0.0019584668334573507,40.0,0.6367319640610367,0,0,,,0.0,211,6,0.45694193794768057,1.0,0.45783359384930816,0.45694193794768057,44,0.007385253906250069,0.0,89.33336839474214,30,2718,3
5,adaptive_t0_i100ms,54,27.0,0,True,True,True,False,27,2011,0,115,8.950800634920598e-05,36863.427975512925,0.0019584668334573507,40.0,0.6367319640610367,0,0,,,0.0,240,7,0.38776779600198813,1.0,0.45775830114901384,0.38776779600198813,5,0.0008392333984375763,0.0,61.69416049555002,7,2823,13
5,adaptive_t0_i100ms,54,27.0,0,True,True,True,False,27,2011,0,115,8.950800634920598e-05,36863.427975512925,0.0019584668334573507,40.0,0.6367319640610367,0,0,,,0.0,241,7,0.7916445096976619,1.0,0.45788072699842736,0.7916445096976619,61,0.010238647460937587,0.0,15.583323580300203,15,3119,15
5,adaptive_t0_i100ms,54,27.0,0,True,True,True,False,27,2011,0,115,8.950800634920598e-05,36863.427975512925,0.0019584668334573507,40.0,0.6367319640610367,0,0,,,0.0,242,7,0.8617121909298282,1.0,0.4579570479754346,0.8617121909298282,134,0.02249145507812509,0.0,25.91605221890495,23,2935,12
5,adaptive_t0_i100ms,54,27.0,0,True,True,True,False,27,2011,0,115,8.950800634920598e-05,36863.427975512925,0.0019584668334573507,40.0,0.6367319640610367,0,0,,,0.0,243,7,0.887362736455873,1.0,0.4580567975939485,0.887362736455873,127,0.02131652832031257,0.0,30.87990243906097,31,2751,3
5,adaptive_t0_i100ms,55,27.5,0,True,True,True,False,22,2646,10,210,2.8472850099205962e-05,37363.42644963402,0.0034843457397073507,40.0,0.5903452453110367,0,0,,,0.0,17,0,1.1647799521067153,1.0,0.9444956341273172,1.3069874078948105,232,0.03894042968750006,0.0,3.416462357105047,8,2440,1
5,adaptive_t0_i100ms,55,27.5,0,True,True,True,False,22,2646,10,210,2.8472850099205962e-05,37363.42644963402,0.0034843457397073507,40.0,0.5903452453110367,0,0,,,0.0,19,0,0.3726546047973633,1.0,0.9443881186693176,0.5148620605854586,64,0.010742187500000056,0.0,14.616376020268945,24,2296,5
5,adaptive_t0_i100ms,55,27.5,0,True,True,True,False,22,2646,10,210,2.8472850099205962e-05,37363.42644963402,0.0034843457397073507,40.0,0.5903452453110367,0,0,,,0.0,48,1,0.32873311662597665,1.0,0.9441723007948428,0.39983684452002427,16,0.002685546875000097,0.0,14.087562973341846,1,2401,5
5,adaptive_t0_i100ms,55,27.5,0,True,True,True,False,22,2646,10,210,2.8472850099205962e-05,37363.42644963402,0.0034843457397073507,40.0,0.5903452453110367,0,0,,,0.0,49,1,6.710943496414821,1.0,0.9445594962743117,6.782047224308869,37,0.006210327148437569,0.0,4.505826437940414,9,2313,12
5,adaptive_t0_i100ms,55,27.5,0,True,True,True,False,22,2646,10,210,2.8472850099205962e-05,37363.42644963402,0.0034843457397073507,40.0,0.5903452453110367,0,0,,,0.0,50,1,0.7717798487088879,1.0,0.9444020364239226,0.8428835766029356,159,0.02668762207031255,0.0,29.625076512253145,17,3089,3
5,adaptive_t0_i100ms,55,27.5,0,True,True,True,False,22,2646,10,210,2.8472850099205962e-05,37363.42644963402,0.0034843457397073507,40.0,0.5903452453110367,0,0,,,0.0,51,1,1.2498364021008557,1.0,0.9444769377876818,1.3209401299949033,95,0.01594543457031255,0.0,22.909711032785708,25,2105,10
5,adaptive_t0_i100ms,55,27.5,0,True,True,True,False,22,2646,10,210,2.8472850099205962e-05,37363.42644963402,0.0034843457397073507,40.0,0.5903452453110367,0,0,,,0.0,80,2,0.4270792928466797,1.0,0.9443874082785453,0.49818302074072734,57,0.00956726074218757,0.0,53.91425007570069,2,3138,15
5,adaptive_t0_i100ms,55,27.5,0,True,True,True,False,22,2646,10,210,2.8472850099205962e-05,37363.42644963402,0.0034843457397073507,40.0,0.5903452453110367,0,0,,,0.0,81,2,0.8069088631616466,1.0,0.9444985161779188,0.8780125910556942,47,0.007888793945312576,0.0,18.42926396169787,10,2730,5
5,adaptive_t0_i100ms,55,27.5,0,True,True,True,False,22,2646,10,210,2.8472850099205962e-05,37363.42644963402,0.0034843457397073507,40.0,0.5903452453110367,0,0,,,0.0,82,2,0.8057453703868663,1.0,0.9444299534796037,0.876849098280914,251,0.04212951660156257,0.0,16.043820668186527,18,2546,11
5,adaptive_t0_i100ms,55,27.5,0,True,True,True,False,22,2646,10,210,2.8472850099205962e-05,37363.42644963402,0.0034843457397073507,40.0,0.5903452453110367,0,0,,,0.0,83,2,1.2184422042002208,1.0,0.9445125724937562,1.2895459320942684,162,0.027191162109375083,0.0,7.384754488099134,26,3162,2
5,adaptive_t0_i100ms,55,27.5,0,True,True,True,False,22,2646,10,210,2.8472850099205962e-05,37363.42644963402,0.0034843457397073507,40.0,0.5903452453110367,0,0,,,0.0,112,3,0.7596190775024414,1.0,0.9445347260595006,0.830722805396489,88,0.014770507812500083,0.0,37.44162582801073,3,2883,1
5,adaptive_t0_i100ms,55,27.5,0,True,True,True,False,22,2646,10,210,2.8472850099205962e-05,37363.42644963402,0.0034843457397073507,40.0,0.5903452453110367,0,0,,,0.0,113,3,0.3692303788513183,1.0,0.9444116495368364,0.44033410674536594,180,0.03021240234375004,0.0,0.11117722769995453,11,2539,7
5,adaptive_t0_i100ms,55,27.5,0,True,True,True,False,22,2646,10,210,2.8472850099205962e-05,37363.42644963402,0.0034843457397073507,40.0,0.5903452453110367,0,0,,,0.0,114,3,3.3713246103480485,1.0,0.9445275957691762,3.442428338242096,63,0.010574340820312576,0.0,9.478976657861494,19,2323,4
5,adaptive_t0_i100ms,55,27.5,0,True,True,True,False,22,2646,10,210,2.8472850099205962e-05,37363.42644963402,0.0034843457397073507,40.0,0.5903452453110367,0,0,,,0.0,115,3,3.6857055051091567,1.0,0.9445541257764846,3.7568092330032044,210,0.035247802734375035,0.0,5.476264010518207,27,2043,4
5,adaptive_t0_i100ms,55,27.5,0,True,True,True,False,22,2646,10,210,2.8472850099205962e-05,37363.42644963402,0.0034843457397073507,40.0,0.5903452453110367,0,0,,,0.0,144,4,0.7745928699446056,1.0,0.9443765025175977,0.8693978404700025,161,0.027023315429687556,0.0,5.7245233299036045,4,2180,7
5,adaptive_t0_i100ms,55,27.5,0,True,True,True,False,22,2646,10,210,2.8472850099205962e-05,37363.42644963402,0.0034843457397073507,40.0,0.5903452453110367,0,0,,,0.0,145,4,0.4086081026824951,1.0,0.9442801584243692,0.5034130732078919,287,0.04817199707031256,0.0,11.012486619583797,12,2604,5
5,adaptive_t0_i100ms,55,27.5,0,True,True,True,False,22,2646,10,210,2.8472850099205962e-05,37363.42644963402,0.0034843457397073507,40.0,0.5903452453110367,0,0,,,0.0,147,4,0.0,1.0,0.9440304692532374,0.09480497052539683,132,0.022155761718750062,0.0,34.51754968658497,28,3164,0
5,adaptive_t0_i100ms,55,27.5,0,True,True,True,False,22,2646,10,210,2.8472850099205962e-05,37363.42644963402,0.0034843457397073507,40.0,0.5903452453110367,0,0,,,0.0,177,5,0.7631431895498302,1.0,0.9443886955509766,0.857948160075227,166,0.027862548828125083,0.0,25.93214401823934,13,2093,15
5,adaptive_t0_i100ms,55,27.5,0,True,True,True,False,22,2646,10,210,2.8472850099205962e-05,37363.42644963402,0.0034843457397073507,40.0,0.5903452453110367,0,0,,,0.0,178,5,0.7818219935622813,1.0,0.9445599977920428,0.8766269640876782,58,0.009735107421875083,0.0,26.548167530447245,21,2517,5
5,adaptive_t0_i100ms,55,27.5,0,True,True,True,False,22,2646,10,210,2.8472850099205962e-05,37363.42644963402,0.0034843457397073507,40.0,0.5903452453110367,0,0,,,0.0,179,5,0.7986854445891368,1.0,0.9444781303099428,0.8934904151145336,190,0.031890869140625056,0.0,7.022542201266333,29,1917,8
5,adaptive_t0_i100ms,55,27.5,0,True,True,True,False,22,2646,10,210,2.8472850099205962e-05,37363.42644963402,0.0034843457397073507,40.0,0.5903452453110367,0,0,,,0.0,209,6,1.1720142898653818,1.0,0.9444880879606368,1.2668192603907786,49,0.00822448730468757,0.0,16.789326388548943,14,2382,15
5,adaptive_t0_i100ms,55,27.5,0,True,True,True,True,22,2646,10,210,2.8472850099205962e-05,37363.42644963402,0.0034843457397073507,40.0,0.5903452453110367,0,0,,,0.0,210,6,6.964336672653591,1.0,0.9445694332616965,7.059141643178988,130,0.021820068359375076,2.8472850099205962e-05,1.9992305073028547,22,2646,10
5,adaptive_t0_i100ms,55,27.5,0,True,True,True,False,22,2646,10,210,2.8472850099205962e-05,37363.42644963402,0.0034843457397073507,40.0,0.5903452453110367,0,0,,,0.0,211,6,0.7942031064819592,1.0,0.9445409094903785,0.8890080770073561,107,0.01795959472656257,0.0,35.64795152926672,30,2718,10
5,adaptive_t0_i100ms,55,27.5,0,True,True,True,False,22,2646,10,210,2.8472850099205962e-05,37363.42644963402,0.0034843457397073507,40.0,0.5903452453110367,0,0,,,0.0,240,7,0.39142469542236336,1.0,0.944248573701433,0.462528423316411,110,0.018463134765625076,0.0,46.797498039850325,7,2855,3
5,adaptive_t0_i100ms,55,27.5,0,True,True,True,False,22,2646,10,210,2.8472850099205962e-05,37363.42644963402,0.0034843457397073507,40.0,0.5903452453110367,0,0,,,0.0,241,7,1.2667938778620862,1.0,0.9444679593158756,1.3378976057561338,313,0.05253601074218758,0.0,4.134832734904194,15,3183,6
5,adaptive_t0_i100ms,55,27.5,0,True,True,True,False,22,2646,10,210,2.8472850099205962e-05,37363.42644963402,0.0034843457397073507,40.0,0.5903452453110367,0,0,,,0.0,242,7,0.36858582756042485,1.0,0.9443682527699359,0.43968955545447247,81,0.013595581054687597,0.0,59.40649300577934,23,2999,3
5,adaptive_t0_i100ms,55,27.5,0,True,True,True,False,22,2646,10,210,2.8472850099205962e-05,37363.42644963402,0.0034843457397073507,40.0,0.5903452453110367,0,0,,,0.0,243,7,1.1976879140553234,1.0,0.9445113825973913,1.268791641949371,72,0.01208496093750007,0.0,31.02177499834943,31,2751,15
5,adaptive_t0_i100ms,56,28.0,0,True,True,True,False,6,3206,6,208,0.00013528437353670596,37863.429119922104,0.0008140576537698507,40.0,0.6715220031235367,0,0,,,0.0,16,0,0.4747739576328711,1.0,1.415713018095233,0.4961692140936398,113,0.018966674804687576,0.0,71.08271481750853,0,2880,15
5,adaptive_t0_i100ms,56,28.0,0,True,True,True,False,6,3206,6,208,0.00013528437353670596,37863.429119922104,0.0008140576537698507,40.0,0.6715220031235367,0,0,,,0.0,17,0,0.8733764041208713,1.0,1.4158520123848466,0.8947716605816399,112,0.018798828125000062,0.0,25.21645175487356,8,2440,13
5,adaptive_t0_i100ms,56,28.0,0,True,True,True,False,6,3206,6,208,0.00013528437353670596,37863.429119922104,0.0008140576537698507,40.0,0.6715220031235367,0,0,,,0.0,18,0,1.7962199492611703,1.0,1.4159395063554845,1.817615205721939,206,0.03457641601562506,0.0,11.149311495806614,16,2544,12
5,adaptive_t0_i100ms,56,28.0,0,True,True,True,False,6,3206,6,208,0.00013528437353670596,37863.429119922104,0.0008140576537698507,40.0,0.6715220031235367,0,0,,,0.0,19,0,0.21183919647467972,1.0,1.4155310508818988,0.2332344529354484,119,0.019973754882812556,0.0,7.462830537348054,24,2296,13
5,adaptive_t0_i100ms,56,28.0,0,True,True,True,False,6,3206,6,208,0.00013528437353670596,37863.429119922104,0.0008140576537698507,40.0,0.6715220031235367,0,0,,,0.0,48,1,0.6705200632729951,1.0,1.4158767809695034,0.6990470718873533,17,0.002853393554687599,0.0,6.5894201371847885,1,2433,15
5,adaptive_t0_i100ms,56,28.0,0,True,True,True,False,6,3206,6,208,0.00013528437353670596,37863.429119922104,0.0008140576537698507,40.0,0.6715220031235367,0,0,,,0.0,50,1,0.4437517956284506,1.0,1.4158293604708907,0.4722788042428088,272,0.04565429687500005,0.0,14.62197226149874,17,3089,9
5,adaptive_t0_i100ms,56,28.0,0,True,True,True,False,6,3206,6,208,0.00013528437353670596,37863.429119922104,0.0008140576537698507,40.0,0.6715220031235367,0,0,,,0.0,51,1,0.3577217454854544,1.0,1.4158065604896357,0.38624875409981263,54,0.009063720703125049,0.0,6.101272431929829,25,2137,12
5,adaptive_t0_i100ms,56,28.0,0,True,True,True,False,6,3206,6,208,0.00013528437353670596,37863.429119922104,0.0008140576537698507,40.0,0.6715220031235367,0,0,,,0.0,80,2,6.705017887047937,1.0,1.4159437167335183,6.726413143508706,310,0.052032470703125076,0.0,0.31865048380132066,2,3234,5
5,adaptive_t0_i100ms,56,28.0,0,True,True,True,False,6,3206,6,208,0.00013528437353670596,37863.429119922104,0.0008140576537698507,40.0,0.6715220031235367,0,0,,,0.0,81,2,1.8863080118399662,1.0,1.4159490177575706,1.907703268300735,259,0.043472290039062576,0.0,4.175516450901341,10,2762,3
5,adaptive_t0_i100ms,56,28.0,0,True,True,True,False,6,3206,6,208,0.00013528437353670596,37863.429119922104,0.0008140576537698507,40.0,0.6715220031235367,0,0,,,0.0,82,2,8.518398861502845,1.0,1.4159472911033435,8.539794117963615,178,0.02987670898437507,0.0,0.46990866261330666,18,2610,7
5,adaptive_t0_i100ms,56,28.0,0,True,True,True,False,6,3206,6,208,0.00013528437353670596,37863.429119922104,0.0008140576537698507,40.0,0.6715220031235367,0,0,,,0.0,83,2,5.673518849171318,1.0,1.415937605314017,5.694914105632087,200,0.03356933593750009,0.0,1.9682521500872099,26,3322,2
5,adaptive_t0_i100ms,56,28.0,0,True,True,True,False,6,3206,6,208,0.00013528437353670596,37863.429119922104,0.0008140576537698507,40.0,0.6715220031235367,0,0,,,0.0,112,3,0.43181297891771875,1.0,1.4155967245380308,0.4532082353784874,110,0.018463134765625083,0.0,64.96841867441253,3,2883,7
5,adaptive_t0_i100ms,56,28.0,0,True,True,True,False,6,3206,6,208,0.00013528437353670596,37863.429119922104,0.0008140576537698507,40.0,0.6715220031235367,0,0,,,0.0,113,3,0.20989266136248821,1.0,1.4155737346185309,0.2312879178232569,12,0.0020141601562500416,0.0,86.42653200409404,11,2539,12
5,adaptive_t0_i100ms,56,28.0,0,True,True,True,False,6,3206,6,208,0.00013528437353670596,37863.429119922104,0.0008140576537698507,40.0,0.6715220031235367,0,0,,,0.0,114,3,0.8028459526271837,1.0,1.4158357929790832,0.8242412090879524,134,0.022491455078125076,0.0,7.068979341362137,19,2419,7
5,adaptive_t0_i100ms,56,28.0,0,True,True,True,False,6,3206,6,208,0.00013528437353670596,37863.429119922104,0.0008140576537698507,40.0,0.6715220031235367,0,0,,,0.0,115,3,1.7040408622882437,1.0,1.415947769788627,1.7254361187490124,22,0.0036926269531250347,0.0,12.713977951003471,27,2107,15
5,adaptive_t0_i100ms,56,28.0,0,True,True,True,False,6,3206,6,208,0.00013528437353670596,37863.429119922104,0.0008140576537698507,40.0,0.6715220031235367,0,0,,,0.0,144,4,0.4468269682216057,1.0,1.4157069817213146,0.4682222246823744,152,0.025512695312500056,0.0,6.013152925093891,4,2212,1
5,adaptive_t0_i100ms,56,28.0,0,True,True,True,False,6,3206,6,208,0.00013528437353670596,37863.429119922104,0.0008140576537698507,40.0,0.6715220031235367,0,0,,,0.0,145,4,0.2322773180070352,1.0,1.415888962459915,0.2536725744678039,131,0.021987915039062562,0.0,95.28892135998467,12,2604,8
5,adaptive_t0_i100ms,56,28.0,0,True,True,True,False,6,3206,6,208,0.00013528437353670596,37863.429119922104,0.0008140576537698507,40.0,0.6715220031235367,0,0,,,0.0,146,4,0.22669451370508903,1.0,1.4154685534557148,0.2480897701658577,184,0.03088378906250009,0.0,16.18875021534768,20,2612,10
5,adaptive_t0_i100ms,56,28.0,0,True,True,True,False,6,3206,6,208,0.00013528437353670596,37863.429119922104,0.0008140576537698507,40.0,0.6715220031235367,0,0,,,0.0,147,4,0.9678891754079004,1.0,1.4159191577578762,0.9892844318686691,99,0.016616821289062562,0.0,20.77081857599842,28,3228,8
5,adaptive_t0_i100ms,56,28.0,0,True,True,True,False,6,3206,6,208,0.00013528437353670596,37863.429119922104,0.0008140576537698507,40.0,0.6715220031235367,0,0,,,0.0,176,5,0.23082249864759996,1.0,1.4154151410629905,0.25221775510836864,172,0.02886962890625009,0.0,41.042628145565686,5,2565,8
5,adaptive_t0_i100ms,56,28.0,0,True,True,True,False,6,3206,6,208,0.00013528437353670596,37863.429119922104,0.0008140576537698507,40.0,0.6715220031235367,0,0,,,0.0,177,5,0.36255582312714973,1.0,1.4155796592839776,0.3839510795879184,265,0.04447937011718758,0.0,21.04230392663885,13,2157,0
5,adaptive_t0_i100ms,56,28.0,0,True,True,True,False,6,3206,6,208,0.00013528437353670596,37863.429119922104,0.0008140576537698507,40.0,0.6715220031235367,0,0,,,0.0,178,5,0.454729789053292,1.0,1.4157049912271236,0.47612504551406065,122,0.020477294921875083,0.0,29.438118746416876,21,2517,14
5,adaptive_t0_i100ms,56,28.0,0,True,True,True,False,6,3206,6,208,0.00013528437353670596,37863.429119922104,0.0008140576537698507,40.0,0.6715220031235367,0,0,,,0.0,179,5,0.47316478050139843,1.0,1.4157922218235768,0.4945600369621671,22,0.0036926269531250555,0.0,57.709361276625714,29,1949,0
5,adaptive_t0_i100ms,56,28.0,0,True,True,True,True,6,3206,6,208,0.00013528437353670596,37863.429119922104,0.0008140576537698507,40.0,0.6715220031235367,0,0,,,0.0,208,6,0.21754069058060696,1.0,1.4159582370930077,0.24606769919496518,145,0.02433776855468752,0.00013528437353670596,79.40114658622042,6,3206,6
5,adaptive_t0_i100ms,56,28.0,0,True,True,True,False,6,3206,6,208,0.00013528437353670596,37863.429119922104,0.0008140576537698507,40.0,0.6715220031235367,0,0,,,0.0,209,6,1.0532117515607906,1.0,1.4159090743941132,1.081738760175149,116,0.019470214843750073,0.0,7.259699190159154,14,2478,9
5,adaptive_t0_i100ms,56,28.0,0,True,True,True,False,6,3206,6,208,0.00013528437353670596,37863.429119922104,0.0008140576537698507,40.0,0.6715220031235367,0,0,,,0.0,210,6,2.3106818367268165,1.0,1.4159140258731737,2.3392088453411746,210,0.035247802734375076,0.0,5.324354708078317,22,2742,5
5,adaptive_t0_i100ms,56,28.0,0,True,True,True,False,6,3206,6,208,0.00013528437353670596,37863.429119922104,0.0008140576537698507,40.0,0.6715220031235367,0,0,,,0.0,240,7,0.22250924016813972,1.0,1.4154987356550088,0.2439044966289084,87,0.014602661132812576,0.0,86.22680832262267,7,2855,7
5,adaptive_t0_i100ms,56,28.0,0,True,True,True,False,6,3206,6,208,0.00013528437353670596,37863.429119922104,0.0008140576537698507,40.0,0.6715220031235367,0,0,,,0.0,241,7,0.9848972218878328,1.0,1.415888694429226,1.0062924783486014,3,0.0005035400390625833,0.0,25.57212594923476,15,3215,0
5,adaptive_t0_i100ms,56,28.0,0,True,True,True,False,6,3206,6,208,0.00013528437353670596,37863.429119922104,0.0008140576537698507,40.0,0.6715220031235367,0,0,,,0.0,242,7,0.20952625980514306,1.0,1.415585402067452,0.23092151626591173,172,0.028869628906250097,0.0,58.53379742918332,23,2999,7
5,adaptive_t0_i100ms,56,28.0,0,True,True,True,False,6,3206,6,208,0.00013528437353670596,37863.429119922104,0.0008140576537698507,40.0,0.6715220031235367,0,0,,,0.0,243,7,0.16198474922080547,1.0,1.4152200689873726,0.18338000568157414,2,0.0003356933593750694,0.0,51.91146661901439,31,2783,9
5,adaptive_t0_i100ms,57,28.5,0,True,True,True,False,11,2571,9,113,0.00015817255713045596,38363.429692126694,0.00024185306392610073,40.0,0.5502756652329117,0,0,,,0.0,16,0,0.4258635404776694,1.0,1.8952114314027872,0.48693146764329875,51,0.008560180664062576,0.0,42.02524368550803,0,2912,9
5,adaptive_t0_i100ms,57,28.5,0,True,True,True,False,11,2571,9,113,0.00015817255713045596,38363.429692126694,0.00024185306392610073,40.0,0.5502756652329117,0,0,,,0.0,17,0,0.8793566578643603,1.0,1.8953237709895676,0.9404245850299897,243,0.04078674316406256,0.0,0.7491949781397125,8,2504,0
5,adaptive_t0_i100ms,57,28.5,0,True,True,True,False,11,2571,9,113,0.00015817255713045596,38363.429692126694,0.00024185306392610073,40.0,0.5502756652329117,0,0,,,0.0,18,0,2.3194280374728993,1.0,1.8954023443385444,2.380495964638529,168,0.028198242187500062,0.0,13.572095065988833,16,2608,10
5,adaptive_t0_i100ms,57,28.5,0,True,True,True,False,11,2571,9,113,0.00015817255713045596,38363.429692126694,0.00024185306392610073,40.0,0.5502756652329117,0,0,,,0.0,19,0,0.4730744065519533,1.0,1.895152780489588,0.5341423337175827,139,0.02333068847656257,0.0,51.464904086366005,24,2424,1
5,adaptive_t0_i100ms,57,28.5,0,True,True,True,False,11,2571,9,113,0.00015817255713045596,38363.429692126694,0.00024185306392610073,40.0,0.5502756652329117,0,0,,,0.0,49,1,0.21501651915158446,1.0,1.895166002147607,0.29644042203909027,223,0.037429809570312576,0.0,42.137863191725046,9,2441,5
5,adaptive_t0_i100ms,57,28.5,0,True,True,True,False,11,2571,9,113,0.00015817255713045596,38363.429692126694,0.00024185306392610073,40.0,0.5502756652329117,0,0,,,0.0,50,1,0.4409484735393453,1.0,1.8953351649330328,0.5223723764268511,214,0.03591918945312505,0.0,41.86328933986806,17,3089,14
5,adaptive_t0_i100ms,57,28.5,0,True,True,True,False,11,2571,9,113,0.00015817255713045596,38363.429692126694,0.00024185306392610073,40.0,0.5502756652329117,0,0,,,0.0,51,1,2.178309565707178,1.0,1.895377207200268,2.2597334685946837,215,0.0360031127929688,0.0,9.991471835288394,25,2169,11
5,adaptive_t0_i100ms,57,28.5,0,True,True,True,False,11,2571,9,113,0.00015817255713045596,38363.429692126694,0.00024185306392610073,40.0,0.5502756652329117,0,0,,,0.0,80,2,1.704952982036378,1.0,1.8953375237578431,1.7660209092020074,91,0.015274047851562576,0.0,22.220679905272846,2,3266,15
5,adaptive_t0_i100ms,57,28.5,0,True,True,True,False,11,2571,9,113,0.00015817255713045596,38363.429692126694,0.00024185306392610073,40.0,0.5502756652329117,0,0,,,0.0,81,2,7.131551475240061,1.0,1.8954195474938977,7.19261940240569,157,0.026351928710937576,0.0,3.8660665624192916,10,2794,11
5,adaptive_t0_i100ms,57,28.5,0,True,True,True,False,11,2571,9,113,0.00015817255713045596,38363.429692126694,0.00024185306392610073,40.0,0.5502756652329117,0,0,,,0.0,82,2,3.4445634901842603,1.0,1.8954086645290327,3.50563141734989,196,0.03289794921875007,0.0,4.166032747831196,18,2674,7
5,adaptive_t0_i100ms,57,28.5,0,True,True,True,False,11,2571,9,113,0.00015817255713045596,38363.429692126694,0.00024185306392610073,40.0,0.5502756652329117,0,0,,,0.0,83,2,0.8876580706778404,1.0,1.8953674358011792,0.9487259978434698,30,0.00503540039062509,0.0,45.16401910213608,26,3322,13
5,adaptive_t0_i100ms,57,28.5,0,True,True,True,False,11,2571,9,113,0.00015817255713045596,38363.429692126694,0.00024185306392610073,40.0,0.5502756652329117,0,0,,,0.0,112,3,0.4290850781540766,1.0,1.895215097042942,0.49015300531970596,228,0.03826904296875008,0.0,29.97836166608613,3,2883,13
5,adaptive_t0_i100ms,57,28.5,0,True,True,True,True,11,2571,9,113,0.00015817255713045596,38363.429692126694,0.00024185306392610073,40.0,0.5502756652329117,0,0,,,0.0,113,3,1.729975954801506,1.0,1.8952703825825106,1.7910438819671353,24,0.004028320312500042,0.00015817255713045596,0.01166958748945035,11,2571,9
5,adaptive_t0_i100ms,57,28.5,0,True,True,True,False,11,2571,9,113,0.00015817255713045596,38363.429692126694,0.00024185306392610073,40.0,0.5502756652329117,0,0,,,0.0,114,3,0.17905924067056017,1.0,1.8950651055901913,0.24012716783618954,37,0.006210327148437576,0.0,12.062855439704435,19,2451,7
5,adaptive_t0_i100ms,57,28.5,0,True,True,True,False,11,2571,9,113,0.00015817255713045596,38363.429692126694,0.00024185306392610073,40.0,0.5502756652329117,0,0,,,0.0,115,3,0.20589596021833984,1.0,1.8951122646874636,0.2669638873839692,43,0.007217407226562535,0.0,107.37975372876826,27,2139,5
5,adaptive_t0_i100ms,57,28.5,0,True,True,True,False,11,2571,9,113,0.00015817255713045596,38363.429692126694,0.00024185306392610073,40.0,0.5502756652329117,0,0,,,0.0,144,4,0.21201168180898355,1.0,1.8948955248107326,0.2730796089746129,31,0.0052032470703125555,0.0,113.36377168037143,4,2244,4
5,adaptive_t0_i100ms,57,28.5,0,True,True,True,False,11,2571,9,113,0.00015817255713045596,38363.429692126694,0.00024185306392610073,40.0,0.5502756652329117,0,0,,,0.0,145,4,0.23080994786277445,1.0,1.8951860757347188,0.2918778750284038,19,0.0031890869140625625,0.0,153.68070495773281,12,2604,11
5,adaptive_t0_i100ms,57,28.5,0,True,True,True,False,11,2571,9,113,0.00015817255713045596,38363.429692126694,0.00024185306392610073,40.0,0.5502756652329117,0,0,,,0.0,146,4,0.22526241192204505,1.0,1.89542529175207,0.2863303390876744,34,0.00570678710937509,0.0,114.0869085700906,20,2612,14
5,adaptive_t0_i100ms,57,28.5,0,True,True,True,False,11,2571,9,113,0.00015817255713045596,38363.429692126694,0.00024185306392610073,40.0,0.5502756652329117,0,0,,,0.0,147,4,0.22358788796353568,1.0,1.894986459602191,0.28465581512916505,139,0.023330688476562562,0.0,88.30920060507924,28,3260,2
5,adaptive_t0_i100ms,57,28.5,0,True,True,True,False,11,2571,9,113,0.00015817255713045596,38363.429692126694,0.00024185306392610073,40.0,0.5502756652329117,0,0,,,0.0,176,5,0.2293643190627604,1.0,1.8951711726583245,0.29043224622838976,130,0.02182006835937509,0.0,80.50908542148682,5,2565,12
5,adaptive_t0_i100ms,57,28.5,0,True,True,True,False,11,2571,9,113,0.00015817255713045596,38363.429692126694,0.00024185306392610073,40.0,0.5502756652329117,0,0,,,0.0,177,5,1.8271382108279437,1.0,1.895413280282358,1.888206137993573,47,0.007888793945312583,0.0,13.212743869131373,13,2189,0
5,adaptive_t0_i100ms,57,28.5,0,True,True,True,False,11,2571,9,113,0.00015817255713045596,38363.429692126694,0.00024185306392610073,40.0,0.5502756652329117,0,0,,,0.0,178,5,1.7722612889622285,1.0,1.8953740008104167,1.8333292161278578,66,0.011077880859375083,0.0,21.498939182616596,21,2549,13
5,adaptive_t0_i100ms,57,28.5,0,True,True,True,False,11,2571,9,113,0.00015817255713045596,38363.429692126694,0.00024185306392610073,40.0,0.5502756652329117,0,0,,,0.0,179,5,1.9157267301408136,1.0,1.8953470760832831,1.976794657306443,274,0.045989990234375056,0.0,5.82293020846555,29,1981,7
5,adaptive_t0_i100ms,57,28.5,0,True,True,True,False,11,2571,9,113,0.00015817255713045596,38363.429692126694,0.00024185306392610073,40.0,0.5502756652329117,0,0,,,0.0,208,6,0.2161664164273719,1.0,1.8949183240104657,0.27723434359300125,79,0.01325988769531252,0.0,139.92480022057862,6,3206,9
5,adaptive_t0_i100ms,57,28.5,0,True,True,True,False,11,2571,9,113,0.00015817255713045596,38363.429692126694,0.00024185306392610073,40.0,0.5502756652329117,0,0,,,0.0,209,6,0.34311049326001347,1.0,1.8952563169673646,0.40417842042564284,4,0.0006713867187500746,0.0,21.284718989860266,14,2542,11
5,adaptive_t0_i100ms,57,28.5,0,True,True,True,False,11,2571,9,113,0.00015817255713045596,38363.429692126694,0.00024185306392610073,40.0,0.5502756652329117,0,0,,,0.0,210,6,0.8808583133422658,1.0,1.895297614967027,0.9419262405078952,87,0.014602661132812576,0.0,29.080647433635022,22,2774,7
5,adaptive_t0_i100ms,57,28.5,0,True,True,True,False,11,2571,9,113,0.00015817255713045596,38363.429692126694,0.00024185306392610073,40.0,0.5502756652329117,0,0,,,0.0,211,6,0.2191466903314013,1.0,1.8950052185149475,0.2802146174970307,58,0.00973510742187507,0.0,103.50197372056573,30,2782,2
5,adaptive_t0_i100ms,57,28.5,0,True,True,True,False,11,2571,9,113,0.00015817255713045596,38363.429692126694,0.00024185306392610073,40.0,0.5502756652329117,0,0,,,0.0,240,7,0.22110357809727416,1.0,1.895365692679561,0.2821715052629035,104,0.017456054687500076,0.0,105.92364080115658,7,2855,11
5,adaptive_t0_i100ms,57,28.5,0,True,True,True,False,11,2571,9,113,0.00015817255713045596,38363.429692126694,0.00024185306392610073,40.0,0.5502756652329117,0,0,,,0.0,241,7,3.3996034271181204,1.0,1.8954195877167341,3.4606713542837495,86,0.014434814453125083,0.0,12.052455784520134,15,3343,0
5,adaptive_t0_i100ms,57,28.5,0,True,True,True,False,11,2571,9,113,0.00015817255713045596,38363.429692126694,0.00024185306392610073,40.0,0.5502756652329117,0,0,,,0.0,242,7,0.20820261537565396,1.0,1.8952004077191764,0.26927054254128335,36,0.006042480468750097,0.0,143.50760445654305,23,2999,10
5,adaptive_t0_i100ms,57,28.5,0,True,True,True,False,11,2571,9,113,0.00015817255713045596,38363.429692126694,0.00024185306392610073,40.0,0.5502756652329117,0,0,,,0.0,243,7,3.276732865448665,1.0,1.8954220641201809,3.3378007926142947,25,0.004196166992187569,0.0,7.68029385702539,31,2847,12
5,adaptive_t0_i100ms,58,29.0,0,True,True,True,False,31,2911,12,243,1.3214061036705962e-05,38863.42606816429,0.0038658154662698507,40.0,0.6109751281235367,0,0,,,0.0,16,0,0.397745787939066,1.0,2.3720196637979463,0.7400314471367702,11,0.0018463134765625763,0.0,18.676121333824995,0,2944,7
5,adaptive_t0_i100ms,58,29.0,0,True,True,True,False,31,2911,12,243,1.3214061036705962e-05,38863.42606816429,0.0038658154662698507,40.0,0.6109751281235367,0,0,,,0.0,18,0,0.2632725887688567,1.0,2.3719062899521774,0.6055582479665609,258,0.04330444335937506,0.0,35.66120217092248,16,2640,3
5,adaptive_t0_i100ms,58,29.0,0,True,True,True,False,31,2911,12,243,1.3214061036705962e-05,38863.42606816429,0.0038658154662698507,40.0,0.6109751281235367,0,0,,,0.0,19,0,0.5366002130850102,1.0,2.3719747287706077,0.8788858722827144,183,0.03071594238281257,0.0,25.14033613526408,24,2424,8
5,adaptive_t0_i100ms,58,29.0,0,True,True,True,False,31,2911,12,243,1.3214061036705962e-05,38863.42606816429,0.0038658154662698507,40.0,0.6109751281235367,0,0,,,0.0,48,1,2.1164535851505786,1.0,2.371970026795208,2.458739244348283,23,0.003860473632812597,0.0,23.48472138562647,1,2529,10
5,adaptive_t0_i100ms,58,29.0,0,True,True,True,False,31,2911,12,243,1.3214061036705962e-05,38863.42606816429,0.0038658154662698507,40.0,0.6109751281235367,0,0,,,0.0,50,1,5.592935922083445,1.0,2.372013027993673,5.935221581281149,28,0.0046997070312500555,0.0,7.82873383648257,17,3217,9
5,adaptive_t0_i100ms,58,29.0,0,True,True,True,False,31,2911,12,243,1.3214061036705962e-05,38863.42606816429,0.0038658154662698507,40.0,0.6109751281235367,0,0,,,0.0,51,1,0.48343763104710596,1.0,2.3719640785730047,0.8257232902448102,287,0.048171997070312556,0.0,7.886391328553145,25,2265,4
5,adaptive_t0_i100ms,58,29.0,0,True,True,True,False,31,2911,12,243,1.3214061036705962e-05,38863.42606816429,0.0038658154662698507,40.0,0.6109751281235367,0,0,,,0.0,80,2,1.0629997286863784,1.0,2.3719145403916153,1.3197139730846565,262,0.04397583007812508,0.0,2.8470986038300907,2,3298,12
5,adaptive_t0_i100ms,58,29.0,0,True,True,True,False,31,2911,12,243,1.3214061036705962e-05,38863.42606816429,0.0038658154662698507,40.0,0.6109751281235367,0,0,,,0.0,81,2,0.2132796704592641,1.0,2.37188456309704,0.46999391485754227,43,0.00721740722656258,0.0,16.002119254437275,10,2858,3
5,adaptive_t0_i100ms,58,29.0,0,True,True,True,False,31,2911,12,243,1.3214061036705962e-05,38863.42606816429,0.0038658154662698507,40.0,0.6109751281235367,0,0,,,0.0,82,2,1.921380192968204,1.0,2.3720115876053347,2.1780944373664823,111,0.01863098144531257,0.0,8.365519869526906,18,2738,3
5,adaptive_t0_i100ms,58,29.0,0,True,True,True,False,31,2911,12,243,1.3214061036705962e-05,38863.42606816429,0.0038658154662698507,40.0,0.6109751281235367,0,0,,,0.0,83,2,0.9271970271355451,1.0,2.371892289372614,1.1839112715338231,17,0.0028533935546875937,0.0,18.150177462426655,26,3418,9
5,adaptive_t0_i100ms,58,29.0,0,True,True,True,False,31,2911,12,243,1.3214061036705962e-05,38863.42606816429,0.0038658154662698507,40.0,0.6109751281235367,0,0,,,0.0,112,3,1.0911726083815274,1.0,2.371910971800861,1.3478868527798056,185,0.031051635742187583,0.0,22.09675143761706,3,2915,4
5,adaptive_t0_i100ms,58,29.0,0,True,True,True,False,31,2911,12,243,1.3214061036705962e-05,38863.42606816429,0.0038658154662698507,40.0,0.6109751281235367,0,0,,,0.0,113,3,0.5102250916526745,1.0,2.3718337046845774,0.7669393360509527,9,0.0015106201171875416,0.0,54.766565595098655,11,2699,6
5,adaptive_t0_i100ms,58,29.0,0,True,True,True,False,31,2911,12,243,1.3214061036705962e-05,38863.42606816429,0.0038658154662698507,40.0,0.6109751281235367,0,0,,,0.0,114,3,0.50658062074459,1.0,2.371972694733089,0.7632948651428682,161,0.027023315429687583,0.0,28.305442214441427,19,2483,3
5,adaptive_t0_i100ms,58,29.0,0,True,True,True,False,31,2911,12,243,1.3214061036705962e-05,38863.42606816429,0.0038658154662698507,40.0,0.6109751281235367,0,0,,,0.0,115,3,0.23354426829338637,1.0,2.3717430577717167,0.49025851269166454,24,0.004028320312500035,0.0,71.53430030070012,27,2139,10
5,adaptive_t0_i100ms,58,29.0,0,True,True,True,False,31,2911,12,243,1.3214061036705962e-05,38863.42606816429,0.0038658154662698507,40.0,0.6109751281235367,0,0,,,0.0,144,4,0.24048122675754635,1.0,2.371836803050066,0.4971954711558245,29,0.0048675537109375555,0.0,64.54278609173343,4,2244,9
5,adaptive_t0_i100ms,58,29.0,0,True,True,True,False,31,2911,12,243,1.3214061036705962e-05,38863.42606816429,0.0038658154662698507,40.0,0.6109751281235367,0,0,,,0.0,145,4,0.26180377862335974,1.0,2.372016784443791,0.518518023021638,245,0.04112243652343756,0.0,35.764719919505296,12,2604,15
5,adaptive_t0_i100ms,58,29.0,0,True,True,True,False,31,2911,12,243,1.3214061036705962e-05,38863.42606816429,0.0038658154662698507,40.0,0.6109751281235367,0,0,,,0.0,146,4,0.9804512350678273,1.0,2.3719899247712743,1.2371654794661056,12,0.00201416015625009,0.0,30.33051574465935,20,2644,9
5,adaptive_t0_i100ms,58,29.0,0,True,True,True,False,31,2911,12,243,1.3214061036705962e-05,38863.42606816429,0.0038658154662698507,40.0,0.6109751281235367,0,0,,,0.0,147,4,0.25361191952641526,1.0,2.3718560788418026,0.5103261639246934,159,0.026687622070312562,0.0,45.54524474337086,28,3260,6
5,adaptive_t0_i100ms,58,29.0,0,True,True,True,False,31,2911,12,243,1.3214061036705962e-05,38863.42606816429,0.0038658154662698507,40.0,0.6109751281235367,0,0,,,0.0,177,5,0.22891962931727974,1.0,2.3719526336250096,0.571205288514984,165,0.027694702148437583,0.0,12.330653880700993,13,2189,6
5,adaptive_t0_i100ms,58,29.0,0,True,True,True,False,31,2911,12,243,1.3214061036705962e-05,38863.42606816429,0.0038658154662698507,40.0,0.6109751281235367,0,0,,,0.0,178,5,5.44575339781809,1.0,2.372009085359587,5.788039057015794,84,0.01409912109375009,0.0,5.970558689237805,21,2677,8
5,adaptive_t0_i100ms,58,29.0,0,True,True,True,False,31,2911,12,243,1.3214061036705962e-05,38863.42606816429,0.0038658154662698507,40.0,0.6109751281235367,0,0,,,0.0,179,5,1.0627895058513719,1.0,2.372008173731817,1.405075165049076,176,0.029541015625000056,0.0,20.875666842890496,29,2013,6
5,adaptive_t0_i100ms,58,29.0,0,True,True,True,False,31,2911,12,243,1.3214061036705962e-05,38863.42606816429,0.0038658154662698507,40.0,0.6109751281235367,0,0,,,0.0,208,6,0.24519387121825237,1.0,2.3718733330693915,0.5019081156165306,295,0.04951477050781252,0.0,6.621392747147183,6,3206,13
5,adaptive_t0_i100ms,58,29.0,0,True,True,True,False,31,2911,12,243,1.3214061036705962e-05,38863.42606816429,0.0038658154662698507,40.0,0.6109751281235367,0,0,,,0.0,209,6,1.8721140341741478,1.0,2.372021486078917,2.128828278572426,99,0.016616821289062576,0.0,18.426674656198884,14,2606,1
5,adaptive_t0_i100ms,58,29.0,0,True,True,True,False,31,2911,12,243,1.3214061036705962e-05,38863.42606816429,0.0038658154662698507,40.0,0.6109751281235367,0,0,,,0.0,210,6,3.945373911107789,1.0,2.372018054601218,4.2020881555060665,145,0.024337768554687576,0.0,2.752959932637168,22,2806,10
5,adaptive_t0_i100ms,58,29.0,0,True,True,True,False,31,2911,12,243,1.3214061036705962e-05,38863.42606816429,0.0038658154662698507,40.0,0.6109751281235367,0,0,,,0.0,211,6,0.24857434496573305,1.0,2.3719623953213955,0.5052885893640112,97,0.01628112792968757,0.0,45.26672175990825,30,2782,7
5,adaptive_t0_i100ms,58,29.0,0,True,True,True,False,31,2911,12,243,1.3214061036705962e-05,38863.42606816429,0.0038658154662698507,40.0,0.6109751281235367,0,0,,,0.0,240,7,0.25079400930945506,1.0,2.3717424630770547,0.5075082537077332,104,0.017456054687500076,0.0,64.36842687293392,7,2855,15
5,adaptive_t0_i100ms,58,29.0,0,True,True,True,False,31,2911,12,243,1.3214061036705962e-05,38863.42606816429,0.0038658154662698507,40.0,0.6109751281235367,0,0,,,0.0,241,7,0.25310335093497016,1.0,2.3719271623985936,0.5098175953332483,252,0.04229736328125008,0.0,28.92137922103575,15,3375,2
5,adaptive_t0_i100ms,58,29.0,0,True,True,True,False,31,2911,12,243,1.3214061036705962e-05,38863.42606816429,0.0038658154662698507,40.0,0.6109751281235367,0,0,,,0.0,242,7,0.23616066781064177,1.0,2.3719271259968226,0.49287491220891994,107,0.017959594726562597,0.0,65.52863479482039,23,2999,14
5,adaptive_t0_i100ms,58,29.0,0,True,True,True,True,31,2911,12,243,1.3214061036705962e-05,38863.42606816429,0.0038658154662698507,40.0,0.6109751281235367,0,0,,,0.0,243,7,0.4031943603765874,1.0,2.3720298711519874,0.6599086047748656,69,0.011581420898437571,1.3214061036705962e-05,1.0806199659200502,31,2911,12
5,adaptive_t0_i100ms,59,29.5,0,True,True,True,False,17,3281,4,50,0.00016115222359076143,39363.429766618356,0.00016736140241846442,40.0,0.02600954089546576,0,0,,,0.0,17,0,0.35191661544799796,1.0,0.00401070008940887,19.996718193203733,98,0.016448974609375062,0.0,0.5741277724664542,8,2600,8
5,adaptive_t0_i100ms,59,29.5,0,True,True,True,True,17,3281,4,50,0.00016115222359076143,39363.429766618356,0.00016736140241846442,40.0,0.02600954089546576,0,0,,,0.0,50,1,0.3584802290405273,1.0,0.004016556085341188,20.003281806796263,56,0.009399414062500056,0.00016115222359076143,0.3278108789891121,17,3281,4
5,adaptive_t0_i100ms,60,30.0,0,True,True,True,True,4,2308,10,144,0.00014365117385750636,39863.42932909211,0.0006048876457498409,40.0,0.0894380847676075,0,0,,,0.0,144,4,1.4934853562255856,1.0,0.048887445860796665,7.115900278589884,169,0.028366088867187556,0.00014365117385750636,0.44837706887483364,4,2308,10
5,adaptive_t0_i100ms,60,30.0,0,True,True,True,False,4,2308,10,144,0.00014365117385750636,39863.42932909211,0.0006048876457498409,40.0,0.0894380847676075,0,0,,,0.0,145,4,1.2493634037231447,1.0,0.048876678072991626,6.871778326087443,126,0.021148681640625062,0.0,1.3854313015835942,12,2700,3
5,adaptive_t0_i100ms,60,30.0,0,True,True,True,False,4,2308,10,144,0.00014365117385750636,39863.42932909211,0.0006048876457498409,40.0,0.0894380847676075,0,0,,,0.0,147,4,0.3958227257080079,1.0,0.048864678086749276,6.018237648072307,47,0.007888793945312562,0.0,12.282502227382793,28,3260,15
5,adaptive_t0_i100ms,60,30.0,0,True,True,True,False,4,2308,10,144,0.00014365117385750636,39863.42932909211,0.0006048876457498409,40.0,0.0894380847676075,0,0,,,0.0,209,6,3.126838980157471,1.0,0.04888159896914442,19.994083747250365,190,0.031890869140625076,0.0,1.305456155918364,14,2702,8
5,adaptive_t0_i100ms,61,30.5,0,True,True,True,False,19,2547,10,114,0.0001222483612946235,40363.4287940218,0.0011399579598219134,40.0,0.26297014875191965,0,0,,,0.0,16,0,6.947740594488961,1.0,0.11310515778265336,7.756010075082897,58,0.009735107421875083,0.0,3.784541327433544,0,3040,0
5,adaptive_t0_i100ms,61,30.5,0,True,True,True,False,19,2547,10,114,0.0001222483612946235,40363.4287940218,0.0011399579598219134,40.0,0.26297014875191965,0,0,,,0.0,17,0,2.2866390149376907,1.0,0.11306539532640143,3.094908495531627,26,0.004364013671875069,0.0,3.3030357839306816,8,2696,0
5,adaptive_t0_i100ms,61,30.5,0,True,True,True,False,19,2547,10,114,0.0001222483612946235,40363.4287940218,0.0011399579598219134,40.0,0.26297014875191965,0,0,,,0.0,19,0,0.0,1.0,0.11291756502178953,0.8082694805939363,60,0.01007080078125007,0.0,37.773762173565046,24,2488,0
5,adaptive_t0_i100ms,61,30.5,0,True,True,True,False,19,2547,10,114,0.0001222483612946235,40363.4287940218,0.0011399579598219134,40.0,0.26297014875191965,0,0,,,0.0,48,1,2.220570190565498,1.0,0.11307254632812323,2.8267723010109505,41,0.006881713867187604,0.0,7.954756231549254,1,2625,13
5,adaptive_t0_i100ms,61,30.5,0,True,True,True,False,19,2547,10,114,0.0001222483612946235,40363.4287940218,0.0011399579598219134,40.0,0.26297014875191965,0,0,,,0.0,49,1,0.7568940306976322,1.0,0.11304693854643041,1.3630961411430844,20,0.0033569335937500763,0.0,41.91045191077865,9,2473,7
5,adaptive_t0_i100ms,61,30.5,0,True,True,True,False,19,2547,10,114,0.0001222483612946235,40363.4287940218,0.0011399579598219134,40.0,0.26297014875191965,0,0,,,0.0,50,1,1.536136795743843,1.0,0.11306116357461607,2.1423389061892952,191,0.03205871582031256,0.0,3.2221181933637126,17,3345,2
5,adaptive_t0_i100ms,61,30.5,0,True,True,True,False,19,2547,10,114,0.0001222483612946235,40363.4287940218,0.0011399579598219134,40.0,0.26297014875191965,0,0,,,0.0,51,1,1.4784199189621048,1.0,0.11307126886652076,2.084622029407557,162,0.027191162109375062,0.0,11.4857048933045,25,2361,5
5,adaptive_t0_i100ms,61,30.5,0,True,True,True,False,19,2547,10,114,0.0001222483612946235,40363.4287940218,0.0011399579598219134,40.0,0.26297014875191965,0,0,,,0.0,80,2,0.6150552052734376,1.0,0.11300213438438735,1.423324685867374,86,0.014434814453125083,0.0,0.6369589442911092,2,3394,7
5,adaptive_t0_i100ms,61,30.5,0,True,True,True,False,19,2547,10,114,0.0001222483612946235,40363.4287940218,0.0011399579598219134,40.0,0.26297014875191965,0,0,,,0.0,81,2,1.4120317820661086,1.0,0.11306728539681365,2.220301262660045,41,0.006881713867187583,0.0,15.932333851247677,10,2954,10
5,adaptive_t0_i100ms,61,30.5,0,True,True,True,False,19,2547,10,114,0.0001222483612946235,40363.4287940218,0.0011399579598219134,40.0,0.26297014875191965,0,0,,,0.0,83,2,1.4574045902248,1.0,0.11305205372396956,2.2656740708187364,132,0.022155761718750097,0.0,7.2545711308775935,26,3482,10
5,adaptive_t0_i100ms,61,30.5,0,True,True,True,True,19,2547,10,114,0.0001222483612946235,40363.4287940218,0.0011399579598219134,40.0,0.26297014875191965,0,0,,,0.0,114,3,0.7851143545257571,1.0,0.11311766555272039,1.9975185754166616,120,0.02014160156250009,0.0001222483612946235,16.252752243337454,19,2547,10
5,adaptive_t0_i100ms,61,30.5,0,True,True,True,False,19,2547,10,114,0.0001222483612946235,40363.4287940218,0.0011399579598219134,40.0,0.26297014875191965,0,0,,,0.0,115,3,0.8459394272186279,1.0,0.11305798936200882,2.0583436481095325,129,0.02165222167968754,0.0,25.175030918224365,27,2299,4
5,adaptive_t0_i100ms,61,30.5,0,True,True,True,False,19,2547,10,114,0.0001222483612946235,40363.4287940218,0.0011399579598219134,40.0,0.26297014875191965,0,0,,,0.0,145,4,0.7530900138061521,1.0,0.11309664352712996,3.177898455587961,127,0.021316528320312562,0.0,4.738173675606959,12,2796,6
5,adaptive_t0_i100ms,61,30.5,0,True,True,True,False,19,2547,10,114,0.0001222483612946235,40363.4287940218,0.0011399579598219134,40.0,0.26297014875191965,0,0,,,0.0,176,5,0.3871490600097656,1.0,0.11311049531466978,2.8119575017915746,87,0.01460266113281259,0.0,19.7882695438675,5,2661,9
5,adaptive_t0_i100ms,61,30.5,0,True,True,True,False,19,2547,10,114,0.0001222483612946235,40363.4287940218,0.0011399579598219134,40.0,0.26297014875191965,0,0,,,0.0,240,7,0.3378399508300781,1.0,0.11303148182354227,1.1461094314240143,22,0.0036926269531250763,0.0,22.46944361435453,7,2983,9
5,adaptive_t0_i100ms,61,30.5,0,True,True,True,False,19,2547,10,114,0.0001222483612946235,40363.4287940218,0.0011399579598219134,40.0,0.26297014875191965,0,0,,,0.0,241,7,0.3950289814453125,1.0,0.11309419315849698,1.2032984620392488,198,0.03323364257812508,0.0,21.227637925636373,15,3375,13
5,adaptive_t0_i100ms,61,30.5,0,True,True,True,False,19,2547,10,114,0.0001222483612946235,40363.4287940218,0.0011399579598219134,40.0,0.26297014875191965,0,0,,,0.0,243,7,0.8112869967315673,1.0,0.1130779507942689,1.6195564773255038,66,0.01107788085937507,0.0,27.121115861875296,31,2975,1
5,adaptive_t0_i100ms,62,31.0,0,True,True,True,False,11,3115,0,113,8.054433477809653e-05,40863.427751421135,0.002182558622735087,40.0,0.3634686058582156,0,0,,,0.0,16,0,0.0,1.0,0.06739377829615537,0.5290086530000185,171,0.02870178222656259,0.0,17.343045474684914,0,3104,1
5,adaptive_t0_i100ms,62,31.0,0,True,True,True,False,11,3115,0,113,8.054433477809653e-05,40863.427751421135,0.002182558622735087,40.0,0.3634686058582156,0,0,,,0.0,17,0,3.6002898623889865,1.0,0.06758064023205214,4.129298515389005,141,0.02366638183593757,0.0,6.576710134526365,8,2824,2
5,adaptive_t0_i100ms,62,31.0,0,True,True,True,False,11,3115,0,113,8.054433477809653e-05,40863.427751421135,0.002182558622735087,40.0,0.3634686058582156,0,0,,,0.0,18,0,4.365918090017656,1.0,0.06759381436132458,4.894926743017675,112,0.018798828125000062,0.0,7.489780217714724,16,2672,5
5,adaptive_t0_i100ms,62,31.0,0,True,True,True,False,11,3115,0,113,8.054433477809653e-05,40863.427751421135,0.002182558622735087,40.0,0.3634686058582156,0,0,,,0.0,49,1,0.52835310722866,1.0,0.06758783442128692,1.0573617602286784,4,0.0006713867187500763,0.0,46.72088702282781,9,2473,14
5,adaptive_t0_i100ms,62,31.0,0,True,True,True,False,11,3115,0,113,8.054433477809653e-05,40863.427751421135,0.002182558622735087,40.0,0.3634686058582156,0,0,,,0.0,50,1,0.46667598915350117,1.0,0.06752317335776074,0.9956846421535197,252,0.04229736328125007,0.0,6.30010496408795,17,3409,0
5,adaptive_t0_i100ms,62,31.0,0,True,True,True,False,11,3115,0,113,8.054433477809653e-05,40863.427751421135,0.002182558622735087,40.0,0.3634686058582156,0,0,,,0.0,51,1,0.0,1.0,0.06746941865898003,0.5290086530000185,134,0.02249145507812507,0.0,40.400956266443245,25,2425,1
5,adaptive_t0_i100ms,62,31.0,0,True,True,True,False,11,3115,0,113,8.054433477809653e-05,40863.427751421135,0.002182558622735087,40.0,0.3634686058582156,0,0,,,0.0,80,2,0.27554843370764676,1.0,0.06753913991870628,0.8045570867076652,125,0.020980834960937583,0.0,4.172043833925272,2,3426,5
5,adaptive_t0_i100ms,62,31.0,0,True,True,True,False,11,3115,0,113,8.054433477809653e-05,40863.427751421135,0.002182558622735087,40.0,0.3634686058582156,0,0,,,0.0,82,2,2.2198240942312935,1.0,0.0675837564600889,2.748832747231312,16,0.0026855468750000694,0.0,16.557174090434273,18,2930,8
5,adaptive_t0_i100ms,62,31.0,0,True,True,True,False,11,3115,0,113,8.054433477809653e-05,40863.427751421135,0.002182558622735087,40.0,0.3634686058582156,0,0,,,0.0,83,2,1.1338394047990188,1.0,0.06753626751031483,1.6628480577990374,200,0.0335693359375001,0.0,12.915770411484118,26,3514,10
5,adaptive_t0_i100ms,62,31.0,0,True,True,True,False,11,3115,0,113,8.054433477809653e-05,40863.427751421135,0.002182558622735087,40.0,0.3634686058582156,0,0,,,0.0,112,3,2.361246144199058,1.0,0.06757246671318903,2.7580026339490717,48,0.008056640625000083,0.0,14.515256096805388,3,3107,6
5,adaptive_t0_i100ms,62,31.0,0,True,True,True,True,11,3115,0,113,8.054433477809653e-05,40863.427751421135,0.002182558622735087,40.0,0.3634686058582156,0,0,,,0.0,113,3,8.574780695889624,1.0,0.06761342725357361,8.971537185639638,59,0.009902954101562549,8.054433477809653e-05,1.9512896157393698,11,3115,0
5,adaptive_t0_i100ms,62,31.0,0,True,True,True,False,11,3115,0,113,8.054433477809653e-05,40863.427751421135,0.002182558622735087,40.0,0.3634686058582156,0,0,,,0.0,114,3,1.1032890934312423,1.0,0.06760519777690037,1.5000455831812562,106,0.01779174804687509,0.0,12.345695255375176,19,2579,7
5,adaptive_t0_i100ms,62,31.0,0,True,True,True,False,11,3115,0,113,8.054433477809653e-05,40863.427751421135,0.002182558622735087,40.0,0.3634686058582156,0,0,,,0.0,115,3,0.5905116261601843,1.0,0.06745465615105295,0.9872681159101981,26,0.004364013671875042,0.0,48.739327849463734,27,2299,11
5,adaptive_t0_i100ms,62,31.0,0,True,True,True,False,11,3115,0,113,8.054433477809653e-05,40863.427751421135,0.002182558622735087,40.0,0.3634686058582156,0,0,,,0.0,144,4,0.42494191805640524,1.0,0.06750233320973478,1.218454897556433,32,0.0053710937500000555,0.0,14.573532054724637,4,2404,10
5,adaptive_t0_i100ms,62,31.0,0,True,True,True,False,11,3115,0,113,8.054433477809653e-05,40863.427751421135,0.002182558622735087,40.0,0.3634686058582156,0,0,,,0.0,145,4,0.0,1.0,0.067488165040586,0.7935129795000277,78,0.013092041015625062,0.0,38.84258683446387,12,2828,0
5,adaptive_t0_i100ms,62,31.0,0,True,True,True,False,11,3115,0,113,8.054433477809653e-05,40863.427751421135,0.002182558622735087,40.0,0.3634686058582156,0,0,,,0.0,177,5,0.0,1.0,0.06752585217637376,0.5290086530000185,68,0.011413574218750083,0.0,48.74175530460343,13,2253,0
5,adaptive_t0_i100ms,62,31.0,0,True,True,True,False,11,3115,0,113,8.054433477809653e-05,40863.427751421135,0.002182558622735087,40.0,0.3634686058582156,0,0,,,0.0,178,5,0.3058976643022724,1.0,0.06743327700813388,0.8349063173022909,94,0.01577758789062509,0.0,47.61559298904467,21,2741,13
5,adaptive_t0_i100ms,62,31.0,0,True,True,True,False,11,3115,0,113,8.054433477809653e-05,40863.427751421135,0.002182558622735087,40.0,0.3634686058582156,0,0,,,0.0,179,5,0.530011936330134,1.0,0.06754390671521024,1.0590205893301525,228,0.03826904296875007,0.0,5.1557995268231025,29,2205,1
5,adaptive_t0_i100ms,62,31.0,0,True,True,True,False,11,3115,0,113,8.054433477809653e-05,40863.427751421135,0.002182558622735087,40.0,0.3634686058582156,0,0,,,0.0,210,6,0.25634191888115887,1.0,0.06757132794038531,1.8433678778812144,134,0.022491455078125083,0.0,10.168246282162727,22,2966,13
5,adaptive_t0_i100ms,62,31.0,0,True,True,True,False,11,3115,0,113,8.054433477809653e-05,40863.427751421135,0.002182558622735087,40.0,0.3634686058582156,0,0,,,0.0,240,7,0.0,1.0,0.06756872077944616,0.7935129795000277,79,0.013259887695312576,0.0,21.675294581662456,7,3015,0
5,adaptive_t0_i100ms,62,31.0,0,True,True,True,False,11,3115,0,113,8.054433477809653e-05,40863.427751421135,0.002182558622735087,40.0,0.3634686058582156,0,0,,,0.0,243,7,0.5663223492227133,1.0,0.06760885744208765,1.359835328722741,58,0.00973510742187507,0.0,25.61721114069951,31,2975,9
5,adaptive_t0_i100ms,63,31.5,0,True,True,True,False,9,2537,10,49,0.00010343251837184653,41363.428323625725,0.0016103540328913368,40.0,0.3160748070300906,0,0,,,0.0,16,0,0.4504098463091302,1.0,0.5552682913781454,1.3760986158386592,205,0.03440856933593759,0.0,4.823062234252575,0,3104,10
5,adaptive_t0_i100ms,63,31.5,0,True,True,True,False,9,2537,10,49,0.00010343251837184653,41363.428323625725,0.0016103540328913368,40.0,0.3160748070300906,0,0,,,0.0,17,0,0.8332024494943513,1.0,0.5552138623376189,1.7588912190238801,249,0.04179382324218757,0.0,4.755057588467025,8,2824,15
5,adaptive_t0_i100ms,63,31.5,0,True,True,True,False,9,2537,10,49,0.00010343251837184653,41363.428323625725,0.0016103540328913368,40.0,0.3160748070300906,0,0,,,0.0,18,0,0.18819028776038763,1.0,0.5552362084939885,1.1138790572899167,26,0.0043640136718750625,0.0,8.540703536877118,16,2704,6
5,adaptive_t0_i100ms,63,31.5,0,True,True,True,True,9,2537,10,49,0.00010343251837184653,41363.428323625725,0.0016103540328913368,40.0,0.3160748070300906,0,0,,,0.0,49,1,0.8743409723739605,1.0,0.5552826199041708,3.6514072809625473,59,0.009902954101562576,0.00010343251837184653,8.362229845537513,9,2537,10
5,adaptive_t0_i100ms,63,31.5,0,True,True,True,False,9,2537,10,49,0.00010343251837184653,41363.428323625725,0.0016103540328913368,40.0,0.3160748070300906,0,0,,,0.0,83,2,1.5582878563244156,1.0,0.5552620452414717,4.335354164913002,67,0.011245727539062604,0.0,7.972159551412915,26,3578,13
5,adaptive_t0_i100ms,63,31.5,0,True,True,True,False,9,2537,10,49,0.00010343251837184653,41363.428323625725,0.0016103540328913368,40.0,0.3160748070300906,0,0,,,0.0,113,3,1.4290702183521686,1.0,0.5552473617062009,2.817603372646462,109,0.018211364746093806,0.0,5.048198200252955,11,3179,11
5,adaptive_t0_i100ms,63,31.5,0,True,True,True,False,9,2537,10,49,0.00010343251837184653,41363.428323625725,0.0016103540328913368,40.0,0.3160748070300906,0,0,,,0.0,115,3,3.0145396803551385,1.0,0.555277928482135,4.403072834649432,216,0.03617095947265629,0.0,2.2114123109495267,27,2363,0
5,adaptive_t0_i100ms,63,31.5,0,True,True,True,False,9,2537,10,49,0.00010343251837184653,41363.428323625725,0.0016103540328913368,40.0,0.3160748070300906,0,0,,,0.0,144,4,0.17706302383020836,1.0,0.5551679218124541,1.1027517933597373,39,0.0065460205078125555,0.0,3.9539848628046457,4,2436,7
5,adaptive_t0_i100ms,63,31.5,0,True,True,True,False,9,2537,10,49,0.00010343251837184653,41363.428323625725,0.0016103540328913368,40.0,0.3160748070300906,0,0,,,0.0,145,4,1.5431097278537231,1.0,0.5552684743085577,2.468798497383252,260,0.04364013671875007,0.0,0.9382967097699293,12,2956,2
5,adaptive_t0_i100ms,63,31.5,0,True,True,True,False,9,2537,10,49,0.00010343251837184653,41363.428323625725,0.0016103540328913368,40.0,0.3160748070300906,0,0,,,0.0,146,4,5.624963843774489,1.0,0.5552630077942773,6.550652613304018,73,0.012252807617187604,0.0,2.3980244940466946,20,2804,11
5,adaptive_t0_i100ms,63,31.5,0,True,True,True,False,9,2537,10,49,0.00010343251837184653,41363.428323625725,0.0016103540328913368,40.0,0.3160748070300906,0,0,,,0.0,179,5,0.4228020359844814,1.0,0.5552475148428204,3.1998683445730682,188,0.03155517578125007,0.0,7.334925940122048,29,2205,9
5,adaptive_t0_i100ms,63,31.5,0,True,True,True,False,9,2537,10,49,0.00010343251837184653,41363.428323625725,0.0016103540328913368,40.0,0.3160748070300906,0,0,,,0.0,208,6,0.4370884410603128,1.0,0.5552655551821545,3.2141547496488996,314,0.05270385742187503,0.0,0.8751772086616256,6,3302,2
5,adaptive_t0_i100ms,63,31.5,0,True,True,True,False,9,2537,10,49,0.00010343251837184653,41363.428323625725,0.0016103540328913368,40.0,0.3160748070300906,0,0,,,0.0,242,7,1.2304011478185404,1.0,0.5552776865698986,4.007467456407127,79,0.013175964355468847,0.0,2.1546659730083775,23,3063,2
5,adaptive_t0_i100ms,64,32.0,0,True,True,True,False,16,2704,13,18,0.00012632070196559651,41863.428895830315,0.0010381494430475868,40.0,0.5083660667957156,0,0,,,0.0,16,0,0.2629355871563854,1.0,1.0353315905589804,0.5318464084780252,101,0.01695251464843759,0.0,37.713002264608804,0,3136,2
5,adaptive_t0_i100ms,64,32.0,0,True,True,True,False,16,2704,13,18,0.00012632070196559651,41863.428895830315,0.0010381494430475868,40.0,0.5083660667957156,0,0,,,0.0,17,0,0.4535270435595815,1.0,1.0352392842001403,0.7224378648812214,18,0.0030212402343750694,0.0,42.98774689147103,8,2888,0
5,adaptive_t0_i100ms,64,32.0,0,True,True,True,True,16,2704,13,18,0.00012632070196559651,41863.428895830315,0.0010381494430475868,40.0,0.5083660667957156,0,0,,,0.0,18,0,0.23077748348166624,1.0,1.035437151806147,0.49968830480330617,122,0.020477294921875062,0.00012632070196559651,7.791054503060877,16,2704,13
5,adaptive_t0_i100ms,64,32.0,0,True,True,True,False,16,2704,13,18,0.00012632070196559651,41863.428895830315,0.0010381494430475868,40.0,0.5083660667957156,0,0,,,0.0,19,0,1.0797345892428556,1.0,1.0354038689472964,1.3486454105644956,119,0.01997375488281257,0.0,15.841350284848886,24,2520,5
5,adaptive_t0_i100ms,64,32.0,0,True,True,True,False,16,2704,13,18,0.00012632070196559651,41863.428895830315,0.0010381494430475868,40.0,0.5083660667957156,0,0,,,0.0,48,1,0.2738442656974357,1.0,1.0352461377527804,0.5427550870190756,266,0.04464721679687511,0.0,21.789885760415928,1,2721,3
5,adaptive_t0_i100ms,64,32.0,0,True,True,True,False,16,2704,13,18,0.00012632070196559651,41863.428895830315,0.0010381494430475868,40.0,0.5083660667957156,0,0,,,0.0,49,1,2.194754347665558,1.0,1.0353859819975801,2.4636651689871982,317,0.053207397460937576,0.0,1.5372630032870802,9,2633,8
5,adaptive_t0_i100ms,64,32.0,0,True,True,True,False,16,2704,13,18,0.00012632070196559651,41863.428895830315,0.0010381494430475868,40.0,0.5083660667957156,0,0,,,0.0,50,1,0.5326106370459536,1.0,1.0352280184911893,0.8015214583675935,5,0.0008392333984375763,0.0,63.38463743592001,17,3473,3
5,adaptive_t0_i100ms,64,32.0,0,True,True,True,False,16,2704,13,18,0.00012632070196559651,41863.428895830315,0.0010381494430475868,40.0,0.5083660667957156,0,0,,,0.0,51,1,0.5449166265208698,1.0,1.0352587866650858,0.8138274478425097,68,0.01141357421875007,0.0,60.86124834824295,25,2457,1
5,adaptive_t0_i100ms,64,32.0,0,True,True,True,False,16,2704,13,18,0.00012632070196559651,41863.428895830315,0.0010381494430475868,40.0,0.5083660667957156,0,0,,,0.0,80,2,4.0128930759459305,1.0,1.0354349238901763,4.2818038972675705,55,0.009231567382812583,0.0,3.8619011879418395,2,3490,10
5,adaptive_t0_i100ms,64,32.0,0,True,True,True,False,16,2704,13,18,0.00012632070196559651,41863.428895830315,0.0010381494430475868,40.0,0.5083660667957156,0,0,,,0.0,81,2,7.567618279989936,1.0,1.0354276167339778,7.836529101311576,47,0.007888793945312597,0.0,4.585584417021892,10,3050,11
5,adaptive_t0_i100ms,64,32.0,0,True,True,True,False,16,2704,13,18,0.00012632070196559651,41863.428895830315,0.0010381494430475868,40.0,0.5083660667957156,0,0,,,0.0,82,2,0.27448774599357667,1.0,1.0352759177946538,0.5433985673152166,186,0.03121948242187507,0.0,38.588502760037954,18,2962,8
5,adaptive_t0_i100ms,64,32.0,0,True,True,True,False,16,2704,13,18,0.00012632070196559651,41863.428895830315,0.0010381494430475868,40.0,0.5083660667957156,0,0,,,0.0,83,2,2.199510071879785,1.0,1.035427309120571,2.468420893201425,157,0.026351928710937604,0.0,6.407582218038442,26,3674,14
5,adaptive_t0_i100ms,64,32.0,0,True,True,True,False,16,2704,13,18,0.00012632070196559651,41863.428895830315,0.0010381494430475868,40.0,0.5083660667957156,0,0,,,0.0,113,3,0.1871673993772876,1.0,1.0352800195885956,0.7249890420205674,25,0.0041961669921875555,0.0,6.540480356954504,11,3243,13
5,adaptive_t0_i100ms,64,32.0,0,True,True,True,False,16,2704,13,18,0.00012632070196559651,41863.428895830315,0.0010381494430475868,40.0,0.5083660667957156,0,0,,,0.0,114,3,2.1386540619858776,1.0,1.03538529109073,2.6764757046291576,106,0.01779174804687509,0.0,9.108894596523896,19,2675,5
5,adaptive_t0_i100ms,64,32.0,0,True,True,True,False,16,2704,13,18,0.00012632070196559651,41863.428895830315,0.0010381494430475868,40.0,0.5083660667957156,0,0,,,0.0,144,4,0.5772197200003636,1.0,1.0353530563241995,0.8461305413220035,79,0.013259887695312556,0.0,64.26745221530291,4,2468,1
5,adaptive_t0_i100ms,64,32.0,0,True,True,True,False,16,2704,13,18,0.00012632070196559651,41863.428895830315,0.0010381494430475868,40.0,0.5083660667957156,0,0,,,0.0,145,4,0.23407749140489517,1.0,1.0352257334715627,0.5029883127265351,3,0.0005035400390625694,0.0,60.96988648748811,12,3052,2
5,adaptive_t0_i100ms,64,32.0,0,True,True,True,False,16,2704,13,18,0.00012632070196559651,41863.428895830315,0.0010381494430475868,40.0,0.5083660667957156,0,0,,,0.0,146,4,0.277194042647863,1.0,1.0351793049459785,0.546104863969503,188,0.031555175781250104,0.0,63.371984249170055,20,2836,4
5,adaptive_t0_i100ms,64,32.0,0,True,True,True,False,16,2704,13,18,0.00012632070196559651,41863.428895830315,0.0010381494430475868,40.0,0.5083660667957156,0,0,,,0.0,147,4,0.5305557047582337,1.0,1.0353316279880012,0.7994665260798736,70,0.011749267578125062,0.0,14.644069522422797,28,3484,10
5,adaptive_t0_i100ms,64,32.0,0,True,True,True,False,16,2704,13,18,0.00012632070196559651,41863.428895830315,0.0010381494430475868,40.0,0.5083660667957156,0,0,,,0.0,176,5,0.2675261002618555,1.0,1.035216844289127,0.5364369215834954,167,0.02803039550781259,0.0,45.69394789506623,5,2693,4
5,adaptive_t0_i100ms,64,32.0,0,True,True,True,False,16,2704,13,18,0.00012632070196559651,41863.428895830315,0.0010381494430475868,40.0,0.5083660667957156,0,0,,,0.0,177,5,0.27150418353712474,1.0,1.0352316460500912,0.5404150048587646,85,0.014266967773437583,0.0,70.12539278352051,13,2253,9
5,adaptive_t0_i100ms,64,32.0,0,True,True,True,False,16,2704,13,18,0.00012632070196559651,41863.428895830315,0.0010381494430475868,40.0,0.5083660667957156,0,0,,,0.0,178,5,1.0224509940285733,1.0,1.03540978110776,1.2913618153502133,18,0.003021240234375097,0.0,35.95212885071669,21,2773,14
5,adaptive_t0_i100ms,64,32.0,0,True,True,True,False,16,2704,13,18,0.00012632070196559651,41863.428895830315,0.0010381494430475868,40.0,0.5083660667957156,0,0,,,0.0,179,5,0.930172766999567,1.0,1.0354190974771682,1.1990835883212068,92,0.01544189453125007,0.0,7.6533629792393185,29,2237,2
5,adaptive_t0_i100ms,64,32.0,0,True,True,True,False,16,2704,13,18,0.00012632070196559651,41863.428895830315,0.0010381494430475868,40.0,0.5083660667957156,0,0,,,0.0,208,6,0.536000936537469,1.0,1.0352985900105542,0.804911757859109,49,0.008224487304687528,0.0,69.65766444760811,6,3302,8
5,adaptive_t0_i100ms,64,32.0,0,True,True,True,False,16,2704,13,18,0.00012632070196559651,41863.428895830315,0.0010381494430475868,40.0,0.5083660667957156,0,0,,,0.0,209,6,0.25461803407253764,1.0,1.0352317715964776,0.5235288553941775,187,0.03138732910156259,0.0,6.9820313618620276,14,2926,5
5,adaptive_t0_i100ms,64,32.0,0,True,True,True,False,16,2704,13,18,0.00012632070196559651,41863.428895830315,0.0010381494430475868,40.0,0.5083660667957156,0,0,,,0.0,210,6,0.4606191143928092,1.0,1.035211724002107,0.7295299357144491,23,0.0038604736328125833,0.0,33.93402618809341,22,3030,15
5,adaptive_t0_i100ms,64,32.0,0,True,True,True,False,16,2704,13,18,0.00012632070196559651,41863.428895830315,0.0010381494430475868,40.0,0.5083660667957156,0,0,,,0.0,211,6,0.0,1.0,1.0350380924779357,0.2689108213216399,174,0.029205322265625076,0.0,25.102093973429874,30,2910,0
5,adaptive_t0_i100ms,64,32.0,0,True,True,True,False,16,2704,13,18,0.00012632070196559651,41863.428895830315,0.0010381494430475868,40.0,0.5083660667957156,0,0,,,0.0,240,7,1.069382296754604,1.0,1.0353930570808167,1.4279300585167907,107,0.017959594726562576,0.0,7.2847964510074235,7,3079,11
5,adaptive_t0_i100ms,64,32.0,0,True,True,True,False,16,2704,13,18,0.00012632070196559651,41863.428895830315,0.0010381494430475868,40.0,0.5083660667957156,0,0,,,0.0,241,7,2.5312849523487286,1.0,1.0353855772473246,2.889832714110915,141,0.023666381835937583,0.0,10.406491032576014,15,3471,8
5,adaptive_t0_i100ms,64,32.0,0,True,True,True,False,16,2704,13,18,0.00012632070196559651,41863.428895830315,0.0010381494430475868,40.0,0.5083660667957156,0,0,,,0.0,243,7,0.47881616442020003,1.0,1.0352441315773697,0.8373639261823866,53,0.00889587402343757,0.0,6.1930083646657295,31,3071,7
5,adaptive_t0_i100ms,65,32.5,0,True,True,True,False,15,3567,6,241,6.528554571559655e-05,42363.42736995141,0.002564028349297587,40.0,0.4017223900379031,0,0,,,0.0,17,0,0.7282174025441267,1.0,1.520350883273511,1.1057317029765705,121,0.020309448242187576,0.0,31.651412694678584,8,3016,4
5,adaptive_t0_i100ms,65,32.5,0,True,True,True,False,15,3567,6,241,6.528554571559655e-05,42363.42736995141,0.002564028349297587,40.0,0.4017223900379031,0,0,,,0.0,19,0,0.6123025346968113,1.0,1.5204068903375503,0.9898168351292551,31,0.005203247070312569,0.0,6.7036070349713555,24,2584,6
5,adaptive_t0_i100ms,65,32.5,0,True,True,True,False,15,3567,6,241,6.528554571559655e-05,42363.42736995141,0.002564028349297587,40.0,0.4017223900379031,0,0,,,0.0,49,1,2.4600635493615792,1.0,1.5203985663576614,2.711739749649875,177,0.029708862304687583,0.0,0.9217561672485317,9,2761,1
5,adaptive_t0_i100ms,65,32.5,0,True,True,True,False,15,3567,6,241,6.528554571559655e-05,42363.42736995141,0.002564028349297587,40.0,0.4017223900379031,0,0,,,0.0,50,1,0.7066350821604829,1.0,1.5202802527004484,0.9583112824487787,69,0.011581420898437576,0.0,27.458523962915933,17,3473,13
5,adaptive_t0_i100ms,65,32.5,0,True,True,True,False,15,3567,6,241,6.528554571559655e-05,42363.42736995141,0.002564028349297587,40.0,0.4017223900379031,0,0,,,0.0,51,1,0.7229619132052094,1.0,1.5203916596366502,0.9746381134935054,18,0.0030212402343750694,0.0,46.74313514473761,25,2457,9
5,adaptive_t0_i100ms,65,32.5,0,True,True,True,False,15,3567,6,241,6.528554571559655e-05,42363.42736995141,0.002564028349297587,40.0,0.4017223900379031,0,0,,,0.0,80,2,0.7069999342812535,1.0,1.5202674499629396,0.9586761345695494,152,0.025512695312500083,0.0,9.341026348040032,2,3522,10
5,adaptive_t0_i100ms,65,32.5,0,True,True,True,False,15,3567,6,241,6.528554571559655e-05,42363.42736995141,0.002564028349297587,40.0,0.4017223900379031,0,0,,,0.0,81,2,0.6592947909834086,1.0,1.5204092302101724,0.9109709912717046,14,0.002349853515625097,0.0,18.5297156658562,10,3114,14
5,adaptive_t0_i100ms,65,32.5,0,True,True,True,False,15,3567,6,241,6.528554571559655e-05,42363.42736995141,0.002564028349297587,40.0,0.4017223900379031,0,0,,,0.0,83,2,1.3775565817274207,1.0,1.5203817361271375,1.6292327820157166,132,0.02215576171875011,0.0,11.465273990928836,26,3706,15
5,adaptive_t0_i100ms,65,32.5,0,True,True,True,False,15,3567,6,241,6.528554571559655e-05,42363.42736995141,0.002564028349297587,40.0,0.4017223900379031,0,0,,,0.0,112,3,0.37089618054906737,1.0,1.5202929457960392,0.6225723808373633,164,0.02752685546875009,0.0,46.48591533724539,3,3203,8
5,adaptive_t0_i100ms,65,32.5,0,True,True,True,False,15,3567,6,241,6.528554571559655e-05,42363.42736995141,0.002564028349297587,40.0,0.4017223900379031,0,0,,,0.0,113,3,1.2005152530753078,1.0,1.5204265258606247,1.4521914533636038,6,0.001007080078125059,0.0,12.71652792167879,11,3307,14
5,adaptive_t0_i100ms,65,32.5,0,True,True,True,False,15,3567,6,241,6.528554571559655e-05,42363.42736995141,0.002564028349297587,40.0,0.4017223900379031,0,0,,,0.0,115,3,9.839389719694953,1.0,1.5204122218162175,10.091065919983249,81,0.013595581054687549,0.0,3.4080553730091196,27,2587,2
5,adaptive_t0_i100ms,65,32.5,0,True,True,True,False,15,3567,6,241,6.528554571559655e-05,42363.42736995141,0.002564028349297587,40.0,0.4017223900379031,0,0,,,0.0,144,4,0.7658196736914129,1.0,1.5202923702039615,1.0174958739797089,327,0.054885864257812556,0.0,2.8660277780873002,4,2468,9
5,adaptive_t0_i100ms,65,32.5,0,True,True,True,False,15,3567,6,241,6.528554571559655e-05,42363.42736995141,0.002564028349297587,40.0,0.4017223900379031,0,0,,,0.0,145,4,0.31055963937976416,1.0,1.5203318770112377,0.56223583966806,57,0.00956726074218757,0.0,12.70460186922719,12,3052,11
5,adaptive_t0_i100ms,65,32.5,0,True,True,True,False,15,3567,6,241,6.528554571559655e-05,42363.42736995141,0.002564028349297587,40.0,0.4017223900379031,0,0,,,0.0,146,4,0.36776403150200127,1.0,1.520368293177393,0.6194402317902972,228,0.038269042968750104,0.0,19.523660426100832,20,2836,8
5,adaptive_t0_i100ms,65,32.5,0,True,True,True,False,15,3567,6,241,6.528554571559655e-05,42363.42736995141,0.002564028349297587,40.0,0.4017223900379031,0,0,,,0.0,209,6,0.3378115698633045,1.0,1.520367188620336,0.7153258702957483,46,0.00772094726562509,0.0,41.82490535188117,14,2926,10
5,adaptive_t0_i100ms,65,32.5,0,True,True,True,False,15,3567,6,241,6.528554571559655e-05,42363.42736995141,0.002564028349297587,40.0,0.4017223900379031,0,0,,,0.0,210,6,0.35443119652307675,1.0,1.5203076846568895,0.7319454969555206,241,0.04045104980468758,0.0,16.648121333309973,22,3062,4
5,adaptive_t0_i100ms,65,32.5,0,True,True,True,False,15,3567,6,241,6.528554571559655e-05,42363.42736995141,0.002564028349297587,40.0,0.4017223900379031,0,0,,,0.0,240,7,0.7247877468893922,1.0,1.5204054350284015,0.9135448971056142,262,0.04397583007812508,0.0,2.231869298739184,7,3143,4
5,adaptive_t0_i100ms,65,32.5,0,True,True,True,True,15,3567,6,241,6.528554571559655e-05,42363.42736995141,0.002564028349297587,40.0,0.4017223900379031,0,0,,,0.0,241,7,11.378555798687088,1.0,1.5204287786851651,11.56731294890331,101,0.01695251464843759,6.528554571559655e-05,2.134512144155451,15,3567,6
5,adaptive_t0_i100ms,65,32.5,0,True,True,True,False,15,3567,6,241,6.528554571559655e-05,42363.42736995141,0.002564028349297587,40.0,0.4017223900379031,0,0,,,0.0,242,7,0.3311867547514181,1.0,1.520144520907129,0.51994390496764,18,0.003021240234375097,0.0,60.61729581446707,23,3159,5
5,adaptive_t0_i100ms,65,32.5,0,True,True,True,False,15,3567,6,241,6.528554571559655e-05,42363.42736995141,0.002564028349297587,40.0,0.4017223900379031,0,0,,,0.0,243,7,0.7590504403787088,1.0,1.5203301522033614,0.9478075905949308,148,0.024841308593750076,0.0,19.937399714268395,31,3135,4
5,adaptive_t0_i100ms,66,33.0,0,True,True,False,False,,,,,,,,,0.0,0,0,,,0.0,,,,,,,,,,,,,
5,adaptive_t0_i100ms,67,33.5,0,True,True,False,False,,,,,,,,,0.0,0,0,,,0.0,,,,,,,,,,,,,
5,adaptive_t0_i100ms,68,34.0,0,True,True,True,False,2,3650,0,80,0.00015718301059678197,43863.42966738803,0.0002665917272679508,40.0,0.19015962441684678,0,0,,,0.0,17,0,2.2798018914257683,1.0,0.039153369071635045,5.210683498802763,188,0.03155517578125009,0.0,4.5394244346243795,8,3144,0
5,adaptive_t0_i100ms,68,34.0,0,True,True,True,False,2,3650,0,80,0.00015718301059678197,43863.42966738803,0.0002665917272679508,40.0,0.19015962441684678,0,0,,,0.0,18,0,2.228770377357775,1.0,0.0391439297708614,5.15965198473477,159,0.026687622070312562,0.0,0.759603216945834,16,2800,4
5,adaptive_t0_i100ms,68,34.0,0,True,True,True,False,2,3650,0,80,0.00015718301059678197,43863.42966738803,0.0002665917272679508,40.0,0.19015962441684678,0,0,,,0.0,48,1,2.4623071870023066,1.0,0.03912610430498061,5.393188794379301,104,0.01745605468750011,0.0,7.705152927926974,1,2753,8
5,adaptive_t0_i100ms,68,34.0,0,True,True,True,False,2,3650,0,80,0.00015718301059678197,43863.42966738803,0.0002665917272679508,40.0,0.19015962441684678,0,0,,,0.0,51,1,0.7719505560333253,1.0,0.03912400875177645,3.70283216341032,87,0.014602661132812576,0.0,12.047361729048134,25,2553,1
5,adaptive_t0_i100ms,68,34.0,0,True,True,True,True,2,3650,0,80,0.00015718301059678197,43863.42966738803,0.0002665917272679508,40.0,0.19015962441684678,0,0,,,0.0,80,2,0.2465498374694825,1.0,0.03915543436346926,6.108313052223472,117,0.01963806152343759,0.00015718301059678197,9.895884066281724,2,3650,0
5,adaptive_t0_i100ms,68,34.0,0,True,True,True,False,2,3650,0,80,0.00015718301059678197,43863.42966738803,0.0002665917272679508,40.0,0.19015962441684678,0,0,,,0.0,147,4,2.3228231478672967,1.0,0.039143506266454284,8.184586362621285,189,0.03172302246093756,0.0,3.1981509970864863,28,3644,1
5,adaptive_t0_i100ms,68,34.0,0,True,True,True,False,2,3650,0,80,0.00015718301059678197,43863.42966738803,0.0002665917272679508,40.0,0.19015962441684678,0,0,,,0.0,178,5,0.3789809290740967,1.0,0.03913963157647559,6.240744143828087,288,0.0483398437500001,0.0,0.6337707375059836,21,2837,15
5,adaptive_t0_i100ms,69,34.5,0,True,True,True,False,27,2715,4,115,3.299532545497641e-05,44363.4265626959,0.0033712838558130898,40.0,0.13892612276686123,0,0,,,0.0,48,1,0.9275319104305186,1.0,0.460354377726938,4.990452254738774,25,0.004196166992187611,0.0,8.4580357881714,1,2881,5
5,adaptive_t0_i100ms,69,34.5,0,True,True,True,True,27,2715,4,115,3.299532545497641e-05,44363.4265626959,0.0033712838558130898,40.0,0.13892612276686123,0,0,,,0.0,115,3,3.396077991482306,1.0,0.4603837911095633,7.458998335790562,221,0.03709411621093755,3.299532545497641e-05,0.11015929620043607,27,2715,4
5,adaptive_t0_i100ms,69,34.5,0,True,True,True,False,27,2715,4,115,3.299532545497641e-05,44363.4265626959,0.0033712838558130898,40.0,0.13892612276686123,0,0,,,0.0,145,4,0.7941218639989733,1.0,0.46038007989177654,4.857042208307229,53,0.008895874023437571,0.0,0.8712540230408194,12,3180,11
5,adaptive_t0_i100ms,69,34.5,0,True,True,True,False,27,2715,4,115,3.299532545497641e-05,44363.4265626959,0.0033712838558130898,40.0,0.13892612276686123,0,0,,,0.0,178,5,10.10608598548297,1.0,0.4603760460885048,14.169006329791227,43,0.007133483886718847,0.0,3.0888471540311,21,2933,4
5,adaptive_t0_i100ms,69,34.5,0,True,True,True,False,27,2715,4,115,3.299532545497641e-05,44363.4265626959,0.0033712838558130898,40.0,0.13892612276686123,0,0,,,0.0,208,6,0.2268044692375266,1.0,0.4602591526271833,1.2425345553145906,162,0.027191162109375028,0.0,13.784321528946748,6,3430,10
5,adaptive_t0_i100ms,69,34.5,0,True,True,True,False,27,2715,4,115,3.299532545497641e-05,44363.4265626959,0.0033712838558130898,40.0,0.13892612276686123,0,0,,,0.0,209,6,3.584303828676961,1.0,0.46035803924898083,4.600033914754025,93,0.015609741210937597,0.0,4.717493160096637,14,3086,15
5,adaptive_t0_i100ms,69,34.5,0,True,True,True,False,27,2715,4,115,3.299532545497641e-05,44363.4265626959,0.0033712838558130898,40.0,0.13892612276686123,0,0,,,0.0,210,6,0.22369730977947838,1.0,0.460272917558731,1.2394273958565423,97,0.016281127929687583,0.0,5.871655517570616,22,3094,5
5,adaptive_t0_i100ms,69,34.5,0,True,True,True,False,27,2715,4,115,3.299532545497641e-05,44363.4265626959,0.0033712838558130898,40.0,0.13892612276686123,0,0,,,0.0,211,6,0.42677491936998624,1.0,0.4603201282783439,1.44250500544705,134,0.022491455078125083,0.0,8.439620112476405,30,3006,13
5,adaptive_t0_i100ms,70,35.0,0,True,True,True,False,1,2913,5,48,4.625229310477152e-05,44863.42689412009,0.003039859664568212,40.0,0.631401537937636,0,0,,,0.0,16,0,0.3013987477397111,1.0,0.16180001478778172,0.36978965892449,27,0.004531860351562597,0.0,76.38391422537097,0,3232,14
5,adaptive_t0_i100ms,70,35.0,0,True,True,True,False,1,2913,5,48,4.625229310477152e-05,44863.42689412009,0.003039859664568212,40.0,0.631401537937636,0,0,,,0.0,17,0,0.56062019614978,1.0,0.16208179326542813,0.6290111073345589,245,0.04112243652343759,0.0,23.590178586855473,8,3144,13
5,adaptive_t0_i100ms,70,35.0,0,True,True,True,False,1,2913,5,48,4.625229310477152e-05,44863.42689412009,0.003039859664568212,40.0,0.631401537937636,0,0,,,0.0,18,0,0.0,1.0,0.16068769595926974,0.06839091118477891,111,0.018630981445312562,0.0,42.4912240053236,16,2864,0
5,adaptive_t0_i100ms,70,35.0,0,True,True,True,False,1,2913,5,48,4.625229310477152e-05,44863.42689412009,0.003039859664568212,40.0,0.631401537937636,0,0,,,0.0,19,0,0.626745887487816,1.0,0.1620131262962033,0.6951367986725949,234,0.03927612304687507,0.0,31.189083391873282,24,2872,6
5,adaptive_t0_i100ms,70,35.0,0,True,True,True,True,1,2913,5,48,4.625229310477152e-05,44863.42689412009,0.003039859664568212,40.0,0.631401537937636,0,0,,,0.0,48,1,2.186365496332521,1.0,0.16217912521002123,2.2547564075173003,205,0.03440856933593761,4.625229310477152e-05,1.7786423991565243,1,2913,5
5,adaptive_t0_i100ms,70,35.0,0,True,True,True,False,1,2913,5,48,4.625229310477152e-05,44863.42689412009,0.003039859664568212,40.0,0.631401537937636,0,0,,,0.0,49,1,0.24630832152357895,1.0,0.16207324367833922,0.31469923270835787,73,0.012252807617187583,0.0,25.208637550073036,9,2857,5
5,adaptive_t0_i100ms,70,35.0,0,True,True,True,False,1,2913,5,48,4.625229310477152e-05,44863.42689412009,0.003039859664568212,40.0,0.631401537937636,0,0,,,0.0,50,1,9.333020015364696,1.0,0.16217428528694677,9.401410926549474,184,0.030883789062500083,0.0,1.1567962600383908,17,3601,11
5,adaptive_t0_i100ms,70,35.0,0,True,True,True,False,1,2913,5,48,4.625229310477152e-05,44863.42689412009,0.003039859664568212,40.0,0.631401537937636,0,0,,,0.0,51,1,0.5510434347856359,1.0,0.16215557644242015,0.6194343459704148,290,0.048675537109375076,0.0,6.433495426361333,25,2553,14
5,adaptive_t0_i100ms,70,35.0,0,True,True,True,False,1,2913,5,48,4.625229310477152e-05,44863.42689412009,0.003039859664568212,40.0,0.631401537937636,0,0,,,0.0,80,2,0.21019934635962784,1.0,0.16208785662841332,0.34698116872918566,328,0.05496978759765634,0.0,11.411062110229977,2,3714,0
5,adaptive_t0_i100ms,70,35.0,0,True,True,True,False,1,2913,5,48,4.625229310477152e-05,44863.42689412009,0.003039859664568212,40.0,0.631401537937636,0,0,,,0.0,83,2,0.2653459578722891,1.0,0.16199680786252907,0.4021277802418469,103,0.01728820800781261,0.0,32.7160822499136,26,3834,11
5,adaptive_t0_i100ms,70,35.0,0,True,True,True,False,1,2913,5,48,4.625229310477152e-05,44863.42689412009,0.003039859664568212,40.0,0.631401537937636,0,0,,,0.0,112,3,2.3430981014542733,1.0,0.16216044380958042,2.411489012639052,131,0.02198791503906259,0.0,15.962502508889884,3,3299,2
5,adaptive_t0_i100ms,70,35.0,0,True,True,True,False,1,2913,5,48,4.625229310477152e-05,44863.42689412009,0.003039859664568212,40.0,0.631401537937636,0,0,,,0.0,113,3,0.27483870483544537,1.0,0.16203040492323476,0.3432296160202243,113,0.018966674804687562,0.0,50.63355729905743,11,3467,2
5,adaptive_t0_i100ms,70,35.0,0,True,True,True,False,1,2913,5,48,4.625229310477152e-05,44863.42689412009,0.003039859664568212,40.0,0.631401537937636,0,0,,,0.0,114,3,2.3136893686916213,1.0,0.162132411518586,2.3820802798764005,3,0.0005035400390626041,0.0,17.28300277726521,19,2995,13
5,adaptive_t0_i100ms,70,35.0,0,True,True,True,False,1,2913,5,48,4.625229310477152e-05,44863.42689412009,0.003039859664568212,40.0,0.631401537937636,0,0,,,0.0,115,3,0.2822937030534534,1.0,0.16189974217233633,0.35068461423823233,168,0.02819824218750005,0.0,59.31564914554474,27,2747,3
5,adaptive_t0_i100ms,70,35.0,0,True,True,True,False,1,2913,5,48,4.625229310477152e-05,44863.42689412009,0.003039859664568212,40.0,0.631401537937636,0,0,,,0.0,144,4,1.2109487964658778,1.0,0.16216135685671637,1.302136678045583,58,0.009735107421875056,0.0,18.966388738524984,4,2692,6
5,adaptive_t0_i100ms,70,35.0,0,True,True,True,False,1,2913,5,48,4.625229310477152e-05,44863.42689412009,0.003039859664568212,40.0,0.631401537937636,0,0,,,0.0,145,4,8.438634793068791,1.0,0.16216434728873105,8.529822674648496,29,0.004867553710937569,0.0,3.5319673767735367,12,3308,5
5,adaptive_t0_i100ms,70,35.0,0,True,True,True,False,1,2913,5,48,4.625229310477152e-05,44863.42689412009,0.003039859664568212,40.0,0.631401537937636,0,0,,,0.0,147,4,0.5203932069639241,1.0,0.16193836624990762,0.6115810885436294,53,0.00889587402343757,0.0,37.09021234120155,28,3772,10
5,adaptive_t0_i100ms,70,35.0,0,True,True,True,False,1,2913,5,48,4.625229310477152e-05,44863.42689412009,0.003039859664568212,40.0,0.631401537937636,0,0,,,0.0,176,5,0.5000426346245528,1.0,0.1621198936122225,0.5684335458093317,116,0.01947021484375009,0.0,35.480174891723436,5,2821,0
5,adaptive_t0_i100ms,70,35.0,0,True,True,True,False,1,2913,5,48,4.625229310477152e-05,44863.42689412009,0.003039859664568212,40.0,0.631401537937636,0,0,,,0.0,177,5,2.4559152526701453,1.0,0.1621737177006504,2.5243061638549245,282,0.04733276367187508,0.0,3.922168400575174,13,2509,4
5,adaptive_t0_i100ms,70,35.0,0,True,True,True,False,1,2913,5,48,4.625229310477152e-05,44863.42689412009,0.003039859664568212,40.0,0.631401537937636,0,0,,,0.0,178,5,2.3789492476007106,1.0,0.1621157871866474,2.4473401587854893,22,0.003692626953125097,0.0,2.285378605236474,21,3029,12
5,adaptive_t0_i100ms,70,35.0,0,True,True,True,False,1,2913,5,48,4.625229310477152e-05,44863.42689412009,0.003039859664568212,40.0,0.631401537937636,0,0,,,0.0,179,5,0.2756506552653877,1.0,0.16203807109915266,0.3440415664501666,42,0.007049560546875069,0.0,64.32487753887108,29,2429,6
5,adaptive_t0_i100ms,70,35.0,0,True,True,True,False,1,2913,5,48,4.625229310477152e-05,44863.42689412009,0.003039859664568212,40.0,0.631401537937636,0,0,,,0.0,208,6,0.2856906032796813,1.0,0.1619503337185579,0.42247242564923915,235,0.03944396972656253,0.0,15.862418299126148,6,3430,14
5,adaptive_t0_i100ms,70,35.0,0,True,True,True,False,1,2913,5,48,4.625229310477152e-05,44863.42689412009,0.003039859664568212,40.0,0.631401537937636,0,0,,,0.0,209,6,0.5518437734007187,1.0,0.16207674235539601,0.6886255957702765,132,0.022155761718750104,0.0,35.65676730236737,14,3150,4
5,adaptive_t0_i100ms,70,35.0,0,True,True,True,False,1,2913,5,48,4.625229310477152e-05,44863.42689412009,0.003039859664568212,40.0,0.631401537937636,0,0,,,0.0,240,7,0.2737619265242875,1.0,0.162056623355626,0.3421528377090664,117,0.019638061523437583,0.0,31.79726477660006,7,3335,15
5,adaptive_t0_i100ms,70,35.0,0,True,True,True,False,1,2913,5,48,4.625229310477152e-05,44863.42689412009,0.003039859664568212,40.0,0.631401537937636,0,0,,,0.0,241,7,0.5610943516426667,1.0,0.16202707534911254,0.6294852628274457,35,0.00587463378906259,0.0,38.149934332905104,15,3759,4
5,adaptive_t0_i100ms,70,35.0,0,True,True,True,False,1,2913,5,48,4.625229310477152e-05,44863.42689412009,0.003039859664568212,40.0,0.631401537937636,0,0,,,0.0,242,7,0.2863865495764304,1.0,0.16173657142188436,0.3547774607612093,246,0.0412902832031251,0.0,1.1626243788850843,23,3319,4
5,adaptive_t0_i100ms,70,35.0,0,True,True,True,False,1,2913,5,48,4.625229310477152e-05,44863.42689412009,0.003039859664568212,40.0,0.631401537937636,0,0,,,0.0,243,7,0.5772117693534535,1.0,0.1621124604986152,0.6456026805382324,180,0.030212402343750076,0.0,32.00895332090295,31,3199,4
5,adaptive_t0_i100ms,71,35.5,0,True,True,True,False,6,3462,8,208,0.00015306381654227154,45363.42956440818,0.0003695715786307119,40.0,0.4204411497540423,0,0,,,0.0,16,0,1.0121404722019591,1.0,0.6442619614196027,1.4140844905584813,133,0.022323608398437597,0.0,4.00363678393478,0,3296,11
5,adaptive_t0_i100ms,71,35.5,0,True,True,True,False,6,3462,8,208,0.00015306381654227154,45363.42956440818,0.0003695715786307119,40.0,0.4204411497540423,0,0,,,0.0,17,0,0.23980176805221776,1.0,0.6442000820505046,0.64174578640874,18,0.00302124023437509,0.0,53.29914911465312,8,3176,3
5,adaptive_t0_i100ms,71,35.5,0,True,True,True,False,6,3462,8,208,0.00015306381654227154,45363.42956440818,0.0003695715786307119,40.0,0.4204411497540423,0,0,,,0.0,18,0,7.541562655576296,1.0,0.6443083787079461,7.943506673932818,27,0.0045318603515625625,0.0,3.8824751160136657,16,2896,15
5,adaptive_t0_i100ms,71,35.5,0,True,True,True,False,6,3462,8,208,0.00015306381654227154,45363.42956440818,0.0003695715786307119,40.0,0.4204411497540423,0,0,,,0.0,19,0,0.5670969174252509,1.0,0.644238760357212,0.9690409357817732,12,0.0020141601562500694,0.0,71.9573424025366,24,2872,12
5,adaptive_t0_i100ms,71,35.5,0,True,True,True,False,6,3462,8,208,0.00015306381654227154,45363.42956440818,0.0003695715786307119,40.0,0.4204411497540423,0,0,,,0.0,48,1,1.069222901712179,1.0,0.6442265864118101,1.4711669200687014,14,0.0023498535156251214,0.0,15.79672387001483,1,3009,8
5,adaptive_t0_i100ms,71,35.5,0,True,True,True,False,6,3462,8,208,0.00015306381654227154,45363.42956440818,0.0003695715786307119,40.0,0.4204411497540423,0,0,,,0.0,49,1,0.22286654393871014,1.0,0.6441713915439689,0.6248105622952325,18,0.0030212402343750833,0.0,34.45494251885975,9,2857,13
5,adaptive_t0_i100ms,71,35.5,0,True,True,True,False,6,3462,8,208,0.00015306381654227154,45363.42956440818,0.0003695715786307119,40.0,0.4204411497540423,0,0,,,0.0,50,1,2.019670323251287,1.0,0.6442834030786043,2.4216143416078095,191,0.03205871582031258,0.0,7.3781205495179165,17,3697,1
5,adaptive_t0_i100ms,71,35.5,0,True,True,True,False,6,3462,8,208,0.00015306381654227154,45363.42956440818,0.0003695715786307119,40.0,0.4204411497540423,0,0,,,0.0,51,1,0.24240360150506196,1.0,0.644057014036466,0.6443476198615843,96,0.016113281250000076,0.0,50.14352260898886,25,2585,3
5,adaptive_t0_i100ms,71,35.5,0,True,True,True,False,6,3462,8,208,0.00015306381654227154,45363.42956440818,0.0003695715786307119,40.0,0.4204411497540423,0,0,,,0.0,80,2,2.0031156484705392,1.0,0.644294515840677,2.8070036851835836,215,0.03608703613281259,0.0,2.9120257001777645,2,3778,0
5,adaptive_t0_i100ms,71,35.5,0,True,True,True,False,6,3462,8,208,0.00015306381654227154,45363.42956440818,0.0003695715786307119,40.0,0.4204411497540423,0,0,,,0.0,81,2,0.22987376590356606,1.0,0.6442299575963408,1.0337618026166107,36,0.006042480468750104,0.0,46.081458716747875,10,3466,3
5,adaptive_t0_i100ms,71,35.5,0,True,True,True,False,6,3462,8,208,0.00015306381654227154,45363.42956440818,0.0003695715786307119,40.0,0.4204411497540423,0,0,,,0.0,112,3,0.46686880948827936,1.0,0.6442668966667342,1.0027941672969756,69,0.01158142089843759,0.0,2.51606481748604,3,3331,8
5,adaptive_t0_i100ms,71,35.5,0,True,True,True,False,6,3462,8,208,0.00015306381654227154,45363.42956440818,0.0003695715786307119,40.0,0.4204411497540423,0,0,,,0.0,113,3,0.24868161947749423,1.0,0.6442303568060095,0.7846069772861906,127,0.021316528320312562,0.0,31.73020371327584,11,3467,7
5,adaptive_t0_i100ms,71,35.5,0,True,True,True,False,6,3462,8,208,0.00015306381654227154,45363.42956440818,0.0003695715786307119,40.0,0.4204411497540423,0,0,,,0.0,114,3,0.5232452334381685,1.0,0.6442458483578758,1.0591705912468647,114,0.019134521484375104,0.0,9.186491520566051,19,3091,9
5,adaptive_t0_i100ms,71,35.5,0,True,True,True,False,6,3462,8,208,0.00015306381654227154,45363.42956440818,0.0003695715786307119,40.0,0.4204411497540423,0,0,,,0.0,144,4,2.169796836306803,1.0,0.6442854918436455,2.5717408546633256,236,0.039611816406250056,0.0,3.2980730634590145,4,2724,13
5,adaptive_t0_i100ms,71,35.5,0,True,True,True,False,6,3462,8,208,0.00015306381654227154,45363.42956440818,0.0003695715786307119,40.0,0.4204411497540423,0,0,,,0.0,145,4,0.24591980444827938,1.0,0.6442077882789324,0.6478638228048017,66,0.01107788085937507,0.0,46.40965057926951,12,3372,5
5,adaptive_t0_i100ms,71,35.5,0,True,True,True,False,6,3462,8,208,0.00015306381654227154,45363.42956440818,0.0003695715786307119,40.0,0.4204411497540423,0,0,,,0.0,146,4,0.23300840816588744,1.0,0.6442964462299733,0.6349524265224097,53,0.008895874023437604,0.0,56.94631439794466,20,2996,7
5,adaptive_t0_i100ms,71,35.5,0,True,True,True,False,6,3462,8,208,0.00015306381654227154,45363.42956440818,0.0003695715786307119,40.0,0.4204411497540423,0,0,,,0.0,147,4,2.196855684865457,1.0,0.6442800909686061,2.5987997032219794,218,0.03659057617187507,0.0,8.23672711715335,28,3836,4
5,adaptive_t0_i100ms,71,35.5,0,True,True,True,False,6,3462,8,208,0.00015306381654227154,45363.42956440818,0.0003695715786307119,40.0,0.4204411497540423,0,0,,,0.0,176,5,0.2413674541987444,1.0,0.6442516951256118,0.7772928120074407,4,0.0006713867187500902,0.0,50.27118971593882,5,2821,5
5,adaptive_t0_i100ms,71,35.5,0,True,True,True,False,6,3462,8,208,0.00015306381654227154,45363.42956440818,0.0003695715786307119,40.0,0.4204411497540423,0,0,,,0.0,178,5,0.23128496777659577,1.0,0.6441149297650367,0.7672103255852921,53,0.008895874023437597,0.0,1.7337814953862107,21,3125,9
5,adaptive_t0_i100ms,71,35.5,0,True,True,True,False,6,3462,8,208,0.00015306381654227154,45363.42956440818,0.0003695715786307119,40.0,0.4204411497540423,0,0,,,0.0,179,5,0.24941629455891845,1.0,0.6442157392406426,0.7853416523676148,176,0.02954101562500007,0.0,6.287926323064312,29,2429,12
5,adaptive_t0_i100ms,71,35.5,0,True,True,True,True,6,3462,8,208,0.00015306381654227154,45363.42956440818,0.0003695715786307119,40.0,0.4204411497540423,0,0,,,0.0,208,6,2.205085132892095,1.0,0.6443142390265046,2.6070291512486174,123,0.020645141601562528,0.00015306381654227154,12.306078436384269,6,3462,8
5,adaptive_t0_i100ms,71,35.5,0,True,True,True,False,6,3462,8,208,0.00015306381654227154,45363.42956440818,0.0003695715786307119,40.0,0.4204411497540423,0,0,,,0.0,209,6,0.4993234244428129,1.0,0.6441679501579683,0.9012674427993352,90,0.015106201171875104,0.0,35.724297918503,14,3150,12
5,adaptive_t0_i100ms,71,35.5,0,True,True,True,False,6,3462,8,208,0.00015306381654227154,45363.42956440818,0.0003695715786307119,40.0,0.4204411497540423,0,0,,,0.0,210,6,0.49299984422208953,1.0,0.6441699431409045,0.8949438625786118,119,0.019973754882812583,0.0,8.06102643248596,22,3158,3
5,adaptive_t0_i100ms,71,35.5,0,True,True,True,False,6,3462,8,208,0.00015306381654227154,45363.42956440818,0.0003695715786307119,40.0,0.4204411497540423,0,0,,,0.0,211,6,0.238182692702255,1.0,0.6443017991820988,0.6401267110587773,80,0.013427734375000087,0.0,7.608437243346998,30,3070,11
5,adaptive_t0_i100ms,71,35.5,0,True,True,True,False,6,3462,8,208,0.00015306381654227154,45363.42956440818,0.0003695715786307119,40.0,0.4204411497540423,0,0,,,0.0,240,7,0.4588994935630319,1.0,0.6441930662044778,0.8608435119195541,122,0.020477294921875083,0.0,1.2538910561343073,7,3367,12
5,adaptive_t0_i100ms,71,35.5,0,True,True,True,False,6,3462,8,208,0.00015306381654227154,45363.42956440818,0.0003695715786307119,40.0,0.4204411497540423,0,0,,,0.0,241,7,0.5076936020700445,1.0,0.644306852011489,0.9096376204265668,16,0.00268554687500009,0.0,37.58200372897409,15,3759,15
5,adaptive_t0_i100ms,71,35.5,0,True,True,True,False,6,3462,8,208,0.00015306381654227154,45363.42956440818,0.0003695715786307119,40.0,0.4204411497540423,0,0,,,0.0,242,7,0.2591304270185654,1.0,0.6442791036943153,0.6610744453750876,1,0.00016784667968759714,0.0,81.99151217694452,23,3319,8
5,adaptive_t0_i100ms,71,35.5,0,True,True,True,False,6,3462,8,208,0.00015306381654227154,45363.42956440818,0.0003695715786307119,40.0,0.4204411497540423,0,0,,,0.0,243,7,0.5222770849186974,1.0,0.6442148228992292,0.9242211032752197,77,0.012924194335937576,0.0,47.64948151289718,31,3199,11
5,adaptive_t0_i100ms,72,36.0,0,True,True,True,False,18,3122,3,82,9.202866029227155e-05,45863.42803852927,0.0018954504848807119,40.0,0.5798344603009173,0,0,,,0.0,16,0,0.39223038617248535,1.0,1.1337809900187734,0.5047912889114379,42,0.007049560546875097,0.0,21.262853543717938,0,3360,7
5,adaptive_t0_i100ms,72,36.0,0,True,True,True,False,18,3122,3,82,9.202866029227155e-05,45863.42803852927,0.0018954504848807119,40.0,0.5798344603009173,0,0,,,0.0,18,0,6.602281829100151,1.0,1.1339222701523242,6.714842731839103,191,0.03205871582031256,0.0,3.1662832695728866,16,2992,11
5,adaptive_t0_i100ms,72,36.0,0,True,True,True,False,18,3122,3,82,9.202866029227155e-05,45863.42803852927,0.0018954504848807119,40.0,0.5798344603009173,0,0,,,0.0,19,0,0.39883883084106436,1.0,1.133714585664364,0.5113997335800169,132,0.02215576171875007,0.0,11.090563164805644,24,2904,4
5,adaptive_t0_i100ms,72,36.0,0,True,True,True,False,18,3122,3,82,9.202866029227155e-05,45863.42803852927,0.0018954504848807119,40.0,0.5798344603009173,0,0,,,0.0,48,1,2.145162301931877,1.0,1.1338619414172237,2.2577232046708295,258,0.043304443359375125,0.0,0.7636332436304656,1,3105,2
5,adaptive_t0_i100ms,72,36.0,0,True,True,True,False,18,3122,3,82,9.202866029227155e-05,45863.42803852927,0.0018954504848807119,40.0,0.5798344603009173,0,0,,,0.0,49,1,1.3089303756867596,1.0,1.1338467065086073,1.421491278425712,214,0.03591918945312508,0.0,14.917550847647362,9,2921,0
5,adaptive_t0_i100ms,72,36.0,0,True,True,True,False,18,3122,3,82,9.202866029227155e-05,45863.42803852927,0.0018954504848807119,40.0,0.5798344603009173,0,0,,,0.0,50,1,2.0314632522080616,1.0,1.1339270251798175,2.1440241549470143,50,0.008392333984375083,0.0,2.707047062292986,17,3761,11
5,adaptive_t0_i100ms,72,36.0,0,True,True,True,False,18,3122,3,82,9.202866029227155e-05,45863.42803852927,0.0018954504848807119,40.0,0.5798344603009173,0,0,,,0.0,80,2,0.39289070551757815,1.0,1.1337481499333224,0.47731138257179256,158,0.02651977539062509,0.0,31.18917625409813,2,3778,5
5,adaptive_t0_i100ms,72,36.0,0,True,True,True,False,18,3122,3,82,9.202866029227155e-05,45863.42803852927,0.0018954504848807119,40.0,0.5798344603009173,0,0,,,0.0,81,2,0.35589941070556647,1.0,1.1336818904231625,0.4403200877597809,138,0.023162841796875104,0.0,27.358495897664397,10,3466,8
5,adaptive_t0_i100ms,72,36.0,0,True,True,True,True,18,3122,3,82,9.202866029227155e-05,45863.42803852927,0.0018954504848807119,40.0,0.5798344603009173,0,0,,,0.0,82,2,10.822544674960938,1.0,1.1339362632743544,10.906965352015153,260,0.04364013671875008,9.202866029227155e-05,0.13876129546406446,18,3122,3
5,adaptive_t0_i100ms,72,36.0,0,True,True,True,False,18,3122,3,82,9.202866029227155e-05,45863.42803852927,0.0018954504848807119,40.0,0.5798344603009173,0,0,,,0.0,83,2,0.7877392419799807,1.0,1.1338944695644002,0.8721599190341951,94,0.015777587890625118,0.0,39.56163019790256,26,3898,6
5,adaptive_t0_i100ms,72,36.0,0,True,True,True,False,18,3122,3,82,9.202866029227155e-05,45863.42803852927,0.0018954504848807119,40.0,0.5798344603009173,0,0,,,0.0,112,3,0.4505799319610595,1.0,1.1337342503338999,0.5631408347000121,315,0.05287170410156259,0.0,13.574633831412939,3,3395,2
5,adaptive_t0_i100ms,72,36.0,0,True,True,True,False,18,3122,3,82,9.202866029227155e-05,45863.42803852927,0.0018954504848807119,40.0,0.5798344603009173,0,0,,,0.0,113,3,0.38501845339965823,1.0,1.133760038166185,0.49757935613861076,194,0.03256225585937506,0.0,12.989740894634451,11,3467,12
5,adaptive_t0_i100ms,72,36.0,0,True,True,True,False,18,3122,3,82,9.202866029227155e-05,45863.42803852927,0.0018954504848807119,40.0,0.5798344603009173,0,0,,,0.0,114,3,1.3238336711198047,1.0,1.1338985644453248,1.4363945738587571,96,0.016113281250000108,0.0,4.614303043788823,19,3187,5
5,adaptive_t0_i100ms,72,36.0,0,True,True,True,False,18,3122,3,82,9.202866029227155e-05,45863.42803852927,0.0018954504848807119,40.0,0.5798344603009173,0,0,,,0.0,146,4,0.3607525844879151,1.0,1.1337875565049573,0.6984352927047728,45,0.007553100585937604,0.0,38.1683515802506,20,2996,12
5,adaptive_t0_i100ms,72,36.0,0,True,True,True,False,18,3122,3,82,9.202866029227155e-05,45863.42803852927,0.0018954504848807119,40.0,0.5798344603009173,0,0,,,0.0,176,5,0.37369438124084475,1.0,1.133677153614785,0.4862552839797973,112,0.01879882812500009,0.0,31.54692689688818,5,2821,10
5,adaptive_t0_i100ms,72,36.0,0,True,True,True,False,18,3122,3,82,9.202866029227155e-05,45863.42803852927,0.0018954504848807119,40.0,0.5798344603009173,0,0,,,0.0,177,5,0.3847621662231445,1.0,1.133638624668327,0.49732306896209705,105,0.017623901367187583,0.0,17.284716511399893,13,2605,8
5,adaptive_t0_i100ms,72,36.0,0,True,True,True,False,18,3122,3,82,9.202866029227155e-05,45863.42803852927,0.0018954504848807119,40.0,0.5798344603009173,0,0,,,0.0,179,5,0.41614915627441407,1.0,1.1336886234027002,0.5287100590133667,9,0.0015106201171875694,0.0,41.13480031298241,29,2461,1
5,adaptive_t0_i100ms,72,36.0,0,True,True,True,False,18,3122,3,82,9.202866029227155e-05,45863.42803852927,0.0018954504848807119,40.0,0.5798344603009173,0,0,,,0.0,208,6,0.38501845339965823,1.0,1.1336809643283012,0.46943913045387264,214,0.03591918945312503,0.0,7.204021666373592,6,3526,4
5,adaptive_t0_i100ms,72,36.0,0,True,True,True,False,18,3122,3,82,9.202866029227155e-05,45863.42803852927,0.0018954504848807119,40.0,0.5798344603009173,0,0,,,0.0,209,6,0.36107059147338855,1.0,1.1336284843931155,0.44549126852760296,170,0.028533935546875104,0.0,2.37415005134244,14,3182,4
5,adaptive_t0_i100ms,72,36.0,0,True,True,True,False,18,3122,3,82,9.202866029227155e-05,45863.42803852927,0.0018954504848807119,40.0,0.5798344603009173,0,0,,,0.0,210,6,0.7632813311553955,1.0,1.1338648600005572,0.84770200820961,202,0.03390502929687509,0.0,6.250392991234548,22,3190,1
5,adaptive_t0_i100ms,72,36.0,0,True,True,True,False,18,3122,3,82,9.202866029227155e-05,45863.42803852927,0.0018954504848807119,40.0,0.5798344603009173,0,0,,,0.0,211,6,0.8723492828063968,1.0,1.1337721948789057,0.9567699598606112,2,0.0003356933593750902,0.0,39.42315985738969,30,3102,4
5,adaptive_t0_i100ms,72,36.0,0,True,True,True,False,18,3122,3,82,9.202866029227155e-05,45863.42803852927,0.0018954504848807119,40.0,0.5798344603009173,0,0,,,0.0,240,7,2.0550306018174362,1.0,1.1338716842667902,2.1394512788716504,314,0.05270385742187509,0.0,2.094210514340375,7,3495,1
5,adaptive_t0_i100ms,72,36.0,0,True,True,True,False,18,3122,3,82,9.202866029227155e-05,45863.42803852927,0.0018954504848807119,40.0,0.5798344603009173,0,0,,,0.0,241,7,1.3795572238312914,1.0,1.133897916441212,1.4639779008855058,105,0.017623901367187597,0.0,27.4147863226317,15,3791,13
5,adaptive_t0_i100ms,72,36.0,0,True,True,True,False,18,3122,3,82,9.202866029227155e-05,45863.42803852927,0.0018954504848807119,40.0,0.5798344603009173,0,0,,,0.0,242,7,0.40119569934082033,1.0,1.1337826231834693,0.48561637639503474,20,0.003356933593750097,0.0,63.22074935906858,23,3319,13
5,adaptive_t0_i100ms,72,36.0,0,True,True,True,False,18,3122,3,82,9.202866029227155e-05,45863.42803852927,0.0018954504848807119,40.0,0.5798344603009173,0,0,,,0.0,243,7,2.1482637966294478,1.0,1.1339149302658917,2.232684473683662,14,0.0023498535156250763,0.0,19.48212687454361,31,3263,6
5,adaptive_t0_i100ms,73,36.5,0,True,True,False,False,,,,,,,,,0.0,0,0,,,0.0,,,,,,,,,,,,,
5,adaptive_t0_i100ms,74,37.0,0,True,True,True,False,23,3383,5,242,0.00012147229368565604,46863.42877462011,0.001159359650046099,40.0,0.15521180432493564,0,0,,,0.0,48,1,7.859261992118103,1.0,0.0794616563821662,10.813321326193037,11,0.001846313476562625,0.0,1.155717515204742,1,3265,4
5,adaptive_t0_i100ms,74,37.0,0,True,True,True,False,23,3383,5,242,0.00012147229368565604,46863.42877462011,0.001159359650046099,40.0,0.15521180432493564,0,0,,,0.0,49,1,0.7845118483245849,1.0,0.07945196824476318,3.738571182399518,229,0.03843688964843758,0.0,2.433241409009497,9,3049,8
5,adaptive_t0_i100ms,74,37.0,0,True,True,True,False,23,3383,5,242,0.00012147229368565604,46863.42877462011,0.001159359650046099,40.0,0.15521180432493564,0,0,,,0.0,80,2,0.3928907055175782,1.0,0.07946275425874567,6.301009373667444,240,0.04028320312500009,0.0,0.8006300185152213,2,3778,14
5,adaptive_t0_i100ms,74,37.0,0,True,True,True,False,23,3383,5,242,0.00012147229368565604,46863.42877462011,0.001159359650046099,40.0,0.15521180432493564,0,0,,,0.0,113,3,0.7655622789093018,1.0,0.07945850698023252,6.673680947059168,91,0.015274047851562562,0.0,6.5400573770093615,11,3531,1
5,adaptive_t0_i100ms,74,37.0,0,True,True,True,False,23,3383,5,242,0.00012147229368565604,46863.42877462011,0.001159359650046099,40.0,0.15521180432493564,0,0,,,0.0,145,4,0.270030774371338,1.0,0.07946487317834745,6.178149442521204,42,0.007049560546875069,0.0,0.09592206577508477,12,3436,5
5,adaptive_t0_i100ms,74,37.0,0,True,True,True,True,23,3383,5,242,0.00012147229368565604,46863.42877462011,0.001159359650046099,40.0,0.15521180432493564,0,0,,,0.0,242,7,0.3871490600097656,1.0,0.07946995054182979,6.295267728159632,311,0.0522003173828126,0.00012147229368565604,0.32612392636656296,23,3383,5
5,adaptive_t0_i100ms,75,37.5,0,True,True,True,False,1,3361,8,48,0.00014124014327535406,47363.42926881635,0.0006651634103036486,40.0,0.4440957079167129,0,0,,,0.0,17,0,1.8000937248669573,1.0,0.21928782096234078,2.9354496399806713,59,0.009902954101562594,0.0,2.3004847440315643,8,3368,3
5,adaptive_t0_i100ms,75,37.5,0,True,True,True,False,1,3361,8,48,0.00014124014327535406,47363.42926881635,0.0006651634103036486,40.0,0.4440957079167129,0,0,,,0.0,18,0,0.383918791342163,1.0,0.21923567508001454,1.5192747064558771,115,0.019302368164062562,0.0,14.24401118951937,16,3056,11
5,adaptive_t0_i100ms,75,37.5,0,True,True,True,False,1,3361,8,48,0.00014124014327535406,47363.42926881635,0.0006651634103036486,40.0,0.4440957079167129,0,0,,,0.0,19,0,0.6203268767193744,1.0,0.21925691039985076,1.7556827918330884,176,0.029541015625000076,0.0,6.9632979060770595,24,2936,12
5,adaptive_t0_i100ms,75,37.5,0,True,True,True,True,1,3361,8,48,0.00014124014327535406,47363.42926881635,0.0006651634103036486,40.0,0.4440957079167129,0,0,,,0.0,48,1,6.634748464541763,1.0,0.2193140779053497,7.770104379655478,261,0.043807983398437625,0.00014124014327535406,1.4247705110246898,1,3361,8
5,adaptive_t0_i100ms,75,37.5,0,True,True,True,False,1,3361,8,48,0.00014124014327535406,47363.42926881635,0.0006651634103036486,40.0,0.4440957079167129,0,0,,,0.0,49,1,0.5931322918912493,1.0,0.21923969758754602,1.7284882070049634,247,0.04145812988281259,0.0,0.9598366870632162,9,3081,0
5,adaptive_t0_i100ms,75,37.5,0,True,True,True,False,1,3361,8,48,0.00014124014327535406,47363.42926881635,0.0006651634103036486,40.0,0.4440957079167129,0,0,,,0.0,50,1,0.38739159063978446,1.0,0.21928454870663874,1.5227475057534985,283,0.04750061035156258,0.0,2.5012126034635003,17,3793,11
5,adaptive_t0_i100ms,75,37.5,0,True,True,True,False,1,3361,8,48,0.00014124014327535406,47363.42926881635,0.0006651634103036486,40.0,0.4440957079167129,0,0,,,0.0,114,3,1.0295838030446918,1.0,0.2192782458026707,4.4356515483858345,215,0.03608703613281261,0.0,0.398307619318075,19,3347,1
5,adaptive_t0_i100ms,75,37.5,0,True,True,True,False,1,3361,8,48,0.00014124014327535406,47363.42926881635,0.0006651634103036486,40.0,0.4440957079167129,0,0,,,0.0,176,5,0.38116262475585944,1.0,0.21924925242913812,2.0841964974264306,194,0.03256225585937509,0.0,3.844676324435568,5,2853,8
5,adaptive_t0_i100ms,75,37.5,0,True,True,True,False,1,3361,8,48,0.00014124014327535406,47363.42926881635,0.0006651634103036486,40.0,0.4440957079167129,0,0,,,0.0,177,5,0.6034471957511127,1.0,0.2193112427250973,2.306481068421684,296,0.04968261718750009,0.0,2.7645395760191604,13,2669,12
5,adaptive_t0_i100ms,75,37.5,0,True,True,True,False,1,3361,8,48,0.00014124014327535406,47363.42926881635,0.0006651634103036486,40.0,0.4440957079167129,0,0,,,0.0,208,6,0.38897379547926203,1.0,0.21926460858380387,1.524329710592976,90,0.015106201171875028,0.0,16.94793006339023,6,3558,2
5,adaptive_t0_i100ms,75,37.5,0,True,True,True,False,1,3361,8,48,0.00014124014327535406,47363.42926881635,0.0006651634103036486,40.0,0.4440957079167129,0,0,,,0.0,209,6,0.6066289511799456,1.0,0.21926535561749352,1.7419848662936597,185,0.031051635742187604,0.0,1.1991353431440075,14,3246,10
5,adaptive_t0_i100ms,75,37.5,0,True,True,True,False,1,3361,8,48,0.00014124014327535406,47363.42926881635,0.0006651634103036486,40.0,0.4440957079167129,0,0,,,0.0,211,6,6.134185417740982,1.0,0.21930121851251144,7.269541332854696,202,0.033905029296875104,0.0,2.2349154089024523,30,3262,9
5,adaptive_t0_i100ms,75,37.5,0,True,True,True,False,1,3361,8,48,0.00014124014327535406,47363.42926881635,0.0006651634103036486,40.0,0.4440957079167129,0,0,,,0.0,241,7,0.0,1.0,0.2192688225963594,3.4060677453411423,322,0.054046630859375104,0.0,1.178715822956292,15,3919,2
5,adaptive_t0_i100ms,76,38.0,0,True,True,True,False,2,3970,5,80,0.00016309144179103895,47863.42981509881,0.000118880947411526,40.0,0.29859448792616605,0,0,,,0.0,48,1,0.5799090777550862,1.0,0.06656044443701069,1.7803414984919324,106,0.017791748046875125,0.0,25.71230155865487,1,3457,3
5,adaptive_t0_i100ms,76,38.0,0,True,True,True,False,2,3970,5,80,0.00016309144179103895,47863.42981509881,0.000118880947411526,40.0,0.29859448792616605,0,0,,,0.0,51,1,10.126994464343861,1.0,0.06656368450858373,11.327426885080706,225,0.03776550292968758,0.0,0.27229938661912456,25,2777,0
5,adaptive_t0_i100ms,76,38.0,0,True,True,True,True,2,3970,5,80,0.00016309144179103895,47863.42981509881,0.000118880947411526,40.0,0.29859448792616605,0,0,,,0.0,80,2,1.0974865279255919,1.0,0.06657384608161124,1.6977027382940149,95,0.01594543457031259,0.00016309144179103895,6.785926100223151,2,3970,5
5,adaptive_t0_i100ms,76,38.0,0,True,True,True,False,2,3970,5,80,0.00016309144179103895,47863.42981509881,0.000118880947411526,40.0,0.29859448792616605,0,0,,,0.0,81,2,5.118403189558451,1.0,0.0665656582189003,5.718619399926874,274,0.045989990234375104,0.0,2.6604858254941064,10,3562,7
5,adaptive_t0_i100ms,76,38.0,0,True,True,True,False,2,3970,5,80,0.00016309144179103895,47863.42981509881,0.000118880947411526,40.0,0.29859448792616605,0,0,,,0.0,82,2,4.8819552161277615,1.0,0.06656295073200717,5.482171426496184,208,0.03491210937500009,0.0,4.3731989608786535,18,3314,7
5,adaptive_t0_i100ms,76,38.0,0,True,True,True,False,2,3970,5,80,0.00016309144179103895,47863.42981509881,0.000118880947411526,40.0,0.29859448792616605,0,0,,,0.0,83,2,0.3108482564443686,1.0,0.06644124655403388,0.9110644668127916,238,0.03994750976562512,0.0,23.439459337183507,26,3930,10
5,adaptive_t0_i100ms,76,38.0,0,True,True,True,False,2,3970,5,80,0.00016309144179103895,47863.42981509881,0.000118880947411526,40.0,0.29859448792616605,0,0,,,0.0,144,4,0.528029906196791,1.0,0.06654405265273888,1.7284623269336372,15,0.0025177001953125625,0.0,25.61639478214056,4,2788,11
5,adaptive_t0_i100ms,76,38.0,0,True,True,True,False,2,3970,5,80,0.00016309144179103895,47863.42981509881,0.000118880947411526,40.0,0.29859448792616605,0,0,,,0.0,145,4,0.6039883474196572,1.0,0.06648665459861325,1.8044207681565034,24,0.004028320312500069,0.0,38.76314105534402,12,3500,9
5,adaptive_t0_i100ms,76,38.0,0,True,True,True,False,2,3970,5,80,0.00016309144179103895,47863.42981509881,0.000118880947411526,40.0,0.29859448792616605,0,0,,,0.0,176,5,0.28565411627368664,1.0,0.06656284028428239,1.0859423967649176,4,0.0006713867187500902,0.0,45.78458911139023,5,2853,12
5,adaptive_t0_i100ms,76,38.0,0,True,True,True,False,2,3970,5,80,0.00016309144179103895,47863.42981509881,0.000118880947411526,40.0,0.29859448792616605,0,0,,,0.0,177,5,0.28248193976881625,1.0,0.0665329088146504,1.082770220260047,5,0.0008392333984375902,0.0,41.06059635755082,13,2701,2
5,adaptive_t0_i100ms,76,38.0,0,True,True,True,False,2,3970,5,80,0.00016309144179103895,47863.42981509881,0.000118880947411526,40.0,0.29859448792616605,0,0,,,0.0,178,5,0.6226479818736725,1.0,0.0664758547732791,1.4229362623649033,79,0.013259887695312604,0.0,18.695757618304924,21,3253,4
5,adaptive_t0_i100ms,76,38.0,0,True,True,True,False,2,3970,5,80,0.00016309144179103895,47863.42981509881,0.000118880947411526,40.0,0.29859448792616605,0,0,,,0.0,209,6,0.5819156835604671,1.0,0.0665599254196008,1.7823481042973133,194,0.032562255859375104,0.0,12.197986005798157,14,3278,4
5,adaptive_t0_i100ms,76,38.0,0,True,True,True,False,2,3970,5,80,0.00016309144179103895,47863.42981509881,0.000118880947411526,40.0,0.29859448792616605,0,0,,,0.0,211,6,0.28435572272366477,1.0,0.06649640785296464,1.484788143460511,73,0.012252807617187604,0.0,15.815299516783853,30,3326,6
5,adaptive_t0_i100ms,76,38.0,0,True,True,True,False,2,3970,5,80,0.00016309144179103895,47863.42981509881,0.000118880947411526,40.0,0.29859448792616605,0,0,,,0.0,242,7,0.29014052118597183,1.0,0.06653747395580187,2.691005362659664,238,0.0399475097656251,0.0,10.939105971177923,23,3383,12
5,adaptive_t0_i100ms,77,38.5,0,True,True,True,False,3,3491,0,112,1.5584849752485762e-05,48363.42612743401,0.003806545748375356,40.0,0.10844453992787749,0,0,,,0.0,50,1,3.063129935356682,1.0,0.24446705051398188,8.17439541568135,17,0.0028533935546875833,0.0,8.395952336242772,17,3889,2
5,adaptive_t0_i100ms,77,38.5,0,True,True,True,True,3,3491,0,112,1.5584849752485762e-05,48363.42612743401,0.003806545748375356,40.0,0.10844453992787749,0,0,,,0.0,112,3,1.4246605911611252,1.0,0.24447302543116936,6.535926071485791,141,0.02366638183593759,1.5584849752485762e-05,3.5617529848241247,3,3491,0
5,adaptive_t0_i100ms,77,38.5,0,True,True,True,False,3,3491,0,112,1.5584849752485762e-05,48363.42612743401,0.003806545748375356,40.0,0.10844453992787749,0,0,,,0.0,145,4,6.255167298100824,1.0,0.2444658609449164,11.36643277842549,82,0.013763427734375076,0.0,3.031068657684955,12,3532,8
5,adaptive_t0_i100ms,77,38.5,0,True,True,True,False,3,3491,0,112,1.5584849752485762e-05,48363.42612743401,0.003806545748375356,40.0,0.10844453992787749,0,0,,,0.0,209,6,0.4725420117269208,1.0,0.24444111218398026,3.028174751889254,169,0.028366088867187604,0.0,10.685581284837099,14,3278,12
5,adaptive_t0_i100ms,77,38.5,0,True,True,True,False,3,3491,0,112,1.5584849752485762e-05,48363.42612743401,0.003806545748375356,40.0,0.10844453992787749,0,0,,,0.0,210,6,1.6477218499044113,1.0,0.24444489778886605,4.203354590066745,224,0.03759765625000009,0.0,3.163368094494217,22,3318,8
5,adaptive_t0_i100ms,77,38.5,0,True,True,True,False,3,3491,0,112,1.5584849752485762e-05,48363.42612743401,0.003806545748375356,40.0,0.10844453992787749,0,0,,,0.0,241,7,1.5804509121267012,1.0,0.24446298550119996,6.691716392451368,13,0.002182006835937611,0.0,9.029774493603327,15,4079,1
5,adaptive_t0_i100ms,78,39.0,0,True,True,True,False,23,3511,5,242,4.3055890128016475e-05,48863.42681421002,0.003119769738987088,40.0,0.47924532639794054,0,0,,,0.0,16,0,0.9727754493093109,1.0,0.15995875193686082,1.066296896082892,314,0.0527038574218751,0.0,4.0933103218631,0,3488,8
5,adaptive_t0_i100ms,78,39.0,0,True,True,True,False,23,3511,5,242,4.3055890128016475e-05,48863.42681421002,0.003119769738987088,40.0,0.47924532639794054,0,0,,,0.0,17,0,2.553813104347537,1.0,0.16004496285052608,2.6473345511211184,311,0.0522003173828126,0.0,0.26801369075110415,8,3528,5
5,adaptive_t0_i100ms,78,39.0,0,True,True,True,False,23,3511,5,242,4.3055890128016475e-05,48863.42681421002,0.003119769738987088,40.0,0.47924532639794054,0,0,,,0.0,18,0,1.9402297390120977,1.0,0.16002323309294264,2.033751185785679,196,0.03289794921875006,0.0,12.004223775678838,16,3120,2
5,adaptive_t0_i100ms,78,39.0,0,True,True,True,False,23,3511,5,242,4.3055890128016475e-05,48863.42681421002,0.003119769738987088,40.0,0.47924532639794054,0,0,,,0.0,19,0,0.21493923471826176,1.0,0.15974036160862548,0.3084606814918428,36,0.006042480468750076,0.0,38.35241088252951,24,3128,9
5,adaptive_t0_i100ms,78,39.0,0,True,True,True,False,23,3511,5,242,4.3055890128016475e-05,48863.42681421002,0.003119769738987088,40.0,0.47924532639794054,0,0,,,0.0,48,1,3.7422624681800407,1.0,0.16007069391585038,3.835783914953622,34,0.005706787109375125,0.0,11.43729140402138,1,3489,13
5,adaptive_t0_i100ms,78,39.0,0,True,True,True,False,23,3511,5,242,4.3055890128016475e-05,48863.42681421002,0.003119769738987088,40.0,0.47924532639794054,0,0,,,0.0,49,1,0.2432959199675607,1.0,0.16002151950476282,0.3368173667411417,61,0.010238647460937604,0.0,60.838011397885566,9,3273,1
5,adaptive_t0_i100ms,78,39.0,0,True,True,True,False,23,3511,5,242,4.3055890128016475e-05,48863.42681421002,0.003119769738987088,40.0,0.47924532639794054,0,0,,,0.0,50,1,0.9160538487664939,1.0,0.1599245407377785,1.009575295540075,73,0.012252807617187583,0.0,7.295574238181871,17,3921,0
5,adaptive_t0_i100ms,78,39.0,0,True,True,True,False,23,3511,5,242,4.3055890128016475e-05,48863.42681421002,0.003119769738987088,40.0,0.47924532639794054,0,0,,,0.0,51,1,0.234022048151032,1.0,0.15998678446632028,0.327543494924613,78,0.013092041015625083,0.0,90.90903125972545,25,2841,3
5,adaptive_t0_i100ms,78,39.0,0,True,True,True,False,23,3511,5,242,4.3055890128016475e-05,48863.42681421002,0.003119769738987088,40.0,0.47924532639794054,0,0,,,0.0,80,2,0.4504789166017471,1.0,0.15992164768323913,0.5440003633753281,220,0.03692626953125008,0.0,21.794952826749068,2,4034,10
5,adaptive_t0_i100ms,78,39.0,0,True,True,True,False,23,3511,5,242,4.3055890128016475e-05,48863.42681421002,0.003119769738987088,40.0,0.47924532639794054,0,0,,,0.0,81,2,0.22241726034419498,1.0,0.15957572071437476,0.315938707117776,207,0.03474426269531261,0.0,24.868568923775456,10,3786,2
5,adaptive_t0_i100ms,78,39.0,0,True,True,True,False,23,3511,5,242,4.3055890128016475e-05,48863.42681421002,0.003119769738987088,40.0,0.47924532639794054,0,0,,,0.0,82,2,0.22450306736219677,1.0,0.15961525493332127,0.3180245141357778,74,0.01242065429687509,0.0,31.861276525829453,18,3378,11
5,adaptive_t0_i100ms,78,39.0,0,True,True,True,False,23,3511,5,242,4.3055890128016475e-05,48863.42681421002,0.003119769738987088,40.0,0.47924532639794054,0,0,,,0.0,83,2,0.8962012885765082,1.0,0.1599713250542327,0.9897227353500891,82,0.013763427734375118,0.0,31.337230612538406,26,3962,2
5,adaptive_t0_i100ms,78,39.0,0,True,True,True,False,23,3511,5,242,4.3055890128016475e-05,48863.42681421002,0.003119769738987088,40.0,0.47924532639794054,0,0,,,0.0,146,4,0.4604264005645617,1.0,0.15999749118050552,0.8345121876588857,71,0.011917114257812611,0.0,10.779049611795926,20,3252,0
5,adaptive_t0_i100ms,78,39.0,0,True,True,True,False,23,3511,5,242,4.3055890128016475e-05,48863.42681421002,0.003119769738987088,40.0,0.47924532639794054,0,0,,,0.0,176,5,0.2170112852663847,1.0,0.160036468531173,0.3417065476311594,274,0.0459899902343751,0.0,2.7159719980409136,5,2917,4
5,adaptive_t0_i100ms,78,39.0,0,True,True,True,False,23,3511,5,242,4.3055890128016475e-05,48863.42681421002,0.003119769738987088,40.0,0.47924532639794054,0,0,,,0.0,177,5,0.21718537144646083,1.0,0.1600282772933149,0.3418806338112355,216,0.03625488281250009,0.0,3.6152707193687093,13,2701,12
5,adaptive_t0_i100ms,78,39.0,0,True,True,True,False,23,3511,5,242,4.3055890128016475e-05,48863.42681421002,0.003119769738987088,40.0,0.47924532639794054,0,0,,,0.0,178,5,8.461634840672902,1.0,0.16007020910700526,8.586330103037676,127,0.02131652832031261,0.0,2.5373673958529253,21,3381,4
5,adaptive_t0_i100ms,78,39.0,0,True,True,True,False,23,3511,5,242,4.3055890128016475e-05,48863.42681421002,0.003119769738987088,40.0,0.47924532639794054,0,0,,,0.0,209,6,7.210557673827806,1.0,0.1600604499416047,7.33525293619258,63,0.010574340820312604,0.0,3.6503514613141306,14,3406,0
5,adaptive_t0_i100ms,78,39.0,0,True,True,True,False,23,3511,5,242,4.3055890128016475e-05,48863.42681421002,0.003119769738987088,40.0,0.47924532639794054,0,0,,,0.0,210,6,0.851186240224144,1.0,0.15993336576119985,0.9758815025889187,102,0.01712036132812509,0.0,31.87044765344035,22,3382,0
5,adaptive_t0_i100ms,78,39.0,0,True,True,True,False,23,3511,5,242,4.3055890128016475e-05,48863.42681421002,0.003119769738987088,40.0,0.47924532639794054,0,0,,,0.0,211,6,0.9054578086536117,1.0,0.1599319726022662,1.0301530710183864,5,0.000839233398437611,0.0,35.443970432119386,30,3358,3
5,adaptive_t0_i100ms,78,39.0,0,True,True,True,True,23,3511,5,242,4.3055890128016475e-05,48863.42681421002,0.003119769738987088,40.0,0.47924532639794054,0,0,,,0.0,242,7,2.5963880715571235,1.0,0.16007195594646276,2.7834309651042854,196,0.0328979492187501,4.3055890128016475e-05,4.707323872375127,23,3511,5
5,adaptive_t0_i100ms,78,39.0,0,True,True,True,False,23,3511,5,242,4.3055890128016475e-05,48863.42681421002,0.003119769738987088,40.0,0.47924532639794054,0,0,,,0.0,243,7,3.8505594527897524,1.0,0.16004340838490072,4.037602346336914,115,0.019302368164062583,0.0,7.949707296742417,31,3455,9
5,adaptive_t0_i100ms,79,39.5,0,True,True,True,False,15,4143,8,241,0.00014986741356551648,49363.429484498105,0.0004494816530495882,40.0,0.46743502366356554,0,0,,,0.0,16,0,3.663756345124103,1.0,0.6441895289734295,4.215825603543851,121,0.020309448242187597,0.0,6.760433248549816,0,3520,7
5,adaptive_t0_i100ms,79,39.5,0,True,True,True,False,15,4143,8,241,0.00014986741356551648,49363.429484498105,0.0004494816530495882,40.0,0.46743502366356554,0,0,,,0.0,19,0,0.0,1.0,0.6441299183211076,0.5520692584197484,13,0.00218200683593758,0.0,37.18525621739536,24,3160,0
5,adaptive_t0_i100ms,79,39.5,0,True,True,True,False,15,4143,8,241,0.00014986741356551648,49363.429484498105,0.0004494816530495882,40.0,0.46743502366356554,0,0,,,0.0,48,1,0.5042966349092594,1.0,0.6440318280118965,0.7803312641191336,180,0.030212402343750125,0.0,0.15396854629943846,1,3553,11
5,adaptive_t0_i100ms,79,39.5,0,True,True,True,False,15,4143,8,241,0.00014986741356551648,49363.429484498105,0.0004494816530495882,40.0,0.46743502366356554,0,0,,,0.0,49,1,0.34054179676643703,1.0,0.6439368066882274,0.6165764259763112,221,0.037094116210937604,0.0,2.8134601817655494,9,3273,7
5,adaptive_t0_i100ms,79,39.5,0,True,True,True,False,15,4143,8,241,0.00014986741356551648,49363.429484498105,0.0004494816530495882,40.0,0.46743502366356554,0,0,,,0.0,50,1,0.9237677284895818,1.0,0.64408184110503,1.1998023576994559,82,0.01376342773437509,0.0,32.52127175036003,17,3985,7
5,adaptive_t0_i100ms,79,39.5,0,True,True,True,False,15,4143,8,241,0.00014986741356551648,49363.429484498105,0.0004494816530495882,40.0,0.46743502366356554,0,0,,,0.0,51,1,0.332172395861896,1.0,0.6439833098341452,0.6082070250717702,234,0.03927612304687508,0.0,25.64387813997746,25,2841,7
5,adaptive_t0_i100ms,79,39.5,0,True,True,True,False,15,4143,8,241,0.00014986741356551648,49363.429484498105,0.0004494816530495882,40.0,0.46743502366356554,0,0,,,0.0,80,2,0.9732811575600162,1.0,0.6441629831477204,1.2493157867698903,243,0.04078674316406258,0.0,11.821745390014257,2,4066,1
5,adaptive_t0_i100ms,79,39.5,0,True,True,True,False,15,4143,8,241,0.00014986741356551648,49363.429484498105,0.0004494816530495882,40.0,0.46743502366356554,0,0,,,0.0,81,2,0.32169941073884917,1.0,0.6439317147023942,0.5977340399487234,189,0.03172302246093761,0.0,23.941373348556226,10,3786,6
5,adaptive_t0_i100ms,79,39.5,0,True,True,True,False,15,4143,8,241,0.00014986741356551648,49363.429484498105,0.0004494816530495882,40.0,0.46743502366356554,0,0,,,0.0,82,2,0.38823744857185705,1.0,0.6441342769129007,0.6642720777817313,6,0.001007080078125091,0.0,9.483002693341405,18,3410,3
5,adaptive_t0_i100ms,79,39.5,0,True,True,True,False,15,4143,8,241,0.00014986741356551648,49363.429484498105,0.0004494816530495882,40.0,0.46743502366356554,0,0,,,0.0,83,2,0.9297699951631657,1.0,0.6441492848378133,1.20580462437304,189,0.03172302246093762,0.0,15.90420412192907,26,3962,14
5,adaptive_t0_i100ms,79,39.5,0,True,True,True,False,15,4143,8,241,0.00014986741356551648,49363.429484498105,0.0004494816530495882,40.0,0.46743502366356554,0,0,,,0.0,113,3,0.4614670149986148,1.0,0.6441650226886035,1.5656055318381117,44,0.0073852539062500625,0.0,5.334684147324879,11,3595,3
5,adaptive_t0_i100ms,79,39.5,0,True,True,True,False,15,4143,8,241,0.00014986741356551648,49363.429484498105,0.0004494816530495882,40.0,0.46743502366356554,0,0,,,0.0,145,4,0.0,1.0,0.6438471225776559,0.3680461722798323,140,0.023498535156250076,0.0,58.74042820221075,12,3628,0
5,adaptive_t0_i100ms,79,39.5,0,True,True,True,False,15,4143,8,241,0.00014986741356551648,49363.429484498105,0.0004494816530495882,40.0,0.46743502366356554,0,0,,,0.0,146,4,0.5247946036288639,1.0,0.6441758232406236,0.8928407759086961,75,0.012588500976562611,0.0,12.124584492252325,20,3252,14
5,adaptive_t0_i100ms,79,39.5,0,True,True,True,False,15,4143,8,241,0.00014986741356551648,49363.429484498105,0.0004494816530495882,40.0,0.46743502366356554,0,0,,,0.0,147,4,0.3340250109956851,1.0,0.6440393449411097,0.7020711832755173,161,0.02702331542968757,0.0,52.25092240174854,28,3932,5
5,adaptive_t0_i100ms,79,39.5,0,True,True,True,False,15,4143,8,241,0.00014986741356551648,49363.429484498105,0.0004494816530495882,40.0,0.46743502366356554,0,0,,,0.0,176,5,0.3168206746940494,1.0,0.6441635128655852,0.8688899331137978,270,0.0453186035156251,0.0,1.795776422644849,5,2917,8
5,adaptive_t0_i100ms,79,39.5,0,True,True,True,False,15,4143,8,241,0.00014986741356551648,49363.429484498105,0.0004494816530495882,40.0,0.46743502366356554,0,0,,,0.0,178,5,1.6568304440240056,1.0,0.6441982270649196,2.208899702443754,42,0.0070495605468751145,0.0,2.3400345651534735,21,3477,3
5,adaptive_t0_i100ms,79,39.5,0,True,True,True,False,15,4143,8,241,0.00014986741356551648,49363.429484498105,0.0004494816530495882,40.0,0.46743502366356554,0,0,,,0.0,208,6,0.0,1.0,0.6438563475036294,0.2760346292098742,128,0.021484375000000028,0.0,38.3388941488447,6,3590,0
5,adaptive_t0_i100ms,79,39.5,0,True,True,True,False,15,4143,8,241,0.00014986741356551648,49363.429484498105,0.0004494816530495882,40.0,0.46743502366356554,0,0,,,0.0,209,6,0.9839384757403141,1.0,0.6440777590892275,1.2599731049501883,133,0.022323608398437604,0.0,15.634953267348465,14,3438,1
5,adaptive_t0_i100ms,79,39.5,0,True,True,True,False,15,4143,8,241,0.00014986741356551648,49363.429484498105,0.0004494816530495882,40.0,0.46743502366356554,0,0,,,0.0,210,6,0.9503164937222477,1.0,0.6441273448517878,1.226351122932122,50,0.00839233398437509,0.0,22.885106832458405,22,3414,13
5,adaptive_t0_i100ms,79,39.5,0,True,True,True,False,15,4143,8,241,0.00014986741356551648,49363.429484498105,0.0004494816530495882,40.0,0.46743502366356554,0,0,,,0.0,211,6,0.9381237366250799,1.0,0.6441540908938601,1.2141583658349542,10,0.001678466796875111,0.0,29.425619674606423,30,3390,1
5,adaptive_t0_i100ms,79,39.5,0,True,True,True,False,15,4143,8,241,0.00014986741356551648,49363.429484498105,0.0004494816530495882,40.0,0.46743502366356554,0,0,,,0.0,240,7,2.6552958307137025,1.0,0.6441659652840878,2.9313304599235765,28,0.004699707031250097,0.0,15.615699607209535,7,3719,0
5,adaptive_t0_i100ms,79,39.5,0,True,True,True,True,15,4143,8,241,0.00014986741356551648,49363.429484498105,0.0004494816530495882,40.0,0.46743502366356554,0,0,,,0.0,241,7,6.532031754635335,1.0,0.6442069087548923,6.808066383845209,93,0.015609741210937611,0.00014986741356551648,5.54191799054388,15,4143,8
5,adaptive_t0_i100ms,79,39.5,0,True,True,True,False,15,4143,8,241,0.00014986741356551648,49363.429484498105,0.0004494816530495882,40.0,0.46743502366356554,0,0,,,0.0,242,7,6.607856810024008,1.0,0.6441892498315064,6.883891439233882,102,0.017120361328125104,0.0,4.872942770438385,23,3575,8
5,adaptive_t0_i100ms,79,39.5,0,True,True,True,False,15,4143,8,241,0.00014986741356551648,49363.429484498105,0.0004494816530495882,40.0,0.46743502366356554,0,0,,,0.0,243,7,0.8278681022969547,1.0,0.6441769891143134,1.103902731506829,30,0.005035400390625094,0.0,13.89815163127787,31,3551,8
5,adaptive_t0_i100ms,80,40.0,0,True,True,True,False,2,4066,15,80,1.4693842385895552e-05,49863.426105158826,0.0038288209325401112,40.0,0.24809208642051092,0,0,,,0.0,16,0,3.3501846215972906,1.0,0.046151621726438385,6.796594345578718,47,0.007888793945312597,0.0,5.988926147845632,0,3584,10
5,adaptive_t0_i100ms,80,40.0,0,True,True,True,True,2,4066,15,80,1.4693842385895552e-05,49863.426105158826,0.0038288209325401112,40.0,0.24809208642051092,0,0,,,0.0,80,2,1.639051705673218,1.0,0.04617185202381977,3.362256567663932,149,0.025009155273437583,1.4693842385895552e-05,6.9737888657837175,2,4066,15
5,adaptive_t0_i100ms,80,40.0,0,True,True,True,False,2,4066,15,80,1.4693842385895552e-05,49863.426105158826,0.0038288209325401112,40.0,0.24809208642051092,0,0,,,0.0,83,2,10.15942482025633,1.0,0.04616567766208365,11.882629682247044,211,0.03541564941406262,0.0,1.5314210953292786,26,4026,14
5,adaptive_t0_i100ms,80,40.0,0,True,True,True,False,2,4066,15,80,1.4693842385895552e-05,49863.426105158826,0.0038288209325401112,40.0,0.24809208642051092,0,0,,,0.0,114,3,0.0,1.0,0.04613447782616325,3.446409723981428,120,0.020141601562500118,0.0,6.470727647858439,19,3411,0
5,adaptive_t0_i100ms,80,40.0,0,True,True,True,False,2,4066,15,80,1.4693842385895552e-05,49863.426105158826,0.0038288209325401112,40.0,0.24809208642051092,0,0,,,0.0,145,4,1.6109540451049804,1.0,0.0461515080480019,5.057363769086408,146,0.024505615234375076,0.0,5.521025624999311,12,3660,2
5,adaptive_t0_i100ms,80,40.0,0,True,True,True,False,2,4066,15,80,1.4693842385895552e-05,49863.426105158826,0.0038288209325401112,40.0,0.24809208642051092,0,0,,,0.0,176,5,0.3766277001617432,1.0,0.046127751745682954,2.099832562152457,270,0.0453186035156251,0.0,0.87758084719826,5,2917,12
5,adaptive_t0_i100ms,80,40.0,0,True,True,True,False,2,4066,15,80,1.4693842385895552e-05,49863.426105158826,0.0038288209325401112,40.0,0.24809208642051092,0,0,,,0.0,178,5,0.7892146259765626,1.0,0.04615595748110055,2.5124194879672768,181,0.03038024902343761,0.0,5.3172822734413785,21,3509,7
5,adaptive_t0_i100ms,80,40.0,0,True,True,True,False,2,4066,15,80,1.4693842385895552e-05,49863.426105158826,0.0038288209325401112,40.0,0.24809208642051092,0,0,,,0.0,241,7,0.0,1.0,0.046125118830936784,1.723204861990714,133,0.02232360839843761,0.0,10.44780180624366,15,4239,2
5,adaptive_t0_i100ms,80,40.0,0,True,True,True,False,2,4066,15,80,1.4693842385895552e-05,49863.426105158826,0.0038288209325401112,40.0,0.24809208642051092,0,0,,,0.0,243,7,1.3960841373413084,1.0,0.046164591851769174,3.1192889993320225,221,0.0370941162109376,0.0,4.150442713595112,31,3615,4
5,adaptive_t0_i100ms,81,40.5,0,True,True,False,False,,,,,,,,,0.0,0,0,,,0.0,,,,,,,,,,,,,
5,adaptive_t0_i100ms,82,41.0,0,True,True,True,False,17,4209,5,50,3.582593228202316e-05,50863.42663346107,0.0033005186851369217,40.0,0.6778846418502508,0,0,,,0.0,16,0,0.322373043487157,1.0,0.08215941197915586,0.383146465031744,257,0.0431365966796876,0.0,9.836623838418745,0,3648,8
5,adaptive_t0_i100ms,82,41.0,0,True,True,True,False,17,4209,5,50,3.582593228202316e-05,50863.42663346107,0.0033005186851369217,40.0,0.6778846418502508,0,0,,,0.0,18,0,0.3040772374988757,1.0,0.08238774478625494,0.3648506590434627,235,0.03944396972656256,0.0,9.428026718189358,16,3152,15
5,adaptive_t0_i100ms,82,41.0,0,True,True,True,False,17,4209,5,50,3.582593228202316e-05,50863.42663346107,0.0033005186851369217,40.0,0.6778846418502508,0,0,,,0.0,19,0,0.2965922090970203,1.0,0.08223338428591571,0.35736563064160726,72,0.012084960937500083,0.0,37.49767085518397,24,3256,6
5,adaptive_t0_i100ms,82,41.0,0,True,True,True,False,17,4209,5,50,3.582593228202316e-05,50863.42663346107,0.0033005186851369217,40.0,0.6778846418502508,0,0,,,0.0,48,1,1.5615879660242666,1.0,0.08249871446342688,1.6071680321827069,69,0.011581420898437635,0.0,9.517508161436126,1,3649,1
5,adaptive_t0_i100ms,82,41.0,0,True,True,True,False,17,4209,5,50,3.582593228202316e-05,50863.42663346107,0.0033005186851369217,40.0,0.6778846418502508,0,0,,,0.0,49,1,0.9022955544493151,1.0,0.08244668711665998,0.9478756206077553,175,0.029373168945312604,0.0,10.810962489733356,9,3369,9
5,adaptive_t0_i100ms,82,41.0,0,True,True,True,True,17,4209,5,50,3.582593228202316e-05,50863.42663346107,0.0033005186851369217,40.0,0.6778846418502508,0,0,,,0.0,50,1,8.68121776777616,1.0,0.08258680268768448,8.726797833934599,185,0.030967712402343847,3.582593228202316e-05,2.6605229327396955,17,4209,5
5,adaptive_t0_i100ms,82,41.0,0,True,True,True,False,17,4209,5,50,3.582593228202316e-05,50863.42663346107,0.0033005186851369217,40.0,0.6778846418502508,0,0,,,0.0,51,1,0.5592019850970202,1.0,0.08253288684442994,0.6047820512554605,83,0.013931274414062583,0.0,5.065707562382158,25,2873,6
5,adaptive_t0_i100ms,82,41.0,0,True,True,True,False,17,4209,5,50,3.582593228202316e-05,50863.42663346107,0.0033005186851369217,40.0,0.6778846418502508,0,0,,,0.0,80,2,0.961761878672704,1.0,0.08243502391023304,1.0073419448311443,88,0.01477050781250009,0.0,15.00089842025045,2,4322,0
5,adaptive_t0_i100ms,82,41.0,0,True,True,True,False,17,4209,5,50,3.582593228202316e-05,50863.42663346107,0.0033005186851369217,40.0,0.6778846418502508,0,0,,,0.0,81,2,1.6622198925260978,1.0,0.08258130293249247,1.707799958684538,3,0.000503540039062611,0.0,26.506627385017055,10,3818,8
5,adaptive_t0_i100ms,82,41.0,0,True,True,True,False,17,4209,5,50,3.582593228202316e-05,50863.42663346107,0.0033005186851369217,40.0,0.6778846418502508,0,0,,,0.0,82,2,0.3020201210186511,1.0,0.08216617076026628,0.34760018717709135,293,0.0491790771484376,0.0,4.412851971181226,18,3602,2
5,adaptive_t0_i100ms,82,41.0,0,True,True,True,False,17,4209,5,50,3.582593228202316e-05,50863.42663346107,0.0033005186851369217,40.0,0.6778846418502508,0,0,,,0.0,83,2,0.3042691054970446,1.0,0.0822299240380735,0.34984917165548485,126,0.021148681640625118,0.0,31.991735252762737,26,4090,10
5,adaptive_t0_i100ms,82,41.0,0,True,True,True,False,17,4209,5,50,3.582593228202316e-05,50863.42663346107,0.0033005186851369217,40.0,0.6778846418502508,0,0,,,0.0,112,3,0.9375687975290269,1.0,0.0825276657716485,0.9831488636874671,27,0.00453186035156259,0.0,23.40921747122775,3,3555,3
5,adaptive_t0_i100ms,82,41.0,0,True,True,True,False,17,4209,5,50,3.582593228202316e-05,50863.42663346107,0.0033005186851369217,40.0,0.6778846418502508,0,0,,,0.0,113,3,0.2333130420612537,1.0,0.0825134982527224,0.27889310821969393,11,0.0018463134765625694,0.0,15.93246201959846,11,3723,5
5,adaptive_t0_i100ms,82,41.0,0,True,True,True,False,17,4209,5,50,3.582593228202316e-05,50863.42663346107,0.0033005186851369217,40.0,0.6778846418502508,0,0,,,0.0,114,3,0.5239530964604237,1.0,0.0824747618877205,0.5695331626188639,154,0.025848388671875118,0.0,47.1955690390605,19,3443,5
5,adaptive_t0_i100ms,82,41.0,0,True,True,True,False,17,4209,5,50,3.582593228202316e-05,50863.42663346107,0.0033005186851369217,40.0,0.6778846418502508,0,0,,,0.0,115,3,3.463778106670262,1.0,0.08257338233442336,3.509358172828702,89,0.014938354492187562,0.0,4.135923993955657,27,2971,14
5,adaptive_t0_i100ms,82,41.0,0,True,True,True,False,17,4209,5,50,3.582593228202316e-05,50863.42663346107,0.0033005186851369217,40.0,0.6778846418502508,0,0,,,0.0,144,4,0.9185377894915514,1.0,0.08250114972262468,1.0096979218084319,134,0.022491455078125076,0.0,9.110195294808364,4,3172,8
5,adaptive_t0_i100ms,82,41.0,0,True,True,True,False,17,4209,5,50,3.582593228202316e-05,50863.42663346107,0.0033005186851369217,40.0,0.6778846418502508,0,0,,,0.0,146,4,0.4934070661751454,1.0,0.08256719459034213,0.5845671984920259,190,0.03189086914062512,0.0,16.25576941982581,20,3380,11
5,adaptive_t0_i100ms,82,41.0,0,True,True,True,False,17,4209,5,50,3.582593228202316e-05,50863.42663346107,0.0033005186851369217,40.0,0.6778846418502508,0,0,,,0.0,176,5,0.3025525869998523,1.0,0.08224402705797497,0.3633260085444393,173,0.029037475585937597,0.0,31.21782096727111,5,2949,4
5,adaptive_t0_i100ms,82,41.0,0,True,True,True,False,17,4209,5,50,3.582593228202316e-05,50863.42663346107,0.0033005186851369217,40.0,0.6778846418502508,0,0,,,0.0,177,5,0.5021827323315172,1.0,0.0822904499660596,0.5629561538761042,146,0.02450561523437509,0.0,36.096346221158456,13,2861,12
5,adaptive_t0_i100ms,82,41.0,0,True,True,True,False,17,4209,5,50,3.582593228202316e-05,50863.42663346107,0.0033005186851369217,40.0,0.6778846418502508,0,0,,,0.0,178,5,0.8814652347898915,1.0,0.08245162598468388,0.9422386563344785,104,0.01745605468750011,0.0,17.82323836915748,21,3541,13
5,adaptive_t0_i100ms,82,41.0,0,True,True,True,False,17,4209,5,50,3.582593228202316e-05,50863.42663346107,0.0033005186851369217,40.0,0.6778846418502508,0,0,,,0.0,208,6,0.3070159972101794,1.0,0.08228849458500474,0.3677894187547664,67,0.011245727539062528,0.0,37.5821978136737,6,3718,6
5,adaptive_t0_i100ms,82,41.0,0,True,True,True,False,17,4209,5,50,3.582593228202316e-05,50863.42663346107,0.0033005186851369217,40.0,0.6778846418502508,0,0,,,0.0,209,6,0.9891014518851062,1.0,0.08252712215328474,1.0498748734296932,233,0.03910827636718761,0.0,8.726746015010576,14,3598,8
5,adaptive_t0_i100ms,82,41.0,0,True,True,True,False,17,4209,5,50,3.582593228202316e-05,50863.42663346107,0.0033005186851369217,40.0,0.6778846418502508,0,0,,,0.0,211,6,6.051310979068091,1.0,0.08256000140632208,6.1120844006126775,167,0.028030395507812618,0.0,2.318581769897719,30,3454,10
5,adaptive_t0_i100ms,82,41.0,0,True,True,True,False,17,4209,5,50,3.582593228202316e-05,50863.42663346107,0.0033005186851369217,40.0,0.6778846418502508,0,0,,,0.0,240,7,0.3033039652083484,1.0,0.08251836137854669,0.34888403136678864,297,0.0498504638671876,0.0,2.7359815771123976,7,3719,12
5,adaptive_t0_i100ms,82,41.0,0,True,True,True,False,17,4209,5,50,3.582593228202316e-05,50863.42663346107,0.0033005186851369217,40.0,0.6778846418502508,0,0,,,0.0,241,7,0.4894064598241932,1.0,0.08253914670000381,0.5349865259826334,307,0.05152893066406262,0.0,0.2733008495779359,15,4303,6
5,adaptive_t0_i100ms,82,41.0,0,True,True,True,False,17,4209,5,50,3.582593228202316e-05,50863.42663346107,0.0033005186851369217,40.0,0.6778846418502508,0,0,,,0.0,242,7,5.768372562198583,1.0,0.08257189374331597,5.813952628357024,245,0.04112243652343761,0.0,1.1042125066087465,23,3799,9
5,adaptive_t0_i100ms,82,41.0,0,True,True,True,False,17,4209,5,50,3.582593228202316e-05,50863.42663346107,0.0033005186851369217,40.0,0.6778846418502508,0,0,,,0.0,243,7,0.5185512538821766,1.0,0.08256165656895945,0.5641313200406168,109,0.018295288085937597,0.0,45.80728316639579,31,3679,6
5,adaptive_t0_i100ms,83,41.5,0,True,True,True,False,13,2957,9,177,5.8714115875773136e-05,51363.42720566566,0.0027283140952931717,40.0,0.43511730786587577,0,0,,,0.0,16,0,0.28809167106298655,1.0,0.5581383135725269,0.821102188102349,107,0.017959594726562597,0.0,27.8129302917514,0,3648,12
5,adaptive_t0_i100ms,83,41.5,0,True,True,True,False,13,2957,9,177,5.8714115875773136e-05,51363.42720566566,0.0027283140952931717,40.0,0.43511730786587577,0,0,,,0.0,17,0,1.0120233112844241,1.0,0.5582705749004682,1.5450338283237866,129,0.0216522216796876,0.0,0.18285818946606014,8,3592,5
5,adaptive_t0_i100ms,83,41.5,0,True,True,True,False,13,2957,9,177,5.8714115875773136e-05,51363.42720566566,0.0027283140952931717,40.0,0.43511730786587577,0,0,,,0.0,19,0,0.2534194991526267,1.0,0.5582856771839009,0.786430016191989,127,0.021316528320312583,0.0,18.751208036694152,24,3256,11
5,adaptive_t0_i100ms,83,41.5,0,True,True,True,False,13,2957,9,177,5.8714115875773136e-05,51363.42720566566,0.0027283140952931717,40.0,0.43511730786587577,0,0,,,0.0,48,1,4.067533006125506,1.0,0.558314769810591,5.666564557243594,130,0.02182006835937514,0.0,2.11770121545851,1,3777,4
5,adaptive_t0_i100ms,83,41.5,0,True,True,True,False,13,2957,9,177,5.8714115875773136e-05,51363.42720566566,0.0027283140952931717,40.0,0.43511730786587577,0,0,,,0.0,80,2,0.5965103629537182,1.0,0.5582705451477242,1.3960261385127617,32,0.005371093750000097,0.0,31.974402059255226,2,4386,4
5,adaptive_t0_i100ms,83,41.5,0,True,True,True,False,13,2957,9,177,5.8714115875773136e-05,51363.42720566566,0.0027283140952931717,40.0,0.43511730786587577,0,0,,,0.0,81,2,1.0656912141555677,1.0,0.5582371648974185,1.8652069897146113,86,0.014434814453125118,0.0,4.600081825403322,10,3882,12
5,adaptive_t0_i100ms,83,41.5,0,True,True,True,False,13,2957,9,177,5.8714115875773136e-05,51363.42720566566,0.0027283140952931717,40.0,0.43511730786587577,0,0,,,0.0,112,3,0.30244499275295744,1.0,0.5582165150972037,0.7022028805324793,77,0.01292419433593759,0.0,49.52287914484623,3,3587,2
5,adaptive_t0_i100ms,83,41.5,0,True,True,True,False,13,2957,9,177,5.8714115875773136e-05,51363.42720566566,0.0027283140952931717,40.0,0.43511730786587577,0,0,,,0.0,113,3,0.5726254582943604,1.0,0.5581873985553351,0.9723833460738822,145,0.02433776855468757,0.0,31.92826799370232,11,3755,2
5,adaptive_t0_i100ms,83,41.5,0,True,True,True,False,13,2957,9,177,5.8714115875773136e-05,51363.42720566566,0.0027283140952931717,40.0,0.43511730786587577,0,0,,,0.0,114,3,0.559192991703815,1.0,0.5582707602474805,0.9589508794833368,46,0.007720947265625118,0.0,49.44261821098917,19,3443,11
5,adaptive_t0_i100ms,83,41.5,0,True,True,True,False,13,2957,9,177,5.8714115875773136e-05,51363.42720566566,0.0027283140952931717,40.0,0.43511730786587577,0,0,,,0.0,115,3,2.017073097085989,1.0,0.5583061624825019,2.416830984865511,177,0.029708862304687562,0.0,1.5730225038641947,27,3067,12
5,adaptive_t0_i100ms,83,41.5,0,True,True,True,False,13,2957,9,177,5.8714115875773136e-05,51363.42720566566,0.0027283140952931717,40.0,0.43511730786587577,0,0,,,0.0,144,4,2.2367543254814923,1.0,0.5582796192667042,2.636512213261014,100,0.016784667968750076,0.0,6.885331586956454,4,3236,0
5,adaptive_t0_i100ms,83,41.5,0,True,True,True,False,13,2957,9,177,5.8714115875773136e-05,51363.42720566566,0.0027283140952931717,40.0,0.43511730786587577,0,0,,,0.0,145,4,0.308121455376339,1.0,0.5581817781433998,0.7078793431558608,163,0.027359008789062576,0.0,45.62051144841098,12,3724,10
5,adaptive_t0_i100ms,83,41.5,0,True,True,True,False,13,2957,9,177,5.8714115875773136e-05,51363.42720566566,0.0027283140952931717,40.0,0.43511730786587577,0,0,,,0.0,146,4,2.2559444837534657,1.0,0.5583173026674758,2.6557023715329873,83,0.013931274414062618,0.0,16.29786515818705,20,3412,5
5,adaptive_t0_i100ms,83,41.5,0,True,True,True,False,13,2957,9,177,5.8714115875773136e-05,51363.42720566566,0.0027283140952931717,40.0,0.43511730786587577,0,0,,,0.0,147,4,0.6006761513257597,1.0,0.5582363058245972,1.0004340391052815,192,0.032226562500000076,0.0,28.262120895007683,28,3964,5
5,adaptive_t0_i100ms,83,41.5,0,True,True,True,True,13,2957,9,177,5.8714115875773136e-05,51363.42720566566,0.0027283140952931717,40.0,0.43511730786587577,0,0,,,0.0,177,5,8.130161333259348,1.0,0.5583202142701628,8.929677108818392,97,0.01628112792968759,5.8714115875773136e-05,0.7027475041395519,13,2957,9
5,adaptive_t0_i100ms,83,41.5,0,True,True,True,False,13,2957,9,177,5.8714115875773136e-05,51363.42720566566,0.0027283140952931717,40.0,0.43511730786587577,0,0,,,0.0,178,5,0.28869820040706295,1.0,0.5582302851447367,1.0882139759661067,209,0.03507995605468762,0.0,15.896604006455163,21,3637,2
5,adaptive_t0_i100ms,83,41.5,0,True,True,True,False,13,2957,9,177,5.8714115875773136e-05,51363.42720566566,0.0027283140952931717,40.0,0.43511730786587577,0,0,,,0.0,208,6,0.2674382608399866,1.0,0.5582587870546467,0.6671961486195084,39,0.006546020507812528,0.0,21.220386052300455,6,3718,13
5,adaptive_t0_i100ms,83,41.5,0,True,True,True,False,13,2957,9,177,5.8714115875773136e-05,51363.42720566566,0.0027283140952931717,40.0,0.43511730786587577,0,0,,,0.0,209,6,0.538308782881278,1.0,0.5582432182365492,0.9380666706607999,144,0.02416992187500011,0.0,7.196396427149011,14,3630,5
5,adaptive_t0_i100ms,83,41.5,0,True,True,True,False,13,2957,9,177,5.8714115875773136e-05,51363.42720566566,0.0027283140952931717,40.0,0.43511730786587577,0,0,,,0.0,210,6,0.5398547242353456,1.0,0.558222929031949,0.9396126120148675,25,0.004196166992187597,0.0,30.708437404122378,22,3542,10
5,adaptive_t0_i100ms,83,41.5,0,True,True,True,False,13,2957,9,177,5.8714115875773136e-05,51363.42720566566,0.0027283140952931717,40.0,0.43511730786587577,0,0,,,0.0,211,6,0.2425242634231582,1.0,0.5582197926361513,0.64228215120268,161,0.027023315429687618,0.0,2.241045458307781,30,3518,6
5,adaptive_t0_i100ms,83,41.5,0,True,True,True,False,13,2957,9,177,5.8714115875773136e-05,51363.42720566566,0.0027283140952931717,40.0,0.43511730786587577,0,0,,,0.0,241,7,0.5127318529272369,1.0,0.5583040728811858,1.3122476284862805,138,0.023162841796875118,0.0,19.69304789697344,15,4303,12
5,adaptive_t0_i100ms,83,41.5,0,True,True,True,False,13,2957,9,177,5.8714115875773136e-05,51363.42720566566,0.0027283140952931717,40.0,0.43511730786587577,0,0,,,0.0,243,7,0.5519281525728773,1.0,0.5582307286096924,1.3514439281319208,185,0.031051635742187597,0.0,16.69845110290771,31,3679,13
5,adaptive_t0_i100ms,84,42.0,0,True,True,True,False,14,3662,1,209,0.00011046945030102507,51863.42849954902,0.0014344307346618734,40.0,0.03594573556358228,0,0,,,0.0,19,0,0.0,1.0,0.014936087777619298,13.094668833913168,50,0.008392333984375085,0.0,0.02474521769909188,24,3288,0
5,adaptive_t0_i100ms,84,42.0,0,True,True,True,True,14,3662,1,209,0.00011046945030102507,51863.42849954902,0.0014344307346618734,40.0,0.03594573556358228,0,0,,,0.0,209,6,0.0,1.0,0.014936087777619298,13.094668833913168,122,0.02039337158203136,0.00011046945030102507,12.540126008636435,14,3662,1
5,adaptive_t0_i100ms,84,42.0,0,True,True,True,False,14,3662,1,209,0.00011046945030102507,51863.42849954902,0.0014344307346618734,40.0,0.03594573556358228,0,0,,,0.0,243,7,0.7159934982604981,1.0,0.014935457390656142,13.810662332173667,42,0.007049560546875097,0.0,0.6953461401571985,31,3711,9
5,adaptive_t0_i100ms,85,42.5,0,True,True,True,False,2,4482,3,80,8.739818033063784e-05,52363.427922767274,0.002011212483921554,40.0,0.7684055744498619,0,0,,,0.0,16,0,0.2084955601206043,1.0,0.25332931029491956,0.2084955601206043,116,0.019470214843750097,0.0,60.225390399151365,0,3712,4
5,adaptive_t0_i100ms,85,42.5,0,True,True,True,False,2,4482,3,80,8.739818033063784e-05,52363.427922767274,0.002011212483921554,40.0,0.7684055744498619,0,0,,,0.0,17,0,7.881507499767207,1.0,0.25343765995754547,7.881507499767207,37,0.006210327148437604,0.0,2.2750192950770725,8,3816,12
5,adaptive_t0_i100ms,85,42.5,0,True,True,True,False,2,4482,3,80,8.739818033063784e-05,52363.427922767274,0.002011212483921554,40.0,0.7684055744498619,0,0,,,0.0,18,0,0.8547382308163654,1.0,0.2533318692179074,0.8547382308163654,8,0.0013427734375000625,0.0,56.26633099134051,16,3248,6
5,adaptive_t0_i100ms,85,42.5,0,True,True,True,False,2,4482,3,80,8.739818033063784e-05,52363.427922767274,0.002011212483921554,40.0,0.7684055744498619,0,0,,,0.0,19,0,1.5701756841801102,1.0,0.25342251246197484,1.5701756841801102,237,0.03977966308593758,0.0,3.058444684567803,24,3320,10
5,adaptive_t0_i100ms,85,42.5,0,True,True,True,False,2,4482,3,80,8.739818033063784e-05,52363.427922767274,0.002011212483921554,40.0,0.7684055744498619,0,0,,,0.0,48,1,1.6460953977097883,1.0,0.2533517743977322,1.6460953977097883,255,0.04271697998046889,0.0,7.257270979018358,1,3969,6
5,adaptive_t0_i100ms,85,42.5,0,True,True,True,False,2,4482,3,80,8.739818033063784e-05,52363.427922767274,0.002011212483921554,40.0,0.7684055744498619,0,0,,,0.0,49,1,0.463069754196603,1.0,0.2533143765056692,0.463069754196603,185,0.031051635742187604,0.0,53.90374455181882,9,3433,10
5,adaptive_t0_i100ms,85,42.5,0,True,True,True,False,2,4482,3,80,8.739818033063784e-05,52363.427922767274,0.002011212483921554,40.0,0.7684055744498619,0,0,,,0.0,50,1,0.4604207317161729,1.0,0.25328046253045305,0.4604207317161729,29,0.004867553710937597,0.0,52.70264654143102,17,4273,1
5,adaptive_t0_i100ms,85,42.5,0,True,True,True,False,2,4482,3,80,8.739818033063784e-05,52363.427922767274,0.002011212483921554,40.0,0.7684055744498619,0,0,,,0.0,51,1,0.22835355793445433,1.0,0.2530924633652866,0.22835355793445433,274,0.04598999023437508,0.0,39.85544663650944,25,2905,9
5,adaptive_t0_i100ms,85,42.5,0,True,True,True,True,2,4482,3,80,8.739818033063784e-05,52363.427922767274,0.002011212483921554,40.0,0.7684055744498619,0,0,,,0.0,80,2,0.37137343912512544,1.0,0.253442885372022,0.37137343912512544,68,0.011413574218750097,8.739818033063784e-05,14.092265790524834,2,4482,3
5,adaptive_t0_i100ms,85,42.5,0,True,True,True,False,2,4482,3,80,8.739818033063784e-05,52363.427922767274,0.002011212483921554,40.0,0.7684055744498619,0,0,,,0.0,81,2,0.22825635259230653,1.0,0.2531897927055001,0.22825635259230653,163,0.027359008789062625,0.0,57.83770367440593,10,4042,7
5,adaptive_t0_i100ms,85,42.5,0,True,True,True,False,2,4482,3,80,8.739818033063784e-05,52363.427922767274,0.002011212483921554,40.0,0.7684055744498619,0,0,,,0.0,82,2,0.20709541890752317,1.0,0.2533325316375907,0.20709541890752317,292,0.0490112304687501,0.0,7.989450482629763,18,3602,13
5,adaptive_t0_i100ms,85,42.5,0,True,True,True,False,2,4482,3,80,8.739818033063784e-05,52363.427922767274,0.002011212483921554,40.0,0.7684055744498619,0,0,,,0.0,83,2,1.460537456310478,1.0,0.2534040733585038,1.460537456310478,127,0.021316528320312625,0.0,7.1672768382923095,26,4250,6
5,adaptive_t0_i100ms,85,42.5,0,True,True,True,False,2,4482,3,80,8.739818033063784e-05,52363.427922767274,0.002011212483921554,40.0,0.7684055744498619,0,0,,,0.0,112,3,0.2402390188041196,1.0,0.25321584606908704,0.2402390188041196,288,0.04833984375000009,0.0,4.306715863451245,3,3587,11
5,adaptive_t0_i100ms,85,42.5,0,True,True,True,False,2,4482,3,80,8.739818033063784e-05,52363.427922767274,0.002011212483921554,40.0,0.7684055744498619,0,0,,,0.0,113,3,0.4548495810451841,1.0,0.25327090420779075,0.4548495810451841,111,0.01863098144531257,0.0,62.351619124812714,11,3787,0
5,adaptive_t0_i100ms,85,42.5,0,True,True,True,False,2,4482,3,80,8.739818033063784e-05,52363.427922767274,0.002011212483921554,40.0,0.7684055744498619,0,0,,,0.0,114,3,0.20394306083971156,1.0,0.25283985682382176,0.20394306083971156,104,0.017456054687500118,0.0,22.85955863716663,19,3507,7
5,adaptive_t0_i100ms,85,42.5,0,True,True,True,False,2,4482,3,80,8.739818033063784e-05,52363.427922767274,0.002011212483921554,40.0,0.7684055744498619,0,0,,,0.0,115,3,0.19627602847731637,1.0,0.25342628063955114,0.19627602847731637,85,0.01426696777343757,0.0,33.187717939101276,27,3131,14
5,adaptive_t0_i100ms,85,42.5,0,True,True,True,False,2,4482,3,80,8.739818033063784e-05,52363.427922767274,0.002011212483921554,40.0,0.7684055744498619,0,0,,,0.0,144,4,3.14457174238051,1.0,0.25342567343069544,3.14457174238051,14,0.00234985351562508,0.0,0.8196915106891538,4,3364,0
5,adaptive_t0_i100ms,85,42.5,0,True,True,True,False,2,4482,3,80,8.739818033063784e-05,52363.427922767274,0.002011212483921554,40.0,0.7684055744498619,0,0,,,0.0,145,4,0.8476675605261388,1.0,0.2532758216092579,0.8476675605261388,96,0.016113281250000076,0.0,18.87526933132176,12,3756,2
5,adaptive_t0_i100ms,85,42.5,0,True,True,True,False,2,4482,3,80,8.739818033063784e-05,52363.427922767274,0.002011212483921554,40.0,0.7684055744498619,0,0,,,0.0,146,4,0.9259664167177291,1.0,0.2533788034736049,0.9259664167177291,242,0.04061889648437512,0.0,12.961281538075127,20,3540,6
5,adaptive_t0_i100ms,85,42.5,0,True,True,True,False,2,4482,3,80,8.739818033063784e-05,52363.427922767274,0.002011212483921554,40.0,0.7684055744498619,0,0,,,0.0,147,4,1.6716018984826322,1.0,0.25335595626023755,1.6716018984826322,20,0.0033569335937500763,0.0,29.969846701926144,28,3996,6
5,adaptive_t0_i100ms,85,42.5,0,True,True,True,False,2,4482,3,80,8.739818033063784e-05,52363.427922767274,0.002011212483921554,40.0,0.7684055744498619,0,0,,,0.0,176,5,0.731086509866889,1.0,0.25323799275922837,0.731086509866889,2,0.00033569335937509714,0.0,23.1241068833624,5,2981,1
5,adaptive_t0_i100ms,85,42.5,0,True,True,True,False,2,4482,3,80,8.739818033063784e-05,52363.427922767274,0.002011212483921554,40.0,0.7684055744498619,0,0,,,0.0,177,5,7.107430853348725,1.0,0.25342816118496536,7.107430853348725,46,0.007720947265625097,0.0,6.2993782812482095,13,3085,8
5,adaptive_t0_i100ms,85,42.5,0,True,True,True,False,2,4482,3,80,8.739818033063784e-05,52363.427922767274,0.002011212483921554,40.0,0.7684055744498619,0,0,,,0.0,178,5,0.22931962524821695,1.0,0.2532539850540621,0.22931962524821695,307,0.05152893066406262,0.0,0.19537412753561512,21,3637,10
5,adaptive_t0_i100ms,85,42.5,0,True,True,True,False,2,4482,3,80,8.739818033063784e-05,52363.427922767274,0.002011212483921554,40.0,0.7684055744498619,0,0,,,0.0,179,5,1.5879174424404185,1.0,0.25338178874951667,1.5879174424404185,241,0.040367126464843826,0.0,5.313455243915087,29,2621,3
5,adaptive_t0_i100ms,85,42.5,0,True,True,True,False,2,4482,3,80,8.739818033063784e-05,52363.427922767274,0.002011212483921554,40.0,0.7684055744498619,0,0,,,0.0,208,6,0.21774371909202286,1.0,0.2532433298656702,0.21774371909202286,91,0.015274047851562528,0.0,35.46857662717957,6,3782,8
5,adaptive_t0_i100ms,85,42.5,0,True,True,True,False,2,4482,3,80,8.739818033063784e-05,52363.427922767274,0.002011212483921554,40.0,0.7684055744498619,0,0,,,0.0,209,6,1.9386578704101138,1.0,0.2534197303898879,1.9386578704101138,153,0.02568054199218761,0.0,19.17363969422877,14,3758,7
5,adaptive_t0_i100ms,85,42.5,0,True,True,True,False,2,4482,3,80,8.739818033063784e-05,52363.427922767274,0.002011212483921554,40.0,0.7684055744498619,0,0,,,0.0,210,6,0.1787768065550461,1.0,0.2528699890645219,0.1787768065550461,15,0.002517700195312597,0.0,61.11111166040064,22,3606,10
5,adaptive_t0_i100ms,85,42.5,0,True,True,True,False,2,4482,3,80,8.739818033063784e-05,52363.427922767274,0.002011212483921554,40.0,0.7684055744498619,0,0,,,0.0,211,6,2.380592854234421,1.0,0.2533748207520739,2.380592854234421,261,0.04380798339843762,0.0,4.647674726576952,30,3582,2
5,adaptive_t0_i100ms,85,42.5,0,True,True,True,False,2,4482,3,80,8.739818033063784e-05,52363.427922767274,0.002011212483921554,40.0,0.7684055744498619,0,0,,,0.0,240,7,0.2145098551240833,1.0,0.2532129594247252,0.2145098551240833,148,0.024841308593750097,0.0,45.57960689210449,7,3815,8
5,adaptive_t0_i100ms,85,42.5,0,True,True,True,False,2,4482,3,80,8.739818033063784e-05,52363.427922767274,0.002011212483921554,40.0,0.7684055744498619,0,0,,,0.0,241,7,0.22857508101039808,1.0,0.25328153429822625,0.22857508101039808,247,0.04145812988281262,0.0,39.89811422047933,15,4335,6
5,adaptive_t0_i100ms,85,42.5,0,True,True,True,False,2,4482,3,80,8.739818033063784e-05,52363.427922767274,0.002011212483921554,40.0,0.7684055744498619,0,0,,,0.0,242,7,0.2348524934840138,1.0,0.2532437283532123,0.2348524934840138,43,0.007217407226562611,0.0,145.267548716256,23,3831,10
5,adaptive_t0_i100ms,85,42.5,0,True,True,True,False,2,4482,3,80,8.739818033063784e-05,52363.427922767274,0.002011212483921554,40.0,0.7684055744498619,0,0,,,0.0,243,7,1.685302498535572,1.0,0.25341003029322534,1.685302498535572,274,0.045906066894531354,0.0,3.254343000073277,31,3775,13
5,adaptive_t0_i100ms,86,43.0,0,True,True,True,False,24,3352,6,19,2.488925238139936e-06,52863.4258000359,0.004133943861234002,40.0,0.03927861197211314,0,0,,,0.0,18,0,10.320884976790307,1.0,0.04739451977824858,12.388017469470164,38,0.006378173828125069,0.0,4.482163073720585,16,3344,0
5,adaptive_t0_i100ms,86,43.0,0,True,True,True,True,24,3352,6,19,2.488925238139936e-06,52863.4258000359,0.004133943861234002,40.0,0.03927861197211314,0,0,,,0.0,19,0,0.30088408831787106,1.0,0.04740004587150897,2.368016580997727,32,0.005371093750000083,2.488925238139936e-06,6.720675528151332,24,3352,6
5,adaptive_t0_i100ms,86,43.0,0,True,True,True,False,24,3352,6,19,2.488925238139936e-06,52863.4258000359,0.004133943861234002,40.0,0.03927861197211314,0,0,,,0.0,114,3,0.3671337958374023,1.0,0.047380266634552096,2.434266288517258,15,0.002517700195312618,0.0,8.5441998262977,19,3507,15
5,adaptive_t0_i100ms,86,43.0,0,True,True,True,False,24,3352,6,19,2.488925238139936e-06,52863.4258000359,0.004133943861234002,40.0,0.03927861197211314,0,0,,,0.0,115,3,0.33714212016906736,1.0,0.04734592737148531,2.404274612848923,9,0.0015106201171875694,0.0,7.048017793131294,27,3163,9
5,adaptive_t0_i100ms,86,43.0,0,True,True,True,False,24,3352,6,19,2.488925238139936e-06,52863.4258000359,0.004133943861234002,40.0,0.03927861197211314,0,0,,,0.0,145,4,1.2831299822021487,1.0,0.047396921116933236,5.417394967561861,17,0.002853393554687578,0.0,2.1162185991415754,12,3788,12
5,adaptive_t0_i100ms,86,43.0,0,True,True,True,False,24,3352,6,19,2.488925238139936e-06,52863.4258000359,0.004133943861234002,40.0,0.03927861197211314,0,0,,,0.0,176,5,3.0098484060699464,1.0,0.047396270653157754,7.144113391429658,43,0.007217407226562597,0.0,6.984902082520421,5,3013,13
5,adaptive_t0_i100ms,86,43.0,0,True,True,True,False,24,3352,6,19,2.488925238139936e-06,52863.4258000359,0.004133943861234002,40.0,0.03927861197211314,0,0,,,0.0,210,6,3.3107165247161863,1.0,0.04739499659688064,5.377849017396042,34,0.005706787109375097,0.0,9.28152044138551,22,3670,7
5,adaptive_t0_i100ms,86,43.0,0,True,True,True,False,24,3352,6,19,2.488925238139936e-06,52863.4258000359,0.004133943861234002,40.0,0.03927861197211314,0,0,,,0.0,211,6,0.3989351790985108,1.0,0.047357274846620244,2.466067671778367,46,0.007720947265625118,0.0,7.095042892062338,30,3646,4
5,adaptive_t0_i100ms,87,43.5,0,True,True,True,False,7,3847,12,240,7.071193540468815e-05,53363.42750561115,0.002428368607070297,40.0,0.5443974941619673,0,0,,,0.0,17,0,0.2417227390190243,1.0,0.46218718571309236,0.6452352993735697,71,0.011917114257812604,0.0,65.78099346071394,8,3912,5
5,adaptive_t0_i100ms,87,43.5,0,True,True,True,False,7,3847,12,240,7.071193540468815e-05,53363.42750561115,0.002428368607070297,40.0,0.5443974941619673,0,0,,,0.0,18,0,0.5358531493367732,1.0,0.4622263976288046,0.9393657096913186,26,0.004364013671875069,0.0,61.558397476546816,16,3344,7
5,adaptive_t0_i100ms,87,43.5,0,True,True,True,False,7,3847,12,240,7.071193540468815e-05,53363.42750561115,0.002428368607070297,40.0,0.5443974941619673,0,0,,,0.0,19,0,0.18823197975685793,1.0,0.4621359181443576,0.5917445401114033,39,0.006546020507812583,0.0,20.283348744058458,24,3352,14
5,adaptive_t0_i100ms,87,43.5,0,True,True,True,False,7,3847,12,240,7.071193540468815e-05,53363.42750561115,0.002428368607070297,40.0,0.5443974941619673,0,0,,,0.0,48,1,1.8907875696395888,1.0,0.4623015889672882,2.193421989905498,25,0.004196166992187639,0.0,6.639026323660801,1,4065,8
5,adaptive_t0_i100ms,87,43.5,0,True,True,True,False,7,3847,12,240,7.071193540468815e-05,53363.42750561115,0.002428368607070297,40.0,0.5443974941619673,0,0,,,0.0,49,1,0.2538541378372305,1.0,0.4621266809720789,0.5564885581031396,22,0.0036926269531251076,0.0,36.138260446889035,9,3529,7
5,adaptive_t0_i100ms,87,43.5,0,True,True,True,False,7,3847,12,240,7.071193540468815e-05,53363.42750561115,0.002428368607070297,40.0,0.5443974941619673,0,0,,,0.0,50,1,1.792137783397523,1.0,0.46228931716020705,2.0947722036634318,85,0.014266967773437604,0.0,1.6555086836669943,17,4401,14
5,adaptive_t0_i100ms,87,43.5,0,True,True,True,False,7,3847,12,240,7.071193540468815e-05,53363.42750561115,0.002428368607070297,40.0,0.5443974941619673,0,0,,,0.0,51,1,0.0,1.0,0.46202006786547845,0.30263442026590903,232,0.03894042968750009,0.0,59.113653005581,25,2937,0
5,adaptive_t0_i100ms,87,43.5,0,True,True,True,False,7,3847,12,240,7.071193540468815e-05,53363.42750561115,0.002428368607070297,40.0,0.5443974941619673,0,0,,,0.0,82,2,0.5002285632312814,1.0,0.46230372840154904,1.1054974037630996,188,0.031555175781250104,0.0,20.18840523880499,18,3634,7
5,adaptive_t0_i100ms,87,43.5,0,True,True,True,False,7,3847,12,240,7.071193540468815e-05,53363.42750561115,0.002428368607070297,40.0,0.5443974941619673,0,0,,,0.0,83,2,0.22062527811432076,1.0,0.4623076890059866,0.8258941186461388,158,0.026519775390625125,0.0,14.150079784441914,26,4314,8
5,adaptive_t0_i100ms,87,43.5,0,True,True,True,False,7,3847,12,240,7.071193540468815e-05,53363.42750561115,0.002428368607070297,40.0,0.5443974941619673,0,0,,,0.0,112,3,0.5074459950110686,1.0,0.46213405515374206,0.8100804152769776,250,0.0419616699218751,0.0,5.175000320188701,3,3619,6
5,adaptive_t0_i100ms,87,43.5,0,True,True,True,False,7,3847,12,240,7.071193540468815e-05,53363.42750561115,0.002428368607070297,40.0,0.5443974941619673,0,0,,,0.0,113,3,0.22973366115573768,1.0,0.4620362527476037,0.5323680814216467,157,0.02635192871093757,0.0,21.54502027529088,11,3819,8
5,adaptive_t0_i100ms,87,43.5,0,True,True,True,False,7,3847,12,240,7.071193540468815e-05,53363.42750561115,0.002428368607070297,40.0,0.5443974941619673,0,0,,,0.0,114,3,1.0038300889482579,1.0,0.4622437743314715,1.306464509214167,197,0.03306579589843762,0.0,16.80152553069638,19,3603,4
5,adaptive_t0_i100ms,87,43.5,0,True,True,True,False,7,3847,12,240,7.071193540468815e-05,53363.42750561115,0.002428368607070297,40.0,0.5443974941619673,0,0,,,0.0,115,3,1.759555371895165,1.0,0.4622889690241946,2.062189792161074,30,0.005035400390625069,0.0,9.782740069182182,27,3195,13
5,adaptive_t0_i100ms,87,43.5,0,True,True,True,False,7,3847,12,240,7.071193540468815e-05,53363.42750561115,0.002428368607070297,40.0,0.5443974941619673,0,0,,,0.0,144,4,0.4829294305621467,1.0,0.46222927551708926,0.7855638508280558,94,0.015777587890625083,0.0,45.606810817662335,4,3396,8
5,adaptive_t0_i100ms,87,43.5,0,True,True,True,False,7,3847,12,240,7.071193540468815e-05,53363.42750561115,0.002428368607070297,40.0,0.5443974941619673,0,0,,,0.0,145,4,0.5197644782287499,1.0,0.462281704364392,0.822398898494659,141,0.023666381835937576,0.0,13.162425121416163,12,3820,10
5,adaptive_t0_i100ms,87,43.5,0,True,True,True,False,7,3847,12,240,7.071193540468815e-05,53363.42750561115,0.002428368607070297,40.0,0.5443974941619673,0,0,,,0.0,146,4,1.0606206931386517,1.0,0.4622116271926592,1.3632551134045607,240,0.040283203125000125,0.0,14.708481165507692,20,3572,15
5,adaptive_t0_i100ms,87,43.5,0,True,True,True,False,7,3847,12,240,7.071193540468815e-05,53363.42750561115,0.002428368607070297,40.0,0.5443974941619673,0,0,,,0.0,147,4,0.4767879939176489,1.0,0.4621637288358037,0.779422414183558,23,0.0038604736328125763,0.0,19.86443301114923,28,4092,13
5,adaptive_t0_i100ms,87,43.5,0,True,True,True,False,7,3847,12,240,7.071193540468815e-05,53363.42750561115,0.002428368607070297,40.0,0.5443974941619673,0,0,,,0.0,176,5,0.9952527941097862,1.0,0.4622165711052815,1.2978872143756952,33,0.005538940429687597,0.0,21.221174041835184,5,3077,3
5,adaptive_t0_i100ms,87,43.5,0,True,True,True,False,7,3847,12,240,7.071193540468815e-05,53363.42750561115,0.002428368607070297,40.0,0.5443974941619673,0,0,,,0.0,177,5,1.7597187452813587,1.0,0.4623195092324011,2.0623531655472678,77,0.012924194335937597,0.0,4.940355095357518,13,3213,1
5,adaptive_t0_i100ms,87,43.5,0,True,True,True,False,7,3847,12,240,7.071193540468815e-05,53363.42750561115,0.002428368607070297,40.0,0.5443974941619673,0,0,,,0.0,178,5,0.25253461871955585,1.0,0.46231674101730846,0.5551690389854649,128,0.021484375000000118,0.0,62.63016988723393,21,3669,1
5,adaptive_t0_i100ms,87,43.5,0,True,True,True,False,7,3847,12,240,7.071193540468815e-05,53363.42750561115,0.002428368607070297,40.0,0.5443974941619673,0,0,,,0.0,179,5,1.9990409944202796,1.0,0.4622941714402983,2.301675414686189,54,0.009063720703125076,0.0,19.898131611604185,29,2685,11
5,adaptive_t0_i100ms,87,43.5,0,True,True,True,False,7,3847,12,240,7.071193540468815e-05,53363.42750561115,0.002428368607070297,40.0,0.5443974941619673,0,0,,,0.0,208,6,0.9465418712638592,1.0,0.4622040540440103,1.2491762915297682,10,0.0016784667968750347,0.0,31.46931272229267,6,3814,14
5,adaptive_t0_i100ms,87,43.5,0,True,True,True,False,7,3847,12,240,7.071193540468815e-05,53363.42750561115,0.002428368607070297,40.0,0.5443974941619673,0,0,,,0.0,209,6,4.8727518746224625,1.0,0.46231703899173954,5.175386294888371,274,0.04598999023437512,0.0,1.7724644946938497,14,3886,14
5,adaptive_t0_i100ms,87,43.5,0,True,True,True,False,7,3847,12,240,7.071193540468815e-05,53363.42750561115,0.002428368607070297,40.0,0.5443974941619673,0,0,,,0.0,210,6,4.566375857660157,1.0,0.4623020284554029,4.8690102779260656,204,0.0342407226562501,0.0,2.550763506202202,22,3766,1
5,adaptive_t0_i100ms,87,43.5,0,True,True,True,False,7,3847,12,240,7.071193540468815e-05,53363.42750561115,0.002428368607070297,40.0,0.5443974941619673,0,0,,,0.0,211,6,0.24957238176396201,1.0,0.4621266554468364,0.552206802029871,115,0.019302368164062618,0.0,0.89284418457828,30,3646,14
5,adaptive_t0_i100ms,87,43.5,0,True,True,True,True,7,3847,12,240,7.071193540468815e-05,53363.42750561115,0.002428368607070297,40.0,0.5443974941619673,0,0,,,0.0,240,7,0.43845855370097747,1.0,0.46232214642008784,0.7410929739668866,45,0.007553100585937599,7.071193540468815e-05,3.0169234809291083,7,3847,12
5,adaptive_t0_i100ms,87,43.5,0,True,True,True,False,7,3847,12,240,7.071193540468815e-05,53363.42750561115,0.002428368607070297,40.0,0.5443974941619673,0,0,,,0.0,241,7,0.25741775734554223,1.0,0.4622109950655235,0.5600521776114513,271,0.04548645019531262,0.0,10.54727393637586,15,4335,14
5,adaptive_t0_i100ms,87,43.5,0,True,True,True,False,7,3847,12,240,7.071193540468815e-05,53363.42750561115,0.002428368607070297,40.0,0.5443974941619673,0,0,,,0.0,242,7,1.8179975108166724,1.0,0.4622966447578011,2.120631931082581,36,0.006042480468750111,0.0,16.84294887161377,23,3863,6
5,adaptive_t0_i100ms,87,43.5,0,True,True,True,False,7,3847,12,240,7.071193540468815e-05,53363.42750561115,0.002428368607070297,40.0,0.5443974941619673,0,0,,,0.0,243,7,0.4959266785962714,1.0,0.4621196139770156,0.7985610988621804,18,0.003021240234375104,0.0,37.95351180615398,31,3839,5
5,adaptive_t0_i100ms,88,44.0,0,True,True,True,False,28,4156,8,147,9.676779154688109e-06,53863.425979732245,0.003954247513320297,40.0,0.6311131924041548,0,0,,,0.0,16,0,0.1448862586427391,1.0,0.9395370599387491,0.1448862586427391,21,0.003524780273437597,0.0,19.542735497816466,0,3808,9
5,adaptive_t0_i100ms,88,44.0,0,True,True,True,False,28,4156,8,147,9.676779154688109e-06,53863.425979732245,0.003954247513320297,40.0,0.6311131924041548,0,0,,,0.0,17,0,0.21192518558657805,1.0,0.9396337491895606,0.21192518558657805,285,0.047836303710937604,0.0,18.604990258609178,8,3912,9
5,adaptive_t0_i100ms,88,44.0,0,True,True,True,False,28,4156,8,147,9.676779154688109e-06,53863.425979732245,0.003954247513320297,40.0,0.6311131924041548,0,0,,,0.0,18,0,0.46979766397322825,1.0,0.9400439283645302,0.46979766397322825,325,0.05455017089843757,0.0,11.899711572186789,16,3344,14
5,adaptive_t0_i100ms,88,44.0,0,True,True,True,False,28,4156,8,147,9.676779154688109e-06,53863.425979732245,0.003954247513320297,40.0,0.6311131924041548,0,0,,,0.0,19,0,0.2147233172902776,1.0,0.9394522475690255,0.2147233172902776,97,0.016281127929687583,0.0,89.13740082152799,24,3416,2
5,adaptive_t0_i100ms,88,44.0,0,True,True,True,False,28,4156,8,147,9.676779154688109e-06,53863.425979732245,0.003954247513320297,40.0,0.6311131924041548,0,0,,,0.0,48,1,10.435238130597982,1.0,0.9401599701733212,10.435238130597982,231,0.038772583007812646,0.0,0.44521108400658704,1,4257,5
5,adaptive_t0_i100ms,88,44.0,0,True,True,True,False,28,4156,8,147,9.676779154688109e-06,53863.425979732245,0.003954247513320297,40.0,0.6311131924041548,0,0,,,0.0,49,1,0.22256112722949803,1.0,0.9396409759179,0.22256112722949803,72,0.012084960937500108,0.0,49.71843366235407,9,3529,15
5,adaptive_t0_i100ms,88,44.0,0,True,True,True,False,28,4156,8,147,9.676779154688109e-06,53863.425979732245,0.003954247513320297,40.0,0.6311131924041548,0,0,,,0.0,50,1,0.18725575041238413,1.0,0.9396596936811269,0.18725575041238413,20,0.003356933593750104,0.0,37.82012358420616,17,4433,12
5,adaptive_t0_i100ms,88,44.0,0,True,True,True,False,28,4156,8,147,9.676779154688109e-06,53863.425979732245,0.003954247513320297,40.0,0.6311131924041548,0,0,,,0.0,51,1,0.9064994853951492,1.0,0.9400049486889408,0.9064994853951492,60,0.01007080078125009,0.0,55.04868176580203,25,2937,9
5,adaptive_t0_i100ms,88,44.0,0,True,True,True,False,28,4156,8,147,9.676779154688109e-06,53863.425979732245,0.003954247513320297,40.0,0.6311131924041548,0,0,,,0.0,80,2,0.40878277108229005,1.0,0.9401442233264853,0.40878277108229005,51,0.008560180664062604,0.0,53.59937697867281,2,4674,12
5,adaptive_t0_i100ms,88,44.0,0,True,True,True,False,28,4156,8,147,9.676779154688109e-06,53863.425979732245,0.003954247513320297,40.0,0.6311131924041548,0,0,,,0.0,81,2,0.21746755498950276,1.0,0.9396777807649666,0.21746755498950276,145,0.024337768554687625,0.0,15.510219018324278,10,4106,6
5,adaptive_t0_i100ms,88,44.0,0,True,True,True,False,28,4156,8,147,9.676779154688109e-06,53863.425979732245,0.003954247513320297,40.0,0.6311131924041548,0,0,,,0.0,82,2,0.43856457827971723,1.0,0.939919016945387,0.43856457827971723,208,0.034912109375000104,0.0,49.90405385851773,18,3634,13
5,adaptive_t0_i100ms,88,44.0,0,True,True,True,False,28,4156,8,147,9.676779154688109e-06,53863.425979732245,0.003954247513320297,40.0,0.6311131924041548,0,0,,,0.0,83,2,0.1934284428482666,1.0,0.9394683352831756,0.1934284428482666,46,0.007720947265625125,0.0,99.0749095316205,26,4314,12
5,adaptive_t0_i100ms,88,44.0,0,True,True,True,False,28,4156,8,147,9.676779154688109e-06,53863.425979732245,0.003954247513320297,40.0,0.6311131924041548,0,0,,,0.0,112,3,0.4448923055576607,1.0,0.9399151333480593,0.4448923055576607,157,0.026351928710937597,0.0,45.83827187598217,3,3619,13
5,adaptive_t0_i100ms,88,44.0,0,True,True,True,False,28,4156,8,147,9.676779154688109e-06,53863.425979732245,0.003954247513320297,40.0,0.6311131924041548,0,0,,,0.0,113,3,0.20141402076402073,1.0,0.9397318696581634,0.20141402076402073,63,0.01057434082031257,0.0,97.04061291893595,11,3819,12
5,adaptive_t0_i100ms,88,44.0,0,True,True,True,False,28,4156,8,147,9.676779154688109e-06,53863.425979732245,0.003954247513320297,40.0,0.6311131924041548,0,0,,,0.0,114,3,0.8800863284980713,1.0,0.9400234198573468,0.8800863284980713,221,0.03709411621093762,0.0,19.888282862120832,19,3603,15
5,adaptive_t0_i100ms,88,44.0,0,True,True,True,False,28,4156,8,147,9.676779154688109e-06,53863.425979732245,0.003954247513320297,40.0,0.6311131924041548,0,0,,,0.0,115,3,6.660628195493584,1.0,0.9401507853227,6.660628195493584,75,0.01258850097656257,0.0,5.958539455787104,27,3259,8
5,adaptive_t0_i100ms,88,44.0,0,True,True,True,False,28,4156,8,147,9.676779154688109e-06,53863.425979732245,0.003954247513320297,40.0,0.6311131924041548,0,0,,,0.0,144,4,0.42339793770518425,1.0,0.939997354392993,0.42339793770518425,41,0.006881713867187583,0.0,96.3848304716521,4,3396,14
5,adaptive_t0_i100ms,88,44.0,0,True,True,True,False,28,4156,8,147,9.676779154688109e-06,53863.425979732245,0.003954247513320297,40.0,0.6311131924041548,0,0,,,0.0,145,4,1.342715271630385,1.0,0.9400796977530571,1.342715271630385,76,0.012756347656250076,0.0,32.87125454371562,12,3852,10
5,adaptive_t0_i100ms,88,44.0,0,True,True,True,False,28,4156,8,147,9.676779154688109e-06,53863.425979732245,0.003954247513320297,40.0,0.6311131924041548,0,0,,,0.0,146,4,0.9081813245879664,1.0,0.9400000122722504,0.9081813245879664,87,0.014602661132812625,0.0,19.020676294712757,20,3636,0
5,adaptive_t0_i100ms,88,44.0,0,True,True,True,True,28,4156,8,147,9.676779154688109e-06,53863.425979732245,0.003954247513320297,40.0,0.6311131924041548,0,0,,,0.0,147,4,1.8297857360558958,1.0,0.9401627046223378,1.8297857360558958,90,0.015106201171875076,9.676779154688109e-06,18.06310805859539,28,4156,8
5,adaptive_t0_i100ms,88,44.0,0,True,True,True,False,28,4156,8,147,9.676779154688109e-06,53863.425979732245,0.003954247513320297,40.0,0.6311131924041548,0,0,,,0.0,176,5,3.5084167973135227,1.0,0.9401401464586163,3.5084167973135227,165,0.027694702148437597,0.0,7.571405909766327,5,3141,2
5,adaptive_t0_i100ms,88,44.0,0,True,True,True,False,28,4156,8,147,9.676779154688109e-06,53863.425979732245,0.003954247513320297,40.0,0.6311131924041548,0,0,,,0.0,177,5,0.18143742753562062,1.0,0.9395682681690816,0.18143742753562062,36,0.006042480468750097,0.0,72.94467399719724,13,3213,7
5,adaptive_t0_i100ms,88,44.0,0,True,True,True,False,28,4156,8,147,9.676779154688109e-06,53863.425979732245,0.003954247513320297,40.0,0.6311131924041548,0,0,,,0.0,178,5,0.22140426737000324,1.0,0.9395916863360053,0.22140426737000324,26,0.004364013671875118,0.0,154.68282702147553,21,3669,4
5,adaptive_t0_i100ms,88,44.0,0,True,True,True,False,28,4156,8,147,9.676779154688109e-06,53863.425979732245,0.003954247513320297,40.0,0.6311131924041548,0,0,,,0.0,179,5,0.4361617633426292,1.0,0.9399453299242124,0.4361617633426292,247,0.041458129882812576,0.0,18.220531396582373,29,2717,6
5,adaptive_t0_i100ms,88,44.0,0,True,True,True,False,28,4156,8,147,9.676779154688109e-06,53863.425979732245,0.003954247513320297,40.0,0.6311131924041548,0,0,,,0.0,208,6,0.17087087225130052,1.0,0.9395936385073415,0.17087087225130052,52,0.008728027343750035,0.0,16.632095605200448,6,3878,8
5,adaptive_t0_i100ms,88,44.0,0,True,True,True,False,28,4156,8,147,9.676779154688109e-06,53863.425979732245,0.003954247513320297,40.0,0.6311131924041548,0,0,,,0.0,209,6,0.4501109878023669,1.0,0.9399802633052808,0.4501109878023669,135,0.022659301757812625,0.0,43.99245839940704,14,3982,3
5,adaptive_t0_i100ms,88,44.0,0,True,True,True,False,28,4156,8,147,9.676779154688109e-06,53863.425979732245,0.003954247513320297,40.0,0.6311131924041548,0,0,,,0.0,210,6,0.843932700233712,1.0,0.940075719560795,0.843932700233712,170,0.028533935546875097,0.0,23.377189966777223,22,3766,13
5,adaptive_t0_i100ms,88,44.0,0,True,True,True,False,28,4156,8,147,9.676779154688109e-06,53863.425979732245,0.003954247513320297,40.0,0.6311131924041548,0,0,,,0.0,211,6,3.6495894686605843,1.0,0.940131065981356,3.6495894686605843,18,0.0030212402343751214,0.0,6.106962794001447,30,3710,9
5,adaptive_t0_i100ms,88,44.0,0,True,True,True,False,28,4156,8,147,9.676779154688109e-06,53863.425979732245,0.003954247513320297,40.0,0.6311131924041548,0,0,,,0.0,240,7,0.22614380826171587,1.0,0.9394762408976288,0.22614380826171587,160,0.026855468750000097,0.0,98.15689512163226,7,3879,3
5,adaptive_t0_i100ms,88,44.0,0,True,True,True,False,28,4156,8,147,9.676779154688109e-06,53863.425979732245,0.003954247513320297,40.0,0.6311131924041548,0,0,,,0.0,241,7,1.3688773911824959,1.0,0.9401119523218358,1.3688773911824959,305,0.05119323730468762,0.0,5.248483056675468,15,4367,8
5,adaptive_t0_i100ms,88,44.0,0,True,True,True,False,28,4156,8,147,9.676779154688109e-06,53863.425979732245,0.003954247513320297,40.0,0.6311131924041548,0,0,,,0.0,242,7,1.7660301354964574,1.0,0.9401486483555673,1.7660301354964574,58,0.009735107421875111,0.0,20.89291311258421,23,3895,14
5,adaptive_t0_i100ms,88,44.0,0,True,True,True,False,28,4156,8,147,9.676779154688109e-06,53863.425979732245,0.003954247513320297,40.0,0.6311131924041548,0,0,,,0.0,243,7,0.43479299392920745,1.0,0.9399593561545294,0.43479299392920745,17,0.002853393554687604,0.0,74.65241611524107,31,3839,14
5,adaptive_t0_i100ms,89,44.5,0,True,True,True,False,15,4431,2,241,0.00011648830259218812,54363.42865002033,0.001283959427382797,40.0,0.5093633144744671,0,0,,,0.0,16,0,1.7404244459229024,1.0,1.4218764569307965,2.0865560531800913,17,0.002853393554687597,0.0,3.9534856691898312,0,3904,3
5,adaptive_t0_i100ms,89,44.5,0,True,True,True,False,15,4431,2,241,0.00011648830259218812,54363.42865002033,0.001283959427382797,40.0,0.5093633144744671,0,0,,,0.0,19,0,0.3914893517761231,1.0,1.4218057394787833,0.7376209590333118,84,0.014099121093750083,0.0,16.94130645621044,24,3416,7
5,adaptive_t0_i100ms,89,44.5,0,True,True,True,False,15,4431,2,241,0.00011648830259218812,54363.42865002033,0.001283959427382797,40.0,0.5093633144744671,0,0,,,0.0,48,1,0.3900308211639405,1.0,1.4217666130494717,0.6207852260020663,263,0.04414367675781265,0.0,5.458305246946111,1,4321,4
5,adaptive_t0_i100ms,89,44.5,0,True,True,True,False,15,4431,2,241,0.00011648830259218812,54363.42865002033,0.001283959427382797,40.0,0.5093633144744671,0,0,,,0.0,49,1,0.29836328520812994,1.0,1.421716453897387,0.5291176900462558,6,0.001007080078125111,0.0,14.154988375026733,9,3657,3
5,adaptive_t0_i100ms,89,44.5,0,True,True,True,False,15,4431,2,241,0.00011648830259218812,54363.42865002033,0.001283959427382797,40.0,0.5093633144744671,0,0,,,0.0,50,1,0.9556870014389544,1.0,1.4218610426253713,1.1864414062770803,70,0.011749267578125104,0.0,11.587497764972795,17,4465,12
5,adaptive_t0_i100ms,89,44.5,0,True,True,True,False,15,4431,2,241,0.00011648830259218812,54363.42865002033,0.001283959427382797,40.0,0.5093633144744671,0,0,,,0.0,80,2,1.8070114378037003,1.0,1.4218764037969036,2.1531430450608893,64,0.010742187500000104,0.0,5.897858643322252,2,4738,1
5,adaptive_t0_i100ms,89,44.5,0,True,True,True,False,15,4431,2,241,0.00011648830259218812,54363.42865002033,0.001283959427382797,40.0,0.5093633144744671,0,0,,,0.0,83,2,3.356441606816152,1.0,1.4218865861926366,3.7025732140733405,92,0.015441894531250125,0.0,8.586669704709493,26,4346,4
5,adaptive_t0_i100ms,89,44.5,0,True,True,True,False,15,4431,2,241,0.00011648830259218812,54363.42865002033,0.001283959427382797,40.0,0.5093633144744671,0,0,,,0.0,112,3,1.8845945062851457,1.0,1.4218690716143358,2.1153489111232715,272,0.0456542968750001,0.0,5.287559106909612,3,3683,7
5,adaptive_t0_i100ms,89,44.5,0,True,True,True,False,15,4431,2,241,0.00011648830259218812,54363.42865002033,0.001283959427382797,40.0,0.5093633144744671,0,0,,,0.0,114,3,1.8327171818237808,1.0,1.4218637574650814,2.0634715866619064,117,0.019638061523437618,0.0,1.8527213376728469,19,3667,0
5,adaptive_t0_i100ms,89,44.5,0,True,True,True,False,15,4431,2,241,0.00011648830259218812,54363.42865002033,0.001283959427382797,40.0,0.5093633144744671,0,0,,,0.0,115,3,0.4085253884765625,1.0,1.4218062499936328,0.6392797933146883,277,0.04649353027343757,0.0,10.554077569206129,27,3291,4
5,adaptive_t0_i100ms,89,44.5,0,True,True,True,False,15,4431,2,241,0.00011648830259218812,54363.42865002033,0.001283959427382797,40.0,0.5093633144744671,0,0,,,0.0,144,4,0.9800373061600236,1.0,1.4217960759777144,1.2107917109981494,177,0.029708862304687583,0.0,1.038479941431433,4,3460,7
5,adaptive_t0_i100ms,89,44.5,0,True,True,True,False,15,4431,2,241,0.00011648830259218812,54363.42865002033,0.001283959427382797,40.0,0.5093633144744671,0,0,,,0.0,145,4,0.6039244878235369,1.0,1.421827370309315,0.8346788926616627,71,0.011917114257812576,0.0,14.988895018592302,12,3884,9
5,adaptive_t0_i100ms,89,44.5,0,True,True,True,False,15,4431,2,241,0.00011648830259218812,54363.42865002033,0.001283959427382797,40.0,0.5093633144744671,0,0,,,0.0,146,4,1.8712647262421158,1.0,1.4218783352519382,2.1020191310802416,224,0.037597656250000125,0.0,0.29285488235473167,20,3668,14
5,adaptive_t0_i100ms,89,44.5,0,True,True,True,False,15,4431,2,241,0.00011648830259218812,54363.42865002033,0.001283959427382797,40.0,0.5093633144744671,0,0,,,0.0,176,5,3.4256711433868907,1.0,1.421909377324384,3.6564255482250165,136,0.022827148437500097,0.0,4.889904078117979,5,3173,10
5,adaptive_t0_i100ms,89,44.5,0,True,True,True,False,15,4431,2,241,0.00011648830259218812,54363.42865002033,0.001283959427382797,40.0,0.5093633144744671,0,0,,,0.0,178,5,0.4036702404144287,1.0,1.421815229342243,0.6344246452525546,29,0.004867553710937618,0.0,57.465039849652385,21,3669,8
5,adaptive_t0_i100ms,89,44.5,0,True,True,True,False,15,4431,2,241,0.00011648830259218812,54363.42865002033,0.001283959427382797,40.0,0.5093633144744671,0,0,,,0.0,179,5,0.6268471977707415,1.0,1.4217540956552288,0.8576016026088673,153,0.025680541992187576,0.0,20.280982304393547,29,2717,13
5,adaptive_t0_i100ms,89,44.5,0,True,True,True,False,15,4431,2,241,0.00011648830259218812,54363.42865002033,0.001283959427382797,40.0,0.5093633144744671,0,0,,,0.0,208,6,0.6793352103043109,1.0,1.421785045202908,1.0254668175614996,150,0.025177001953125035,0.0,27.83414932298183,6,3942,2
5,adaptive_t0_i100ms,89,44.5,0,True,True,True,False,15,4431,2,241,0.00011648830259218812,54363.42865002033,0.001283959427382797,40.0,0.5093633144744671,0,0,,,0.0,211,6,0.6127452262375384,1.0,1.4218237711898407,0.9588768334947271,179,0.030044555664062625,0.0,16.92220717886812,30,3806,1
5,adaptive_t0_i100ms,89,44.5,0,True,True,True,False,15,4431,2,241,0.00011648830259218812,54363.42865002033,0.001283959427382797,40.0,0.5093633144744671,0,0,,,0.0,240,7,0.41231149938354483,1.0,1.421921254110916,0.6430659042216706,332,0.0557250976562501,0.0,0.3365746618655976,7,3879,7
5,adaptive_t0_i100ms,89,44.5,0,True,True,True,True,15,4431,2,241,0.00011648830259218812,54363.42865002033,0.001283959427382797,40.0,0.5093633144744671,0,0,,,0.0,241,7,10.715442503742064,1.0,1.4219248883188569,10.946196908580191,54,0.009063720703125118,0.00011648830259218812,1.350506380200386,15,4431,2
5,adaptive_t0_i100ms,89,44.5,0,True,True,True,False,15,4431,2,241,0.00011648830259218812,54363.42865002033,0.001283959427382797,40.0,0.5093633144744671,0,0,,,0.0,243,7,1.0653597157043961,1.0,1.4218312215613411,1.296114120542522,267,0.044815063476562604,0.0,3.176885656939703,31,3871,10
5,adaptive_t0_i100ms,90,45.0,0,True,True,True,False,26,4410,5,83,0.0001232187994173728,54863.42881828275,0.0011156970067531802,40.0,0.6038677256353548,0,0,,,0.0,16,0,0.17753241424111912,1.0,0.315034089102613,0.5054531082324846,51,0.008560180664062597,0.0,0.62180685083149,0,3968,5
5,adaptive_t0_i100ms,90,45.0,0,True,True,True,False,26,4410,5,83,0.0001232187994173728,54863.42881828275,0.0011156970067531802,40.0,0.6038677256353548,0,0,,,0.0,48,1,0.21843760007785187,1.0,0.3149985729568572,0.3277444980749737,288,0.04833984375000015,0.0,1.1426711733001866,1,4321,8
5,adaptive_t0_i100ms,90,45.0,0,True,True,True,False,26,4410,5,83,0.0001232187994173728,54863.42881828275,0.0011156970067531802,40.0,0.6038677256353548,0,0,,,0.0,50,1,5.694656245422603,1.0,0.3151033851776464,5.803963143419725,57,0.009567260742187604,0.0,2.802068830758799,17,4625,2
5,adaptive_t0_i100ms,90,45.0,0,True,True,True,False,26,4410,5,83,0.0001232187994173728,54863.42881828275,0.0011156970067531802,40.0,0.6038677256353548,0,0,,,0.0,51,1,0.9786000703872049,1.0,0.315046947411499,1.0879069683843268,218,0.03659057617187509,0.0,11.10559069870942,25,3001,1
5,adaptive_t0_i100ms,90,45.0,0,True,True,True,False,26,4410,5,83,0.0001232187994173728,54863.42881828275,0.0011156970067531802,40.0,0.6038677256353548,0,0,,,0.0,80,2,0.42223222993205534,1.0,0.31479405500951624,0.5042124034298967,20,0.003356933593750104,0.0,33.095801904812106,2,4738,13
5,adaptive_t0_i100ms,90,45.0,0,True,True,True,False,26,4410,5,83,0.0001232187994173728,54863.42881828275,0.0011156970067531802,40.0,0.6038677256353548,0,0,,,0.0,81,2,1.8044136715249934,1.0,0.31507126106976857,1.8863938450228348,244,0.040954589843750125,0.0,2.39599401770829,10,4138,8
5,adaptive_t0_i100ms,90,45.0,0,True,True,True,False,26,4410,5,83,0.0001232187994173728,54863.42881828275,0.0011156970067531802,40.0,0.6038677256353548,0,0,,,0.0,82,2,0.23193859520898064,1.0,0.3151072377369022,0.313918768706822,54,0.009063720703125104,0.0,64.21241025519703,18,3666,7
5,adaptive_t0_i100ms,90,45.0,0,True,True,True,True,26,4410,5,83,0.0001232187994173728,54863.42881828275,0.0011156970067531802,40.0,0.6038677256353548,0,0,,,0.0,83,2,1.8107572786591988,1.0,0.3151073039994884,1.8927374521570401,263,0.044143676757812625,0.0001232187994173728,3.317846923120669,26,4410,5
5,adaptive_t0_i100ms,90,45.0,0,True,True,True,False,26,4410,5,83,0.0001232187994173728,54863.42881828275,0.0011156970067531802,40.0,0.6038677256353548,0,0,,,0.0,112,3,1.6249390636763845,1.0,0.31510620526856686,1.706919237174226,105,0.017623901367187597,0.0,16.136471924939542,3,3779,0
5,adaptive_t0_i100ms,90,45.0,0,True,True,True,False,26,4410,5,83,0.0001232187994173728,54863.42881828275,0.0011156970067531802,40.0,0.6038677256353548,0,0,,,0.0,113,3,0.20221836116634925,1.0,0.3150792655774463,0.28419853466419065,99,0.01661682128906257,0.0,26.565167946799193,11,3851,7
5,adaptive_t0_i100ms,90,45.0,0,True,True,True,False,26,4410,5,83,0.0001232187994173728,54863.42881828275,0.0011156970067531802,40.0,0.6038677256353548,0,0,,,0.0,114,3,0.4380085012251934,1.0,0.31497135747331395,0.5199886747230348,84,0.014099121093750118,0.0,13.49344421337446,19,3667,15
5,adaptive_t0_i100ms,90,45.0,0,True,True,True,False,26,4410,5,83,0.0001232187994173728,54863.42881828275,0.0011156970067531802,40.0,0.6038677256353548,0,0,,,0.0,115,3,0.2287955222702351,1.0,0.31467076407104444,0.3107756957680765,107,0.01795959472656257,0.0,72.175019874805,27,3291,7
5,adaptive_t0_i100ms,90,45.0,0,True,True,True,False,26,4410,5,83,0.0001232187994173728,54863.42881828275,0.0011156970067531802,40.0,0.6038677256353548,0,0,,,0.0,144,4,1.4162928056455384,1.0,0.3150623101635138,1.5255997036426603,192,0.0322265625000001,0.0,7.453552245853643,4,3588,0
5,adaptive_t0_i100ms,90,45.0,0,True,True,True,False,26,4410,5,83,0.0001232187994173728,54863.42881828275,0.0011156970067531802,40.0,0.6038677256353548,0,0,,,0.0,145,4,0.4641205264594649,1.0,0.31503464201641385,0.5734274244565867,245,0.04112243652343758,0.0,7.721126097887463,12,3916,3
5,adaptive_t0_i100ms,90,45.0,0,True,True,True,False,26,4410,5,83,0.0001232187994173728,54863.42881828275,0.0011156970067531802,40.0,0.6038677256353548,0,0,,,0.0,146,4,3.089730628535321,1.0,0.3150993614615747,3.1990375265324427,148,0.024841308593750125,0.0,2.243324340226536,20,3796,11
5,adaptive_t0_i100ms,90,45.0,0,True,True,True,False,26,4410,5,83,0.0001232187994173728,54863.42881828275,0.0011156970067531802,40.0,0.6038677256353548,0,0,,,0.0,176,5,0.4453657393694751,1.0,0.31488523527938295,0.5273459128673165,136,0.022827148437500097,0.0,33.86424973224348,5,3205,7
5,adaptive_t0_i100ms,90,45.0,0,True,True,True,False,26,4410,5,83,0.0001232187994173728,54863.42881828275,0.0011156970067531802,40.0,0.6038677256353548,0,0,,,0.0,177,5,0.4397049824869934,1.0,0.3149512637205401,0.5216851559848348,43,0.007217407226562604,0.0,42.195122047189216,13,3277,5
5,adaptive_t0_i100ms,90,45.0,0,True,True,True,False,26,4410,5,83,0.0001232187994173728,54863.42881828275,0.0011156970067531802,40.0,0.6038677256353548,0,0,,,0.0,178,5,0.22607638615799083,1.0,0.3146604232850739,0.30805655965583223,285,0.04783630371093762,0.0,13.72041602396348,21,3669,12
5,adaptive_t0_i100ms,90,45.0,0,True,True,True,False,26,4410,5,83,0.0001232187994173728,54863.42881828275,0.0011156970067531802,40.0,0.6038677256353548,0,0,,,0.0,179,5,1.7154542639929253,1.0,0.31504112885985613,1.7974344374907667,167,0.028030395507812583,0.0,10.235091797178029,29,2813,9
5,adaptive_t0_i100ms,90,45.0,0,True,True,True,False,26,4410,5,83,0.0001232187994173728,54863.42881828275,0.0011156970067531802,40.0,0.6038677256353548,0,0,,,0.0,208,6,0.5041577879387338,1.0,0.31492257812507907,0.5861379614365752,363,0.060928344726562535,0.0,0.3324521228132653,6,3942,9
5,adaptive_t0_i100ms,90,45.0,0,True,True,True,False,26,4410,5,83,0.0001232187994173728,54863.42881828275,0.0011156970067531802,40.0,0.6038677256353548,0,0,,,0.0,209,6,6.503479186450446,1.0,0.31509408905529385,6.585459359948287,16,0.002685546875000132,0.0,5.590688941985718,14,4078,13
5,adaptive_t0_i100ms,90,45.0,0,True,True,True,False,26,4410,5,83,0.0001232187994173728,54863.42881828275,0.0011156970067531802,40.0,0.6038677256353548,0,0,,,0.0,210,6,7.069455059643421,1.0,0.3150886062023739,7.151435233141263,100,0.016784667968750097,0.0,3.0539031743610394,22,3830,6
5,adaptive_t0_i100ms,90,45.0,0,True,True,True,False,26,4410,5,83,0.0001232187994173728,54863.42881828275,0.0011156970067531802,40.0,0.6038677256353548,0,0,,,0.0,211,6,0.4295700604080718,1.0,0.31486049178275977,0.5115502339059131,22,0.003692626953125125,0.0,63.5734545433952,30,3806,7
5,adaptive_t0_i100ms,90,45.0,0,True,True,True,False,26,4410,5,83,0.0001232187994173728,54863.42881828275,0.0011156970067531802,40.0,0.6038677256353548,0,0,,,0.0,240,7,0.2309159418249815,1.0,0.3148862868118021,0.3128961153228229,80,0.013427734375000097,0.0,77.4494941181838,7,3879,10
5,adaptive_t0_i100ms,90,45.0,0,True,True,True,False,26,4410,5,83,0.0001232187994173728,54863.42881828275,0.0011156970067531802,40.0,0.6038677256353548,0,0,,,0.0,241,7,0.4012517464571706,1.0,0.3150896702748543,0.48323191995501197,28,0.004699707031250118,0.0,30.56352087437699,15,4431,14
5,adaptive_t0_i100ms,90,45.0,0,True,True,True,False,26,4410,5,83,0.0001232187994173728,54863.42881828275,0.0011156970067531802,40.0,0.6038677256353548,0,0,,,0.0,242,7,0.21323565868641145,1.0,0.31464544523197335,0.29521583218425285,116,0.01947021484375011,0.0,31.3031270437059,23,3991,5
5,adaptive_t0_i100ms,90,45.0,0,True,True,True,False,26,4410,5,83,0.0001232187994173728,54863.42881828275,0.0011156970067531802,40.0,0.6038677256353548,0,0,,,0.0,243,7,0.3952941202199614,1.0,0.3148300848638598,0.4772742937178028,66,0.011077880859375104,0.0,4.815290038051899,31,3903,13
5,adaptive_t0_i100ms,91,45.5,0,True,True,True,False,15,4495,2,241,9.225310757756234e-05,55363.428044140455,0.0018898393027484417,40.0,0.28157113494351504,0,0,,,0.0,16,0,0.8508720186309816,1.0,0.028705736341000005,4.514426924686977,125,0.020980834960937597,0.0,8.950255474686855,0,4000,2
5,adaptive_t0_i100ms,91,45.5,0,True,True,True,False,15,4495,2,241,9.225310757756234e-05,55363.428044140455,0.0018898393027484417,40.0,0.28157113494351504,0,0,,,0.0,49,1,0.7472875989715577,1.0,0.028675978360430926,2.5790650519995557,227,0.03810119628906261,0.0,5.0975357550923945,9,3689,4
5,adaptive_t0_i100ms,91,45.5,0,True,True,True,False,15,4495,2,241,9.225310757756234e-05,55363.428044140455,0.0018898393027484417,40.0,0.28157113494351504,0,0,,,0.0,50,1,0.7632813311553955,1.0,0.028663065969762012,2.595058784183393,60,0.010070800781250104,0.0,6.760681904896046,17,4625,14
5,adaptive_t0_i100ms,91,45.5,0,True,True,True,False,15,4495,2,241,9.225310757756234e-05,55363.428044140455,0.0018898393027484417,40.0,0.28157113494351504,0,0,,,0.0,81,2,0.4097129622802735,1.0,0.02862834474347904,1.6308979309656053,112,0.018798828125000125,0.0,13.52354023969383,10,4170,3
5,adaptive_t0_i100ms,91,45.5,0,True,True,True,False,15,4495,2,241,9.225310757756234e-05,55363.428044140455,0.0018898393027484417,40.0,0.28157113494351504,0,0,,,0.0,82,2,0.41413749609375006,1.0,0.02863122483234502,1.6353224647790818,162,0.027191162109375104,0.0,8.79706963357603,18,3666,12
5,adaptive_t0_i100ms,91,45.5,0,True,True,True,False,15,4495,2,241,9.225310757756234e-05,55363.428044140455,0.0018898393027484417,40.0,0.28157113494351504,0,0,,,0.0,83,2,1.5420803259887694,1.0,0.028696895719435657,2.763265294674101,255,0.042800903320312625,0.0,0.45793391366896685,26,4474,1
5,adaptive_t0_i100ms,91,45.5,0,True,True,True,False,15,4495,2,241,9.225310757756234e-05,55363.428044140455,0.0018898393027484417,40.0,0.28157113494351504,0,0,,,0.0,113,3,0.3610705914733886,1.0,0.028708147566653488,4.024625497529384,46,0.007720947265625069,0.0,7.955109239788726,11,3851,13
5,adaptive_t0_i100ms,91,45.5,0,True,True,True,False,15,4495,2,241,9.225310757756234e-05,55363.428044140455,0.0018898393027484417,40.0,0.28157113494351504,0,0,,,0.0,146,4,1.5348191134643556,1.0,0.02870291352357122,3.3665965664923534,86,0.014434814453125128,0.0,1.5534333121759119,20,3892,6
5,adaptive_t0_i100ms,91,45.5,0,True,True,True,False,15,4495,2,241,9.225310757756234e-05,55363.428044140455,0.0018898393027484417,40.0,0.28157113494351504,0,0,,,0.0,147,4,0.3500665686584472,1.0,0.028653297737641265,2.181844021686445,191,0.03205871582031258,0.0,0.20911469936254434,28,4220,14
5,adaptive_t0_i100ms,91,45.5,0,True,True,True,False,15,4495,2,241,9.225310757756234e-05,55363.428044140455,0.0018898393027484417,40.0,0.28157113494351504,0,0,,,0.0,177,5,0.7851143545257571,1.0,0.028707336766107143,4.448669260581752,226,0.037933349609375104,0.0,0.5973472723999294,13,3277,14
5,adaptive_t0_i100ms,91,45.5,0,True,True,True,True,15,4495,2,241,9.225310757756234e-05,55363.428044140455,0.0018898393027484417,40.0,0.28157113494351504,0,0,,,0.0,241,7,3.234624350372315,1.0,0.028714367920218274,5.066401803400312,172,0.028869628906250118,9.225310757756234e-05,4.648916940794152,15,4495,2
5,adaptive_t0_i100ms,91,45.5,0,True,True,True,False,15,4495,2,241,9.225310757756234e-05,55363.428044140455,0.0018898393027484417,40.0,0.28157113494351504,0,0,,,0.0,243,7,3.3620489459930423,1.0,0.028684198806150567,5.19382639902104,15,0.002517700195312604,0.0,4.504762632852362,31,3967,1
5,adaptive_t0_i100ms,92,46.0,0,True,True,True,False,31,3999,14,243,0.00016742551553761587,55863.429923450654,1.0529103747103363e-05,40.0,0.6779323180936626,0,0,,,0.0,16,0,0.47508102322348195,1.0,0.45407764619061936,0.5302634746134642,198,0.0332336425781251,0.0,43.80666800166364,0,4000,8
5,adaptive_t0_i100ms,92,46.0,0,True,True,True,False,31,3999,14,243,0.00016742551553761587,55863.429923450654,1.0529103747103363e-05,40.0,0.6779323180936626,0,0,,,0.0,17,0,0.1606034800124444,1.0,0.45416841952540793,0.21578593140242674,23,0.003860473632812604,0.0,17.150172760877467,8,4040,15
5,adaptive_t0_i100ms,92,46.0,0,True,True,True,False,31,3999,14,243,0.00016742551553761587,55863.429923450654,1.0529103747103363e-05,40.0,0.6779323180936626,0,0,,,0.0,18,0,0.1969085268090883,1.0,0.45388296127704014,0.25209097819907067,203,0.03407287597656257,0.0,14.674566720743314,16,3440,0
5,adaptive_t0_i100ms,92,46.0,0,True,True,True,False,31,3999,14,243,0.00016742551553761587,55863.429923450654,1.0529103747103363e-05,40.0,0.6779323180936626,0,0,,,0.0,19,0,1.7273510042464848,1.0,0.45423357323340996,1.7825334556364671,92,0.015441894531250083,0.0,22.109946323100303,24,3512,14
5,adaptive_t0_i100ms,92,46.0,0,True,True,True,False,31,3999,14,243,0.00016742551553761587,55863.429923450654,1.0529103747103363e-05,40.0,0.6779323180936626,0,0,,,0.0,48,1,0.2177721649671755,1.0,0.45395096430058246,0.27295461635715784,114,0.019134521484375153,0.0,79.82415396395663,1,4321,15
5,adaptive_t0_i100ms,92,46.0,0,True,True,True,False,31,3999,14,243,0.00016742551553761587,55863.429923450654,1.0529103747103363e-05,40.0,0.6779323180936626,0,0,,,0.0,49,1,0.41724507257018845,1.0,0.4542285270885066,0.4724275239601708,135,0.02265930175781261,0.0,57.64771524313983,9,3689,10
5,adaptive_t0_i100ms,92,46.0,0,True,True,True,False,31,3999,14,243,0.00016742551553761587,55863.429923450654,1.0529103747103363e-05,40.0,0.6779323180936626,0,0,,,0.0,50,1,0.38820672237292553,1.0,0.45389267182117843,0.4433891737629079,13,0.002182006835937604,0.0,33.390508357399085,17,4657,13
5,adaptive_t0_i100ms,92,46.0,0,True,True,True,False,31,3999,14,243,0.00016742551553761587,55863.429923450654,1.0529103747103363e-05,40.0,0.6779323180936626,0,0,,,0.0,51,1,0.41529148784920245,1.0,0.45412079329951044,0.4704739392391848,41,0.006881713867187597,0.0,69.39126748980198,25,3129,4
5,adaptive_t0_i100ms,92,46.0,0,True,True,True,False,31,3999,14,243,0.00016742551553761587,55863.429923450654,1.0529103747103363e-05,40.0,0.6779323180936626,0,0,,,0.0,80,2,1.889668251082875,1.0,0.45424224627351745,1.9632448529361848,165,0.027694702148437604,0.0,15.171309115386975,2,4802,15
5,adaptive_t0_i100ms,92,46.0,0,True,True,True,False,31,3999,14,243,0.00016742551553761587,55863.429923450654,1.0529103747103363e-05,40.0,0.6779323180936626,0,0,,,0.0,81,2,0.22876161054304628,1.0,0.4541066764780845,0.30233821239635605,161,0.027023315429687625,0.0,78.37717251873255,10,4170,6
5,adaptive_t0_i100ms,92,46.0,0,True,True,True,False,31,3999,14,243,0.00016742551553761587,55863.429923450654,1.0529103747103363e-05,40.0,0.6779323180936626,0,0,,,0.0,83,2,1.0058493677207192,1.0,0.45425462822898477,1.079425969574029,343,0.057571411132812625,0.0,2.9728244942380115,26,4538,2
5,adaptive_t0_i100ms,92,46.0,0,True,True,True,False,31,3999,14,243,0.00016742551553761587,55863.429923450654,1.0529103747103363e-05,40.0,0.6779323180936626,0,0,,,0.0,112,3,0.8545758392974065,1.0,0.4541921416701162,0.9097582906873889,52,0.008728027343750104,0.0,38.38309341749846,3,3843,10
5,adaptive_t0_i100ms,92,46.0,0,True,True,True,False,31,3999,14,243,0.00016742551553761587,55863.429923450654,1.0529103747103363e-05,40.0,0.6779323180936626,0,0,,,0.0,113,3,1.316831255303118,1.0,0.45426192207278654,1.3720137066931004,17,0.002853393554687573,0.0,10.784856770507758,11,3883,14
5,adaptive_t0_i100ms,92,46.0,0,True,True,True,False,31,3999,14,243,0.00016742551553761587,55863.429923450654,1.0529103747103363e-05,40.0,0.6779323180936626,0,0,,,0.0,114,3,0.2377739934955634,1.0,0.45385043339586284,0.29295644488554573,156,0.026184082031250118,0.0,42.2279483892853,19,3827,7
5,adaptive_t0_i100ms,92,46.0,0,True,True,True,False,31,3999,14,243,0.00016742551553761587,55863.429923450654,1.0529103747103363e-05,40.0,0.6779323180936626,0,0,,,0.0,115,3,0.22809853341103742,1.0,0.453833002106701,0.28328098480101976,239,0.04011535644531257,0.0,55.66505508609407,27,3291,14
5,adaptive_t0_i100ms,92,46.0,0,True,True,True,False,31,3999,14,243,0.00016742551553761587,55863.429923450654,1.0529103747103363e-05,40.0,0.6779323180936626,0,0,,,0.0,144,4,0.8904998983200803,1.0,0.45422491072278004,0.9640765001733901,178,0.029876708984375097,0.0,7.103941315792326,4,3620,12
5,adaptive_t0_i100ms,92,46.0,0,True,True,True,False,31,3999,14,243,0.00016742551553761587,55863.429923450654,1.0529103747103363e-05,40.0,0.6779323180936626,0,0,,,0.0,145,4,3.6051582782251677,1.0,0.4542578959832909,3.6787348800784776,265,0.04447937011718758,0.0,2.8066548170972965,12,3948,5
5,adaptive_t0_i100ms,92,46.0,0,True,True,True,False,31,3999,14,243,0.00016742551553761587,55863.429923450654,1.0529103747103363e-05,40.0,0.6779323180936626,0,0,,,0.0,146,4,0.43654656399896485,1.0,0.45423792945073954,0.5101231658522747,247,0.04145812988281263,0.0,5.886464386778243,20,3924,5
5,adaptive_t0_i100ms,92,46.0,0,True,True,True,False,31,3999,14,243,0.00016742551553761587,55863.429923450654,1.0529103747103363e-05,40.0,0.6779323180936626,0,0,,,0.0,176,5,1.7698614157252943,1.0,0.45423208575162016,1.8250438671152767,20,0.003356933593750104,0.0,22.439451181337063,5,3269,1
5,adaptive_t0_i100ms,92,46.0,0,True,True,True,False,31,3999,14,243,0.00016742551553761587,55863.429923450654,1.0529103747103363e-05,40.0,0.6779323180936626,0,0,,,0.0,177,5,3.2881857565019303,1.0,0.4542484653062081,3.3433682078919125,142,0.02383422851562511,0.0,6.787386629504908,13,3405,4
5,adaptive_t0_i100ms,92,46.0,0,True,True,True,False,31,3999,14,243,0.00016742551553761587,55863.429923450654,1.0529103747103363e-05,40.0,0.6779323180936626,0,0,,,0.0,178,5,6.510239787580195,1.0,0.4542506313781791,6.565422238970178,35,0.005874633789062625,0.0,5.015473495615879,21,3733,12
5,adaptive_t0_i100ms,92,46.0,0,True,True,True,False,31,3999,14,243,0.00016742551553761587,55863.429923450654,1.0529103747103363e-05,40.0,0.6779323180936626,0,0,,,0.0,179,5,0.48472034833236416,1.0,0.45402642308490276,0.5399027997223464,186,0.031219482421875083,0.0,50.22149966694269,29,2877,10
5,adaptive_t0_i100ms,92,46.0,0,True,True,True,False,31,3999,14,243,0.00016742551553761587,55863.429923450654,1.0529103747103363e-05,40.0,0.6779323180936626,0,0,,,0.0,208,6,6.006000165018929,1.0,0.4542417499078705,6.061182616408912,131,0.021987915039062535,0.0,0.7045493357436499,6,4070,10
5,adaptive_t0_i100ms,92,46.0,0,True,True,True,False,31,3999,14,243,0.00016742551553761587,55863.429923450654,1.0529103747103363e-05,40.0,0.6779323180936626,0,0,,,0.0,209,6,0.45895880219956187,1.0,0.4540971026027625,0.5141412535895442,139,0.023330688476562632,0.0,49.85399320102442,14,4238,3
5,adaptive_t0_i100ms,92,46.0,0,True,True,True,False,31,3999,14,243,0.00016742551553761587,55863.429923450654,1.0529103747103363e-05,40.0,0.6779323180936626,0,0,,,0.0,210,6,0.3751707731495624,1.0,0.4542295206979449,0.4303532245395447,74,0.012420654296875104,0.0,17.1559574291241,22,3990,7
5,adaptive_t0_i100ms,92,46.0,0,True,True,True,False,31,3999,14,243,0.00016742551553761587,55863.429923450654,1.0529103747103363e-05,40.0,0.6779323180936626,0,0,,,0.0,211,6,0.22899753429538044,1.0,0.45395138239230765,0.2841799856853628,271,0.04548645019531263,0.0,17.964784145449812,30,3902,2
5,adaptive_t0_i100ms,92,46.0,0,True,True,True,False,31,3999,14,243,0.00016742551553761587,55863.429923450654,1.0529103747103363e-05,40.0,0.6779323180936626,0,0,,,0.0,240,7,0.4643507110293764,1.0,0.4541945764989956,0.5195331624193588,113,0.018966674804687597,0.0,11.701744172161852,7,3911,3
5,adaptive_t0_i100ms,92,46.0,0,True,True,True,False,31,3999,14,243,0.00016742551553761587,55863.429923450654,1.0529103747103363e-05,40.0,0.6779323180936626,0,0,,,0.0,241,7,0.22942468767505503,1.0,0.4541809285973038,0.2846071390650374,147,0.024673461914062618,0.0,81.10976956482045,15,4527,3
5,adaptive_t0_i100ms,92,46.0,0,True,True,True,False,31,3999,14,243,0.00016742551553761587,55863.429923450654,1.0529103747103363e-05,40.0,0.6779323180936626,0,0,,,0.0,242,7,0.21258607045577915,1.0,0.45386914785428245,0.2677685218457615,107,0.01795959472656261,0.0,60.61494865685381,23,3991,15
5,adaptive_t0_i100ms,92,46.0,0,True,True,True,True,31,3999,14,243,0.00016742551553761587,55863.429923450654,1.0529103747103363e-05,40.0,0.6779323180936626,0,0,,,0.0,243,7,3.513442430108168,1.0,0.4542628540776261,3.5686248814981507,31,0.005203247070312604,0.00016742551553761587,9.925385043563438,31,3999,14
5,adaptive_t0_i100ms,93,46.5,0,True,True,True,False,3,3907,0,112,0.00010639035928761587,56363.42839757175,0.0015364080099971034,40.0,0.5607143005155376,0,0,,,0.0,16,0,0.5230616180439582,1.0,0.9365031346847217,0.7067777310772289,56,0.009399414062500097,0.0,78.03596670942352,0,4000,13
5,adaptive_t0_i100ms,93,46.5,0,True,True,True,False,3,3907,0,112,0.00010639035928761587,56363.42839757175,0.0015364080099971034,40.0,0.5607143005155376,0,0,,,0.0,17,0,0.42311415569172434,1.0,0.9366100104827038,0.6068302687249949,160,0.02685546875000011,0.0,1.8987392889830517,8,4136,5
5,adaptive_t0_i100ms,93,46.5,0,True,True,True,False,3,3907,0,112,0.00010639035928761587,56363.42839757175,0.0015364080099971034,40.0,0.5607143005155376,0,0,,,0.0,19,0,1.9884398704194564,1.0,0.9366225730174823,2.172155983452727,2,0.00033569335937508327,0.0,25.55549463940406,24,3576,9
5,adaptive_t0_i100ms,93,46.5,0,True,True,True,False,3,3907,0,112,0.00010639035928761587,56363.42839757175,0.0015364080099971034,40.0,0.5607143005155376,0,0,,,0.0,48,1,0.48462418266432195,1.0,0.9365026393748805,0.6683402956975926,27,0.004531860351562653,0.0,66.8747931734033,1,4385,2
5,adaptive_t0_i100ms,93,46.5,0,True,True,True,False,3,3907,0,112,0.00010639035928761587,56363.42839757175,0.0015364080099971034,40.0,0.5607143005155376,0,0,,,0.0,50,1,0.9879545073207149,1.0,0.9366739079754711,1.1716706203539855,176,0.02954101562500011,0.0,2.7398650215691305,17,4721,11
5,adaptive_t0_i100ms,93,46.5,0,True,True,True,False,3,3907,0,112,0.00010639035928761587,56363.42839757175,0.0015364080099971034,40.0,0.5607143005155376,0,0,,,0.0,51,1,0.4572336653659669,1.0,0.9365327959429385,0.6409497783992375,111,0.018630981445312597,0.0,45.06065164419124,25,3129,11
5,adaptive_t0_i100ms,93,46.5,0,True,True,True,False,3,3907,0,112,0.00010639035928761587,56363.42839757175,0.0015364080099971034,40.0,0.5607143005155376,0,0,,,0.0,80,2,0.4720951023078017,1.0,0.936454420675527,0.6098821870827547,138,0.023162841796875104,0.0,5.406627228650905,2,4834,11
5,adaptive_t0_i100ms,93,46.5,0,True,True,True,False,3,3907,0,112,0.00010639035928761587,56363.42839757175,0.0015364080099971034,40.0,0.5607143005155376,0,0,,,0.0,81,2,0.2518652867780414,1.0,0.9362888788341736,0.3896523715529943,94,0.015777587890625125,0.0,103.05173799990007,10,4170,9
5,adaptive_t0_i100ms,93,46.5,0,True,True,True,False,3,3907,0,112,0.00010639035928761587,56363.42839757175,0.0015364080099971034,40.0,0.5607143005155376,0,0,,,0.0,82,2,3.9566492240339732,1.0,0.9366396681249656,4.094436308808926,330,0.05538940429687511,0.0,0.6270685029521701,18,3762,2
5,adaptive_t0_i100ms,93,46.5,0,True,True,True,False,3,3907,0,112,0.00010639035928761587,56363.42839757175,0.0015364080099971034,40.0,0.5607143005155376,0,0,,,0.0,83,2,1.1074346733925426,1.0,0.9365425783197932,1.2452217581674956,186,0.031219482421875125,0.0,23.08780594153359,26,4538,11
5,adaptive_t0_i100ms,93,46.5,0,True,True,True,True,3,3907,0,112,0.00010639035928761587,56363.42839757175,0.0015364080099971034,40.0,0.5607143005155376,0,0,,,0.0,112,3,4.453263171742935,1.0,0.9366767368305338,4.591050256517888,217,0.036422729492187604,0.00010639035928761587,1.2538142405464896,3,3907,0
5,adaptive_t0_i100ms,93,46.5,0,True,True,True,False,3,3907,0,112,0.00010639035928761587,56363.42839757175,0.0015364080099971034,40.0,0.5607143005155376,0,0,,,0.0,113,3,0.1985396245854533,1.0,0.9362548634082203,0.3363267093604062,54,0.009063720703125073,0.0,33.24585023520922,11,3947,6
5,adaptive_t0_i100ms,93,46.5,0,True,True,True,False,3,3907,0,112,0.00010639035928761587,56363.42839757175,0.0015364080099971034,40.0,0.5607143005155376,0,0,,,0.0,114,3,0.2617878713039189,1.0,0.9364484125763469,0.39957495607887183,185,0.031051635742187618,0.0,19.524143199058017,19,3827,12
5,adaptive_t0_i100ms,93,46.5,0,True,True,True,False,3,3907,0,112,0.00010639035928761587,56363.42839757175,0.0015364080099971034,40.0,0.5607143005155376,0,0,,,0.0,115,3,0.20208406449147712,1.0,0.936534379474517,0.33987114926643003,21,0.0035247802734375694,0.0,14.57924444067612,27,3323,3
5,adaptive_t0_i100ms,93,46.5,0,True,True,True,False,3,3907,0,112,0.00010639035928761587,56363.42839757175,0.0015364080099971034,40.0,0.5607143005155376,0,0,,,0.0,144,4,0.9724887357307719,1.0,0.9365881421670557,1.1562048487640424,45,0.007553100585937597,0.0,9.52004788355407,4,3716,9
5,adaptive_t0_i100ms,93,46.5,0,True,True,True,False,3,3907,0,112,0.00010639035928761587,56363.42839757175,0.0015364080099971034,40.0,0.5607143005155376,0,0,,,0.0,145,4,0.23729415298250148,1.0,0.9366397437820762,0.42101026601577207,148,0.02484130859375009,0.0,68.9505498891449,12,3980,3
5,adaptive_t0_i100ms,93,46.5,0,True,True,True,False,3,3907,0,112,0.00010639035928761587,56363.42839757175,0.0015364080099971034,40.0,0.5607143005155376,0,0,,,0.0,146,4,0.4806353883965085,1.0,0.9364645139980283,0.6643515014297791,54,0.009063720703125132,0.0,65.21427944348397,20,3924,11
5,adaptive_t0_i100ms,93,46.5,0,True,True,True,False,3,3907,0,112,0.00010639035928761587,56363.42839757175,0.0015364080099971034,40.0,0.5607143005155376,0,0,,,0.0,176,5,0.5203751469592309,1.0,0.9365116807984963,0.6581622317341839,35,0.005874633789062604,0.0,65.48326189905492,5,3269,8
5,adaptive_t0_i100ms,93,46.5,0,True,True,True,False,3,3907,0,112,0.00010639035928761587,56363.42839757175,0.0015364080099971034,40.0,0.5607143005155376,0,0,,,0.0,177,5,0.9232904456516453,1.0,0.936675219402314,1.0610775304265982,97,0.016281127929687618,0.0,5.374450226874615,13,3469,6
5,adaptive_t0_i100ms,93,46.5,0,True,True,True,False,3,3907,0,112,0.00010639035928761587,56363.42839757175,0.0015364080099971034,40.0,0.5607143005155376,0,0,,,0.0,178,5,3.575946788788015,1.0,0.9366517873714834,3.713733873562968,77,0.012924194335937628,0.0,3.8937480299864546,21,3861,2
5,adaptive_t0_i100ms,93,46.5,0,True,True,True,False,3,3907,0,112,0.00010639035928761587,56363.42839757175,0.0015364080099971034,40.0,0.5607143005155376,0,0,,,0.0,179,5,0.5336744624680385,1.0,0.9366196225191723,0.6714615472429915,40,0.006713867187500083,0.0,80.50890140198317,29,2877,15
5,adaptive_t0_i100ms,93,46.5,0,True,True,True,False,3,3907,0,112,0.00010639035928761587,56363.42839757175,0.0015364080099971034,40.0,0.5607143005155376,0,0,,,0.0,208,6,0.2663634971070025,1.0,0.9362914680415335,0.40415058188195546,191,0.032058715820312535,0.0,74.470698435347,6,4134,2
5,adaptive_t0_i100ms,93,46.5,0,True,True,True,False,3,3907,0,112,0.00010639035928761587,56363.42839757175,0.0015364080099971034,40.0,0.5607143005155376,0,0,,,0.0,209,6,0.5053111405401093,1.0,0.9366531618016583,0.6430982253150622,127,0.021316528320312632,0.0,53.78181809551461,14,4238,9
5,adaptive_t0_i100ms,93,46.5,0,True,True,True,False,3,3907,0,112,0.00010639035928761587,56363.42839757175,0.0015364080099971034,40.0,0.5607143005155376,0,0,,,0.0,210,6,7.747534512916403,1.0,0.9366716089125928,7.885321597691355,144,0.024169921875000104,0.0,4.152788974126452,22,4022,9
5,adaptive_t0_i100ms,93,46.5,0,True,True,True,False,3,3907,0,112,0.00010639035928761587,56363.42839757175,0.0015364080099971034,40.0,0.5607143005155376,0,0,,,0.0,211,6,0.2521250375439078,1.0,0.9366145409769553,0.38991212231886074,101,0.016952514648437632,0.0,87.82931570277287,30,3902,5
5,adaptive_t0_i100ms,93,46.5,0,True,True,True,False,3,3907,0,112,0.00010639035928761587,56363.42839757175,0.0015364080099971034,40.0,0.5607143005155376,0,0,,,0.0,240,7,0.5112476027833962,1.0,0.9365139073613389,0.6490346875583491,93,0.015609741210937597,0.0,13.606722199758224,7,3911,15
5,adaptive_t0_i100ms,93,46.5,0,True,True,True,False,3,3907,0,112,0.00010639035928761587,56363.42839757175,0.0015364080099971034,40.0,0.5607143005155376,0,0,,,0.0,241,7,0.2525953310875429,1.0,0.9365977125931717,0.39038241586249584,84,0.014099121093750118,0.0,108.86002736771479,15,4527,6
5,adaptive_t0_i100ms,93,46.5,0,True,True,True,False,3,3907,0,112,0.00010639035928761587,56363.42839757175,0.0015364080099971034,40.0,0.5607143005155376,0,0,,,0.0,242,7,2.017821452918338,1.0,0.9366620390206538,2.1556085376932907,121,0.02030944824218761,0.0,17.227437655994436,23,4055,11
5,adaptive_t0_i100ms,93,46.5,0,True,True,True,False,3,3907,0,112,0.00010639035928761587,56363.42839757175,0.0015364080099971034,40.0,0.5607143005155376,0,0,,,0.0,243,7,1.0259625731858089,1.0,0.9366099119323804,1.1637496579607618,226,0.037933349609375104,0.0,4.278554474833072,31,4063,2
5,adaptive_t0_i100ms,94,47.0,0,True,True,True,False,21,3957,0,178,4.53552030376159e-05,56863.42687169284,0.0030622869162471034,40.0,0.6181407531522564,0,0,,,0.0,16,0,1.7548459737504032,1.0,1.4141711185981907,1.8785275540436523,123,0.020645141601562597,0.0,10.978222627774812,0,4032,11
5,adaptive_t0_i100ms,94,47.0,0,True,True,True,False,21,3957,0,178,4.53552030376159e-05,56863.42687169284,0.0030622869162471034,40.0,0.6181407531522564,0,0,,,0.0,17,0,0.3894610819222297,1.0,1.4142092626844016,0.5131426622154789,71,0.011917114257812611,0.0,32.038794343818154,8,4136,14
5,adaptive_t0_i100ms,94,47.0,0,True,True,True,False,21,3957,0,178,4.53552030376159e-05,56863.42687169284,0.0030622869162471034,40.0,0.6181407531522564,0,0,,,0.0,18,0,0.22977980244380605,1.0,1.4137790522777578,0.3534613827370552,274,0.04598999023437507,0.0,1.3913327947666403,16,3536,3
5,adaptive_t0_i100ms,94,47.0,0,True,True,True,False,21,3957,0,178,4.53552030376159e-05,56863.42687169284,0.0030622869162471034,40.0,0.6181407531522564,0,0,,,0.0,19,0,2.0717883719020946,1.0,1.414210885752686,2.195469952195344,138,0.023078918457031333,0.0,6.7228011797051295,24,3640,6
5,adaptive_t0_i100ms,94,47.0,0,True,True,True,False,21,3957,0,178,4.53552030376159e-05,56863.42687169284,0.0030622869162471034,40.0,0.6181407531522564,0,0,,,0.0,48,1,0.44607880867885297,1.0,1.4140767937313012,0.5697603889721021,167,0.028030395507812653,0.0,22.67715536650212,1,4385,10
5,adaptive_t0_i100ms,94,47.0,0,True,True,True,False,21,3957,0,178,4.53552030376159e-05,56863.42687169284,0.0030622869162471034,40.0,0.6181407531522564,0,0,,,0.0,49,1,0.17272448064729415,1.0,1.4140532735342413,0.29640606094054334,40,0.006713867187500111,0.0,7.739349287709047,9,3721,15
5,adaptive_t0_i100ms,94,47.0,0,True,True,True,False,21,3957,0,178,4.53552030376159e-05,56863.42687169284,0.0030622869162471034,40.0,0.6181407531522564,0,0,,,0.0,50,1,1.0048685878387125,1.0,1.4141880998503984,1.1285501681319616,21,0.003524780273437618,0.0,51.36521533281484,17,4817,2
5,adaptive_t0_i100ms,94,47.0,0,True,True,True,False,21,3957,0,178,4.53552030376159e-05,56863.42687169284,0.0030622869162471034,40.0,0.6181407531522564,0,0,,,0.0,51,1,0.17628035001021058,1.0,1.4136719643623556,0.29996193030345975,55,0.009231567382812597,0.0,11.233060479142296,25,3161,4
5,adaptive_t0_i100ms,94,47.0,0,True,True,True,False,21,3957,0,178,4.53552030376159e-05,56863.42687169284,0.0030622869162471034,40.0,0.6181407531522564,0,0,,,0.0,80,2,0.9151915175283827,1.0,1.4141847033474348,1.080100291252715,162,0.027191162109375104,0.0,14.455060395950568,2,4930,5
5,adaptive_t0_i100ms,94,47.0,0,True,True,True,False,21,3957,0,178,4.53552030376159e-05,56863.42687169284,0.0030622869162471034,40.0,0.6181407531522564,0,0,,,0.0,81,2,0.23183277082012124,1.0,1.4141899170921943,0.39674154454445343,342,0.057403564453125125,0.0,0.8332425848057028,10,4170,13
5,adaptive_t0_i100ms,94,47.0,0,True,True,True,False,21,3957,0,178,4.53552030376159e-05,56863.42687169284,0.0030622869162471034,40.0,0.6181407531522564,0,0,,,0.0,82,2,0.9432366477846048,1.0,1.414143558045658,1.108145421508937,175,0.02937316894531261,0.0,27.958385531339445,18,3762,11
5,adaptive_t0_i100ms,94,47.0,0,True,True,True,False,21,3957,0,178,4.53552030376159e-05,56863.42687169284,0.0030622869162471034,40.0,0.6181407531522564,0,0,,,0.0,112,3,0.19801354384708586,1.0,1.4139840159689943,0.321695124140335,10,0.001678466796875104,0.0,31.81482470165065,3,3939,7
5,adaptive_t0_i100ms,94,47.0,0,True,True,True,False,21,3957,0,178,4.53552030376159e-05,56863.42687169284,0.0030622869162471034,40.0,0.6181407531522564,0,0,,,0.0,113,3,0.18274845205562174,1.0,1.414056319424798,0.3064300323488709,104,0.017456054687500073,0.0,8.210852859978331,11,3947,14
5,adaptive_t0_i100ms,94,47.0,0,True,True,True,False,21,3957,0,178,4.53552030376159e-05,56863.42687169284,0.0030622869162471034,40.0,0.6181407531522564,0,0,,,0.0,114,3,3.2332137380115853,1.0,1.4142124962062885,3.3568953183048347,16,0.002685546875000118,0.0,2.355132038494048,19,3859,8
5,adaptive_t0_i100ms,94,47.0,0,True,True,True,False,21,3957,0,178,4.53552030376159e-05,56863.42687169284,0.0030622869162471034,40.0,0.6181407531522564,0,0,,,0.0,115,3,0.22422247122549405,1.0,1.4137969308471976,0.3479040515187432,82,0.01376342773437507,0.0,104.8263418309507,27,3355,0
5,adaptive_t0_i100ms,94,47.0,0,True,True,True,False,21,3957,0,178,4.53552030376159e-05,56863.42687169284,0.0030622869162471034,40.0,0.6181407531522564,0,0,,,0.0,144,4,0.16608123139162898,1.0,1.414177446602005,0.28976281168487816,20,0.003356933593750097,0.0,18.336321471804695,4,3748,12
5,adaptive_t0_i100ms,94,47.0,0,True,True,True,False,21,3957,0,178,4.53552030376159e-05,56863.42687169284,0.0030622869162471034,40.0,0.6181407531522564,0,0,,,0.0,145,4,0.2184205758923316,1.0,1.4142180766901005,0.34210215618558076,224,0.03759765625000009,0.0,30.482231721318385,12,3980,7
5,adaptive_t0_i100ms,94,47.0,0,True,True,True,False,21,3957,0,178,4.53552030376159e-05,56863.42687169284,0.0030622869162471034,40.0,0.6181407531522564,0,0,,,0.0,146,4,6.909099241834135,1.0,1.4142142604436392,7.032780822127385,229,0.03843688964843763,0.0,2.4483170490857447,20,3988,14
5,adaptive_t0_i100ms,94,47.0,0,True,True,True,False,21,3957,0,178,4.53552030376159e-05,56863.42687169284,0.0030622869162471034,40.0,0.6181407531522564,0,0,,,0.0,147,4,0.2189959127984289,1.0,1.4140648163115273,0.34267749309167805,3,0.0005035400390625833,0.0,139.69735317112645,28,4284,9
5,adaptive_t0_i100ms,94,47.0,0,True,True,True,False,21,3957,0,178,4.53552030376159e-05,56863.42687169284,0.0030622869162471034,40.0,0.6181407531522564,0,0,,,0.0,176,5,0.4789862617781126,1.0,1.414167848814481,0.6026678420713618,200,0.033569335937500104,0.0,1.6075334784109145,5,3301,0
5,adaptive_t0_i100ms,94,47.0,0,True,True,True,False,21,3957,0,178,4.53552030376159e-05,56863.42687169284,0.0030622869162471034,40.0,0.6181407531522564,0,0,,,0.0,177,5,1.7359986015028825,1.0,1.414218318057315,1.8596801817961317,167,0.028030395507812618,0.0,13.574738497256476,13,3501,9
5,adaptive_t0_i100ms,94,47.0,0,True,True,True,True,21,3957,0,178,4.53552030376159e-05,56863.42687169284,0.0030622869162471034,40.0,0.6181407531522564,0,0,,,0.0,178,5,6.755651008487228,1.0,1.4142184305628713,6.8793325887804775,215,0.03608703613281263,4.53552030376159e-05,2.126016023568809,21,3957,0
5,adaptive_t0_i100ms,94,47.0,0,True,True,True,False,21,3957,0,178,4.53552030376159e-05,56863.42687169284,0.0030622869162471034,40.0,0.6181407531522564,0,0,,,0.0,179,5,0.885881828399645,1.0,1.4142143753421115,1.0095634086928942,177,0.02970886230468759,0.0,15.72969516160083,29,2941,7
5,adaptive_t0_i100ms,94,47.0,0,True,True,True,False,21,3957,0,178,4.53552030376159e-05,56863.42687169284,0.0030622869162471034,40.0,0.6181407531522564,0,0,,,0.0,208,6,0.2451778423680636,1.0,1.4138877853242922,0.3688594226613128,45,0.007553100585937535,0.0,159.43125799511472,6,4134,5
5,adaptive_t0_i100ms,94,47.0,0,True,True,True,False,21,3957,0,178,4.53552030376159e-05,56863.42687169284,0.0030622869162471034,40.0,0.6181407531522564,0,0,,,0.0,209,6,0.4651203956539146,1.0,1.4140111464816185,0.5888019759471638,147,0.024673461914062632,0.0,43.91022201794112,14,4238,15
5,adaptive_t0_i100ms,94,47.0,0,True,True,True,False,21,3957,0,178,4.53552030376159e-05,56863.42687169284,0.0030622869162471034,40.0,0.6181407531522564,0,0,,,0.0,210,6,2.1783374223976195,1.0,1.4142072654359434,2.3020190026908685,60,0.010070800781250111,0.0,21.536902122054016,22,4182,14
5,adaptive_t0_i100ms,94,47.0,0,True,True,True,False,21,3957,0,178,4.53552030376159e-05,56863.42687169284,0.0030622869162471034,40.0,0.6181407531522564,0,0,,,0.0,211,6,0.2320718618856024,1.0,1.4141055308052952,0.3557534421788515,219,0.03675842285156263,0.0,38.42246817180421,30,3902,9
5,adaptive_t0_i100ms,94,47.0,0,True,True,True,False,21,3957,0,178,4.53552030376159e-05,56863.42687169284,0.0030622869162471034,40.0,0.6181407531522564,0,0,,,0.0,240,7,1.8153622110591248,1.0,1.4141918633584103,1.939043791352374,32,0.005371093750000101,0.0,8.017640229947574,7,4007,3
5,adaptive_t0_i100ms,94,47.0,0,True,True,True,False,21,3957,0,178,4.53552030376159e-05,56863.42687169284,0.0030622869162471034,40.0,0.6181407531522564,0,0,,,0.0,241,7,0.2325047498659767,1.0,1.414042525438703,0.35618633015922585,4,0.000671386718750118,0.0,184.82736253002076,15,4527,9
5,adaptive_t0_i100ms,94,47.0,0,True,True,True,False,21,3957,0,178,4.53552030376159e-05,56863.42687169284,0.0030622869162471034,40.0,0.6181407531522564,0,0,,,0.0,242,7,0.3858527185485709,1.0,1.413981599979057,0.5095342988418201,59,0.009902954101562611,0.0,15.199801118025789,23,4119,10
5,adaptive_t0_i100ms,94,47.0,0,True,True,True,False,21,3957,0,178,4.53552030376159e-05,56863.42687169284,0.0030622869162471034,40.0,0.6181407531522564,0,0,,,0.0,243,7,0.9443609682862595,1.0,1.4141250840167674,1.0680425485795086,102,0.017120361328125104,0.0,25.61013968147745,31,4063,14
5,adaptive_t0_i100ms,95,47.5,0,True,True,True,False,18,3794,15,82,6.824338663136587e-05,57363.42744389743,0.0024900823264033534,40.0,0.6624751647733501,0,0,,,0.0,16,0,0.8078915248584934,1.0,1.898973355271833,0.8689339222494926,14,0.002349853515625097,0.0,39.43821280222619,0,4128,3
5,adaptive_t0_i100ms,95,47.5,0,True,True,True,False,18,3794,15,82,6.824338663136587e-05,57363.42744389743,0.0024900823264033534,40.0,0.6624751647733501,0,0,,,0.0,17,0,0.910571458041284,1.0,1.898977330839251,0.9716138554322833,25,0.004196166992187618,0.0,55.14551794268482,8,4200,6
5,adaptive_t0_i100ms,95,47.5,0,True,True,True,False,18,3794,15,82,6.824338663136587e-05,57363.42744389743,0.0024900823264033534,40.0,0.6624751647733501,0,0,,,0.0,18,0,0.22830833989346053,1.0,1.8985740932069832,0.2893507372844598,230,0.03860473632812507,0.0,25.018357758701313,16,3536,7
5,adaptive_t0_i100ms,95,47.5,0,True,True,True,False,18,3794,15,82,6.824338663136587e-05,57363.42744389743,0.0024900823264033534,40.0,0.6624751647733501,0,0,,,0.0,19,0,1.743608301402635,1.0,1.8989754059463833,1.8046506987936342,85,0.014266967773437583,0.0,5.327138398526586,24,3736,3
5,adaptive_t0_i100ms,95,47.5,0,True,True,True,False,18,3794,15,82,6.824338663136587e-05,57363.42744389743,0.0024900823264033534,40.0,0.6624751647733501,0,0,,,0.0,48,1,6.44365973052467,1.0,1.898978785037397,6.504702127915669,24,0.004028320312500153,0.0,5.335679487805464,1,4449,6
5,adaptive_t0_i100ms,95,47.5,0,True,True,True,False,18,3794,15,82,6.824338663136587e-05,57363.42744389743,0.0024900823264033534,40.0,0.6624751647733501,0,0,,,0.0,49,1,1.6135556531568485,1.0,1.898897364250535,1.6745980505478477,52,0.008728027343750118,0.0,14.47064602903265,9,3817,13
5,adaptive_t0_i100ms,95,47.5,0,True,True,True,False,18,3794,15,82,6.824338663136587e-05,57363.42744389743,0.0024900823264033534,40.0,0.6624751647733501,0,0,,,0.0,50,1,0.9984336162733378,1.0,1.898856863360763,1.059476013664337,120,0.020141601562500125,0.0,39.624021152441856,17,4817,12
5,adaptive_t0_i100ms,95,47.5,0,True,True,True,False,18,3794,15,82,6.824338663136587e-05,57363.42744389743,0.0024900823264033534,40.0,0.6624751647733501,0,0,,,0.0,51,1,0.17515148693937885,1.0,1.898488846097525,0.2361938843303781,219,0.0367584228515626,0.0,19.366326569572266,25,3193,0
5,adaptive_t0_i100ms,95,47.5,0,True,True,True,False,18,3794,15,82,6.824338663136587e-05,57363.42744389743,0.0024900823264033534,40.0,0.6624751647733501,0,0,,,0.0,80,2,0.9289885059137941,1.0,1.8989451526035843,1.0103783691017931,187,0.031387329101562604,0.0,6.6537348338461015,2,4962,3
5,adaptive_t0_i100ms,95,47.5,0,True,True,True,True,18,3794,15,82,6.824338663136587e-05,57363.42744389743,0.0024900823264033534,40.0,0.6624751647733501,0,0,,,0.0,82,2,1.7943466225103692,1.0,1.898995481609036,1.8757364856983683,80,0.013427734375000111,6.824338663136587e-05,10.065484102371556,18,3794,15
5,adaptive_t0_i100ms,95,47.5,0,True,True,True,False,18,3794,15,82,6.824338663136587e-05,57363.42744389743,0.0024900823264033534,40.0,0.6624751647733501,0,0,,,0.0,83,2,1.7098873339423324,1.0,1.8989491593084034,1.7912771971303314,155,0.026016235351562625,0.0,4.87964853032463,26,4634,9
5,adaptive_t0_i100ms,95,47.5,0,True,True,True,False,18,3794,15,82,6.824338663136587e-05,57363.42744389743,0.0024900823264033534,40.0,0.6624751647733501,0,0,,,0.0,112,3,0.813594755837636,1.0,1.8989086964306647,0.8746371532286352,115,0.019302368164062608,0.0,2.9195577094942564,3,3971,6
5,adaptive_t0_i100ms,95,47.5,0,True,True,True,False,18,3794,15,82,6.824338663136587e-05,57363.42744389743,0.0024900823264033534,40.0,0.6624751647733501,0,0,,,0.0,113,3,3.3059919742106842,1.0,1.8989578756595156,3.3670343716016835,104,0.017456054687500076,0.0,6.1378660192058305,11,4043,1
5,adaptive_t0_i100ms,95,47.5,0,True,True,True,False,18,3794,15,82,6.824338663136587e-05,57363.42744389743,0.0024900823264033534,40.0,0.6624751647733501,0,0,,,0.0,114,3,0.24971076056411035,1.0,1.8987608713434088,0.3107531579551096,43,0.007217407226562611,0.0,152.86836320808652,19,3923,2
5,adaptive_t0_i100ms,95,47.5,0,True,True,True,False,18,3794,15,82,6.824338663136587e-05,57363.42744389743,0.0024900823264033534,40.0,0.6624751647733501,0,0,,,0.0,115,3,0.22278659668018916,1.0,1.8986558058252445,0.28382899407118845,213,0.03575134277343757,0.0,63.13916616208007,27,3355,4
5,adaptive_t0_i100ms,95,47.5,0,True,True,True,False,18,3794,15,82,6.824338663136587e-05,57363.42744389743,0.0024900823264033534,40.0,0.6624751647733501,0,0,,,0.0,144,4,0.4234010541085541,1.0,1.898794926024192,0.48444345149955337,7,0.0011749267578125971,0.0,71.26954135433334,4,3780,6
5,adaptive_t0_i100ms,95,47.5,0,True,True,True,False,18,3794,15,82,6.824338663136587e-05,57363.42744389743,0.0024900823264033534,40.0,0.6624751647733501,0,0,,,0.0,145,4,0.2170218554903108,1.0,1.8984392526772402,0.2780642528813101,276,0.04632568359375009,0.0,6.698608002399851,12,3980,11
5,adaptive_t0_i100ms,95,47.5,0,True,True,True,False,18,3794,15,82,6.824338663136587e-05,57363.42744389743,0.0024900823264033534,40.0,0.6624751647733501,0,0,,,0.0,146,4,1.5750214219426464,1.0,1.8989125363872805,1.6360638193336456,6,0.0009231567382813853,0.0,11.422532173448417,20,4052,9
5,adaptive_t0_i100ms,95,47.5,0,True,True,True,False,18,3794,15,82,6.824338663136587e-05,57363.42744389743,0.0024900823264033534,40.0,0.6624751647733501,0,0,,,0.0,147,4,0.2175935080573053,1.0,1.8987234112076565,0.2786359054483045,227,0.03810119628906258,0.0,20.14950979714922,28,4284,14
5,adaptive_t0_i100ms,95,47.5,0,True,True,True,False,18,3794,15,82,6.824338663136587e-05,57363.42744389743,0.0024900823264033534,40.0,0.6624751647733501,0,0,,,0.0,176,5,0.427316693122046,1.0,1.8987424572755986,0.48835909051304527,5,0.0008392333984376041,0.0,43.08530904167128,5,3333,4
5,adaptive_t0_i100ms,95,47.5,0,True,True,True,False,18,3794,15,82,6.824338663136587e-05,57363.42744389743,0.0024900823264033534,40.0,0.6624751647733501,0,0,,,0.0,177,5,3.59765254760475,1.0,1.8989869309079692,3.6586949449957493,137,0.022994995117187618,0.0,8.948565355414758,13,3565,3
5,adaptive_t0_i100ms,95,47.5,0,True,True,True,False,18,3794,15,82,6.824338663136587e-05,57363.42744389743,0.0024900823264033534,40.0,0.6624751647733501,0,0,,,0.0,178,5,0.8466717065997904,1.0,1.8989269915831906,0.9077141039907897,22,0.003692626953125132,0.0,54.86288242004957,21,3957,10
5,adaptive_t0_i100ms,95,47.5,0,True,True,True,False,18,3794,15,82,6.824338663136587e-05,57363.42744389743,0.0024900823264033534,40.0,0.6624751647733501,0,0,,,0.0,179,5,1.9451147050499051,1.0,1.8989680737791002,2.0061571024409046,113,0.01896667480468759,0.0,9.865764253801899,29,2973,5
5,adaptive_t0_i100ms,95,47.5,0,True,True,True,False,18,3794,15,82,6.824338663136587e-05,57363.42744389743,0.0024900823264033534,40.0,0.6624751647733501,0,0,,,0.0,208,6,0.24360777394001992,1.0,1.8989903690651795,0.3046501713310192,239,0.040115356445312535,0.0,60.470743928955926,6,4134,9
5,adaptive_t0_i100ms,95,47.5,0,True,True,True,False,18,3794,15,82,6.824338663136587e-05,57363.42744389743,0.0024900823264033534,40.0,0.6624751647733501,0,0,,,0.0,209,6,1.7340742084337293,1.0,1.8989942903926411,1.7951166058247285,151,0.025344848632812632,0.0,16.05168948640494,14,4270,15
5,adaptive_t0_i100ms,95,47.5,0,True,True,True,False,18,3794,15,82,6.824338663136587e-05,57363.42744389743,0.0024900823264033534,40.0,0.6624751647733501,0,0,,,0.0,210,6,1.2125687934621212,1.0,1.8988670917883284,1.2736111908531205,3,0.0005035400390626145,0.0,11.225537690872443,22,4278,7
5,adaptive_t0_i100ms,95,47.5,0,True,True,True,False,18,3794,15,82,6.824338663136587e-05,57363.42744389743,0.0024900823264033534,40.0,0.6624751647733501,0,0,,,0.0,211,6,0.2305857214584552,1.0,1.898807637911031,0.2916281188494545,282,0.04733276367187513,0.0,12.12874234093033,30,3902,13
5,adaptive_t0_i100ms,95,47.5,0,True,True,True,False,18,3794,15,82,6.824338663136587e-05,57363.42744389743,0.0024900823264033534,40.0,0.6624751647733501,0,0,,,0.0,240,7,0.8549883402089885,1.0,1.898924687209886,0.9160307375999878,178,0.029876708984375097,0.0,10.15003427251213,7,4039,13
5,adaptive_t0_i100ms,95,47.5,0,True,True,True,False,18,3794,15,82,6.824338663136587e-05,57363.42744389743,0.0024900823264033534,40.0,0.6624751647733501,0,0,,,0.0,241,7,0.23101583731332131,1.0,1.8986894889542416,0.2920582347043206,241,0.04045104980468762,0.0,59.263649751621415,15,4527,13
5,adaptive_t0_i100ms,95,47.5,0,True,True,True,False,18,3794,15,82,6.824338663136587e-05,57363.42744389743,0.0024900823264033534,40.0,0.6624751647733501,0,0,,,0.0,242,7,1.8957165450585747,1.0,1.8989546592476136,1.956758942449574,174,0.02920532226562511,0.0,14.090883333985403,23,4151,10
5,adaptive_t0_i100ms,95,47.5,0,True,True,True,False,18,3794,15,82,6.824338663136587e-05,57363.42744389743,0.0024900823264033534,40.0,0.6624751647733501,0,0,,,0.0,243,7,0.4478059108882837,1.0,1.898814630757352,0.508848308279283,220,0.03692626953125011,0.0,15.9080773022215,31,4127,5
5,adaptive_t0_i100ms,96,48.0,0,True,True,True,False,13,3693,0,177,9.113157022511587e-05,57863.42801610202,0.0019178777365596034,40.0,0.7913203796171001,0,0,,,0.0,16,0,1.029748242894108,1.0,2.3805573766102475,1.0418207308573353,163,0.027359008789062597,0.0,7.431149689866288,0,4160,3
5,adaptive_t0_i100ms,96,48.0,0,True,True,True,False,13,3693,0,177,9.113157022511587e-05,57863.42801610202,0.0019178777365596034,40.0,0.7913203796171001,0,0,,,0.0,17,0,7.1698839870650835,1.0,2.3806188636695627,7.1819564750283105,298,0.05001831054687512,0.0,0.1420152902501286,8,4232,6
5,adaptive_t0_i100ms,96,48.0,0,True,True,True,False,13,3693,0,177,9.113157022511587e-05,57863.42801610202,0.0019178777365596034,40.0,0.7913203796171001,0,0,,,0.0,18,0,0.24416431343338976,1.0,2.3805027665763276,0.256236801396617,89,0.01493835449218757,0.0,66.979170545128,16,3536,11
5,adaptive_t0_i100ms,96,48.0,0,True,True,True,False,13,3693,0,177,9.113157022511587e-05,57863.42801610202,0.0019178777365596034,40.0,0.7913203796171001,0,0,,,0.0,19,0,0.21576526673032184,1.0,2.3806076981378177,0.22783775469354908,65,0.010910034179687583,0.0,38.97098567313515,24,3832,4
5,adaptive_t0_i100ms,96,48.0,0,True,True,True,False,13,3693,0,177,9.113157022511587e-05,57863.42801610202,0.0019178777365596034,40.0,0.7913203796171001,0,0,,,0.0,48,1,0.9453626240176964,1.0,2.38044618343804,0.9574351119809237,153,0.025680541992187653,0.0,15.906887849589111,1,4481,13
5,adaptive_t0_i100ms,96,48.0,0,True,True,True,False,13,3693,0,177,9.113157022511587e-05,57863.42801610202,0.0019178777365596034,40.0,0.7913203796171001,0,0,,,0.0,49,1,2.0273737214529257,1.0,2.3805811862577047,2.0394462094161527,190,0.03189086914062512,0.0,9.787964876297337,9,3881,1
5,adaptive_t0_i100ms,96,48.0,0,True,True,True,False,13,3693,0,177,9.113157022511587e-05,57863.42801610202,0.0019178777365596034,40.0,0.7913203796171001,0,0,,,0.0,50,1,0.48594868622038656,1.0,2.3804516341048836,0.4980211741836138,249,0.04179382324218763,0.0,9.019408478663536,17,4881,4
5,adaptive_t0_i100ms,96,48.0,0,True,True,True,False,13,3693,0,177,9.113157022511587e-05,57863.42801610202,0.0019178777365596034,40.0,0.7913203796171001,0,0,,,0.0,51,1,0.9572773780884427,1.0,2.3804789821720873,0.96934986605167,272,0.0456542968750001,0.0,4.190120270643092,25,3289,3
5,adaptive_t0_i100ms,96,48.0,0,True,True,True,False,13,3693,0,177,9.113157022511587e-05,57863.42801610202,0.0019178777365596034,40.0,0.7913203796171001,0,0,,,0.0,80,2,1.002145779938648,1.0,2.380530484234571,1.0142182679018752,216,0.036254882812500104,0.0,2.269079621102719,2,4994,3
5,adaptive_t0_i100ms,96,48.0,0,True,True,True,False,13,3693,0,177,9.113157022511587e-05,57863.42801610202,0.0019178777365596034,40.0,0.7913203796171001,0,0,,,0.0,81,2,1.8724069658283944,1.0,2.38059031333851,1.8844794537916216,106,0.017791748046875125,0.0,12.20804556501389,10,4234,8
5,adaptive_t0_i100ms,96,48.0,0,True,True,True,False,13,3693,0,177,9.113157022511587e-05,57863.42801610202,0.0019178777365596034,40.0,0.7913203796171001,0,0,,,0.0,82,2,0.47447154945641606,1.0,2.3803344761351903,0.4865440374196433,153,0.02568054199218761,0.0,20.816314729156147,18,3826,10
5,adaptive_t0_i100ms,96,48.0,0,True,True,True,False,13,3693,0,177,9.113157022511587e-05,57863.42801610202,0.0019178777365596034,40.0,0.7913203796171001,0,0,,,0.0,83,2,0.24803343460565183,1.0,2.38006305089179,0.2601059225688791,234,0.039276123046875125,0.0,12.194343209950603,26,4730,2
5,adaptive_t0_i100ms,96,48.0,0,True,True,True,False,13,3693,0,177,9.113157022511587e-05,57863.42801610202,0.0019178777365596034,40.0,0.7913203796171001,0,0,,,0.0,112,3,0.14118250396468515,1.0,2.3800045719080134,0.1532549919279124,35,0.0058746337890626076,0.0,4.8026863320337725,3,4003,11
5,adaptive_t0_i100ms,96,48.0,0,True,True,True,False,13,3693,0,177,9.113157022511587e-05,57863.42801610202,0.0019178777365596034,40.0,0.7913203796171001,0,0,,,0.0,113,3,0.9027438171972264,1.0,2.3806137995818575,0.9148163051604536,50,0.008392333984375076,0.0,0.8636675116140395,11,4075,2
5,adaptive_t0_i100ms,96,48.0,0,True,True,True,False,13,3693,0,177,9.113157022511587e-05,57863.42801610202,0.0019178777365596034,40.0,0.7913203796171001,0,0,,,0.0,114,3,0.26705312840747425,1.0,2.380166548530214,0.2791256163707015,206,0.03457641601562511,0.0,60.35677343947464,19,3923,6
5,adaptive_t0_i100ms,96,48.0,0,True,True,True,False,13,3693,0,177,9.113157022511587e-05,57863.42801610202,0.0019178777365596034,40.0,0.7913203796171001,0,0,,,0.0,115,3,0.23825908613747482,1.0,2.37999996622144,0.25033157410070206,297,0.04985046386718757,0.0,13.98473214002297,27,3355,8
5,adaptive_t0_i100ms,96,48.0,0,True,True,True,False,13,3693,0,177,9.113157022511587e-05,57863.42801610202,0.0019178777365596034,40.0,0.7913203796171001,0,0,,,0.0,144,4,0.4528061819013286,1.0,2.380586549643752,0.46487866986455584,237,0.0397796630859376,0.0,42.21733572608355,4,3812,0
5,adaptive_t0_i100ms,96,48.0,0,True,True,True,False,13,3693,0,177,9.113157022511587e-05,57863.42801610202,0.0019178777365596034,40.0,0.7913203796171001,0,0,,,0.0,145,4,0.23209398469875975,1.0,2.38031653722417,0.244166472661987,279,0.04682922363281259,0.0,5.781912426915369,12,3980,15
5,adaptive_t0_i100ms,96,48.0,0,True,True,True,False,13,3693,0,177,9.113157022511587e-05,57863.42801610202,0.0019178777365596034,40.0,0.7913203796171001,0,0,,,0.0,146,4,3.5829774442278755,1.0,2.3805828380862666,3.5950499321911025,17,0.0028533935546876388,0.0,8.540548031014623,20,4148,2
5,adaptive_t0_i100ms,96,48.0,0,True,True,True,False,13,3693,0,177,9.113157022511587e-05,57863.42801610202,0.0019178777365596034,40.0,0.7913203796171001,0,0,,,0.0,147,4,0.4220666416038044,1.0,2.3803989696863956,0.43413912956703166,90,0.015106201171875083,0.0,5.643297882808838,28,4316,7
5,adaptive_t0_i100ms,96,48.0,0,True,True,True,False,13,3693,0,177,9.113157022511587e-05,57863.42801610202,0.0019178777365596034,40.0,0.7913203796171001,0,0,,,0.0,176,5,3.495941554894405,1.0,2.380602803617613,3.5080140428576323,102,0.017120361328125104,0.0,6.33660794296884,5,3365,6
5,adaptive_t0_i100ms,96,48.0,0,True,True,True,True,13,3693,0,177,9.113157022511587e-05,57863.42801610202,0.0019178777365596034,40.0,0.7913203796171001,0,0,,,0.0,177,5,6.605878957987918,1.0,2.380619392690363,6.617951445951145,135,0.022659301757812625,9.113157022511587e-05,5.13840892045846,13,3693,0
5,adaptive_t0_i100ms,96,48.0,0,True,True,True,False,13,3693,0,177,9.113157022511587e-05,57863.42801610202,0.0019178777365596034,40.0,0.7913203796171001,0,0,,,0.0,178,5,0.9540650378935153,1.0,2.380475530720508,0.9661375258567425,198,0.03323364257812513,0.0,17.006479768635472,21,3989,6
5,adaptive_t0_i100ms,96,48.0,0,True,True,True,False,13,3693,0,177,9.113157022511587e-05,57863.42801610202,0.0019178777365596034,40.0,0.7913203796171001,0,0,,,0.0,179,5,3.487388349817582,1.0,2.3806017957401604,3.499460837780809,100,0.01678466796875009,0.0,7.605438875863911,29,3037,6
5,adaptive_t0_i100ms,96,48.0,0,True,True,True,False,13,3693,0,177,9.113157022511587e-05,57863.42801610202,0.0019178777365596034,40.0,0.7913203796171001,0,0,,,0.0,208,6,0.2605262904493884,1.0,2.3804421776705507,0.27259877841261565,328,0.055053710937500035,0.0,12.579516197627527,6,4134,13
5,adaptive_t0_i100ms,96,48.0,0,True,True,True,False,13,3693,0,177,9.113157022511587e-05,57863.42801610202,0.0019178777365596034,40.0,0.7913203796171001,0,0,,,0.0,209,6,0.22406393083533424,1.0,2.380340334206688,0.23613641879856148,70,0.011749267578125132,0.0,33.04536822512455,14,4334,7
5,adaptive_t0_i100ms,96,48.0,0,True,True,True,False,13,3693,0,177,9.113157022511587e-05,57863.42801610202,0.0019178777365596034,40.0,0.7913203796171001,0,0,,,0.0,210,6,0.21096613990310603,1.0,2.3804964043815295,0.22303862786633327,84,0.014099121093750114,0.0,39.43516184993496,22,4310,6
5,adaptive_t0_i100ms,96,48.0,0,True,True,True,False,13,3693,0,177,9.113157022511587e-05,57863.42801610202,0.0019178777365596034,40.0,0.7913203796171001,0,0,,,0.0,211,6,0.15177119176203654,1.0,2.380525718795358,0.16384367972526379,30,0.005035400390625132,0.0,11.2160467653448,30,3934,1
5,adaptive_t0_i100ms,96,48.0,0,True,True,True,False,13,3693,0,177,9.113157022511587e-05,57863.42801610202,0.0019178777365596034,40.0,0.7913203796171001,0,0,,,0.0,242,7,0.8324082421258652,1.0,2.3805280002158984,0.8565532180523197,55,0.009231567382812618,0.0,5.003676667140098,23,4279,11
5,adaptive_t0_i100ms,96,48.0,0,True,True,True,False,13,3693,0,177,9.113157022511587e-05,57863.42801610202,0.0019178777365596034,40.0,0.7913203796171001,0,0,,,0.0,243,7,0.4789059516374824,1.0,2.3805877078691364,0.5030509275639369,213,0.03575134277343761,0.0,17.15742934388254,31,4127,13
5,adaptive_t0_i100ms,97,48.5,0,True,True,True,False,31,4191,5,243,3.009641397511587e-05,58363.426490223115,0.0034437566428096034,40.0,0.4874568542264751,0,0,,,0.0,16,0,3.1577705090295964,1.0,2.865407944470163,3.4035532033254654,29,0.004867553710937601,0.0,5.32427290843043,0,4192,12
5,adaptive_t0_i100ms,97,48.5,0,True,True,True,False,31,4191,5,243,3.009641397511587e-05,58363.426490223115,0.0034437566428096034,40.0,0.4874568542264751,0,0,,,0.0,17,0,6.618819238560849,1.0,2.8654023711239205,6.864601932856718,14,0.002349853515625125,0.0,7.133544224008801,8,4328,9
5,adaptive_t0_i100ms,97,48.5,0,True,True,True,False,31,4191,5,243,3.009641397511587e-05,58363.426490223115,0.0034437566428096034,40.0,0.4874568542264751,0,0,,,0.0,19,0,0.2977487518030332,1.0,2.865348326736439,0.5435314460989021,115,0.019302368164062583,0.0,4.603083252237411,24,3832,12
5,adaptive_t0_i100ms,97,48.5,0,True,True,True,False,31,4191,5,243,3.009641397511587e-05,58363.426490223115,0.0034437566428096034,40.0,0.4874568542264751,0,0,,,0.0,48,1,0.3853083979446347,1.0,2.865282492624616,0.5696454186665364,15,0.0025177001953126527,0.0,27.348172614976647,1,4545,0
5,adaptive_t0_i100ms,97,48.5,0,True,True,True,False,31,4191,5,243,3.009641397511587e-05,58363.426490223115,0.0034437566428096034,40.0,0.4874568542264751,0,0,,,0.0,49,1,0.8827289196174865,1.0,2.865371119978024,1.067065940339388,217,0.036422729492187625,0.0,5.696766266875784,9,3913,8
5,adaptive_t0_i100ms,97,48.5,0,True,True,True,False,31,4191,5,243,3.009641397511587e-05,58363.426490223115,0.0034437566428096034,40.0,0.4874568542264751,0,0,,,0.0,50,1,0.5314153192844786,1.0,2.865380477022656,0.7157523400063803,174,0.029205322265625132,0.0,27.76511653004127,17,4881,11
5,adaptive_t0_i100ms,97,48.5,0,True,True,True,False,31,4191,5,243,3.009641397511587e-05,58363.426490223115,0.0034437566428096034,40.0,0.4874568542264751,0,0,,,0.0,51,1,0.9390412120657285,1.0,2.865338012551076,1.1233782327876303,143,0.024002075195312597,0.0,25.607324984186562,25,3289,14
5,adaptive_t0_i100ms,97,48.5,0,True,True,True,False,31,4191,5,243,3.009641397511587e-05,58363.426490223115,0.0034437566428096034,40.0,0.4874568542264751,0,0,,,0.0,80,2,3.262918090631158,1.0,2.8654066517577323,3.508700784927027,219,0.036758422851562604,0.0,2.078866486728657,2,5026,5
5,adaptive_t0_i100ms,97,48.5,0,True,True,True,False,31,4191,5,243,3.009641397511587e-05,58363.426490223115,0.0034437566428096034,40.0,0.4874568542264751,0,0,,,0.0,81,2,0.5701221528377013,1.0,2.865320139061164,0.8159048471335703,153,0.025680541992187632,0.0,56.08200241483428,10,4266,4
5,adaptive_t0_i100ms,97,48.5,0,True,True,True,False,31,4191,5,243,3.009641397511587e-05,58363.426490223115,0.0034437566428096034,40.0,0.4874568542264751,0,0,,,0.0,82,2,0.8369866658441709,1.0,2.865299618373886,1.0827693601400399,32,0.005371093750000111,0.0,12.048547761471127,18,3858,8
5,adaptive_t0_i100ms,97,48.5,0,True,True,True,False,31,4191,5,243,3.009641397511587e-05,58363.426490223115,0.0034437566428096034,40.0,0.4874568542264751,0,0,,,0.0,113,3,0.5006458720100645,1.0,2.865298932225487,1.2379939548976715,130,0.021820068359375076,0.0,0.660081207890471,11,4107,14
5,adaptive_t0_i100ms,97,48.5,0,True,True,True,False,31,4191,5,243,3.009641397511587e-05,58363.426490223115,0.0034437566428096034,40.0,0.4874568542264751,0,0,,,0.0,144,4,1.921003775801202,1.0,2.865392846709315,2.1053407965231035,77,0.012924194335937597,0.0,1.8706658028822858,4,3844,5
5,adaptive_t0_i100ms,97,48.5,0,True,True,True,False,31,4191,5,243,3.009641397511587e-05,58363.426490223115,0.0034437566428096034,40.0,0.4874568542264751,0,0,,,0.0,145,4,0.39415236533135345,1.0,2.8653077935177564,0.5784893860532552,1,0.0001678466796875902,0.0,20.651493928337004,12,4044,6
5,adaptive_t0_i100ms,97,48.5,0,True,True,True,False,31,4191,5,243,3.009641397511587e-05,58363.426490223115,0.0034437566428096034,40.0,0.4874568542264751,0,0,,,0.0,146,4,0.447216169651666,1.0,2.8652520396579684,0.6315531903735677,71,0.011917114257812646,0.0,0.9291358953778399,20,4244,6
5,adaptive_t0_i100ms,97,48.5,0,True,True,True,False,31,4191,5,243,3.009641397511587e-05,58363.426490223115,0.0034437566428096034,40.0,0.4874568542264751,0,0,,,0.0,147,4,5.9327066622766695,1.0,2.865411060607844,6.117043682998571,176,0.02954101562500009,0.0,2.6294375323705026,28,4348,11
5,adaptive_t0_i100ms,97,48.5,0,True,True,True,False,31,4191,5,243,3.009641397511587e-05,58363.426490223115,0.0034437566428096034,40.0,0.4874568542264751,0,0,,,0.0,176,5,0.8834777353469784,1.0,2.865347277413556,1.0678147560688802,146,0.024505615234375104,0.0,22.92908194190386,5,3397,9
5,adaptive_t0_i100ms,97,48.5,0,True,True,True,False,31,4191,5,243,3.009641397511587e-05,58363.426490223115,0.0034437566428096034,40.0,0.4874568542264751,0,0,,,0.0,177,5,0.3215471778215879,1.0,2.8651490323216215,0.5058841985434896,185,0.031051635742187625,0.0,37.42913995933486,13,3757,2
5,adaptive_t0_i100ms,97,48.5,0,True,True,True,False,31,4191,5,243,3.009641397511587e-05,58363.426490223115,0.0034437566428096034,40.0,0.4874568542264751,0,0,,,0.0,178,5,0.420927728866754,1.0,2.8654048921931112,0.6052647495886557,38,0.006378173828125134,0.0,3.530955597627326,21,4021,4
5,adaptive_t0_i100ms,97,48.5,0,True,True,True,False,31,4191,5,243,3.009641397511587e-05,58363.426490223115,0.0034437566428096034,40.0,0.4874568542264751,0,0,,,0.0,179,5,0.9352980143555236,1.0,2.8653543276164144,1.1196350350774253,192,0.03222656250000009,0.0,21.339734651839535,29,3101,2
5,adaptive_t0_i100ms,97,48.5,0,True,True,True,False,31,4191,5,243,3.009641397511587e-05,58363.426490223115,0.0034437566428096034,40.0,0.4874568542264751,0,0,,,0.0,209,6,0.3049258034509824,1.0,2.8651545534176845,0.5507084977468514,124,0.020812988281250132,0.0,3.4763143312884495,14,4334,15
5,adaptive_t0_i100ms,97,48.5,0,True,True,True,False,31,4191,5,243,3.009641397511587e-05,58363.426490223115,0.0034437566428096034,40.0,0.4874568542264751,0,0,,,0.0,210,6,0.2935982547268613,1.0,2.8652545626462396,0.5393809490227303,97,0.016281127929687614,0.0,26.72845035210048,22,4310,12
5,adaptive_t0_i100ms,97,48.5,0,True,True,True,False,31,4191,5,243,3.009641397511587e-05,58363.426490223115,0.0034437566428096034,40.0,0.4874568542264751,0,0,,,0.0,211,6,0.0,1.0,2.865289012903455,0.24578269429586896,184,0.030883789062500132,0.0,48.46130650280975,30,3966,0
5,adaptive_t0_i100ms,97,48.5,0,True,True,True,False,31,4191,5,243,3.009641397511587e-05,58363.426490223115,0.0034437566428096034,40.0,0.4874568542264751,0,0,,,0.0,240,7,0.27441356943169526,1.0,2.865293488671401,0.5201962637275642,129,0.021652221679687597,0.0,19.13219765642134,7,4071,10
5,adaptive_t0_i100ms,97,48.5,0,True,True,True,False,31,4191,5,243,3.009641397511587e-05,58363.426490223115,0.0034437566428096034,40.0,0.4874568542264751,0,0,,,0.0,242,7,0.47964370150713476,1.0,2.8653589575984344,0.7254263958030037,105,0.017623901367187618,0.0,0.07511782892106567,23,4343,3
5,adaptive_t0_i100ms,97,48.5,0,True,True,True,True,31,4191,5,243,3.009641397511587e-05,58363.426490223115,0.0034437566428096034,40.0,0.4874568542264751,0,0,,,0.0,243,7,3.5087992487018367,1.0,2.865416354441279,3.7545819429977056,138,0.02316284179687511,3.009641397511587e-05,0.7485930489128805,31,4191,5
5,adaptive_t0_i100ms,98,49.0,0,True,True,True,False,2,5058,13,80,0.00013690793741261587,58863.4291605112,0.0007734685568721034,40.0,0.7101283630155376,0,0,,,0.0,16,0,0.20854659502305464,1.0,3.3456797082914953,0.5925833550093975,137,0.022994995117187597,0.0,25.645311999789556,0,4224,5
5,adaptive_t0_i100ms,98,49.0,0,True,True,True,False,2,5058,13,80,0.00013690793741261587,58863.4291605112,0.0007734685568721034,40.0,0.7101283630155376,0,0,,,0.0,17,0,3.6500956735821877,1.0,3.345699517611724,4.034132433568531,30,0.005035400390625125,0.0,1.7183631542065996,8,4456,14
5,adaptive_t0_i100ms,98,49.0,0,True,True,True,False,2,5058,13,80,0.00013690793741261587,58863.4291605112,0.0007734685568721034,40.0,0.7101283630155376,0,0,,,0.0,18,0,3.382851787761096,1.0,3.3456806091330904,3.7668885477474388,260,0.04364013671875007,0.0,0.8524446358496789,16,3632,4
5,adaptive_t0_i100ms,98,49.0,0,True,True,True,False,2,5058,13,80,0.00013690793741261587,58863.4291605112,0.0007734685568721034,40.0,0.7101283630155376,0,0,,,0.0,19,0,0.2036324450415561,1.0,3.3456925787619762,0.587669205027899,152,0.025512695312500083,0.0,6.038014074860257,24,3864,3
5,adaptive_t0_i100ms,98,49.0,0,True,True,True,False,2,5058,13,80,0.00013690793741261587,58863.4291605112,0.0007734685568721034,40.0,0.7101283630155376,0,0,,,0.0,48,1,0.21545891343326778,1.0,3.3455016320824886,0.5994956734196106,140,0.023498535156250153,0.0,6.216745842102682,1,4609,3
5,adaptive_t0_i100ms,98,49.0,0,True,True,True,False,2,5058,13,80,0.00013690793741261587,58863.4291605112,0.0007734685568721034,40.0,0.7101283630155376,0,0,,,0.0,49,1,0.98962894255646,1.0,3.345656130386241,1.373665702542803,4,0.0006713867187501249,0.0,21.678942391365126,9,3945,6
5,adaptive_t0_i100ms,98,49.0,0,True,True,True,False,2,5058,13,80,0.00013690793741261587,58863.4291605112,0.0007734685568721034,40.0,0.7101283630155376,0,0,,,0.0,50,1,0.20941820884336684,1.0,3.3455559517069515,0.5934549688297097,46,0.007720947265625132,0.0,24.70952655775909,17,4913,2
5,adaptive_t0_i100ms,98,49.0,0,True,True,True,False,2,5058,13,80,0.00013690793741261587,58863.4291605112,0.0007734685568721034,40.0,0.7101283630155376,0,0,,,0.0,51,1,0.17746853980504318,1.0,3.345630652123162,0.5615052997913861,4,0.0006713867187500971,0.0,13.97813307515753,25,3353,9
5,adaptive_t0_i100ms,98,49.0,0,True,True,True,True,2,5058,13,80,0.00013690793741261587,58863.4291605112,0.0007734685568721034,40.0,0.7101283630155376,0,0,,,0.0,80,2,0.917942658958995,1.0,3.345707397508903,1.3019794189453378,172,0.028869628906250104,0.00013690793741261587,6.735637727026187,2,5058,13
5,adaptive_t0_i100ms,98,49.0,0,True,True,True,False,2,5058,13,80,0.00013690793741261587,58863.4291605112,0.0007734685568721034,40.0,0.7101283630155376,0,0,,,0.0,81,2,0.5034744233793098,1.0,3.3456979908072393,0.8875111833656527,273,0.04582214355468763,0.0,19.28913699647819,10,4266,10
5,adaptive_t0_i100ms,98,49.0,0,True,True,True,False,2,5058,13,80,0.00013690793741261587,58863.4291605112,0.0007734685568721034,40.0,0.7101283630155376,0,0,,,0.0,82,2,0.1923105410942077,1.0,3.3456409182467453,0.5763473010805507,23,0.0038604736328126145,0.0,17.399510988027032,18,3954,3
5,adaptive_t0_i100ms,98,49.0,0,True,True,True,False,2,5058,13,80,0.00013690793741261587,58863.4291605112,0.0007734685568721034,40.0,0.7101283630155376,0,0,,,0.0,83,2,0.2353069988091988,1.0,3.345552846812719,0.6193437587955417,160,0.026855468750000125,0.0,33.67377562291222,26,4730,11
5,adaptive_t0_i100ms,98,49.0,0,True,True,True,False,2,5058,13,80,0.00013690793741261587,58863.4291605112,0.0007734685568721034,40.0,0.7101283630155376,0,0,,,0.0,112,3,0.4600266330279712,1.0,3.3456325723792966,0.8440633930143141,199,0.03340148925781261,0.0,30.550097205035854,3,4067,7
5,adaptive_t0_i100ms,98,49.0,0,True,True,True,False,2,5058,13,80,0.00013690793741261587,58863.4291605112,0.0007734685568721034,40.0,0.7101283630155376,0,0,,,0.0,113,3,0.8066942284433566,1.0,3.3455723172544136,1.1907309884296995,32,0.00537109375000008,0.0,14.144549470758648,11,4203,10
5,adaptive_t0_i100ms,98,49.0,0,True,True,True,False,2,5058,13,80,0.00013690793741261587,58863.4291605112,0.0007734685568721034,40.0,0.7101283630155376,0,0,,,0.0,114,3,0.25335080437070423,1.0,3.3456554941126284,0.6373875643570471,295,0.04951477050781261,0.0,25.10924983854784,19,3923,13
5,adaptive_t0_i100ms,98,49.0,0,True,True,True,False,2,5058,13,80,0.00013690793741261587,58863.4291605112,0.0007734685568721034,40.0,0.7101283630155376,0,0,,,0.0,115,3,0.22603416586625813,1.0,3.3454811445041996,0.610070925852601,248,0.04162597656250007,0.0,25.030136239423882,27,3355,15
5,adaptive_t0_i100ms,98,49.0,0,True,True,True,False,2,5058,13,80,0.00013690793741261587,58863.4291605112,0.0007734685568721034,40.0,0.7101283630155376,0,0,,,0.0,144,4,1.5832390648781882,1.0,3.345625067285697,1.9672758248645312,280,0.046997070312500104,0.0,1.3941324775732937,4,3940,0
5,adaptive_t0_i100ms,98,49.0,0,True,True,True,False,2,5058,13,80,0.00013690793741261587,58863.4291605112,0.0007734685568721034,40.0,0.7101283630155376,0,0,,,0.0,145,4,1.8730302653468909,1.0,3.345671615574538,2.257067025333234,78,0.01309204101562509,0.0,19.43144705578743,12,4076,9
5,adaptive_t0_i100ms,98,49.0,0,True,True,True,False,2,5058,13,80,0.00013690793741261587,58863.4291605112,0.0007734685568721034,40.0,0.7101283630155376,0,0,,,0.0,146,4,2.2049125638746903,1.0,3.345654571856076,2.588949323861033,216,0.036254882812500146,0.0,3.0775801098134252,20,4276,7
5,adaptive_t0_i100ms,98,49.0,0,True,True,True,False,2,5058,13,80,0.00013690793741261587,58863.4291605112,0.0007734685568721034,40.0,0.7101283630155376,0,0,,,0.0,147,4,0.46451433186158975,1.0,3.3456237823539063,0.8485510918479326,17,0.00285339355468759,0.0,55.25563369028532,28,4380,7
5,adaptive_t0_i100ms,98,49.0,0,True,True,True,False,2,5058,13,80,0.00013690793741261587,58863.4291605112,0.0007734685568721034,40.0,0.7101283630155376,0,0,,,0.0,177,5,0.23080016726249572,1.0,3.345681318220885,0.7428491805776196,130,0.021820068359375125,0.0,50.28286118804681,13,3757,6
5,adaptive_t0_i100ms,98,49.0,0,True,True,True,False,2,5058,13,80,0.00013690793741261587,58863.4291605112,0.0007734685568721034,40.0,0.7101283630155376,0,0,,,0.0,178,5,0.21061412887155226,1.0,3.3455054147482786,0.7226631421866762,79,0.013259887695312632,0.0,35.25419034538936,21,4053,3
5,adaptive_t0_i100ms,98,49.0,0,True,True,True,False,2,5058,13,80,0.00013690793741261587,58863.4291605112,0.0007734685568721034,40.0,0.7101283630155376,0,0,,,0.0,179,5,0.9040539925203073,1.0,3.3455899099050397,1.4161030058354311,175,0.02937316894531259,0.0,18.227596956741763,29,3101,12
5,adaptive_t0_i100ms,98,49.0,0,True,True,True,False,2,5058,13,80,0.00013690793741261587,58863.4291605112,0.0007734685568721034,40.0,0.7101283630155376,0,0,,,0.0,208,6,0.8663817626039226,1.0,3.3456042548887397,1.3784307759190466,188,0.03155517578125004,0.0,9.734289460677246,6,4166,12
5,adaptive_t0_i100ms,98,49.0,0,True,True,True,False,2,5058,13,80,0.00013690793741261587,58863.4291605112,0.0007734685568721034,40.0,0.7101283630155376,0,0,,,0.0,209,6,0.24048004158181818,1.0,3.3456425462549895,0.7525290548969421,163,0.027359008789062632,0.0,70.54759236927202,14,4430,2
5,adaptive_t0_i100ms,98,49.0,0,True,True,True,False,2,5058,13,80,0.00013690793741261587,58863.4291605112,0.0007734685568721034,40.0,0.7101283630155376,0,0,,,0.0,210,6,1.7896589602658786,1.0,3.345662443377991,2.3017079735810024,265,0.04447937011718761,0.0,2.1014808663967415,22,4342,5
5,adaptive_t0_i100ms,98,49.0,0,True,True,True,False,2,5058,13,80,0.00013690793741261587,58863.4291605112,0.0007734685568721034,40.0,0.7101283630155376,0,0,,,0.0,240,7,0.1790969674332205,1.0,3.3456155167852675,0.5631337274195634,53,0.008895874023437597,0.0,54.007571645619464,7,4071,15
5,adaptive_t0_i100ms,98,49.0,0,True,True,True,False,2,5058,13,80,0.00013690793741261587,58863.4291605112,0.0007734685568721034,40.0,0.7101283630155376,0,0,,,0.0,241,7,0.39584607916802805,1.0,3.345504508819173,0.779882839154371,107,0.017959594726562618,0.0,4.226045197312487,15,4591,5
5,adaptive_t0_i100ms,98,49.0,0,True,True,True,False,2,5058,13,80,0.00013690793741261587,58863.4291605112,0.0007734685568721034,40.0,0.7101283630155376,0,0,,,0.0,242,7,3.3366254211475255,1.0,3.345693342033404,3.7206621811338683,250,0.041961669921875125,0.0,0.8167575997067615,23,4407,0
5,adaptive_t0_i100ms,98,49.0,0,True,True,True,False,2,5058,13,80,0.00013690793741261587,58863.4291605112,0.0007734685568721034,40.0,0.7101283630155376,0,0,,,0.0,243,7,0.7993283736248867,1.0,3.345619503350723,1.1833651336112296,54,0.009063720703125114,0.0,4.069983185720048,31,4287,15
5,adaptive_t0_i100ms,99,49.5,0,True,True,True,False,20,4404,2,146,7.587278116261587e-05,59363.427634632295,0.0022993474631221034,40.0,0.3940120300077251,0,0,,,0.0,16,0,0.3301929410359673,1.0,3.8331568537308356,1.3191166250695967,171,0.028701782226562597,0.0,6.88834918156499,0,4224,10
5,adaptive_t0_i100ms,99,49.5,0,True,True,True,False,20,4404,2,146,7.587278116261587e-05,59363.427634632295,0.0022993474631221034,40.0,0.3940120300077251,0,0,,,0.0,18,0,0.5530495546822076,1.0,3.8331137766868038,1.541973238715837,155,0.02601623535156257,0.0,4.374460232058482,16,3760,6
5,adaptive_t0_i100ms,99,49.5,0,True,True,True,False,20,4404,2,146,7.587278116261587e-05,59363.427634632295,0.0022993474631221034,40.0,0.3940120300077251,0,0,,,0.0,19,0,0.32571310958333055,1.0,3.8331491874377948,1.3146367936169598,72,0.012084960937500083,0.0,12.318445488635916,24,3864,9
5,adaptive_t0_i100ms,99,49.5,0,True,True,True,False,20,4404,2,146,7.587278116261587e-05,59363.427634632295,0.0022993474631221034,40.0,0.3940120300077251,0,0,,,0.0,48,1,0.33649434037080606,1.0,3.8331802715088354,1.81987986642125,101,0.016952514648437653,0.0,5.399596809991635,1,4609,10
5,adaptive_t0_i100ms,99,49.5,0,True,True,True,False,20,4404,2,146,7.587278116261587e-05,59363.427634632295,0.0022993474631221034,40.0,0.3940120300077251,0,0,,,0.0,51,1,3.542588884419268,1.0,3.833201192195465,5.025974410469712,86,0.014434814453125097,0.0,5.6056410244782455,25,3417,6
5,adaptive_t0_i100ms,99,49.5,0,True,True,True,False,20,4404,2,146,7.587278116261587e-05,59363.427634632295,0.0022993474631221034,40.0,0.3940120300077251,0,0,,,0.0,82,2,0.3153918492233452,1.0,3.833201566190615,1.7987773752737892,64,0.010742187500000114,0.0,6.103113554941956,18,3986,0
5,adaptive_t0_i100ms,99,49.5,0,True,True,True,False,20,4404,2,146,7.587278116261587e-05,59363.427634632295,0.0022993474631221034,40.0,0.3940120300077251,0,0,,,0.0,83,2,0.0,1.0,3.833112802945895,1.483385526050444,70,0.011749267578125125,0.0,14.891312805331836,26,4762,0
5,adaptive_t0_i100ms,99,49.5,0,True,True,True,False,20,4404,2,146,7.587278116261587e-05,59363.427634632295,0.0022993474631221034,40.0,0.3940120300077251,0,0,,,0.0,115,3,3.327396936850177,1.0,3.8332076130835304,6.294167988951065,250,0.04196166992187507,0.0,0.4216476143046748,27,3419,11
5,adaptive_t0_i100ms,99,49.5,0,True,True,True,False,20,4404,2,146,7.587278116261587e-05,59363.427634632295,0.0022993474631221034,40.0,0.3940120300077251,0,0,,,0.0,145,4,0.9936801770337701,1.0,3.8331718539336874,1.9826038610673995,183,0.030715942382812597,0.0,6.722555940497841,12,4108,12
5,adaptive_t0_i100ms,99,49.5,0,True,True,True,True,20,4404,2,146,7.587278116261587e-05,59363.427634632295,0.0022993474631221034,40.0,0.3940120300077251,0,0,,,0.0,146,4,3.1867030468086734,1.0,3.8332127432197587,4.1756267308423025,130,0.021820068359375153,7.587278116261587e-05,4.32300757644407,20,4404,2
5,adaptive_t0_i100ms,99,49.5,0,True,True,True,False,20,4404,2,146,7.587278116261587e-05,59363.427634632295,0.0022993474631221034,40.0,0.3940120300077251,0,0,,,0.0,147,4,0.9212213946242241,1.0,3.833190876976745,1.9101450786578535,57,0.00956726074218759,0.0,4.675171331888123,28,4412,6
5,adaptive_t0_i100ms,99,49.5,0,True,True,True,False,20,4404,2,146,7.587278116261587e-05,59363.427634632295,0.0022993474631221034,40.0,0.3940120300077251,0,0,,,0.0,208,6,1.7479225317617972,1.0,3.8331993366112918,2.7368462157954268,196,0.03289794921875004,0.0,4.209923746944696,6,4262,10
5,adaptive_t0_i100ms,99,49.5,0,True,True,True,False,20,4404,2,146,7.587278116261587e-05,59363.427634632295,0.0022993474631221034,40.0,0.3940120300077251,0,0,,,0.0,209,6,0.35930407090046923,1.0,3.8331989170028344,1.3482277549340986,308,0.05169677734375013,0.0,5.2769392496629735,14,4430,6
5,adaptive_t0_i100ms,99,49.5,0,True,True,True,False,20,4404,2,146,7.587278116261587e-05,59363.427634632295,0.0022993474631221034,40.0,0.3940120300077251,0,0,,,0.0,211,6,0.5786548776418021,1.0,3.8331059341023113,1.5675785616754316,167,0.028030395507812632,0.0,13.959620808374893,30,3998,9
5,adaptive_t0_i100ms,99,49.5,0,True,True,True,False,20,4404,2,146,7.587278116261587e-05,59363.427634632295,0.0022993474631221034,40.0,0.3940120300077251,0,0,,,0.0,240,7,1.0435744365053279,1.0,3.8331620474700547,2.5269599625557717,193,0.0323944091796876,0.0,12.98161026257003,7,4135,4
5,adaptive_t0_i100ms,99,49.5,0,True,True,True,False,20,4404,2,146,7.587278116261587e-05,59363.427634632295,0.0022993474631221034,40.0,0.3940120300077251,0,0,,,0.0,241,7,1.6707144838526178,1.0,3.8332041522630576,3.154100009903062,144,0.024169921875000125,0.0,9.54344949600636,15,4655,0
5,adaptive_t0_i100ms,100,50.0,0,True,True,True,False,6,4358,7,208,0.00010782785073388369,59863.428433509034,0.001500470723840408,40.0,0.13421732492104638,0,0,,,0.0,48,1,2.272416278688706,1.0,0.01969682253978351,4.15283943822009,12,0.0020141601562501527,0.0,1.5803754957669298,1,4641,2
5,adaptive_t0_i100ms,100,50.0,0,True,True,True,False,6,4358,7,208,0.00010782785073388369,59863.428433509034,0.001500470723840408,40.0,0.13421732492104638,0,0,,,0.0,49,1,7.172234822041979,1.0,0.019712217457044507,9.052657981573363,74,0.012420654296875127,0.0,0.28255561010882957,9,4073,15
5,adaptive_t0_i100ms,100,50.0,0,True,True,True,False,6,4358,7,208,0.00010782785073388369,59863.428433509034,0.001500470723840408,40.0,0.13421732492104638,0,0,,,0.0,81,2,0.0,1.0,0.01970764394610522,1.8804231595313836,168,0.028198242187500132,0.0,8.367823861452052,10,4330,3
5,adaptive_t0_i100ms,100,50.0,0,True,True,True,False,6,4358,7,208,0.00010782785073388369,59863.428433509034,0.001500470723840408,40.0,0.13421732492104638,0,0,,,0.0,82,2,0.693962929083252,1.0,0.01970979569592887,2.5743860886146357,115,0.01930236816406261,0.0,9.558364058306324,18,4018,0
5,adaptive_t0_i100ms,100,50.0,0,True,True,True,False,6,4358,7,208,0.00010782785073388369,59863.428433509034,0.001500470723840408,40.0,0.13421732492104638,0,0,,,0.0,114,3,0.27590100859680183,1.0,0.01972200086330892,4.036747327659569,26,0.004364013671875111,0.0,2.2826247866396443,19,3987,1
5,adaptive_t0_i100ms,100,50.0,0,True,True,True,False,6,4358,7,208,0.00010782785073388369,59863.428433509034,0.001500470723840408,40.0,0.13421732492104638,0,0,,,0.0,176,5,0.7511115181708232,1.0,0.019724260734322104,4.511957837233591,219,0.036758422851562604,0.0,0.19670528844289947,5,3493,0
5,adaptive_t0_i100ms,100,50.0,0,True,True,True,True,6,4358,7,208,0.00010782785073388369,59863.428433509034,0.001500470723840408,40.0,0.13421732492104638,0,0,,,0.0,208,6,0.9854932153769389,1.0,0.019724507451676747,2.8659163749083225,36,0.006042480468750042,0.00010782785073388369,2.0388363312231377,6,4358,7
5,adaptive_t0_i100ms,100,50.0,0,True,True,True,False,6,4358,7,208,0.00010782785073388369,59863.428433509034,0.001500470723840408,40.0,0.13421732492104638,0,0,,,0.0,211,6,9.044648632727661,1.0,0.01971522230253616,10.925071792259045,149,0.025009155273437632,0.0,0.8901218093596981,30,4030,4
5,adaptive_t0_i100ms,101,50.5,0,True,True,True,False,8,4488,11,17,0.00013071603432763369,60363.429005713624,0.000928266133996658,40.0,0.5804606110538589,0,0,,,0.0,16,0,0.21044270111240082,1.0,0.5001402647446433,0.5541752527595254,109,0.018295288085937597,0.0,5.895774457792868,0,4256,5
5,adaptive_t0_i100ms,101,50.5,0,True,True,True,True,8,4488,11,17,0.00013071603432763369,60363.429005713624,0.000928266133996658,40.0,0.5804606110538589,0,0,,,0.0,17,0,0.2498515457784007,1.0,0.5002782209323703,0.5935840974255253,247,0.041458129882812625,0.00013071603432763369,54.02746769622172,8,4488,11
5,adaptive_t0_i100ms,101,50.5,0,True,True,True,False,8,4488,11,17,0.00013071603432763369,60363.429005713624,0.000928266133996658,40.0,0.5804606110538589,0,0,,,0.0,18,0,0.9882614265403936,1.0,0.5002267079213674,1.3319939781875183,296,0.04968261718750007,0.0,1.9151119821690372,16,3792,14
5,adaptive_t0_i100ms,101,50.5,0,True,True,True,False,8,4488,11,17,0.00013071603432763369,60363.429005713624,0.000928266133996658,40.0,0.5804606110538589,0,0,,,0.0,19,0,3.9484844444036136,1.0,0.5002723949091692,4.292216996050739,110,0.018463134765625083,0.0,9.519559250737075,24,3960,9
5,adaptive_t0_i100ms,101,50.5,0,True,True,True,False,8,4488,11,17,0.00013071603432763369,60363.429005713624,0.000928266133996658,40.0,0.5804606110538589,0,0,,,0.0,48,1,3.1875626157636265,1.0,0.5002320979238787,3.531295167410751,250,0.04196166992187515,0.0,3.4838516069503385,1,4705,7
5,adaptive_t0_i100ms,101,50.5,0,True,True,True,False,8,4488,11,17,0.00013071603432763369,60363.429005713624,0.000928266133996658,40.0,0.5804606110538589,0,0,,,0.0,49,1,0.44286514004197386,1.0,0.5000917549522811,0.7865976916890984,112,0.018798828125000125,0.0,17.323212263625464,9,4201,7
5,adaptive_t0_i100ms,101,50.5,0,True,True,True,False,8,4488,11,17,0.00013071603432763369,60363.429005713624,0.000928266133996658,40.0,0.5804606110538589,0,0,,,0.0,50,1,1.8564230842017284,1.0,0.5002335913126186,2.200155635848853,58,0.009735107421875132,0.0,12.200850204215385,17,5041,6
5,adaptive_t0_i100ms,101,50.5,0,True,True,True,False,8,4488,11,17,0.00013071603432763369,60363.429005713624,0.000928266133996658,40.0,0.5804606110538589,0,0,,,0.0,51,1,0.5203371052604245,1.0,0.500158033644595,0.8640696569075491,2,0.00033569335937509714,0.0,98.7628103466268,25,3609,3
5,adaptive_t0_i100ms,101,50.5,0,True,True,True,False,8,4488,11,17,0.00013071603432763369,60363.429005713624,0.000928266133996658,40.0,0.5804606110538589,0,0,,,0.0,80,2,1.004227927844498,1.0,0.5002132856834566,1.3479604794916227,126,0.021148681640625114,0.0,3.3987512645471725,2,5186,9
5,adaptive_t0_i100ms,101,50.5,0,True,True,True,False,8,4488,11,17,0.00013071603432763369,60363.429005713624,0.000928266133996658,40.0,0.5804606110538589,0,0,,,0.0,81,2,0.9395553644650694,1.0,0.5002317528743092,1.283287916112194,99,0.016616821289062632,0.0,35.804760788494605,10,4362,6
5,adaptive_t0_i100ms,101,50.5,0,True,True,True,False,8,4488,11,17,0.00013071603432763369,60363.429005713624,0.000928266133996658,40.0,0.5804606110538589,0,0,,,0.0,82,2,0.937560110711565,1.0,0.5001608254525112,1.2812926623586895,123,0.020645141601562618,0.0,33.658127121350844,18,4050,3
5,adaptive_t0_i100ms,101,50.5,0,True,True,True,False,8,4488,11,17,0.00013071603432763369,60363.429005713624,0.000928266133996658,40.0,0.5804606110538589,0,0,,,0.0,83,2,0.20228600727083493,1.0,0.5002363182507744,0.5460185589179595,74,0.012420654296875125,0.0,17.330016096355394,26,4826,9
5,adaptive_t0_i100ms,101,50.5,0,True,True,True,False,8,4488,11,17,0.00013071603432763369,60363.429005713624,0.000928266133996658,40.0,0.5804606110538589,0,0,,,0.0,112,3,0.45252900827870857,1.0,0.5001514945355467,0.9108390771415413,71,0.011917114257812618,0.0,47.7865424650081,3,4099,15
5,adaptive_t0_i100ms,101,50.5,0,True,True,True,False,8,4488,11,17,0.00013071603432763369,60363.429005713624,0.000928266133996658,40.0,0.5804606110538589,0,0,,,0.0,114,3,0.20010050338986465,1.0,0.5001841516772986,0.6584105722526974,37,0.006210327148437611,0.0,20.89815037387598,19,3987,10
5,adaptive_t0_i100ms,101,50.5,0,True,True,True,False,8,4488,11,17,0.00013071603432763369,60363.429005713624,0.000928266133996658,40.0,0.5804606110538589,0,0,,,0.0,115,3,3.389187260567091,1.0,0.5002493080998072,3.847497329429924,14,0.0022659301757813194,0.0,10.875211154751014,27,3515,11
5,adaptive_t0_i100ms,101,50.5,0,True,True,True,False,8,4488,11,17,0.00013071603432763369,60363.429005713624,0.000928266133996658,40.0,0.5804606110538589,0,0,,,0.0,144,4,0.2360443644264289,1.0,0.5001513350465928,0.5797769160735535,101,0.016952514648437604,0.0,98.65294669813738,4,3940,12
5,adaptive_t0_i100ms,101,50.5,0,True,True,True,False,8,4488,11,17,0.00013071603432763369,60363.429005713624,0.000928266133996658,40.0,0.5804606110538589,0,0,,,0.0,145,4,0.1899505318527771,1.0,0.5000757744414539,0.5336830834999017,32,0.005371093750000097,0.0,62.992480391483696,12,4140,12
5,adaptive_t0_i100ms,101,50.5,0,True,True,True,False,8,4488,11,17,0.00013071603432763369,60363.429005713624,0.000928266133996658,40.0,0.5804606110538589,0,0,,,0.0,146,4,0.18158913186677217,1.0,0.5002668241326963,0.5253216835138967,127,0.021316528320312653,0.0,60.083340498829784,20,4532,0
5,adaptive_t0_i100ms,101,50.5,0,True,True,True,False,8,4488,11,17,0.00013071603432763369,60363.429005713624,0.000928266133996658,40.0,0.5804606110538589,0,0,,,0.0,147,4,0.9340531145729429,1.0,0.5002502047816033,1.2777856662200675,192,0.0322265625000001,0.0,3.470586103401729,28,4540,8
5,adaptive_t0_i100ms,101,50.5,0,True,True,True,False,8,4488,11,17,0.00013071603432763369,60363.429005713624,0.000928266133996658,40.0,0.5804606110538589,0,0,,,0.0,176,5,0.4148460924235741,1.0,0.5002197791001898,0.7585786440706987,72,0.012084960937500104,0.0,7.152320722605509,5,3525,6
5,adaptive_t0_i100ms,101,50.5,0,True,True,True,False,8,4488,11,17,0.00013071603432763369,60363.429005713624,0.000928266133996658,40.0,0.5804606110538589,0,0,,,0.0,177,5,0.45435524408296224,1.0,0.5001859932818489,0.7980877957300868,95,0.015945434570312625,0.0,4.053657148222555,13,3789,10
5,adaptive_t0_i100ms,101,50.5,0,True,True,True,False,8,4488,11,17,0.00013071603432763369,60363.429005713624,0.000928266133996658,40.0,0.5804606110538589,0,0,,,0.0,178,5,1.9509622258526205,1.0,0.5002560539201045,2.2946947774997453,17,0.002853393554687632,0.0,9.836181938910158,21,4117,1
5,adaptive_t0_i100ms,101,50.5,0,True,True,True,False,8,4488,11,17,0.00013071603432763369,60363.429005713624,0.000928266133996658,40.0,0.5804606110538589,0,0,,,0.0,179,5,0.23652172711322225,1.0,0.5002463749501737,0.5802542787603469,57,0.00956726074218759,0.0,108.10838365971722,29,3197,9
5,adaptive_t0_i100ms,101,50.5,0,True,True,True,False,8,4488,11,17,0.00013071603432763369,60363.429005713624,0.000928266133996658,40.0,0.5804606110538589,0,0,,,0.0,208,6,1.8478726109027417,1.0,0.5002332338065324,2.191605162549866,236,0.03961181640625004,0.0,6.137025313080812,6,4390,13
5,adaptive_t0_i100ms,101,50.5,0,True,True,True,False,8,4488,11,17,0.00013071603432763369,60363.429005713624,0.000928266133996658,40.0,0.5804606110538589,0,0,,,0.0,209,6,0.24914971559362994,1.0,0.5000202443855701,0.5928822672407545,61,0.010238647460937632,0.0,154.60641835950082,14,4430,12
5,adaptive_t0_i100ms,101,50.5,0,True,True,True,False,8,4488,11,17,0.00013071603432763369,60363.429005713624,0.000928266133996658,40.0,0.5804606110538589,0,0,,,0.0,210,6,0.2411128076944628,1.0,0.5001737277747093,0.5848453593415874,158,0.02651977539062511,0.0,11.845429670473095,22,4406,13
5,adaptive_t0_i100ms,101,50.5,0,True,True,True,False,8,4488,11,17,0.00013071603432763369,60363.429005713624,0.000928266133996658,40.0,0.5804606110538589,0,0,,,0.0,211,6,0.22699154763246973,1.0,0.5002353105257732,0.5707240992795943,239,0.04011535644531264,0.0,6.746096357244824,30,4126,3
5,adaptive_t0_i100ms,101,50.5,0,True,True,True,False,8,4488,11,17,0.00013071603432763369,60363.429005713624,0.000928266133996658,40.0,0.5804606110538589,0,0,,,0.0,240,7,1.0271180914362517,1.0,0.5001634876745309,1.3708506430833762,183,0.030715942382812604,0.0,25.963768356348737,7,4199,10
5,adaptive_t0_i100ms,101,50.5,0,True,True,True,False,8,4488,11,17,0.00013071603432763369,60363.429005713624,0.000928266133996658,40.0,0.5804606110538589,0,0,,,0.0,241,7,0.24317322107018008,1.0,0.5000971572984634,0.5869057727173046,85,0.014266967773437625,0.0,113.82385441169754,15,4655,8
5,adaptive_t0_i100ms,101,50.5,0,True,True,True,False,8,4488,11,17,0.00013071603432763369,60363.429005713624,0.000928266133996658,40.0,0.5804606110538589,0,0,,,0.0,242,7,0.4639854388680429,1.0,0.5001140147052031,0.8077179905151675,65,0.010910034179687632,0.0,55.29377946467139,23,4503,11
5,adaptive_t0_i100ms,101,50.5,0,True,True,True,False,8,4488,11,17,0.00013071603432763369,60363.429005713624,0.000928266133996658,40.0,0.5804606110538589,0,0,,,0.0,243,7,1.5731582362727425,1.0,0.5002294911073972,1.9168907879198671,10,0.001678466796875111,0.0,5.921428462323092,31,4511,9
5,adaptive_t0_i100ms,102,51.0,0,True,True,True,False,5,3557,5,176,0.0001536042179213837,60863.429577918214,0.00035606154415290803,40.0,0.4218683869327652,0,0,,,0.0,16,0,0.3560921779174805,1.0,0.9856529925113322,0.6898690166542271,69,0.011581420898437597,0.0,16.43212875101017,0,4256,13
5,adaptive_t0_i100ms,102,51.0,0,True,True,True,False,5,3557,5,176,0.0001536042179213837,60863.429577918214,0.00035606154415290803,40.0,0.4218683869327652,0,0,,,0.0,19,0,1.4264854119140624,1.0,0.9856553742529808,1.760262250650809,122,0.020477294921875083,0.0,14.779496713097615,24,4024,11
5,adaptive_t0_i100ms,102,51.0,0,True,True,True,False,5,3557,5,176,0.0001536042179213837,60863.429577918214,0.00035606154415290803,40.0,0.4218683869327652,0,0,,,0.0,49,1,3.3705481281137586,1.0,0.9857230361178154,3.704324966850505,21,0.003524780273437625,0.0,14.893557798648544,9,4265,0
5,adaptive_t0_i100ms,102,51.0,0,True,True,True,False,5,3557,5,176,0.0001536042179213837,60863.429577918214,0.00035606154415290803,40.0,0.4218683869327652,0,0,,,0.0,50,1,0.3672234828643799,1.0,0.985741653352317,0.7010003216011265,206,0.03457641601562513,0.0,6.615707946410112,17,5137,3
5,adaptive_t0_i100ms,102,51.0,0,True,True,True,False,5,3557,5,176,0.0001536042179213837,60863.429577918214,0.00035606154415290803,40.0,0.4218683869327652,0,0,,,0.0,80,2,0.78195807421875,1.0,0.9856187837305803,0.9488464935871233,52,0.008728027343750111,0.0,26.239110304944916,2,5218,8
5,adaptive_t0_i100ms,102,51.0,0,True,True,True,False,5,3557,5,176,0.0001536042179213837,60863.429577918214,0.00035606154415290803,40.0,0.4218683869327652,0,0,,,0.0,81,2,1.5954571366816301,1.0,0.9857413623436125,1.7623455560500034,20,0.0033569335937501388,0.0,25.092750723568315,10,4394,3
5,adaptive_t0_i100ms,102,51.0,0,True,True,True,False,5,3557,5,176,0.0001536042179213837,60863.429577918214,0.00035606154415290803,40.0,0.4218683869327652,0,0,,,0.0,82,2,1.5789622952640274,1.0,0.9857282487032709,1.7458507146324007,91,0.015274047851562618,0.0,24.26938950206386,18,4050,15
5,adaptive_t0_i100ms,102,51.0,0,True,True,True,False,5,3557,5,176,0.0001536042179213837,60863.429577918214,0.00035606154415290803,40.0,0.4218683869327652,0,0,,,0.0,83,2,3.3051345706061905,1.0,0.985721010362169,3.4720229899745636,40,0.006713867187500125,0.0,1.7949394360475708,26,4858,9
5,adaptive_t0_i100ms,102,51.0,0,True,True,True,False,5,3557,5,176,0.0001536042179213837,60863.429577918214,0.00035606154415290803,40.0,0.4218683869327652,0,0,,,0.0,112,3,1.5297244766235347,1.0,0.985723007744158,1.8635013153602813,87,0.014602661132812618,0.0,7.4190245224308455,3,4227,4
5,adaptive_t0_i100ms,102,51.0,0,True,True,True,False,5,3557,5,176,0.0001536042179213837,60863.429577918214,0.00035606154415290803,40.0,0.4218683869327652,0,0,,,0.0,114,3,0.7164542556243897,1.0,0.9856695552720485,1.0502310943611364,13,0.002182006835937611,0.0,26.491401337822026,19,4019,5
5,adaptive_t0_i100ms,102,51.0,0,True,True,True,False,5,3557,5,176,0.0001536042179213837,60863.429577918214,0.00035606154415290803,40.0,0.4218683869327652,0,0,,,0.0,145,4,2.4360104900046284,1.0,0.9856929571506429,2.658528382495793,170,0.028533935546875097,0.0,10.09270408602606,12,4236,5
5,adaptive_t0_i100ms,102,51.0,0,True,True,True,False,5,3557,5,176,0.0001536042179213837,60863.429577918214,0.00035606154415290803,40.0,0.4218683869327652,0,0,,,0.0,146,4,1.4563024567749023,1.0,0.9856594472528302,1.6788203492660667,93,0.015609741210937653,0.0,19.841670272791816,20,4564,0
5,adaptive_t0_i100ms,102,51.0,0,True,True,True,False,5,3557,5,176,0.0001536042179213837,60863.429577918214,0.00035606154415290803,40.0,0.4218683869327652,0,0,,,0.0,147,4,1.6356489118403212,1.0,0.9857159829205571,1.8581668043314856,155,0.026016235351562597,0.0,7.461041863287392,28,4572,10
5,adaptive_t0_i100ms,102,51.0,0,True,True,True,True,5,3557,5,176,0.0001536042179213837,60863.429577918214,0.00035606154415290803,40.0,0.4218683869327652,0,0,,,0.0,176,5,1.6085129746951798,1.0,0.9857462502531713,1.7754013940635531,64,0.010742187500000111,0.0001536042179213837,27.518703589470533,5,3557,5
5,adaptive_t0_i100ms,102,51.0,0,True,True,True,False,5,3557,5,176,0.0001536042179213837,60863.429577918214,0.00035606154415290803,40.0,0.4218683869327652,0,0,,,0.0,177,5,1.5445996012573244,1.0,0.9856956390294281,1.7114880206256977,53,0.008895874023437625,0.0,16.098215204154258,13,3853,8
5,adaptive_t0_i100ms,102,51.0,0,True,True,True,False,5,3557,5,176,0.0001536042179213837,60863.429577918214,0.00035606154415290803,40.0,0.4218683869327652,0,0,,,0.0,178,5,0.7164542556243897,1.0,0.9856478121268172,0.883342674992763,23,0.003860473632812632,0.0,26.185178754327353,21,4117,14
5,adaptive_t0_i100ms,102,51.0,0,True,True,True,False,5,3557,5,176,0.0001536042179213837,60863.429577918214,0.00035606154415290803,40.0,0.4218683869327652,0,0,,,0.0,179,5,0.4002207559936524,1.0,0.9855768677536579,0.5671091753620257,176,0.02954101562500009,0.0,29.278586633059604,29,3197,14
5,adaptive_t0_i100ms,102,51.0,0,True,True,True,False,5,3557,5,176,0.0001536042179213837,60863.429577918214,0.00035606154415290803,40.0,0.4218683869327652,0,0,,,0.0,208,6,1.6109755313144425,1.0,0.9857019221903928,1.7778639506828158,291,0.04884338378906255,0.0,5.54934835217864,6,4454,7
5,adaptive_t0_i100ms,102,51.0,0,True,True,True,False,5,3557,5,176,0.0001536042179213837,60863.429577918214,0.00035606154415290803,40.0,0.4218683869327652,0,0,,,0.0,209,6,0.0,1.0,0.9848671517875811,0.1668884193683733,245,0.04103851318359389,0.0,60.32198444925598,14,4462,0
5,adaptive_t0_i100ms,102,51.0,0,True,True,True,False,5,3557,5,176,0.0001536042179213837,60863.429577918214,0.00035606154415290803,40.0,0.4218683869327652,0,0,,,0.0,210,6,0.68030518359375,1.0,0.985733155620083,0.8471936029621233,54,0.009063720703125111,0.0,5.093428347550798,22,4438,10
5,adaptive_t0_i100ms,102,51.0,0,True,True,True,False,5,3557,5,176,0.0001536042179213837,60863.429577918214,0.00035606154415290803,40.0,0.4218683869327652,0,0,,,0.0,211,6,0.3840946449462891,1.0,0.9855452318633506,0.5509830643146624,99,0.01661682128906264,0.0,48.70740914365888,30,4126,7
5,adaptive_t0_i100ms,102,51.0,0,True,True,True,False,5,3557,5,176,0.0001536042179213837,60863.429577918214,0.00035606154415290803,40.0,0.4218683869327652,0,0,,,0.0,240,7,3.854593926782948,1.0,0.9857369951798824,4.077111819274112,257,0.04313659667968761,0.0,1.3046840650422382,7,4263,3
5,adaptive_t0_i100ms,102,51.0,0,True,True,True,False,5,3557,5,176,0.0001536042179213837,60863.429577918214,0.00035606154415290803,40.0,0.4218683869327652,0,0,,,0.0,242,7,0.8082113660156253,1.0,0.9856467542614762,1.0307292585067898,95,0.015945434570312632,0.0,31.713011252504657,23,4535,4
5,adaptive_t0_i100ms,102,51.0,0,True,True,True,False,5,3557,5,176,0.0001536042179213837,60863.429577918214,0.00035606154415290803,40.0,0.4218683869327652,0,0,,,0.0,243,7,2.4956004715403948,1.0,0.9857147822855374,2.718118364031559,17,0.0028533935546876145,0.0,10.341381771439046,31,4607,13
5,adaptive_t0_i100ms,103,51.5,0,True,True,True,False,21,4149,6,178,8.79025663016364e-05,61363.42793537692,0.00199860283464659,40.0,0.08703248264442663,0,0,,,0.0,49,1,2.6592538955669953,1.0,0.05311609847795616,5.122566275271275,216,0.036254882812500125,0.0,1.459113808006805,9,4297,12
5,adaptive_t0_i100ms,103,51.5,0,True,True,True,False,21,4149,6,178,8.79025663016364e-05,61363.42793537692,0.00199860283464659,40.0,0.08703248264442663,0,0,,,0.0,51,1,5.100640672148539,1.0,0.05313364571094744,7.563953051852819,1,0.00016784667968759714,0.0,5.382567712280434,25,3705,0
5,adaptive_t0_i100ms,103,51.5,0,True,True,True,False,21,4149,6,178,8.79025663016364e-05,61363.42793537692,0.00199860283464659,40.0,0.08703248264442663,0,0,,,0.0,80,2,7.2371380490435575,1.0,0.05313339190791448,9.700450428747837,80,0.013427734375000118,0.0,2.1604146945028333,2,5314,0
5,adaptive_t0_i100ms,103,51.5,0,True,True,True,False,21,4149,6,178,8.79025663016364e-05,61363.42793537692,0.00199860283464659,40.0,0.08703248264442663,0,0,,,0.0,81,2,0.8328207046234133,1.0,0.053115393222598506,3.2961330843276935,4,0.0006713867187501388,0.0,17.953747213112365,10,4426,2
5,adaptive_t0_i100ms,103,51.5,0,True,True,True,False,21,4149,6,178,8.79025663016364e-05,61363.42793537692,0.00199860283464659,40.0,0.08703248264442663,0,0,,,0.0,114,3,4.137256145866067,1.0,0.05312158695787154,9.063880905274626,189,0.03172302246093761,0.0,0.9178875938450801,19,4051,10
5,adaptive_t0_i100ms,103,51.5,0,True,True,True,True,21,4149,6,178,8.79025663016364e-05,61363.42793537692,0.00199860283464659,40.0,0.08703248264442663,0,0,,,0.0,178,5,0.3263914951171874,1.0,0.05313774496852716,5.253016254525748,28,0.004699707031250132,8.79025663016364e-05,4.895456235470192,21,4149,6
5,adaptive_t0_i100ms,104,52.0,0,True,True,False,False,,,,,,,,,0.0,0,0,,,0.0,,,,,,,,,,,,,
5,adaptive_t0_i100ms,105,52.5,0,True,True,True,True,9,4329,14,49,6.800009636208418e-05,62363.427437815175,0.0024961645831353962,40.0,0.0836556465807371,0,0,,,0.0,49,1,0.8446842474243166,1.0,0.0023675123788070157,12.76049429846395,310,0.05203247070312513,6.800009636208418e-05,0.5766235641058302,9,4329,14
5,adaptive_t0_i100ms,105,52.5,0,True,True,True,False,9,4329,14,49,6.800009636208418e-05,62363.427437815175,0.0024961645831353962,40.0,0.0836556465807371,0,0,,,0.0,178,5,1.7030387091979986,1.0,0.002366350645749279,13.618848760237633,24,0.004028320312500132,0.0,2.2145381849841215,21,4213,3
5,adaptive_t0_i100ms,105,52.5,0,True,True,True,False,9,4329,14,49,6.800009636208418e-05,62363.427437815175,0.0024961645831353962,40.0,0.0836556465807371,0,0,,,0.0,209,6,1.7048468902587892,1.0,0.002362227944701898,13.620656941298423,164,0.027526855468750146,0.0,1.7394009320123587,14,4622,9
5,adaptive_t0_i100ms,106,53.0,0,True,True,True,False,22,4470,14,210,2.97197059262544e-05,62863.426480805414,0.00345317434403114,40.0,0.04836956345592625,0,0,,,0.0,82,2,0.3919774361572266,1.0,0.0007554303028937897,19.9941535978714,93,0.015609741210937625,0.0,0.3910844795682351,18,4338,15
5,adaptive_t0_i100ms,106,53.0,0,True,True,True,True,22,4470,14,210,2.97197059262544e-05,62863.426480805414,0.00345317434403114,40.0,0.04836956345592625,0,0,,,0.0,210,6,0.4036702404144286,1.0,0.0007635797660261552,20.0058464021286,195,0.03273010253906261,2.97197059262544e-05,0.6927632346050814,22,4470,14
5,adaptive_t0_i100ms,107,53.5,0,True,True,True,False,9,4489,10,49,3.026098071131855e-05,63363.426494337284,0.003439642474404536,40.0,0.07270787328539882,0,0,,,0.0,16,0,1.7425949485905963,1.0,0.015698139485848063,11.997408249065145,278,0.046661376953125104,0.0,0.2556737975392025,0,4480,14
5,adaptive_t0_i100ms,107,53.5,0,True,True,True,True,9,4489,10,49,3.026098071131855e-05,63363.426494337284,0.003439642474404536,40.0,0.07270787328539882,0,0,,,0.0,49,1,5.709076765024311,1.0,0.015701931616233556,15.963890065498859,44,0.007385253906250132,3.026098071131855e-05,1.2853267628743197,9,4489,10
5,adaptive_t0_i100ms,107,53.5,0,True,True,True,False,9,4489,10,49,3.026098071131855e-05,63363.426494337284,0.003439642474404536,40.0,0.07270787328539882,0,0,,,0.0,147,4,1.783888384961446,1.0,0.015694287644333272,12.038701685435996,111,0.01863098144531261,0.0,2.340128564304905,28,4796,14
5,adaptive_t0_i100ms,108,54.0,0,True,True,True,False,22,4662,3,210,2.9587734024971745e-05,63863.42647750612,0.003456473641563207,40.0,0.43785765169886876,0,0,,,0.0,16,0,1.9514462187608566,1.0,0.46849141538442485,3.9786834423086965,267,0.044815063476562604,0.0,4.26097454095725,0,4576,9
5,adaptive_t0_i100ms,108,54.0,0,True,True,True,False,22,4662,3,210,2.9587734024971745e-05,63863.42647750612,0.003456473641563207,40.0,0.43785765169886876,0,0,,,0.0,48,1,0.4528677049833644,1.0,0.4683320568971245,0.9596770108703243,33,0.0055389404296876735,0.0,58.41332525127655,1,4993,1
5,adaptive_t0_i100ms,108,54.0,0,True,True,True,False,22,4662,3,210,2.9587734024971745e-05,63863.42647750612,0.003456473641563207,40.0,0.43785765169886876,0,0,,,0.0,49,1,1.7040711646518514,1.0,0.46848539092071656,2.2108804705388114,11,0.0018463134765626318,0.0,4.214128202766005,9,4553,10
5,adaptive_t0_i100ms,108,54.0,0,True,True,True,False,22,4662,3,210,2.9587734024971745e-05,63863.42647750612,0.003456473641563207,40.0,0.43785765169886876,0,0,,,0.0,50,1,0.19491153655978588,1.0,0.46832703191746017,0.7017208424467458,1,0.00016784667968763878,0.0,25.4137587832156,17,5201,13
5,adaptive_t0_i100ms,108,54.0,0,True,True,True,False,22,4662,3,210,2.9587734024971745e-05,63863.42647750612,0.003456473641563207,40.0,0.43785765169886876,0,0,,,0.0,51,1,3.24532850993786,1.0,0.4684878691998985,3.75213781582482,89,0.014854431152343854,0.0,10.46211883003707,25,3897,12
5,adaptive_t0_i100ms,108,54.0,0,True,True,True,False,22,4662,3,210,2.9587734024971745e-05,63863.42647750612,0.003456473641563207,40.0,0.43785765169886876,0,0,,,0.0,80,2,3.453374879988995,1.0,0.4684666307818625,3.960184185875955,148,0.024841308593750118,0.0,0.6457015910564223,2,5474,0
5,adaptive_t0_i100ms,108,54.0,0,True,True,True,False,22,4662,3,210,2.9587734024971745e-05,63863.42647750612,0.003456473641563207,40.0,0.43785765169886876,0,0,,,0.0,81,2,0.967852334098622,1.0,0.46845284567640777,1.474661639985582,64,0.010742187500000146,0.0,36.10139385513321,10,4490,3
5,adaptive_t0_i100ms,108,54.0,0,True,True,True,False,22,4662,3,210,2.9587734024971745e-05,63863.42647750612,0.003456473641563207,40.0,0.43785765169886876,0,0,,,0.0,82,2,0.22111886517923526,1.0,0.468451012292281,0.7279281710661952,34,0.005706787109375132,0.0,94.78005806536385,18,4434,6
5,adaptive_t0_i100ms,108,54.0,0,True,True,True,False,22,4662,3,210,2.9587734024971745e-05,63863.42647750612,0.003456473641563207,40.0,0.43785765169886876,0,0,,,0.0,83,2,0.25556645268776657,1.0,0.46829541334472025,0.7623757585747265,143,0.024002075195312625,0.0,33.07386276421312,26,5146,2
5,adaptive_t0_i100ms,108,54.0,0,True,True,True,False,22,4662,3,210,2.9587734024971745e-05,63863.42647750612,0.003456473641563207,40.0,0.43785765169886876,0,0,,,0.0,112,3,0.43188282448757237,1.0,0.4684806370223883,0.9386921303745324,45,0.007553100585937618,0.0,12.609799885409302,3,4387,13
5,adaptive_t0_i100ms,108,54.0,0,True,True,True,False,22,4662,3,210,2.9587734024971745e-05,63863.42647750612,0.003456473641563207,40.0,0.43785765169886876,0,0,,,0.0,113,3,0.23126858358090507,1.0,0.46841297146424016,0.738077889467865,52,0.008728027343750097,0.0,93.80794732314098,11,4555,2
5,adaptive_t0_i100ms,108,54.0,0,True,True,True,False,22,4662,3,210,2.9587734024971745e-05,63863.42647750612,0.003456473641563207,40.0,0.43785765169886876,0,0,,,0.0,114,3,0.8871979729237369,1.0,0.46841776852943867,1.394007278810697,305,0.051193237304687625,0.0,1.7512935099512106,19,4275,8
5,adaptive_t0_i100ms,108,54.0,0,True,True,True,False,22,4662,3,210,2.9587734024971745e-05,63863.42647750612,0.003456473641563207,40.0,0.43785765169886876,0,0,,,0.0,115,3,0.22984537365276342,1.0,0.4684669504049803,0.7366546795397233,120,0.020141601562500076,0.0,56.19271079990722,27,3611,13
5,adaptive_t0_i100ms,108,54.0,0,True,True,True,False,22,4662,3,210,2.9587734024971745e-05,63863.42647750612,0.003456473641563207,40.0,0.43785765169886876,0,0,,,0.0,144,4,3.3057947569125425,1.0,0.4684986652234496,4.319413368686463,27,0.004531860351562611,0.0,3.7257575001058285,4,4260,13
5,adaptive_t0_i100ms,108,54.0,0,True,True,True,False,22,4662,3,210,2.9587734024971745e-05,63863.42647750612,0.003456473641563207,40.0,0.43785765169886876,0,0,,,0.0,147,4,0.5121096333432353,1.0,0.4684268937732696,1.5257282451171552,72,0.012084960937500111,0.0,26.229262750202906,28,4860,1
5,adaptive_t0_i100ms,108,54.0,0,True,True,True,False,22,4662,3,210,2.9587734024971745e-05,63863.42647750612,0.003456473641563207,40.0,0.43785765169886876,0,0,,,0.0,176,5,0.9336797069330623,1.0,0.468392421346327,1.4404890128200223,46,0.007720947265625111,0.0,30.292202570890367,5,3621,7
5,adaptive_t0_i100ms,108,54.0,0,True,True,True,False,22,4662,3,210,2.9587734024971745e-05,63863.42647750612,0.003456473641563207,40.0,0.43785765169886876,0,0,,,0.0,177,5,0.1689267734660554,1.0,0.4684528369219806,0.6757360793530154,23,0.003860473632812625,0.0,7.984919477268704,13,3949,10
5,adaptive_t0_i100ms,108,54.0,0,True,True,True,False,22,4662,3,210,2.9587734024971745e-05,63863.42647750612,0.003456473641563207,40.0,0.43785765169886876,0,0,,,0.0,178,5,0.22590966519980513,1.0,0.46845282960105966,0.7327189710867651,240,0.04028320312500014,0.0,11.371349799803284,21,4245,9
5,adaptive_t0_i100ms,108,54.0,0,True,True,True,False,22,4662,3,210,2.9587734024971745e-05,63863.42647750612,0.003456473641563207,40.0,0.43785765169886876,0,0,,,0.0,179,5,0.23848644885724712,1.0,0.4683964371827205,0.7452957547442071,111,0.01863098144531259,0.0,36.8233166278369,29,3293,9
5,adaptive_t0_i100ms,108,54.0,0,True,True,True,False,22,4662,3,210,2.9587734024971745e-05,63863.42647750612,0.003456473641563207,40.0,0.43785765169886876,0,0,,,0.0,208,6,0.8645565296927568,1.0,0.4684335134287576,1.3713658355797167,177,0.029708862304687562,0.0,9.273894096659205,6,4678,14
5,adaptive_t0_i100ms,108,54.0,0,True,True,True,False,22,4662,3,210,2.9587734024971745e-05,63863.42647750612,0.003456473641563207,40.0,0.43785765169886876,0,0,,,0.0,209,6,0.22642669736409612,1.0,0.4683328797405221,0.7332360032510561,18,0.0030212402343751527,0.0,45.58482202345476,14,4846,7
5,adaptive_t0_i100ms,108,54.0,0,True,True,True,True,22,4662,3,210,2.9587734024971745e-05,63863.42647750612,0.003456473641563207,40.0,0.43785765169886876,0,0,,,0.0,210,6,0.4556581332367896,1.0,0.46849990646533574,0.9624674391237495,320,0.053710937500000125,2.9587734024971745e-05,1.0781993338969187,22,4662,3
5,adaptive_t0_i100ms,108,54.0,0,True,True,True,False,22,4662,3,210,2.9587734024971745e-05,63863.42647750612,0.003456473641563207,40.0,0.43785765169886876,0,0,,,0.0,211,6,0.2359035631295513,1.0,0.4684089951829374,0.7427128690165112,210,0.03524780273437514,0.0,13.31869398249546,30,4190,15
5,adaptive_t0_i100ms,108,54.0,0,True,True,True,False,22,4662,3,210,2.9587734024971745e-05,63863.42647750612,0.003456473641563207,40.0,0.43785765169886876,0,0,,,0.0,240,7,2.0174727904119525,1.0,0.4684844686156824,3.031091402185872,47,0.007888793945312611,0.0,9.309784500415844,7,4391,1
5,adaptive_t0_i100ms,108,54.0,0,True,True,True,False,22,4662,3,210,2.9587734024971745e-05,63863.42647750612,0.003456473641563207,40.0,0.43785765169886876,0,0,,,0.0,243,7,0.3704450915768736,1.0,0.4684269256865766,1.3840637033507934,6,0.0010070800781251197,0.0,8.496389777377772,31,4767,4
5,adaptive_t0_i100ms,109,54.5,0,True,True,True,False,5,3653,3,176,9.123461786657565e-06,64363.42596589931,0.003968080447521061,40.0,0.7017760912352242,0,0,,,0.0,16,0,0.2584250616213972,1.0,0.3185117514731797,0.2656206184065806,180,0.030212402343750104,0.0,20.817203339182015,0,4608,5
5,adaptive_t0_i100ms,109,54.5,0,True,True,True,False,5,3653,3,176,9.123461786657565e-06,64363.42596589931,0.003968080447521061,40.0,0.7017760912352242,0,0,,,0.0,17,0,0.4727134129701533,1.0,0.3187932471513045,0.47990896975533665,17,0.0028533935546876457,0.0,70.60024896832329,8,4744,10
5,adaptive_t0_i100ms,109,54.5,0,True,True,True,False,5,3653,3,176,9.123461786657565e-06,64363.42596589931,0.003968080447521061,40.0,0.7017760912352242,0,0,,,0.0,18,0,0.22178206925620741,1.0,0.31871600899231195,0.22897762604139077,23,0.0038604736328125694,0.0,114.20698691305734,16,3984,3
5,adaptive_t0_i100ms,109,54.5,0,True,True,True,False,5,3653,3,176,9.123461786657565e-06,64363.42596589931,0.003968080447521061,40.0,0.7017760912352242,0,0,,,0.0,19,0,0.4479020630294775,1.0,0.3188658989419241,0.45509761981466085,158,0.026519775390625083,0.0,18.820097109412018,24,4344,6
5,adaptive_t0_i100ms,109,54.5,0,True,True,True,False,5,3653,3,176,9.123461786657565e-06,64363.42596589931,0.003968080447521061,40.0,0.7017760912352242,0,0,,,0.0,48,1,0.45862798191326193,1.0,0.31855765540535125,0.4658235386984453,128,0.021484375000000173,0.0,56.74576732257265,1,4993,9
5,adaptive_t0_i100ms,109,54.5,0,True,True,True,False,5,3653,3,176,9.123461786657565e-06,64363.42596589931,0.003968080447521061,40.0,0.7017760912352242,0,0,,,0.0,49,1,0.22656247691823653,1.0,0.3183135580025621,0.23375803370341988,77,0.012924194335937632,0.0,42.545813055498,9,4585,8
5,adaptive_t0_i100ms,109,54.5,0,True,True,True,False,5,3653,3,176,9.123461786657565e-06,64363.42596589931,0.003968080447521061,40.0,0.7017760912352242,0,0,,,0.0,50,1,0.46022691623438416,1.0,0.3186791088878463,0.4674224730195675,108,0.01812744140625014,0.0,29.41250726605358,17,5233,8
5,adaptive_t0_i100ms,109,54.5,0,True,True,True,False,5,3653,3,176,9.123461786657565e-06,64363.42596589931,0.003968080447521061,40.0,0.7017760912352242,0,0,,,0.0,51,1,0.45471890945524196,1.0,0.3188062203596308,0.4619144662404253,244,0.040954589843750104,0.0,24.15431769065617,25,3929,7
5,adaptive_t0_i100ms,109,54.5,0,True,True,True,False,5,3653,3,176,9.123461786657565e-06,64363.42596589931,0.003968080447521061,40.0,0.7017760912352242,0,0,,,0.0,80,2,0.20140169121667575,1.0,0.3186034497954042,0.2085972480018591,165,0.027694702148437618,0.0,0.1327827228451497,2,5474,7
5,adaptive_t0_i100ms,109,54.5,0,True,True,True,False,5,3653,3,176,9.123461786657565e-06,64363.42596589931,0.003968080447521061,40.0,0.7017760912352242,0,0,,,0.0,81,2,0.980162987762611,1.0,0.31875797923745064,0.9873585445477944,22,0.0036926269531251457,0.0,53.23704379228002,10,4522,0
5,adaptive_t0_i100ms,109,54.5,0,True,True,True,False,5,3653,3,176,9.123461786657565e-06,64363.42596589931,0.003968080447521061,40.0,0.7017760912352242,0,0,,,0.0,82,2,0.22393139935608466,1.0,0.31864658613522223,0.23112695614126802,229,0.03843688964843763,0.0,51.00863424035197,18,4434,10
5,adaptive_t0_i100ms,109,54.5,0,True,True,True,False,5,3653,3,176,9.123461786657565e-06,64363.42596589931,0.003968080447521061,40.0,0.7017760912352242,0,0,,,0.0,83,2,0.2588171449435262,1.0,0.31827972509391916,0.26601270172870956,246,0.041290283203125125,0.0,14.35139994511701,26,5146,7
5,adaptive_t0_i100ms,109,54.5,0,True,True,True,False,5,3653,3,176,9.123461786657565e-06,64363.42596589931,0.003968080447521061,40.0,0.7017760912352242,0,0,,,0.0,112,3,1.947119259738168,1.0,0.3188368900209467,1.9543148165233513,293,0.04917907714843762,0.0,3.055901552645082,3,4515,13
5,adaptive_t0_i100ms,109,54.5,0,True,True,True,False,5,3653,3,176,9.123461786657565e-06,64363.42596589931,0.003968080447521061,40.0,0.7017760912352242,0,0,,,0.0,113,3,0.2342102176871836,1.0,0.3182368153177183,0.24140577447236694,246,0.0412902832031251,0.0,50.03662349812657,11,4555,6
5,adaptive_t0_i100ms,109,54.5,0,True,True,True,False,5,3653,3,176,9.123461786657565e-06,64363.42596589931,0.003968080447521061,40.0,0.7017760912352242,0,0,,,0.0,114,3,0.9558384792270929,1.0,0.31878575961308264,0.9630340360122762,71,0.011917114257812625,0.0,22.67614007912198,19,4339,5
5,adaptive_t0_i100ms,109,54.5,0,True,True,True,False,5,3653,3,176,9.123461786657565e-06,64363.42596589931,0.003968080447521061,40.0,0.7017760912352242,0,0,,,0.0,115,3,7.225940500624651,1.0,0.31888332261983077,7.233136057409834,19,0.0031890869140625763,0.0,4.60421434762975,27,3643,11
5,adaptive_t0_i100ms,109,54.5,0,True,True,True,False,5,3653,3,176,9.123461786657565e-06,64363.42596589931,0.003968080447521061,40.0,0.7017760912352242,0,0,,,0.0,144,4,3.697749423817374,1.0,0.3188637996614919,3.7049449806025576,213,0.03575134277343761,0.0,5.428197574176011,4,4356,5
5,adaptive_t0_i100ms,109,54.5,0,True,True,True,False,5,3653,3,176,9.123461786657565e-06,64363.42596589931,0.003968080447521061,40.0,0.7017760912352242,0,0,,,0.0,145,4,0.21932302789622085,1.0,0.3185763239749822,0.2265185846814042,87,0.014602661132812608,0.0,16.06043072722241,12,4396,14
5,adaptive_t0_i100ms,109,54.5,0,True,True,True,False,5,3653,3,176,9.123461786657565e-06,64363.42596589931,0.003968080447521061,40.0,0.7017760912352242,0,0,,,0.0,146,4,3.496597060159087,1.0,0.3188654442478108,3.5037926169442706,229,0.03843688964843766,0.0,3.2450137356790947,20,4820,0
5,adaptive_t0_i100ms,109,54.5,0,True,True,True,False,5,3653,3,176,9.123461786657565e-06,64363.42596589931,0.003968080447521061,40.0,0.7017760912352242,0,0,,,0.0,147,4,0.5186234414025528,1.0,0.31869392891929443,0.5258189981877361,46,0.007720947265625111,0.0,60.404575907268736,28,4860,11
5,adaptive_t0_i100ms,109,54.5,0,True,True,True,True,5,3653,3,176,9.123461786657565e-06,64363.42596589931,0.003968080447521061,40.0,0.7017760912352242,0,0,,,0.0,176,5,0.2317332712191872,1.0,0.3188927587631146,0.23892882800437054,158,0.02651977539062511,9.123461786657565e-06,22.020876250920992,5,3653,3
5,adaptive_t0_i100ms,109,54.5,0,True,True,True,False,5,3653,3,176,9.123461786657565e-06,64363.42596589931,0.003968080447521061,40.0,0.7017760912352242,0,0,,,0.0,177,5,3.775015829688185,1.0,0.31886232694731875,3.782211386473368,318,0.053375244140625125,0.0,0.39144317840691656,13,4013,14
5,adaptive_t0_i100ms,109,54.5,0,True,True,True,False,5,3653,3,176,9.123461786657565e-06,64363.42596589931,0.003968080447521061,40.0,0.7017760912352242,0,0,,,0.0,178,5,0.22878313623421923,1.0,0.3183050138896711,0.23597869301940258,272,0.04565429687500014,0.0,10.4691542239525,21,4245,13
5,adaptive_t0_i100ms,109,54.5,0,True,True,True,False,5,3653,3,176,9.123461786657565e-06,64363.42596589931,0.003968080447521061,40.0,0.7017760912352242,0,0,,,0.0,179,5,0.24151989101779164,1.0,0.3184925351714197,0.248715447802975,97,0.01628112792968759,0.0,78.84762941265944,29,3293,13
5,adaptive_t0_i100ms,109,54.5,0,True,True,True,False,5,3653,3,176,9.123461786657565e-06,64363.42596589931,0.003968080447521061,40.0,0.7017760912352242,0,0,,,0.0,209,6,0.22930674481898625,1.0,0.318613684722302,0.23890082053256406,111,0.018630981445312653,0.0,51.95025343508314,14,4846,13
5,adaptive_t0_i100ms,109,54.5,0,True,True,True,False,5,3653,3,176,9.123461786657565e-06,64363.42596589931,0.003968080447521061,40.0,0.7017760912352242,0,0,,,0.0,210,6,0.4614539031800238,1.0,0.3186567729876898,0.47104797889360156,63,0.010574340820312625,0.0,76.50647229020251,22,4662,9
5,adaptive_t0_i100ms,109,54.5,0,True,True,True,False,5,3653,3,176,9.123461786657565e-06,64363.42596589931,0.003968080447521061,40.0,0.7017760912352242,0,0,,,0.0,211,6,7.538149220795035,1.0,0.3188710736088665,7.547743296508613,194,0.03256225585937514,0.0,2.8204663733704365,30,4286,7
5,adaptive_t0_i100ms,109,54.5,0,True,True,True,False,5,3653,3,176,9.123461786657565e-06,64363.42596589931,0.003968080447521061,40.0,0.7017760912352242,0,0,,,0.0,240,7,0.4674936570170324,1.0,0.31856722178909813,0.47468921380221574,35,0.005874633789062611,0.0,55.964861614505935,7,4391,12
5,adaptive_t0_i100ms,109,54.5,0,True,True,True,False,5,3653,3,176,9.123461786657565e-06,64363.42596589931,0.003968080447521061,40.0,0.7017760912352242,0,0,,,0.0,241,7,3.229143158908318,1.0,0.31884677492253116,3.2363387156935017,65,0.010910034179687625,0.0,5.011688540682371,15,4911,2
5,adaptive_t0_i100ms,109,54.5,0,True,True,True,False,5,3653,3,176,9.123461786657565e-06,64363.42596589931,0.003968080447521061,40.0,0.7017760912352242,0,0,,,0.0,242,7,0.2563424114051651,1.0,0.318322260595676,0.26353796819034847,39,0.006546020507812639,0.0,97.72198682932503,23,4631,4
5,adaptive_t0_i100ms,109,54.5,0,True,True,True,False,5,3653,3,176,9.123461786657565e-06,64363.42596589931,0.003968080447521061,40.0,0.7017760912352242,0,0,,,0.0,243,7,0.15012743336059817,1.0,0.31886569730394493,0.15732299014578152,28,0.004699707031250125,0.0,14.251686586496362,31,4831,8
5,adaptive_t0_i100ms,110,55.0,0,True,True,True,False,10,4586,3,81,0.00011593498522415759,64863.4286361874,0.0012977923615835607,40.0,0.24013668693834916,0,0,,,0.0,17,0,2.1731467146840218,1.0,0.8005697215696336,3.0998904443415882,50,0.008392333984375146,0.0,10.837044377032726,8,4776,9
5,adaptive_t0_i100ms,110,55.0,0,True,True,True,False,10,4586,3,81,0.00011593498522415759,64863.4286361874,0.0012977923615835607,40.0,0.24013668693834916,0,0,,,0.0,18,0,0.37289817436523437,1.0,0.800528942470681,1.2996419040228007,38,0.006378173828125069,0.0,46.15107182289648,16,3984,7
5,adaptive_t0_i100ms,110,55.0,0,True,True,True,False,10,4586,3,81,0.00011593498522415759,64863.4286361874,0.0012977923615835607,40.0,0.24013668693834916,0,0,,,0.0,19,0,0.7530900138061523,1.0,0.8005917916105216,1.6798337434637185,168,0.028198242187500083,0.0,1.448257380958239,24,4376,0
5,adaptive_t0_i100ms,110,55.0,0,True,True,True,False,10,4586,3,81,0.00011593498522415759,64863.4286361874,0.0012977923615835607,40.0,0.24013668693834916,0,0,,,0.0,48,1,0.0,1.0,0.8005744969799019,1.3901155944863495,86,0.014434814453125173,0.0,51.18326560102287,1,5025,0
5,adaptive_t0_i100ms,110,55.0,0,True,True,True,False,10,4586,3,81,0.00011593498522415759,64863.4286361874,0.0012977923615835607,40.0,0.24013668693834916,0,0,,,0.0,49,1,0.0,1.0,0.8005502905942676,1.3901155944863495,282,0.04733276367187514,0.0,12.047422761483176,9,4617,0
5,adaptive_t0_i100ms,110,55.0,0,True,True,True,True,10,4586,3,81,0.00011593498522415759,64863.4286361874,0.0012977923615835607,40.0,0.24013668693834916,0,0,,,0.0,81,2,3.2407683800412,1.0,0.8005952392743219,6.020999569013899,185,0.031051635742187653,0.00011593498522415759,1.9950818509387318,10,4586,3
5,adaptive_t0_i100ms,110,55.0,0,True,True,True,False,10,4586,3,81,0.00011593498522415759,64863.4286361874,0.0012977923615835607,40.0,0.24013668693834916,0,0,,,0.0,114,3,0.8462792926757814,1.0,0.8005660468561497,2.236394887162131,14,0.002349853515625132,0.0,24.149603709716757,19,4403,3
5,adaptive_t0_i100ms,110,55.0,0,True,True,True,False,10,4586,3,81,0.00011593498522415759,64863.4286361874,0.0012977923615835607,40.0,0.24013668693834916,0,0,,,0.0,115,3,0.38554995360717764,1.0,0.8005109032168968,1.775665548093527,52,0.008728027343750076,0.0,17.53752131840156,27,3707,6
5,adaptive_t0_i100ms,110,55.0,0,True,True,True,False,10,4586,3,81,0.00011593498522415759,64863.4286361874,0.0012977923615835607,40.0,0.24013668693834916,0,0,,,0.0,144,4,7.156870239248965,1.0,0.8005837215327016,7.85192803649214,18,0.003021240234375118,0.0,6.769512566817866,4,4452,6
5,adaptive_t0_i100ms,110,55.0,0,True,True,True,False,10,4586,3,81,0.00011593498522415759,64863.4286361874,0.0012977923615835607,40.0,0.24013668693834916,0,0,,,0.0,145,4,0.32296732415771484,1.0,0.800576885343325,1.0180251214008895,108,0.018127441406250108,0.0,1.4153118141912273,12,4460,6
5,adaptive_t0_i100ms,110,55.0,0,True,True,True,False,10,4586,3,81,0.00011593498522415759,64863.4286361874,0.0012977923615835607,40.0,0.24013668693834916,0,0,,,0.0,146,4,2.2845215076323857,1.0,0.8005661370356374,2.9795793048755606,85,0.01426696777343766,0.0,13.891138615756063,20,4852,15
5,adaptive_t0_i100ms,110,55.0,0,True,True,True,False,10,4586,3,81,0.00011593498522415759,64863.4286361874,0.0012977923615835607,40.0,0.24013668693834916,0,0,,,0.0,147,4,2.191852995905579,1.0,0.8005467635609148,2.8869107931487537,17,0.002853393554687611,0.0,18.417775970039656,28,4892,7
5,adaptive_t0_i100ms,110,55.0,0,True,True,True,False,10,4586,3,81,0.00011593498522415759,64863.4286361874,0.0012977923615835607,40.0,0.24013668693834916,0,0,,,0.0,210,6,0.0,1.0,0.8005508543962083,1.3901155944863495,83,0.013931274414062625,0.0,19.678403142599564,22,4694,0
5,adaptive_t0_i100ms,110,55.0,0,True,True,True,False,10,4586,3,81,0.00011593498522415759,64863.4286361874,0.0012977923615835607,40.0,0.24013668693834916,0,0,,,0.0,211,6,0.3794301130737304,1.0,0.8005521086745048,1.7695457075600798,64,0.010742187500000139,0.0,19.600561419370933,30,4414,2
5,adaptive_t0_i100ms,110,55.0,0,True,True,True,False,10,4586,3,81,0.00011593498522415759,64863.4286361874,0.0012977923615835607,40.0,0.24013668693834916,0,0,,,0.0,242,7,0.4310069679931642,1.0,0.800556882388934,3.2112381569658632,180,0.03021240234375014,0.0,10.285226229942054,23,4631,9
5,adaptive_t0_i100ms,111,55.5,0,True,True,True,False,9,4617,9,49,5.489982897415759e-05,65363.42711030849,0.0028236712678335607,40.0,0.4952865282469429,0,0,,,0.0,16,0,0.23719505498239238,1.0,1.2828702039684123,0.49679338575663845,20,0.003273010253906354,0.0,50.97074203243392,0,4640,0
5,adaptive_t0_i100ms,111,55.5,0,True,True,True,False,9,4617,9,49,5.489982897415759e-05,65363.42711030849,0.0028236712678335607,40.0,0.4952865282469429,0,0,,,0.0,18,0,0.20356233943132085,1.0,1.2828500020031388,0.4631606702055669,68,0.01141357421875007,0.0,106.54254003360256,16,3984,10
5,adaptive_t0_i100ms,111,55.5,0,True,True,True,False,9,4617,9,49,5.489982897415759e-05,65363.42711030849,0.0028236712678335607,40.0,0.4952865282469429,0,0,,,0.0,19,0,6.8795949784642545,1.0,1.2830499359106915,7.1391933092385,158,0.02651977539062509,0.0,3.0907576598692685,24,4472,4
5,adaptive_t0_i100ms,111,55.5,0,True,True,True,False,9,4617,9,49,5.489982897415759e-05,65363.42711030849,0.0028236712678335607,40.0,0.4952865282469429,0,0,,,0.0,48,1,0.861819672896534,1.0,1.28290010761993,1.0565184209772185,122,0.02047729492187518,0.0,18.92981854586833,1,5089,8
5,adaptive_t0_i100ms,111,55.5,0,True,True,True,True,9,4617,9,49,5.489982897415759e-05,65363.42711030849,0.0028236712678335607,40.0,0.4952865282469429,0,0,,,0.0,49,1,0.9280780595423044,1.0,1.2830527015493542,1.122776807622989,99,0.01661682128906264,5.489982897415759e-05,39.78760333763785,9,4617,9
5,adaptive_t0_i100ms,111,55.5,0,True,True,True,False,9,4617,9,49,5.489982897415759e-05,65363.42711030849,0.0028236712678335607,40.0,0.4952865282469429,0,0,,,0.0,50,1,0.43740677063515776,1.0,1.2830196632661792,0.6321055187158423,40,0.006713867187500146,0.0,63.70478202344384,17,5265,10
5,adaptive_t0_i100ms,111,55.5,0,True,True,True,False,9,4617,9,49,5.489982897415759e-05,65363.42711030849,0.0028236712678335607,40.0,0.4952865282469429,0,0,,,0.0,51,1,3.5226496322143763,1.0,1.2830463183938703,3.7173483802950607,122,0.020477294921875104,0.0,8.128954044761485,25,3993,3
5,adaptive_t0_i100ms,111,55.5,0,True,True,True,False,9,4617,9,49,5.489982897415759e-05,65363.42711030849,0.0028236712678335607,40.0,0.4952865282469429,0,0,,,0.0,80,2,2.9747295667335347,1.0,1.2830110021701584,3.169428314814219,145,0.024337768554687625,0.0,6.971134952320426,2,5538,1
5,adaptive_t0_i100ms,111,55.5,0,True,True,True,False,9,4617,9,49,5.489982897415759e-05,65363.42711030849,0.0028236712678335607,40.0,0.4952865282469429,0,0,,,0.0,81,2,1.6785865835159404,1.0,1.2830184813391732,1.873285331596625,14,0.0023498535156251527,0.0,8.512747402921377,10,4650,8
5,adaptive_t0_i100ms,111,55.5,0,True,True,True,False,9,4617,9,49,5.489982897415759e-05,65363.42711030849,0.0028236712678335607,40.0,0.4952865282469429,0,0,,,0.0,82,2,1.8081121687306436,1.0,1.2830313984901722,2.0028109168113284,90,0.015106201171875132,0.0,6.895426943876373,18,4466,4
5,adaptive_t0_i100ms,111,55.5,0,True,True,True,False,9,4617,9,49,5.489982897415759e-05,65363.42711030849,0.0028236712678335607,40.0,0.4952865282469429,0,0,,,0.0,83,2,0.2375549280711964,1.0,1.2828450764541668,0.43225367615188093,120,0.020141601562500125,0.0,8.155903871804185,26,5178,0
5,adaptive_t0_i100ms,111,55.5,0,True,True,True,False,9,4617,9,49,5.489982897415759e-05,65363.42711030849,0.0028236712678335607,40.0,0.4952865282469429,0,0,,,0.0,112,3,0.8708381157578049,1.0,1.282897659982923,1.0655368638384894,85,0.014266967773437618,0.0,5.042544130694296,3,4579,4
5,adaptive_t0_i100ms,111,55.5,0,True,True,True,False,9,4617,9,49,5.489982897415759e-05,65363.42711030849,0.0028236712678335607,40.0,0.4952865282469429,0,0,,,0.0,113,3,0.21496949681737001,1.0,1.282763979001192,0.40966824489805453,192,0.0322265625000001,0.0,63.02275560260023,11,4555,13
5,adaptive_t0_i100ms,111,55.5,0,True,True,True,False,9,4617,9,49,5.489982897415759e-05,65363.42711030849,0.0028236712678335607,40.0,0.4952865282469429,0,0,,,0.0,114,3,0.46197757047916116,1.0,1.282857759111592,0.6566763185598457,64,0.010742187500000132,0.0,65.52760699930514,19,4403,10
5,adaptive_t0_i100ms,111,55.5,0,True,True,True,False,9,4617,9,49,5.489982897415759e-05,65363.42711030849,0.0028236712678335607,40.0,0.4952865282469429,0,0,,,0.0,115,3,0.21046885160409462,1.0,1.283025581040555,0.40516759968477917,18,0.0030212402343750763,0.0,80.80330641804176,27,3707,11
5,adaptive_t0_i100ms,111,55.5,0,True,True,True,False,9,4617,9,49,5.489982897415759e-05,65363.42711030849,0.0028236712678335607,40.0,0.4952865282469429,0,0,,,0.0,144,4,0.7720155530692309,1.0,1.2829154728394188,0.9667143011499154,28,0.004699707031250121,0.0,16.20072149969201,4,4516,13
5,adaptive_t0_i100ms,111,55.5,0,True,True,True,False,9,4617,9,49,5.489982897415759e-05,65363.42711030849,0.0028236712678335607,40.0,0.4952865282469429,0,0,,,0.0,145,4,0.1763054597339631,1.0,1.2828856434514506,0.37100420781464766,2,0.00033569335937510755,0.0,62.29337351641152,12,4460,13
5,adaptive_t0_i100ms,111,55.5,0,True,True,True,False,9,4617,9,49,5.489982897415759e-05,65363.42711030849,0.0028236712678335607,40.0,0.4952865282469429,0,0,,,0.0,146,4,0.7961239196997616,1.0,1.282889807598047,0.9908226677804461,11,0.0018463134765626596,0.0,33.61547235533362,20,4884,15
5,adaptive_t0_i100ms,111,55.5,0,True,True,True,False,9,4617,9,49,5.489982897415759e-05,65363.42711030849,0.0028236712678335607,40.0,0.4952865282469429,0,0,,,0.0,147,4,0.3620892005222333,1.0,1.2830274708727962,0.5567879486029179,67,0.011245727539062611,0.0,3.0361878071489627,28,4956,5
5,adaptive_t0_i100ms,111,55.5,0,True,True,True,False,9,4617,9,49,5.489982897415759e-05,65363.42711030849,0.0028236712678335607,40.0,0.4952865282469429,0,0,,,0.0,176,5,0.21269603521895275,1.0,1.282746184566972,0.4073947832996373,78,0.013092041015625111,0.0,54.35046795980452,5,3653,14
5,adaptive_t0_i100ms,111,55.5,0,True,True,True,False,9,4617,9,49,5.489982897415759e-05,65363.42711030849,0.0028236712678335607,40.0,0.4952865282469429,0,0,,,0.0,177,5,0.7220082923046088,1.0,1.2828907383585273,0.9167070403852934,72,0.012084960937500139,0.0,45.58362145252613,13,4205,1
5,adaptive_t0_i100ms,111,55.5,0,True,True,True,False,9,4617,9,49,5.489982897415759e-05,65363.42711030849,0.0028236712678335607,40.0,0.4952865282469429,0,0,,,0.0,178,5,1.6969991304287606,1.0,1.2829938731232235,1.8916978785094452,131,0.02198791503906264,0.0,3.027383974469558,21,4341,13
5,adaptive_t0_i100ms,111,55.5,0,True,True,True,False,9,4617,9,49,5.489982897415759e-05,65363.42711030849,0.0028236712678335607,40.0,0.4952865282469429,0,0,,,0.0,179,5,0.42329687480821726,1.0,1.2829572916803993,0.6179956228889019,47,0.007888793945312597,0.0,59.85360455749469,29,3325,10
5,adaptive_t0_i100ms,111,55.5,0,True,True,True,False,9,4617,9,49,5.489982897415759e-05,65363.42711030849,0.0028236712678335607,40.0,0.4952865282469429,0,0,,,0.0,208,6,0.21134179189366434,1.0,1.2826907910546514,0.40604053997434886,78,0.013092041015625062,0.0,120.45183361272939,6,4710,10
5,adaptive_t0_i100ms,111,55.5,0,True,True,True,False,9,4617,9,49,5.489982897415759e-05,65363.42711030849,0.0028236712678335607,40.0,0.4952865282469429,0,0,,,0.0,209,6,0.9177373569290196,1.0,1.2829809794860472,1.1124361050097042,8,0.0013427734375001596,0.0,56.86697616550373,14,4910,14
5,adaptive_t0_i100ms,111,55.5,0,True,True,True,False,9,4617,9,49,5.489982897415759e-05,65363.42711030849,0.0028236712678335607,40.0,0.4952865282469429,0,0,,,0.0,210,6,1.7871604904461384,1.0,1.2829876277746368,1.981859238526823,256,0.042968750000000125,0.0,6.174990054088994,22,4726,2
5,adaptive_t0_i100ms,111,55.5,0,True,True,True,False,9,4617,9,49,5.489982897415759e-05,65363.42711030849,0.0028236712678335607,40.0,0.4952865282469429,0,0,,,0.0,211,6,0.2071280761818074,1.0,1.2826856980100385,0.40182682426249194,21,0.0035247802734376388,0.0,81.17007294631912,30,4414,7
5,adaptive_t0_i100ms,111,55.5,0,True,True,True,False,9,4617,9,49,5.489982897415759e-05,65363.42711030849,0.0028236712678335607,40.0,0.4952865282469429,0,0,,,0.0,240,7,0.2087486410728832,1.0,1.2827664733695803,0.40344738915356776,248,0.04162597656250011,0.0,32.39414977264096,7,4519,2
5,adaptive_t0_i100ms,111,55.5,0,True,True,True,False,9,4617,9,49,5.489982897415759e-05,65363.42711030849,0.0028236712678335607,40.0,0.4952865282469429,0,0,,,0.0,241,7,0.2266882217479432,1.0,1.2827580067566113,0.4213869698286278,170,0.028533935546875125,0.0,2.7444561176453135,15,4943,13
5,adaptive_t0_i100ms,111,55.5,0,True,True,True,False,9,4617,9,49,5.489982897415759e-05,65363.42711030849,0.0028236712678335607,40.0,0.4952865282469429,0,0,,,0.0,242,7,0.23528349760692394,1.0,1.2829796154112367,0.42998224568760846,265,0.04447937011718764,0.0,8.612286073977884,23,4631,13
5,adaptive_t0_i100ms,111,55.5,0,True,True,True,False,9,4617,9,49,5.489982897415759e-05,65363.42711030849,0.0028236712678335607,40.0,0.4952865282469429,0,0,,,0.0,243,7,3.2864737298779003,1.0,1.283011818373504,3.4811724779585846,112,0.018798828125000125,0.0,0.2704137593100313,31,4927,5
5,adaptive_t0_i100ms,112,56.0,0,True,True,True,False,19,4435,5,114,0.00016171135241165757,65863.42978059658,0.0001533831818960607,40.0,0.7553039232664742,0,0,,,0.0,16,0,0.45245549317448785,1.0,1.7607904765910984,0.45245549317448785,92,0.015441894531250104,0.0,35.4021036978811,0,4672,7
5,adaptive_t0_i100ms,112,56.0,0,True,True,True,False,19,4435,5,114,0.00016171135241165757,65863.42978059658,0.0001533831818960607,40.0,0.7553039232664742,0,0,,,0.0,17,0,1.5693864504762458,1.0,1.7609864412957548,1.5693864504762458,107,0.017959594726562646,0.0,4.625845642760396,8,4936,11
5,adaptive_t0_i100ms,112,56.0,0,True,True,True,False,19,4435,5,114,0.00016171135241165757,65863.42978059658,0.0001533831818960607,40.0,0.7553039232664742,0,0,,,0.0,18,0,0.2622506037882575,1.0,1.7607000988904606,0.2622506037882575,240,0.04028320312500007,0.0,35.617840250284644,16,3984,14
5,adaptive_t0_i100ms,112,56.0,0,True,True,True,False,19,4435,5,114,0.00016171135241165757,65863.42978059658,0.0001533831818960607,40.0,0.7553039232664742,0,0,,,0.0,19,0,0.8976439405612069,1.0,1.7608678009288008,0.8976439405612069,146,0.024505615234375097,0.0,20.79244256473612,24,4536,1
5,adaptive_t0_i100ms,112,56.0,0,True,True,True,False,19,4435,5,114,0.00016171135241165757,65863.42978059658,0.0001533831818960607,40.0,0.7553039232664742,0,0,,,0.0,48,1,4.736031208852955,1.0,1.7610088099441927,4.736031208852955,198,0.033233642578125194,0.0,0.09898476058151573,1,5185,2
5,adaptive_t0_i100ms,112,56.0,0,True,True,True,False,19,4435,5,114,0.00016171135241165757,65863.42978059658,0.0001533831818960607,40.0,0.7553039232664742,0,0,,,0.0,49,1,3.2337806254884534,1.0,1.7609958557187684,3.2337806254884534,303,0.05085754394531264,0.0,0.9871803601272404,9,4649,11
5,adaptive_t0_i100ms,112,56.0,0,True,True,True,False,19,4435,5,114,0.00016171135241165757,65863.42978059658,0.0001533831818960607,40.0,0.7553039232664742,0,0,,,0.0,50,1,1.6380789068282966,1.0,1.7610146388742893,1.6380789068282966,89,0.014938354492187646,0.0,4.36937945621321,17,5297,10
5,adaptive_t0_i100ms,112,56.0,0,True,True,True,False,19,4435,5,114,0.00016171135241165757,65863.42978059658,0.0001533831818960607,40.0,0.7553039232664742,0,0,,,0.0,51,1,0.9302383698602791,1.0,1.7608937593959093,0.9302383698602791,246,0.04129028320312511,0.0,15.554537658055779,25,4089,5
5,adaptive_t0_i100ms,112,56.0,0,True,True,True,False,19,4435,5,114,0.00016171135241165757,65863.42978059658,0.0001533831818960607,40.0,0.7553039232664742,0,0,,,0.0,80,2,0.24524030515019593,1.0,1.760752252783567,0.24524030515019593,80,0.013427734375000125,0.0,31.45026331684494,2,5634,2
5,adaptive_t0_i100ms,112,56.0,0,True,True,True,False,19,4435,5,114,0.00016171135241165757,65863.42978059658,0.0001533831818960607,40.0,0.7553039232664742,0,0,,,0.0,81,2,0.9209288890853766,1.0,1.7610272696549065,0.9209288890853766,150,0.025177001953125153,0.0,31.059836362139322,10,4714,0
5,adaptive_t0_i100ms,112,56.0,0,True,True,True,False,19,4435,5,114,0.00016171135241165757,65863.42978059658,0.0001533831818960607,40.0,0.7553039232664742,0,0,,,0.0,82,2,0.4721127910956305,1.0,1.7608672847519553,0.4721127910956305,202,0.03390502929687513,0.0,25.36058758519357,18,4498,5
5,adaptive_t0_i100ms,112,56.0,0,True,True,True,False,19,4435,5,114,0.00016171135241165757,65863.42978059658,0.0001533831818960607,40.0,0.7553039232664742,0,0,,,0.0,83,2,0.48934773009550847,1.0,1.760776636318058,0.48934773009550847,88,0.014770507812500125,0.0,15.694530334905721,26,5178,12
5,adaptive_t0_i100ms,112,56.0,0,True,True,True,False,19,4435,5,114,0.00016171135241165757,65863.42978059658,0.0001533831818960607,40.0,0.7553039232664742,0,0,,,0.0,112,3,1.4744374229805182,1.0,1.7610077720213686,1.4744374229805182,148,0.024841308593750118,0.0,6.335077942232601,3,4611,15
5,adaptive_t0_i100ms,112,56.0,0,True,True,True,False,19,4435,5,114,0.00016171135241165757,65863.42978059658,0.0001533831818960607,40.0,0.7553039232664742,0,0,,,0.0,113,3,0.2894222924171638,1.0,1.7609624723541988,0.2894222924171638,139,0.023330688476562597,0.0,138.55227088564425,11,4587,0
5,adaptive_t0_i100ms,112,56.0,0,True,True,True,True,19,4435,5,114,0.00016171135241165757,65863.42978059658,0.0001533831818960607,40.0,0.7553039232664742,0,0,,,0.0,114,3,3.3144172063109623,1.0,1.761036871076992,3.3144172063109623,85,0.014266967773437632,0.00016171135241165757,7.853944394912105,19,4435,5
5,adaptive_t0_i100ms,112,56.0,0,True,True,True,False,19,4435,5,114,0.00016171135241165757,65863.42978059658,0.0001533831818960607,40.0,0.7553039232664742,0,0,,,0.0,115,3,0.5011721294742926,1.0,1.760746490262349,0.5011721294742926,135,0.022659301757812576,0.0,26.858815368206706,27,3739,1
5,adaptive_t0_i100ms,112,56.0,0,True,True,True,False,19,4435,5,114,0.00016171135241165757,65863.42978059658,0.0001533831818960607,40.0,0.7553039232664742,0,0,,,0.0,144,4,0.4603798294639167,1.0,1.7608353367224907,0.4603798294639167,45,0.007553100585937621,0.0,35.992263243708294,4,4580,4
5,adaptive_t0_i100ms,112,56.0,0,True,True,True,False,19,4435,5,114,0.00016171135241165757,65863.42978059658,0.0001533831818960607,40.0,0.7553039232664742,0,0,,,0.0,145,4,0.4730327251427498,1.0,1.7608384024133221,0.4730327251427498,242,0.04061889648437511,0.0,24.623062194616068,12,4492,4
5,adaptive_t0_i100ms,112,56.0,0,True,True,True,False,19,4435,5,114,0.00016171135241165757,65863.42978059658,0.0001533831818960607,40.0,0.7553039232664742,0,0,,,0.0,146,4,0.7893482786168708,1.0,1.7608851501611995,0.7893482786168708,146,0.02450561523437516,0.0,15.090370788413566,20,4948,0
5,adaptive_t0_i100ms,112,56.0,0,True,True,True,False,19,4435,5,114,0.00016171135241165757,65863.42978059658,0.0001533831818960607,40.0,0.7553039232664742,0,0,,,0.0,147,4,0.28560624922917555,1.0,1.7606473471842063,0.28560624922917555,111,0.01863098144531261,0.0,77.6020728838048,28,4988,2
5,adaptive_t0_i100ms,112,56.0,0,True,True,True,False,19,4435,5,114,0.00016171135241165757,65863.42978059658,0.0001533831818960607,40.0,0.7553039232664742,0,0,,,0.0,176,5,0.2667079842758062,1.0,1.7608962910276884,0.2667079842758062,129,0.02165222167968761,0.0,24.746162537077907,5,3685,4
5,adaptive_t0_i100ms,112,56.0,0,True,True,True,False,19,4435,5,114,0.00016171135241165757,65863.42978059658,0.0001533831818960607,40.0,0.7553039232664742,0,0,,,0.0,177,5,0.8809872374750252,1.0,1.7610013121872854,0.8809872374750252,92,0.015441894531250139,0.0,41.75134685897501,13,4237,9
5,adaptive_t0_i100ms,112,56.0,0,True,True,True,False,19,4435,5,114,0.00016171135241165757,65863.42978059658,0.0001533831818960607,40.0,0.7553039232664742,0,0,,,0.0,178,5,0.2645864395575446,1.0,1.7605835255515385,0.2645864395575446,14,0.0023498535156251388,0.0,67.56809686066117,21,4405,1
5,adaptive_t0_i100ms,112,56.0,0,True,True,True,False,19,4435,5,114,0.00016171135241165757,65863.42978059658,0.0001533831818960607,40.0,0.7553039232664742,0,0,,,0.0,179,5,6.211510843580128,1.0,1.761024495338578,6.211510843580128,66,0.011077880859375097,0.0,2.3533467016532086,29,3389,12
5,adaptive_t0_i100ms,112,56.0,0,True,True,True,False,19,4435,5,114,0.00016171135241165757,65863.42978059658,0.0001533831818960607,40.0,0.7553039232664742,0,0,,,0.0,208,6,0.26966106432341375,1.0,1.760735556978543,0.26966106432341375,250,0.04196166992187506,0.0,35.667194254143396,6,4710,14
5,adaptive_t0_i100ms,112,56.0,0,True,True,True,False,19,4435,5,114,0.00016171135241165757,65863.42978059658,0.0001533831818960607,40.0,0.7553039232664742,0,0,,,0.0,209,6,1.882869794757496,1.0,1.7610349186730623,1.882869794757496,295,0.04951477050781266,0.0,4.959735168842599,14,4974,9
5,adaptive_t0_i100ms,112,56.0,0,True,True,True,False,19,4435,5,114,0.00016171135241165757,65863.42978059658,0.0001533831818960607,40.0,0.7553039232664742,0,0,,,0.0,210,6,0.837913363754078,1.0,1.7609144081033419,0.837913363754078,59,0.009902954101562625,0.0,26.438875669729896,22,4758,5
5,adaptive_t0_i100ms,112,56.0,0,True,True,True,False,19,4435,5,114,0.00016171135241165757,65863.42978059658,0.0001533831818960607,40.0,0.7553039232664742,0,0,,,0.0,211,6,0.2656472119166754,1.0,1.7609294042363117,0.2656472119166754,40,0.006713867187500139,0.0,67.86428760684794,30,4414,13
5,adaptive_t0_i100ms,112,56.0,0,True,True,True,False,19,4435,5,114,0.00016171135241165757,65863.42978059658,0.0001533831818960607,40.0,0.7553039232664742,0,0,,,0.0,240,7,0.267190910811695,1.0,1.7607946308275122,0.267190910811695,136,0.02282714843750011,0.0,86.42148227643338,7,4519,5
5,adaptive_t0_i100ms,112,56.0,0,True,True,True,False,19,4435,5,114,0.00016171135241165757,65863.42978059658,0.0001533831818960607,40.0,0.7553039232664742,0,0,,,0.0,241,7,3.0138308665114026,1.0,1.7610229174391878,3.0138308665114026,166,0.027862548828125125,0.0,0.5967406630516052,15,5007,5
5,adaptive_t0_i100ms,112,56.0,0,True,True,True,False,19,4435,5,114,0.00016171135241165757,65863.42978059658,0.0001533831818960607,40.0,0.7553039232664742,0,0,,,0.0,242,7,1.4848747818844488,1.0,1.7609355054288922,1.4848747818844488,87,0.014602661132812639,0.0,8.369111266976688,23,4663,2
5,adaptive_t0_i100ms,112,56.0,0,True,True,True,False,19,4435,5,114,0.00016171135241165757,65863.42978059658,0.0001533831818960607,40.0,0.7553039232664742,0,0,,,0.0,243,7,0.918908053059742,1.0,1.7609393316595805,0.918908053059742,173,0.029037475585937632,0.0,16.841260924586095,31,4959,11
5,adaptive_t0_i100ms,113,56.5,0,True,True,True,False,10,4778,2,81,0.00010067619616165757,66363.42825471767,0.0016792620881460607,40.0,0.20017391838366166,0,0,,,0.0,18,0,3.008918735836456,1.0,2.2485695518270528,4.682645955954232,241,0.04045104980468757,0.0,3.5091255158622516,16,4016,6
5,adaptive_t0_i100ms,113,56.5,0,True,True,True,False,10,4778,2,81,0.00010067619616165757,66363.42825471767,0.0016792620881460607,40.0,0.20017391838366166,0,0,,,0.0,19,0,1.594808437390137,1.0,2.248564210425792,3.268535657507913,33,0.005538940429687597,0.0,14.3408738533617,24,4536,14
5,adaptive_t0_i100ms,113,56.5,0,True,True,True,False,10,4778,2,81,0.00010067619616165757,66363.42825471767,0.0016792620881460607,40.0,0.20017391838366166,0,0,,,0.0,49,1,1.6981166320037844,1.0,2.2485772946049063,3.37184385212156,18,0.0030212402343751388,0.0,21.603186990425456,9,4681,10
5,adaptive_t0_i100ms,113,56.5,0,True,True,True,False,10,4778,2,81,0.00010067619616165757,66363.42825471767,0.0016792620881460607,40.0,0.20017391838366166,0,0,,,0.0,50,1,1.7462741848937988,1.0,2.2485635833119764,3.4200014050115746,150,0.025177001953125146,0.0,7.153109862018027,17,5425,4
5,adaptive_t0_i100ms,113,56.5,0,True,True,True,True,10,4778,2,81,0.00010067619616165757,66363.42825471767,0.0016792620881460607,40.0,0.20017391838366166,0,0,,,0.0,81,2,0.39728873580322277,1.0,2.248588706523924,3.744743176038775,230,0.03860473632812515,0.00010067619616165757,1.7740263781743124,10,4778,2
5,adaptive_t0_i100ms,113,56.5,0,True,True,True,False,10,4778,2,81,0.00010067619616165757,66363.42825471767,0.0016792620881460607,40.0,0.20017391838366166,0,0,,,0.0,112,3,4.5938632758832085,1.0,2.2485803967108167,7.9413177161187605,143,0.024002075195312625,0.0,1.7470856321160682,3,4707,13
5,adaptive_t0_i100ms,113,56.5,0,True,True,True,False,10,4778,2,81,0.00010067619616165757,66363.42825471767,0.0016792620881460607,40.0,0.20017391838366166,0,0,,,0.0,144,4,0.7539159160491944,1.0,2.248560345595606,2.4276431361669704,33,0.005538940429687625,0.0,14.25710248114774,4,4612,0
5,adaptive_t0_i100ms,113,56.5,0,True,True,True,False,10,4778,2,81,0.00010067619616165757,66363.42825471767,0.0016792620881460607,40.0,0.20017391838366166,0,0,,,0.0,145,4,0.778248407739258,1.0,2.2485624293852595,2.451975627857034,218,0.03659057617187511,0.0,8.706005798827391,12,4492,10
5,adaptive_t0_i100ms,113,56.5,0,True,True,True,False,10,4778,2,81,0.00010067619616165757,66363.42825471767,0.0016792620881460607,40.0,0.20017391838366166,0,0,,,0.0,176,5,0.38147005991821287,1.0,2.2485696867489815,3.7289245001537648,4,0.000671386718750111,0.0,10.834884026873624,5,3685,10
5,adaptive_t0_i100ms,113,56.5,0,True,True,True,False,10,4778,2,81,0.00010067619616165757,66363.42825471767,0.0016792620881460607,40.0,0.20017391838366166,0,0,,,0.0,241,7,0.9044286768676757,1.0,2.2485593618406563,2.578155896985452,43,0.007217407226562625,0.0,12.00863738420594,15,5039,9
5,adaptive_t0_i100ms,113,56.5,0,True,True,True,False,10,4778,2,81,0.00010067619616165757,66363.42825471767,0.0016792620881460607,40.0,0.20017391838366166,0,0,,,0.0,243,7,0.7104858559661865,1.0,2.2485501365309153,2.3842130760839626,79,0.013259887695312632,0.0,3.526725037765573,31,4991,9
5,adaptive_t0_i100ms,114,57.0,0,True,True,True,False,6,4742,11,208,0.0001235643797554076,66863.42882692226,0.0011070574983023107,40.0,0.6083160082274117,0,0,,,0.0,16,0,2.2438670149428974,1.0,2.7342049345440618,3.110494291738624,129,0.02156829833984386,0.0,9.485993162263185,0,4736,9
5,adaptive_t0_i100ms,114,57.0,0,True,True,True,False,6,4742,11,208,0.0001235643797554076,66863.42882692226,0.0011070574983023107,40.0,0.6083160082274117,0,0,,,0.0,18,0,0.17469705291562077,1.0,2.7341973799424437,1.0413243297113473,48,0.00805664062500007,0.0,0.5473859721678309,16,4080,6
5,adaptive_t0_i100ms,114,57.0,0,True,True,True,False,6,4742,11,208,0.0001235643797554076,66863.42882692226,0.0011070574983023107,40.0,0.6083160082274117,0,0,,,0.0,19,0,1.4159743305088912,1.0,2.734182436862571,2.282601607304618,191,0.032058715820312604,0.0,12.139497984491754,24,4600,8
5,adaptive_t0_i100ms,114,57.0,0,True,True,True,False,6,4742,11,208,0.0001235643797554076,66863.42882692226,0.0011070574983023107,40.0,0.6083160082274117,0,0,,,0.0,49,1,0.48432905051682595,1.0,2.734223489456952,1.3509563273125524,276,0.046325683593750146,0.0,1.4850855728145689,9,4713,5
5,adaptive_t0_i100ms,114,57.0,0,True,True,True,False,6,4742,11,208,0.0001235643797554076,66863.42882692226,0.0011070574983023107,40.0,0.6083160082274117,0,0,,,0.0,50,1,0.9183174257769774,1.0,2.7341746853900237,1.7849447025727039,36,0.006042480468750146,0.0,43.751888003898785,17,5457,3
5,adaptive_t0_i100ms,114,57.0,0,True,True,True,False,6,4742,11,208,0.0001235643797554076,66863.42882692226,0.0011070574983023107,40.0,0.6083160082274117,0,0,,,0.0,51,1,0.9497651791746387,1.0,2.734244407355581,1.816392455970365,72,0.012084960937500111,0.0,20.204619443858974,25,4185,4
5,adaptive_t0_i100ms,114,57.0,0,True,True,True,False,6,4742,11,208,0.0001235643797554076,66863.42882692226,0.0011070574983023107,40.0,0.6083160082274117,0,0,,,0.0,81,2,0.22736994495542096,1.0,2.734227300024564,1.5273108601490106,141,0.023666381835937653,0.0,43.76083916070638,10,4778,6
5,adaptive_t0_i100ms,114,57.0,0,True,True,True,False,6,4742,11,208,0.0001235643797554076,66863.42882692226,0.0011070574983023107,40.0,0.6083160082274117,0,0,,,0.0,83,2,0.23145757654919763,1.0,2.734233357582518,1.5313984917427872,114,0.019134521484375125,0.0,45.646514980937354,26,5210,8
5,adaptive_t0_i100ms,114,57.0,0,True,True,True,False,6,4742,11,208,0.0001235643797554076,66863.42882692226,0.0011070574983023107,40.0,0.6083160082274117,0,0,,,0.0,112,3,0.2433158724238549,1.0,2.73420900159029,0.8932863300206497,276,0.04632568359375013,0.0,26.918237833102467,3,4803,3
5,adaptive_t0_i100ms,114,57.0,0,True,True,True,False,6,4742,11,208,0.0001235643797554076,66863.42882692226,0.0011070574983023107,40.0,0.6083160082274117,0,0,,,0.0,113,3,0.2433158724238549,1.0,2.734121130943027,0.8932863300206497,72,0.012084960937500097,0.0,74.34504640304658,11,4587,7
5,adaptive_t0_i100ms,114,57.0,0,True,True,True,False,6,4742,11,208,0.0001235643797554076,66863.42882692226,0.0011070574983023107,40.0,0.6083160082274117,0,0,,,0.0,114,3,0.7246780865730382,1.0,2.7342468822564596,1.374648544169833,55,0.009231567382812634,0.0,2.539019654679578,19,4531,14
5,adaptive_t0_i100ms,114,57.0,0,True,True,True,False,6,4742,11,208,0.0001235643797554076,66863.42882692226,0.0011070574983023107,40.0,0.6083160082274117,0,0,,,0.0,115,3,1.8680175412191833,1.0,2.7342281550618956,2.517987998815978,39,0.006546020507812576,0.0,23.46627986553358,27,3835,2
5,adaptive_t0_i100ms,114,57.0,0,True,True,True,False,6,4742,11,208,0.0001235643797554076,66863.42882692226,0.0011070574983023107,40.0,0.6083160082274117,0,0,,,0.0,144,4,0.3213900016550826,1.0,2.7341377065688026,0.9713604592518774,35,0.005874633789062625,0.0,20.07544139130914,4,4676,0
5,adaptive_t0_i100ms,114,57.0,0,True,True,True,False,6,4742,11,208,0.0001235643797554076,66863.42882692226,0.0011070574983023107,40.0,0.6083160082274117,0,0,,,0.0,145,4,0.44179041492014015,1.0,2.7341590231609647,1.091760872516935,248,0.04162597656250011,0.0,13.544740911747795,12,4524,1
5,adaptive_t0_i100ms,114,57.0,0,True,True,True,False,6,4742,11,208,0.0001235643797554076,66863.42882692226,0.0011070574983023107,40.0,0.6083160082274117,0,0,,,0.0,146,4,0.22475034318639384,1.0,2.7342315906156722,0.8747208007831887,175,0.029373168945312667,0.0,34.346939015522366,20,5044,3
5,adaptive_t0_i100ms,114,57.0,0,True,True,True,False,6,4742,11,208,0.0001235643797554076,66863.42882692226,0.0011070574983023107,40.0,0.6083160082274117,0,0,,,0.0,147,4,0.23911599377230613,1.0,2.734118993468581,0.889086451369101,247,0.04145812988281261,0.0,10.212570801435504,28,4988,11
5,adaptive_t0_i100ms,114,57.0,0,True,True,True,False,6,4742,11,208,0.0001235643797554076,66863.42882692226,0.0011070574983023107,40.0,0.6083160082274117,0,0,,,0.0,176,5,0.0,1.0,2.7342472567599017,0.8666272767957265,277,0.04649353027343761,0.0,17.220115442672977,5,3717,0
5,adaptive_t0_i100ms,114,57.0,0,True,True,True,False,6,4742,11,208,0.0001235643797554076,66863.42882692226,0.0011070574983023107,40.0,0.6083160082274117,0,0,,,0.0,177,5,0.4888478423829924,1.0,2.7342198910416826,1.3554751191787189,154,0.02584838867187514,0.0,46.2017019673367,13,4269,9
5,adaptive_t0_i100ms,114,57.0,0,True,True,True,False,6,4742,11,208,0.0001235643797554076,66863.42882692226,0.0011070574983023107,40.0,0.6083160082274117,0,0,,,0.0,179,5,0.23702339946960987,1.0,2.7341648800268583,1.1036506762653364,261,0.043807983398437604,0.0,12.92693718613009,29,3517,3
5,adaptive_t0_i100ms,114,57.0,0,True,True,True,True,6,4742,11,208,0.0001235643797554076,66863.42882692226,0.0011070574983023107,40.0,0.6083160082274117,0,0,,,0.0,208,6,0.47151295479147537,1.0,2.7342544376072153,1.1214834123882702,36,0.006042480468750069,0.0001235643797554076,55.447781657698215,6,4742,11
5,adaptive_t0_i100ms,114,57.0,0,True,True,True,False,6,4742,11,208,0.0001235643797554076,66863.42882692226,0.0011070574983023107,40.0,0.6083160082274117,0,0,,,0.0,209,6,6.1557922722269725,1.0,2.7342512784008646,6.805762729823767,208,0.03491210937500017,0.0,0.7444788513530511,14,5102,2
5,adaptive_t0_i100ms,114,57.0,0,True,True,True,False,6,4742,11,208,0.0001235643797554076,66863.42882692226,0.0011070574983023107,40.0,0.6083160082274117,0,0,,,0.0,210,6,0.22768384710053463,1.0,2.734067208612467,0.8776543046973295,238,0.039947509765625125,0.0,35.33985402289545,22,4790,5
5,adaptive_t0_i100ms,114,57.0,0,True,True,True,False,6,4742,11,208,0.0001235643797554076,66863.42882692226,0.0011070574983023107,40.0,0.6083160082274117,0,0,,,0.0,211,6,0.22591005736935224,1.0,2.734182953935287,0.875880514966147,45,0.007553100585937639,0.0,36.44054815446725,30,4510,9
5,adaptive_t0_i100ms,114,57.0,0,True,True,True,False,6,4742,11,208,0.0001235643797554076,66863.42882692226,0.0011070574983023107,40.0,0.6083160082274117,0,0,,,0.0,240,7,0.21884835452648402,1.0,2.734237944497264,1.5187892697200738,107,0.01795959472656261,0.0,70.17939159696107,7,4519,12
5,adaptive_t0_i100ms,114,57.0,0,True,True,True,False,6,4742,11,208,0.0001235643797554076,66863.42882692226,0.0011070574983023107,40.0,0.6083160082274117,0,0,,,0.0,243,7,0.22317492752081905,1.0,2.734230153768127,1.5231158427144087,144,0.02416992187500014,0.0,41.24406257009832,31,5087,2
5,adaptive_t0_i100ms,115,57.5,0,True,True,True,False,11,4587,11,113,3.5102057736366974e-05,67363.42661536421,0.0033186155487783253,40.0,0.3045089790108614,0,0,,,0.0,17,0,0.8156166852539063,1.0,0.0410549481692518,2.3220888136756357,92,0.015441894531250146,0.0,2.1240476668899646,8,5000,4
5,adaptive_t0_i100ms,115,57.5,0,True,True,True,False,11,4587,11,113,3.5102057736366974e-05,67363.42661536421,0.0033186155487783253,40.0,0.3045089790108614,0,0,,,0.0,18,0,2.4280733555748077,1.0,0.04103916103443715,3.934545483996537,104,0.01745605468750007,0.0,5.591083284700289,16,4144,2
5,adaptive_t0_i100ms,115,57.5,0,True,True,True,False,11,4587,11,113,3.5102057736366974e-05,67363.42661536421,0.0033186155487783253,40.0,0.3045089790108614,0,0,,,0.0,50,1,7.483245028046488,1.0,0.04104680810717837,8.989717156468217,184,0.030883789062500146,0.0,2.74317823065212,17,5489,6
5,adaptive_t0_i100ms,115,57.5,0,True,True,True,False,11,4587,11,113,3.5102057736366974e-05,67363.42661536421,0.0033186155487783253,40.0,0.3045089790108614,0,0,,,0.0,51,1,6.6276757839933875,1.0,0.04104463614551825,8.134147912415116,104,0.01745605468750011,0.0,1.3377258325199364,25,4281,4
5,adaptive_t0_i100ms,115,57.5,0,True,True,True,False,11,4587,11,113,3.5102057736366974e-05,67363.42661536421,0.0033186155487783253,40.0,0.3045089790108614,0,0,,,0.0,80,2,0.24654983746948247,1.0,0.04093621688447831,1.2508645897506356,53,0.008895874023437625,0.0,17.77224984129134,2,5698,0
5,adaptive_t0_i100ms,115,57.5,0,True,True,True,False,11,4587,11,113,3.5102057736366974e-05,67363.42661536421,0.0033186155487783253,40.0,0.3045089790108614,0,0,,,0.0,82,2,0.4047742542663575,1.0,0.0410531589834478,1.4090890065475106,141,0.02366638183593764,0.0,22.470314615464304,18,4594,5
5,adaptive_t0_i100ms,115,57.5,0,True,True,True,False,11,4587,11,113,3.5102057736366974e-05,67363.42661536421,0.0033186155487783253,40.0,0.3045089790108614,0,0,,,0.0,83,2,0.40443114852905276,1.0,0.040979278261100274,1.408745900810206,10,0.001678466796875125,0.0,26.829552161099855,26,5210,13
5,adaptive_t0_i100ms,115,57.5,0,True,True,True,True,11,4587,11,113,3.5102057736366974e-05,67363.42661536421,0.0033186155487783253,40.0,0.3045089790108614,0,0,,,0.0,113,3,0.4251514217285156,1.0,0.04105779344195064,3.4380956785719747,253,0.0424652099609376,3.5102057736366974e-05,9.092093289582408,11,4587,11
5,adaptive_t0_i100ms,115,57.5,0,True,True,True,False,11,4587,11,113,3.5102057736366974e-05,67363.42661536421,0.0033186155487783253,40.0,0.3045089790108614,0,0,,,0.0,176,5,0.37883604338378907,1.0,0.041025714793778104,1.8853081718055185,271,0.04548645019531261,0.0,4.0671619568165625,5,3717,4
5,adaptive_t0_i100ms,115,57.5,0,True,True,True,False,11,4587,11,113,3.5102057736366974e-05,67363.42661536421,0.0033186155487783253,40.0,0.3045089790108614,0,0,,,0.0,179,5,0.41415643896789556,1.0,0.041035846612895124,1.920628567389625,140,0.023498535156250104,0.0,11.948241607839009,29,3517,7
5,adaptive_t0_i100ms,115,57.5,0,True,True,True,False,11,4587,11,113,3.5102057736366974e-05,67363.42661536421,0.0033186155487783253,40.0,0.3045089790108614,0,0,,,0.0,240,7,0.0,1.0,0.041049965382816016,1.5064721284217295,291,0.04884338378906261,0.0,4.921238483249908,7,4551,0
5,adaptive_t0_i100ms,115,57.5,0,True,True,True,False,11,4587,11,113,3.5102057736366974e-05,67363.42661536421,0.0033186155487783253,40.0,0.3045089790108614,0,0,,,0.0,241,7,2.2938244617255648,1.0,0.0410199365754676,3.800296590147294,171,0.028701782226562625,0.0,6.131772801702027,15,5295,10
5,adaptive_t0_i100ms,116,58.0,0,True,True,True,False,23,4919,12,242,0.0001580207905499265,67863.42968833253,0.0002456472284393385,40.0,0.29103631668898744,0,0,,,0.0,16,0,1.1149530967695787,1.0,0.06679777470241136,1.6301905173882192,33,0.005538940429687611,0.0,2.7533589278609725,0,5024,4
5,adaptive_t0_i100ms,116,58.0,0,True,True,True,False,23,4919,12,242,0.0001580207905499265,67863.42968833253,0.0002456472284393385,40.0,0.29103631668898744,0,0,,,0.0,17,0,1.136424247170964,1.0,0.06671085627024863,1.6516616677896048,86,0.014434814453125146,0.0,12.143296586611541,8,5032,8
5,adaptive_t0_i100ms,116,58.0,0,True,True,True,False,23,4919,12,242,0.0001580207905499265,67863.42968833253,0.0002456472284393385,40.0,0.29103631668898744,0,0,,,0.0,18,0,2.2106313148410304,1.0,0.06674466956229157,2.725868735459671,107,0.01795959472656257,0.0,8.43102386368264,16,4208,10
5,adaptive_t0_i100ms,116,58.0,0,True,True,True,False,23,4919,12,242,0.0001580207905499265,67863.42968833253,0.0002456472284393385,40.0,0.29103631668898744,0,0,,,0.0,48,1,1.7624364524617433,1.0,0.06673975937417748,2.535292583389704,25,0.004196166992187694,0.0,3.6388631421141326,1,5281,1
5,adaptive_t0_i100ms,116,58.0,0,True,True,True,False,23,4919,12,242,0.0001580207905499265,67863.42968833253,0.0002456472284393385,40.0,0.29103631668898744,0,0,,,0.0,50,1,0.20168213346361047,1.0,0.06671341034395145,0.9745382643915714,154,0.025848388671875146,0.0,7.737689905188745,17,5553,0
5,adaptive_t0_i100ms,116,58.0,0,True,True,True,False,23,4919,12,242,0.0001580207905499265,67863.42968833253,0.0002456472284393385,40.0,0.29103631668898744,0,0,,,0.0,81,2,0.28436556915922095,1.0,0.06675114662935136,1.0572217000871817,167,0.028030395507812653,0.0,13.344292926776689,10,4778,15
5,adaptive_t0_i100ms,116,58.0,0,True,True,True,False,23,4919,12,242,0.0001580207905499265,67863.42968833253,0.0002456472284393385,40.0,0.29103631668898744,0,0,,,0.0,83,2,2.1588552570019615,1.0,0.0667765859375135,2.9317113879299224,141,0.023666381835937625,0.0,1.1352384689525934,26,5242,13
5,adaptive_t0_i100ms,116,58.0,0,True,True,True,False,23,4919,12,242,0.0001580207905499265,67863.42968833253,0.0002456472284393385,40.0,0.29103631668898744,0,0,,,0.0,144,4,6.626172651919498,1.0,0.06679284299589298,8.17188491377542,7,0.001174926757812625,0.0,2.687370424348046,4,4708,7
5,adaptive_t0_i100ms,116,58.0,0,True,True,True,False,23,4919,12,242,0.0001580207905499265,67863.42968833253,0.0002456472284393385,40.0,0.29103631668898744,0,0,,,0.0,179,5,0.2964388890864357,1.0,0.06680036401715271,1.8421511509423576,222,0.037261962890625104,0.0,11.07104603436892,29,3517,11
5,adaptive_t0_i100ms,116,58.0,0,True,True,True,False,23,4919,12,242,0.0001580207905499265,67863.42968833253,0.0002456472284393385,40.0,0.29103631668898744,0,0,,,0.0,208,6,8.433292233859055,1.0,0.06679223669788174,8.948529654477696,80,0.01342773437500007,0.0,3.3127763069496723,6,4806,15
5,adaptive_t0_i100ms,116,58.0,0,True,True,True,False,23,4919,12,242,0.0001580207905499265,67863.42968833253,0.0002456472284393385,40.0,0.29103631668898744,0,0,,,0.0,209,6,0.535632875112437,1.0,0.06679951407336812,1.0508702957310776,42,0.0070495605468751665,0.0,7.624830438973731,14,5166,15
5,adaptive_t0_i100ms,116,58.0,0,True,True,True,False,23,4919,12,242,0.0001580207905499265,67863.42968833253,0.0002456472284393385,40.0,0.29103631668898744,0,0,,,0.0,211,6,2.3924069202933556,1.0,0.06680008350592018,2.9076443409119963,18,0.0030212402343751388,0.0,13.880937853289652,30,4606,1
5,adaptive_t0_i100ms,116,58.0,0,True,True,True,False,23,4919,12,242,0.0001580207905499265,67863.42968833253,0.0002456472284393385,40.0,0.29103631668898744,0,0,,,0.0,241,7,1.1625199543264992,1.0,0.06672006177080766,1.67775737494514,274,0.045989990234375125,0.0,3.136801414031652,15,5327,13
5,adaptive_t0_i100ms,116,58.0,0,True,True,True,True,23,4919,12,242,0.0001580207905499265,67863.42968833253,0.0002456472284393385,40.0,0.29103631668898744,0,0,,,0.0,242,7,0.5850835996008954,1.0,0.0668011490568317,1.100321020219536,179,0.030044555664062646,0.0001580207905499265,9.910892913219868,23,4919,12
5,adaptive_t0_i100ms,116,58.0,0,True,True,True,False,23,4919,12,242,0.0001580207905499265,67863.42968833253,0.0002456472284393385,40.0,0.29103631668898744,0,0,,,0.0,243,7,0.2791189719422612,1.0,0.06666493514561127,0.7943563925609018,198,0.03323364257812514,0.0,10.841516336833593,31,5087,11
5,adaptive_t0_i100ms,117,58.5,0,True,True,True,False,23,5047,8,242,3.1306231976486754e-05,68363.42652046857,0.0034135111927753314,40.0,0.6313026685366641,0,0,,,0.0,16,0,0.1823173515226425,1.0,0.2938213905628303,0.1900042971263779,168,0.02819824218750011,0.0,6.269326230729348,0,5088,0
5,adaptive_t0_i100ms,117,58.5,0,True,True,True,False,23,5047,8,242,3.1306231976486754e-05,68363.42652046857,0.0034135111927753314,40.0,0.6313026685366641,0,0,,,0.0,17,0,0.8171540702564231,1.0,0.2938749677528807,0.8248410158601585,40,0.006713867187500146,0.0,5.54547784155875,8,5128,0
5,adaptive_t0_i100ms,117,58.5,0,True,True,True,False,23,5047,8,242,3.1306231976486754e-05,68363.42652046857,0.0034135111927753314,40.0,0.6313026685366641,0,0,,,0.0,18,0,0.5197380075367638,1.0,0.29396059125796603,0.5274249531404992,40,0.006713867187500069,0.0,76.35449233806867,16,4240,6
5,adaptive_t0_i100ms,117,58.5,0,True,True,True,False,23,5047,8,242,3.1306231976486754e-05,68363.42652046857,0.0034135111927753314,40.0,0.6313026685366641,0,0,,,0.0,19,0,0.2554112936788864,1.0,0.29398524734837955,0.26309823928262177,130,0.021820068359375104,0.0,7.844442966990755,24,4760,3
5,adaptive_t0_i100ms,117,58.5,0,True,True,True,False,23,5047,8,242,3.1306231976486754e-05,68363.42652046857,0.0034135111927753314,40.0,0.6313026685366641,0,0,,,0.0,48,1,0.25102599860173347,1.0,0.29384986794122064,0.25871294420546886,167,0.028030395507812694,0.0,34.22134660855227,1,5409,3
5,adaptive_t0_i100ms,117,58.5,0,True,True,True,False,23,5047,8,242,3.1306231976486754e-05,68363.42652046857,0.0034135111927753314,40.0,0.6313026685366641,0,0,,,0.0,49,1,0.5489526996119721,1.0,0.29382899011717967,0.5566396452157075,236,0.039611816406250146,0.0,35.52260662824847,9,4969,2
5,adaptive_t0_i100ms,117,58.5,0,True,True,True,False,23,5047,8,242,3.1306231976486754e-05,68363.42652046857,0.0034135111927753314,40.0,0.6313026685366641,0,0,,,0.0,50,1,3.552475812091624,1.0,0.29403875768343724,3.5601627576953594,87,0.014602661132812646,0.0,5.9177907053235685,17,5585,7
5,adaptive_t0_i100ms,117,58.5,0,True,True,True,False,23,5047,8,242,3.1306231976486754e-05,68363.42652046857,0.0034135111927753314,40.0,0.6313026685366641,0,0,,,0.0,51,1,0.5305242484031106,1.0,0.29385908210255896,0.538211194006846,9,0.001510620117187618,0.0,76.68539336363028,25,4345,12
5,adaptive_t0_i100ms,117,58.5,0,True,True,True,False,23,5047,8,242,3.1306231976486754e-05,68363.42652046857,0.0034135111927753314,40.0,0.6313026685366641,0,0,,,0.0,80,2,0.21382830894191626,1.0,0.29367674983730524,0.22151525454565166,12,0.002014160156250125,0.0,84.07969876776042,2,5698,12
5,adaptive_t0_i100ms,117,58.5,0,True,True,True,False,23,5047,8,242,3.1306231976486754e-05,68363.42652046857,0.0034135111927753314,40.0,0.6313026685366641,0,0,,,0.0,81,2,1.0318694781357012,1.0,0.2939462328472795,1.0395564237394366,187,0.03138732910156265,0.0,23.83292376184545,10,4810,7
5,adaptive_t0_i100ms,117,58.5,0,True,True,True,False,23,5047,8,242,3.1306231976486754e-05,68363.42652046857,0.0034135111927753314,40.0,0.6313026685366641,0,0,,,0.0,82,2,0.26190525783692026,1.0,0.29377020180860247,0.26959220344065565,282,0.04733276367187514,0.0,13.0653129247803,18,4594,13
5,adaptive_t0_i100ms,117,58.5,0,True,True,True,False,23,5047,8,242,3.1306231976486754e-05,68363.42652046857,0.0034135111927753314,40.0,0.6313026685366641,0,0,,,0.0,83,2,0.2547460717641348,1.0,0.293783353490171,0.26243301736787017,152,0.025512695312500125,0.0,28.831322588477633,26,5274,6
5,adaptive_t0_i100ms,117,58.5,0,True,True,True,False,23,5047,8,242,3.1306231976486754e-05,68363.42652046857,0.0034135111927753314,40.0,0.6313026685366641,0,0,,,0.0,112,3,0.27509010653199256,1.0,0.293796586523145,0.28277705213572796,101,0.016952514648437632,0.0,113.47285503457533,3,4803,13
5,adaptive_t0_i100ms,117,58.5,0,True,True,True,False,23,5047,8,242,3.1306231976486754e-05,68363.42652046857,0.0034135111927753314,40.0,0.6313026685366641,0,0,,,0.0,113,3,8.70909221693868,1.0,0.2940409507306955,8.716779162542416,60,0.010070800781250097,0.0,2.6132576309755677,11,4651,11
5,adaptive_t0_i100ms,117,58.5,0,True,True,True,False,23,5047,8,242,3.1306231976486754e-05,68363.42652046857,0.0034135111927753314,40.0,0.6313026685366641,0,0,,,0.0,114,3,0.2270275872716642,1.0,0.2933352917577355,0.2347145328753996,35,0.005874633789062632,0.0,78.53804344669334,19,4595,14
5,adaptive_t0_i100ms,117,58.5,0,True,True,True,False,23,5047,8,242,3.1306231976486754e-05,68363.42652046857,0.0034135111927753314,40.0,0.6313026685366641,0,0,,,0.0,115,3,0.2603921673952486,1.0,0.29378757246438003,0.268079112998984,78,0.013092041015625076,0.0,154.91908561304444,27,3899,0
5,adaptive_t0_i100ms,117,58.5,0,True,True,True,False,23,5047,8,242,3.1306231976486754e-05,68363.42652046857,0.0034135111927753314,40.0,0.6313026685366641,0,0,,,0.0,144,4,0.24518818468076292,1.0,0.29395280531178375,0.2528751302844983,6,0.001007080078125125,0.0,96.82101382735709,4,4740,5
5,adaptive_t0_i100ms,117,58.5,0,True,True,True,False,23,5047,8,242,3.1306231976486754e-05,68363.42652046857,0.0034135111927753314,40.0,0.6313026685366641,0,0,,,0.0,145,4,3.779574722453645,1.0,0.2940269977964954,3.7872616680573805,208,0.03491210937500011,0.0,0.6841202977084322,12,4588,8
5,adaptive_t0_i100ms,117,58.5,0,True,True,True,False,23,5047,8,242,3.1306231976486754e-05,68363.42652046857,0.0034135111927753314,40.0,0.6313026685366641,0,0,,,0.0,146,4,0.2541001342589988,1.0,0.2939343213827621,0.2617870798627342,259,0.04347229003906267,0.0,23.12491753870563,20,5044,15
5,adaptive_t0_i100ms,117,58.5,0,True,True,True,False,23,5047,8,242,3.1306231976486754e-05,68363.42652046857,0.0034135111927753314,40.0,0.6313026685366641,0,0,,,0.0,147,4,0.2723120892741489,1.0,0.29371432068049336,0.2799990348778843,250,0.04196166992187512,0.0,41.433342419259134,28,5084,3
5,adaptive_t0_i100ms,117,58.5,0,True,True,True,False,23,5047,8,242,3.1306231976486754e-05,68363.42652046857,0.0034135111927753314,40.0,0.6313026685366641,0,0,,,0.0,176,5,0.2451221898986191,1.0,0.29397154067750314,0.2528091355023545,305,0.05119323730468761,0.0,8.939284604610293,5,3717,11
5,adaptive_t0_i100ms,117,58.5,0,True,True,True,False,23,5047,8,242,3.1306231976486754e-05,68363.42652046857,0.0034135111927753314,40.0,0.6313026685366641,0,0,,,0.0,177,5,0.4870952573082764,1.0,0.29379934810587527,0.4947822029120118,198,0.033233642578125146,0.0,12.516507382431882,13,4333,15
5,adaptive_t0_i100ms,117,58.5,0,True,True,True,False,23,5047,8,242,3.1306231976486754e-05,68363.42652046857,0.0034135111927753314,40.0,0.6313026685366641,0,0,,,0.0,178,5,0.4996384828183607,1.0,0.29373699171659473,0.507325428422096,41,0.006881713867187646,0.0,66.72501592348272,21,4501,11
5,adaptive_t0_i100ms,117,58.5,0,True,True,True,False,23,5047,8,242,3.1306231976486754e-05,68363.42652046857,0.0034135111927753314,40.0,0.6313026685366641,0,0,,,0.0,179,5,0.267975909508637,1.0,0.2936255622912821,0.2756628551123724,21,0.003524780273437604,0.0,135.2916993484978,29,3517,14
5,adaptive_t0_i100ms,117,58.5,0,True,True,True,False,23,5047,8,242,3.1306231976486754e-05,68363.42652046857,0.0034135111927753314,40.0,0.6313026685366641,0,0,,,0.0,208,6,0.44018487499866527,1.0,0.29391811845374854,0.44787182060240066,66,0.011077880859375071,0.0,5.602331845773733,6,4902,0
5,adaptive_t0_i100ms,117,58.5,0,True,True,True,False,23,5047,8,242,3.1306231976486754e-05,68363.42652046857,0.0034135111927753314,40.0,0.6313026685366641,0,0,,,0.0,209,6,2.270928509997559,1.0,0.2939772221388813,2.2786154556012943,221,0.03709411621093767,0.0,8.170043879697914,14,5230,15
5,adaptive_t0_i100ms,117,58.5,0,True,True,True,False,23,5047,8,242,3.1306231976486754e-05,68363.42652046857,0.0034135111927753314,40.0,0.6313026685366641,0,0,,,0.0,210,6,0.25741671979949027,1.0,0.2938159738057756,0.26510366540322566,78,0.013092041015625125,0.0,121.90197122472455,22,4790,15
5,adaptive_t0_i100ms,117,58.5,0,True,True,True,False,23,5047,8,242,3.1306231976486754e-05,68363.42652046857,0.0034135111927753314,40.0,0.6313026685366641,0,0,,,0.0,211,6,6.120245800359736,1.0,0.2940317967283051,6.127932745963472,70,0.011749267578125139,0.0,6.037737382735941,30,4670,0
5,adaptive_t0_i100ms,117,58.5,0,True,True,True,False,23,5047,8,242,3.1306231976486754e-05,68363.42652046857,0.0034135111927753314,40.0,0.6313026685366641,0,0,,,0.0,240,7,0.2446947359021499,1.0,0.2938174660512355,0.2549439967071304,67,0.011245727539062611,0.0,48.09305759771087,7,4583,13
5,adaptive_t0_i100ms,117,58.5,0,True,True,True,True,23,5047,8,242,3.1306231976486754e-05,68363.42652046857,0.0034135111927753314,40.0,0.6313026685366641,0,0,,,0.0,242,7,6.22567046534321,1.0,0.29404229654148545,6.2359197261481905,3,0.0005035400390626457,3.1306231976486754e-05,2.6728689531300915,23,5047,8
5,adaptive_t0_i100ms,117,58.5,0,True,True,True,False,23,5047,8,242,3.1306231976486754e-05,68363.42652046857,0.0034135111927753314,40.0,0.6313026685366641,0,0,,,0.0,243,7,0.25231898755879434,1.0,0.2938041486985337,0.26256824836377485,184,0.03088378906250014,0.0,52.86582912114682,31,5087,15
5,adaptive_t0_i100ms,118,59.0,0,True,True,True,False,30,4734,5,211,0.00013811775541398673,68863.42919075665,0.0007432231068378314,40.0,0.6422355908999452,0,0,,,0.0,16,0,6.421106200141461,1.0,0.7709564284555432,6.452792274520695,71,0.011917114257812618,0.0,0.6351845062890789,0,5216,4
5,adaptive_t0_i100ms,118,59.0,0,True,True,True,False,30,4734,5,211,0.00013811775541398673,68863.42919075665,0.0007432231068378314,40.0,0.6422355908999452,0,0,,,0.0,17,0,0.8884470980923189,1.0,0.7709533486538411,0.9201331724715529,137,0.022994995117187646,0.0,6.29511761192407,8,5160,15
5,adaptive_t0_i100ms,118,59.0,0,True,True,True,False,30,4734,5,211,0.00013811775541398673,68863.42919075665,0.0007432231068378314,40.0,0.6422355908999452,0,0,,,0.0,18,0,0.4448226570853086,1.0,0.770754028075739,0.4765087314645426,241,0.04045104980468757,0.0,19.92275841945957,16,4240,13
5,adaptive_t0_i100ms,118,59.0,0,True,True,True,False,30,4734,5,211,0.00013811775541398673,68863.42919075665,0.0007432231068378314,40.0,0.6422355908999452,0,0,,,0.0,19,0,0.2185961554789735,1.0,0.7709648109968816,0.2502822298582075,113,0.018966674804687604,0.0,18.283968625226407,24,4760,10
5,adaptive_t0_i100ms,118,59.0,0,True,True,True,False,30,4734,5,211,0.00013811775541398673,68863.42919075665,0.0007432231068378314,40.0,0.6422355908999452,0,0,,,0.0,48,1,0.21484295948400037,1.0,0.7705447856800741,0.24652903386323435,2,0.0003356933593751943,0.0,127.61921910951787,1,5409,7
5,adaptive_t0_i100ms,118,59.0,0,True,True,True,False,30,4734,5,211,0.00013811775541398673,68863.42919075665,0.0007432231068378314,40.0,0.6422355908999452,0,0,,,0.0,49,1,0.46982632579218875,1.0,0.7708764303310104,0.5015124001714227,294,0.049346923828125146,0.0,16.675229000727995,9,4969,8
5,adaptive_t0_i100ms,118,59.0,0,True,True,True,False,30,4734,5,211,0.00013811775541398673,68863.42919075665,0.0007432231068378314,40.0,0.6422355908999452,0,0,,,0.0,50,1,1.5478327531823215,1.0,0.7709646028590792,1.5795188275615555,18,0.0030212402343751527,0.0,28.80065577790083,17,5681,0
5,adaptive_t0_i100ms,118,59.0,0,True,True,True,False,30,4734,5,211,0.00013811775541398673,68863.42919075665,0.0007432231068378314,40.0,0.6422355908999452,0,0,,,0.0,51,1,0.20527655877098905,1.0,0.7708467203096832,0.23696263315022303,24,0.004028320312500118,0.0,80.91860731905035,25,4377,3
5,adaptive_t0_i100ms,118,59.0,0,True,True,True,False,30,4734,5,211,0.00013811775541398673,68863.42919075665,0.0007432231068378314,40.0,0.6422355908999452,0,0,,,0.0,80,2,1.4835978804463132,1.0,0.7709550306633477,1.5258459796186252,33,0.005538940429687625,0.0,21.170958684917423,2,5762,15
5,adaptive_t0_i100ms,118,59.0,0,True,True,True,False,30,4734,5,211,0.00013811775541398673,68863.42919075665,0.0007432231068378314,40.0,0.6422355908999452,0,0,,,0.0,81,2,7.027070436475528,1.0,0.7709625862223419,7.06931853564784,45,0.00755310058593766,0.0,5.702066068988643,10,4842,10
5,adaptive_t0_i100ms,118,59.0,0,True,True,True,False,30,4734,5,211,0.00013811775541398673,68863.42919075665,0.0007432231068378314,40.0,0.6422355908999452,0,0,,,0.0,83,2,0.2180268190529661,1.0,0.7708148421820598,0.26027491822527804,39,0.006546020507812625,0.0,87.32474664963956,26,5274,11
5,adaptive_t0_i100ms,118,59.0,0,True,True,True,False,30,4734,5,211,0.00013811775541398673,68863.42919075665,0.0007432231068378314,40.0,0.6422355908999452,0,0,,,0.0,112,3,0.26521661229529475,1.0,0.7705080317094967,0.29690268667452874,6,0.0010070800781251327,0.0,18.533238644638914,3,4835,2
5,adaptive_t0_i100ms,118,59.0,0,True,True,True,False,30,4734,5,211,0.00013811775541398673,68863.42919075665,0.0007432231068378314,40.0,0.6422355908999452,0,0,,,0.0,113,3,0.19995205685168393,1.0,0.7707539261027521,0.23163813123091792,133,0.022323608398437597,0.0,26.379767086807988,11,4683,6
5,adaptive_t0_i100ms,118,59.0,0,True,True,True,False,30,4734,5,211,0.00013811775541398673,68863.42919075665,0.0007432231068378314,40.0,0.6422355908999452,0,0,,,0.0,114,3,0.32990359090390325,1.0,0.7705874948838599,0.36158966528313724,32,0.005287170410156384,0.0,8.994539121093112,19,4659,1
5,adaptive_t0_i100ms,118,59.0,0,True,True,True,False,30,4734,5,211,0.00013811775541398673,68863.42919075665,0.0007432231068378314,40.0,0.6422355908999452,0,0,,,0.0,115,3,0.22285908304822938,1.0,0.7704347109802886,0.25454515742746336,281,0.047164916992187576,0.0,27.373758663932676,27,3899,4
5,adaptive_t0_i100ms,118,59.0,0,True,True,True,False,30,4734,5,211,0.00013811775541398673,68863.42919075665,0.0007432231068378314,40.0,0.6422355908999452,0,0,,,0.0,144,4,0.2098466115890236,1.0,0.7706620333893033,0.24153268596825758,62,0.010406494140625125,0.0,90.03817052672093,4,4740,10
5,adaptive_t0_i100ms,118,59.0,0,True,True,True,False,30,4734,5,211,0.00013811775541398673,68863.42919075665,0.0007432231068378314,40.0,0.6422355908999452,0,0,,,0.0,145,4,1.5924865245913156,1.0,0.7709489940714964,1.6241725989705496,34,0.005706787109375111,0.0,31.136009292837116,12,4620,15
5,adaptive_t0_i100ms,118,59.0,0,True,True,True,False,30,4734,5,211,0.00013811775541398673,68863.42919075665,0.0007432231068378314,40.0,0.6422355908999452,0,0,,,0.0,146,4,1.7963534188725847,1.0,0.7708822630428073,1.8280394932518187,148,0.024841308593750167,0.0,14.741846185686882,20,5108,7
5,adaptive_t0_i100ms,118,59.0,0,True,True,True,False,30,4734,5,211,0.00013811775541398673,68863.42919075665,0.0007432231068378314,40.0,0.6422355908999452,0,0,,,0.0,147,4,0.23306086018504327,1.0,0.7706310188785516,0.2647469345642772,37,0.006210327148437618,0.0,157.47601659332577,28,5084,6
5,adaptive_t0_i100ms,118,59.0,0,True,True,True,False,30,4734,5,211,0.00013811775541398673,68863.42919075665,0.0007432231068378314,40.0,0.6422355908999452,0,0,,,0.0,176,5,0.20979012933465452,1.0,0.7704241892353053,0.2414762037138885,274,0.04598999023437511,0.0,27.61713634947955,5,3717,14
5,adaptive_t0_i100ms,118,59.0,0,True,True,True,False,30,4734,5,211,0.00013811775541398673,68863.42919075665,0.0007432231068378314,40.0,0.6422355908999452,0,0,,,0.0,177,5,0.9313596289627659,1.0,0.7709551665703623,0.9630457033419999,175,0.029373168945312646,0.0,15.054293208857416,13,4397,8
5,adaptive_t0_i100ms,118,59.0,0,True,True,True,False,30,4734,5,211,0.00013811775541398673,68863.42919075665,0.0007432231068378314,40.0,0.6422355908999452,0,0,,,0.0,178,5,0.8136015149559793,1.0,0.7709348494458287,0.8452875893352133,15,0.0025177001953126457,0.0,41.77952328398533,21,4533,5
5,adaptive_t0_i100ms,118,59.0,0,True,True,True,False,30,4734,5,211,0.00013811775541398673,68863.42919075665,0.0007432231068378314,40.0,0.6422355908999452,0,0,,,0.0,179,5,3.473817157387245,1.0,0.7709700156276186,3.505503231766479,274,0.045989990234375104,0.0,2.5586174891650444,29,3549,15
5,adaptive_t0_i100ms,118,59.0,0,True,True,True,False,30,4734,5,211,0.00013811775541398673,68863.42919075665,0.0007432231068378314,40.0,0.6422355908999452,0,0,,,0.0,208,6,1.5993898023083795,1.0,0.7709262193915174,1.6310758766876134,226,0.037933349609375076,0.0,6.319383114212542,6,4966,4
5,adaptive_t0_i100ms,118,59.0,0,True,True,True,False,30,4734,5,211,0.00013811775541398673,68863.42919075665,0.0007432231068378314,40.0,0.6422355908999452,0,0,,,0.0,209,6,0.2039773400445904,1.0,0.7707093398735527,0.23566341442382438,108,0.018127441406250167,0.0,29.058617794697057,14,5326,2
5,adaptive_t0_i100ms,118,59.0,0,True,True,True,False,30,4734,5,211,0.00013811775541398673,68863.42919075665,0.0007432231068378314,40.0,0.6422355908999452,0,0,,,0.0,210,6,1.7325227655852662,1.0,0.7709709023645821,1.7642088399645002,177,0.029624938964843875,0.0,19.25118883610412,22,4854,10
5,adaptive_t0_i100ms,118,59.0,0,True,True,True,True,30,4734,5,211,0.00013811775541398673,68863.42919075665,0.0007432231068378314,40.0,0.6422355908999452,0,0,,,0.0,211,6,0.8313463961705696,1.0,0.7709740630392535,0.8630324705498036,243,0.04078674316406264,0.00013811775541398673,12.028268307083636,30,4734,5
5,adaptive_t0_i100ms,118,59.0,0,True,True,True,False,30,4734,5,211,0.00013811775541398673,68863.42919075665,0.0007432231068378314,40.0,0.6422355908999452,0,0,,,0.0,240,7,3.212745635392582,1.0,0.7709667203582609,3.244431709771816,244,0.04095458984375011,0.0,0.1293597999465419,7,4647,2
5,adaptive_t0_i100ms,118,59.0,0,True,True,True,False,30,4734,5,211,0.00013811775541398673,68863.42919075665,0.0007432231068378314,40.0,0.6422355908999452,0,0,,,0.0,241,7,0.21052622782954897,1.0,0.7706775310321238,0.24221230220878295,169,0.028366088867187625,0.0,39.91819030405895,15,5391,7
5,adaptive_t0_i100ms,118,59.0,0,True,True,True,False,30,4734,5,211,0.00013811775541398673,68863.42919075665,0.0007432231068378314,40.0,0.6422355908999452,0,0,,,0.0,242,7,0.20694280267500345,1.0,0.7703605665198753,0.23862887705423744,23,0.0038604736328126457,0.0,128.7481841972185,23,5079,4
5,adaptive_t0_i100ms,118,59.0,0,True,True,True,False,30,4734,5,211,0.00013811775541398673,68863.42919075665,0.0007432231068378314,40.0,0.6422355908999452,0,0,,,0.0,243,7,1.5709016168784817,1.0,0.7709293649598975,1.6025876912577157,149,0.02492523193359389,0.0,19.29585625596519,31,5151,3
5,adaptive_t0_i100ms,119,59.5,0,True,True,True,False,26,5306,2,83,2.7955343248322614e-05,69363.42643669635,0.003497283410979435,40.0,0.28956347780418584,0,0,,,0.0,17,0,0.7806211162994386,1.0,0.04233795590502549,1.2193624379185897,192,0.03222656250000015,0.0,14.045850033275201,8,5224,4
5,adaptive_t0_i100ms,119,59.5,0,True,True,True,False,26,5306,2,83,2.7955343248322614e-05,69363.42643669635,0.003497283410979435,40.0,0.28956347780418584,0,0,,,0.0,18,0,2.202311047505601,1.0,0.04242530703986849,2.6410523691247523,31,0.005203247070312569,0.0,15.203498761344235,16,4272,11
5,adaptive_t0_i100ms,119,59.5,0,True,True,True,False,26,5306,2,83,2.7955343248322614e-05,69363.42643669635,0.003497283410979435,40.0,0.28956347780418584,0,0,,,0.0,19,0,6.124760012667589,1.0,0.04244641186910026,6.56350133428674,7,0.001174926757812611,0.0,5.4419692752708215,24,4792,9
5,adaptive_t0_i100ms,119,59.5,0,True,True,True,False,26,5306,2,83,2.7955343248322614e-05,69363.42643669635,0.003497283410979435,40.0,0.28956347780418584,0,0,,,0.0,48,1,0.38796037248229975,1.0,0.04246113400963693,1.7041843373397527,97,0.016281127929687694,0.0,10.583804851732566,1,5409,13
5,adaptive_t0_i100ms,119,59.5,0,True,True,True,True,26,5306,2,83,2.7955343248322614e-05,69363.42643669635,0.003497283410979435,40.0,0.28956347780418584,0,0,,,0.0,83,2,1.2697712355316018,1.0,0.04246211741224482,2.5859952003890547,53,0.008895874023437625,2.7955343248322614e-05,11.647906859376235,26,5306,2
5,adaptive_t0_i100ms,119,59.5,0,True,True,True,False,26,5306,2,83,2.7955343248322614e-05,69363.42643669635,0.003497283410979435,40.0,0.28956347780418584,0,0,,,0.0,112,3,0.8101084066864015,1.0,0.04244171199594457,1.2488497283055524,132,0.022155761718750132,0.0,4.408166232795338,3,4867,7
5,adaptive_t0_i100ms,119,59.5,0,True,True,True,False,26,5306,2,83,2.7955343248322614e-05,69363.42643669635,0.003497283410979435,40.0,0.28956347780418584,0,0,,,0.0,113,3,0.3610705914733886,1.0,0.04228139124363811,0.7998119130925396,172,0.028869628906250097,0.0,1.154293279934791,11,4683,12
5,adaptive_t0_i100ms,119,59.5,0,True,True,True,False,26,5306,2,83,2.7955343248322614e-05,69363.42643669635,0.003497283410979435,40.0,0.28956347780418584,0,0,,,0.0,114,3,0.8140679701171879,1.0,0.042353322146531674,1.252809291736339,129,0.02165222167968764,0.0,10.589477689034538,19,4691,8
5,adaptive_t0_i100ms,119,59.5,0,True,True,True,False,26,5306,2,83,2.7955343248322614e-05,69363.42643669635,0.003497283410979435,40.0,0.28956347780418584,0,0,,,0.0,176,5,2.110718951922471,1.0,0.04243252469762608,2.4397749431368343,175,0.02937316894531261,0.0,10.039726262475597,5,3749,4
5,adaptive_t0_i100ms,119,59.5,0,True,True,True,False,26,5306,2,83,2.7955343248322614e-05,69363.42643669635,0.003497283410979435,40.0,0.28956347780418584,0,0,,,0.0,177,5,0.7735029906188966,1.0,0.042320145543169714,1.1025589818332597,217,0.03642272949218765,0.0,11.711551205182332,13,4429,3
5,adaptive_t0_i100ms,119,59.5,0,True,True,True,False,26,5306,2,83,2.7955343248322614e-05,69363.42643669635,0.003497283410979435,40.0,0.28956347780418584,0,0,,,0.0,178,5,2.1967805840032817,1.0,0.042409845600412034,2.525836575217645,119,0.019973754882812646,0.0,11.162047183475806,21,4565,7
5,adaptive_t0_i100ms,119,59.5,0,True,True,True,False,26,5306,2,83,2.7955343248322614e-05,69363.42643669635,0.003497283410979435,40.0,0.28956347780418584,0,0,,,0.0,179,5,0.7913775764739991,1.0,0.04243322841255396,1.1204335676883623,125,0.020980834960937604,0.0,6.166896032620571,29,3677,3
5,adaptive_t0_i100ms,119,59.5,0,True,True,True,False,26,5306,2,83,2.7955343248322614e-05,69363.42643669635,0.003497283410979435,40.0,0.28956347780418584,0,0,,,0.0,210,6,10.855438044598865,1.0,0.04245917608266311,12.171662009456318,112,0.018798828125000125,0.0,1.1255317051254679,22,4950,13
5,adaptive_t0_i100ms,119,59.5,0,True,True,True,False,26,5306,2,83,2.7955343248322614e-05,69363.42643669635,0.003497283410979435,40.0,0.28956347780418584,0,0,,,0.0,240,7,1.307943345616807,1.0,0.042439541872640506,2.62416731047426,164,0.02752685546875011,0.0,3.325239959769533,7,4679,12
5,adaptive_t0_i100ms,120,60.0,0,True,True,True,True,25,4409,8,51,1.6889474936760974e-05,69863.42616004964,0.003773930118768476,40.0,0.06774302472884301,0,0,,,0.0,51,1,6.162052341648358,1.0,0.018869576765308052,17.00029811130351,256,0.04288482666015637,1.6889474936760974e-05,0.7389059716806514,25,4409,8
5,adaptive_t0_i100ms,120,60.0,0,True,True,True,False,25,4409,8,51,1.6889474936760974e-05,69863.42616004964,0.003773930118768476,40.0,0.06774302472884301,0,0,,,0.0,112,3,1.1045895307637734,1.0,0.018862918012279083,11.942835300418928,33,0.005538940429687639,0.0,8.448291328255436,3,4931,3
5,adaptive_t0_i100ms,120,60.0,0,True,True,True,False,25,4409,8,51,1.6889474936760974e-05,69863.42616004964,0.003773930118768476,40.0,0.06774302472884301,0,0,,,0.0,243,7,0.21862081862240224,1.0,0.018856684676657746,11.056866588277556,115,0.01930236816406264,0.0,1.5686764584825141,31,5215,5
5,adaptive_t0_i100ms,121,60.5,0,True,True,True,False,13,4461,1,177,0.0001067221286939457,70363.42840586598,0.0015281137748388574,40.0,0.5491332113865065,0,0,,,0.0,16,0,0.3866361779937744,1.0,0.09791238657848138,1.037944351758882,206,0.03457641601562512,0.0,6.156179177734884,0,5376,7
5,adaptive_t0_i100ms,121,60.5,0,True,True,True,False,13,4461,1,177,0.0001067221286939457,70363.42840586598,0.0015281137748388574,40.0,0.5491332113865065,0,0,,,0.0,17,0,1.4447847467834471,1.0,0.0979354094779532,2.096092920548555,47,0.007888793945312653,0.0,10.43089566040726,8,5288,3
5,adaptive_t0_i100ms,121,60.5,0,True,True,True,False,13,4461,1,177,0.0001067221286939457,70363.42840586598,0.0015281137748388574,40.0,0.5491332113865065,0,0,,,0.0,19,0,0.39472480096435547,1.0,0.09794954633830605,1.046032974729463,222,0.03726196289062511,0.0,4.534222280359245,24,4920,5
5,adaptive_t0_i100ms,121,60.5,0,True,True,True,False,13,4461,1,177,0.0001067221286939457,70363.42840586598,0.0015281137748388574,40.0,0.5491332113865065,0,0,,,0.0,48,1,3.4088677486633303,1.0,0.09799327743317325,5.3627922699586525,144,0.024169921875000194,0.0,5.2889434350217925,1,5537,12
5,adaptive_t0_i100ms,121,60.5,0,True,True,True,False,13,4461,1,177,0.0001067221286939457,70363.42840586598,0.0015281137748388574,40.0,0.5491332113865065,0,0,,,0.0,80,2,0.7490393520263672,1.0,0.0978903258516624,1.4003475257914748,24,0.004028320312500125,0.0,12.281236864218954,2,5858,12
5,adaptive_t0_i100ms,121,60.5,0,True,True,True,False,13,4461,1,177,0.0001067221286939457,70363.42840586598,0.0015281137748388574,40.0,0.5491332113865065,0,0,,,0.0,82,2,1.5539159133544924,1.0,0.09795469906178055,2.2052240871196,211,0.035415649414062646,0.0,4.672871674003545,18,4818,6
5,adaptive_t0_i100ms,121,60.5,0,True,True,True,False,13,4461,1,177,0.0001067221286939457,70363.42840586598,0.0015281137748388574,40.0,0.5491332113865065,0,0,,,0.0,83,2,5.194935176012086,1.0,0.09800574628997172,5.846243349777193,151,0.025344848632812625,0.0,1.7280613153561717,26,5402,13
5,adaptive_t0_i100ms,121,60.5,0,True,True,True,False,13,4461,1,177,0.0001067221286939457,70363.42840586598,0.0015281137748388574,40.0,0.5491332113865065,0,0,,,0.0,112,3,0.0,1.0,0.09780719134602057,0.4884811303238306,60,0.010070800781250139,0.0,12.38637820900476,3,4963,1
5,adaptive_t0_i100ms,121,60.5,0,True,True,True,False,13,4461,1,177,0.0001067221286939457,70363.42840586598,0.0015281137748388574,40.0,0.5491332113865065,0,0,,,0.0,113,3,0.67750281126709,1.0,0.09799675435450492,1.1659839415909206,210,0.0352478027343751,0.0,13.641960240187473,11,4843,1
5,adaptive_t0_i100ms,121,60.5,0,True,True,True,False,13,4461,1,177,0.0001067221286939457,70363.42840586598,0.0015281137748388574,40.0,0.5491332113865065,0,0,,,0.0,114,3,1.653226328869629,1.0,0.0979669070565099,2.1417074591934595,124,0.020812988281250146,0.0,12.633678004771355,19,4755,15
5,adaptive_t0_i100ms,121,60.5,0,True,True,True,False,13,4461,1,177,0.0001067221286939457,70363.42840586598,0.0015281137748388574,40.0,0.5491332113865065,0,0,,,0.0,115,3,0.40243577484741205,1.0,0.09798672336323529,0.8909169051712427,287,0.048171997070312576,0.0,8.583880588208558,27,3899,15
5,adaptive_t0_i100ms,121,60.5,0,True,True,True,False,13,4461,1,177,0.0001067221286939457,70363.42840586598,0.0015281137748388574,40.0,0.5491332113865065,0,0,,,0.0,144,4,0.799602784780884,1.0,0.09791752126177757,1.4509109585459914,187,0.03138732910156263,0.0,12.438514531168039,4,4836,5
5,adaptive_t0_i100ms,121,60.5,0,True,True,True,False,13,4461,1,177,0.0001067221286939457,70363.42840586598,0.0015281137748388574,40.0,0.5491332113865065,0,0,,,0.0,145,4,0.7764793038024902,1.0,0.0978886918572622,1.4277874775675978,269,0.04515075683593761,0.0,2.862653704432887,12,4748,4
5,adaptive_t0_i100ms,121,60.5,0,True,True,True,False,13,4461,1,177,0.0001067221286939457,70363.42840586598,0.0015281137748388574,40.0,0.5491332113865065,0,0,,,0.0,147,4,1.5097188927062986,1.0,0.09801272792710941,2.161027066471406,101,0.016952514648437618,0.0,6.681763856598991,28,5116,10
5,adaptive_t0_i100ms,121,60.5,0,True,True,True,False,13,4461,1,177,0.0001067221286939457,70363.42840586598,0.0015281137748388574,40.0,0.5491332113865065,0,0,,,0.0,176,5,0.3554799692047118,1.0,0.0979159670880968,1.0067881429698193,194,0.03256225585937511,0.0,0.3236798627913231,5,3845,7
5,adaptive_t0_i100ms,121,60.5,0,True,True,True,True,13,4461,1,177,0.0001067221286939457,70363.42840586598,0.0015281137748388574,40.0,0.5491332113865065,0,0,,,0.0,177,5,0.4125197714996338,1.0,0.09798192446954126,1.0638279452647414,25,0.004196166992187653,0.0001067221286939457,21.289021426273393,13,4461,1
5,adaptive_t0_i100ms,121,60.5,0,True,True,True,False,13,4461,1,177,0.0001067221286939457,70363.42840586598,0.0015281137748388574,40.0,0.5491332113865065,0,0,,,0.0,178,5,0.835193413183594,1.0,0.097896710498319,1.4865015869487015,320,0.05371093750000015,0.0,4.24867208339856,21,4629,4
5,adaptive_t0_i100ms,121,60.5,0,True,True,True,False,13,4461,1,177,0.0001067221286939457,70363.42840586598,0.0015281137748388574,40.0,0.5491332113865065,0,0,,,0.0,209,6,1.6931945548095706,1.0,0.09795825153442733,2.3445027285746782,214,0.03591918945312517,0.0,10.258568134217057,14,5358,13
5,adaptive_t0_i100ms,121,60.5,0,True,True,True,False,13,4461,1,177,0.0001067221286939457,70363.42840586598,0.0015281137748388574,40.0,0.5491332113865065,0,0,,,0.0,210,6,0.8360742443939209,1.0,0.09796063770311374,1.4873824181590285,258,0.043304443359375125,0.0,10.532254254692816,22,5078,9
5,adaptive_t0_i100ms,121,60.5,0,True,True,True,False,13,4461,1,177,0.0001067221286939457,70363.42840586598,0.0015281137748388574,40.0,0.5491332113865065,0,0,,,0.0,211,6,3.2381965857696535,1.0,0.09799871229871814,3.889504759534761,17,0.0028533935546876388,0.0,8.3125325859437,30,4894,0
5,adaptive_t0_i100ms,122,61.0,0,True,True,True,False,29,3741,7,179,0.00012631298392079773,70863.42889563736,0.0010383423941675574,40.0,0.29108853222220205,0,0,,,0.0,82,2,1.0562061381012313,1.0,0.03721703525278881,3.5223833053282103,14,0.0023498535156251457,0.0,6.001312482258072,18,4850,12
5,adaptive_t0_i100ms,122,61.0,0,True,True,True,False,29,3741,7,179,0.00012631298392079773,70863.42889563736,0.0010383423941675574,40.0,0.29108853222220205,0,0,,,0.0,83,2,1.0094385442626554,1.0,0.03719062859659766,3.4756157114896347,198,0.033233642578125125,0.0,0.43227894269512035,26,5498,5
5,adaptive_t0_i100ms,122,61.0,0,True,True,True,False,29,3741,7,179,0.00012631298392079773,70863.42889563736,0.0010383423941675574,40.0,0.29108853222220205,0,0,,,0.0,115,3,4.2346393116771885,1.0,0.03722843045676884,9.166993646131147,170,0.028533935546875076,0.0,0.08495456298987847,27,4027,2
5,adaptive_t0_i100ms,122,61.0,0,True,True,True,False,29,3741,7,179,0.00012631298392079773,70863.42889563736,0.0010383423941675574,40.0,0.29108853222220205,0,0,,,0.0,145,4,0.5123851713548551,1.0,0.037188276464418954,2.978562338581834,247,0.04145812988281261,0.0,1.3517489826335805,12,4748,12
5,adaptive_t0_i100ms,122,61.0,0,True,True,True,False,29,3741,7,179,0.00012631298392079773,70863.42889563736,0.0010383423941675574,40.0,0.29108853222220205,0,0,,,0.0,146,4,0.25077096743976934,1.0,0.037182496334338726,2.7169481346667483,300,0.05035400390625017,0.0,0.8981582590349717,20,5140,13
5,adaptive_t0_i100ms,122,61.0,0,True,True,True,False,29,3741,7,179,0.00012631298392079773,70863.42889563736,0.0010383423941675574,40.0,0.29108853222220205,0,0,,,0.0,177,5,0.27221461379847744,1.0,0.03720615853534734,1.9163327252831301,214,0.03591918945312515,0.0,2.6040586127055576,13,4461,6
5,adaptive_t0_i100ms,122,61.0,0,True,True,True,False,29,3741,7,179,0.00012631298392079773,70863.42889563736,0.0010383423941675574,40.0,0.29108853222220205,0,0,,,0.0,178,5,0.5511295897171467,1.0,0.03722240785114622,2.195247701201799,205,0.03440856933593765,0.0,9.007407192519167,21,4629,11
5,adaptive_t0_i100ms,122,61.0,0,True,True,True,True,29,3741,7,179,0.00012631298392079773,70863.42889563736,0.0010383423941675574,40.0,0.29108853222220205,0,0,,,0.0,179,5,6.34211596851642,1.0,0.03723316129628353,7.986234080001072,212,0.03549957275390636,0.00012631298392079773,1.6012573344924022,29,3741,7
5,adaptive_t0_i100ms,122,61.0,0,True,True,True,False,29,3741,7,179,0.00012631298392079773,70863.42889563736,0.0010383423941675574,40.0,0.29108853222220205,0,0,,,0.0,209,6,1.1093280228624662,1.0,0.037224669340456616,6.041682357316424,174,0.029205322265625167,0.0,6.958985439472599,14,5422,0
5,adaptive_t0_i100ms,123,61.5,0,True,True,True,True,1,5697,7,48,0.0001492011675145477,71363.42946784195,0.00046613780432380736,40.0,0.46424527050345205,0,0,,,0.0,48,1,6.026358054154026,1.0,0.5267371642023604,6.5906660472998055,2,0.00033569335937520817,0.0001492011675145477,0.0008053711790125817,1,5697,7
5,adaptive_t0_i100ms,123,61.5,0,True,True,True,False,1,5697,7,48,0.0001492011675145477,71363.42946784195,0.00046613780432380736,40.0,0.46424527050345205,0,0,,,0.0,50,1,5.842680958163845,1.0,0.5268470668122863,6.406988951309624,99,0.016616821289062656,0.0,0.7033499261306133,17,5809,4
5,adaptive_t0_i100ms,123,61.5,0,True,True,True,False,1,5697,7,48,0.0001492011675145477,71363.42946784195,0.00046613780432380736,40.0,0.46424527050345205,0,0,,,0.0,51,1,0.4669527937535866,1.0,0.526812029826144,1.0312607868993657,296,0.049682617187500125,0.0,1.2007380833820207,25,4505,15
5,adaptive_t0_i100ms,123,61.5,0,True,True,True,False,1,5697,7,48,0.0001492011675145477,71363.42946784195,0.00046613780432380736,40.0,0.46424527050345205,0,0,,,0.0,80,2,0.48107133245821343,1.0,0.5268559732600021,1.327533322176882,201,0.03373718261718763,0.0,3.6325061060633743,2,5954,12
5,adaptive_t0_i100ms,123,61.5,0,True,True,True,False,1,5697,7,48,0.0001492011675145477,71363.42946784195,0.00046613780432380736,40.0,0.46424527050345205,0,0,,,0.0,83,2,0.5234724464396716,1.0,0.5268403388484264,1.3699344361583403,182,0.030548095703125125,0.0,16.132813594973413,26,5530,7
5,adaptive_t0_i100ms,123,61.5,0,True,True,True,False,1,5697,7,48,0.0001492011675145477,71363.42946784195,0.00046613780432380736,40.0,0.46424527050345205,0,0,,,0.0,112,3,0.5598437597800353,1.0,0.5267881784826053,1.1241517529258145,205,0.03440856933593764,0.0,5.37967621369171,3,5027,9
5,adaptive_t0_i100ms,123,61.5,0,True,True,True,False,1,5697,7,48,0.0001492011675145477,71363.42946784195,0.00046613780432380736,40.0,0.46424527050345205,0,0,,,0.0,113,3,0.24217324451142327,1.0,0.526746805743633,0.8064812376572024,174,0.029205322265625097,0.0,24.273442283272743,11,4843,8
5,adaptive_t0_i100ms,123,61.5,0,True,True,True,False,1,5697,7,48,0.0001492011675145477,71363.42946784195,0.00046613780432380736,40.0,0.46424527050345205,0,0,,,0.0,115,3,1.0084185738293678,1.0,0.526778878356549,1.572726566975147,42,0.007049560546875076,0.0,12.735982802201761,27,4059,13
5,adaptive_t0_i100ms,123,61.5,0,True,True,True,False,1,5697,7,48,0.0001492011675145477,71363.42946784195,0.00046613780432380736,40.0,0.46424527050345205,0,0,,,0.0,144,4,3.927589066349618,1.0,0.5268661905297047,4.491897059495397,39,0.006546020507812632,0.0,0.7409192622581031,4,4900,8
5,adaptive_t0_i100ms,123,61.5,0,True,True,True,False,1,5697,7,48,0.0001492011675145477,71363.42946784195,0.00046613780432380736,40.0,0.46424527050345205,0,0,,,0.0,145,4,2.144238997167188,1.0,0.5268155116161988,2.708546990312967,62,0.010406494140625111,0.0,7.407786447525723,12,4780,15
5,adaptive_t0_i100ms,123,61.5,0,True,True,True,False,1,5697,7,48,0.0001492011675145477,71363.42946784195,0.00046613780432380736,40.0,0.46424527050345205,0,0,,,0.0,147,4,1.7152330005582406,1.0,0.5268086765775901,2.2795409937040194,136,0.022827148437500125,0.0,13.26600873618736,28,5308,1
5,adaptive_t0_i100ms,123,61.5,0,True,True,True,False,1,5697,7,48,0.0001492011675145477,71363.42946784195,0.00046613780432380736,40.0,0.46424527050345205,0,0,,,0.0,178,5,0.4334989707841324,1.0,0.5267694796595617,1.279960960502801,53,0.008895874023437653,0.0,12.904803940997226,21,4661,3
5,adaptive_t0_i100ms,123,61.5,0,True,True,True,False,1,5697,7,48,0.0001492011675145477,71363.42946784195,0.00046613780432380736,40.0,0.46424527050345205,0,0,,,0.0,179,5,0.23514201022605494,1.0,0.5268437988645495,1.0816039999447236,14,0.002349853515625111,0.0,53.81041426213051,29,3773,4
5,adaptive_t0_i100ms,123,61.5,0,True,True,True,False,1,5697,7,48,0.0001492011675145477,71363.42946784195,0.00046613780432380736,40.0,0.46424527050345205,0,0,,,0.0,208,6,1.032488992597318,1.0,0.5268114489753727,1.4557199874566522,129,0.021652221679687583,0.0,10.52914618930663,6,5222,7
5,adaptive_t0_i100ms,123,61.5,0,True,True,True,False,1,5697,7,48,0.0001492011675145477,71363.42946784195,0.00046613780432380736,40.0,0.46424527050345205,0,0,,,0.0,209,6,0.4717455002389158,1.0,0.5267116968704575,0.8949764950982502,8,0.0013427734375001665,0.0,17.827141711270087,14,5454,11
5,adaptive_t0_i100ms,123,61.5,0,True,True,True,False,1,5697,7,48,0.0001492011675145477,71363.42946784195,0.00046613780432380736,40.0,0.46424527050345205,0,0,,,0.0,210,6,0.5234724464396716,1.0,0.5268175408342552,0.9467034412990059,138,0.023162841796875125,0.0,27.228848398881382,22,5110,8
5,adaptive_t0_i100ms,123,61.5,0,True,True,True,False,1,5697,7,48,0.0001492011675145477,71363.42946784195,0.00046613780432380736,40.0,0.46424527050345205,0,0,,,0.0,211,6,0.525321892972785,1.0,0.5267427473504885,0.9485528878321192,317,0.053207397460937646,0.0,4.518315877750865,30,4926,14
5,adaptive_t0_i100ms,123,61.5,0,True,True,True,False,1,5697,7,48,0.0001492011675145477,71363.42946784195,0.00046613780432380736,40.0,0.46424527050345205,0,0,,,0.0,241,7,0.2645221060803067,1.0,0.5267659067937097,0.8288300992260857,284,0.047668457031250125,0.0,10.000559449428692,15,5455,8
5,adaptive_t0_i100ms,123,61.5,0,True,True,True,False,1,5697,7,48,0.0001492011675145477,71363.42946784195,0.00046613780432380736,40.0,0.46424527050345205,0,0,,,0.0,242,7,0.9766787767812469,1.0,0.5268173564996717,1.5409867699270259,78,0.013092041015625146,0.0,14.32365233550081,23,5207,10
5,adaptive_t0_i100ms,123,61.5,0,True,True,True,False,1,5697,7,48,0.0001492011675145477,71363.42946784195,0.00046613780432380736,40.0,0.46424527050345205,0,0,,,0.0,243,7,0.748629220652991,1.0,0.5268548752195562,1.31293721379877,306,0.05136108398437514,0.0,1.179624462762149,31,5343,1
5,adaptive_t0_i100ms,124,62.0,0,True,True,True,False,25,4601,10,51,8.816601126454771e-05,71863.42794196305,0.0019920167105738074,40.0,0.5591854560503271,0,0,,,0.0,16,0,0.4331927268872489,1.0,1.0049815185122095,0.7148116948735894,103,0.017288208007812625,0.0,30.63338102363923,0,5440,2
5,adaptive_t0_i100ms,124,62.0,0,True,True,True,False,25,4601,10,51,8.816601126454771e-05,71863.42794196305,0.0019920167105738074,40.0,0.5591854560503271,0,0,,,0.0,17,0,0.2822726647551039,1.0,1.0049191366122399,0.5638916327414443,155,0.02601623535156266,0.0,68.27628170412208,8,5320,10
5,adaptive_t0_i100ms,124,62.0,0,True,True,True,False,25,4601,10,51,8.816601126454771e-05,71863.42794196305,0.0019920167105738074,40.0,0.5591854560503271,0,0,,,0.0,18,0,0.25673825125026206,1.0,1.0051386335517178,0.5383572192366025,53,0.008895874023437576,0.0,59.36434052398545,16,4528,12
5,adaptive_t0_i100ms,124,62.0,0,True,True,True,False,25,4601,10,51,8.816601126454771e-05,71863.42794196305,0.0019920167105738074,40.0,0.5591854560503271,0,0,,,0.0,19,0,3.9053309998910817,1.0,1.0051627357210413,4.186949967877422,131,0.02198791503906261,0.0,5.341690499713877,24,4984,14
5,adaptive_t0_i100ms,124,62.0,0,True,True,True,False,25,4601,10,51,8.816601126454771e-05,71863.42794196305,0.0019920167105738074,40.0,0.5591854560503271,0,0,,,0.0,49,1,1.0455648254144032,1.0,1.0050822556333658,1.4210567827295237,265,0.04447937011718766,0.0,2.0667377438221592,9,5129,10
5,adaptive_t0_i100ms,124,62.0,0,True,True,True,False,25,4601,10,51,8.816601126454771e-05,71863.42794196305,0.0019920167105738074,40.0,0.5591854560503271,0,0,,,0.0,50,1,2.0878345417487916,1.0,1.0051558842245316,2.4633264990639123,111,0.018630981445312653,0.0,12.987391426664544,17,5873,13
5,adaptive_t0_i100ms,124,62.0,0,True,True,True,True,25,4601,10,51,8.816601126454771e-05,71863.42794196305,0.0019920167105738074,40.0,0.5591854560503271,0,0,,,0.0,51,1,1.0089018178002656,1.0,1.0051940203078542,1.384393775115386,49,0.008224487304687625,8.816601126454771e-05,9.62271149744629,25,4601,10
5,adaptive_t0_i100ms,124,62.0,0,True,True,True,False,25,4601,10,51,8.816601126454771e-05,71863.42794196305,0.0019920167105738074,40.0,0.5591854560503271,0,0,,,0.0,80,2,0.4820030358379595,1.0,1.0051123651414846,0.7636220038243,14,0.002349853515625132,0.0,25.45553805938107,2,5986,8
5,adaptive_t0_i100ms,124,62.0,0,True,True,True,False,25,4601,10,51,8.816601126454771e-05,71863.42794196305,0.0019920167105738074,40.0,0.5591854560503271,0,0,,,0.0,81,2,0.1559277355242613,1.0,1.0049062055515001,0.43754670351060176,12,0.0020141601562501665,0.0,15.110016533668386,10,4970,8
5,adaptive_t0_i100ms,124,62.0,0,True,True,True,False,25,4601,10,51,8.816601126454771e-05,71863.42794196305,0.0019920167105738074,40.0,0.5591854560503271,0,0,,,0.0,82,2,5.109784140434263,1.0,1.005179612470029,5.3914031084206036,106,0.017791748046875153,0.0,4.469083932141075,18,5106,4
5,adaptive_t0_i100ms,124,62.0,0,True,True,True,False,25,4601,10,51,8.816601126454771e-05,71863.42794196305,0.0019920167105738074,40.0,0.5591854560503271,0,0,,,0.0,83,2,0.5113961815135892,1.0,1.005179607566943,0.7930151494999297,124,0.020812988281250125,0.0,44.04911566970986,26,5530,14
5,adaptive_t0_i100ms,124,62.0,0,True,True,True,False,25,4601,10,51,8.816601126454771e-05,71863.42794196305,0.0019920167105738074,40.0,0.5591854560503271,0,0,,,0.0,114,3,0.23658642083308104,1.0,1.0051655447831274,0.7998243568057619,178,0.029876708984375146,0.0,48.05798779030738,19,4851,8
5,adaptive_t0_i100ms,124,62.0,0,True,True,True,False,25,4601,10,51,8.816601126454771e-05,71863.42794196305,0.0019920167105738074,40.0,0.5591854560503271,0,0,,,0.0,115,3,0.25217391113576154,1.0,1.005020266197561,0.8154118471084424,187,0.031387329101562576,0.0,47.093992089503445,27,4123,3
5,adaptive_t0_i100ms,124,62.0,0,True,True,True,False,25,4601,10,51,8.816601126454771e-05,71863.42794196305,0.0019920167105738074,40.0,0.5591854560503271,0,0,,,0.0,144,4,0.1844562085894619,1.0,1.0049272148119506,0.46607517657580233,28,0.004699707031250132,0.0,27.480200472593424,4,4932,10
5,adaptive_t0_i100ms,124,62.0,0,True,True,True,False,25,4601,10,51,8.816601126454771e-05,71863.42794196305,0.0019920167105738074,40.0,0.5591854560503271,0,0,,,0.0,145,4,0.4981044424028057,1.0,1.0051498688441929,0.7797234103891462,9,0.0015106201171876145,0.0,32.86865363488323,12,4844,6
5,adaptive_t0_i100ms,124,62.0,0,True,True,True,False,25,4601,10,51,8.816601126454771e-05,71863.42794196305,0.0019920167105738074,40.0,0.5591854560503271,0,0,,,0.0,146,4,0.460331424911339,1.0,1.0051421411197534,0.7419503928976794,124,0.020812988281250167,0.0,20.470499339076923,20,5204,8
5,adaptive_t0_i100ms,124,62.0,0,True,True,True,False,25,4601,10,51,8.816601126454771e-05,71863.42794196305,0.0019920167105738074,40.0,0.5591854560503271,0,0,,,0.0,147,4,1.050836413724269,1.0,1.0051405262638766,1.3324553817106093,275,0.046157836914062625,0.0,4.441160594957182,28,5308,14
5,adaptive_t0_i100ms,124,62.0,0,True,True,True,False,25,4601,10,51,8.816601126454771e-05,71863.42794196305,0.0019920167105738074,40.0,0.5591854560503271,0,0,,,0.0,176,5,0.2629398208476725,1.0,1.0050802391613478,0.6384317781627931,129,0.02165222167968761,0.0,51.31396501850395,5,3877,6
5,adaptive_t0_i100ms,124,62.0,0,True,True,True,False,25,4601,10,51,8.816601126454771e-05,71863.42794196305,0.0019920167105738074,40.0,0.5591854560503271,0,0,,,0.0,177,5,0.2608935965609202,1.0,1.0051191846077812,0.6363855538760408,80,0.013427734375000153,0.0,68.74392553749203,13,4461,15
5,adaptive_t0_i100ms,124,62.0,0,True,True,True,False,25,4601,10,51,8.816601126454771e-05,71863.42794196305,0.0019920167105738074,40.0,0.5591854560503271,0,0,,,0.0,179,5,0.22971739383973916,1.0,1.0050094197602415,0.6052093511548597,149,0.02500915527343761,0.0,52.9597186899191,29,3773,8
5,adaptive_t0_i100ms,124,62.0,0,True,True,True,False,25,4601,10,51,8.816601126454771e-05,71863.42794196305,0.0019920167105738074,40.0,0.5591854560503271,0,0,,,0.0,208,6,0.2314684283044363,1.0,1.00491951294303,0.5130873962907767,103,0.017288208007812583,0.0,21.603375926584704,6,5254,4
5,adaptive_t0_i100ms,124,62.0,0,True,True,True,False,25,4601,10,51,8.816601126454771e-05,71863.42794196305,0.0019920167105738074,40.0,0.5591854560503271,0,0,,,0.0,209,6,2.024619119679497,1.0,1.0051407772051246,2.3062380876658373,295,0.04951477050781267,0.0,0.22222810055245645,14,5518,10
5,adaptive_t0_i100ms,124,62.0,0,True,True,True,False,25,4601,10,51,8.816601126454771e-05,71863.42794196305,0.0019920167105738074,40.0,0.5591854560503271,0,0,,,0.0,210,6,0.5113961815135892,1.0,1.0051410379422283,0.7930151494999297,82,0.013763427734375125,0.0,57.930016913829604,22,5110,15
5,adaptive_t0_i100ms,124,62.0,0,True,True,True,False,25,4601,10,51,8.816601126454771e-05,71863.42794196305,0.0019920167105738074,40.0,0.5591854560503271,0,0,,,0.0,211,6,0.468185158478818,1.0,1.0049741277133055,0.7498041264651585,30,0.005035400390625146,0.0,77.37342792309937,30,4958,3
5,adaptive_t0_i100ms,124,62.0,0,True,True,True,False,25,4601,10,51,8.816601126454771e-05,71863.42794196305,0.0019920167105738074,40.0,0.5591854560503271,0,0,,,0.0,240,7,7.763098974288678,1.0,1.005187486830121,8.044717942275017,14,0.002349853515625118,0.0,1.6688673807366285,7,4807,12
5,adaptive_t0_i100ms,124,62.0,0,True,True,True,False,25,4601,10,51,8.816601126454771e-05,71863.42794196305,0.0019920167105738074,40.0,0.5591854560503271,0,0,,,0.0,241,7,0.2584197046004243,1.0,1.005014905587,0.5400386725867647,100,0.016784667968750125,0.0,102.00731657813594,15,5455,11
5,adaptive_t0_i100ms,124,62.0,0,True,True,True,False,25,4601,10,51,8.816601126454771e-05,71863.42794196305,0.0019920167105738074,40.0,0.5591854560503271,0,0,,,0.0,242,7,0.4809156144035078,1.0,1.0050642693669705,0.7625345823898482,185,0.031051635742187646,0.0,25.625480905961012,23,5239,5
5,adaptive_t0_i100ms,124,62.0,0,True,True,True,False,25,4601,10,51,8.816601126454771e-05,71863.42794196305,0.0019920167105738074,40.0,0.5591854560503271,0,0,,,0.0,243,7,0.5351032892658748,1.0,1.00499318701008,0.8167222572522153,240,0.04028320312500014,0.0,18.13843049146817,31,5343,8
5,adaptive_t0_i100ms,125,62.5,0,True,True,True,False,9,5225,3,49,7.084631361067295e-05,72363.4275089706,0.0024250091519206762,40.0,0.5944159390870482,0,0,,,0.0,16,0,0.47901117434328105,1.0,0.3401604808784096,0.6910200737717036,3,0.0005035400390626249,0.0,61.97096446953947,0,5440,10
5,adaptive_t0_i100ms,125,62.5,0,True,True,True,False,9,5225,3,49,7.084631361067295e-05,72363.4275089706,0.0024250091519206762,40.0,0.5944159390870482,0,0,,,0.0,17,0,0.35492263637074684,1.0,0.3399281879142971,0.5669315357991694,205,0.03440856933593766,0.0,44.63683504029177,8,5320,14
5,adaptive_t0_i100ms,125,62.5,0,True,True,True,False,9,5225,3,49,7.084631361067295e-05,72363.4275089706,0.0024250091519206762,40.0,0.5944159390870482,0,0,,,0.0,18,0,2.945360420474141,1.0,0.3401608100483522,3.157369319902563,68,0.011413574218750076,0.0,1.9093048910144717,16,4592,15
5,adaptive_t0_i100ms,125,62.5,0,True,True,True,False,9,5225,3,49,7.084631361067295e-05,72363.4275089706,0.0024250091519206762,40.0,0.5944159390870482,0,0,,,0.0,19,0,0.3361046544836619,1.0,0.34016266102483506,0.5481135539120845,110,0.018463134765625118,0.0,77.69800410605967,24,5016,4
5,adaptive_t0_i100ms,125,62.5,0,True,True,True,False,9,5225,3,49,7.084631361067295e-05,72363.4275089706,0.0024250091519206762,40.0,0.5944159390870482,0,0,,,0.0,48,1,0.9231650943570751,1.0,0.34004951785148313,1.1351739937854977,139,0.023330688476562722,0.0,28.582673295750283,1,5857,1
5,adaptive_t0_i100ms,125,62.5,0,True,True,True,True,9,5225,3,49,7.084631361067295e-05,72363.4275089706,0.0024250091519206762,40.0,0.5944159390870482,0,0,,,0.0,49,1,3.532696057929951,1.0,0.3401970929762597,3.7447049573583735,35,0.00587463378906266,7.084631361067295e-05,13.3276545307599,9,5225,3
5,adaptive_t0_i100ms,125,62.5,0,True,True,True,False,9,5225,3,49,7.084631361067295e-05,72363.4275089706,0.0024250091519206762,40.0,0.5944159390870482,0,0,,,0.0,50,1,0.32269694126478976,1.0,0.3401346086615957,0.5347058406932124,17,0.0028533935546876596,0.0,82.91085202392424,17,6001,2
5,adaptive_t0_i100ms,125,62.5,0,True,True,True,False,9,5225,3,49,7.084631361067295e-05,72363.4275089706,0.0024250091519206762,40.0,0.5944159390870482,0,0,,,0.0,51,1,0.9777005601877636,1.0,0.34007543117820904,1.1897094596161861,255,0.042800903320312625,0.0,10.710147907666396,25,4633,10
5,adaptive_t0_i100ms,125,62.5,0,True,True,True,False,9,5225,3,49,7.084631361067295e-05,72363.4275089706,0.0024250091519206762,40.0,0.5944159390870482,0,0,,,0.0,80,2,6.114211014423359,1.0,0.3401756553990997,6.326219913851781,45,0.007553100585937635,0.0,2.849011798389256,2,6082,0
5,adaptive_t0_i100ms,125,62.5,0,True,True,True,False,9,5225,3,49,7.084631361067295e-05,72363.4275089706,0.0024250091519206762,40.0,0.5944159390870482,0,0,,,0.0,81,2,0.9095386186838571,1.0,0.340110767383657,1.1215475181122798,29,0.0048675537109376735,0.0,15.11790791671956,10,5034,8
5,adaptive_t0_i100ms,125,62.5,0,True,True,True,False,9,5225,3,49,7.084631361067295e-05,72363.4275089706,0.0024250091519206762,40.0,0.5944159390870482,0,0,,,0.0,82,2,1.9817402121595649,1.0,0.340121145441684,2.1937491115879872,29,0.0048675537109376535,0.0,1.2176403648336418,18,5170,3
5,adaptive_t0_i100ms,125,62.5,0,True,True,True,False,9,5225,3,49,7.084631361067295e-05,72363.4275089706,0.0024250091519206762,40.0,0.5944159390870482,0,0,,,0.0,83,2,1.728384097917866,1.0,0.3401470050906816,1.9403929973462886,64,0.010742187500000125,0.0,20.917345535417553,26,5594,9
5,adaptive_t0_i100ms,125,62.5,0,True,True,True,False,9,5225,3,49,7.084631361067295e-05,72363.4275089706,0.0024250091519206762,40.0,0.5944159390870482,0,0,,,0.0,112,3,0.32556743923134257,1.0,0.3400866651871087,0.5375763386597652,119,0.01997375488281264,0.0,44.887408892973326,3,5091,6
5,adaptive_t0_i100ms,125,62.5,0,True,True,True,False,9,5225,3,49,7.084631361067295e-05,72363.4275089706,0.0024250091519206762,40.0,0.5944159390870482,0,0,,,0.0,113,3,0.3173587821445505,1.0,0.33993596918391294,0.5293676815729731,255,0.0428009033203126,0.0,18.180432820226997,11,4843,15
5,adaptive_t0_i100ms,125,62.5,0,True,True,True,False,9,5225,3,49,7.084631361067295e-05,72363.4275089706,0.0024250091519206762,40.0,0.5944159390870482,0,0,,,0.0,114,3,0.31735878214455054,1.0,0.34012636879538233,0.5293676815729731,67,0.011245727539062646,0.0,115.86551606771536,19,4851,11
5,adaptive_t0_i100ms,125,62.5,0,True,True,True,False,9,5225,3,49,7.084631361067295e-05,72363.4275089706,0.0024250091519206762,40.0,0.5944159390870482,0,0,,,0.0,115,3,0.3301750297328073,1.0,0.3401768270194538,0.5421839291612299,24,0.004028320312500076,0.0,139.1140492188424,27,4123,6
5,adaptive_t0_i100ms,125,62.5,0,True,True,True,False,9,5225,3,49,7.084631361067295e-05,72363.4275089706,0.0024250091519206762,40.0,0.5944159390870482,0,0,,,0.0,144,4,0.3340265623018992,1.0,0.34006946545333916,0.5460354617303218,193,0.03239440917968763,0.0,51.208228716859594,4,4964,1
5,adaptive_t0_i100ms,125,62.5,0,True,True,True,False,9,5225,3,49,7.084631361067295e-05,72363.4275089706,0.0024250091519206762,40.0,0.5944159390870482,0,0,,,0.0,145,4,3.5605783436356395,1.0,0.3401678728470186,3.772587243064062,134,0.02249145507812511,0.0,0.0669029142591171,12,4876,12
5,adaptive_t0_i100ms,125,62.5,0,True,True,True,False,9,5225,3,49,7.084631361067295e-05,72363.4275089706,0.0024250091519206762,40.0,0.5944159390870482,0,0,,,0.0,146,4,3.348085702190571,1.0,0.3401663272802876,3.560094601618993,47,0.007888793945312667,0.0,11.526823806925677,20,5236,4
5,adaptive_t0_i100ms,125,62.5,0,True,True,True,False,9,5225,3,49,7.084631361067295e-05,72363.4275089706,0.0024250091519206762,40.0,0.5944159390870482,0,0,,,0.0,147,4,0.31056585998732394,1.0,0.3401041932892912,0.5225747594157466,145,0.024337768554687625,0.0,67.51732023240766,28,5372,3
5,adaptive_t0_i100ms,125,62.5,0,True,True,True,False,9,5225,3,49,7.084631361067295e-05,72363.4275089706,0.0024250091519206762,40.0,0.5944159390870482,0,0,,,0.0,176,5,0.3390269078543894,1.0,0.3399387162665884,0.6217054404256195,227,0.03810119628906261,0.0,7.637876668595709,5,3877,11
5,adaptive_t0_i100ms,125,62.5,0,True,True,True,False,9,5225,3,49,7.084631361067295e-05,72363.4275089706,0.0024250091519206762,40.0,0.5944159390870482,0,0,,,0.0,177,5,0.5262895566698191,1.0,0.34014772395415316,0.8089680892410493,93,0.01560974121093766,0.0,63.224906900548376,13,4525,4
5,adaptive_t0_i100ms,125,62.5,0,True,True,True,False,9,5225,3,49,7.084631361067295e-05,72363.4275089706,0.0024250091519206762,40.0,0.5944159390870482,0,0,,,0.0,179,5,0.3117109742596629,1.0,0.33996389895664125,0.5943895068308931,169,0.02836608886718761,0.0,35.81440543883946,29,3773,12
5,adaptive_t0_i100ms,125,62.5,0,True,True,True,False,9,5225,3,49,7.084631361067295e-05,72363.4275089706,0.0024250091519206762,40.0,0.5944159390870482,0,0,,,0.0,210,6,0.32291662754591777,1.0,0.3400501071605598,0.746934426402763,25,0.004196166992187625,0.0,132.81860771693755,22,5142,3
5,adaptive_t0_i100ms,125,62.5,0,True,True,True,False,9,5225,3,49,7.084631361067295e-05,72363.4275089706,0.0024250091519206762,40.0,0.5944159390870482,0,0,,,0.0,211,6,0.50778242990041,1.0,0.3401582781750871,0.9318002287572552,275,0.046157836914062646,0.0,6.266426228976343,30,4958,10
5,adaptive_t0_i100ms,125,62.5,0,True,True,True,False,9,5225,3,49,7.084631361067295e-05,72363.4275089706,0.0024250091519206762,40.0,0.5944159390870482,0,0,,,0.0,240,7,0.3423773151126902,1.0,0.3398961722148244,0.5543862145411128,106,0.017791748046875118,0.0,85.85724507254781,7,4839,4
5,adaptive_t0_i100ms,125,62.5,0,True,True,True,False,9,5225,3,49,7.084631361067295e-05,72363.4275089706,0.0024250091519206762,40.0,0.5944159390870482,0,0,,,0.0,241,7,0.3353104064915964,1.0,0.34012803314060247,0.547319305920019,234,0.039276123046875125,0.0,33.07511030958267,15,5455,15
5,adaptive_t0_i100ms,125,62.5,0,True,True,True,False,9,5225,3,49,7.084631361067295e-05,72363.4275089706,0.0024250091519206762,40.0,0.5944159390870482,0,0,,,0.0,242,7,0.5182495847710153,1.0,0.3400272233139493,0.730258484199438,163,0.027359008789062646,0.0,29.714569049247075,23,5239,12
5,adaptive_t0_i100ms,125,62.5,0,True,True,True,False,9,5225,3,49,7.084631361067295e-05,72363.4275089706,0.0024250091519206762,40.0,0.5944159390870482,0,0,,,0.0,243,7,0.5628034317202341,1.0,0.34012431980379715,0.7748123311486567,266,0.04464721679687514,0.0,10.179146199370734,31,5343,15
5,adaptive_t0_i100ms,126,63.0,0,True,True,True,True,0,5536,3,16,9.811157360672945e-06,72863.4259830917,0.003950888058170676,40.0,0.18648747229017318,0,0,,,0.0,16,0,6.436424229123511,1.0,0.8287613575919124,12.744902272380102,43,0.007217407226562625,9.811157360672945e-06,0.4745512313093059,0,5536,3
5,adaptive_t0_i100ms,126,63.0,0,True,True,True,False,0,5536,3,16,9.811157360672945e-06,72863.4259830917,0.003950888058170676,40.0,0.18648747229017318,0,0,,,0.0,48,1,1.4297810747234863,1.0,0.8287341050260475,4.584020096351782,26,0.004364013671875222,0.0,15.377185380420997,1,5857,13
5,adaptive_t0_i100ms,126,63.0,0,True,True,True,False,0,5536,3,16,9.811157360672945e-06,72863.4259830917,0.003950888058170676,40.0,0.18648747229017318,0,0,,,0.0,51,1,1.417468291627173,1.0,0.828731636444256,4.5717073132554695,167,0.028030395507812632,0.0,7.254371248112875,25,4665,6
5,adaptive_t0_i100ms,126,63.0,0,True,True,True,False,0,5536,3,16,9.811157360672945e-06,72863.4259830917,0.003950888058170676,40.0,0.18648747229017318,0,0,,,0.0,82,2,2.351022766315527,1.0,0.8287551193538459,5.505261787943823,225,0.03776550292968765,0.0,3.0990057800663635,18,5202,12
5,adaptive_t0_i100ms,126,63.0,0,True,True,True,False,0,5536,3,16,9.811157360672945e-06,72863.4259830917,0.003950888058170676,40.0,0.18648747229017318,0,0,,,0.0,83,2,2.3642298573073486,1.0,0.8287461673220331,5.518468878935645,274,0.045989990234375125,0.0,0.3692508999374695,26,5658,7
5,adaptive_t0_i100ms,126,63.0,0,True,True,True,False,0,5536,3,16,9.811157360672945e-06,72863.4259830917,0.003950888058170676,40.0,0.18648747229017318,0,0,,,0.0,144,4,0.40613917154846185,1.0,0.8287279100378698,3.5603781931767577,135,0.022659301757812632,0.0,7.310904892918188,4,4964,5
5,adaptive_t0_i100ms,126,63.0,0,True,True,True,False,0,5536,3,16,9.811157360672945e-06,72863.4259830917,0.003950888058170676,40.0,0.18648747229017318,0,0,,,0.0,147,4,0.36102243632812503,1.0,0.8287199470416142,3.515261457956421,241,0.040451049804687625,0.0,2.22216711693909,28,5372,7
5,adaptive_t0_i100ms,127,63.5,0,True,True,True,False,29,3805,7,179,0.00014602792856749147,73363.42938851098,0.0005454687780002132,40.0,0.0840693677723175,0,0,,,0.0,48,1,2.765607930010986,1.0,0.002420106455925959,8.514819528397624,9,0.001510620117187722,0.0,2.337333819261403,1,5985,8
5,adaptive_t0_i100ms,127,63.5,0,True,True,True,False,29,3805,7,179,0.00014602792856749147,73363.42938851098,0.0005454687780002132,40.0,0.0840693677723175,0,0,,,0.0,49,1,1.5207406185791015,1.0,0.00242568469863513,7.269952216965739,126,0.021148681640625167,0.0,2.1370810372172855,9,5353,10
5,adaptive_t0_i100ms,127,63.5,0,True,True,True,True,29,3805,7,179,0.00014602792856749147,73363.42938851098,0.0005454687780002132,40.0,0.0840693677723175,0,0,,,0.0,179,5,0.8336079486877441,1.0,0.0024285294176408533,12.332031145461018,236,0.03961181640625011,0.00014602792856749147,1.329544052525307,29,3805,7
5,adaptive_t0_i100ms,127,63.5,0,True,True,True,False,29,3805,7,179,0.00014602792856749147,73363.42938851098,0.0005454687780002132,40.0,0.0840693677723175,0,0,,,0.0,210,6,0.38477391240234377,1.0,0.0024203473157152332,11.883197109175617,129,0.021652221679687625,0.0,2.183401483867783,22,5142,11
5,adaptive_t0_i100ms,128,64.0,0,True,True,True,False,20,5332,10,146,0.00015580512234009803,73863.42963294082,0.0003010389336850494,40.0,0.2546113715285901,0,0,,,0.0,48,1,0.9281623394875989,1.0,0.2059400694048327,1.9153088351836445,139,0.02333068847656273,0.0,14.268084481853293,1,6017,13
5,adaptive_t0_i100ms,128,64.0,0,True,True,True,False,20,5332,10,146,0.00015580512234009803,73863.42963294082,0.0003010389336850494,40.0,0.2546113715285901,0,0,,,0.0,49,1,7.267035380048565,1.0,0.2059823228956619,8.25418187574461,189,0.031723022460937673,0.0,2.1083270373928826,9,5481,4
5,adaptive_t0_i100ms,128,64.0,0,True,True,True,False,20,5332,10,146,0.00015580512234009803,73863.42963294082,0.0003010389336850494,40.0,0.2546113715285901,0,0,,,0.0,50,1,0.9141867459715068,1.0,0.20596054974068395,1.9013332416675524,104,0.017456054687500163,0.0,2.639652229467174,17,6097,9
5,adaptive_t0_i100ms,128,64.0,0,True,True,True,False,20,5332,10,146,0.00015580512234009803,73863.42963294082,0.0003010389336850494,40.0,0.2546113715285901,0,0,,,0.0,81,2,0.24025896647831804,1.0,0.2059651963574246,3.201698453566455,83,0.013931274414062673,0.0,12.065523753757589,10,5162,6
5,adaptive_t0_i100ms,128,64.0,0,True,True,True,False,20,5332,10,146,0.00015580512234009803,73863.42963294082,0.0003010389336850494,40.0,0.2546113715285901,0,0,,,0.0,112,3,0.918294415731346,1.0,0.20593630654881567,2.3990141592754144,109,0.01829528808593764,0.0,2.1471662725962233,3,5155,2
5,adaptive_t0_i100ms,128,64.0,0,True,True,True,False,20,5332,10,146,0.00015580512234009803,73863.42963294082,0.0003010389336850494,40.0,0.2546113715285901,0,0,,,0.0,113,3,1.128419904549202,1.0,0.2059795621655186,2.6091396480932705,84,0.014099121093750104,0.0,17.480794461254845,11,4939,1
5,adaptive_t0_i100ms,128,64.0,0,True,True,True,True,20,5332,10,146,0.00015580512234009803,73863.42963294082,0.0003010389336850494,40.0,0.2546113715285901,0,0,,,0.0,146,4,4.469424408053135,1.0,0.2059997327723083,5.950144151597204,232,0.03894042968750017,0.00015580512234009803,0.1156329479708802,20,5332,10
5,adaptive_t0_i100ms,128,64.0,0,True,True,True,False,20,5332,10,146,0.00015580512234009803,73863.42963294082,0.0003010389336850494,40.0,0.2546113715285901,0,0,,,0.0,147,4,0.2197451926399537,1.0,0.2059291860624509,1.700464936184022,194,0.032562255859375125,0.0,12.848149159763125,28,5372,14
5,adaptive_t0_i100ms,128,64.0,0,True,True,True,False,20,5332,10,146,0.00015580512234009803,73863.42963294082,0.0003010389336850494,40.0,0.2546113715285901,0,0,,,0.0,177,5,0.2033027644121506,1.0,0.20597589961071439,3.1647422515002877,96,0.01611328125000016,0.0,1.3090596462716348,13,4589,10
5,adaptive_t0_i100ms,128,64.0,0,True,True,True,False,20,5332,10,146,0.00015580512234009803,73863.42963294082,0.0003010389336850494,40.0,0.2546113715285901,0,0,,,0.0,211,6,1.0405795172516248,1.0,0.2059935364255669,4.002019004339761,95,0.015945434570312653,0.0,10.691287350913626,30,5054,13
5,adaptive_t0_i100ms,128,64.0,0,True,True,True,False,20,5332,10,146,0.00015580512234009803,73863.42963294082,0.0003010389336850494,40.0,0.2546113715285901,0,0,,,0.0,241,7,1.9405139557596385,1.0,0.2059993617212774,4.901953442847775,191,0.032058715820312625,0.0,4.8120884570817,15,5615,6
