policy,seed,request_id,npu_id,category,total_K,miss,admission_ms,completion_ms,ideal_ms,elapsed_ms,noncompute_ms,ratio,raw_ratio,passed
old_od,7,5,0,SS,80,256,2418.1911380419447,2582.0091213785918,32.085964974046185,163.8179833366471,131.7320183626009,5.105596277660865,5.105596277660865,False
old_od,7,6,0,SL,64,1024,2582.0091213785918,2744.724453138354,101.00752608339441,162.7153317597622,61.707805676367784,1.6109228497034986,1.6109228497034986,False
old_od,7,7,0,SS,80,256,2744.724453138354,2915.87714811199,32.085964974046185,171.15269497363624,139.06672999959005,5.334191915751291,5.334191915751291,False
old_od,7,8,0,SL,64,1024,2915.87714811199,3081.3871270885493,101.00752608339441,165.50997897655907,64.50245289316466,1.638590562448879,1.638590562448879,False
old_od,7,9,0,LS,200,256,3081.3871270885493,3561.3545963751003,72.35128428205302,479.967469286551,407.616185004498,6.633848646216894,6.633848646216894,False
old_od,7,10,0,LS,200,256,3561.3545963751003,4052.0333836065456,72.35128428205302,490.6787872314453,418.3275029493923,6.78189464223733,6.78189464223733,False
old_od,7,1000008,1,LL,200,4096,2549.182136579771,3679.8684428153038,1130.6863062355314,1130.6863062355328,1.3642420526593924e-12,1.0,1.000000000000001,True
old_od,7,1000009,1,SL,80,2048,3679.8684428153038,3923.670303166121,243.80186035081854,243.80186035081715,-1.3926637620897964e-12,1.0,0.9999999999999943,True
old_od,7,1000010,1,SS,32,256,3923.670303166121,3993.839873299489,15.979837567787547,70.16957013336832,54.189732565580776,4.391131626695471,4.391131626695471,False
old_od,7,1000011,1,SL,64,4096,3993.839873299489,4409.252344597617,400.5413596855101,415.41247129812746,14.87111161261737,1.0371275306607377,1.0371275306607377,True
old_od,7,2000007,2,SL,32,2048,2327.8957796634845,2442.848600640484,114.952820977,114.95282097699965,-3.552713678800501e-13,1.0,0.9999999999999969,True
old_od,7,2000008,2,SS,32,256,2442.848600640484,2509.4751729821064,15.979837567787547,66.62657234162225,50.6467347738347,4.169414867891357,4.169414867891357,False
old_od,7,2000009,2,SL,64,1024,2509.4751729821064,2668.387683216479,101.00752608339441,158.9125102343728,57.90498415097839,1.5732739568650613,1.5732739568650613,False
old_od,7,2000010,2,LS,160,256,2668.387683216479,3048.315180337689,58.92951067026337,379.92749712120985,320.9979864509465,6.447151737727332,6.447151737727332,False
old_od,7,2000011,2,SL,80,2048,3048.315180337689,3308.891400560778,243.80186035081854,260.57622022308897,16.774359872270423,1.0688032480479557,1.0688032480479557,True
old_od,7,2000012,2,LL,160,1024,3308.891400560778,3688.393293427002,229.85653940820262,379.5018928662239,149.64535345802128,1.6510380511396539,1.6510380511396539,False
old_od,7,2000013,2,LS,200,256,3688.393293427002,4119.704968689554,72.35128428205302,431.3116752625524,358.96039098049937,5.961354792005271,5.961354792005271,False
old_od,7,3000010,3,SL,64,1024,2230.4155910407767,2374.3664582408933,101.00752608339441,143.9508672001166,42.94334111672218,1.4251499148812639,1.4251499148812639,True
old_od,7,3000011,3,LL,160,1024,2374.3664582408933,2745.1914654240722,229.85653940820262,370.82500718317897,140.96846777497635,1.6132889155032053,1.6132889155032053,False
old_od,7,3000012,3,LL,128,4096,2745.1914654240722,3499.4753867994978,744.1386016188327,754.2839213754255,10.145319756592812,1.0136336426231918,1.0136336426231918,True
old_od,7,3000013,3,LS,160,256,3499.4753867994978,3837.458933389447,58.92951067026337,337.9835465899491,279.05403591968576,5.735386952067468,5.735386952067468,False
old_od,7,3000014,3,LS,200,256,3837.458933389447,4275.986912146585,72.35128428205302,438.5279787571385,366.17669447508547,6.061094604037552,6.061094604037552,False
old_od,7,4000007,4,SS,80,256,2237.221386508853,2396.710583170584,32.085964974046185,159.48919666173106,127.40323168768487,4.970684122816293,4.970684122816293,False
old_od,7,4000008,4,SL,80,2048,2396.710583170584,2656.5803569572627,243.80186035081854,259.8697737866787,16.067913435860163,1.0659056227575099,1.0659056227575099,True
old_od,7,4000009,4,SL,64,1024,2656.5803569572627,2803.848446058276,101.00752608339441,147.26808910101317,46.260563017618765,1.4579912488840174,1.4579912488840174,True
old_od,7,4000010,4,SL,80,1024,2803.848446058276,2987.840784841357,122.48236916054397,183.99233878308132,61.509969622537355,1.5021944794512674,1.5021944794512674,False
old_od,7,4000011,4,LS,160,256,2987.840784841357,3372.1795449617125,58.92951067026337,384.33876012035535,325.409249450092,6.5220083409635015,6.5220083409635015,False
old_od,7,4000012,4,LL,200,1024,3372.1795449617125,3868.917806088931,283.5436075005082,496.73826112721827,213.19465362671008,1.7518937051907544,1.7518937051907544,False
old_od,7,4000013,4,LS,160,256,3868.917806088931,4170.7394967439395,58.92951067026337,301.82169065500875,242.89217998474538,5.121740995675908,5.121740995675908,False
old_od,7,5000007,5,SS,64,256,2105.851132629983,2211.9620409562044,26.717256165257165,106.1109083262213,79.39365216096414,3.9716244688407336,3.9716244688407336,False
old_od,7,5000008,5,LL,128,1024,2211.9620409562044,2517.3041183056957,186.90687789087698,305.3420773494913,118.43519945861433,1.633658861541527,1.633658861541527,False
old_od,7,5000009,5,LS,128,256,2517.3041183056957,2806.8725239265186,48.19209238871334,289.5684056208229,241.37631323210954,6.008629035759407,6.008629035759407,False
old_od,7,5000010,5,LS,160,256,2806.8725239265186,3199.1422067048766,58.92951067026337,392.26968277835795,333.3401721080946,6.656591550085661,6.656591550085661,False
old_od,7,5000011,5,LL,160,1024,3199.1422067048766,3580.9882030949707,229.85653940820262,381.8459963900941,151.9894569818915,1.661236166581161,1.661236166581161,False
old_od,7,5000012,5,LL,200,1024,3580.9882030949707,4050.326497495181,283.5436075005082,469.3382944002101,185.7946868997019,1.6552596566627549,1.6552596566627549,False
old_od,7,6000005,6,SL,64,2048,2392.12067174025,2592.972815077658,200.85214333740902,200.85214333740805,-9.663381206337363e-13,1.0,0.9999999999999952,True
old_od,7,6000006,6,SL,32,1024,2592.972815077658,2662.992857799783,58.057852632638046,70.0200427221248,11.962190089486754,1.2060391410818738,1.2060391410818738,True
old_od,7,6000007,6,LL,200,2048,2662.992857799783,3268.859354511492,565.9243027292647,605.8664967117088,39.94219398244411,1.0705786865660587,1.0705786865660587,True
old_od,7,6000008,6,LS,160,256,3268.859354511492,3613.3206735017516,58.92951067026337,344.46131899025977,285.5318083199964,5.845311034698268,5.845311034698268,False
old_od,7,6000009,6,LL,160,1024,3613.3206735017516,4024.9972210393066,229.85653940820262,411.67654753755505,181.82000812935243,1.7910151636210705,1.7910151636210705,False
old_od,7,7000007,7,LL,160,1024,2061.4416324708604,2365.1361286076663,229.85653940820262,303.6944961368058,73.83795672860319,1.3212349621146704,1.3212349621146704,True
old_od,7,7000008,7,SL,32,2048,2365.1361286076663,2480.088949584666,114.952820977,114.95282097699965,-3.552713678800501e-13,1.0,0.9999999999999969,True
old_od,7,7000009,7,LL,160,2048,2480.088949584666,2964.9199869144604,458.55018171426593,484.8310373297945,26.280855615528594,1.0573129325067083,1.0573129325067083,True
old_od,7,7000010,7,SS,80,256,2964.9199869144604,3136.364842716482,32.085964974046185,171.44485580202172,139.35889082797553,5.343297480399941,5.343297480399941,False
old_od,7,7000011,7,SL,80,4096,3136.364842716482,3641.7983113299138,486.44082678401566,505.4334686134316,18.99264182941596,1.0390440949518591,1.0390440949518591,True
old_od,7,7000012,7,LS,160,256,3641.7983113299138,3988.9573464753844,58.92951067026337,347.1590351454706,288.22952447520726,5.891089730711981,5.891089730711981,False
old_od,7,7000013,7,LL,200,1024,3988.9573464753844,4456.255199985415,283.5436075005082,467.29785351003056,183.75424600952238,1.6480634412087496,1.6480634412087496,False
old_od,7,8000007,8,SS,64,256,2176.625726994529,2305.0791826798372,26.717256165257165,128.4534556853082,101.73619952005103,4.807883522573238,4.807883522573238,False
old_od,7,8000008,8,SS,80,256,2305.0791826798372,2476.630879703787,32.085964974046185,171.5516970239496,139.4657320499034,5.34662732327717,5.34662732327717,False
old_od,7,8000009,8,LL,200,1024,2476.630879703787,2976.3427328467433,283.5436075005082,499.71185314295644,216.16824564244826,1.7623809527854046,1.7623809527854046,False
old_od,7,8000010,8,LL,200,1024,2976.3427328467433,3466.9292044043605,283.5436075005082,490.5864715576172,207.042864057109,1.7301976083405017,1.7301976083405017,False
old_od,7,8000011,8,SS,32,256,3466.9292044043605,3534.9260701989033,15.979837567787547,67.99686579454283,52.01702822675528,4.25516626849901,4.25516626849901,False
old_od,7,8000012,8,SS,64,256,3534.9260701989033,3691.4634837296417,26.717256165257165,156.53741353073838,129.8201573654812,5.859037790501031,5.859037790501031,False
old_od,7,8000013,8,LS,128,256,3691.4634837296417,4010.7360493171436,48.19209238871334,319.27256558750196,271.08047319878864,6.624999035366144,6.624999035366144,False
old_od,7,9000005,9,SS,80,256,2076.5215904127786,2212.3855557047636,32.085964974046185,135.8639652919851,103.7780003179389,4.234373670914471,4.234373670914471,False
old_od,7,9000006,9,SL,80,1024,2212.3855557047636,2390.8645953638184,122.48236916054397,178.4790396590547,55.99667049851074,1.4571814774836125,1.4571814774836125,True
old_od,7,9000007,9,LS,160,256,2390.8645953638184,2721.6687569978453,58.92951067026337,330.80416163402697,271.8746509637636,5.61355690674274,5.61355690674274,False
old_od,7,9000008,9,SL,64,4096,2721.6687569978453,3134.69179772262,400.5413596855101,413.02304072477455,12.481681039264458,1.0311620279340556,1.0311620279340556,True
old_od,7,9000009,9,LL,160,4096,3134.69179772262,4050.629172153329,915.9373744307104,915.937374430709,-1.3642420526593924e-12,1.0,0.9999999999999986,True
old_od,7,10000005,10,LS,200,256,2328.2044879005707,2736.707074402444,72.35128428205302,408.50258650187334,336.1513022198203,5.646100004381039,5.646100004381039,False
old_od,7,10000006,10,LL,200,1024,2736.707074402444,3245.875127255923,283.5436075005082,509.1680528534789,225.62444535297072,1.795731024733352,1.795731024733352,False
old_od,7,10000007,10,LS,128,256,3245.875127255923,3520.388759278081,48.19209238871334,274.51363202215816,226.32153963344481,5.696238084205899,5.696238084205899,False
old_od,7,10000008,10,LL,128,4096,3520.388759278081,4296.982200666685,744.1386016188327,776.5934413886034,32.45483976977073,1.0436139715090267,1.0436139715090267,True
old_od,7,11000012,11,SL,32,1024,2908.024953068404,2979.4688115839626,58.057852632638046,71.44385851555853,13.386005882920486,1.2305632274693423,1.2305632274693423,True
old_od,7,11000013,11,LL,128,2048,2979.4688115839626,3383.2993391279174,372.6508694745985,403.83052754395476,31.179658069356265,1.0836698921790162,1.0836698921790162,True
old_od,7,11000014,11,LL,200,1024,3383.2993391279174,3836.0114645361964,283.5436075005082,452.712125408279,169.16851790777082,1.5966225773842129,1.5966225773842129,False
old_od,7,11000015,11,SL,32,2048,3836.0114645361964,3950.964285513196,114.952820977,114.95282097699965,-3.552713678800501e-13,1.0,0.9999999999999969,True
old_od,7,11000016,11,LS,160,256,3950.964285513196,4297.631486587689,58.92951067026337,346.6672010744933,287.7376904042299,5.882743588594335,5.882743588594335,False
old_od,7,12000009,12,LL,200,1024,2024.1413082682402,2477.263119296939,283.5436075005082,453.12181102869863,169.57820352819044,1.598067454325827,1.598067454325827,False
old_od,7,12000010,12,LL,160,1024,2477.263119296939,2847.590528534424,229.85653940820262,370.32740923748497,140.47086982928235,1.611124095885825,1.611124095885825,False
old_od,7,12000011,12,SL,32,2048,2847.590528534424,2962.5433495114235,114.952820977,114.95282097699965,-3.552713678800501e-13,1.0,0.9999999999999969,True
old_od,7,12000012,12,LL,128,1024,2962.5433495114235,3287.1790725293286,186.90687789087698,324.6357230179051,137.7288451270281,1.7368848416987588,1.7368848416987588,False
old_od,7,12000013,12,SS,64,256,3287.1790725293286,3424.5117320206573,26.717256165257165,137.33265949132874,110.61540332607157,5.140223181672176,5.140223181672176,False
old_od,7,12000014,12,LL,128,4096,3424.5117320206573,4203.2397300612165,744.1386016188327,778.7279980405592,34.58939642172652,1.0464824648882334,1.0464824648882334,True
old_od,7,13000005,13,SS,80,256,2246.143248737974,2408.640285929373,32.085964974046185,162.49703719139916,130.41107221735297,5.064427307168114,5.064427307168114,False
old_od,7,13000006,13,LL,128,1024,2408.640285929373,2725.069034589875,186.90687789087698,316.42874866050215,129.52187076962517,1.692975412307966,1.692975412307966,False
old_od,7,13000007,13,LS,200,256,2725.069034589875,3200.8744785772487,72.35128428205302,475.80544398737356,403.45415970532054,6.576323401980008,6.576323401980008,False
old_od,7,13000008,13,SL,32,2048,3200.8744785772487,3315.8272995542484,114.952820977,114.95282097699965,-3.552713678800501e-13,1.0,0.9999999999999969,True
old_od,7,13000009,13,SL,80,4096,3315.8272995542484,3808.7931691179997,486.44082678401566,492.9658695637513,6.5250427797356565,1.0134138469068774,1.0134138469068774,True
old_od,7,13000010,13,LL,160,2048,3808.7931691179997,4267.343350832265,458.55018171426593,458.55018171426536,-5.684341886080801e-13,1.0,0.9999999999999988,True
old_od,7,14000008,14,LL,200,4096,2188.0780602359737,3319.9937335060413,1130.6863062355314,1131.9156732700676,1.2293670345361534,1.0010872750715707,1.0010872750715707,True
old_od,7,14000009,14,LL,160,1024,3319.9937335060413,3687.1554241643066,229.85653940820262,367.16169065826534,137.30515125006272,1.5973515115279024,1.5973515115279024,False
old_od,7,14000010,14,LS,128,256,3687.1554241643066,3979.8732410896046,48.19209238871334,292.71781692529794,244.5257245365846,6.073980240663983,6.073980240663983,False
old_od,7,14000011,14,SL,32,4096,3979.8732410896046,4211.143753838141,228.74273596704626,231.27051274853602,2.527776781489763,1.0110507412215877,1.0110507412215877,True
old_od,7,15000006,15,SS,32,256,2109.1258079420754,2166.471990706716,15.979837567787547,57.346182764640616,41.36634519685307,3.588658678248402,3.588658678248402,False
old_od,7,15000007,15,LL,160,2048,2166.471990706716,2668.049564551179,458.55018171426593,501.57757384446313,43.0273921301972,1.093833551585001,1.093833551585001,True
old_od,7,15000008,15,SS,64,256,2668.049564551179,2800.902570643704,26.717256165257165,132.853006092525,106.13574992726782,4.972554264958002,4.972554264958002,False
old_od,7,15000009,15,LL,200,2048,2800.902570643704,3411.159869550554,565.9243027292647,610.2572989068499,44.33299617758519,1.0783373252637887,1.0783373252637887,True
old_od,7,15000010,15,LS,128,256,3411.159869550554,3670.8297382819874,48.19209238871334,259.6698687314333,211.47777634271998,5.388225658204631,5.388225658204631,False
old_od,7,15000011,15,LS,200,256,3670.8297382819874,4151.843311682718,72.35128428205302,481.0135734007308,408.6622891186778,6.648307326868666,6.648307326868666,False
old_od,7,16000011,16,LL,200,1024,2407.952853559343,2853.6677908301417,283.5436075005082,445.7149372707986,162.1713297702904,1.5719449336201303,1.5719449336201303,False
old_od,7,16000012,16,SL,64,1024,2853.6677908301417,2999.76748292351,101.00752608339441,146.0996920933685,45.09216600997409,1.4464238236341402,1.4464238236341402,True
old_od,7,16000013,16,LS,160,256,2999.76748292351,3387.1934304597594,58.92951067026337,387.42594753624917,328.4964368659858,6.574396140909236,6.574396140909236,False
old_od,7,16000014,16,SL,32,2048,3387.1934304597594,3503.8554325736795,114.952820977,116.66200211392015,1.7091811369201508,1.0148685445245587,1.0148685445245587,True
old_od,7,16000015,16,SS,32,256,3503.8554325736795,3574.575652108083,15.979837567787547,70.72021953440344,54.74038196661589,4.4255906378524505,4.4255906378524505,False
old_od,7,16000016,16,SL,64,1024,3574.575652108083,3738.871944593432,101.00752608339441,164.2962924853491,63.2887664019547,1.6265747598817724,1.6265747598817724,False
old_od,7,16000017,16,LS,160,256,3738.871944593432,4117.578257119916,58.92951067026337,378.706312526484,319.77680185622063,6.4264289355042,6.4264289355042,False
old_od,7,17000009,17,LL,200,1024,2192.9382823858427,2644.493062436587,283.5436075005082,451.5547800507443,168.0111725502361,1.592540858287327,1.592540858287327,False
old_od,7,17000010,17,SL,32,1024,2644.493062436587,2707.2466741327908,58.057852632638046,62.753611696203734,4.6957590635656885,1.080880687979939,1.080880687979939,True
old_od,7,17000011,17,SL,64,2048,2707.2466741327908,2920.693651931158,200.85214333740902,213.44697779836724,12.594834460958225,1.062706995562404,1.062706995562404,True
old_od,7,17000012,17,SL,64,1024,2920.693651931158,3052.823818372729,101.00752608339441,132.13016644157096,31.122640358176554,1.3081219941223083,1.3081219941223083,True
old_od,7,17000013,17,LS,200,256,3052.823818372729,3475.5975315557644,72.35128428205302,422.7737131830354,350.42242890098237,5.84334773567946,5.84334773567946,False
old_od,7,17000014,17,LS,200,256,3475.5975315557644,3927.9611179815456,72.35128428205302,452.36358642578125,380.0123021437282,6.252322829022561,6.252322829022561,False
old_od,7,17000015,17,SS,64,256,3927.9611179815456,4067.2344340470245,26.717256165257165,139.27331606547887,112.5560599002217,5.2128600034380925,5.2128600034380925,False
old_od,7,18000011,18,LS,128,256,2550.3443748366067,2826.842082642339,48.19209238871334,276.49770780573226,228.3056154170189,5.737408236511607,5.737408236511607,False
old_od,7,18000012,18,SS,64,256,2826.842082642339,2974.74557296304,26.717256165257165,147.90349032070117,121.186234155444,5.535878737167377,5.535878737167377,False
old_od,7,18000013,18,LL,128,2048,2974.74557296304,3383.689582658191,372.6508694745985,408.9440096951507,36.29314022055223,1.0973918034103127,1.0973918034103127,True
old_od,7,18000014,18,LL,160,1024,3383.689582658191,3750.8616314396972,229.85653940820262,367.1720487815064,137.3155093733038,1.5973965749542802,1.5973965749542802,False
old_od,7,18000015,18,LS,128,256,3750.8616314396972,4023.769343994878,48.19209238871334,272.90771255518075,224.7156201664674,5.662914785976302,5.662914785976302,False
old_od,7,19000006,19,SL,80,1024,2015.7744494034696,2169.1559161645996,122.48236916054397,153.38146676113,30.899097600586046,1.2522738400012903,1.2522738400012903,True
old_od,7,19000007,19,SL,32,2048,2169.1559161645996,2284.1087371415992,114.952820977,114.95282097699965,-3.552713678800501e-13,1.0,0.9999999999999969,True
old_od,7,19000008,19,LL,128,2048,2284.1087371415992,2677.390654533191,372.6508694745985,393.28191739159183,20.63104791699334,1.0553629405080447,1.0553629405080447,True
old_od,7,19000009,19,LL,200,1024,2677.390654533191,3115.2778219580714,283.5436075005082,437.8871674248803,154.34355992437213,1.544337998958751,1.544337998958751,False
old_od,7,19000010,19,SL,80,2048,3115.2778219580714,3359.0796823088886,243.80186035081854,243.80186035081715,-1.3926637620897964e-12,1.0,0.9999999999999943,True
old_od,7,19000011,19,LL,160,1024,3359.0796823088886,3722.096906708252,229.85653940820262,363.0172243993634,133.16068499116076,1.5793208465332391,1.5793208465332391,False
old_od,7,19000012,19,SL,64,2048,3722.096906708252,3922.94905004566,200.85214333740902,200.85214333740805,-9.663381206337363e-13,1.0,0.9999999999999952,True
old_od,7,19000013,19,SS,80,256,3922.94905004566,4089.05840045574,32.085964974046185,166.10935041007997,134.02338543603378,5.1770096534245775,5.1770096534245775,False
old_od,7,20000008,20,SS,80,256,2100.7943927678225,2260.7338917887478,32.085964974046185,159.93949902092527,127.85353404687908,4.984718369863513,4.984718369863513,False
old_od,7,20000009,20,SL,32,4096,2260.7338917887478,2493.023178886969,228.74273596704626,232.2892870982214,3.5465511311751357,1.0155045410127737,1.0155045410127737,True
old_od,7,20000010,20,SL,32,1024,2493.023178886969,2562.676132750955,58.057852632638046,69.65295386398566,11.595101231347613,1.1997163295844886,1.1997163295844886,True
old_od,7,20000011,20,SS,32,256,2562.676132750955,2634.495772347341,15.979837567787547,71.81963959638597,55.83980202859842,4.494391090755599,4.494391090755599,False
old_od,7,20000012,20,SS,32,256,2634.495772347341,2709.1959371422627,15.979837567787547,74.70016479492188,58.72032722713433,4.6746510706406585,4.6746510706406585,False
old_od,7,20000013,20,SS,80,256,2709.1959371422627,2897.657491031912,32.085964974046185,188.46155388964917,156.37558891560298,5.873644568336737,5.873644568336737,False
old_od,7,20000014,20,SL,64,1024,2897.657491031912,3059.533489393237,101.00752608339441,161.87599836132495,60.868472277930536,1.6026132372322035,1.6026132372322035,False
old_od,7,20000015,20,SL,80,1024,3059.533489393237,3259.0222728784665,122.48236916054397,199.48878348522976,77.00641432468579,1.628714278246443,1.628714278246443,False
old_od,7,20000016,20,LS,128,256,3259.0222728784665,3556.3121448981983,48.19209238871334,297.2898720197318,249.09777963101843,6.1688517199422845,6.1688517199422845,False
old_od,7,20000017,20,SL,32,2048,3556.3121448981983,3674.573229717234,114.952820977,118.26108481903566,3.3082638420356574,1.0287793184535905,1.0287793184535905,True
old_od,7,20000018,20,LL,200,4096,3674.573229717234,4850.424055063658,1130.6863062355314,1175.8508253464238,45.16451911089234,1.0399443407617286,1.0399443407617286,True
old_od,7,21000006,21,SL,32,1024,2136.1849189150707,2202.8001629999785,58.057852632638046,66.61524408490777,8.557391452269727,1.1473942122251188,1.1473942122251188,True
old_od,7,21000007,21,LS,128,256,2202.8001629999785,2488.433703223394,48.19209238871334,285.63354022341537,237.44144783470202,5.92697942889716,5.92697942889716,False
old_od,7,21000008,21,SL,64,1024,2488.433703223394,2644.884951893237,101.00752608339441,156.45124866984315,55.44372258644874,1.5489068462153304,1.5489068462153304,False
old_od,7,21000009,21,LS,200,256,2644.884951893237,3125.1126835333034,72.35128428205302,480.2277316400664,407.87644735801337,6.637445850552629,6.637445850552629,False
old_od,7,21000010,21,SS,32,256,3125.1126835333034,3197.9066220543723,15.979837567787547,72.79393852106887,56.81410095328132,4.555361605665394,4.555361605665394,False
old_od,7,21000011,21,LL,160,4096,3197.9066220543723,4156.917646452193,915.9373744307104,959.0110243978211,43.07364996711067,1.047026850491697,1.047026850491697,True
old_od,7,22000007,22,SS,80,256,2182.8625503837525,2331.254574259451,32.085964974046185,148.39202387569867,116.30605890165248,4.6248265868185845,4.6248265868185845,False
old_od,7,22000008,22,SL,80,4096,2331.254574259451,2835.6935512957343,486.44082678401566,504.4389770362832,17.99815025226752,1.0369996703838735,1.0369996703838735,True
old_od,7,22000009,22,LL,128,1024,2835.6935512957343,3119.3199043408517,186.90687789087698,283.6263530451174,96.71947515424043,1.5174741360278285,1.5174741360278285,False
old_od,7,22000010,22,LL,160,1024,3119.3199043408517,3497.925077484619,229.85653940820262,378.6051731437674,148.74863373556477,1.6471368363873338,1.6471368363873338,False
old_od,7,22000011,22,LS,160,256,3497.925077484619,3870.180643594525,58.92951067026337,372.2555661099059,313.3260554396425,6.316963468317939,6.316963468317939,False
old_od,7,22000012,22,LL,160,2048,3870.180643594525,4368.181271606843,458.55018171426593,498.00062801231843,39.4504462980525,1.0860329967607232,1.0860329967607232,True
old_od,7,23000009,23,SL,32,1024,2529.624911664812,2593.274582457986,58.057852632638046,63.64967079317421,5.591818160536164,1.0963145880699117,1.0963145880699117,True
old_od,7,23000010,23,LS,160,256,2593.274582457986,2941.0401711824156,58.92951067026337,347.76558872442956,288.8360780541662,5.901382597088436,5.901382597088436,False
old_od,7,23000011,23,LL,128,4096,2941.0401711824156,3713.2659988844584,744.1386016188327,772.2258277020428,28.087226083210112,1.0377446164224082,1.0377446164224082,True
old_od,7,23000012,23,SL,80,2048,3713.2659988844584,3957.0678592352756,243.80186035081854,243.80186035081715,-1.3926637620897964e-12,1.0,0.9999999999999943,True
old_od,7,23000013,23,LL,128,2048,3957.0678592352756,4339.8659590009665,372.6508694745985,382.79809976569095,10.147230291092455,1.027229858085127,1.027229858085127,True
old_od,7,24000004,24,LL,128,1024,2111.3366599793744,2369.77947536136,186.90687789087698,258.4428153819854,71.5359374911084,1.3827357146957089,1.3827357146957089,True
old_od,7,24000005,24,LL,160,2048,2369.77947536136,2849.861087988679,458.55018171426593,480.0816126273194,21.53143091305344,1.0469554517077266,1.0469554517077266,True
old_od,7,24000006,24,LS,128,256,2849.861087988679,3132.4026668464408,48.19209238871334,282.5415788577616,234.34948646904823,5.862820327011434,5.862820327011434,False
old_od,7,24000007,24,SS,80,256,3132.4026668464408,3323.627087076834,32.085964974046185,191.2244202303932,159.13845525634702,5.959752819809893,5.959752819809893,False
old_od,7,24000008,24,LS,128,256,3323.627087076834,3631.943858765386,48.19209238871334,308.31677168855185,260.12467929983853,6.397663110406057,6.397663110406057,False
old_od,7,24000009,24,SS,64,256,3631.943858765386,3788.0046977188995,26.717256165257165,156.06083895351367,129.3435827882565,5.84120008387888,5.84120008387888,False
old_od,7,24000010,24,LS,160,256,3788.0046977188995,4168.335093057416,58.92951067026337,380.3303953385166,321.40088466825324,6.453988689412901,6.453988689412901,False
old_od,7,25000006,25,LL,160,4096,2363.2545089361797,3279.1918833668888,915.9373744307104,915.937374430709,-1.3642420526593924e-12,1.0,0.9999999999999986,True
old_od,7,25000007,25,SL,80,1024,3279.1918833668888,3448.000849538623,122.48236916054397,168.80896617173403,46.32659701119006,1.3782307390745145,1.3782307390745145,True
old_od,7,25000008,25,SL,64,1024,3448.000849538623,3586.8615991344477,101.00752608339441,138.86074959582493,37.85322351243052,1.3747564659803462,1.3747564659803462,True
old_od,7,25000009,25,LL,128,1024,3586.8615991344477,3893.3071022168283,186.90687789087698,306.4455030823806,119.5386251915036,1.6395624737859813,1.6395624737859813,False
old_od,7,25000010,25,SS,64,256,3893.3071022168283,4022.2557200577667,26.717256165257165,128.94861784093837,102.2313616756812,4.826416943541597,4.826416943541597,False
old_od,7,26000007,26,LS,128,256,2039.0515152275027,2237.1042812263236,48.19209238871334,198.05276599882086,149.8606736101075,4.109652770445076,4.109652770445076,False
old_od,7,26000008,26,LS,160,256,2237.1042812263236,2553.603776626752,58.92951067026337,316.49949540042826,257.5699847301649,5.370814924484655,5.370814924484655,False
old_od,7,26000009,26,LS,200,256,2553.603776626752,3037.467343567483,72.35128428205302,483.8635669407313,411.51228265867826,6.687698383548325,6.687698383548325,False
old_od,7,26000010,26,SL,64,1024,3037.467343567483,3199.370754407885,101.00752608339441,161.9034108404021,60.89588475700769,1.6028846276932918,1.6028846276932918,False
old_od,7,26000011,26,SL,32,1024,3199.370754407885,3268.0979619745876,58.057852632638046,68.72720756670242,10.669354934064373,1.1837710912522872,1.1837710912522872,True
old_od,7,26000012,26,SS,80,256,3268.0979619745876,3456.1757100260525,32.085964974046185,188.07774805146482,155.99178307741863,5.86168277013323,5.86168277013323,False
old_od,7,26000013,26,SS,32,256,3456.1757100260525,3530.4109945153095,15.979837567787547,74.23528448925708,58.255446921469535,4.645559391598695,4.645559391598695,False
old_od,7,26000014,26,SS,64,256,3530.4109945153095,3683.8054789688995,26.717256165257165,153.39448445358994,126.67722828833277,5.741401119365786,5.741401119365786,False
old_od,7,26000015,26,SS,32,256,3683.8054789688995,3760.679854378591,15.979837567787547,76.87437540969131,60.89453784190376,4.810710689866842,4.810710689866842,False
old_od,7,26000016,26,LL,200,4096,3760.679854378591,4946.4365520119,1130.6863062355314,1185.7566976333092,55.07039139777771,1.0487052784614745,1.0487052784614745,True
old_od,7,27000005,27,LL,200,1024,2097.8063399912794,2519.971706943423,283.5436075005082,422.1653669521438,138.62175945163563,1.4888904414866315,1.4888904414866315,True
old_od,7,27000006,27,LL,160,1024,2519.971706943423,2867.37965206958,229.85653940820262,347.40794512615685,117.55140571795422,1.5114120573667669,1.5114120573667669,False
old_od,7,27000007,27,SS,64,256,2867.37965206958,2997.61048690347,26.717256165257165,130.23083483388973,103.51357866863256,4.874409034683753,4.874409034683753,False
old_od,7,27000008,27,SS,80,256,2997.61048690347,3192.25768705242,32.085964974046185,194.6472001489501,162.5612351749039,6.0664281191604195,6.0664281191604195,False
old_od,7,27000009,27,LL,200,4096,3192.25768705242,4370.877598862487,1130.6863062355314,1178.6199118100667,47.93360557453525,1.0423933723351826,1.0423933723351826,True
old_od,7,28000007,28,SL,32,1024,2091.7827929956543,2154.1288220575957,58.057852632638046,62.34602906194141,4.288176429303363,1.0738604036294086,1.0738604036294086,True
old_od,7,28000008,28,LS,160,256,2154.1288220575957,2509.988816909955,58.92951067026337,355.85999485235925,296.9304841820959,6.0387400269374885,6.0387400269374885,False
old_od,7,28000009,28,SL,32,1024,2509.988816909955,2580.874908996072,58.057852632638046,70.88609208611706,12.828239453479014,1.2209561475628439,1.2209561475628439,True
old_od,7,28000010,28,SS,64,256,2580.874908996072,2732.7022685196807,26.717256165257165,151.82735952360872,125.11010335835155,5.682745210978791,5.682745210978791,False
old_od,7,28000011,28,SS,80,256,2732.7022685196807,2916.187764469412,32.085964974046185,183.4854959497311,151.3995309756849,5.7185593794093315,5.7185593794093315,False
old_od,7,28000012,28,LS,200,256,2916.187764469412,3411.920697449319,72.35128428205302,495.7329329799072,423.3816486978542,6.851750288873248,6.851750288873248,False
old_od,7,28000013,28,LS,160,256,3411.920697449319,3792.2662148835875,58.92951067026337,380.34551743426846,321.4160067640051,6.454245302705288,6.454245302705288,False
old_od,7,28000014,28,LL,128,2048,3792.2662148835875,4188.443076920887,372.6508694745985,396.1768620372991,23.525992562700594,1.063131457591579,1.063131457591579,True
old_od,7,29000005,29,LL,160,2048,2180.7072523359266,2639.2574340501915,458.55018171426593,458.5501817142649,-1.0231815394945443e-12,1.0,0.9999999999999978,True
old_od,7,29000006,29,SL,80,1024,2639.2574340501915,2822.3733318384275,122.48236916054397,183.115897788236,60.63352862769203,1.4950388292066472,1.4950388292066472,True
old_od,7,29000007,29,SS,32,256,2822.3733318384275,2888.670195565114,15.979837567787547,66.29686372668675,50.3170261588992,4.148782079007436,4.148782079007436,False
old_od,7,29000008,29,LS,160,256,2888.670195565114,3286.4476571443297,58.92951067026337,397.77746157921547,338.8479509089521,6.750055397625071,6.750055397625071,False
old_od,7,29000009,29,SS,64,256,3286.4476571443297,3425.493635096829,26.717256165257165,139.04597795249947,112.3287217872423,5.204350966747603,5.204350966747603,False
old_od,7,29000010,29,LL,160,1024,3425.493635096829,3817.417036102783,229.85653940820262,391.923401005954,162.0668615977514,1.705078315435423,1.705078315435423,False
old_od,7,29000011,29,LL,128,1024,3817.417036102783,4101.932132734407,186.90687789087698,284.5150966316237,97.60821874074671,1.522229143422608,1.522229143422608,False
old_od,7,30000006,30,LS,200,256,2108.198455036802,2445.3251384649443,72.35128428205302,337.1266834281423,264.7753991460893,4.659581191591477,4.659581191591477,False
old_od,7,30000007,30,SL,64,1024,2445.3251384649443,2572.5220521129636,101.00752608339441,127.19691364801929,26.18938756462488,1.259281546436473,1.259281546436473,True
old_od,7,30000008,30,SL,32,1024,2572.5220521129636,2639.726051061502,58.057852632638046,67.20399894853836,9.14614631590031,1.1575350430849156,1.1575350430849156,True
old_od,7,30000009,30,SL,32,4096,2639.726051061502,2868.898933379157,228.74273596704626,229.17288231765497,0.43014635060870887,1.001880480920149,1.001880480920149,True
old_od,7,30000010,30,LS,160,256,2868.898933379157,3228.578318155072,58.92951067026337,359.67938477591497,300.7498741056516,6.103552883520108,6.103552883520108,False
old_od,7,30000011,30,SS,80,256,3228.578318155072,3406.5978970133574,32.085964974046185,178.0195788582855,145.93361388423932,5.548207105576617,5.548207105576617,False
old_od,7,30000012,30,LL,160,1024,3406.5978970133574,3823.610578583252,229.85653940820262,417.01268156989454,187.15614216169192,1.8142302265732846,1.8142302265732846,False
old_od,7,30000013,30,SL,32,1024,3823.610578583252,3899.1426312616973,58.057852632638046,75.53205267844533,17.47420004580728,1.3009790967705186,1.3009790967705186,True
old_od,7,30000014,30,LS,128,256,3899.1426312616973,4172.422655860113,48.19209238871334,273.2800245984158,225.08793220970247,5.6706403696723156,5.6706403696723156,False
old_od,7,31000006,31,SL,80,1024,2994.717500148665,3178.313196950732,122.48236916054397,183.59569680206732,61.113327641523355,1.4989561196470569,1.4989561196470569,True
old_od,7,31000007,31,SS,80,256,3178.313196950732,3332.4601185953884,32.085964974046185,154.14692164465623,122.06095667061004,4.804185311844078,4.804185311844078,False
old_od,7,31000008,31,LS,200,256,3332.4601185953884,3791.0401890264675,72.35128428205302,458.5800704310791,386.22878614902606,6.338243681250471,6.338243681250471,False
old_od,7,31000009,31,LL,200,1024,3791.0401890264675,4277.246716098696,283.5436075005082,486.2065270722287,202.66291957172052,1.7147504447666213,1.7147504447666213,False
fixed256_od,7,5,0,SS,80,256,2418.1911380419447,2582.0091213785918,32.085964974046185,163.8179833366471,131.7320183626009,5.105596277660865,5.105596277660865,False
fixed256_od,7,6,0,SL,64,1024,2582.0091213785918,2744.724453138354,101.00752608339441,162.7153317597622,61.707805676367784,1.6109228497034986,1.6109228497034986,False
fixed256_od,7,7,0,SS,80,256,2744.724453138354,2915.87714811199,32.085964974046185,171.15269497363624,139.06672999959005,5.334191915751291,5.334191915751291,False
fixed256_od,7,8,0,SL,64,1024,2915.87714811199,3081.3871270885493,101.00752608339441,165.50997897655907,64.50245289316466,1.638590562448879,1.638590562448879,False
fixed256_od,7,9,0,LS,200,256,3081.3871270885493,3561.3545963751003,72.35128428205302,479.967469286551,407.616185004498,6.633848646216894,6.633848646216894,False
fixed256_od,7,10,0,LS,200,256,3561.3545963751003,4052.0333836065456,72.35128428205302,490.6787872314453,418.3275029493923,6.78189464223733,6.78189464223733,False
fixed256_od,7,1000008,1,LL,200,4096,2549.182136579771,3679.8684428153038,1130.6863062355314,1130.6863062355328,1.3642420526593924e-12,1.0,1.000000000000001,True
fixed256_od,7,1000009,1,SL,80,2048,3679.8684428153038,3923.670303166121,243.80186035081854,243.80186035081715,-1.3926637620897964e-12,1.0,0.9999999999999943,True
fixed256_od,7,1000010,1,SS,32,256,3923.670303166121,3993.839873299489,15.979837567787547,70.16957013336832,54.189732565580776,4.391131626695471,4.391131626695471,False
fixed256_od,7,1000011,1,SL,64,4096,3993.839873299489,4409.252344597617,400.5413596855101,415.41247129812746,14.87111161261737,1.0371275306607377,1.0371275306607377,True
fixed256_od,7,2000007,2,SL,32,2048,2327.8957796634845,2442.848600640484,114.952820977,114.95282097699965,-3.552713678800501e-13,1.0,0.9999999999999969,True
fixed256_od,7,2000008,2,SS,32,256,2442.848600640484,2509.4751729821064,15.979837567787547,66.62657234162225,50.6467347738347,4.169414867891357,4.169414867891357,False
fixed256_od,7,2000009,2,SL,64,1024,2509.4751729821064,2668.387683216479,101.00752608339441,158.9125102343728,57.90498415097839,1.5732739568650613,1.5732739568650613,False
fixed256_od,7,2000010,2,LS,160,256,2668.387683216479,3048.315180337689,58.92951067026337,379.92749712120985,320.9979864509465,6.447151737727332,6.447151737727332,False
fixed256_od,7,2000011,2,SL,80,2048,3048.315180337689,3308.891400560778,243.80186035081854,260.57622022308897,16.774359872270423,1.0688032480479557,1.0688032480479557,True
fixed256_od,7,2000012,2,LL,160,1024,3308.891400560778,3688.393293427002,229.85653940820262,379.5018928662239,149.64535345802128,1.6510380511396539,1.6510380511396539,False
fixed256_od,7,2000013,2,LS,200,256,3688.393293427002,4119.704968689554,72.35128428205302,431.3116752625524,358.96039098049937,5.961354792005271,5.961354792005271,False
fixed256_od,7,3000010,3,SL,64,1024,2230.4155910407767,2374.3664582408933,101.00752608339441,143.9508672001166,42.94334111672218,1.4251499148812639,1.4251499148812639,True
fixed256_od,7,3000011,3,LL,160,1024,2374.3664582408933,2745.1914654240722,229.85653940820262,370.82500718317897,140.96846777497635,1.6132889155032053,1.6132889155032053,False
fixed256_od,7,3000012,3,LL,128,4096,2745.1914654240722,3499.4753867994978,744.1386016188327,754.2839213754255,10.145319756592812,1.0136336426231918,1.0136336426231918,True
fixed256_od,7,3000013,3,LS,160,256,3499.4753867994978,3837.458933389447,58.92951067026337,337.9835465899491,279.05403591968576,5.735386952067468,5.735386952067468,False
fixed256_od,7,3000014,3,LS,200,256,3837.458933389447,4275.986912146585,72.35128428205302,438.5279787571385,366.17669447508547,6.061094604037552,6.061094604037552,False
fixed256_od,7,4000007,4,SS,80,256,2237.221386508853,2396.710583170584,32.085964974046185,159.48919666173106,127.40323168768487,4.970684122816293,4.970684122816293,False
fixed256_od,7,4000008,4,SL,80,2048,2396.710583170584,2656.5803569572627,243.80186035081854,259.8697737866787,16.067913435860163,1.0659056227575099,1.0659056227575099,True
fixed256_od,7,4000009,4,SL,64,1024,2656.5803569572627,2803.848446058276,101.00752608339441,147.26808910101317,46.260563017618765,1.4579912488840174,1.4579912488840174,True
fixed256_od,7,4000010,4,SL,80,1024,2803.848446058276,2987.840784841357,122.48236916054397,183.99233878308132,61.509969622537355,1.5021944794512674,1.5021944794512674,False
fixed256_od,7,4000011,4,LS,160,256,2987.840784841357,3372.1795449617125,58.92951067026337,384.33876012035535,325.409249450092,6.5220083409635015,6.5220083409635015,False
fixed256_od,7,4000012,4,LL,200,1024,3372.1795449617125,3868.917806088931,283.5436075005082,496.73826112721827,213.19465362671008,1.7518937051907544,1.7518937051907544,False
fixed256_od,7,4000013,4,LS,160,256,3868.917806088931,4170.7394967439395,58.92951067026337,301.82169065500875,242.89217998474538,5.121740995675908,5.121740995675908,False
fixed256_od,7,5000007,5,SS,64,256,2105.851132629983,2211.9620409562044,26.717256165257165,106.1109083262213,79.39365216096414,3.9716244688407336,3.9716244688407336,False
fixed256_od,7,5000008,5,LL,128,1024,2211.9620409562044,2517.3041183056957,186.90687789087698,305.3420773494913,118.43519945861433,1.633658861541527,1.633658861541527,False
fixed256_od,7,5000009,5,LS,128,256,2517.3041183056957,2806.8725239265186,48.19209238871334,289.5684056208229,241.37631323210954,6.008629035759407,6.008629035759407,False
fixed256_od,7,5000010,5,LS,160,256,2806.8725239265186,3199.1422067048766,58.92951067026337,392.26968277835795,333.3401721080946,6.656591550085661,6.656591550085661,False
fixed256_od,7,5000011,5,LL,160,1024,3199.1422067048766,3580.9882030949707,229.85653940820262,381.8459963900941,151.9894569818915,1.661236166581161,1.661236166581161,False
fixed256_od,7,5000012,5,LL,200,1024,3580.9882030949707,4050.326497495181,283.5436075005082,469.3382944002101,185.7946868997019,1.6552596566627549,1.6552596566627549,False
fixed256_od,7,6000005,6,SL,64,2048,2392.12067174025,2592.972815077658,200.85214333740902,200.85214333740805,-9.663381206337363e-13,1.0,0.9999999999999952,True
fixed256_od,7,6000006,6,SL,32,1024,2592.972815077658,2662.992857799783,58.057852632638046,70.0200427221248,11.962190089486754,1.2060391410818738,1.2060391410818738,True
fixed256_od,7,6000007,6,LL,200,2048,2662.992857799783,3268.859354511492,565.9243027292647,605.8664967117088,39.94219398244411,1.0705786865660587,1.0705786865660587,True
fixed256_od,7,6000008,6,LS,160,256,3268.859354511492,3613.3206735017516,58.92951067026337,344.46131899025977,285.5318083199964,5.845311034698268,5.845311034698268,False
fixed256_od,7,6000009,6,LL,160,1024,3613.3206735017516,4024.9972210393066,229.85653940820262,411.67654753755505,181.82000812935243,1.7910151636210705,1.7910151636210705,False
fixed256_od,7,7000007,7,LL,160,1024,2061.4416324708604,2365.1361286076663,229.85653940820262,303.6944961368058,73.83795672860319,1.3212349621146704,1.3212349621146704,True
fixed256_od,7,7000008,7,SL,32,2048,2365.1361286076663,2480.088949584666,114.952820977,114.95282097699965,-3.552713678800501e-13,1.0,0.9999999999999969,True
fixed256_od,7,7000009,7,LL,160,2048,2480.088949584666,2964.9199869144604,458.55018171426593,484.8310373297945,26.280855615528594,1.0573129325067083,1.0573129325067083,True
fixed256_od,7,7000010,7,SS,80,256,2964.9199869144604,3136.364842716482,32.085964974046185,171.44485580202172,139.35889082797553,5.343297480399941,5.343297480399941,False
fixed256_od,7,7000011,7,SL,80,4096,3136.364842716482,3641.7983113299138,486.44082678401566,505.4334686134316,18.99264182941596,1.0390440949518591,1.0390440949518591,True
fixed256_od,7,7000012,7,LS,160,256,3641.7983113299138,3988.9573464753844,58.92951067026337,347.1590351454706,288.22952447520726,5.891089730711981,5.891089730711981,False
fixed256_od,7,7000013,7,LL,200,1024,3988.9573464753844,4456.255199985415,283.5436075005082,467.29785351003056,183.75424600952238,1.6480634412087496,1.6480634412087496,False
fixed256_od,7,8000007,8,SS,64,256,2176.625726994529,2305.0791826798372,26.717256165257165,128.4534556853082,101.73619952005103,4.807883522573238,4.807883522573238,False
fixed256_od,7,8000008,8,SS,80,256,2305.0791826798372,2476.630879703787,32.085964974046185,171.5516970239496,139.4657320499034,5.34662732327717,5.34662732327717,False
fixed256_od,7,8000009,8,LL,200,1024,2476.630879703787,2976.3427328467433,283.5436075005082,499.71185314295644,216.16824564244826,1.7623809527854046,1.7623809527854046,False
fixed256_od,7,8000010,8,LL,200,1024,2976.3427328467433,3466.9292044043605,283.5436075005082,490.5864715576172,207.042864057109,1.7301976083405017,1.7301976083405017,False
fixed256_od,7,8000011,8,SS,32,256,3466.9292044043605,3534.9260701989033,15.979837567787547,67.99686579454283,52.01702822675528,4.25516626849901,4.25516626849901,False
fixed256_od,7,8000012,8,SS,64,256,3534.9260701989033,3691.4634837296417,26.717256165257165,156.53741353073838,129.8201573654812,5.859037790501031,5.859037790501031,False
fixed256_od,7,8000013,8,LS,128,256,3691.4634837296417,4010.7360493171436,48.19209238871334,319.27256558750196,271.08047319878864,6.624999035366144,6.624999035366144,False
fixed256_od,7,9000005,9,SS,80,256,2076.5215904127786,2212.3855557047636,32.085964974046185,135.8639652919851,103.7780003179389,4.234373670914471,4.234373670914471,False
fixed256_od,7,9000006,9,SL,80,1024,2212.3855557047636,2390.8645953638184,122.48236916054397,178.4790396590547,55.99667049851074,1.4571814774836125,1.4571814774836125,True
fixed256_od,7,9000007,9,LS,160,256,2390.8645953638184,2721.6687569978453,58.92951067026337,330.80416163402697,271.8746509637636,5.61355690674274,5.61355690674274,False
fixed256_od,7,9000008,9,SL,64,4096,2721.6687569978453,3134.69179772262,400.5413596855101,413.02304072477455,12.481681039264458,1.0311620279340556,1.0311620279340556,True
fixed256_od,7,9000009,9,LL,160,4096,3134.69179772262,4050.629172153329,915.9373744307104,915.937374430709,-1.3642420526593924e-12,1.0,0.9999999999999986,True
fixed256_od,7,10000005,10,LS,200,256,2328.2044879005707,2736.707074402444,72.35128428205302,408.50258650187334,336.1513022198203,5.646100004381039,5.646100004381039,False
fixed256_od,7,10000006,10,LL,200,1024,2736.707074402444,3245.875127255923,283.5436075005082,509.1680528534789,225.62444535297072,1.795731024733352,1.795731024733352,False
fixed256_od,7,10000007,10,LS,128,256,3245.875127255923,3520.388759278081,48.19209238871334,274.51363202215816,226.32153963344481,5.696238084205899,5.696238084205899,False
fixed256_od,7,10000008,10,LL,128,4096,3520.388759278081,4296.982200666685,744.1386016188327,776.5934413886034,32.45483976977073,1.0436139715090267,1.0436139715090267,True
fixed256_od,7,11000012,11,SL,32,1024,2908.024953068404,2979.4688115839626,58.057852632638046,71.44385851555853,13.386005882920486,1.2305632274693423,1.2305632274693423,True
fixed256_od,7,11000013,11,LL,128,2048,2979.4688115839626,3383.2993391279174,372.6508694745985,403.83052754395476,31.179658069356265,1.0836698921790162,1.0836698921790162,True
fixed256_od,7,11000014,11,LL,200,1024,3383.2993391279174,3836.0114645361964,283.5436075005082,452.712125408279,169.16851790777082,1.5966225773842129,1.5966225773842129,False
fixed256_od,7,11000015,11,SL,32,2048,3836.0114645361964,3950.964285513196,114.952820977,114.95282097699965,-3.552713678800501e-13,1.0,0.9999999999999969,True
fixed256_od,7,11000016,11,LS,160,256,3950.964285513196,4297.631486587689,58.92951067026337,346.6672010744933,287.7376904042299,5.882743588594335,5.882743588594335,False
fixed256_od,7,12000009,12,LL,200,1024,2024.1413082682402,2477.263119296939,283.5436075005082,453.12181102869863,169.57820352819044,1.598067454325827,1.598067454325827,False
fixed256_od,7,12000010,12,LL,160,1024,2477.263119296939,2847.590528534424,229.85653940820262,370.32740923748497,140.47086982928235,1.611124095885825,1.611124095885825,False
fixed256_od,7,12000011,12,SL,32,2048,2847.590528534424,2962.5433495114235,114.952820977,114.95282097699965,-3.552713678800501e-13,1.0,0.9999999999999969,True
fixed256_od,7,12000012,12,LL,128,1024,2962.5433495114235,3287.1790725293286,186.90687789087698,324.6357230179051,137.7288451270281,1.7368848416987588,1.7368848416987588,False
fixed256_od,7,12000013,12,SS,64,256,3287.1790725293286,3424.5117320206573,26.717256165257165,137.33265949132874,110.61540332607157,5.140223181672176,5.140223181672176,False
fixed256_od,7,12000014,12,LL,128,4096,3424.5117320206573,4203.2397300612165,744.1386016188327,778.7279980405592,34.58939642172652,1.0464824648882334,1.0464824648882334,True
fixed256_od,7,13000005,13,SS,80,256,2246.143248737974,2408.640285929373,32.085964974046185,162.49703719139916,130.41107221735297,5.064427307168114,5.064427307168114,False
fixed256_od,7,13000006,13,LL,128,1024,2408.640285929373,2725.069034589875,186.90687789087698,316.42874866050215,129.52187076962517,1.692975412307966,1.692975412307966,False
fixed256_od,7,13000007,13,LS,200,256,2725.069034589875,3200.8744785772487,72.35128428205302,475.80544398737356,403.45415970532054,6.576323401980008,6.576323401980008,False
fixed256_od,7,13000008,13,SL,32,2048,3200.8744785772487,3315.8272995542484,114.952820977,114.95282097699965,-3.552713678800501e-13,1.0,0.9999999999999969,True
fixed256_od,7,13000009,13,SL,80,4096,3315.8272995542484,3808.7931691179997,486.44082678401566,492.9658695637513,6.5250427797356565,1.0134138469068774,1.0134138469068774,True
fixed256_od,7,13000010,13,LL,160,2048,3808.7931691179997,4267.343350832265,458.55018171426593,458.55018171426536,-5.684341886080801e-13,1.0,0.9999999999999988,True
fixed256_od,7,14000008,14,LL,200,4096,2188.0780602359737,3319.9937335060413,1130.6863062355314,1131.9156732700676,1.2293670345361534,1.0010872750715707,1.0010872750715707,True
fixed256_od,7,14000009,14,LL,160,1024,3319.9937335060413,3687.1554241643066,229.85653940820262,367.16169065826534,137.30515125006272,1.5973515115279024,1.5973515115279024,False
fixed256_od,7,14000010,14,LS,128,256,3687.1554241643066,3979.8732410896046,48.19209238871334,292.71781692529794,244.5257245365846,6.073980240663983,6.073980240663983,False
fixed256_od,7,14000011,14,SL,32,4096,3979.8732410896046,4211.143753838141,228.74273596704626,231.27051274853602,2.527776781489763,1.0110507412215877,1.0110507412215877,True
fixed256_od,7,15000006,15,SS,32,256,2109.1258079420754,2166.471990706716,15.979837567787547,57.346182764640616,41.36634519685307,3.588658678248402,3.588658678248402,False
fixed256_od,7,15000007,15,LL,160,2048,2166.471990706716,2668.049564551179,458.55018171426593,501.57757384446313,43.0273921301972,1.093833551585001,1.093833551585001,True
fixed256_od,7,15000008,15,SS,64,256,2668.049564551179,2800.902570643704,26.717256165257165,132.853006092525,106.13574992726782,4.972554264958002,4.972554264958002,False
fixed256_od,7,15000009,15,LL,200,2048,2800.902570643704,3411.159869550554,565.9243027292647,610.2572989068499,44.33299617758519,1.0783373252637887,1.0783373252637887,True
fixed256_od,7,15000010,15,LS,128,256,3411.159869550554,3670.8297382819874,48.19209238871334,259.6698687314333,211.47777634271998,5.388225658204631,5.388225658204631,False
fixed256_od,7,15000011,15,LS,200,256,3670.8297382819874,4151.843311682718,72.35128428205302,481.0135734007308,408.6622891186778,6.648307326868666,6.648307326868666,False
fixed256_od,7,16000011,16,LL,200,1024,2407.952853559343,2853.6677908301417,283.5436075005082,445.7149372707986,162.1713297702904,1.5719449336201303,1.5719449336201303,False
fixed256_od,7,16000012,16,SL,64,1024,2853.6677908301417,2999.76748292351,101.00752608339441,146.0996920933685,45.09216600997409,1.4464238236341402,1.4464238236341402,True
fixed256_od,7,16000013,16,LS,160,256,2999.76748292351,3387.1934304597594,58.92951067026337,387.42594753624917,328.4964368659858,6.574396140909236,6.574396140909236,False
fixed256_od,7,16000014,16,SL,32,2048,3387.1934304597594,3503.8554325736795,114.952820977,116.66200211392015,1.7091811369201508,1.0148685445245587,1.0148685445245587,True
fixed256_od,7,16000015,16,SS,32,256,3503.8554325736795,3574.575652108083,15.979837567787547,70.72021953440344,54.74038196661589,4.4255906378524505,4.4255906378524505,False
fixed256_od,7,16000016,16,SL,64,1024,3574.575652108083,3738.871944593432,101.00752608339441,164.2962924853491,63.2887664019547,1.6265747598817724,1.6265747598817724,False
fixed256_od,7,16000017,16,LS,160,256,3738.871944593432,4117.578257119916,58.92951067026337,378.706312526484,319.77680185622063,6.4264289355042,6.4264289355042,False
fixed256_od,7,17000009,17,LL,200,1024,2192.9382823858427,2644.493062436587,283.5436075005082,451.5547800507443,168.0111725502361,1.592540858287327,1.592540858287327,False
fixed256_od,7,17000010,17,SL,32,1024,2644.493062436587,2707.2466741327908,58.057852632638046,62.753611696203734,4.6957590635656885,1.080880687979939,1.080880687979939,True
fixed256_od,7,17000011,17,SL,64,2048,2707.2466741327908,2920.693651931158,200.85214333740902,213.44697779836724,12.594834460958225,1.062706995562404,1.062706995562404,True
fixed256_od,7,17000012,17,SL,64,1024,2920.693651931158,3052.823818372729,101.00752608339441,132.13016644157096,31.122640358176554,1.3081219941223083,1.3081219941223083,True
fixed256_od,7,17000013,17,LS,200,256,3052.823818372729,3475.5975315557644,72.35128428205302,422.7737131830354,350.42242890098237,5.84334773567946,5.84334773567946,False
fixed256_od,7,17000014,17,LS,200,256,3475.5975315557644,3927.9611179815456,72.35128428205302,452.36358642578125,380.0123021437282,6.252322829022561,6.252322829022561,False
fixed256_od,7,17000015,17,SS,64,256,3927.9611179815456,4067.2344340470245,26.717256165257165,139.27331606547887,112.5560599002217,5.2128600034380925,5.2128600034380925,False
fixed256_od,7,18000011,18,LS,128,256,2550.3443748366067,2826.842082642339,48.19209238871334,276.49770780573226,228.3056154170189,5.737408236511607,5.737408236511607,False
fixed256_od,7,18000012,18,SS,64,256,2826.842082642339,2974.74557296304,26.717256165257165,147.90349032070117,121.186234155444,5.535878737167377,5.535878737167377,False
fixed256_od,7,18000013,18,LL,128,2048,2974.74557296304,3383.689582658191,372.6508694745985,408.9440096951507,36.29314022055223,1.0973918034103127,1.0973918034103127,True
fixed256_od,7,18000014,18,LL,160,1024,3383.689582658191,3750.8616314396972,229.85653940820262,367.1720487815064,137.3155093733038,1.5973965749542802,1.5973965749542802,False
fixed256_od,7,18000015,18,LS,128,256,3750.8616314396972,4023.769343994878,48.19209238871334,272.90771255518075,224.7156201664674,5.662914785976302,5.662914785976302,False
fixed256_od,7,19000006,19,SL,80,1024,2015.7744494034696,2169.1559161645996,122.48236916054397,153.38146676113,30.899097600586046,1.2522738400012903,1.2522738400012903,True
fixed256_od,7,19000007,19,SL,32,2048,2169.1559161645996,2284.1087371415992,114.952820977,114.95282097699965,-3.552713678800501e-13,1.0,0.9999999999999969,True
fixed256_od,7,19000008,19,LL,128,2048,2284.1087371415992,2677.390654533191,372.6508694745985,393.28191739159183,20.63104791699334,1.0553629405080447,1.0553629405080447,True
fixed256_od,7,19000009,19,LL,200,1024,2677.390654533191,3115.2778219580714,283.5436075005082,437.8871674248803,154.34355992437213,1.544337998958751,1.544337998958751,False
fixed256_od,7,19000010,19,SL,80,2048,3115.2778219580714,3359.0796823088886,243.80186035081854,243.80186035081715,-1.3926637620897964e-12,1.0,0.9999999999999943,True
fixed256_od,7,19000011,19,LL,160,1024,3359.0796823088886,3722.096906708252,229.85653940820262,363.0172243993634,133.16068499116076,1.5793208465332391,1.5793208465332391,False
fixed256_od,7,19000012,19,SL,64,2048,3722.096906708252,3922.94905004566,200.85214333740902,200.85214333740805,-9.663381206337363e-13,1.0,0.9999999999999952,True
fixed256_od,7,19000013,19,SS,80,256,3922.94905004566,4089.05840045574,32.085964974046185,166.10935041007997,134.02338543603378,5.1770096534245775,5.1770096534245775,False
fixed256_od,7,20000008,20,SS,80,256,2100.7943927678225,2260.7338917887478,32.085964974046185,159.93949902092527,127.85353404687908,4.984718369863513,4.984718369863513,False
fixed256_od,7,20000009,20,SL,32,4096,2260.7338917887478,2493.023178886969,228.74273596704626,232.2892870982214,3.5465511311751357,1.0155045410127737,1.0155045410127737,True
fixed256_od,7,20000010,20,SL,32,1024,2493.023178886969,2562.676132750955,58.057852632638046,69.65295386398566,11.595101231347613,1.1997163295844886,1.1997163295844886,True
fixed256_od,7,20000011,20,SS,32,256,2562.676132750955,2634.495772347341,15.979837567787547,71.81963959638597,55.83980202859842,4.494391090755599,4.494391090755599,False
fixed256_od,7,20000012,20,SS,32,256,2634.495772347341,2709.1959371422627,15.979837567787547,74.70016479492188,58.72032722713433,4.6746510706406585,4.6746510706406585,False
fixed256_od,7,20000013,20,SS,80,256,2709.1959371422627,2897.657491031912,32.085964974046185,188.46155388964917,156.37558891560298,5.873644568336737,5.873644568336737,False
fixed256_od,7,20000014,20,SL,64,1024,2897.657491031912,3059.533489393237,101.00752608339441,161.87599836132495,60.868472277930536,1.6026132372322035,1.6026132372322035,False
fixed256_od,7,20000015,20,SL,80,1024,3059.533489393237,3259.0222728784665,122.48236916054397,199.48878348522976,77.00641432468579,1.628714278246443,1.628714278246443,False
fixed256_od,7,20000016,20,LS,128,256,3259.0222728784665,3556.3121448981983,48.19209238871334,297.2898720197318,249.09777963101843,6.1688517199422845,6.1688517199422845,False
fixed256_od,7,20000017,20,SL,32,2048,3556.3121448981983,3674.573229717234,114.952820977,118.26108481903566,3.3082638420356574,1.0287793184535905,1.0287793184535905,True
fixed256_od,7,20000018,20,LL,200,4096,3674.573229717234,4850.424055063658,1130.6863062355314,1175.8508253464238,45.16451911089234,1.0399443407617286,1.0399443407617286,True
fixed256_od,7,21000006,21,SL,32,1024,2136.1849189150707,2202.8001629999785,58.057852632638046,66.61524408490777,8.557391452269727,1.1473942122251188,1.1473942122251188,True
fixed256_od,7,21000007,21,LS,128,256,2202.8001629999785,2488.433703223394,48.19209238871334,285.63354022341537,237.44144783470202,5.92697942889716,5.92697942889716,False
fixed256_od,7,21000008,21,SL,64,1024,2488.433703223394,2644.884951893237,101.00752608339441,156.45124866984315,55.44372258644874,1.5489068462153304,1.5489068462153304,False
fixed256_od,7,21000009,21,LS,200,256,2644.884951893237,3125.1126835333034,72.35128428205302,480.2277316400664,407.87644735801337,6.637445850552629,6.637445850552629,False
fixed256_od,7,21000010,21,SS,32,256,3125.1126835333034,3197.9066220543723,15.979837567787547,72.79393852106887,56.81410095328132,4.555361605665394,4.555361605665394,False
fixed256_od,7,21000011,21,LL,160,4096,3197.9066220543723,4156.917646452193,915.9373744307104,959.0110243978211,43.07364996711067,1.047026850491697,1.047026850491697,True
fixed256_od,7,22000007,22,SS,80,256,2182.8625503837525,2331.254574259451,32.085964974046185,148.39202387569867,116.30605890165248,4.6248265868185845,4.6248265868185845,False
fixed256_od,7,22000008,22,SL,80,4096,2331.254574259451,2835.6935512957343,486.44082678401566,504.4389770362832,17.99815025226752,1.0369996703838735,1.0369996703838735,True
fixed256_od,7,22000009,22,LL,128,1024,2835.6935512957343,3119.3199043408517,186.90687789087698,283.6263530451174,96.71947515424043,1.5174741360278285,1.5174741360278285,False
fixed256_od,7,22000010,22,LL,160,1024,3119.3199043408517,3497.925077484619,229.85653940820262,378.6051731437674,148.74863373556477,1.6471368363873338,1.6471368363873338,False
fixed256_od,7,22000011,22,LS,160,256,3497.925077484619,3870.180643594525,58.92951067026337,372.2555661099059,313.3260554396425,6.316963468317939,6.316963468317939,False
fixed256_od,7,22000012,22,LL,160,2048,3870.180643594525,4368.181271606843,458.55018171426593,498.00062801231843,39.4504462980525,1.0860329967607232,1.0860329967607232,True
fixed256_od,7,23000009,23,SL,32,1024,2529.624911664812,2593.274582457986,58.057852632638046,63.64967079317421,5.591818160536164,1.0963145880699117,1.0963145880699117,True
fixed256_od,7,23000010,23,LS,160,256,2593.274582457986,2941.0401711824156,58.92951067026337,347.76558872442956,288.8360780541662,5.901382597088436,5.901382597088436,False
fixed256_od,7,23000011,23,LL,128,4096,2941.0401711824156,3713.2659988844584,744.1386016188327,772.2258277020428,28.087226083210112,1.0377446164224082,1.0377446164224082,True
fixed256_od,7,23000012,23,SL,80,2048,3713.2659988844584,3957.0678592352756,243.80186035081854,243.80186035081715,-1.3926637620897964e-12,1.0,0.9999999999999943,True
fixed256_od,7,23000013,23,LL,128,2048,3957.0678592352756,4339.8659590009665,372.6508694745985,382.79809976569095,10.147230291092455,1.027229858085127,1.027229858085127,True
fixed256_od,7,24000004,24,LL,128,1024,2111.3366599793744,2369.77947536136,186.90687789087698,258.4428153819854,71.5359374911084,1.3827357146957089,1.3827357146957089,True
fixed256_od,7,24000005,24,LL,160,2048,2369.77947536136,2849.861087988679,458.55018171426593,480.0816126273194,21.53143091305344,1.0469554517077266,1.0469554517077266,True
fixed256_od,7,24000006,24,LS,128,256,2849.861087988679,3132.4026668464408,48.19209238871334,282.5415788577616,234.34948646904823,5.862820327011434,5.862820327011434,False
fixed256_od,7,24000007,24,SS,80,256,3132.4026668464408,3323.627087076834,32.085964974046185,191.2244202303932,159.13845525634702,5.959752819809893,5.959752819809893,False
fixed256_od,7,24000008,24,LS,128,256,3323.627087076834,3631.943858765386,48.19209238871334,308.31677168855185,260.12467929983853,6.397663110406057,6.397663110406057,False
fixed256_od,7,24000009,24,SS,64,256,3631.943858765386,3788.0046977188995,26.717256165257165,156.06083895351367,129.3435827882565,5.84120008387888,5.84120008387888,False
fixed256_od,7,24000010,24,LS,160,256,3788.0046977188995,4168.335093057416,58.92951067026337,380.3303953385166,321.40088466825324,6.453988689412901,6.453988689412901,False
fixed256_od,7,25000006,25,LL,160,4096,2363.2545089361797,3279.1918833668888,915.9373744307104,915.937374430709,-1.3642420526593924e-12,1.0,0.9999999999999986,True
fixed256_od,7,25000007,25,SL,80,1024,3279.1918833668888,3448.000849538623,122.48236916054397,168.80896617173403,46.32659701119006,1.3782307390745145,1.3782307390745145,True
fixed256_od,7,25000008,25,SL,64,1024,3448.000849538623,3586.8615991344477,101.00752608339441,138.86074959582493,37.85322351243052,1.3747564659803462,1.3747564659803462,True
fixed256_od,7,25000009,25,LL,128,1024,3586.8615991344477,3893.3071022168283,186.90687789087698,306.4455030823806,119.5386251915036,1.6395624737859813,1.6395624737859813,False
fixed256_od,7,25000010,25,SS,64,256,3893.3071022168283,4022.2557200577667,26.717256165257165,128.94861784093837,102.2313616756812,4.826416943541597,4.826416943541597,False
fixed256_od,7,26000007,26,LS,128,256,2039.0515152275027,2237.1042812263236,48.19209238871334,198.05276599882086,149.8606736101075,4.109652770445076,4.109652770445076,False
fixed256_od,7,26000008,26,LS,160,256,2237.1042812263236,2553.603776626752,58.92951067026337,316.49949540042826,257.5699847301649,5.370814924484655,5.370814924484655,False
fixed256_od,7,26000009,26,LS,200,256,2553.603776626752,3037.467343567483,72.35128428205302,483.8635669407313,411.51228265867826,6.687698383548325,6.687698383548325,False
fixed256_od,7,26000010,26,SL,64,1024,3037.467343567483,3199.370754407885,101.00752608339441,161.9034108404021,60.89588475700769,1.6028846276932918,1.6028846276932918,False
fixed256_od,7,26000011,26,SL,32,1024,3199.370754407885,3268.0979619745876,58.057852632638046,68.72720756670242,10.669354934064373,1.1837710912522872,1.1837710912522872,True
fixed256_od,7,26000012,26,SS,80,256,3268.0979619745876,3456.1757100260525,32.085964974046185,188.07774805146482,155.99178307741863,5.86168277013323,5.86168277013323,False
fixed256_od,7,26000013,26,SS,32,256,3456.1757100260525,3530.4109945153095,15.979837567787547,74.23528448925708,58.255446921469535,4.645559391598695,4.645559391598695,False
fixed256_od,7,26000014,26,SS,64,256,3530.4109945153095,3683.8054789688995,26.717256165257165,153.39448445358994,126.67722828833277,5.741401119365786,5.741401119365786,False
fixed256_od,7,26000015,26,SS,32,256,3683.8054789688995,3760.679854378591,15.979837567787547,76.87437540969131,60.89453784190376,4.810710689866842,4.810710689866842,False
fixed256_od,7,26000016,26,LL,200,4096,3760.679854378591,4946.4365520119,1130.6863062355314,1185.7566976333092,55.07039139777771,1.0487052784614745,1.0487052784614745,True
fixed256_od,7,27000005,27,LL,200,1024,2097.8063399912794,2519.971706943423,283.5436075005082,422.1653669521438,138.62175945163563,1.4888904414866315,1.4888904414866315,True
fixed256_od,7,27000006,27,LL,160,1024,2519.971706943423,2867.37965206958,229.85653940820262,347.40794512615685,117.55140571795422,1.5114120573667669,1.5114120573667669,False
fixed256_od,7,27000007,27,SS,64,256,2867.37965206958,2997.61048690347,26.717256165257165,130.23083483388973,103.51357866863256,4.874409034683753,4.874409034683753,False
fixed256_od,7,27000008,27,SS,80,256,2997.61048690347,3192.25768705242,32.085964974046185,194.6472001489501,162.5612351749039,6.0664281191604195,6.0664281191604195,False
fixed256_od,7,27000009,27,LL,200,4096,3192.25768705242,4370.877598862487,1130.6863062355314,1178.6199118100667,47.93360557453525,1.0423933723351826,1.0423933723351826,True
fixed256_od,7,28000007,28,SL,32,1024,2091.7827929956543,2154.1288220575957,58.057852632638046,62.34602906194141,4.288176429303363,1.0738604036294086,1.0738604036294086,True
fixed256_od,7,28000008,28,LS,160,256,2154.1288220575957,2509.988816909955,58.92951067026337,355.85999485235925,296.9304841820959,6.0387400269374885,6.0387400269374885,False
fixed256_od,7,28000009,28,SL,32,1024,2509.988816909955,2580.874908996072,58.057852632638046,70.88609208611706,12.828239453479014,1.2209561475628439,1.2209561475628439,True
fixed256_od,7,28000010,28,SS,64,256,2580.874908996072,2732.7022685196807,26.717256165257165,151.82735952360872,125.11010335835155,5.682745210978791,5.682745210978791,False
fixed256_od,7,28000011,28,SS,80,256,2732.7022685196807,2916.187764469412,32.085964974046185,183.4854959497311,151.3995309756849,5.7185593794093315,5.7185593794093315,False
fixed256_od,7,28000012,28,LS,200,256,2916.187764469412,3411.920697449319,72.35128428205302,495.7329329799072,423.3816486978542,6.851750288873248,6.851750288873248,False
fixed256_od,7,28000013,28,LS,160,256,3411.920697449319,3792.2662148835875,58.92951067026337,380.34551743426846,321.4160067640051,6.454245302705288,6.454245302705288,False
fixed256_od,7,28000014,28,LL,128,2048,3792.2662148835875,4188.443076920887,372.6508694745985,396.1768620372991,23.525992562700594,1.063131457591579,1.063131457591579,True
fixed256_od,7,29000005,29,LL,160,2048,2180.7072523359266,2639.2574340501915,458.55018171426593,458.5501817142649,-1.0231815394945443e-12,1.0,0.9999999999999978,True
fixed256_od,7,29000006,29,SL,80,1024,2639.2574340501915,2822.3733318384275,122.48236916054397,183.115897788236,60.63352862769203,1.4950388292066472,1.4950388292066472,True
fixed256_od,7,29000007,29,SS,32,256,2822.3733318384275,2888.670195565114,15.979837567787547,66.29686372668675,50.3170261588992,4.148782079007436,4.148782079007436,False
fixed256_od,7,29000008,29,LS,160,256,2888.670195565114,3286.4476571443297,58.92951067026337,397.77746157921547,338.8479509089521,6.750055397625071,6.750055397625071,False
fixed256_od,7,29000009,29,SS,64,256,3286.4476571443297,3425.493635096829,26.717256165257165,139.04597795249947,112.3287217872423,5.204350966747603,5.204350966747603,False
fixed256_od,7,29000010,29,LL,160,1024,3425.493635096829,3817.417036102783,229.85653940820262,391.923401005954,162.0668615977514,1.705078315435423,1.705078315435423,False
fixed256_od,7,29000011,29,LL,128,1024,3817.417036102783,4101.932132734407,186.90687789087698,284.5150966316237,97.60821874074671,1.522229143422608,1.522229143422608,False
fixed256_od,7,30000006,30,LS,200,256,2108.198455036802,2445.3251384649443,72.35128428205302,337.1266834281423,264.7753991460893,4.659581191591477,4.659581191591477,False
fixed256_od,7,30000007,30,SL,64,1024,2445.3251384649443,2572.5220521129636,101.00752608339441,127.19691364801929,26.18938756462488,1.259281546436473,1.259281546436473,True
fixed256_od,7,30000008,30,SL,32,1024,2572.5220521129636,2639.726051061502,58.057852632638046,67.20399894853836,9.14614631590031,1.1575350430849156,1.1575350430849156,True
fixed256_od,7,30000009,30,SL,32,4096,2639.726051061502,2868.898933379157,228.74273596704626,229.17288231765497,0.43014635060870887,1.001880480920149,1.001880480920149,True
fixed256_od,7,30000010,30,LS,160,256,2868.898933379157,3228.578318155072,58.92951067026337,359.67938477591497,300.7498741056516,6.103552883520108,6.103552883520108,False
fixed256_od,7,30000011,30,SS,80,256,3228.578318155072,3406.5978970133574,32.085964974046185,178.0195788582855,145.93361388423932,5.548207105576617,5.548207105576617,False
fixed256_od,7,30000012,30,LL,160,1024,3406.5978970133574,3823.610578583252,229.85653940820262,417.01268156989454,187.15614216169192,1.8142302265732846,1.8142302265732846,False
fixed256_od,7,30000013,30,SL,32,1024,3823.610578583252,3899.1426312616973,58.057852632638046,75.53205267844533,17.47420004580728,1.3009790967705186,1.3009790967705186,True
fixed256_od,7,30000014,30,LS,128,256,3899.1426312616973,4172.422655860113,48.19209238871334,273.2800245984158,225.08793220970247,5.6706403696723156,5.6706403696723156,False
fixed256_od,7,31000006,31,SL,80,1024,2994.717500148665,3178.313196950732,122.48236916054397,183.59569680206732,61.113327641523355,1.4989561196470569,1.4989561196470569,True
fixed256_od,7,31000007,31,SS,80,256,3178.313196950732,3332.4601185953884,32.085964974046185,154.14692164465623,122.06095667061004,4.804185311844078,4.804185311844078,False
fixed256_od,7,31000008,31,LS,200,256,3332.4601185953884,3791.0401890264675,72.35128428205302,458.5800704310791,386.22878614902606,6.338243681250471,6.338243681250471,False
fixed256_od,7,31000009,31,LL,200,1024,3791.0401890264675,4277.246716098696,283.5436075005082,486.2065270722287,202.66291957172052,1.7147504447666213,1.7147504447666213,False
old_od,19,9,0,LS,128,256,2313.270823987405,2588.566736157964,48.19209238871334,275.29591217055895,227.1038197818456,5.712470625887032,5.712470625887032,False
old_od,19,10,0,SS,32,256,2588.566736157964,2657.683591146169,15.979837567787547,69.11685498820498,53.13701742041743,4.325253914190719,4.325253914190719,False
old_od,19,11,0,SL,64,1024,2657.683591146169,2808.283594569018,101.00752608339441,150.6000034228491,49.5924773394547,1.4909780415620701,1.4909780415620701,True
old_od,19,12,0,LL,160,1024,2808.283594569018,3183.892132123291,229.85653940820262,375.60853755427297,145.75199814607035,1.6340998542888054,1.6340998542888054,False
old_od,19,13,0,LL,200,1024,3183.892132123291,3667.795422153384,283.5436075005082,483.9032900300931,200.35968252958492,1.7066274013221259,1.7066274013221259,False
old_od,19,14,0,LL,128,2048,3667.795422153384,4040.4462916279813,372.6508694745985,372.65086947459713,-1.3642420526593924e-12,1.0,0.9999999999999963,True
old_od,19,1000006,1,SL,64,2048,2838.290496464798,3039.142639802206,200.85214333740902,200.85214333740805,-9.663381206337363e-13,1.0,0.9999999999999952,True
old_od,19,1000007,1,LL,160,2048,3039.142639802206,3516.7285348880932,458.55018171426593,477.5858950858874,19.035713371621455,1.0415128248351302,1.0415128248351302,True
old_od,19,1000008,1,LS,160,256,3516.7285348880932,3849.925645523236,58.92951067026337,333.19711063514296,274.2675999648796,5.654163878935427,5.654163878935427,False
old_od,19,1000009,1,LS,128,256,3849.925645523236,4118.040331641363,48.19209238871334,268.1146861181269,219.92259372941353,5.563458086765283,5.563458086765283,False
old_od,19,2000008,2,LL,160,1024,2302.6784689892893,2667.776180585205,229.85653940820262,365.0977115959158,135.2411721877132,1.5883720886771822,1.5883720886771822,False
old_od,19,2000009,2,SL,64,2048,2667.776180585205,2868.628323922613,200.85214333740902,200.85214333740805,-9.663381206337363e-13,1.0,0.9999999999999952,True
old_od,19,2000010,2,LL,160,1024,2868.628323922613,3230.595570746338,229.85653940820262,361.96724682372496,132.11070741552234,1.5747528774063144,1.5747528774063144,False
old_od,19,2000011,2,SL,64,4096,3230.595570746338,3631.1369304318487,400.5413596855101,400.54135968551054,4.547473508864641e-13,1.0,1.000000000000001,True
old_od,19,2000012,2,SL,64,1024,3631.1369304318487,3771.9334443248777,101.00752608339441,140.796513893029,39.78898780963458,1.3939210210611808,1.3939210210611808,True
old_od,19,2000013,2,SS,64,256,3771.9334443248777,3904.7041979386263,26.717256165257165,132.77075361374864,106.05349744849147,4.969475637487142,4.969475637487142,False
old_od,19,2000014,2,SS,64,256,3904.7041979386263,4045.334538514798,26.717256165257165,140.63034057617188,113.9130844109147,5.2636520646549805,5.2636520646549805,False
old_od,19,3000009,3,LL,200,1024,2246.6027034123535,2716.6333653662746,283.5436075005082,470.030661953921,186.48705445341284,1.657701494656615,1.657701494656615,False
old_od,19,3000010,3,SL,32,4096,2716.6333653662746,2945.376101333322,228.74273596704626,228.74273596704734,1.0800249583553523e-12,1.0,1.0000000000000047,True
old_od,19,3000011,3,SS,64,256,2945.376101333322,3082.523922157376,26.717256165257165,137.14782082405418,110.43056465879701,5.1333048564470385,5.1333048564470385,False
old_od,19,3000012,3,LL,128,2048,3082.523922157376,3489.411810026355,372.6508694745985,406.88788786897885,34.23701839438036,1.0918742479861947,1.0918742479861947,True
old_od,19,3000013,3,LL,160,1024,3489.411810026355,3855.0649463566897,229.85653940820262,365.65313633033475,135.79659692213212,1.5907884860346335,1.5907884860346335,False
old_od,19,3000014,3,LL,160,4096,3855.0649463566897,4789.061711491256,915.9373744307104,933.996765134566,18.05939070385557,1.0197168400460568,1.0197168400460568,True
old_od,19,4000008,4,SL,64,1024,2104.2247715629373,2248.817041834643,101.00752608339441,144.59227027170573,43.58474418831132,1.4314999671640967,1.4314999671640967,True
old_od,19,4000009,4,LL,160,4096,2248.817041834643,3194.6985896406695,915.9373744307104,945.8815478060264,29.94417337531604,1.0326923807361037,1.0326923807361037,True
old_od,19,4000010,4,SL,32,1024,3194.6985896406695,3264.589866369119,58.057852632638046,69.89127672844961,11.833424095811566,1.2038212499984755,1.2038212499984755,True
old_od,19,4000011,4,SS,80,256,3264.589866369119,3458.6387600504668,32.085964974046185,194.04889368134764,161.96292870730144,6.047781135406419,6.047781135406419,False
old_od,19,4000012,4,LS,160,256,3458.6387600504668,3821.40849464433,58.92951067026337,362.7697345938632,303.8402239235998,6.155994347615069,6.155994347615069,False
old_od,19,4000013,4,LL,200,1024,3821.40849464433,4251.717236118227,283.5436075005082,430.3087414738975,146.7651339733893,1.5176104489434707,1.5176104489434707,False
old_od,19,5000007,5,LL,160,4096,2009.1817648877268,2951.5434009443807,915.9373744307104,942.3616360566539,26.424261625943473,1.028849419582171,1.028849419582171,True
old_od,19,5000008,5,SS,32,256,2951.5434009443807,3023.455075521169,15.979837567787547,71.9116745767883,55.93183700900075,4.50015053480576,4.50015053480576,False
old_od,19,5000009,5,SL,64,1024,3023.455075521169,3180.882242640307,101.00752608339441,157.42716711913818,56.419641035743766,1.5585686851607696,1.5585686851607696,False
old_od,19,5000010,5,LS,128,256,3180.882242640307,3482.765726026128,48.19209238871334,301.8834833858209,253.69139099710756,6.264170498156716,6.264170498156716,False
old_od,19,5000011,5,LS,160,256,3482.765726026128,3859.383805923627,58.92951067026337,376.6180798974988,317.6885692272354,6.390992825391733,6.390992825391733,False
old_od,19,5000012,5,LL,200,1024,3859.383805923627,4332.0612455176415,283.5436075005082,472.6774395940147,189.1338320935065,1.667036135149573,1.667036135149573,False
old_od,19,6000008,6,SL,64,2048,2005.739625625775,2219.4510050317444,200.85214333740902,213.7113794059694,12.859236068560392,1.0640233947962323,1.0640233947962323,True
old_od,19,6000009,6,LL,200,1024,2219.4510050317444,2687.545535776431,283.5436075005082,468.0945307446864,184.5509232441782,1.6508731579986244,1.6508731579986244,False
old_od,19,6000010,6,LS,160,256,2687.545535776431,3018.6312950349547,58.92951067026337,331.0857592585239,272.15624858826055,5.618335456934217,5.618335456934217,False
old_od,19,6000011,6,SL,80,2048,3018.6312950349547,3275.926112670153,243.80186035081854,257.29481763519834,13.492957284379798,1.0553439471912318,1.0553439471912318,True
old_od,19,6000012,6,SL,32,1024,3275.926112670153,3344.144996374002,58.057852632638046,68.21888370384886,10.161031071210815,1.1750156199455895,1.1750156199455895,True
old_od,19,6000013,6,LS,200,256,3344.144996374002,3796.751072302835,72.35128428205302,452.606075928833,380.25479164677995,6.255674386710278,6.255674386710278,False
old_od,19,6000014,6,SL,32,2048,3796.751072302835,3912.2104588187967,114.952820977,115.4593865159618,0.5065655389617945,1.004406725599741,1.004406725599741,True
old_od,19,6000015,6,SS,80,256,3912.2104588187967,4061.3174404703886,32.085964974046185,149.10698165159192,117.02101667754573,4.647109157296723,4.647109157296723,False
old_od,19,7000006,7,SL,64,4096,2123.9715899927246,2526.1383835136357,400.5413596855101,402.16679352091114,1.6254338354010542,1.0040580923694804,1.0040580923694804,True
old_od,19,7000007,7,SS,64,256,2526.1383835136357,2662.1309320450714,26.717256165257165,135.99254853143566,109.27529236617849,5.0900641776335895,5.0900641776335895,False
old_od,19,7000008,7,LL,160,2048,2662.1309320450714,3163.6924173343823,458.55018171426593,501.5614852893109,43.01130357504496,1.0937984658827296,1.0937984658827296,True
old_od,19,7000009,7,LS,128,256,3163.6924173343823,3439.482363501714,48.19209238871334,275.7899461673319,227.59785377861854,5.722721975689155,5.722721975689155,False
old_od,19,7000010,7,LS,160,256,3439.482363501714,3811.027177505658,58.92951067026337,371.5448140039439,312.6153033336805,6.304902412696096,6.304902412696096,False
old_od,19,7000011,7,SL,64,2048,3811.027177505658,4023.2112521264708,200.85214333740902,212.18407462081268,11.331931283403662,1.0564192698923172,1.0564192698923172,True
old_od,19,8000005,8,LL,160,1024,2476.3924564226872,2817.583538373291,229.85653940820262,341.1910819506038,111.33454254240118,1.4843653473120553,1.4843653473120553,True
old_od,19,8000006,8,LS,128,256,2817.583538373291,3083.336786206792,48.19209238871334,265.75324783350106,217.56115544478772,5.514457552287994,5.514457552287994,False
old_od,19,8000007,8,SL,80,1024,3083.336786206792,3272.7645197778807,122.48236916054397,189.42773357108854,66.94536441054457,1.5465714361125382,1.5465714361125382,False
old_od,19,8000008,8,SL,80,1024,3272.7645197778807,3469.8081293970213,122.48236916054397,197.04360961914062,74.56124045859666,1.6087508020102501,1.6087508020102501,False
old_od,19,8000009,8,SL,64,1024,3469.8081293970213,3616.671069446948,101.00752608339441,146.8629400499267,45.85541396653228,1.4539801710287694,1.4539801710287694,True
old_od,19,8000010,8,LS,160,256,3616.671069446948,3966.944154434369,58.92951067026337,350.27308498742104,291.3435743171577,5.943933370622295,5.943933370622295,False
old_od,19,8000011,8,SS,32,256,3966.944154434369,4031.8653385826924,15.979837567787547,64.92118414832339,48.94134658053584,4.062693620815816,4.062693620815816,False
old_od,19,9000010,9,LL,128,1024,2222.3715389167533,2477.411158710969,186.90687789087698,255.03961979421592,68.13274190333894,1.3645277406170002,1.3645277406170002,True
old_od,19,9000011,9,LL,128,4096,2477.411158710969,3232.179549397154,744.1386016188327,754.7683906861848,10.629789067352135,1.0142846897664328,1.0142846897664328,True
old_od,19,9000012,9,LL,200,1024,3232.179549397154,3683.9003110694,283.5436075005082,451.72076167224577,168.17715417173758,1.5931262413363918,1.5931262413363918,False
old_od,19,9000013,9,SL,64,1024,3683.9003110694,3828.8670380748777,101.00752608339441,144.96672700547788,43.95920092208347,1.435207183331959,1.435207183331959,True
old_od,19,9000014,9,SS,80,256,3828.8670380748777,3991.17011686199,32.085964974046185,162.30307878711255,130.21711381306636,5.058382346250046,5.058382346250046,False
old_od,19,9000015,9,SL,80,2048,3991.17011686199,4252.428821923083,243.80186035081854,261.25870506109277,17.456844710274225,1.0716025902556885,1.0716025902556885,True
old_od,19,10000006,10,LS,160,256,2049.9649842418694,2414.1441666414003,58.92951067026337,364.1791823995309,305.2496717292675,6.179911868558933,6.179911868558933,False
old_od,19,10000007,10,SS,80,256,2414.1441666414003,2588.5593380533965,32.085964974046185,174.4151714119962,142.32920643795,5.435871152794619,5.435871152794619,False
old_od,19,10000008,10,LS,200,256,2588.5593380533965,3031.3156627569365,72.35128428205302,442.75632470354003,370.405040421487,6.119536496097378,6.119536496097378,False
old_od,19,10000009,10,SS,64,256,3031.3156627569365,3166.4766351700714,26.717256165257165,135.1609724131349,108.44371624787775,5.058939120735639,5.058939120735639,False
old_od,19,10000010,10,SL,32,1024,3166.4766351700714,3235.2229524403865,58.057852632638046,68.7463172703151,10.688464637677058,1.1841002405877545,1.1841002405877545,True
old_od,19,10000011,10,LL,128,1024,3235.2229524403865,3533.540232807649,186.90687789087698,298.31728036726236,111.41040247638537,1.5960743859914603,1.5960743859914603,False
old_od,19,10000012,10,SL,80,1024,3533.540232807649,3691.936525295459,122.48236916054397,158.39629248781011,35.91392332726615,1.293217085637786,1.293217085637786,True
old_od,19,10000013,10,LL,160,1024,3691.936525295459,4064.923649969971,229.85653940820262,372.98712467451196,143.13058526630934,1.6226952934853138,1.6226952934853138,False
old_od,19,11000007,11,SL,64,1024,2255.7267703376515,2406.211169544604,101.00752608339441,150.48439920695273,49.47687312355832,1.489833530649082,1.489833530649082,True
old_od,19,11000008,11,SL,80,1024,2406.211169544604,2591.5671626001463,122.48236916054397,185.35599305554206,62.87362389499809,1.5133279534508872,1.5133279534508872,False
old_od,19,11000009,11,SS,32,256,2591.5671626001463,2659.135464925466,15.979837567787547,67.56830232531956,51.588464757532016,4.228347255639507,4.228347255639507,False
old_od,19,11000010,11,LL,200,1024,2659.135464925466,3133.077762338931,283.5436075005082,473.942297413465,190.3986899129568,1.6714970285923851,1.6714970285923851,False
old_od,19,11000011,11,LS,200,256,3133.077762338931,3585.5621837530302,72.35128428205302,452.4844214140994,380.1331371320464,6.253992944342796,6.253992944342796,False
old_od,19,11000012,11,LS,200,256,3585.5621837530302,4050.0149272833037,72.35128428205302,464.45274353027344,392.1014592482204,6.419412566605712,6.419412566605712,False
old_od,19,12000005,12,SS,64,256,2289.958713266665,2408.9091387345247,26.717256165257165,118.95042546785953,92.23316930260236,4.452194668947382,4.452194668947382,False
old_od,19,12000006,12,SL,64,4096,2408.9091387345247,2823.029786711878,400.5413596855101,414.1206479773532,13.579288291843113,1.0339023373329164,1.0339023373329164,True
old_od,19,12000007,12,LS,200,256,2823.029786711878,3205.242488416116,72.35128428205302,382.21270170423804,309.861417422185,5.282735551925057,5.282735551925057,False
old_od,19,12000008,12,LS,128,256,3205.242488416116,3511.9963252937064,48.19209238871334,306.7538368775904,258.5617444888771,6.365231756349981,6.365231756349981,False
old_od,19,12000009,12,LS,160,256,3511.9963252937064,3872.744401626752,58.92951067026337,360.74807633304545,301.8185656627821,6.121687966350004,6.121687966350004,False
old_od,19,12000010,12,LL,160,2048,3872.744401626752,4358.92862338907,458.55018171426593,486.184221762318,27.634040048052043,1.0602639387138473,1.0602639387138473,True
old_od,19,13000008,13,SL,80,2048,2056.8550904430413,2310.2581065910517,243.80186035081854,253.40301614801047,9.601155797191922,1.0393809784034311,1.0393809784034311,True
old_od,19,13000009,13,LL,160,1024,2310.2581065910517,2651.818157513916,229.85653940820262,341.5600509228643,111.7035115146617,1.485970561473943,1.485970561473943,True
old_od,19,13000010,13,LS,160,256,2651.818157513916,2983.0394066072204,58.92951067026337,331.2212490933043,272.29173842304095,5.62063464172702,5.62063464172702,False
old_od,19,13000011,13,SL,32,1024,2983.0394066072204,3057.488044469705,58.057852632638046,74.4486378624847,16.390785229846657,1.2823181445162914,1.2823181445162914,True
old_od,19,13000012,13,LL,160,1024,3057.488044469705,3462.4547778996584,229.85653940820262,404.96673342995336,175.11019402175074,1.7618238509663293,1.7618238509663293,False
old_od,19,13000013,13,LL,128,1024,3462.4547778996584,3749.8316604199536,186.90687789087698,287.3768825202951,100.47000462941813,1.537540435981581,1.537540435981581,False
old_od,19,13000014,13,SL,64,2048,3749.8316604199536,3950.6838037573616,200.85214333740902,200.85214333740805,-9.663381206337363e-13,1.0,0.9999999999999952,True
old_od,19,13000015,13,LL,200,1024,3950.6838037573616,4400.605633335024,283.5436075005082,449.9218295776627,166.37822207715453,1.5867817777442095,1.5867817777442095,False
old_od,19,14000008,14,LL,160,1024,2390.3863285254006,2743.2484401066895,229.85653940820262,352.8621115812889,123.00557217308628,1.535140625060227,1.535140625060227,False
old_od,19,14000009,14,SS,80,256,2743.2484401066895,2900.657550431326,32.085964974046185,157.40911032463646,125.32314535059027,4.905855580530681,4.905855580530681,False
old_od,19,14000010,14,LS,200,256,2900.657550431326,3330.9555553350615,72.35128428205302,430.29800490373555,357.9467206216825,5.947344393034809,5.947344393034809,False
old_od,19,14000011,14,LL,128,1024,3330.9555553350615,3628.5288650097973,186.90687789087698,297.5733096747358,110.66643178385883,1.5920939509164018,1.5920939509164018,False
old_od,19,14000012,14,LL,200,1024,3628.5288650097973,4056.2639737891263,283.5436075005082,427.73510877932904,144.19150127882085,1.5085337756329507,1.5085337756329507,False
old_od,19,15000005,15,SL,32,1024,2030.918756977312,2103.51455579783,58.057852632638046,72.59579882051798,14.537946187879939,1.2504044763740922,1.2504044763740922,True
old_od,19,15000006,15,SS,80,256,2103.51455579783,2279.699527360037,32.085964974046185,176.184971562207,144.09900658816082,5.491029230528681,5.491029230528681,False
old_od,19,15000007,15,LS,128,256,2279.699527360037,2564.3128909431202,48.19209238871334,284.61336358308336,236.42127119437,5.905810465489152,5.905810465489152,False
old_od,19,15000008,15,SS,64,256,2564.3128909431202,2714.1424219132355,26.717256165257165,149.82953097011523,123.11227480485806,5.607968499585371,5.607968499585371,False
old_od,19,15000009,15,SL,64,2048,2714.1424219132355,2930.336243679205,200.85214333740902,216.19382176596946,15.341678428560442,1.0763829460499614,1.0763829460499614,True
old_od,19,15000010,15,SS,32,256,2930.336243679205,2993.888982894216,15.979837567787547,63.552739215011115,47.57290164722357,3.9770578984558584,3.9770578984558584,False
old_od,19,15000011,15,SL,80,1024,2993.888982894216,3183.9106837183103,122.48236916054397,190.0217008240943,67.53933166355033,1.5514208463344061,1.5514208463344061,False
old_od,19,15000012,15,LL,200,1024,3183.9106837183103,3674.4925046729154,283.5436075005082,490.58182095460506,207.03821345409688,1.7301812066199582,1.7301812066199582,False
old_od,19,15000013,15,SS,80,256,3674.4925046729154,3845.8484615885527,32.085964974046185,171.3559569156373,139.26999194159112,5.340526833281915,5.340526833281915,False
old_od,19,15000014,15,SL,80,4096,3845.8484615885527,4347.270394557455,486.44082678401566,501.4219329689022,14.981106184886528,1.0307973865679212,1.0307973865679212,True
old_od,19,16000007,16,SL,64,4096,2902.288792790084,3302.8301524755943,400.5413596855101,400.54135968551054,4.547473508864641e-13,1.0,1.000000000000001,True
old_od,19,16000008,16,SL,80,1024,3302.8301524755943,3491.2716235620605,122.48236916054397,188.4414710864662,65.95910192592224,1.5385191548627397,1.5385191548627397,False
old_od,19,16000009,16,LL,200,4096,3491.2716235620605,4665.5030718849475,1130.6863062355314,1174.231448322887,43.54514208735554,1.0385121336017,1.0385121336017,True
old_od,19,17000007,17,SL,32,2048,2335.291925922624,2450.244746899624,114.952820977,114.95282097699965,-3.552713678800501e-13,1.0,0.9999999999999969,True
old_od,19,17000008,17,LL,160,2048,2450.244746899624,2940.1667978275464,458.55018171426593,489.92205092792256,31.371869213656623,1.068415345723721,1.068415345723721,True
old_od,19,17000009,17,LL,200,1024,2940.1667978275464,3382.435085849673,283.5436075005082,442.26828802212685,158.72468052161867,1.5597893104373168,1.5597893104373168,False
old_od,19,17000010,17,SS,32,256,3382.435085849673,3454.3678562828877,15.979837567787547,71.9327704332145,55.95293286542695,4.501470689427903,4.501470689427903,False
old_od,19,17000011,17,LL,160,1024,3454.3678562828877,3848.9259540471194,229.85653940820262,394.55809776423166,164.70155835602904,1.716540668279771,1.716540668279771,False
old_od,19,17000012,17,LL,128,2048,3848.9259540471194,4230.09413048534,372.6508694745985,381.16817643822105,8.51730696362256,1.0228559964870902,1.0228559964870902,True
old_od,19,18000007,18,LS,160,256,2016.7808397905394,2349.443467788861,58.92951067026337,332.6626279983218,273.7331173280584,5.645094015114364,5.645094015114364,False
old_od,19,18000008,18,LL,200,4096,2349.443467788861,3528.740452866393,1130.6863062355314,1179.2969850775316,48.6106788420002,1.0429921885264914,1.0429921885264914,True
old_od,19,18000009,18,LL,160,2048,3528.740452866393,3987.2906345806578,458.55018171426593,458.5501817142649,-1.0231815394945443e-12,1.0,0.9999999999999978,True
old_od,19,18000010,18,SL,64,1024,3987.2906345806578,4124.5079835094475,101.00752608339441,137.21734892878976,36.20982284539535,1.3584863846234545,1.3584863846234545,True
old_od,19,19000007,19,SL,32,1024,2054.6511107952533,2127.28174564158,58.057852632638046,72.63063484632676,14.572782213688711,1.251004499010637,1.251004499010637,True
old_od,19,19000008,19,SL,64,1024,2127.28174564158,2282.2932228649165,101.00752608339441,155.01147722333644,54.00395113994203,1.5346527455325951,1.5346527455325951,False
old_od,19,19000009,19,LS,128,256,2282.2932228649165,2569.2350948249564,48.19209238871334,286.94187196003986,238.7497795713265,5.95412769475936,5.95412769475936,False
old_od,19,19000010,19,LL,160,1024,2569.2350948249564,2941.336895306885,229.85653940820262,372.1018004819284,142.2452610737258,1.6188436554381087,1.6188436554381087,False
old_od,19,19000011,19,SL,80,2048,2941.336895306885,3185.138755657702,243.80186035081854,243.80186035081715,-1.3926637620897964e-12,1.0,0.9999999999999943,True
old_od,19,19000012,19,LS,160,256,3185.138755657702,3549.2199265290956,58.92951067026337,364.0811708713936,305.15166020113026,6.178248669136055,6.178248669136055,False
old_od,19,19000013,19,LS,200,256,3549.2199265290956,4017.7170299444365,72.35128428205302,468.4971034153409,396.1458191332879,6.475311503648778,6.475311503648778,False
old_od,19,20000008,20,SL,64,1024,2013.9948764811309,2172.451098743823,101.00752608339441,158.4562222626921,57.4486961792977,1.5687565907897454,1.5687565907897454,False
old_od,19,20000009,20,LL,128,1024,2172.451098743823,2460.089281367219,186.90687789087698,287.638182623396,100.73130473251902,1.5389384589224673,1.5389384589224673,False
old_od,19,20000010,20,SL,64,2048,2460.089281367219,2660.941424704627,200.85214333740902,200.85214333740805,-9.663381206337363e-13,1.0,0.9999999999999952,True
old_od,19,20000011,20,SL,80,2048,2660.941424704627,2904.743285055444,243.80186035081854,243.80186035081715,-1.3926637620897964e-12,1.0,0.9999999999999943,True
old_od,19,20000012,20,SL,64,4096,2904.743285055444,3305.2846447409547,400.5413596855101,400.54135968551054,4.547473508864641e-13,1.0,1.000000000000001,True
old_od,19,20000013,20,SS,64,256,3305.2846447409547,3448.4171953751497,26.717256165257165,143.132550634195,116.41529446893784,5.357307267964255,5.357307267964255,False
old_od,19,20000014,20,LL,200,4096,3448.4171953751497,4632.642888169127,1130.6863062355314,1184.2256927939775,53.53938655844604,1.0473512293048797,1.0473512293048797,True
old_od,19,21000005,21,LS,160,256,2344.8898961279933,2664.411858389447,58.92951067026337,319.5219622614536,260.59245159119024,5.422104453731511,5.422104453731511,False
old_od,19,21000006,21,LS,160,256,2664.411858389447,3019.126442740033,58.92951067026337,354.71458435058594,295.78507368032257,6.0193030676153185,6.0193030676153185,False
old_od,19,21000007,21,SS,80,256,3019.126442740033,3201.728435953787,32.085964974046185,182.6019932137542,150.51602823970802,5.691023890397499,5.691023890397499,False
old_od,19,21000008,21,SL,64,1024,3201.728435953787,3362.442096058276,101.00752608339441,160.713660104489,59.7061340210946,1.59110579514441,1.59110579514441,False
old_od,19,21000009,21,SL,64,4096,3362.442096058276,3769.2738357841436,400.5413596855101,406.83173972586746,6.290380040357377,1.0157046953785156,1.0157046953785156,True
old_od,19,21000010,21,LS,160,256,3769.2738357841436,4097.1763932039,58.92951067026337,327.9025574197567,268.97304674949334,5.564318347296592,5.564318347296592,False
old_od,19,22000009,22,LL,128,1024,2070.7888150977196,2345.1353866162426,186.90687789087698,274.346571518523,87.439693627646,1.4678249116048927,1.4678249116048927,True
old_od,19,22000010,22,SL,64,1024,2345.1353866162426,2487.3523506725337,101.00752608339441,142.2169640562911,41.20943797289668,1.4079838361635855,1.4079838361635855,True
old_od,19,22000011,22,LL,200,4096,2487.3523506725337,3661.456822495299,1130.6863062355314,1174.1044718227654,43.41816558723394,1.0383998332232296,1.0383998332232296,True
old_od,19,22000012,22,SS,32,256,3661.456822495299,3728.881200911794,15.979837567787547,67.42437841649507,51.444540848707526,4.219340661660441,4.219340661660441,False
old_od,19,22000013,22,LL,160,4096,3728.881200911794,4689.213917912154,915.9373744307104,960.3327170003599,44.39534256964953,1.048469845001404,1.048469845001404,True
old_od,19,23000005,23,LS,128,256,2206.429813120181,2459.127572949956,48.19209238871334,252.69775982977535,204.505667441062,5.243552361070704,5.243552361070704,False
old_od,19,23000006,23,SL,32,1024,2459.127572949956,2527.9568470575955,58.057852632638046,68.82927410763932,10.771421475001276,1.1855291056518678,1.1855291056518678,True
old_od,19,23000007,23,LL,128,1024,2527.9568470575955,2837.651994990266,186.90687789087698,309.69514793267035,122.78827004179337,1.6569489118184384,1.6569489118184384,False
old_od,19,23000008,23,LS,200,256,2837.651994990266,3265.3191112432646,72.35128428205302,427.66711625299877,355.31583197094574,5.910981684662135,5.910981684662135,False
old_od,19,23000009,23,LS,200,256,3265.3191112432646,3736.1206554327177,72.35128428205302,470.8015441894531,398.4502599074001,6.507162227474614,6.507162227474614,False
old_od,19,23000010,23,LL,200,4096,3736.1206554327177,4916.148518662291,1130.6863062355314,1180.0278632295735,49.341556994042094,1.0436385907584909,1.0436385907584909,True
old_od,19,24000005,24,LS,128,256,2041.2057721308374,2316.848238745855,48.19209238871334,275.6424666150174,227.45037422630404,5.719661731881416,5.719661731881416,False
old_od,19,24000006,24,SS,32,256,2316.848238745855,2379.687527913747,15.979837567787547,62.839289167892275,46.85945160010473,3.9324110086428465,3.9324110086428465,False
old_od,19,24000007,24,LS,160,256,2379.687527913747,2743.857888052533,58.92951067026337,364.1703601387858,305.2408494685224,6.179762159853655,6.179762159853655,False
old_od,19,24000008,24,LL,160,1024,2743.857888052533,3120.425106366455,229.85653940820262,376.56721831392224,146.71067890571962,1.6382706329932857,1.6382706329932857,False
old_od,19,24000009,24,SS,80,256,3120.425106366455,3284.5607723795683,32.085964974046185,164.13566601311322,132.04970103906703,5.1154972632389235,5.1154972632389235,False
old_od,19,24000010,24,LL,160,1024,3284.5607723795683,3691.855031195557,229.85653940820262,407.29425881598854,177.43771940778592,1.7719498425610332,1.7719498425610332,False
old_od,19,24000011,24,SS,32,256,3691.855031195557,3760.814031722341,15.979837567787547,68.95900052678417,52.97916295899662,4.315375562126676,4.315375562126676,False
old_od,19,24000012,24,SL,32,1024,3760.814031722341,3837.4883496454863,58.057852632638046,76.67431792314528,18.616465290507236,1.3206537005132313,1.3206537005132313,True
old_od,19,24000013,24,LS,200,256,3837.4883496454863,4275.978519812601,72.35128428205302,438.4901701671147,366.13888588506165,6.060572034322322,6.060572034322322,False
old_od,19,25000007,25,SL,32,4096,2235.147267523682,2463.890003490729,228.74273596704626,228.74273596704734,1.0800249583553523e-12,1.0,1.0000000000000047,True
old_od,19,25000008,25,SL,64,1024,2463.890003490729,2586.973551234057,101.00752608339441,123.08354774332793,22.076021659933517,1.2185581858693082,1.2185581858693082,True
old_od,19,25000009,25,SS,64,256,2586.973551234057,2709.95045108804,26.717256165257165,122.97689985398301,96.25964368872584,4.602901551466234,4.602901551466234,False
old_od,19,25000010,25,LS,128,256,2709.95045108804,2954.9551570808158,48.19209238871334,245.0047059927756,196.81261360406225,5.083919245850302,5.083919245850302,False
old_od,19,25000011,25,SL,64,1024,2954.9551570808158,3109.1151985729243,101.00752608339441,154.16004149210858,53.152515408714166,1.5262233169123465,1.5262233169123465,False
old_od,19,25000012,25,SS,80,256,3109.1151985729243,3283.457180460623,32.085964974046185,174.3419818876987,142.2560169136525,5.433590107971541,5.433590107971541,False
old_od,19,25000013,25,SL,32,1024,3283.457180460623,3362.8934704950957,58.057852632638046,79.43629003447268,21.37843740183463,1.368226457445938,1.368226457445938,True
old_od,19,25000014,25,LL,200,4096,3362.8934704950957,4548.656605820494,1130.6863062355314,1185.7631353253987,55.07682908986726,1.0487109720760996,1.0487109720760996,True
old_od,19,26000006,26,LL,160,2048,2248.657233544019,2707.207415258284,458.55018171426593,458.5501817142649,-1.0231815394945443e-12,1.0,0.9999999999999978,True
old_od,19,26000007,26,SL,64,1024,2707.207415258284,2833.124903162768,101.00752608339441,125.917487904484,24.909961821089595,1.2466149086804017,1.2466149086804017,True
old_od,19,26000008,26,SL,64,1024,2833.124903162768,2973.00329061394,101.00752608339441,139.87838745117188,38.870861367777465,1.3848313375746346,1.3848313375746346,True
old_od,19,26000009,26,SL,80,2048,2973.00329061394,3229.357051390856,243.80186035081854,256.35376077691626,12.551900426097717,1.051484022345179,1.051484022345179,True
old_od,19,26000010,26,SS,64,256,3229.357051390856,3362.9874315812044,26.717256165257165,133.6303801903482,106.91312402509104,5.0016505947987175,5.0016505947987175,False
old_od,19,26000011,26,SL,32,2048,3362.9874315812044,3482.980341020945,114.952820977,119.99290943974074,5.040088462740741,1.0438448436489365,1.0438448436489365,True
old_od,19,26000012,26,SL,64,4096,3482.980341020945,3885.4698959648076,400.5413596855101,402.48955494386246,1.9481952583523707,1.0048639053402175,1.0048639053402175,True
old_od,19,26000013,26,SL,32,1024,3885.4698959648076,3951.4057911493924,58.057852632638046,65.93589518458475,7.878042551946706,1.1356929716604425,1.1356929716604425,True
old_od,19,26000014,26,LS,200,256,3951.4057911493924,4399.194767371195,72.35128428205302,447.7889762218024,375.43769193974936,6.189095061203744,6.189095061203744,False
old_od,19,27000008,27,LL,200,2048,2221.682026282327,2836.84717799782,565.9243027292647,615.1651517154928,49.240848986228116,1.0870096031373029,1.0870096031373029,True
old_od,19,27000009,27,SS,32,256,2836.84717799782,2901.871136922536,15.979837567787547,65.02395892471623,49.04412135692868,4.069125149043613,4.069125149043613,False
old_od,19,27000010,27,SS,80,256,2901.871136922536,3089.2584720621853,32.085964974046185,187.38733513964917,155.30137016560298,5.840165171632635,5.840165171632635,False
old_od,19,27000011,27,SL,32,2048,3089.2584720621853,3208.4460155570778,114.952820977,119.18754349489245,4.23472251789245,1.036838787268559,1.036838787268559,True
old_od,19,27000012,27,LL,160,1024,3208.4460155570778,3611.288624945557,229.85653940820262,402.8426093884791,172.98606998027648,1.752582764996171,1.752582764996171,False
old_od,19,27000013,27,LL,128,1024,3611.288624945557,3912.18555751468,186.90687789087698,300.89693256912324,113.99005467824625,1.6098761905637191,1.6098761905637191,False
old_od,19,27000014,27,LS,200,256,3912.18555751468,4333.071567908304,72.35128428205302,420.886010393624,348.534726111571,5.817256937041354,5.817256937041354,False
old_od,19,28000007,28,SL,80,4096,2084.6583205762036,2571.099147360219,486.44082678401566,486.44082678401537,-2.8421709430404007e-13,1.0,0.9999999999999994,True
old_od,19,28000008,28,SS,80,256,2571.099147360219,2719.156643351248,32.085964974046185,148.0574959910291,115.97153101698291,4.614400598853436,4.614400598853436,False
old_od,19,28000009,28,SS,80,256,2719.156643351248,2884.89684720867,32.085964974046185,165.74020385742188,133.65423888337568,5.16550473054142,5.16550473054142,False
old_od,19,28000010,28,LS,200,256,2884.89684720867,3325.7900737676787,72.35128428205302,440.8932265590088,368.54194227695575,6.093785769444509,6.093785769444509,False
old_od,19,28000011,28,LL,160,4096,3325.7900737676787,4281.459782780318,915.9373744307104,955.6697090126395,39.73233458192908,1.043378876865489,1.043378876865489,True
old_od,19,29000007,29,LS,128,256,2545.2914935957488,2805.600885327886,48.19209238871334,260.3093917321371,212.11729934342375,5.401495947353843,5.401495947353843,False
old_od,19,29000008,29,LL,160,2048,2805.600885327886,3299.375377026765,458.55018171426593,493.77449169887905,35.224309984613114,1.0768166961638286,1.0768166961638286,True
old_od,19,29000009,29,SS,32,256,3299.375377026765,3370.3522007653096,15.979837567787547,70.97682373854468,54.99698617075713,4.441648636130137,4.441648636130137,False
old_od,19,29000010,29,LS,160,256,3370.3522007653096,3752.3186051179628,58.92951067026337,381.96640435265317,323.0368936823898,6.481750824131629,6.481750824131629,False
old_od,19,29000011,29,LS,160,256,3752.3186051179628,4121.342118911908,58.92951067026337,369.0235137939453,310.09400312368194,6.262117394098091,6.262117394098091,False
old_od,19,30000008,30,LL,200,1024,2084.8400157707406,2543.167178842837,283.5436075005082,458.3271630720965,174.7835555715883,1.6164256606323775,1.6164256606323775,False
old_od,19,30000009,30,LS,160,256,2543.167178842837,2878.1688011384704,58.92951067026337,335.0016222956333,276.0721116253699,5.684785406926511,5.684785406926511,False
old_od,19,30000010,30,LL,200,4096,2878.1688011384704,4055.0320093605333,1130.6863062355314,1176.863208222063,46.17690198653145,1.0408397110072654,1.0408397110072654,True
old_od,19,31000009,31,LL,128,2048,2065.030461493408,2447.0420674970583,372.6508694745985,382.0116060036503,9.360736529051792,1.0251193202426967,1.0251193202426967,True
old_od,19,31000010,31,LS,160,256,2447.0420674970583,2777.0369804597594,58.92951067026337,329.99491296270116,271.0654022924378,5.599824420894455,5.599824420894455,False
old_od,19,31000011,31,LL,128,4096,2777.0369804597594,3548.155120075865,744.1386016188327,771.1181396161055,26.979537997272814,1.0362560656557533,1.0362560656557533,True
old_od,19,31000012,31,SL,80,4096,3548.155120075865,4034.5959468598803,486.44082678401566,486.44082678401537,-2.8421709430404007e-13,1.0,0.9999999999999994,True
fixed256_od,19,9,0,LS,128,256,2313.270823987405,2588.566736157964,48.19209238871334,275.29591217055895,227.1038197818456,5.712470625887032,5.712470625887032,False
fixed256_od,19,10,0,SS,32,256,2588.566736157964,2657.683591146169,15.979837567787547,69.11685498820498,53.13701742041743,4.325253914190719,4.325253914190719,False
fixed256_od,19,11,0,SL,64,1024,2657.683591146169,2808.283594569018,101.00752608339441,150.6000034228491,49.5924773394547,1.4909780415620701,1.4909780415620701,True
fixed256_od,19,12,0,LL,160,1024,2808.283594569018,3183.892132123291,229.85653940820262,375.60853755427297,145.75199814607035,1.6340998542888054,1.6340998542888054,False
fixed256_od,19,13,0,LL,200,1024,3183.892132123291,3667.795422153384,283.5436075005082,483.9032900300931,200.35968252958492,1.7066274013221259,1.7066274013221259,False
fixed256_od,19,14,0,LL,128,2048,3667.795422153384,4040.4462916279813,372.6508694745985,372.65086947459713,-1.3642420526593924e-12,1.0,0.9999999999999963,True
fixed256_od,19,1000006,1,SL,64,2048,2838.290496464798,3039.142639802206,200.85214333740902,200.85214333740805,-9.663381206337363e-13,1.0,0.9999999999999952,True
fixed256_od,19,1000007,1,LL,160,2048,3039.142639802206,3516.7285348880932,458.55018171426593,477.5858950858874,19.035713371621455,1.0415128248351302,1.0415128248351302,True
fixed256_od,19,1000008,1,LS,160,256,3516.7285348880932,3849.925645523236,58.92951067026337,333.19711063514296,274.2675999648796,5.654163878935427,5.654163878935427,False
fixed256_od,19,1000009,1,LS,128,256,3849.925645523236,4118.040331641363,48.19209238871334,268.1146861181269,219.92259372941353,5.563458086765283,5.563458086765283,False
fixed256_od,19,2000008,2,LL,160,1024,2302.6784689892893,2667.776180585205,229.85653940820262,365.0977115959158,135.2411721877132,1.5883720886771822,1.5883720886771822,False
fixed256_od,19,2000009,2,SL,64,2048,2667.776180585205,2868.628323922613,200.85214333740902,200.85214333740805,-9.663381206337363e-13,1.0,0.9999999999999952,True
fixed256_od,19,2000010,2,LL,160,1024,2868.628323922613,3230.595570746338,229.85653940820262,361.96724682372496,132.11070741552234,1.5747528774063144,1.5747528774063144,False
fixed256_od,19,2000011,2,SL,64,4096,3230.595570746338,3631.1369304318487,400.5413596855101,400.54135968551054,4.547473508864641e-13,1.0,1.000000000000001,True
fixed256_od,19,2000012,2,SL,64,1024,3631.1369304318487,3771.9334443248777,101.00752608339441,140.796513893029,39.78898780963458,1.3939210210611808,1.3939210210611808,True
fixed256_od,19,2000013,2,SS,64,256,3771.9334443248777,3904.7041979386263,26.717256165257165,132.77075361374864,106.05349744849147,4.969475637487142,4.969475637487142,False
fixed256_od,19,2000014,2,SS,64,256,3904.7041979386263,4045.334538514798,26.717256165257165,140.63034057617188,113.9130844109147,5.2636520646549805,5.2636520646549805,False
fixed256_od,19,3000009,3,LL,200,1024,2246.6027034123535,2716.6333653662746,283.5436075005082,470.030661953921,186.48705445341284,1.657701494656615,1.657701494656615,False
fixed256_od,19,3000010,3,SL,32,4096,2716.6333653662746,2945.376101333322,228.74273596704626,228.74273596704734,1.0800249583553523e-12,1.0,1.0000000000000047,True
fixed256_od,19,3000011,3,SS,64,256,2945.376101333322,3082.523922157376,26.717256165257165,137.14782082405418,110.43056465879701,5.1333048564470385,5.1333048564470385,False
fixed256_od,19,3000012,3,LL,128,2048,3082.523922157376,3489.411810026355,372.6508694745985,406.88788786897885,34.23701839438036,1.0918742479861947,1.0918742479861947,True
fixed256_od,19,3000013,3,LL,160,1024,3489.411810026355,3855.0649463566897,229.85653940820262,365.65313633033475,135.79659692213212,1.5907884860346335,1.5907884860346335,False
fixed256_od,19,3000014,3,LL,160,4096,3855.0649463566897,4789.061711491256,915.9373744307104,933.996765134566,18.05939070385557,1.0197168400460568,1.0197168400460568,True
fixed256_od,19,4000008,4,SL,64,1024,2104.2247715629373,2248.817041834643,101.00752608339441,144.59227027170573,43.58474418831132,1.4314999671640967,1.4314999671640967,True
fixed256_od,19,4000009,4,LL,160,4096,2248.817041834643,3194.6985896406695,915.9373744307104,945.8815478060264,29.94417337531604,1.0326923807361037,1.0326923807361037,True
fixed256_od,19,4000010,4,SL,32,1024,3194.6985896406695,3264.589866369119,58.057852632638046,69.89127672844961,11.833424095811566,1.2038212499984755,1.2038212499984755,True
fixed256_od,19,4000011,4,SS,80,256,3264.589866369119,3458.6387600504668,32.085964974046185,194.04889368134764,161.96292870730144,6.047781135406419,6.047781135406419,False
fixed256_od,19,4000012,4,LS,160,256,3458.6387600504668,3821.40849464433,58.92951067026337,362.7697345938632,303.8402239235998,6.155994347615069,6.155994347615069,False
fixed256_od,19,4000013,4,LL,200,1024,3821.40849464433,4251.717236118227,283.5436075005082,430.3087414738975,146.7651339733893,1.5176104489434707,1.5176104489434707,False
fixed256_od,19,5000007,5,LL,160,4096,2009.1817648877268,2951.5434009443807,915.9373744307104,942.3616360566539,26.424261625943473,1.028849419582171,1.028849419582171,True
fixed256_od,19,5000008,5,SS,32,256,2951.5434009443807,3023.455075521169,15.979837567787547,71.9116745767883,55.93183700900075,4.50015053480576,4.50015053480576,False
fixed256_od,19,5000009,5,SL,64,1024,3023.455075521169,3180.882242640307,101.00752608339441,157.42716711913818,56.419641035743766,1.5585686851607696,1.5585686851607696,False
fixed256_od,19,5000010,5,LS,128,256,3180.882242640307,3482.765726026128,48.19209238871334,301.8834833858209,253.69139099710756,6.264170498156716,6.264170498156716,False
fixed256_od,19,5000011,5,LS,160,256,3482.765726026128,3859.383805923627,58.92951067026337,376.6180798974988,317.6885692272354,6.390992825391733,6.390992825391733,False
fixed256_od,19,5000012,5,LL,200,1024,3859.383805923627,4332.0612455176415,283.5436075005082,472.6774395940147,189.1338320935065,1.667036135149573,1.667036135149573,False
fixed256_od,19,6000008,6,SL,64,2048,2005.739625625775,2219.4510050317444,200.85214333740902,213.7113794059694,12.859236068560392,1.0640233947962323,1.0640233947962323,True
fixed256_od,19,6000009,6,LL,200,1024,2219.4510050317444,2687.545535776431,283.5436075005082,468.0945307446864,184.5509232441782,1.6508731579986244,1.6508731579986244,False
fixed256_od,19,6000010,6,LS,160,256,2687.545535776431,3018.6312950349547,58.92951067026337,331.0857592585239,272.15624858826055,5.618335456934217,5.618335456934217,False
fixed256_od,19,6000011,6,SL,80,2048,3018.6312950349547,3275.926112670153,243.80186035081854,257.29481763519834,13.492957284379798,1.0553439471912318,1.0553439471912318,True
fixed256_od,19,6000012,6,SL,32,1024,3275.926112670153,3344.144996374002,58.057852632638046,68.21888370384886,10.161031071210815,1.1750156199455895,1.1750156199455895,True
fixed256_od,19,6000013,6,LS,200,256,3344.144996374002,3796.751072302835,72.35128428205302,452.606075928833,380.25479164677995,6.255674386710278,6.255674386710278,False
fixed256_od,19,6000014,6,SL,32,2048,3796.751072302835,3912.2104588187967,114.952820977,115.4593865159618,0.5065655389617945,1.004406725599741,1.004406725599741,True
fixed256_od,19,6000015,6,SS,80,256,3912.2104588187967,4061.3174404703886,32.085964974046185,149.10698165159192,117.02101667754573,4.647109157296723,4.647109157296723,False
fixed256_od,19,7000006,7,SL,64,4096,2123.9715899927246,2526.1383835136357,400.5413596855101,402.16679352091114,1.6254338354010542,1.0040580923694804,1.0040580923694804,True
fixed256_od,19,7000007,7,SS,64,256,2526.1383835136357,2662.1309320450714,26.717256165257165,135.99254853143566,109.27529236617849,5.0900641776335895,5.0900641776335895,False
fixed256_od,19,7000008,7,LL,160,2048,2662.1309320450714,3163.6924173343823,458.55018171426593,501.5614852893109,43.01130357504496,1.0937984658827296,1.0937984658827296,True
fixed256_od,19,7000009,7,LS,128,256,3163.6924173343823,3439.482363501714,48.19209238871334,275.7899461673319,227.59785377861854,5.722721975689155,5.722721975689155,False
fixed256_od,19,7000010,7,LS,160,256,3439.482363501714,3811.027177505658,58.92951067026337,371.5448140039439,312.6153033336805,6.304902412696096,6.304902412696096,False
fixed256_od,19,7000011,7,SL,64,2048,3811.027177505658,4023.2112521264708,200.85214333740902,212.18407462081268,11.331931283403662,1.0564192698923172,1.0564192698923172,True
fixed256_od,19,8000005,8,LL,160,1024,2476.3924564226872,2817.583538373291,229.85653940820262,341.1910819506038,111.33454254240118,1.4843653473120553,1.4843653473120553,True
fixed256_od,19,8000006,8,LS,128,256,2817.583538373291,3083.336786206792,48.19209238871334,265.75324783350106,217.56115544478772,5.514457552287994,5.514457552287994,False
fixed256_od,19,8000007,8,SL,80,1024,3083.336786206792,3272.7645197778807,122.48236916054397,189.42773357108854,66.94536441054457,1.5465714361125382,1.5465714361125382,False
fixed256_od,19,8000008,8,SL,80,1024,3272.7645197778807,3469.8081293970213,122.48236916054397,197.04360961914062,74.56124045859666,1.6087508020102501,1.6087508020102501,False
fixed256_od,19,8000009,8,SL,64,1024,3469.8081293970213,3616.671069446948,101.00752608339441,146.8629400499267,45.85541396653228,1.4539801710287694,1.4539801710287694,True
fixed256_od,19,8000010,8,LS,160,256,3616.671069446948,3966.944154434369,58.92951067026337,350.27308498742104,291.3435743171577,5.943933370622295,5.943933370622295,False
fixed256_od,19,8000011,8,SS,32,256,3966.944154434369,4031.8653385826924,15.979837567787547,64.92118414832339,48.94134658053584,4.062693620815816,4.062693620815816,False
fixed256_od,19,9000010,9,LL,128,1024,2222.3715389167533,2477.411158710969,186.90687789087698,255.03961979421592,68.13274190333894,1.3645277406170002,1.3645277406170002,True
fixed256_od,19,9000011,9,LL,128,4096,2477.411158710969,3232.179549397154,744.1386016188327,754.7683906861848,10.629789067352135,1.0142846897664328,1.0142846897664328,True
fixed256_od,19,9000012,9,LL,200,1024,3232.179549397154,3683.9003110694,283.5436075005082,451.72076167224577,168.17715417173758,1.5931262413363918,1.5931262413363918,False
fixed256_od,19,9000013,9,SL,64,1024,3683.9003110694,3828.8670380748777,101.00752608339441,144.96672700547788,43.95920092208347,1.435207183331959,1.435207183331959,True
fixed256_od,19,9000014,9,SS,80,256,3828.8670380748777,3991.17011686199,32.085964974046185,162.30307878711255,130.21711381306636,5.058382346250046,5.058382346250046,False
fixed256_od,19,9000015,9,SL,80,2048,3991.17011686199,4252.428821923083,243.80186035081854,261.25870506109277,17.456844710274225,1.0716025902556885,1.0716025902556885,True
fixed256_od,19,10000006,10,LS,160,256,2049.9649842418694,2414.1441666414003,58.92951067026337,364.1791823995309,305.2496717292675,6.179911868558933,6.179911868558933,False
fixed256_od,19,10000007,10,SS,80,256,2414.1441666414003,2588.5593380533965,32.085964974046185,174.4151714119962,142.32920643795,5.435871152794619,5.435871152794619,False
fixed256_od,19,10000008,10,LS,200,256,2588.5593380533965,3031.3156627569365,72.35128428205302,442.75632470354003,370.405040421487,6.119536496097378,6.119536496097378,False
fixed256_od,19,10000009,10,SS,64,256,3031.3156627569365,3166.4766351700714,26.717256165257165,135.1609724131349,108.44371624787775,5.058939120735639,5.058939120735639,False
fixed256_od,19,10000010,10,SL,32,1024,3166.4766351700714,3235.2229524403865,58.057852632638046,68.7463172703151,10.688464637677058,1.1841002405877545,1.1841002405877545,True
fixed256_od,19,10000011,10,LL,128,1024,3235.2229524403865,3533.540232807649,186.90687789087698,298.31728036726236,111.41040247638537,1.5960743859914603,1.5960743859914603,False
fixed256_od,19,10000012,10,SL,80,1024,3533.540232807649,3691.936525295459,122.48236916054397,158.39629248781011,35.91392332726615,1.293217085637786,1.293217085637786,True
fixed256_od,19,10000013,10,LL,160,1024,3691.936525295459,4064.923649969971,229.85653940820262,372.98712467451196,143.13058526630934,1.6226952934853138,1.6226952934853138,False
fixed256_od,19,11000007,11,SL,64,1024,2255.7267703376515,2406.211169544604,101.00752608339441,150.48439920695273,49.47687312355832,1.489833530649082,1.489833530649082,True
fixed256_od,19,11000008,11,SL,80,1024,2406.211169544604,2591.5671626001463,122.48236916054397,185.35599305554206,62.87362389499809,1.5133279534508872,1.5133279534508872,False
fixed256_od,19,11000009,11,SS,32,256,2591.5671626001463,2659.135464925466,15.979837567787547,67.56830232531956,51.588464757532016,4.228347255639507,4.228347255639507,False
fixed256_od,19,11000010,11,LL,200,1024,2659.135464925466,3133.077762338931,283.5436075005082,473.942297413465,190.3986899129568,1.6714970285923851,1.6714970285923851,False
fixed256_od,19,11000011,11,LS,200,256,3133.077762338931,3585.5621837530302,72.35128428205302,452.4844214140994,380.1331371320464,6.253992944342796,6.253992944342796,False
fixed256_od,19,11000012,11,LS,200,256,3585.5621837530302,4050.0149272833037,72.35128428205302,464.45274353027344,392.1014592482204,6.419412566605712,6.419412566605712,False
fixed256_od,19,12000005,12,SS,64,256,2289.958713266665,2408.9091387345247,26.717256165257165,118.95042546785953,92.23316930260236,4.452194668947382,4.452194668947382,False
fixed256_od,19,12000006,12,SL,64,4096,2408.9091387345247,2823.029786711878,400.5413596855101,414.1206479773532,13.579288291843113,1.0339023373329164,1.0339023373329164,True
fixed256_od,19,12000007,12,LS,200,256,2823.029786711878,3205.242488416116,72.35128428205302,382.21270170423804,309.861417422185,5.282735551925057,5.282735551925057,False
fixed256_od,19,12000008,12,LS,128,256,3205.242488416116,3511.9963252937064,48.19209238871334,306.7538368775904,258.5617444888771,6.365231756349981,6.365231756349981,False
fixed256_od,19,12000009,12,LS,160,256,3511.9963252937064,3872.744401626752,58.92951067026337,360.74807633304545,301.8185656627821,6.121687966350004,6.121687966350004,False
fixed256_od,19,12000010,12,LL,160,2048,3872.744401626752,4358.92862338907,458.55018171426593,486.184221762318,27.634040048052043,1.0602639387138473,1.0602639387138473,True
fixed256_od,19,13000008,13,SL,80,2048,2056.8550904430413,2310.2581065910517,243.80186035081854,253.40301614801047,9.601155797191922,1.0393809784034311,1.0393809784034311,True
fixed256_od,19,13000009,13,LL,160,1024,2310.2581065910517,2651.818157513916,229.85653940820262,341.5600509228643,111.7035115146617,1.485970561473943,1.485970561473943,True
fixed256_od,19,13000010,13,LS,160,256,2651.818157513916,2983.0394066072204,58.92951067026337,331.2212490933043,272.29173842304095,5.62063464172702,5.62063464172702,False
fixed256_od,19,13000011,13,SL,32,1024,2983.0394066072204,3057.488044469705,58.057852632638046,74.4486378624847,16.390785229846657,1.2823181445162914,1.2823181445162914,True
fixed256_od,19,13000012,13,LL,160,1024,3057.488044469705,3462.4547778996584,229.85653940820262,404.96673342995336,175.11019402175074,1.7618238509663293,1.7618238509663293,False
fixed256_od,19,13000013,13,LL,128,1024,3462.4547778996584,3749.8316604199536,186.90687789087698,287.3768825202951,100.47000462941813,1.537540435981581,1.537540435981581,False
fixed256_od,19,13000014,13,SL,64,2048,3749.8316604199536,3950.6838037573616,200.85214333740902,200.85214333740805,-9.663381206337363e-13,1.0,0.9999999999999952,True
fixed256_od,19,13000015,13,LL,200,1024,3950.6838037573616,4400.605633335024,283.5436075005082,449.9218295776627,166.37822207715453,1.5867817777442095,1.5867817777442095,False
fixed256_od,19,14000008,14,LL,160,1024,2390.3863285254006,2743.2484401066895,229.85653940820262,352.8621115812889,123.00557217308628,1.535140625060227,1.535140625060227,False
fixed256_od,19,14000009,14,SS,80,256,2743.2484401066895,2900.657550431326,32.085964974046185,157.40911032463646,125.32314535059027,4.905855580530681,4.905855580530681,False
fixed256_od,19,14000010,14,LS,200,256,2900.657550431326,3330.9555553350615,72.35128428205302,430.29800490373555,357.9467206216825,5.947344393034809,5.947344393034809,False
fixed256_od,19,14000011,14,LL,128,1024,3330.9555553350615,3628.5288650097973,186.90687789087698,297.5733096747358,110.66643178385883,1.5920939509164018,1.5920939509164018,False
fixed256_od,19,14000012,14,LL,200,1024,3628.5288650097973,4056.2639737891263,283.5436075005082,427.73510877932904,144.19150127882085,1.5085337756329507,1.5085337756329507,False
fixed256_od,19,15000005,15,SL,32,1024,2030.918756977312,2103.51455579783,58.057852632638046,72.59579882051798,14.537946187879939,1.2504044763740922,1.2504044763740922,True
fixed256_od,19,15000006,15,SS,80,256,2103.51455579783,2279.699527360037,32.085964974046185,176.184971562207,144.09900658816082,5.491029230528681,5.491029230528681,False
fixed256_od,19,15000007,15,LS,128,256,2279.699527360037,2564.3128909431202,48.19209238871334,284.61336358308336,236.42127119437,5.905810465489152,5.905810465489152,False
fixed256_od,19,15000008,15,SS,64,256,2564.3128909431202,2714.1424219132355,26.717256165257165,149.82953097011523,123.11227480485806,5.607968499585371,5.607968499585371,False
fixed256_od,19,15000009,15,SL,64,2048,2714.1424219132355,2930.336243679205,200.85214333740902,216.19382176596946,15.341678428560442,1.0763829460499614,1.0763829460499614,True
fixed256_od,19,15000010,15,SS,32,256,2930.336243679205,2993.888982894216,15.979837567787547,63.552739215011115,47.57290164722357,3.9770578984558584,3.9770578984558584,False
fixed256_od,19,15000011,15,SL,80,1024,2993.888982894216,3183.9106837183103,122.48236916054397,190.0217008240943,67.53933166355033,1.5514208463344061,1.5514208463344061,False
fixed256_od,19,15000012,15,LL,200,1024,3183.9106837183103,3674.4925046729154,283.5436075005082,490.58182095460506,207.03821345409688,1.7301812066199582,1.7301812066199582,False
fixed256_od,19,15000013,15,SS,80,256,3674.4925046729154,3845.8484615885527,32.085964974046185,171.3559569156373,139.26999194159112,5.340526833281915,5.340526833281915,False
fixed256_od,19,15000014,15,SL,80,4096,3845.8484615885527,4347.270394557455,486.44082678401566,501.4219329689022,14.981106184886528,1.0307973865679212,1.0307973865679212,True
fixed256_od,19,16000007,16,SL,64,4096,2902.288792790084,3302.8301524755943,400.5413596855101,400.54135968551054,4.547473508864641e-13,1.0,1.000000000000001,True
fixed256_od,19,16000008,16,SL,80,1024,3302.8301524755943,3491.2716235620605,122.48236916054397,188.4414710864662,65.95910192592224,1.5385191548627397,1.5385191548627397,False
fixed256_od,19,16000009,16,LL,200,4096,3491.2716235620605,4665.5030718849475,1130.6863062355314,1174.231448322887,43.54514208735554,1.0385121336017,1.0385121336017,True
fixed256_od,19,17000007,17,SL,32,2048,2335.291925922624,2450.244746899624,114.952820977,114.95282097699965,-3.552713678800501e-13,1.0,0.9999999999999969,True
fixed256_od,19,17000008,17,LL,160,2048,2450.244746899624,2940.1667978275464,458.55018171426593,489.92205092792256,31.371869213656623,1.068415345723721,1.068415345723721,True
fixed256_od,19,17000009,17,LL,200,1024,2940.1667978275464,3382.435085849673,283.5436075005082,442.26828802212685,158.72468052161867,1.5597893104373168,1.5597893104373168,False
fixed256_od,19,17000010,17,SS,32,256,3382.435085849673,3454.3678562828877,15.979837567787547,71.9327704332145,55.95293286542695,4.501470689427903,4.501470689427903,False
fixed256_od,19,17000011,17,LL,160,1024,3454.3678562828877,3848.9259540471194,229.85653940820262,394.55809776423166,164.70155835602904,1.716540668279771,1.716540668279771,False
fixed256_od,19,17000012,17,LL,128,2048,3848.9259540471194,4230.09413048534,372.6508694745985,381.16817643822105,8.51730696362256,1.0228559964870902,1.0228559964870902,True
fixed256_od,19,18000007,18,LS,160,256,2016.7808397905394,2349.443467788861,58.92951067026337,332.6626279983218,273.7331173280584,5.645094015114364,5.645094015114364,False
fixed256_od,19,18000008,18,LL,200,4096,2349.443467788861,3528.740452866393,1130.6863062355314,1179.2969850775316,48.6106788420002,1.0429921885264914,1.0429921885264914,True
fixed256_od,19,18000009,18,LL,160,2048,3528.740452866393,3987.2906345806578,458.55018171426593,458.5501817142649,-1.0231815394945443e-12,1.0,0.9999999999999978,True
fixed256_od,19,18000010,18,SL,64,1024,3987.2906345806578,4124.5079835094475,101.00752608339441,137.21734892878976,36.20982284539535,1.3584863846234545,1.3584863846234545,True
fixed256_od,19,19000007,19,SL,32,1024,2054.6511107952533,2127.28174564158,58.057852632638046,72.63063484632676,14.572782213688711,1.251004499010637,1.251004499010637,True
fixed256_od,19,19000008,19,SL,64,1024,2127.28174564158,2282.2932228649165,101.00752608339441,155.01147722333644,54.00395113994203,1.5346527455325951,1.5346527455325951,False
fixed256_od,19,19000009,19,LS,128,256,2282.2932228649165,2569.2350948249564,48.19209238871334,286.94187196003986,238.7497795713265,5.95412769475936,5.95412769475936,False
fixed256_od,19,19000010,19,LL,160,1024,2569.2350948249564,2941.336895306885,229.85653940820262,372.1018004819284,142.2452610737258,1.6188436554381087,1.6188436554381087,False
fixed256_od,19,19000011,19,SL,80,2048,2941.336895306885,3185.138755657702,243.80186035081854,243.80186035081715,-1.3926637620897964e-12,1.0,0.9999999999999943,True
fixed256_od,19,19000012,19,LS,160,256,3185.138755657702,3549.2199265290956,58.92951067026337,364.0811708713936,305.15166020113026,6.178248669136055,6.178248669136055,False
fixed256_od,19,19000013,19,LS,200,256,3549.2199265290956,4017.7170299444365,72.35128428205302,468.4971034153409,396.1458191332879,6.475311503648778,6.475311503648778,False
fixed256_od,19,20000008,20,SL,64,1024,2013.9948764811309,2172.451098743823,101.00752608339441,158.4562222626921,57.4486961792977,1.5687565907897454,1.5687565907897454,False
fixed256_od,19,20000009,20,LL,128,1024,2172.451098743823,2460.089281367219,186.90687789087698,287.638182623396,100.73130473251902,1.5389384589224673,1.5389384589224673,False
fixed256_od,19,20000010,20,SL,64,2048,2460.089281367219,2660.941424704627,200.85214333740902,200.85214333740805,-9.663381206337363e-13,1.0,0.9999999999999952,True
fixed256_od,19,20000011,20,SL,80,2048,2660.941424704627,2904.743285055444,243.80186035081854,243.80186035081715,-1.3926637620897964e-12,1.0,0.9999999999999943,True
fixed256_od,19,20000012,20,SL,64,4096,2904.743285055444,3305.2846447409547,400.5413596855101,400.54135968551054,4.547473508864641e-13,1.0,1.000000000000001,True
fixed256_od,19,20000013,20,SS,64,256,3305.2846447409547,3448.4171953751497,26.717256165257165,143.132550634195,116.41529446893784,5.357307267964255,5.357307267964255,False
fixed256_od,19,20000014,20,LL,200,4096,3448.4171953751497,4632.642888169127,1130.6863062355314,1184.2256927939775,53.53938655844604,1.0473512293048797,1.0473512293048797,True
fixed256_od,19,21000005,21,LS,160,256,2344.8898961279933,2664.411858389447,58.92951067026337,319.5219622614536,260.59245159119024,5.422104453731511,5.422104453731511,False
fixed256_od,19,21000006,21,LS,160,256,2664.411858389447,3019.126442740033,58.92951067026337,354.71458435058594,295.78507368032257,6.0193030676153185,6.0193030676153185,False
fixed256_od,19,21000007,21,SS,80,256,3019.126442740033,3201.728435953787,32.085964974046185,182.6019932137542,150.51602823970802,5.691023890397499,5.691023890397499,False
fixed256_od,19,21000008,21,SL,64,1024,3201.728435953787,3362.442096058276,101.00752608339441,160.713660104489,59.7061340210946,1.59110579514441,1.59110579514441,False
fixed256_od,19,21000009,21,SL,64,4096,3362.442096058276,3769.2738357841436,400.5413596855101,406.83173972586746,6.290380040357377,1.0157046953785156,1.0157046953785156,True
fixed256_od,19,21000010,21,LS,160,256,3769.2738357841436,4097.1763932039,58.92951067026337,327.9025574197567,268.97304674949334,5.564318347296592,5.564318347296592,False
fixed256_od,19,22000009,22,LL,128,1024,2070.7888150977196,2345.1353866162426,186.90687789087698,274.346571518523,87.439693627646,1.4678249116048927,1.4678249116048927,True
fixed256_od,19,22000010,22,SL,64,1024,2345.1353866162426,2487.3523506725337,101.00752608339441,142.2169640562911,41.20943797289668,1.4079838361635855,1.4079838361635855,True
fixed256_od,19,22000011,22,LL,200,4096,2487.3523506725337,3661.456822495299,1130.6863062355314,1174.1044718227654,43.41816558723394,1.0383998332232296,1.0383998332232296,True
fixed256_od,19,22000012,22,SS,32,256,3661.456822495299,3728.881200911794,15.979837567787547,67.42437841649507,51.444540848707526,4.219340661660441,4.219340661660441,False
fixed256_od,19,22000013,22,LL,160,4096,3728.881200911794,4689.213917912154,915.9373744307104,960.3327170003599,44.39534256964953,1.048469845001404,1.048469845001404,True
fixed256_od,19,23000005,23,LS,128,256,2206.429813120181,2459.127572949956,48.19209238871334,252.69775982977535,204.505667441062,5.243552361070704,5.243552361070704,False
fixed256_od,19,23000006,23,SL,32,1024,2459.127572949956,2527.9568470575955,58.057852632638046,68.82927410763932,10.771421475001276,1.1855291056518678,1.1855291056518678,True
fixed256_od,19,23000007,23,LL,128,1024,2527.9568470575955,2837.651994990266,186.90687789087698,309.69514793267035,122.78827004179337,1.6569489118184384,1.6569489118184384,False
fixed256_od,19,23000008,23,LS,200,256,2837.651994990266,3265.3191112432646,72.35128428205302,427.66711625299877,355.31583197094574,5.910981684662135,5.910981684662135,False
fixed256_od,19,23000009,23,LS,200,256,3265.3191112432646,3736.1206554327177,72.35128428205302,470.8015441894531,398.4502599074001,6.507162227474614,6.507162227474614,False
fixed256_od,19,23000010,23,LL,200,4096,3736.1206554327177,4916.148518662291,1130.6863062355314,1180.0278632295735,49.341556994042094,1.0436385907584909,1.0436385907584909,True
fixed256_od,19,24000005,24,LS,128,256,2041.2057721308374,2316.848238745855,48.19209238871334,275.6424666150174,227.45037422630404,5.719661731881416,5.719661731881416,False
fixed256_od,19,24000006,24,SS,32,256,2316.848238745855,2379.687527913747,15.979837567787547,62.839289167892275,46.85945160010473,3.9324110086428465,3.9324110086428465,False
fixed256_od,19,24000007,24,LS,160,256,2379.687527913747,2743.857888052533,58.92951067026337,364.1703601387858,305.2408494685224,6.179762159853655,6.179762159853655,False
fixed256_od,19,24000008,24,LL,160,1024,2743.857888052533,3120.425106366455,229.85653940820262,376.56721831392224,146.71067890571962,1.6382706329932857,1.6382706329932857,False
fixed256_od,19,24000009,24,SS,80,256,3120.425106366455,3284.5607723795683,32.085964974046185,164.13566601311322,132.04970103906703,5.1154972632389235,5.1154972632389235,False
fixed256_od,19,24000010,24,LL,160,1024,3284.5607723795683,3691.855031195557,229.85653940820262,407.29425881598854,177.43771940778592,1.7719498425610332,1.7719498425610332,False
fixed256_od,19,24000011,24,SS,32,256,3691.855031195557,3760.814031722341,15.979837567787547,68.95900052678417,52.97916295899662,4.315375562126676,4.315375562126676,False
fixed256_od,19,24000012,24,SL,32,1024,3760.814031722341,3837.4883496454863,58.057852632638046,76.67431792314528,18.616465290507236,1.3206537005132313,1.3206537005132313,True
fixed256_od,19,24000013,24,LS,200,256,3837.4883496454863,4275.978519812601,72.35128428205302,438.4901701671147,366.13888588506165,6.060572034322322,6.060572034322322,False
fixed256_od,19,25000007,25,SL,32,4096,2235.147267523682,2463.890003490729,228.74273596704626,228.74273596704734,1.0800249583553523e-12,1.0,1.0000000000000047,True
fixed256_od,19,25000008,25,SL,64,1024,2463.890003490729,2586.973551234057,101.00752608339441,123.08354774332793,22.076021659933517,1.2185581858693082,1.2185581858693082,True
fixed256_od,19,25000009,25,SS,64,256,2586.973551234057,2709.95045108804,26.717256165257165,122.97689985398301,96.25964368872584,4.602901551466234,4.602901551466234,False
fixed256_od,19,25000010,25,LS,128,256,2709.95045108804,2954.9551570808158,48.19209238871334,245.0047059927756,196.81261360406225,5.083919245850302,5.083919245850302,False
fixed256_od,19,25000011,25,SL,64,1024,2954.9551570808158,3109.1151985729243,101.00752608339441,154.16004149210858,53.152515408714166,1.5262233169123465,1.5262233169123465,False
fixed256_od,19,25000012,25,SS,80,256,3109.1151985729243,3283.457180460623,32.085964974046185,174.3419818876987,142.2560169136525,5.433590107971541,5.433590107971541,False
fixed256_od,19,25000013,25,SL,32,1024,3283.457180460623,3362.8934704950957,58.057852632638046,79.43629003447268,21.37843740183463,1.368226457445938,1.368226457445938,True
fixed256_od,19,25000014,25,LL,200,4096,3362.8934704950957,4548.656605820494,1130.6863062355314,1185.7631353253987,55.07682908986726,1.0487109720760996,1.0487109720760996,True
fixed256_od,19,26000006,26,LL,160,2048,2248.657233544019,2707.207415258284,458.55018171426593,458.5501817142649,-1.0231815394945443e-12,1.0,0.9999999999999978,True
fixed256_od,19,26000007,26,SL,64,1024,2707.207415258284,2833.124903162768,101.00752608339441,125.917487904484,24.909961821089595,1.2466149086804017,1.2466149086804017,True
fixed256_od,19,26000008,26,SL,64,1024,2833.124903162768,2973.00329061394,101.00752608339441,139.87838745117188,38.870861367777465,1.3848313375746346,1.3848313375746346,True
fixed256_od,19,26000009,26,SL,80,2048,2973.00329061394,3229.357051390856,243.80186035081854,256.35376077691626,12.551900426097717,1.051484022345179,1.051484022345179,True
fixed256_od,19,26000010,26,SS,64,256,3229.357051390856,3362.9874315812044,26.717256165257165,133.6303801903482,106.91312402509104,5.0016505947987175,5.0016505947987175,False
fixed256_od,19,26000011,26,SL,32,2048,3362.9874315812044,3482.980341020945,114.952820977,119.99290943974074,5.040088462740741,1.0438448436489365,1.0438448436489365,True
fixed256_od,19,26000012,26,SL,64,4096,3482.980341020945,3885.4698959648076,400.5413596855101,402.48955494386246,1.9481952583523707,1.0048639053402175,1.0048639053402175,True
fixed256_od,19,26000013,26,SL,32,1024,3885.4698959648076,3951.4057911493924,58.057852632638046,65.93589518458475,7.878042551946706,1.1356929716604425,1.1356929716604425,True
fixed256_od,19,26000014,26,LS,200,256,3951.4057911493924,4399.194767371195,72.35128428205302,447.7889762218024,375.43769193974936,6.189095061203744,6.189095061203744,False
fixed256_od,19,27000008,27,LL,200,2048,2221.682026282327,2836.84717799782,565.9243027292647,615.1651517154928,49.240848986228116,1.0870096031373029,1.0870096031373029,True
fixed256_od,19,27000009,27,SS,32,256,2836.84717799782,2901.871136922536,15.979837567787547,65.02395892471623,49.04412135692868,4.069125149043613,4.069125149043613,False
fixed256_od,19,27000010,27,SS,80,256,2901.871136922536,3089.2584720621853,32.085964974046185,187.38733513964917,155.30137016560298,5.840165171632635,5.840165171632635,False
fixed256_od,19,27000011,27,SL,32,2048,3089.2584720621853,3208.4460155570778,114.952820977,119.18754349489245,4.23472251789245,1.036838787268559,1.036838787268559,True
fixed256_od,19,27000012,27,LL,160,1024,3208.4460155570778,3611.288624945557,229.85653940820262,402.8426093884791,172.98606998027648,1.752582764996171,1.752582764996171,False
fixed256_od,19,27000013,27,LL,128,1024,3611.288624945557,3912.18555751468,186.90687789087698,300.89693256912324,113.99005467824625,1.6098761905637191,1.6098761905637191,False
fixed256_od,19,27000014,27,LS,200,256,3912.18555751468,4333.071567908304,72.35128428205302,420.886010393624,348.534726111571,5.817256937041354,5.817256937041354,False
fixed256_od,19,28000007,28,SL,80,4096,2084.6583205762036,2571.099147360219,486.44082678401566,486.44082678401537,-2.8421709430404007e-13,1.0,0.9999999999999994,True
fixed256_od,19,28000008,28,SS,80,256,2571.099147360219,2719.156643351248,32.085964974046185,148.0574959910291,115.97153101698291,4.614400598853436,4.614400598853436,False
fixed256_od,19,28000009,28,SS,80,256,2719.156643351248,2884.89684720867,32.085964974046185,165.74020385742188,133.65423888337568,5.16550473054142,5.16550473054142,False
fixed256_od,19,28000010,28,LS,200,256,2884.89684720867,3325.7900737676787,72.35128428205302,440.8932265590088,368.54194227695575,6.093785769444509,6.093785769444509,False
fixed256_od,19,28000011,28,LL,160,4096,3325.7900737676787,4281.459782780318,915.9373744307104,955.6697090126395,39.73233458192908,1.043378876865489,1.043378876865489,True
fixed256_od,19,29000007,29,LS,128,256,2545.2914935957488,2805.600885327886,48.19209238871334,260.3093917321371,212.11729934342375,5.401495947353843,5.401495947353843,False
fixed256_od,19,29000008,29,LL,160,2048,2805.600885327886,3299.375377026765,458.55018171426593,493.77449169887905,35.224309984613114,1.0768166961638286,1.0768166961638286,True
fixed256_od,19,29000009,29,SS,32,256,3299.375377026765,3370.3522007653096,15.979837567787547,70.97682373854468,54.99698617075713,4.441648636130137,4.441648636130137,False
fixed256_od,19,29000010,29,LS,160,256,3370.3522007653096,3752.3186051179628,58.92951067026337,381.96640435265317,323.0368936823898,6.481750824131629,6.481750824131629,False
fixed256_od,19,29000011,29,LS,160,256,3752.3186051179628,4121.342118911908,58.92951067026337,369.0235137939453,310.09400312368194,6.262117394098091,6.262117394098091,False
fixed256_od,19,30000008,30,LL,200,1024,2084.8400157707406,2543.167178842837,283.5436075005082,458.3271630720965,174.7835555715883,1.6164256606323775,1.6164256606323775,False
fixed256_od,19,30000009,30,LS,160,256,2543.167178842837,2878.1688011384704,58.92951067026337,335.0016222956333,276.0721116253699,5.684785406926511,5.684785406926511,False
fixed256_od,19,30000010,30,LL,200,4096,2878.1688011384704,4055.0320093605333,1130.6863062355314,1176.863208222063,46.17690198653145,1.0408397110072654,1.0408397110072654,True
fixed256_od,19,31000009,31,LL,128,2048,2065.030461493408,2447.0420674970583,372.6508694745985,382.0116060036503,9.360736529051792,1.0251193202426967,1.0251193202426967,True
fixed256_od,19,31000010,31,LS,160,256,2447.0420674970583,2777.0369804597594,58.92951067026337,329.99491296270116,271.0654022924378,5.599824420894455,5.599824420894455,False
fixed256_od,19,31000011,31,LL,128,4096,2777.0369804597594,3548.155120075865,744.1386016188327,771.1181396161055,26.979537997272814,1.0362560656557533,1.0362560656557533,True
fixed256_od,19,31000012,31,SL,80,4096,3548.155120075865,4034.5959468598803,486.44082678401566,486.44082678401537,-2.8421709430404007e-13,1.0,0.9999999999999994,True
old_od,43,8,0,SS,80,256,2141.3513021162,2308.1211056315215,32.085964974046185,166.76980351532166,134.68383854127546,5.197593516362031,5.197593516362031,False
old_od,43,9,0,LL,200,1024,2308.1211056315215,2790.242626743228,283.5436075005082,482.12152111170644,198.57791361119826,1.70034346872321,1.70034346872321,False
old_od,43,10,0,LS,200,256,2790.242626743228,3244.0529369268584,72.35128428205302,453.81031018363046,381.45902590157743,6.272318655941255,6.272318655941255,False
old_od,43,11,0,LL,200,4096,3244.0529369268584,4425.528477768737,1130.6863062355314,1181.4755408418782,50.78923460634678,1.0449189437656168,1.0449189437656168,True
old_od,43,1000007,1,LS,160,256,2330.957987453241,2631.4552628328065,58.92951067026337,300.4972753795655,241.56776470930214,5.099266428003797,5.099266428003797,False
old_od,43,1000008,1,LL,160,1024,2631.4552628328065,3015.856724921143,229.85653940820262,384.4014620883363,154.54492268013368,1.672353821553352,1.672353821553352,False
old_od,43,1000009,1,LL,128,4096,3015.856724921143,3765.4284507643415,744.1386016188327,749.5717258431987,5.433124224365997,1.0073012261594096,1.0073012261594096,True
old_od,43,1000010,1,LS,128,256,3765.4284507643415,4027.772387305425,48.19209238871334,262.3439365410836,214.15184415237027,5.443713346684341,5.443713346684341,False
old_od,43,2000008,2,SS,64,256,2764.209721745162,2908.202656800931,26.717256165257165,143.99293505576907,117.2756788905119,5.389510590650246,5.389510590650246,False
old_od,43,2000009,2,LS,200,256,2908.202656800931,3385.195209876077,72.35128428205302,476.99255307514613,404.6412687930931,6.592730976490293,6.592730976490293,False
old_od,43,2000010,2,LS,200,256,3385.195209876077,3813.988926306741,72.35128428205302,428.79371643066406,356.44243214861103,5.9265529380109125,5.9265529380109125,False
old_od,43,2000011,2,LL,200,1024,3813.988926306741,4263.130810336977,283.5436075005082,449.14188403023627,165.59827652972808,1.5840310701747395,1.5840310701747395,False
old_od,43,3000004,3,LS,200,256,2187.3755062019095,2634.2785381231474,72.35128428205302,446.9030319212379,374.5517476391849,6.17685002216462,6.17685002216462,False
old_od,43,3000005,3,LL,128,2048,2634.2785381231474,3032.0213155439333,372.6508694745985,397.74277742078584,25.091907946187348,1.06733355535052,1.06733355535052,True
old_od,43,3000006,3,LL,160,4096,3032.0213155439333,3947.958689974642,915.9373744307104,915.9373744307086,-1.8189894035458565e-12,1.0,0.999999999999998,True
old_od,43,3000007,3,LL,200,1024,3947.958689974642,4358.505489902407,283.5436075005082,410.5467999277653,127.00319242725709,1.447914144659493,1.447914144659493,True
old_od,43,4000005,4,SS,32,256,2211.6238140020537,2283.0121365807395,15.979837567787547,71.3883225786858,55.408485010898254,4.467399763974554,4.467399763974554,False
old_od,43,4000006,4,LL,160,4096,2283.0121365807395,3244.5995075117635,915.9373744307104,961.587370931024,45.64999650031359,1.0498396481841203,1.0498396481841203,True
old_od,43,4000007,4,SS,80,256,3244.5995075117635,3405.876156290701,32.085964974046185,161.27664877893767,129.19068380489148,5.0263923466036236,5.0263923466036236,False
old_od,43,4000008,4,LL,160,1024,3405.876156290701,3756.5053760441897,229.85653940820262,350.62921975348854,120.77268034528592,1.525426340517576,1.525426340517576,False
old_od,43,4000009,4,LL,200,1024,3756.5053760441897,4232.553341464907,283.5436075005082,476.04796542071745,192.50435792020926,1.6789232866759807,1.6789232866759807,False
old_od,43,5000008,5,LS,128,256,2186.080262911128,2462.136324683355,48.19209238871334,276.0560617722267,227.86396938351336,5.728243952256355,5.728243952256355,False
old_od,43,5000009,5,SL,80,4096,2462.136324683355,2964.029122584797,486.44082678401566,501.892797901442,15.451971117426353,1.0317653664466926,1.0317653664466926,True
old_od,43,5000010,5,SL,64,1024,2964.029122584797,3097.2065766490964,101.00752608339441,133.17745406429958,32.16992798090517,1.3184904058965354,1.3184904058965354,True
old_od,43,5000011,5,LL,128,2048,3097.2065766490964,3490.486128776355,372.6508694745985,393.27955212725874,20.628682652660245,1.0553565933758444,1.0553565933758444,True
old_od,43,5000012,5,LS,160,256,3490.486128776355,3787.440522842572,58.92951067026337,296.954394066217,238.02488339595362,5.039145763958706,5.039145763958706,False
old_od,43,5000013,5,LL,160,1024,3787.440522842572,4181.438618842041,229.85653940820262,393.9980959994691,164.1415565912665,1.7141043583701014,1.7141043583701014,False
old_od,43,6000005,6,LS,200,256,2655.9108478437956,3092.873432532327,72.35128428205302,436.9625846885315,364.61130040647845,6.039458580791517,6.039458580791517,False
old_od,43,6000006,6,SL,80,1024,3092.873432532327,3280.7415332300293,122.48236916054397,187.86810069770218,65.38573153715821,1.5338379065108854,1.5338379065108854,False
old_od,43,6000007,6,SL,32,1024,3280.7415332300293,3350.367912023416,58.057852632638046,69.62637879338672,11.568526160748675,1.1992585952833754,1.1992585952833754,True
old_od,43,6000008,6,SS,80,256,3350.367912023416,3527.7831997477324,32.085964974046185,177.41528772431639,145.3293227502702,5.529373602066347,5.529373602066347,False
old_od,43,6000009,6,SL,80,4096,3527.7831997477324,4030.5646908221015,486.44082678401566,502.7814910743691,16.34066429035346,1.0335922961038977,1.0335922961038977,True
old_od,43,7000006,7,LS,160,256,2180.0106369783143,2545.6268631746034,58.92951067026337,365.61622619628906,306.6867155260257,6.204297677645302,6.204297677645302,False
old_od,43,7000007,7,SS,64,256,2545.6268631746034,2683.023747499173,26.717256165257165,137.39688432456978,110.67962815931261,5.142627052520432,5.142627052520432,False
old_od,43,7000008,7,LS,128,256,2683.023747499173,2994.9907863532767,48.19209238871334,311.9670388541035,263.7749464653902,6.473407220790577,6.473407220790577,False
old_od,43,7000009,7,SL,64,4096,2994.9907863532767,3406.6075149833623,400.5413596855101,411.6167286300856,11.07536894457553,1.0276509995204277,1.0276509995204277,True
old_od,43,7000010,7,SL,80,4096,3406.6075149833623,3893.0483417673777,486.44082678401566,486.44082678401537,-2.8421709430404007e-13,1.0,0.9999999999999994,True
old_od,43,7000011,7,SS,64,256,3893.0483417673777,4024.874028260892,26.717256165257165,131.82568649351424,105.10843032825707,4.934102726646719,4.934102726646719,False
old_od,43,8000002,8,LL,160,2048,2113.5349202902653,2572.08510200453,458.55018171426593,458.5501817142649,-1.0231815394945443e-12,1.0,0.9999999999999978,True
old_od,43,8000003,8,LS,160,256,2572.08510200453,2913.3957230378846,58.92951067026337,341.31062103335444,282.38111036309107,5.7918454972948625,5.7918454972948625,False
old_od,43,8000004,8,LS,160,256,2913.3957230378846,3291.7179428865174,58.92951067026337,378.3222198486328,319.39270917836944,6.419911103038216,6.419911103038216,False
old_od,43,8000005,8,LL,200,1024,3291.7179428865174,3724.116375522525,283.5436075005082,432.3984326360073,148.85482513549914,1.5249803599794869,1.5249803599794869,False
old_od,43,8000006,8,LL,128,2048,3724.116375522525,4096.767244997122,372.6508694745985,372.6508694745976,-9.094947017729282e-13,1.0,0.9999999999999976,True
old_od,43,9000008,9,SL,80,2048,2064.5956600105033,2323.5641521232783,243.80186035081854,258.96849211277504,15.166631761956495,1.0622088434441497,1.0622088434441497,True
old_od,43,9000009,9,LL,128,4096,2323.5641521232783,3071.7684776198103,744.1386016188327,748.204325496532,4.06572387769927,1.0054636647915516,1.0054636647915516,True
old_od,43,9000010,9,LL,160,1024,3071.7684776198103,3365.4142200383303,229.85653940820262,293.64574241852006,63.789203010317436,1.2775174601277455,1.2775174601277455,True
old_od,43,9000011,9,LL,200,1024,3365.4142200383303,3759.0704465674467,283.5436075005082,393.65622652911634,110.11261902860815,1.388344565406613,1.388344565406613,True
old_od,43,9000012,9,LL,128,1024,3759.0704465674467,4037.445338398469,186.90687789087698,278.3748918310225,91.46801394014554,1.489377464180574,1.489377464180574,True
old_od,43,10000007,10,LS,160,256,2048.909046545999,2411.5551316072206,58.92951067026337,362.6460850612216,303.7165743909582,6.153896085959148,6.153896085959148,False
old_od,43,10000008,10,SL,80,2048,2411.5551316072206,2667.842869164294,243.80186035081854,256.28773755707334,12.485877206254798,1.0512132154704983,1.0512132154704983,True
old_od,43,10000009,10,LS,160,256,2667.842869164294,3028.90361183183,58.92951067026337,361.06074266753603,302.13123199727266,6.126993734732167,6.126993734732167,False
old_od,43,10000010,10,SL,80,1024,3028.90361183183,3218.789323757373,122.48236916054397,189.8857119255431,67.40334276499912,1.550310573080523,1.550310573080523,False
old_od,43,10000011,10,LL,160,1024,3218.789323757373,3593.719273749268,229.85653940820262,374.9299499918948,145.07341058369215,1.6311476321587528,1.6311476321587528,False
old_od,43,10000012,10,LL,200,1024,3593.719273749268,4018.771221713931,283.5436075005082,425.0519479646632,141.50834046415503,1.4990708191645667,1.4990708191645667,True
old_od,43,11000007,11,LL,200,4096,2002.4564114830828,3187.680195908385,1130.6863062355314,1185.2237844253023,54.53747818977081,1.0482339601081276,1.0482339601081276,True
old_od,43,11000008,11,SL,80,4096,3187.680195908385,3674.1210226924004,486.44082678401566,486.44082678401537,-2.8421709430404007e-13,1.0,0.9999999999999994,True
old_od,43,11000009,11,SS,80,256,3674.1210226924004,3823.2353176676543,32.085964974046185,149.11429497525387,117.02833000120768,4.647337086351307,4.647337086351307,False
old_od,43,11000010,11,LL,128,1024,3823.2353176676543,4135.790904194368,186.90687789087698,312.55558652671334,125.64870863583636,1.6722529960036818,1.6722529960036818,False
old_od,43,12000006,12,LS,160,256,2101.752885769092,2477.9259049226503,58.92951067026337,376.17301915355847,317.2435084832951,6.383440399809403,6.383440399809403,False
old_od,43,12000007,12,LS,128,256,2477.9259049226503,2765.3051937019095,48.19209238871334,287.37928877925924,239.1871963905459,5.963204221582292,5.963204221582292,False
old_od,43,12000008,12,LS,200,256,2765.3051937019095,3219.82846488096,72.35128428205302,454.5232711790504,382.1719868969974,6.282172814060144,6.282172814060144,False
old_od,43,12000009,12,LS,200,256,3219.82846488096,3644.635822669046,72.35128428205302,424.80735778808594,352.4560735060329,5.871455662514907,5.871455662514907,False
old_od,43,12000010,12,LS,160,256,3644.635822669046,3994.0555893708924,58.92951067026337,349.4197667018466,290.4902560315832,5.929453048694133,5.929453048694133,False
old_od,43,12000011,12,LS,200,256,3994.0555893708924,4425.517322913187,72.35128428205302,431.4617335422945,359.11044926024147,5.963428815724838,5.963428815724838,False
old_od,43,13000004,13,SS,80,256,2134.8284402048507,2305.741878946951,32.085964974046185,170.91343874210042,138.82747376805423,5.326735190303596,5.326735190303596,False
old_od,43,13000005,13,LS,128,256,2305.741878946951,2594.8652828132376,48.19209238871334,289.1234038662865,240.93131147757313,5.999395119312139,5.999395119312139,False
old_od,43,13000006,13,SS,80,256,2594.8652828132376,2763.195415934256,32.085964974046185,168.3301331210182,136.24416814697202,5.246223177553729,5.246223177553729,False
old_od,43,13000007,13,LL,128,1024,2763.195415934256,3072.729762226594,186.90687789087698,309.53434629233834,122.62746840146136,1.656088581571919,1.656088581571919,False
old_od,43,13000008,13,SS,64,256,3072.729762226594,3201.527318055814,26.717256165257165,128.79755582921962,102.08029966396245,4.820762844528421,4.820762844528421,False
old_od,43,13000009,13,SL,32,2048,3201.527318055814,3320.080942217234,114.952820977,118.55362416142043,3.6008031844204282,1.0313241828588173,1.0313241828588173,True
old_od,43,13000010,13,LL,128,2048,3320.080942217234,3715.7195882490114,372.6508694745985,395.63864603177717,22.987776557178677,1.0616871673735504,1.0616871673735504,True
old_od,43,13000011,13,SS,64,256,3715.7195882490114,3851.0645952774935,26.717256165257165,135.3450070284821,108.62775086322492,5.065827351106634,5.065827351106634,False
old_od,43,13000012,13,SL,80,4096,3851.0645952774935,4355.599786036947,486.44082678401566,504.5351907594536,18.094363975437943,1.0371974616009605,1.0371974616009605,True
old_od,43,14000006,14,SL,64,2048,2058.086063757913,2266.6076296899473,200.85214333740902,208.52156593203426,7.669422594625246,1.038184419977742,1.038184419977742,True
old_od,43,14000007,14,LS,128,256,2266.6076296899473,2536.282595435308,48.19209238871334,269.6749657453606,221.48287335664727,5.595834344983097,5.595834344983097,False
old_od,43,14000008,14,LS,128,256,2536.282595435308,2837.6051509773,48.19209238871334,301.3225555419922,253.13046315327884,6.2525310814801305,6.2525310814801305,False
old_od,43,14000009,14,SL,64,1024,2837.6051509773,3001.815112415698,101.00752608339441,164.20996143839784,63.20243535500343,1.6257200607291566,1.6257200607291566,False
old_od,43,14000010,14,LL,128,1024,3001.815112415698,3306.0870009961254,186.90687789087698,304.27188858042746,117.36501068955047,1.6279330756253518,1.6279330756253518,False
old_od,43,14000011,14,SL,32,2048,3306.0870009961254,3421.039821973125,114.952820977,114.95282097699965,-3.552713678800501e-13,1.0,0.9999999999999969,True
old_od,43,14000012,14,SS,64,256,3421.039821973125,3554.0389147355013,26.717256165257165,132.99909276237622,106.28183659711905,4.978022141934127,4.978022141934127,False
old_od,43,14000013,14,LL,160,2048,3554.0389147355013,4044.4678689945385,458.55018171426593,490.42895425903725,31.878772544771323,1.0695207936143307,1.0695207936143307,True
old_od,43,15000006,15,LL,160,2048,2658.004735172897,3116.554916887162,458.55018171426593,458.5501817142649,-1.0231815394945443e-12,1.0,0.9999999999999978,True
old_od,43,15000007,15,LL,128,1024,3116.554916887162,3360.3350478711254,186.90687789087698,243.78013098396332,56.87325309308633,1.3042865716599845,1.3042865716599845,True
old_od,43,15000008,15,LL,128,1024,3360.3350478711254,3596.1973983349926,186.90687789087698,235.8623504638672,48.9554725729902,1.2619244038818742,1.2619244038818742,True
old_od,43,15000009,15,LS,128,256,3596.1973983349926,3824.027498999761,48.19209238871334,227.83010066476845,179.6380082760551,4.7275411664451115,4.7275411664451115,False
old_od,43,15000010,15,LS,200,256,3824.027498999761,4278.139545813578,72.35128428205302,454.1120468138165,381.7607625317635,6.276489095114246,6.276489095114246,False
old_od,43,16000007,16,SL,32,2048,2267.253096549793,2382.2059175267927,114.952820977,114.95282097699965,-3.552713678800501e-13,1.0,0.9999999999999969,True
old_od,43,16000008,16,SL,80,2048,2382.2059175267927,2633.467869164294,243.80186035081854,251.26195163750117,7.460091286682626,1.0305989924603034,1.0305989924603034,True
old_od,43,16000009,16,SL,64,2048,2633.467869164294,2834.320012501702,200.85214333740902,200.85214333740805,-9.663381206337363e-13,1.0,0.9999999999999952,True
old_od,43,16000010,16,LL,160,1024,2834.320012501702,3221.5234577092288,229.85653940820262,387.2034452075268,157.34690579932416,1.68454396035212,1.68454396035212,False
old_od,43,16000011,16,SL,80,1024,3221.5234577092288,3393.2491626245605,122.48236916054397,171.7257049153318,49.24333575478782,1.4020442786360707,1.4020442786360707,True
old_od,43,16000012,16,LS,200,256,3393.2491626245605,3793.217899695413,72.35128428205302,399.9687370708525,327.6174527887995,5.528149790840218,5.528149790840218,False
old_od,43,16000013,16,LS,200,256,3793.217899695413,4247.72153128721,72.35128428205302,454.50363159179733,382.1523473097443,6.2819013663941075,6.2819013663941075,False
old_od,43,17000006,17,LL,128,2048,2116.046235811519,2502.855284660144,372.6508694745985,386.809048848625,14.158179374026531,1.0379931472962567,1.0379931472962567,True
old_od,43,17000007,17,LS,160,256,2502.855284660144,2816.1579453279237,58.92951067026337,313.3026606677795,254.37314999751612,5.3165664724563255,5.3165664724563255,False
old_od,43,17000008,17,SL,64,1024,2816.1579453279237,2969.076617542651,101.00752608339441,152.9186722147274,51.911146131332984,1.5139334477757014,1.5139334477757014,False
old_od,43,17000009,17,SL,64,4096,2969.076617542651,3375.606233245081,400.5413596855101,406.52961570242996,5.988256016919877,1.0149504061743377,1.0149504061743377,True
old_od,43,17000010,17,LL,128,1024,3375.606233245081,3621.2401229443676,186.90687789087698,245.63388969928656,58.72701180840957,1.3142046588713365,1.3142046588713365,True
old_od,43,17000011,17,SS,64,256,3621.2401229443676,3735.888203675931,26.717256165257165,114.64808073156337,87.9308245663062,4.291162236960939,4.291162236960939,False
old_od,43,17000012,17,SL,32,1024,3735.888203675931,3813.2554852656035,58.057852632638046,77.36728158967253,19.309428957034484,1.3325894445186457,1.3325894445186457,True
old_od,43,17000013,17,SL,32,4096,3813.2554852656035,4042.5584487600163,228.74273596704626,229.30296349441278,0.5602275273665214,1.0024491598607408,1.0024491598607408,True
old_od,43,18000006,18,LS,128,256,2087.636812964605,2385.7870662605033,48.19209238871334,298.15025329589844,249.9581609071851,6.186704882847661,6.186704882847661,False
old_od,43,18000007,18,LS,200,256,2385.7870662605033,2814.629795447366,72.35128428205302,428.8427291868629,356.4914449048099,5.9272303656016625,5.9272303656016625,False
old_od,43,18000008,18,SS,64,256,2814.629795447366,2968.6568346573763,26.717256165257165,154.02703921001012,127.30978304475295,5.765077007058278,5.765077007058278,False
old_od,43,18000009,18,SS,64,256,2968.6568346573763,3116.890629823392,26.717256165257165,148.23379516601562,121.51653900075846,5.548241714984837,5.548241714984837,False
old_od,43,18000010,18,SL,64,1024,3116.890629823392,3272.8455384410886,101.00752608339441,155.95490861769667,54.947382534302264,1.5439929544352595,1.5439929544352595,False
old_od,43,18000011,18,LL,128,1024,3272.8455384410886,3572.4261123242504,186.90687789087698,299.58057388316183,112.67369599228485,1.6028333321049204,1.6028333321049204,False
old_od,43,18000012,18,LL,200,4096,3572.4261123242504,4728.793858628112,1130.6863062355314,1156.3677463038612,25.68144006832972,1.022713143271216,1.022713143271216,True
old_od,43,19000007,19,LS,128,256,2051.6954116506395,2334.308489600347,48.19209238871334,282.61307794970753,234.42098556099418,5.864303954063135,5.864303954063135,False
old_od,43,19000008,19,SL,64,4096,2334.308489600347,2747.6456466972295,400.5413596855101,413.3371570968825,12.795797411372405,1.0319462574886629,1.0319462574886629,True
old_od,43,19000009,19,SS,80,256,2747.6456466972295,2920.031353434256,32.085964974046185,172.38570673702634,140.29974176298015,5.372620299139089,5.372620299139089,False
old_od,43,19000010,19,LS,128,256,2920.031353434256,3201.467379370855,48.19209238871334,281.436025936599,233.24393354788563,5.839879780827108,5.839879780827108,False
old_od,43,19000011,19,LS,200,256,3201.467379370855,3609.816028967874,72.35128428205302,408.3486495970192,335.99736531496615,5.643972372420091,5.643972372420091,False
old_od,43,19000012,19,LL,128,2048,3609.816028967874,4007.3531942060426,372.6508694745985,397.53716523816865,24.88629576357016,1.0667817998081084,1.0667817998081084,True
old_od,43,20000003,20,SL,64,1024,2056.40616331561,2203.5908539928464,101.00752608339441,147.18469067723663,46.17716459384222,1.4571655834409525,1.4571655834409525,True
old_od,43,20000004,20,LS,160,256,2203.5908539928464,2573.8670670320253,58.92951067026337,370.27621303917886,311.3467023689155,6.283374981866688,6.283374981866688,False
old_od,43,20000005,20,LL,200,1024,2573.8670670320253,3067.1602750586576,283.5436075005082,493.2932080266323,209.74960052612414,1.7397437112940315,1.7397437112940315,False
old_od,43,20000006,20,LL,128,1024,3067.1602750586576,3322.4520522656567,186.90687789087698,255.2917772069991,68.3848993161221,1.3658768478067869,1.3658768478067869,True
old_od,43,20000007,20,SS,32,256,3322.4520522656567,3382.9282132408957,15.979837567787547,60.476160975239054,44.496323407451506,3.784529142971267,3.784529142971267,False
old_od,43,20000008,20,LL,160,2048,3382.9282132408957,3886.343708227937,458.55018171426593,503.41549498704126,44.865313272775325,1.097841665017008,1.097841665017008,True
old_od,43,20000009,20,LS,128,256,3886.343708227937,4160.220202246832,48.19209238871334,273.87649401889485,225.6844016301815,5.683017284450532,5.683017284450532,False
old_od,43,21000007,21,LS,160,256,2239.6303737556204,2600.2315842439393,58.92951067026337,360.6012104883189,301.6716998180555,6.119195737192556,6.119195737192556,False
old_od,43,21000008,21,SS,64,256,2600.2315842439393,2731.3887682511263,26.717256165257165,131.15718400718697,104.4399278419298,4.90908135161508,4.90908135161508,False
old_od,43,21000009,21,LL,160,2048,2731.3887682511263,3230.9653665531323,458.55018171426593,499.576598302006,41.02641658774007,1.089469851335278,1.089469851335278,True
old_od,43,21000010,21,SS,32,256,3230.9653665531323,3297.397741439138,15.979837567787547,66.43237488600562,50.45253731821807,4.157262212722439,4.157262212722439,False
old_od,43,21000011,21,SL,64,1024,3297.397741439138,3442.735751453784,101.00752608339441,145.338010014646,44.33048393125158,1.4388829788252728,1.4388829788252728,True
old_od,43,21000012,21,LS,128,256,3442.735751453784,3691.671999732183,48.19209238871334,248.93624827839903,200.7441558896857,5.165499897171933,5.165499897171933,False
old_od,43,21000013,21,SL,32,1024,3691.671999732183,3757.54297611033,58.057852632638046,65.87097637814713,7.813123745509088,1.1345747972276334,1.1345747972276334,True
old_od,43,21000014,21,SS,32,256,3757.54297611033,3828.5863248131614,15.979837567787547,71.04334870283128,55.06351113504373,4.445811692481892,4.445811692481892,False
old_od,43,21000015,21,SL,80,1024,3828.5863248131614,4023.5050525171387,122.48236916054397,194.9187277039773,72.43635854343334,1.5914023303099833,1.5914023303099833,False
old_od,43,22000005,22,LS,128,256,2082.227153549249,2359.9848354255423,48.19209238871334,277.7576818762932,229.56558948757984,5.763553066671669,5.763553066671669,False
old_od,43,22000006,22,SS,64,256,2359.9848354255423,2499.4078722550325,26.717256165257165,139.42303682949023,112.70578066423306,5.218463900899915,5.218463900899915,False
old_od,43,22000007,22,SL,64,1024,2499.4078722550325,2648.6531098522214,101.00752608339441,149.24523759718886,48.23771151379445,1.4775655179790084,1.4775655179790084,True
old_od,43,22000008,22,LL,160,1024,2648.6531098522214,3055.4895221623538,229.85653940820262,406.83641231013235,176.97987290192972,1.7699579631607996,1.7699579631607996,False
old_od,43,22000009,22,LS,160,256,3055.4895221623538,3399.399980240033,58.92951067026337,343.9104580776793,284.98094740741595,5.835963240930511,5.835963240930511,False
old_od,43,22000010,22,SS,80,256,3399.399980240033,3574.306103190115,32.085964974046185,174.90612295008214,142.82015797603594,5.45117228331954,5.45117228331954,False
old_od,43,22000011,22,LS,200,256,3574.306103190115,3965.1936077032256,72.35128428205302,390.88750451311034,318.5362202310573,5.402633946196189,5.402633946196189,False
old_od,43,22000012,22,SS,80,256,3965.1936077032256,4126.4167751871855,32.085964974046185,161.22316748395997,129.13720250991378,5.024725533870362,5.024725533870362,False
old_od,43,23000005,23,LS,160,256,2021.9118619727196,2374.5365464021424,58.92951067026337,352.6246844294228,293.69517375915945,5.983838664510785,5.983838664510785,False
old_od,43,23000006,23,LL,160,2048,2374.5365464021424,2867.132511328523,458.55018171426593,492.5959649263805,34.04578321211454,1.0742465810063277,1.0742465810063277,True
old_od,43,23000007,23,LL,128,4096,2867.132511328523,3611.2711129473564,744.1386016188327,744.1386016188335,7.958078640513122e-13,1.0,1.000000000000001,True
old_od,43,23000008,23,LS,200,256,3611.2711129473564,3984.986927405374,72.35128428205302,373.7158144580176,301.36453017596455,5.165296209547991,5.165296209547991,False
old_od,43,23000009,23,LS,160,256,3984.986927405374,4337.591584854291,58.92951067026337,352.6046574489169,293.6751467786535,5.983498818137073,5.983498818137073,False
old_od,43,24000009,24,LL,160,2048,2116.9226485791332,2599.0394021976635,458.55018171426593,482.1167536185303,23.56657190426438,1.0513936595034419,1.0513936595034419,True
old_od,43,24000010,24,LS,200,256,2599.0394021976635,3033.1451915655302,72.35128428205302,434.1057893678667,361.75450508581366,5.9999735136083565,5.9999735136083565,False
old_od,43,24000011,24,SS,32,256,3033.1451915655302,3097.794469954763,15.979837567787547,64.64927838923268,48.66944082144513,4.045678068690378,4.045678068690378,False
old_od,43,24000012,24,SS,80,256,3097.794469954763,3285.7566799723418,32.085964974046185,187.96221001757885,155.87624504353266,5.858081880025065,5.858081880025065,False
old_od,43,24000013,24,SL,64,4096,3285.7566799723418,3699.969941741175,400.5413596855101,414.21326176883304,13.671902083322948,1.0341335588765606,1.0341335588765606,True
old_od,43,24000014,24,LS,128,256,3699.969941741175,3957.494982520269,48.19209238871334,257.52504077909407,209.33294839038072,5.343719851421243,5.343719851421243,False
old_od,43,24000015,24,SL,32,1024,3957.494982520269,4024.645789831033,58.057852632638046,67.15080731076432,9.092954678126276,1.1566188597374085,1.1566188597374085,True
old_od,43,25000008,25,SL,32,4096,2269.804623203189,2498.547359170236,228.74273596704626,228.74273596704734,1.0800249583553523e-12,1.0,1.0000000000000047,True
old_od,43,25000009,25,LL,200,4096,2498.547359170236,3653.244923691588,1130.6863062355314,1154.697564521352,24.01125828582053,1.0212360034373837,1.0212360034373837,True
old_od,43,25000010,25,LS,128,256,3653.244923691588,3908.2026088630423,48.19209238871334,254.95768517145416,206.7655927827408,5.290446472317222,5.290446472317222,False
old_od,43,25000011,25,SL,80,1024,3908.2026088630423,4103.324541042529,122.48236916054397,195.12193217948652,72.63956301894255,1.5930613811342114,1.5930613811342114,False
old_od,43,26000006,26,SL,32,2048,2400.8696236765304,2515.82244465353,114.952820977,114.95282097699965,-3.552713678800501e-13,1.0,0.9999999999999969,True
old_od,43,26000007,26,SL,64,2048,2515.82244465353,2716.8479556176817,200.85214333740902,201.02551096415164,0.17336762674261763,1.0008631604515734,1.0008631604515734,True
old_od,43,26000008,26,SS,32,256,2716.8479556176817,2781.458028914724,15.979837567787547,64.61007329704216,48.630235729254615,4.043224658759007,4.043224658759007,False
old_od,43,26000009,26,LS,128,256,2781.458028914724,3098.4682643806204,48.19209238871334,317.0102354658966,268.81814307718327,6.578055024233413,6.578055024233413,False
old_od,43,26000010,26,SL,80,1024,3098.4682643806204,3291.0221423608887,122.48236916054397,192.55387798026823,70.07150881972426,1.5720946557449254,1.5720946557449254,False
old_od,43,26000011,26,SL,64,1024,3291.0221423608887,3435.929568592456,101.00752608339441,144.90742623156711,43.899900148172705,1.4346200907042097,1.4346200907042097,True
old_od,43,26000012,26,SL,32,4096,3435.929568592456,3664.672304559503,228.74273596704626,228.74273596704734,1.0800249583553523e-12,1.0,1.0000000000000047,True
old_od,43,26000013,26,LL,160,4096,3664.672304559503,4592.798588932662,915.9373744307104,928.1262843731588,12.18890994244839,1.0133075800624733,1.0133075800624733,True
old_od,43,27000007,27,LS,128,256,2016.75138777606,2290.441759864019,48.19209238871334,273.69037208795885,225.4982796992455,5.6791551999941285,5.6791551999941285,False
old_od,43,27000008,27,SS,80,256,2290.441759864019,2466.3921322428496,32.085964974046185,175.9503723788307,143.86440740478452,5.483717647923449,5.483717647923449,False
old_od,43,27000009,27,LS,200,256,2466.3921322428496,2908.6575054083037,72.35128428205302,442.2653731654541,369.91408888340106,6.112750831641554,6.112750831641554,False
old_od,43,27000010,27,LL,160,1024,2908.6575054083037,3271.6928302678225,229.85653940820262,363.0353248595188,133.1787854513162,1.5793995933037335,1.5793995933037335,False
old_od,43,27000011,27,LL,200,1024,3271.6928302678225,3686.6278196143217,283.5436075005082,414.93498934649915,131.39138184599096,1.463390386417918,1.463390386417918,True
old_od,43,27000012,27,SS,32,256,3686.6278196143217,3744.9147549889426,15.979837567787547,58.28693537462095,42.307097806833404,3.6475299030646493,3.6475299030646493,False
old_od,43,27000013,27,LS,128,256,3744.9147549889426,4042.0771205817923,48.19209238871334,297.1623655928497,248.97027320413636,6.166205924323916,6.166205924323916,False
old_od,43,28000010,28,LL,160,1024,2042.8972804939017,2447.464924994385,229.85653940820262,404.5676445004833,174.7111050922807,1.7600875987348392,1.7600875987348392,False
old_od,43,28000011,28,LL,200,1024,2447.464924994385,2916.9458890723295,283.5436075005082,469.48096407794446,185.93735657743628,1.6557628232796715,1.6557628232796715,False
old_od,43,28000012,28,LL,160,4096,2916.9458890723295,3845.6962329756307,915.9373744307104,928.7503439033012,12.812969472590794,1.0139889143409553,1.0139889143409553,True
old_od,43,28000013,28,LL,200,2048,3845.6962329756307,4411.620535704894,565.9243027292647,565.9243027292632,-1.4779288903810084e-12,1.0,0.9999999999999973,True
old_od,43,29000007,29,LL,160,4096,2125.439485244916,3079.874776066451,915.9373744307104,954.4352908215351,38.497916390824685,1.0420311666119668,1.0420311666119668,True
old_od,43,29000008,29,LL,128,1024,3079.874776066451,3349.425013691438,186.90687789087698,269.55023762498695,82.64335973410996,1.4421632882999638,1.4421632882999638,True
old_od,43,29000009,29,SL,64,4096,3349.425013691438,3749.9663733769485,400.5413596855101,400.54135968551054,4.547473508864641e-13,1.0,1.000000000000001,True
old_od,43,29000010,29,LL,200,1024,3749.9663733769485,4200.238659458071,283.5436075005082,450.27228608112273,166.72867858061454,1.5880177657692942,1.5880177657692942,False
old_od,43,30000007,30,SS,64,256,2156.147035293744,2299.590596254056,26.717256165257165,143.44356096031197,116.7263047950548,5.368948071353391,5.368948071353391,False
old_od,43,30000008,30,LS,128,256,2299.590596254056,2595.67514304273,48.19209238871334,296.08454678867383,247.89245439996049,6.143840869171667,6.143840869171667,False
old_od,43,30000009,30,LL,200,1024,2595.67514304273,3103.490688877017,283.5436075005082,507.81554583428715,224.27193833377896,1.7909610105859184,1.7909610105859184,False
old_od,43,30000010,30,SS,64,256,3103.490688877017,3235.4659166886263,26.717256165257165,131.97522781160933,105.25797164635216,4.939699907628557,4.939699907628557,False
old_od,43,30000011,30,SL,80,1024,3235.4659166886263,3430.049547146045,122.48236916054397,194.58363045741862,72.10126129687465,1.5886664488206284,1.5886664488206284,False
old_od,43,30000012,30,LL,200,4096,3430.049547146045,4602.292012314635,1130.6863062355314,1172.2424651685901,41.55615893305867,1.0367530399049532,1.0367530399049532,True
old_od,43,31000009,31,LS,160,256,2076.111134584134,2456.189759903119,58.92951067026337,380.0786253189849,321.14911464872154,6.4497162965715535,6.4497162965715535,False
old_od,43,31000010,31,LL,200,1024,2456.189759903119,2943.1341672705717,283.5436075005082,486.94440736745264,203.40079986694445,1.7173527968412403,1.7173527968412403,False
old_od,43,31000011,31,LL,160,2048,2943.1341672705717,3412.40762729532,458.55018171426593,469.27346002474815,10.723278310482215,1.0233851795029145,1.0233851795029145,True
old_od,43,31000012,31,LL,160,4096,3412.40762729532,4328.345001726028,915.9373744307104,915.9373744307086,-1.8189894035458565e-12,1.0,0.999999999999998,True
fixed256_od,43,8,0,SS,80,256,2141.3513021162,2308.1211056315215,32.085964974046185,166.76980351532166,134.68383854127546,5.197593516362031,5.197593516362031,False
fixed256_od,43,9,0,LL,200,1024,2308.1211056315215,2790.242626743228,283.5436075005082,482.12152111170644,198.57791361119826,1.70034346872321,1.70034346872321,False
fixed256_od,43,10,0,LS,200,256,2790.242626743228,3244.0529369268584,72.35128428205302,453.81031018363046,381.45902590157743,6.272318655941255,6.272318655941255,False
fixed256_od,43,11,0,LL,200,4096,3244.0529369268584,4425.528477768737,1130.6863062355314,1181.4755408418782,50.78923460634678,1.0449189437656168,1.0449189437656168,True
fixed256_od,43,1000007,1,LS,160,256,2330.957987453241,2631.4552628328065,58.92951067026337,300.4972753795655,241.56776470930214,5.099266428003797,5.099266428003797,False
fixed256_od,43,1000008,1,LL,160,1024,2631.4552628328065,3015.856724921143,229.85653940820262,384.4014620883363,154.54492268013368,1.672353821553352,1.672353821553352,False
fixed256_od,43,1000009,1,LL,128,4096,3015.856724921143,3765.4284507643415,744.1386016188327,749.5717258431987,5.433124224365997,1.0073012261594096,1.0073012261594096,True
fixed256_od,43,1000010,1,LS,128,256,3765.4284507643415,4027.772387305425,48.19209238871334,262.3439365410836,214.15184415237027,5.443713346684341,5.443713346684341,False
fixed256_od,43,2000008,2,SS,64,256,2764.209721745162,2908.202656800931,26.717256165257165,143.99293505576907,117.2756788905119,5.389510590650246,5.389510590650246,False
fixed256_od,43,2000009,2,LS,200,256,2908.202656800931,3385.195209876077,72.35128428205302,476.99255307514613,404.6412687930931,6.592730976490293,6.592730976490293,False
fixed256_od,43,2000010,2,LS,200,256,3385.195209876077,3813.988926306741,72.35128428205302,428.79371643066406,356.44243214861103,5.9265529380109125,5.9265529380109125,False
fixed256_od,43,2000011,2,LL,200,1024,3813.988926306741,4263.130810336977,283.5436075005082,449.14188403023627,165.59827652972808,1.5840310701747395,1.5840310701747395,False
fixed256_od,43,3000004,3,LS,200,256,2187.3755062019095,2634.2785381231474,72.35128428205302,446.9030319212379,374.5517476391849,6.17685002216462,6.17685002216462,False
fixed256_od,43,3000005,3,LL,128,2048,2634.2785381231474,3032.0213155439333,372.6508694745985,397.74277742078584,25.091907946187348,1.06733355535052,1.06733355535052,True
fixed256_od,43,3000006,3,LL,160,4096,3032.0213155439333,3947.958689974642,915.9373744307104,915.9373744307086,-1.8189894035458565e-12,1.0,0.999999999999998,True
fixed256_od,43,3000007,3,LL,200,1024,3947.958689974642,4358.505489902407,283.5436075005082,410.5467999277653,127.00319242725709,1.447914144659493,1.447914144659493,True
fixed256_od,43,4000005,4,SS,32,256,2211.6238140020537,2283.0121365807395,15.979837567787547,71.3883225786858,55.408485010898254,4.467399763974554,4.467399763974554,False
fixed256_od,43,4000006,4,LL,160,4096,2283.0121365807395,3244.5995075117635,915.9373744307104,961.587370931024,45.64999650031359,1.0498396481841203,1.0498396481841203,True
fixed256_od,43,4000007,4,SS,80,256,3244.5995075117635,3405.876156290701,32.085964974046185,161.27664877893767,129.19068380489148,5.0263923466036236,5.0263923466036236,False
fixed256_od,43,4000008,4,LL,160,1024,3405.876156290701,3756.5053760441897,229.85653940820262,350.62921975348854,120.77268034528592,1.525426340517576,1.525426340517576,False
fixed256_od,43,4000009,4,LL,200,1024,3756.5053760441897,4232.553341464907,283.5436075005082,476.04796542071745,192.50435792020926,1.6789232866759807,1.6789232866759807,False
fixed256_od,43,5000008,5,LS,128,256,2186.080262911128,2462.136324683355,48.19209238871334,276.0560617722267,227.86396938351336,5.728243952256355,5.728243952256355,False
fixed256_od,43,5000009,5,SL,80,4096,2462.136324683355,2964.029122584797,486.44082678401566,501.892797901442,15.451971117426353,1.0317653664466926,1.0317653664466926,True
fixed256_od,43,5000010,5,SL,64,1024,2964.029122584797,3097.2065766490964,101.00752608339441,133.17745406429958,32.16992798090517,1.3184904058965354,1.3184904058965354,True
fixed256_od,43,5000011,5,LL,128,2048,3097.2065766490964,3490.486128776355,372.6508694745985,393.27955212725874,20.628682652660245,1.0553565933758444,1.0553565933758444,True
fixed256_od,43,5000012,5,LS,160,256,3490.486128776355,3787.440522842572,58.92951067026337,296.954394066217,238.02488339595362,5.039145763958706,5.039145763958706,False
fixed256_od,43,5000013,5,LL,160,1024,3787.440522842572,4181.438618842041,229.85653940820262,393.9980959994691,164.1415565912665,1.7141043583701014,1.7141043583701014,False
fixed256_od,43,6000005,6,LS,200,256,2655.9108478437956,3092.873432532327,72.35128428205302,436.9625846885315,364.61130040647845,6.039458580791517,6.039458580791517,False
fixed256_od,43,6000006,6,SL,80,1024,3092.873432532327,3280.7415332300293,122.48236916054397,187.86810069770218,65.38573153715821,1.5338379065108854,1.5338379065108854,False
fixed256_od,43,6000007,6,SL,32,1024,3280.7415332300293,3350.367912023416,58.057852632638046,69.62637879338672,11.568526160748675,1.1992585952833754,1.1992585952833754,True
fixed256_od,43,6000008,6,SS,80,256,3350.367912023416,3527.7831997477324,32.085964974046185,177.41528772431639,145.3293227502702,5.529373602066347,5.529373602066347,False
fixed256_od,43,6000009,6,SL,80,4096,3527.7831997477324,4030.5646908221015,486.44082678401566,502.7814910743691,16.34066429035346,1.0335922961038977,1.0335922961038977,True
fixed256_od,43,7000006,7,LS,160,256,2180.0106369783143,2545.6268631746034,58.92951067026337,365.61622619628906,306.6867155260257,6.204297677645302,6.204297677645302,False
fixed256_od,43,7000007,7,SS,64,256,2545.6268631746034,2683.023747499173,26.717256165257165,137.39688432456978,110.67962815931261,5.142627052520432,5.142627052520432,False
fixed256_od,43,7000008,7,LS,128,256,2683.023747499173,2994.9907863532767,48.19209238871334,311.9670388541035,263.7749464653902,6.473407220790577,6.473407220790577,False
fixed256_od,43,7000009,7,SL,64,4096,2994.9907863532767,3406.6075149833623,400.5413596855101,411.6167286300856,11.07536894457553,1.0276509995204277,1.0276509995204277,True
fixed256_od,43,7000010,7,SL,80,4096,3406.6075149833623,3893.0483417673777,486.44082678401566,486.44082678401537,-2.8421709430404007e-13,1.0,0.9999999999999994,True
fixed256_od,43,7000011,7,SS,64,256,3893.0483417673777,4024.874028260892,26.717256165257165,131.82568649351424,105.10843032825707,4.934102726646719,4.934102726646719,False
fixed256_od,43,8000002,8,LL,160,2048,2113.5349202902653,2572.08510200453,458.55018171426593,458.5501817142649,-1.0231815394945443e-12,1.0,0.9999999999999978,True
fixed256_od,43,8000003,8,LS,160,256,2572.08510200453,2913.3957230378846,58.92951067026337,341.31062103335444,282.38111036309107,5.7918454972948625,5.7918454972948625,False
fixed256_od,43,8000004,8,LS,160,256,2913.3957230378846,3291.7179428865174,58.92951067026337,378.3222198486328,319.39270917836944,6.419911103038216,6.419911103038216,False
fixed256_od,43,8000005,8,LL,200,1024,3291.7179428865174,3724.116375522525,283.5436075005082,432.3984326360073,148.85482513549914,1.5249803599794869,1.5249803599794869,False
fixed256_od,43,8000006,8,LL,128,2048,3724.116375522525,4096.767244997122,372.6508694745985,372.6508694745976,-9.094947017729282e-13,1.0,0.9999999999999976,True
fixed256_od,43,9000008,9,SL,80,2048,2064.5956600105033,2323.5641521232783,243.80186035081854,258.96849211277504,15.166631761956495,1.0622088434441497,1.0622088434441497,True
fixed256_od,43,9000009,9,LL,128,4096,2323.5641521232783,3071.7684776198103,744.1386016188327,748.204325496532,4.06572387769927,1.0054636647915516,1.0054636647915516,True
fixed256_od,43,9000010,9,LL,160,1024,3071.7684776198103,3365.4142200383303,229.85653940820262,293.64574241852006,63.789203010317436,1.2775174601277455,1.2775174601277455,True
fixed256_od,43,9000011,9,LL,200,1024,3365.4142200383303,3759.0704465674467,283.5436075005082,393.65622652911634,110.11261902860815,1.388344565406613,1.388344565406613,True
fixed256_od,43,9000012,9,LL,128,1024,3759.0704465674467,4037.445338398469,186.90687789087698,278.3748918310225,91.46801394014554,1.489377464180574,1.489377464180574,True
fixed256_od,43,10000007,10,LS,160,256,2048.909046545999,2411.5551316072206,58.92951067026337,362.6460850612216,303.7165743909582,6.153896085959148,6.153896085959148,False
fixed256_od,43,10000008,10,SL,80,2048,2411.5551316072206,2667.842869164294,243.80186035081854,256.28773755707334,12.485877206254798,1.0512132154704983,1.0512132154704983,True
fixed256_od,43,10000009,10,LS,160,256,2667.842869164294,3028.90361183183,58.92951067026337,361.06074266753603,302.13123199727266,6.126993734732167,6.126993734732167,False
fixed256_od,43,10000010,10,SL,80,1024,3028.90361183183,3218.789323757373,122.48236916054397,189.8857119255431,67.40334276499912,1.550310573080523,1.550310573080523,False
fixed256_od,43,10000011,10,LL,160,1024,3218.789323757373,3593.719273749268,229.85653940820262,374.9299499918948,145.07341058369215,1.6311476321587528,1.6311476321587528,False
fixed256_od,43,10000012,10,LL,200,1024,3593.719273749268,4018.771221713931,283.5436075005082,425.0519479646632,141.50834046415503,1.4990708191645667,1.4990708191645667,True
fixed256_od,43,11000007,11,LL,200,4096,2002.4564114830828,3187.680195908385,1130.6863062355314,1185.2237844253023,54.53747818977081,1.0482339601081276,1.0482339601081276,True
fixed256_od,43,11000008,11,SL,80,4096,3187.680195908385,3674.1210226924004,486.44082678401566,486.44082678401537,-2.8421709430404007e-13,1.0,0.9999999999999994,True
fixed256_od,43,11000009,11,SS,80,256,3674.1210226924004,3823.2353176676543,32.085964974046185,149.11429497525387,117.02833000120768,4.647337086351307,4.647337086351307,False
fixed256_od,43,11000010,11,LL,128,1024,3823.2353176676543,4135.790904194368,186.90687789087698,312.55558652671334,125.64870863583636,1.6722529960036818,1.6722529960036818,False
fixed256_od,43,12000006,12,LS,160,256,2101.752885769092,2477.9259049226503,58.92951067026337,376.17301915355847,317.2435084832951,6.383440399809403,6.383440399809403,False
fixed256_od,43,12000007,12,LS,128,256,2477.9259049226503,2765.3051937019095,48.19209238871334,287.37928877925924,239.1871963905459,5.963204221582292,5.963204221582292,False
fixed256_od,43,12000008,12,LS,200,256,2765.3051937019095,3219.82846488096,72.35128428205302,454.5232711790504,382.1719868969974,6.282172814060144,6.282172814060144,False
fixed256_od,43,12000009,12,LS,200,256,3219.82846488096,3644.635822669046,72.35128428205302,424.80735778808594,352.4560735060329,5.871455662514907,5.871455662514907,False
fixed256_od,43,12000010,12,LS,160,256,3644.635822669046,3994.0555893708924,58.92951067026337,349.4197667018466,290.4902560315832,5.929453048694133,5.929453048694133,False
fixed256_od,43,12000011,12,LS,200,256,3994.0555893708924,4425.517322913187,72.35128428205302,431.4617335422945,359.11044926024147,5.963428815724838,5.963428815724838,False
fixed256_od,43,13000004,13,SS,80,256,2134.8284402048507,2305.741878946951,32.085964974046185,170.91343874210042,138.82747376805423,5.326735190303596,5.326735190303596,False
fixed256_od,43,13000005,13,LS,128,256,2305.741878946951,2594.8652828132376,48.19209238871334,289.1234038662865,240.93131147757313,5.999395119312139,5.999395119312139,False
fixed256_od,43,13000006,13,SS,80,256,2594.8652828132376,2763.195415934256,32.085964974046185,168.3301331210182,136.24416814697202,5.246223177553729,5.246223177553729,False
fixed256_od,43,13000007,13,LL,128,1024,2763.195415934256,3072.729762226594,186.90687789087698,309.53434629233834,122.62746840146136,1.656088581571919,1.656088581571919,False
fixed256_od,43,13000008,13,SS,64,256,3072.729762226594,3201.527318055814,26.717256165257165,128.79755582921962,102.08029966396245,4.820762844528421,4.820762844528421,False
fixed256_od,43,13000009,13,SL,32,2048,3201.527318055814,3320.080942217234,114.952820977,118.55362416142043,3.6008031844204282,1.0313241828588173,1.0313241828588173,True
fixed256_od,43,13000010,13,LL,128,2048,3320.080942217234,3715.7195882490114,372.6508694745985,395.63864603177717,22.987776557178677,1.0616871673735504,1.0616871673735504,True
fixed256_od,43,13000011,13,SS,64,256,3715.7195882490114,3851.0645952774935,26.717256165257165,135.3450070284821,108.62775086322492,5.065827351106634,5.065827351106634,False
fixed256_od,43,13000012,13,SL,80,4096,3851.0645952774935,4355.599786036947,486.44082678401566,504.5351907594536,18.094363975437943,1.0371974616009605,1.0371974616009605,True
fixed256_od,43,14000006,14,SL,64,2048,2058.086063757913,2266.6076296899473,200.85214333740902,208.52156593203426,7.669422594625246,1.038184419977742,1.038184419977742,True
fixed256_od,43,14000007,14,LS,128,256,2266.6076296899473,2536.282595435308,48.19209238871334,269.6749657453606,221.48287335664727,5.595834344983097,5.595834344983097,False
fixed256_od,43,14000008,14,LS,128,256,2536.282595435308,2837.6051509773,48.19209238871334,301.3225555419922,253.13046315327884,6.2525310814801305,6.2525310814801305,False
fixed256_od,43,14000009,14,SL,64,1024,2837.6051509773,3001.815112415698,101.00752608339441,164.20996143839784,63.20243535500343,1.6257200607291566,1.6257200607291566,False
fixed256_od,43,14000010,14,LL,128,1024,3001.815112415698,3306.0870009961254,186.90687789087698,304.27188858042746,117.36501068955047,1.6279330756253518,1.6279330756253518,False
fixed256_od,43,14000011,14,SL,32,2048,3306.0870009961254,3421.039821973125,114.952820977,114.95282097699965,-3.552713678800501e-13,1.0,0.9999999999999969,True
fixed256_od,43,14000012,14,SS,64,256,3421.039821973125,3554.0389147355013,26.717256165257165,132.99909276237622,106.28183659711905,4.978022141934127,4.978022141934127,False
fixed256_od,43,14000013,14,LL,160,2048,3554.0389147355013,4044.4678689945385,458.55018171426593,490.42895425903725,31.878772544771323,1.0695207936143307,1.0695207936143307,True
fixed256_od,43,15000006,15,LL,160,2048,2658.004735172897,3116.554916887162,458.55018171426593,458.5501817142649,-1.0231815394945443e-12,1.0,0.9999999999999978,True
fixed256_od,43,15000007,15,LL,128,1024,3116.554916887162,3360.3350478711254,186.90687789087698,243.78013098396332,56.87325309308633,1.3042865716599845,1.3042865716599845,True
fixed256_od,43,15000008,15,LL,128,1024,3360.3350478711254,3596.1973983349926,186.90687789087698,235.8623504638672,48.9554725729902,1.2619244038818742,1.2619244038818742,True
fixed256_od,43,15000009,15,LS,128,256,3596.1973983349926,3824.027498999761,48.19209238871334,227.83010066476845,179.6380082760551,4.7275411664451115,4.7275411664451115,False
fixed256_od,43,15000010,15,LS,200,256,3824.027498999761,4278.139545813578,72.35128428205302,454.1120468138165,381.7607625317635,6.276489095114246,6.276489095114246,False
fixed256_od,43,16000007,16,SL,32,2048,2267.253096549793,2382.2059175267927,114.952820977,114.95282097699965,-3.552713678800501e-13,1.0,0.9999999999999969,True
fixed256_od,43,16000008,16,SL,80,2048,2382.2059175267927,2633.467869164294,243.80186035081854,251.26195163750117,7.460091286682626,1.0305989924603034,1.0305989924603034,True
fixed256_od,43,16000009,16,SL,64,2048,2633.467869164294,2834.320012501702,200.85214333740902,200.85214333740805,-9.663381206337363e-13,1.0,0.9999999999999952,True
fixed256_od,43,16000010,16,LL,160,1024,2834.320012501702,3221.5234577092288,229.85653940820262,387.2034452075268,157.34690579932416,1.68454396035212,1.68454396035212,False
fixed256_od,43,16000011,16,SL,80,1024,3221.5234577092288,3393.2491626245605,122.48236916054397,171.7257049153318,49.24333575478782,1.4020442786360707,1.4020442786360707,True
fixed256_od,43,16000012,16,LS,200,256,3393.2491626245605,3793.217899695413,72.35128428205302,399.9687370708525,327.6174527887995,5.528149790840218,5.528149790840218,False
fixed256_od,43,16000013,16,LS,200,256,3793.217899695413,4247.72153128721,72.35128428205302,454.50363159179733,382.1523473097443,6.2819013663941075,6.2819013663941075,False
fixed256_od,43,17000006,17,LL,128,2048,2116.046235811519,2502.855284660144,372.6508694745985,386.809048848625,14.158179374026531,1.0379931472962567,1.0379931472962567,True
fixed256_od,43,17000007,17,LS,160,256,2502.855284660144,2816.1579453279237,58.92951067026337,313.3026606677795,254.37314999751612,5.3165664724563255,5.3165664724563255,False
fixed256_od,43,17000008,17,SL,64,1024,2816.1579453279237,2969.076617542651,101.00752608339441,152.9186722147274,51.911146131332984,1.5139334477757014,1.5139334477757014,False
fixed256_od,43,17000009,17,SL,64,4096,2969.076617542651,3375.606233245081,400.5413596855101,406.52961570242996,5.988256016919877,1.0149504061743377,1.0149504061743377,True
fixed256_od,43,17000010,17,LL,128,1024,3375.606233245081,3621.2401229443676,186.90687789087698,245.63388969928656,58.72701180840957,1.3142046588713365,1.3142046588713365,True
fixed256_od,43,17000011,17,SS,64,256,3621.2401229443676,3735.888203675931,26.717256165257165,114.64808073156337,87.9308245663062,4.291162236960939,4.291162236960939,False
fixed256_od,43,17000012,17,SL,32,1024,3735.888203675931,3813.2554852656035,58.057852632638046,77.36728158967253,19.309428957034484,1.3325894445186457,1.3325894445186457,True
fixed256_od,43,17000013,17,SL,32,4096,3813.2554852656035,4042.5584487600163,228.74273596704626,229.30296349441278,0.5602275273665214,1.0024491598607408,1.0024491598607408,True
fixed256_od,43,18000006,18,LS,128,256,2087.636812964605,2385.7870662605033,48.19209238871334,298.15025329589844,249.9581609071851,6.186704882847661,6.186704882847661,False
fixed256_od,43,18000007,18,LS,200,256,2385.7870662605033,2814.629795447366,72.35128428205302,428.8427291868629,356.4914449048099,5.9272303656016625,5.9272303656016625,False
fixed256_od,43,18000008,18,SS,64,256,2814.629795447366,2968.6568346573763,26.717256165257165,154.02703921001012,127.30978304475295,5.765077007058278,5.765077007058278,False
fixed256_od,43,18000009,18,SS,64,256,2968.6568346573763,3116.890629823392,26.717256165257165,148.23379516601562,121.51653900075846,5.548241714984837,5.548241714984837,False
fixed256_od,43,18000010,18,SL,64,1024,3116.890629823392,3272.8455384410886,101.00752608339441,155.95490861769667,54.947382534302264,1.5439929544352595,1.5439929544352595,False
fixed256_od,43,18000011,18,LL,128,1024,3272.8455384410886,3572.4261123242504,186.90687789087698,299.58057388316183,112.67369599228485,1.6028333321049204,1.6028333321049204,False
fixed256_od,43,18000012,18,LL,200,4096,3572.4261123242504,4728.793858628112,1130.6863062355314,1156.3677463038612,25.68144006832972,1.022713143271216,1.022713143271216,True
fixed256_od,43,19000007,19,LS,128,256,2051.6954116506395,2334.308489600347,48.19209238871334,282.61307794970753,234.42098556099418,5.864303954063135,5.864303954063135,False
fixed256_od,43,19000008,19,SL,64,4096,2334.308489600347,2747.6456466972295,400.5413596855101,413.3371570968825,12.795797411372405,1.0319462574886629,1.0319462574886629,True
fixed256_od,43,19000009,19,SS,80,256,2747.6456466972295,2920.031353434256,32.085964974046185,172.38570673702634,140.29974176298015,5.372620299139089,5.372620299139089,False
fixed256_od,43,19000010,19,LS,128,256,2920.031353434256,3201.467379370855,48.19209238871334,281.436025936599,233.24393354788563,5.839879780827108,5.839879780827108,False
fixed256_od,43,19000011,19,LS,200,256,3201.467379370855,3609.816028967874,72.35128428205302,408.3486495970192,335.99736531496615,5.643972372420091,5.643972372420091,False
fixed256_od,43,19000012,19,LL,128,2048,3609.816028967874,4007.3531942060426,372.6508694745985,397.53716523816865,24.88629576357016,1.0667817998081084,1.0667817998081084,True
fixed256_od,43,20000003,20,SL,64,1024,2056.40616331561,2203.5908539928464,101.00752608339441,147.18469067723663,46.17716459384222,1.4571655834409525,1.4571655834409525,True
fixed256_od,43,20000004,20,LS,160,256,2203.5908539928464,2573.8670670320253,58.92951067026337,370.27621303917886,311.3467023689155,6.283374981866688,6.283374981866688,False
fixed256_od,43,20000005,20,LL,200,1024,2573.8670670320253,3067.1602750586576,283.5436075005082,493.2932080266323,209.74960052612414,1.7397437112940315,1.7397437112940315,False
fixed256_od,43,20000006,20,LL,128,1024,3067.1602750586576,3322.4520522656567,186.90687789087698,255.2917772069991,68.3848993161221,1.3658768478067869,1.3658768478067869,True
fixed256_od,43,20000007,20,SS,32,256,3322.4520522656567,3382.9282132408957,15.979837567787547,60.476160975239054,44.496323407451506,3.784529142971267,3.784529142971267,False
fixed256_od,43,20000008,20,LL,160,2048,3382.9282132408957,3886.343708227937,458.55018171426593,503.41549498704126,44.865313272775325,1.097841665017008,1.097841665017008,True
fixed256_od,43,20000009,20,LS,128,256,3886.343708227937,4160.220202246832,48.19209238871334,273.87649401889485,225.6844016301815,5.683017284450532,5.683017284450532,False
fixed256_od,43,21000007,21,LS,160,256,2239.6303737556204,2600.2315842439393,58.92951067026337,360.6012104883189,301.6716998180555,6.119195737192556,6.119195737192556,False
fixed256_od,43,21000008,21,SS,64,256,2600.2315842439393,2731.3887682511263,26.717256165257165,131.15718400718697,104.4399278419298,4.90908135161508,4.90908135161508,False
fixed256_od,43,21000009,21,LL,160,2048,2731.3887682511263,3230.9653665531323,458.55018171426593,499.576598302006,41.02641658774007,1.089469851335278,1.089469851335278,True
fixed256_od,43,21000010,21,SS,32,256,3230.9653665531323,3297.397741439138,15.979837567787547,66.43237488600562,50.45253731821807,4.157262212722439,4.157262212722439,False
fixed256_od,43,21000011,21,SL,64,1024,3297.397741439138,3442.735751453784,101.00752608339441,145.338010014646,44.33048393125158,1.4388829788252728,1.4388829788252728,True
fixed256_od,43,21000012,21,LS,128,256,3442.735751453784,3691.671999732183,48.19209238871334,248.93624827839903,200.7441558896857,5.165499897171933,5.165499897171933,False
fixed256_od,43,21000013,21,SL,32,1024,3691.671999732183,3757.54297611033,58.057852632638046,65.87097637814713,7.813123745509088,1.1345747972276334,1.1345747972276334,True
fixed256_od,43,21000014,21,SS,32,256,3757.54297611033,3828.5863248131614,15.979837567787547,71.04334870283128,55.06351113504373,4.445811692481892,4.445811692481892,False
fixed256_od,43,21000015,21,SL,80,1024,3828.5863248131614,4023.5050525171387,122.48236916054397,194.9187277039773,72.43635854343334,1.5914023303099833,1.5914023303099833,False
fixed256_od,43,22000005,22,LS,128,256,2082.227153549249,2359.9848354255423,48.19209238871334,277.7576818762932,229.56558948757984,5.763553066671669,5.763553066671669,False
fixed256_od,43,22000006,22,SS,64,256,2359.9848354255423,2499.4078722550325,26.717256165257165,139.42303682949023,112.70578066423306,5.218463900899915,5.218463900899915,False
fixed256_od,43,22000007,22,SL,64,1024,2499.4078722550325,2648.6531098522214,101.00752608339441,149.24523759718886,48.23771151379445,1.4775655179790084,1.4775655179790084,True
fixed256_od,43,22000008,22,LL,160,1024,2648.6531098522214,3055.4895221623538,229.85653940820262,406.83641231013235,176.97987290192972,1.7699579631607996,1.7699579631607996,False
fixed256_od,43,22000009,22,LS,160,256,3055.4895221623538,3399.399980240033,58.92951067026337,343.9104580776793,284.98094740741595,5.835963240930511,5.835963240930511,False
fixed256_od,43,22000010,22,SS,80,256,3399.399980240033,3574.306103190115,32.085964974046185,174.90612295008214,142.82015797603594,5.45117228331954,5.45117228331954,False
fixed256_od,43,22000011,22,LS,200,256,3574.306103190115,3965.1936077032256,72.35128428205302,390.88750451311034,318.5362202310573,5.402633946196189,5.402633946196189,False
fixed256_od,43,22000012,22,SS,80,256,3965.1936077032256,4126.4167751871855,32.085964974046185,161.22316748395997,129.13720250991378,5.024725533870362,5.024725533870362,False
fixed256_od,43,23000005,23,LS,160,256,2021.9118619727196,2374.5365464021424,58.92951067026337,352.6246844294228,293.69517375915945,5.983838664510785,5.983838664510785,False
fixed256_od,43,23000006,23,LL,160,2048,2374.5365464021424,2867.132511328523,458.55018171426593,492.5959649263805,34.04578321211454,1.0742465810063277,1.0742465810063277,True
fixed256_od,43,23000007,23,LL,128,4096,2867.132511328523,3611.2711129473564,744.1386016188327,744.1386016188335,7.958078640513122e-13,1.0,1.000000000000001,True
fixed256_od,43,23000008,23,LS,200,256,3611.2711129473564,3984.986927405374,72.35128428205302,373.7158144580176,301.36453017596455,5.165296209547991,5.165296209547991,False
fixed256_od,43,23000009,23,LS,160,256,3984.986927405374,4337.591584854291,58.92951067026337,352.6046574489169,293.6751467786535,5.983498818137073,5.983498818137073,False
fixed256_od,43,24000009,24,LL,160,2048,2116.9226485791332,2599.0394021976635,458.55018171426593,482.1167536185303,23.56657190426438,1.0513936595034419,1.0513936595034419,True
fixed256_od,43,24000010,24,LS,200,256,2599.0394021976635,3033.1451915655302,72.35128428205302,434.1057893678667,361.75450508581366,5.9999735136083565,5.9999735136083565,False
fixed256_od,43,24000011,24,SS,32,256,3033.1451915655302,3097.794469954763,15.979837567787547,64.64927838923268,48.66944082144513,4.045678068690378,4.045678068690378,False
fixed256_od,43,24000012,24,SS,80,256,3097.794469954763,3285.7566799723418,32.085964974046185,187.96221001757885,155.87624504353266,5.858081880025065,5.858081880025065,False
fixed256_od,43,24000013,24,SL,64,4096,3285.7566799723418,3699.969941741175,400.5413596855101,414.21326176883304,13.671902083322948,1.0341335588765606,1.0341335588765606,True
fixed256_od,43,24000014,24,LS,128,256,3699.969941741175,3957.494982520269,48.19209238871334,257.52504077909407,209.33294839038072,5.343719851421243,5.343719851421243,False
fixed256_od,43,24000015,24,SL,32,1024,3957.494982520269,4024.645789831033,58.057852632638046,67.15080731076432,9.092954678126276,1.1566188597374085,1.1566188597374085,True
fixed256_od,43,25000008,25,SL,32,4096,2269.804623203189,2498.547359170236,228.74273596704626,228.74273596704734,1.0800249583553523e-12,1.0,1.0000000000000047,True
fixed256_od,43,25000009,25,LL,200,4096,2498.547359170236,3653.244923691588,1130.6863062355314,1154.697564521352,24.01125828582053,1.0212360034373837,1.0212360034373837,True
fixed256_od,43,25000010,25,LS,128,256,3653.244923691588,3908.2026088630423,48.19209238871334,254.95768517145416,206.7655927827408,5.290446472317222,5.290446472317222,False
fixed256_od,43,25000011,25,SL,80,1024,3908.2026088630423,4103.324541042529,122.48236916054397,195.12193217948652,72.63956301894255,1.5930613811342114,1.5930613811342114,False
fixed256_od,43,26000006,26,SL,32,2048,2400.8696236765304,2515.82244465353,114.952820977,114.95282097699965,-3.552713678800501e-13,1.0,0.9999999999999969,True
fixed256_od,43,26000007,26,SL,64,2048,2515.82244465353,2716.8479556176817,200.85214333740902,201.02551096415164,0.17336762674261763,1.0008631604515734,1.0008631604515734,True
fixed256_od,43,26000008,26,SS,32,256,2716.8479556176817,2781.458028914724,15.979837567787547,64.61007329704216,48.630235729254615,4.043224658759007,4.043224658759007,False
fixed256_od,43,26000009,26,LS,128,256,2781.458028914724,3098.4682643806204,48.19209238871334,317.0102354658966,268.81814307718327,6.578055024233413,6.578055024233413,False
fixed256_od,43,26000010,26,SL,80,1024,3098.4682643806204,3291.0221423608887,122.48236916054397,192.55387798026823,70.07150881972426,1.5720946557449254,1.5720946557449254,False
fixed256_od,43,26000011,26,SL,64,1024,3291.0221423608887,3435.929568592456,101.00752608339441,144.90742623156711,43.899900148172705,1.4346200907042097,1.4346200907042097,True
fixed256_od,43,26000012,26,SL,32,4096,3435.929568592456,3664.672304559503,228.74273596704626,228.74273596704734,1.0800249583553523e-12,1.0,1.0000000000000047,True
fixed256_od,43,26000013,26,LL,160,4096,3664.672304559503,4592.798588932662,915.9373744307104,928.1262843731588,12.18890994244839,1.0133075800624733,1.0133075800624733,True
fixed256_od,43,27000007,27,LS,128,256,2016.75138777606,2290.441759864019,48.19209238871334,273.69037208795885,225.4982796992455,5.6791551999941285,5.6791551999941285,False
fixed256_od,43,27000008,27,SS,80,256,2290.441759864019,2466.3921322428496,32.085964974046185,175.9503723788307,143.86440740478452,5.483717647923449,5.483717647923449,False
fixed256_od,43,27000009,27,LS,200,256,2466.3921322428496,2908.6575054083037,72.35128428205302,442.2653731654541,369.91408888340106,6.112750831641554,6.112750831641554,False
fixed256_od,43,27000010,27,LL,160,1024,2908.6575054083037,3271.6928302678225,229.85653940820262,363.0353248595188,133.1787854513162,1.5793995933037335,1.5793995933037335,False
fixed256_od,43,27000011,27,LL,200,1024,3271.6928302678225,3686.6278196143217,283.5436075005082,414.93498934649915,131.39138184599096,1.463390386417918,1.463390386417918,True
fixed256_od,43,27000012,27,SS,32,256,3686.6278196143217,3744.9147549889426,15.979837567787547,58.28693537462095,42.307097806833404,3.6475299030646493,3.6475299030646493,False
fixed256_od,43,27000013,27,LS,128,256,3744.9147549889426,4042.0771205817923,48.19209238871334,297.1623655928497,248.97027320413636,6.166205924323916,6.166205924323916,False
fixed256_od,43,28000010,28,LL,160,1024,2042.8972804939017,2447.464924994385,229.85653940820262,404.5676445004833,174.7111050922807,1.7600875987348392,1.7600875987348392,False
fixed256_od,43,28000011,28,LL,200,1024,2447.464924994385,2916.9458890723295,283.5436075005082,469.48096407794446,185.93735657743628,1.6557628232796715,1.6557628232796715,False
fixed256_od,43,28000012,28,LL,160,4096,2916.9458890723295,3845.6962329756307,915.9373744307104,928.7503439033012,12.812969472590794,1.0139889143409553,1.0139889143409553,True
fixed256_od,43,28000013,28,LL,200,2048,3845.6962329756307,4411.620535704894,565.9243027292647,565.9243027292632,-1.4779288903810084e-12,1.0,0.9999999999999973,True
fixed256_od,43,29000007,29,LL,160,4096,2125.439485244916,3079.874776066451,915.9373744307104,954.4352908215351,38.497916390824685,1.0420311666119668,1.0420311666119668,True
fixed256_od,43,29000008,29,LL,128,1024,3079.874776066451,3349.425013691438,186.90687789087698,269.55023762498695,82.64335973410996,1.4421632882999638,1.4421632882999638,True
fixed256_od,43,29000009,29,SL,64,4096,3349.425013691438,3749.9663733769485,400.5413596855101,400.54135968551054,4.547473508864641e-13,1.0,1.000000000000001,True
fixed256_od,43,29000010,29,LL,200,1024,3749.9663733769485,4200.238659458071,283.5436075005082,450.27228608112273,166.72867858061454,1.5880177657692942,1.5880177657692942,False
fixed256_od,43,30000007,30,SS,64,256,2156.147035293744,2299.590596254056,26.717256165257165,143.44356096031197,116.7263047950548,5.368948071353391,5.368948071353391,False
fixed256_od,43,30000008,30,LS,128,256,2299.590596254056,2595.67514304273,48.19209238871334,296.08454678867383,247.89245439996049,6.143840869171667,6.143840869171667,False
fixed256_od,43,30000009,30,LL,200,1024,2595.67514304273,3103.490688877017,283.5436075005082,507.81554583428715,224.27193833377896,1.7909610105859184,1.7909610105859184,False
fixed256_od,43,30000010,30,SS,64,256,3103.490688877017,3235.4659166886263,26.717256165257165,131.97522781160933,105.25797164635216,4.939699907628557,4.939699907628557,False
fixed256_od,43,30000011,30,SL,80,1024,3235.4659166886263,3430.049547146045,122.48236916054397,194.58363045741862,72.10126129687465,1.5886664488206284,1.5886664488206284,False
fixed256_od,43,30000012,30,LL,200,4096,3430.049547146045,4602.292012314635,1130.6863062355314,1172.2424651685901,41.55615893305867,1.0367530399049532,1.0367530399049532,True
fixed256_od,43,31000009,31,LS,160,256,2076.111134584134,2456.189759903119,58.92951067026337,380.0786253189849,321.14911464872154,6.4497162965715535,6.4497162965715535,False
fixed256_od,43,31000010,31,LL,200,1024,2456.189759903119,2943.1341672705717,283.5436075005082,486.94440736745264,203.40079986694445,1.7173527968412403,1.7173527968412403,False
fixed256_od,43,31000011,31,LL,160,2048,2943.1341672705717,3412.40762729532,458.55018171426593,469.27346002474815,10.723278310482215,1.0233851795029145,1.0233851795029145,True
fixed256_od,43,31000012,31,LL,160,4096,3412.40762729532,4328.345001726028,915.9373744307104,915.9373744307086,-1.8189894035458565e-12,1.0,0.999999999999998,True
