npu_id,current_request_id,current_layer,next_request_id,next_layer,current_role,next_role,cross_request,full_start_ms,full_end_ms,clipped_start_ms,clipped_end_ms,clipped_at_window_edge,clipped_duration_ms,full_next_layer_received_GiB,actual_window_received_GiB,next_layer_first_physical_receive_ms,next_layer_last_physical_receive_ms,period_mean_supply_GiB_s
0,25,7,26,0,S,S,True,1997.4956613031434,2002.9507565575082,2000.0,2002.9507565575082,True,2.950756557508157,0.0255126953125,0.0,1997.5289335155978,1998.165911665012,0.0
0,26,0,26,1,S,S,False,2002.9507565575082,2008.3800754710114,2002.9507565575082,2008.3800754710114,False,5.429318913503266,0.0255126953125,0.0255126953125,2002.9755582714572,2003.6125364208713,4.6990599960977315
0,26,1,26,2,S,S,False,2008.3800754710114,2013.8093943845147,2008.3800754710114,2013.8093943845147,False,5.429318913503266,0.0255126953125,0.0255126953125,2009.0641965771213,2009.7011747265353,4.6990599960977315
0,26,2,26,3,S,S,False,2013.8093943845147,2019.238713298018,2013.8093943845147,2019.238713298018,False,5.429318913503266,0.0255126953125,0.0255126953125,2014.5150174999728,2015.151995649387,4.6990599960977315
0,26,3,26,4,S,S,False,2019.238713298018,2024.6680322115212,2019.238713298018,2024.6680322115212,False,5.429318913503266,0.0255126953125,0.0255126953125,2019.9658384228244,2020.6028165722385,4.6990599960977315
0,26,4,26,5,S,S,False,2024.6680322115212,2030.0973511250245,2024.6680322115212,2030.0973511250245,False,5.429318913503266,0.0255126953125,0.0255126953125,2025.4208555126681,2026.0578336620822,4.6990599960977315
0,26,5,26,6,S,S,False,2030.0973511250245,2035.5266700385278,2030.0973511250245,2035.5266700385278,False,5.429318913503266,0.0255126953125,0.0255126953125,2030.7080259228244,2031.3450040722385,4.6990599960977315
0,26,6,26,7,S,S,False,2035.5266700385278,2040.955988952031,2035.5266700385278,2040.955988952031,False,5.429318913503266,0.0255126953125,0.0255126953125,2036.0487169559376,2036.6856951053517,4.6990599960977315
0,26,7,27,0,S,S,True,2040.955988952031,2046.3853078655343,2040.955988952031,2046.3853078655343,False,5.429318913503266,0.0255126953125,0.0255126953125,2041.3904561504635,2042.0274342998775,4.6990599960977315
0,27,0,27,1,S,S,False,2046.3853078655343,2052.0003949930947,2046.3853078655343,2052.0003949930947,False,5.6150871275604,0.0255126953125,0.0255126953125,2046.7363728985104,2047.3733510479244,4.543597406935439
0,27,1,27,2,S,S,False,2052.0003949930947,2057.615482120655,2052.0003949930947,2057.615482120655,False,5.6150871275604,0.0255126953125,0.0255126953125,2052.078093479565,2052.715071628979,4.543597406935439
0,27,2,27,3,S,S,False,2057.615482120655,2063.2305692482155,2057.615482120655,2063.2305692482155,False,5.6150871275604,0.0255126953125,0.0255126953125,2057.6212300762445,2058.2582082256586,4.543597406935439
0,27,3,27,4,S,S,False,2063.2305692482155,2068.845656375776,2063.2305692482155,2068.845656375776,False,5.6150871275604,0.0255126953125,0.0255126953125,2063.2357015117914,2063.8726796612054,4.543597406935439
0,27,4,27,5,S,S,False,2068.845656375776,2074.4607435033363,2068.845656375776,2074.4607435033363,False,5.6150871275604,0.0255126953125,0.0255126953125,2068.8501729473383,2069.4871510967523,4.543597406935439
0,27,5,27,6,S,S,False,2074.4607435033363,2080.0758306308967,2074.4607435033363,2080.0758306308967,False,5.6150871275604,0.0255126953125,0.0255126953125,2074.4688405498773,2075.1058186992914,4.543597406935439
0,27,6,27,7,S,S,False,2080.0758306308967,2085.690917758457,2080.0758306308967,2085.690917758457,False,5.6150871275604,0.0255126953125,0.0255126953125,2080.083311985424,2080.7202901348383,4.543597406935439
0,27,7,28,0,S,S,True,2085.690917758457,2091.3060048860175,2085.690917758457,2091.3060048860175,False,5.6150871275604,0.0255126953125,0.0255126953125,2085.697783420971,2086.334761570385,4.543597406935439
0,28,0,28,1,S,S,False,2091.3060048860175,2096.8178362502545,2091.3060048860175,2096.8178362502545,False,5.5118313642369685,0.0255126953125,0.0255126953125,2091.808106077589,2092.445084227003,4.628714782175099
0,28,1,28,2,S,S,False,2096.8178362502545,2102.3296676144914,2096.8178362502545,2102.3296676144914,False,5.5118313642369685,0.0255126953125,0.0255126953125,2097.052071496698,2097.689049646112,4.628714782175099
0,28,2,28,3,S,S,False,2102.3296676144914,2107.8414989787284,2102.3296676144914,2107.8414989787284,False,5.5118313642369685,0.0255126953125,0.0255126953125,2102.51171332785,2103.148691477264,4.628714782175099
0,28,3,28,4,S,S,False,2107.8414989787284,2113.3533303429654,2107.8414989787284,2113.3533303429654,False,5.5118313642369685,0.0255126953125,0.0255126953125,2108.0716345924984,2108.7086127419125,4.628714782175099
0,28,4,28,5,S,S,False,2113.3533303429654,2118.8651617072023,2113.3533303429654,2118.8651617072023,False,5.5118313642369685,0.0255126953125,0.0255126953125,2113.5308478493344,2114.1678259987484,4.628714782175099
0,28,5,28,6,S,S,False,2118.8651617072023,2124.3769930714393,2118.8651617072023,2124.3769930714393,False,5.5118313642369685,0.0255126953125,0.0255126953125,2119.166300119842,2119.803278269256,4.628714782175099
0,28,6,28,7,S,S,False,2124.3769930714393,2129.8888244356763,2124.3769930714393,2129.8888244356763,False,5.5118313642369685,0.0255126953125,0.0255126953125,2124.461862863983,2125.098841013397,4.628714782175099
0,28,7,29,0,S,S,True,2129.8888244356763,2135.4006557999132,2129.8888244356763,2135.4006557999132,False,5.5118313642369685,0.0255126953125,0.0255126953125,2129.8958991188656,2130.5328772682797,4.628714782175099
0,29,0,29,1,S,S,False,2135.4006557999132,2140.788749208025,2135.4006557999132,2140.788749208025,False,5.388093408111672,0.0255126953125,0.0255126953125,2135.405466379608,2136.042444529022,4.735013553048491
0,29,1,29,2,S,S,False,2140.788749208025,2146.1768426161366,2140.788749208025,2146.1768426161366,False,5.388093408111672,0.0255126953125,0.0255126953125,2140.7933447975765,2141.4303229469906,4.735013553048491
0,29,2,29,3,S,S,False,2146.1768426161366,2151.5649360242483,2146.1768426161366,2151.5649360242483,False,5.388093408111672,0.0255126953125,0.0255126953125,2146.1812232155453,2146.8182013649594,4.735013553048491
0,29,3,29,4,S,S,False,2151.5649360242483,2156.95302943236,2151.5649360242483,2156.95302943236,False,5.388093408111672,0.0255126953125,0.0255126953125,2151.5691321912404,2152.2061103406545,4.735013553048491
0,29,4,29,5,S,S,False,2156.95302943236,2162.3411228404716,2156.95302943236,2162.3411228404716,False,5.388093408111672,0.0255126953125,0.0255126953125,2156.960693959414,2157.597672108828,4.735013553048491
0,29,5,29,6,S,S,False,2162.3411228404716,2167.7292162485833,2162.3411228404716,2167.7292162485833,False,5.388093408111672,0.0255126953125,0.0255126953125,2162.348572377383,2162.985550526797,4.735013553048491
0,29,6,29,7,S,S,False,2167.7292162485833,2173.117309656695,2167.7292162485833,2173.117309656695,False,5.388093408111672,0.0255126953125,0.0255126953125,2167.7364507953516,2168.3734289447657,4.735013553048491
0,29,7,30,0,S,S,True,2173.117309656695,2178.5054030648066,2173.117309656695,2178.5054030648066,False,5.388093408111672,0.0255126953125,0.0255126953125,2173.1243292133204,2173.7613073627344,4.735013553048491
0,30,0,30,1,S,S,False,2178.5054030648066,2183.841993391155,2178.5054030648066,2183.841993391155,False,5.336590326348414,0.0255126953125,0.0255126953125,2178.512207631289,2179.149185780703,4.7807108569934345
0,30,1,30,2,S,S,False,2183.841993391155,2189.1785837175034,2183.841993391155,2189.1785837175034,False,5.336590326348414,0.0255126953125,0.0255126953125,2183.8497320453516,2184.4867101947657,4.7807108569934345
0,30,2,30,3,S,S,False,2189.1785837175034,2194.515174043852,2189.1785837175034,2194.515174043852,False,5.336590326348414,0.0255126953125,0.0255126953125,2189.183060292422,2189.820038441836,4.7807108569934345
0,30,3,30,4,S,S,False,2194.515174043852,2199.8517643702003,2194.515174043852,2199.8517643702003,False,5.336590326348414,0.0255126953125,0.0255126953125,2194.5205847064844,2195.1575628558985,4.7807108569934345
0,30,4,30,5,S,S,False,2199.8517643702003,2205.1883546965487,2199.8517643702003,2205.1883546965487,False,5.336590326348414,0.0255126953125,0.0255126953125,2199.858109120547,2200.495087269961,4.7807108569934345
0,30,5,30,6,S,S,False,2205.1883546965487,2210.524945022897,2205.1883546965487,2210.524945022897,False,5.336590326348414,0.0255126953125,0.0255126953125,2205.1956335346094,2205.8326116840235,4.7807108569934345
0,30,6,30,7,S,S,False,2210.524945022897,2215.8615353492455,2210.524945022897,2215.8615353492455,False,5.336590326348414,0.0255126953125,0.0255126953125,2210.533157948672,2211.170136098086,4.7807108569934345
0,30,7,31,0,S,S,True,2215.8615353492455,2221.198125675594,2215.8615353492455,2221.198125675594,False,5.336590326348414,0.0255126953125,0.0255126953125,2215.8664861957423,2216.5034643451563,4.7807108569934345
0,31,0,31,1,S,S,False,2221.198125675594,2226.673847762643,2221.198125675594,2226.673847762643,False,5.475722087049235,0.0255126953125,0.0255126953125,2221.2040106098048,2221.840988759219,4.659238527251174
0,31,1,31,2,S,S,False,2226.673847762643,2232.1495698496924,2226.673847762643,2232.1495698496924,False,5.475722087049235,0.0255126953125,0.0255126953125,2226.6800085346094,2227.3169866840235,4.659238527251174
0,31,2,31,3,S,S,False,2232.1495698496924,2237.6252919367416,2232.1495698496924,2237.6252919367416,False,5.475722087049235,0.0255126953125,0.0255126953125,2232.156006459414,2232.792984608828,4.659238527251174
0,31,3,31,4,S,S,False,2237.6252919367416,2243.101014023791,2237.6252919367416,2243.101014023791,False,5.475722087049235,0.0255126953125,0.0255126953125,2237.632004384219,2238.268982533633,4.659238527251174
0,31,4,31,5,S,S,False,2243.101014023791,2248.57673611084,2243.101014023791,2248.57673611084,False,5.475722087049235,0.0255126953125,0.0255126953125,2243.1080023090235,2243.7449804584376,4.659238527251174
0,31,5,31,6,S,S,False,2248.57673611084,2254.0524581978893,2248.57673611084,2254.0524581978893,False,5.475722087049235,0.0255126953125,0.0255126953125,2248.584000233828,2249.2209783832423,4.659238527251174
0,31,6,31,7,S,S,False,2254.0524581978893,2259.5281802849386,2254.0524581978893,2259.5281802849386,False,5.475722087049235,0.0255126953125,0.0255126953125,2254.059998158633,2254.696976308047,4.659238527251174
0,31,7,32,0,S,S,True,2259.5281802849386,2265.003902371988,2259.5281802849386,2265.003902371988,False,5.475722087049235,0.0255126953125,0.0255126953125,2259.5323764519308,2260.169354601345,4.659238527251174
0,32,0,32,1,S,S,False,2265.003902371988,2270.371390707397,2265.003902371988,2270.371390707397,False,5.367488335409234,0.0255126953125,0.0255126953125,2265.00809853898,2265.645076688394,4.75319063931507
0,32,1,32,2,S,S,False,2270.371390707397,2275.7388790428063,2270.371390707397,2275.7388790428063,False,5.367488335409234,0.0255126953125,0.0255126953125,2270.3755868743892,2271.0125650238033,4.75319063931507
0,32,2,32,3,S,S,False,2275.7388790428063,2281.1063673782155,2275.7388790428063,2281.1063673782155,False,5.367488335409234,0.0255126953125,0.0255126953125,2275.7466806243892,2276.3836587738033,4.75319063931507
0,32,3,32,4,S,S,False,2281.1063673782155,2286.4738557136247,2281.1063673782155,2286.4738557136247,False,5.367488335409234,0.0255126953125,0.0255126953125,2282.2213662933345,2282.8583444427486,4.75319063931507
0,32,4,32,5,S,S,False,2286.4738557136247,2291.841344049034,2286.4738557136247,2291.841344049034,False,5.367488335409234,0.0255126953125,0.0255126953125,2286.9840158294674,2287.6209939788814,4.75319063931507
0,32,5,32,6,S,S,False,2291.841344049034,2297.208832384443,2291.841344049034,2297.208832384443,False,5.367488335409234,0.0255126953125,0.0255126953125,2292.2460092376705,2292.8829873870845,4.75319063931507
0,32,6,32,7,S,S,False,2297.208832384443,2302.5763207198524,2297.208832384443,2302.5763207198524,False,5.367488335409234,0.0255126953125,0.0255126953125,2297.574806923661,2298.211785073075,4.75319063931507
0,32,7,33,0,S,S,True,2302.5763207198524,2307.9438090552617,2302.5763207198524,2307.9438090552617,False,5.367488335409234,0.0255126953125,0.0255126953125,2302.906248701832,2303.543226851246,4.75319063931507
0,33,0,33,1,S,S,False,2307.9438090552617,2313.4040605377977,2307.9438090552617,2313.4040605377977,False,5.460251482536023,0.0255126953125,0.0255126953125,2308.2376904800026,2308.8746686294166,4.672439610904256
0,33,1,33,2,S,S,False,2313.4040605377977,2318.8643120203337,2313.4040605377977,2318.8643120203337,False,5.460251482536023,0.0255126953125,0.0255126953125,2313.717109925616,2314.35408807503,4.672439610904256
0,33,2,33,3,S,S,False,2318.8643120203337,2324.3245635028698,2318.8643120203337,2324.3245635028698,False,5.460251482536023,0.0255126953125,0.0255126953125,2319.236267395719,2319.873245545133,4.672439610904256
0,33,3,33,4,S,S,False,2324.3245635028698,2329.784814985406,2324.3245635028698,2329.784814985406,False,5.460251482536023,0.0255126953125,0.0255126953125,2324.7542269904457,2325.3912051398597,4.672439610904256
0,33,4,33,5,S,S,False,2329.784814985406,2335.245066467942,2329.784814985406,2335.245066467942,False,5.460251482536023,0.0255126953125,0.0255126953125,2330.271347351774,2330.908325501188,4.672439610904256
0,33,5,33,6,S,S,False,2335.245066467942,2340.705317950478,2335.245066467942,2340.705317950478,False,5.460251482536023,0.0255126953125,0.0255126953125,2335.785110779508,2336.422088928922,4.672439610904256
0,33,6,33,7,S,S,False,2340.705317950478,2346.165569433014,2340.705317950478,2346.165569433014,False,5.460251482536023,0.0255126953125,0.0255126953125,2341.3030703742347,2341.940048523649,4.672439610904256
0,33,7,34,0,S,S,True,2346.165569433014,2351.62582091555,2346.165569433014,2351.62582091555,False,5.460251482536023,0.0255126953125,0.0255126953125,2346.170624085172,2346.8076022345863,4.672439610904256
0,34,0,34,1,S,S,False,2351.62582091555,2356.9830086346064,2351.62582091555,2356.9830086346064,False,5.357187719056583,0.0255126953125,0.0255126953125,2351.6340335090003,2352.2710116584144,4.762329910849729
0,34,1,34,2,S,S,False,2356.9830086346064,2362.340196353663,2356.9830086346064,2362.340196353663,False,5.357187719056583,0.0255126953125,0.0255126953125,2356.9883425910316,2357.6253207404457,4.762329910849729
0,34,2,34,3,S,S,False,2362.340196353663,2367.6973840727196,2362.340196353663,2367.6973840727196,False,5.357187719056583,0.0255126953125,0.0255126953125,2362.346847840055,2362.983825989469,4.762329910849729
0,34,3,34,4,S,S,False,2367.6973840727196,2373.054571791776,2367.6973840727196,2373.054571791776,False,5.357187719056583,0.0255126953125,0.0255126953125,2367.7053530890785,2368.3423312384925,4.762329910849729
0,34,4,34,5,S,S,False,2373.054571791776,2378.411759510833,2373.054571791776,2378.411759510833,False,5.357187719056583,0.0255126953125,0.0255126953125,2373.0596621711097,2373.696640320524,4.762329910849729
0,34,5,34,6,S,S,False,2378.411759510833,2383.7689472298894,2378.411759510833,2383.7689472298894,False,5.357187719056583,0.0255126953125,0.0255126953125,2378.615387268766,2379.25236541818,4.762329910849729
0,34,6,34,7,S,S,False,2383.7689472298894,2389.126134948946,2383.7689472298894,2389.126134948946,False,5.357187719056583,0.0255126953125,0.0255126953125,2384.2122348029457,2384.8492129523597,4.762329910849729
0,34,7,35,0,S,S,True,2389.126134948946,2394.4833226680025,2389.126134948946,2394.4833226680025,False,5.357187719056583,0.0255126953125,0.0255126953125,2389.1343386847816,2389.7713168341957,4.762329910849729
0,35,0,35,1,S,S,False,2394.4833226680025,2399.732431195294,2394.4833226680025,2399.732431195294,False,5.249108527291355,0.0255126953125,0.0255126953125,2394.488647766813,2395.125625916227,4.8603863265263945
0,35,1,35,2,S,S,False,2399.732431195294,2404.9815397225852,2399.732431195294,2404.9815397225852,False,5.249108527291355,0.0255126953125,0.0255126953125,2399.7380526740394,2400.3750308234535,4.8603863265263945
0,35,2,35,3,S,S,False,2404.9815397225852,2410.2306482498766,2404.9815397225852,2410.2306482498766,False,5.249108527291355,0.0255126953125,0.0255126953125,2405.3315432746253,2405.9685214240394,4.8603863265263945
0,35,3,35,4,S,S,False,2410.2306482498766,2415.479756777168,2410.2306482498766,2415.479756777168,False,5.249108527291355,0.0255126953125,0.0255126953125,2410.2368624884925,2410.8738406379066,4.8603863265263945
0,35,4,35,5,S,S,False,2415.479756777168,2420.7288653044593,2415.479756777168,2420.7288653044593,False,5.249108527291355,0.0255126953125,0.0255126953125,2415.486267395719,2416.123245545133,4.8603863265263945
0,35,5,35,6,S,S,False,2420.7288653044593,2425.9779738317507,2420.7288653044593,2425.9779738317507,False,5.249108527291355,0.0255126953125,0.0255126953125,2420.7330614714515,2421.3700396208656,4.8603863265263945
0,35,6,35,7,S,S,False,2425.9779738317507,2431.227082359042,2425.9779738317507,2431.227082359042,False,5.249108527291355,0.0255126953125,0.0255126953125,2425.982169998743,2426.619148148157,4.8603863265263945
0,35,7,36,0,S,S,True,2431.227082359042,2436.4761908863334,2431.227082359042,2436.4761908863334,False,5.249108527291355,0.0255126953125,0.0255126953125,2431.231278526034,2431.8682566754483,4.8603863265263945
0,36,0,36,1,S,S,False,2436.4761908863334,2441.8694363626196,2436.4761908863334,2441.8694363626196,False,5.393245476286211,0.0255126953125,0.0255126953125,2436.4803870533256,2437.1173652027396,4.730490281719579
0,36,1,36,2,S,S,False,2441.8694363626196,2447.262681838906,2441.8694363626196,2447.262681838906,False,5.393245476286211,0.0255126953125,0.0255126953125,2442.4854709897054,2443.1224491391195,4.730490281719579
0,36,2,36,3,S,S,False,2447.262681838906,2452.655927315192,2447.262681838906,2452.655927315192,False,5.393245476286211,0.0255126953125,0.0255126953125,2447.7474643979085,2448.3844425473226,4.730490281719579
0,36,3,36,4,S,S,False,2452.655927315192,2458.049172791478,2452.655927315192,2458.049172791478,False,5.393245476286211,0.0255126953125,0.0255126953125,2453.013653973104,2453.650632122518,4.730490281719579
0,36,4,36,5,S,S,False,2458.049172791478,2463.4424182677644,2458.049172791478,2463.4424182677644,False,5.393245476286211,0.0255126953125,0.0255126953125,2458.275647381307,2458.912625530721,4.730490281719579
0,36,5,36,6,S,S,False,2463.4424182677644,2468.8356637440506,2463.4424182677644,2468.8356637440506,False,5.393245476286211,0.0255126953125,0.0255126953125,2463.7306644711507,2464.3676426205648,4.730490281719579
0,36,6,36,7,S,S,False,2468.8356637440506,2474.228909220337,2468.8356637440506,2474.228909220337,False,5.393245476286211,0.0255126953125,0.0255126953125,2469.244427898885,2469.881406048299,4.730490281719579
0,36,7,37,0,S,S,True,2474.228909220337,2479.622154696623,2474.228909220337,2479.622154696623,False,5.393245476286211,0.0255126953125,0.0255126953125,2474.707837322713,2475.3448154721273,4.730490281719579
0,37,0,37,1,S,S,False,2479.622154696623,2485.123667524522,2479.622154696623,2485.123667524522,False,5.50151282789875,0.0255126953125,0.0255126953125,2479.9740268979085,2480.6110050473226,4.637396314541418
0,37,1,37,2,S,S,False,2485.123667524522,2490.6251803524206,2485.123667524522,2490.6251803524206,False,5.50151282789875,0.0255126953125,0.0255126953125,2485.2360203061116,2485.8729984555257,4.637396314541418
0,37,2,37,3,S,S,False,2490.6251803524206,2496.1266931803193,2490.6251803524206,2496.1266931803193,False,5.50151282789875,0.0255126953125,0.0255126953125,2490.6322910580648,2491.269269207479,4.637396314541418
0,37,3,37,4,S,S,False,2496.1266931803193,2501.628206008218,2496.1266931803193,2501.628206008218,False,5.50151282789875,0.0255126953125,0.0255126953125,2496.132626751424,2496.769604900838,4.637396314541418
0,37,4,37,5,S,S,False,2501.628206008218,2507.129718836117,2501.628206008218,2507.129718836117,False,5.50151282789875,0.0255126953125,0.0255126953125,2501.633801678182,2502.270779827596,4.637396314541418
0,37,5,37,6,S,S,False,2507.129718836117,2512.6312316640156,2507.129718836117,2512.6312316640156,False,5.50151282789875,0.0255126953125,0.0255126953125,2507.1349766049398,2507.771954754354,4.637396314541418
0,37,6,37,7,S,S,False,2512.6312316640156,2518.1327444919143,2512.6312316640156,2518.1327444919143,False,5.50151282789875,0.0255126953125,0.0255126953125,2512.6361515316976,2513.2731296811116,4.637396314541418
0,37,7,38,0,S,S,True,2518.1327444919143,2523.634257319813,2518.1327444919143,2523.634257319813,False,5.50151282789875,0.0255126953125,0.0255126953125,2518.1373264584554,2518.7743046078695,4.637396314541418
0,38,0,38,1,S,S,False,2523.634257319813,2528.9296682207323,2523.634257319813,2528.9296682207323,False,5.295410900919251,0.0255126953125,0.0255126953125,2523.638501385213,2524.2754795346273,4.8178877503294695
0,38,1,38,2,S,S,False,2528.9296682207323,2534.2250791216516,2528.9296682207323,2534.2250791216516,False,5.295410900919251,0.0255126953125,0.0255126953125,2528.934064129354,2529.571042278768,4.8178877503294695
0,38,2,38,3,S,S,False,2534.2250791216516,2539.520490022571,2534.2250791216516,2539.520490022571,False,5.295410900919251,0.0255126953125,0.0255126953125,2534.2296268734945,2534.8666050229085,4.8178877503294695
0,38,3,38,4,S,S,False,2539.520490022571,2544.81590092349,2539.520490022571,2544.81590092349,False,5.295410900919251,0.0255126953125,0.0255126953125,2539.5797397885335,2540.2167179379476,4.8178877503294695
0,38,4,38,5,S,S,False,2544.81590092349,2550.1113118244093,2544.81590092349,2550.1113118244093,False,5.295410900919251,0.0255126953125,0.0255126953125,2544.985963381433,2545.622941530847,4.8178877503294695
0,38,5,38,6,S,S,False,2550.1113118244093,2555.4067227253286,2550.1113118244093,2555.4067227253286,False,5.295410900919251,0.0255126953125,0.0255126953125,2550.3950290511084,2551.0320072005225,4.8178877503294695
0,38,6,38,7,S,S,False,2555.4067227253286,2560.702133626248,2555.4067227253286,2560.702133626248,False,5.295410900919251,0.0255126953125,0.0255126953125,2555.803888304038,2556.440866453452,4.8178877503294695
0,38,7,39,0,S,S,True,2560.702133626248,2565.997544527167,2560.702133626248,2565.997544527167,False,5.295410900919251,0.0255126953125,0.0255126953125,2561.4267520735693,2562.0637302229834,4.8178877503294695
0,39,0,39,1,S,S,False,2565.997544527167,2571.442328285188,2565.997544527167,2571.442328285188,False,5.4447837580210035,0.0255126953125,0.0255126953125,2566.4201907942725,2567.0571689436865,4.685713234233752
0,39,1,39,2,S,S,False,2571.442328285188,2576.887112043209,2571.442328285188,2576.887112043209,False,5.4447837580210035,0.0255126953125,0.0255126953125,2572.051446897788,2572.688425047202,4.685713234233752
0,39,2,39,3,S,S,False,2576.887112043209,2582.33189580123,2576.887112043209,2582.33189580123,False,5.4447837580210035,0.0255126953125,0.0255126953125,2577.485483152671,2578.122461302085,4.685713234233752
0,39,3,39,4,S,S,False,2582.33189580123,2587.776679559251,2582.33189580123,2587.776679559251,False,5.4447837580210035,0.0255126953125,0.0255126953125,2582.9195194075537,2583.5564975569678,4.685713234233752
0,39,4,39,5,S,S,False,2587.776679559251,2593.221463317272,2587.776679559251,2593.221463317272,False,5.4447837580210035,0.0255126953125,0.0255126953125,2588.361947996421,2588.998926145835,4.685713234233752
0,39,5,39,6,S,S,False,2593.221463317272,2598.666247075293,2593.221463317272,2598.666247075293,False,5.4447837580210035,0.0255126953125,0.0255126953125,2593.7875919173193,2594.4245700667334,4.685713234233752
0,39,6,39,7,S,S,False,2598.666247075293,2604.111030833314,2598.666247075293,2604.111030833314,False,5.4447837580210035,0.0255126953125,0.0255126953125,2599.2196323512817,2599.8566105006958,4.685713234233752
0,39,7,40,0,S,S,True,2604.111030833314,2609.555814591335,2604.111030833314,2609.555814591335,False,5.4447837580210035,0.0255126953125,0.0255126953125,2604.654105892958,2605.291084042372,4.685713234233752
0,40,0,40,1,S,S,False,2609.555814591335,2615.160570382568,2609.555814591335,2615.160570382568,False,5.604755791232947,0.0255126953125,0.0255126953125,2610.0914676056755,2610.7284457550895,4.551972692977523
0,40,1,40,2,S,S,False,2615.160570382568,2620.765326173801,2615.160570382568,2620.765326173801,False,5.604755791232947,0.0255126953125,0.0255126953125,2615.5255038605583,2616.1624820099723,4.551972692977523
0,40,2,40,3,S,S,False,2620.765326173801,2626.370081965034,2620.765326173801,2626.370081965034,False,5.604755791232947,0.0255126953125,0.0255126953125,2621.131582962121,2621.768561111535,4.551972692977523
0,40,3,40,4,S,S,False,2626.370081965034,2631.974837756267,2626.370081965034,2631.974837756267,False,5.604755791232947,0.0255126953125,0.0255126953125,2626.733465896691,2627.370444046105,4.551972692977523
0,40,4,40,5,S,S,False,2631.974837756267,2637.5795935475,2631.974837756267,2637.5795935475,False,5.604755791232947,0.0255126953125,0.0255126953125,2632.3395449982536,2632.9765231476676,4.551972692977523
0,40,5,40,6,S,S,False,2637.5795935475,2643.1843493387328,2637.5795935475,2643.1843493387328,False,5.604755791232947,0.0255126953125,0.0255126953125,2637.945624099816,2638.58260224923,4.551972692977523
0,40,6,40,7,S,S,False,2643.1843493387328,2648.7891051299657,2643.1843493387328,2648.7891051299657,False,5.604755791232947,0.0255126953125,0.0255126953125,2643.546831932475,2644.183810081889,4.551972692977523
0,40,7,41,0,S,S,True,2648.7891051299657,2654.3938609211987,2648.7891051299657,2654.3938609211987,False,5.604755791232947,0.0255126953125,0.0255126953125,2649.151587723708,2649.788565873122,4.551972692977523
0,41,0,41,1,S,S,False,2654.3938609211987,2659.797411493834,2654.3938609211987,2659.797411493834,False,5.40355057263514,0.0255126953125,0.0255126953125,2654.756343514941,2655.393321664355,4.72146877678953
0,41,1,41,2,S,S,False,2659.797411493834,2665.200962066469,2659.797411493834,2665.200962066469,False,5.40355057263514,0.0255126953125,0.0255126953125,2660.361099306174,2660.998077455588,4.72146877678953
0,41,2,41,3,S,S,False,2665.200962066469,2670.604512639104,2665.200962066469,2670.604512639104,False,5.40355057263514,0.0255126953125,0.0255126953125,2665.772174348719,2666.409152498133,4.72146877678953
0,41,3,41,4,S,S,False,2670.604512639104,2676.008063211739,2670.604512639104,2676.008063211739,False,5.40355057263514,0.0255126953125,0.0255126953125,2671.7517123125863,2672.3886904620003,4.72146877678953
0,41,4,41,5,S,S,False,2676.008063211739,2681.4116137843744,2676.008063211739,2681.4116137843744,False,5.40355057263514,0.0255126953125,0.0255126953125,2677.227710237391,2677.864688386805,4.72146877678953
0,41,5,41,6,S,S,False,2681.4116137843744,2686.8151643570095,2681.4116137843744,2686.8151643570095,False,5.40355057263514,0.0255126953125,0.0255126953125,2681.998752107508,2682.635730256922,4.72146877678953
0,41,6,41,7,S,S,False,2686.8151643570095,2692.2187149296446,2686.8151643570095,2692.2187149296446,False,5.40355057263514,0.0255126953125,0.0255126953125,2687.407611360438,2688.044589509852,4.72146877678953
0,41,7,42,0,S,S,True,2692.2187149296446,2697.62226550228,2692.2187149296446,2697.62226550228,False,5.40355057263514,0.0255126953125,0.0255126953125,2692.8164706133675,2693.4534487627816,4.72146877678953
0,42,0,42,1,S,S,False,2697.62226550228,2702.8816612059345,2697.62226550228,2702.8816612059345,False,5.259395703654718,0.0255126953125,0.0255126953125,2698.225329866297,2698.8623080157113,4.850879597207603
0,42,1,42,2,S,S,False,2702.8816612059345,2708.141056909589,2702.8816612059345,2708.141056909589,False,5.259395703654718,0.0255126953125,0.0255126953125,2702.8872713946175,2703.5242495440316,4.850879597207603
0,42,2,42,3,S,S,False,2708.141056909589,2713.400452613244,2708.141056909589,2713.400452613244,False,5.259395703654718,0.0255126953125,0.0255126953125,2708.1452530765814,2708.7822312259955,4.850879597207603
0,42,3,42,4,S,S,False,2713.400452613244,2718.6598483168987,2713.400452613244,2718.6598483168987,False,5.259395703654718,0.0255126953125,0.0255126953125,2713.4072464847845,2714.0442246341986,4.850879597207603
0,42,4,42,5,S,S,False,2718.6598483168987,2723.9192440205534,2718.6598483168987,2723.9192440205534,False,5.259395703654718,0.0255126953125,0.0255126953125,2718.6650437259955,2719.3020218754095,4.850879597207603
0,42,5,42,6,S,S,False,2723.9192440205534,2729.178639724208,2723.9192440205534,2729.178639724208,False,5.259395703654718,0.0255126953125,0.0255126953125,2723.9270371341986,2724.5640152836127,4.850879597207603
0,42,6,42,7,S,S,False,2729.178639724208,2734.438035427863,2729.178639724208,2734.438035427863,False,5.259395703654718,0.0255126953125,0.0255126953125,2729.1848343754095,2729.8218125248236,4.850879597207603
0,42,7,43,0,S,S,True,2734.438035427863,2739.6974311315175,2734.438035427863,2739.6974311315175,False,5.259395703654718,0.0255126953125,0.0255126953125,2734.4426316166205,2735.0796097660345,4.850879597207603
0,43,0,43,1,S,S,False,2739.6974311315175,2745.0082819169743,2739.6974311315175,2745.0082819169743,False,5.310850785456751,0.0255126953125,0.0255126953125,2739.7046250248236,2740.3416031742377,4.803881024555245
0,43,1,43,2,S,S,False,2745.0082819169743,2750.319132702431,2745.0082819169743,2750.319132702431,False,5.310850785456751,0.0255126953125,0.0255126953125,2745.0966996097845,2745.7336777591986,4.803881024555245
0,43,2,43,3,S,S,False,2750.319132702431,2755.629983487888,2750.319132702431,2755.629983487888,False,5.310850785456751,0.0255126953125,0.0255126953125,2750.6062668705267,2751.243245019941,4.803881024555245
0,43,3,43,4,S,S,False,2755.629983487888,2760.9408342733445,2755.629983487888,2760.9408342733445,False,5.310850785456751,0.0255126953125,0.0255126953125,2756.1116379642767,2756.748616113691,4.803881024555245
0,43,4,43,5,S,S,False,2760.9408342733445,2766.2516850588013,2760.9408342733445,2766.2516850588013,False,5.310850785456751,0.0255126953125,0.0255126953125,2760.9456223392767,2761.582600488691,4.803881024555245
0,43,5,43,6,S,S,False,2766.2516850588013,2771.562535844258,2766.2516850588013,2771.562535844258,False,5.310850785456751,0.0255126953125,0.0255126953125,2766.257969751386,2766.8949479008,4.803881024555245
0,43,6,43,7,S,S,False,2771.562535844258,2776.873386629715,2771.562535844258,2776.873386629715,False,5.310850785456751,0.0255126953125,0.0255126953125,2771.569477930097,2772.206456079511,4.803881024555245
0,43,7,44,0,S,S,True,2776.873386629715,2782.1842374151715,2776.873386629715,2782.1842374151715,False,5.310850785456751,0.0255126953125,0.0255126953125,2776.877582796707,2777.514560946121,4.803881024555245
0,44,0,44,1,S,S,False,2782.1842374151715,2787.7063885957455,2782.1842374151715,2787.7063885957455,False,5.522151180573928,0.0255126953125,0.0255126953125,2782.1899302088163,2782.8269083582304,4.620064623049385
0,44,1,44,2,S,S,False,2787.7063885957455,2793.2285397763194,2787.7063885957455,2793.2285397763194,False,5.522151180573928,0.0255126953125,0.0255126953125,2787.712085970535,2788.349064119949,4.620064623049385
0,44,2,44,3,S,S,False,2793.2285397763194,2798.7506909568933,2793.2285397763194,2798.7506909568933,False,5.522151180573928,0.0255126953125,0.0255126953125,2793.234241732254,2793.871219881668,4.620064623049385
0,44,3,44,4,S,S,False,2798.7506909568933,2804.2728421374673,2798.7506909568933,2804.2728421374673,False,5.522151180573928,0.0255126953125,0.0255126953125,2799.32707620491,2800.0186045252226,4.620064623049385
0,44,4,44,5,S,S,False,2804.2728421374673,2809.794993318041,2804.2728421374673,2809.794993318041,False,5.522151180573928,0.0255126953125,0.0255126953125,2804.6897776209257,2805.32675577034,4.620064623049385
0,44,5,44,6,S,S,False,2809.794993318041,2815.317144498615,2809.794993318041,2815.317144498615,False,5.522151180573928,0.0255126953125,0.0255126953125,2810.002125033035,2810.639103182449,4.620064623049385
0,44,6,44,7,S,S,False,2815.317144498615,2820.839295679189,2815.317144498615,2820.839295679189,False,5.522151180573928,0.0255126953125,0.0255126953125,2815.3213406656073,2815.9583188150214,4.620064623049385
0,44,7,45,0,S,S,True,2820.839295679189,2826.361446859763,2820.839295679189,2826.361446859763,False,5.522151180573928,0.0255126953125,0.0255126953125,2820.843491846181,2821.4804699955953,4.620064623049385
0,45,0,45,1,S,S,False,2826.361446859763,2831.9352163220065,2826.361446859763,2831.9352163220065,False,5.57376946224349,0.0255126953125,0.0255126953125,2826.366422886697,2827.003401036111,4.577278533911756
0,45,1,45,2,S,S,False,2831.9352163220065,2837.50898578425,2831.9352163220065,2837.50898578425,False,5.57376946224349,0.0255126953125,0.0255126953125,2831.943128819314,2832.580106968728,4.577278533911756
0,45,2,45,3,S,S,False,2837.50898578425,2843.0827552464934,2837.50898578425,2843.0827552464934,False,5.57376946224349,0.0255126953125,0.0255126953125,2837.515638584939,2838.152616734353,4.577278533911756
0,45,3,45,4,S,S,False,2843.0827552464934,2848.656524708737,2843.0827552464934,2848.656524708737,False,5.57376946224349,0.0255126953125,0.0255126953125,2843.088148350564,2843.725126499978,4.577278533911756
0,45,4,45,5,S,S,False,2848.656524708737,2854.2302941709804,2848.656524708737,2854.2302941709804,False,5.57376946224349,0.0255126953125,0.0255126953125,2848.6648542831813,2849.3018324325953,4.577278533911756
0,45,5,45,6,S,S,False,2854.2302941709804,2859.804063633224,2854.2302941709804,2859.804063633224,False,5.57376946224349,0.0255126953125,0.0255126953125,2854.2373640488063,2854.8743421982203,4.577278533911756
0,45,6,45,7,S,S,False,2859.804063633224,2865.3778330954674,2859.804063633224,2865.3778330954674,False,5.57376946224349,0.0255126953125,0.0255126953125,2860.3092176865016,2860.9461958359157,4.577278533911756
0,45,7,46,0,S,S,True,2865.3778330954674,2870.951602557711,2865.3778330954674,2870.951602557711,False,5.57376946224349,0.0255126953125,0.0255126953125,2865.5921919296657,2866.2291700790797,4.577278533911756
0,46,0,46,1,S,S,False,2870.951602557711,2876.2727481995253,2870.951602557711,2876.2727481995253,False,5.3211456418143825,0.0255126953125,0.0255126953125,2870.9590895126735,2871.5960676620875,4.794586923540921
0,46,1,46,2,S,S,False,2876.2727481995253,2881.5938938413396,2876.2727481995253,2881.5938938413396,False,5.3211456418143825,0.0255126953125,0.0255126953125,2876.5193747576827,2877.156352907097,4.794586923540921
0,46,2,46,3,S,S,False,2881.5938938413396,2886.915039483154,2881.5938938413396,2886.915039483154,False,5.3211456418143825,0.0255126953125,0.0255126953125,2882.170631642382,2882.807609791796,4.794586923540921
0,46,3,46,4,S,S,False,2886.915039483154,2892.2361851249684,2886.915039483154,2892.2361851249684,False,5.3211456418143825,0.0255126953125,0.0255126953125,2886.920692677538,2887.5576708269523,4.794586923540921
0,46,4,46,5,S,S,False,2892.2361851249684,2897.557330766783,2892.2361851249684,2897.557330766783,False,5.3211456418143825,0.0255126953125,0.0255126953125,2892.6106951189445,2893.2476732683585,4.794586923540921
0,46,5,46,6,S,S,False,2897.557330766783,2902.878476408597,2897.557330766783,2902.878476408597,False,5.3211456418143825,0.0255126953125,0.0255126953125,2897.5621721697257,2898.19915031914,4.794586923540921
0,46,6,46,7,S,S,False,2902.878476408597,2908.1996220504116,2902.878476408597,2908.1996220504116,False,5.3211456418143825,0.0255126953125,0.0255126953125,2902.8829119158195,2903.5198900652335,4.794586923540921
0,46,7,47,0,S,L,True,2908.1996220504116,2929.21721672539,2908.1996220504116,2929.21721672539,False,21.017594674978227,0.2663726806640625,0.2663726806640625,2918.7318346453117,2929.21721672539,12.673794731667526
0,47,0,47,1,L,L,False,2929.21721672539,2986.6864230985752,2929.21721672539,2986.6864230985752,False,57.46920637318544,0.2663726806640625,0.2663726806640625,2929.221412892382,2938.431160206835,4.635050620576332
0,47,1,47,2,L,L,False,2986.6864230985752,3044.1556294717607,2986.6864230985752,3044.1556294717607,False,57.46920637318544,0.2663726806640625,0.2663726806640625,2986.6906192655674,2997.813818728458,4.635050620576332
0,47,2,47,3,L,L,False,3044.1556294717607,3101.624835844946,3044.1556294717607,3101.624835844946,False,57.46920637318544,0.2663726806640625,0.2663726806640625,3052.4403598661534,3061.6501071806065,4.635050620576332
0,47,3,47,4,L,L,False,3101.624835844946,3159.0940422181316,3101.624835844946,3159.0940422181316,False,57.46920637318544,0.2663726806640625,0.2663726806640625,3103.8769748563877,3113.086722170841,4.635050620576332
0,47,4,47,5,L,L,False,3159.0940422181316,3216.563248591317,3159.0940422181316,3216.563248591317,False,57.46920637318544,0.2663726806640625,0.2663726806640625,3166.7187717313877,3175.2907016630284,4.635050620576332
0,47,5,47,6,L,L,False,3216.563248591317,3274.0324549645024,3216.563248591317,3274.0324549645024,False,57.46920637318544,0.2663726806640625,0.2663726806640625,3216.567444758309,3224.5015573071373,4.635050620576332
0,47,6,47,7,L,L,False,3274.0324549645024,3331.501661337688,3274.0324549645024,3331.501661337688,False,57.46920637318544,0.2663726806640625,0.2663726806640625,3274.0366511314946,3283.2463984459478,4.635050620576332
0,47,7,48,0,L,S,True,3331.501661337688,3388.9708677108733,3331.501661337688,3388.9708677108733,False,57.46920637318544,0.0255126953125,0.0255126953125,3331.9923660776335,3332.6293442270476,0.4439367954175189
0,48,0,48,1,S,S,False,3388.9708677108733,3394.3435068344584,3388.9708677108733,3394.3435068344584,False,5.3726391235850315,0.0255126953125,0.0255126953125,3388.9750638778655,3389.6120420272796,4.748633720903257
0,48,1,48,2,S,S,False,3394.3435068344584,3399.7161459580434,3394.3435068344584,3399.7161459580434,False,5.3726391235850315,0.0255126953125,0.0255126953125,3394.3477030014506,3394.9846811508646,4.748633720903257
0,48,2,48,3,S,S,False,3399.7161459580434,3405.0887850816284,3399.7161459580434,3405.0887850816284,False,5.3726391235850315,0.0255126953125,0.0255126953125,3399.9160166000834,3400.5529947494974,4.748633720903257
0,48,3,48,4,S,S,False,3405.0887850816284,3410.4614242052135,3405.0887850816284,3410.4614242052135,False,5.3726391235850315,0.0255126953125,0.0255126953125,3405.4927225327006,3406.1297006821146,4.748633720903257
0,48,4,48,5,S,S,False,3410.4614242052135,3415.8340633287985,3410.4614242052135,3415.8340633287985,False,5.3726391235850315,0.0255126953125,0.0255126953125,3411.2870679083276,3411.9240460577416,4.748633720903257
0,48,5,48,6,S,S,False,3415.8340633287985,3421.2067024523835,3415.8340633287985,3421.2067024523835,False,5.3726391235850315,0.0255126953125,0.0255126953125,3416.0958752813744,3416.7328534307885,4.748633720903257
0,48,6,48,7,S,S,False,3421.2067024523835,3426.5793415759686,3421.2067024523835,3426.5793415759686,False,5.3726391235850315,0.0255126953125,0.0255126953125,3421.7150343907642,3422.3520125401783,4.748633720903257
0,48,7,49,0,S,S,True,3426.5793415759686,3431.9519806995536,3426.5793415759686,3431.9519806995536,False,5.3726391235850315,0.0255126953125,0.0255126953125,3426.5835377429607,3427.220515892375,4.748633720903257
0,49,0,49,1,S,S,False,3431.9519806995536,3437.38645424123,3431.9519806995536,3437.38645424123,False,5.434473541676198,0.0255126953125,0.0255126953125,3431.957417379059,3432.594395528473,4.694602911735019
0,49,1,49,2,S,S,False,3437.38645424123,3442.820927782906,3437.38645424123,3442.820927782906,False,5.434473541676198,0.0255126953125,0.0255126953125,3437.3914536339416,3438.0284317833557,4.694602911735019
0,49,2,49,3,S,S,False,3442.820927782906,3448.255401324582,3442.820927782906,3448.255401324582,False,5.434473541676198,0.0255126953125,0.0255126953125,3442.825123949898,3443.4621020993122,4.694602911735019
0,49,3,49,4,S,S,False,3448.255401324582,3453.6898748662584,3448.255401324582,3453.6898748662584,False,5.434473541676198,0.0255126953125,0.0255126953125,3448.2595974915744,3448.8965756409884,4.694602911735019
0,49,4,49,5,S,S,False,3453.6898748662584,3459.1243484079346,3453.6898748662584,3459.1243484079346,False,5.434473541676198,0.0255126953125,0.0255126953125,3453.6940710332506,3454.3310491826646,4.694602911735019
0,49,5,49,6,S,S,False,3459.1243484079346,3464.558821949611,3459.1243484079346,3464.558821949611,False,5.434473541676198,0.0255126953125,0.0255126953125,3459.1285445749268,3459.765522724341,4.694602911735019
0,49,6,49,7,S,S,False,3464.558821949611,3469.993295491287,3464.558821949611,3469.993295491287,False,5.434473541676198,0.0255126953125,0.0255126953125,3464.563018116603,3465.199996266017,4.694602911735019
0,49,7,50,0,S,S,True,3469.993295491287,3475.427769032963,3469.993295491287,3475.427769032963,False,5.434473541676198,0.0255126953125,0.0255126953125,3470.001250538478,3470.638228687892,4.694602911735019
0,50,0,50,1,S,S,False,3475.427769032963,3480.965402338041,3475.427769032963,3480.965402338041,False,5.537633305077634,0.0255126953125,0.0255126953125,3476.0143578382826,3476.6513359876967,4.607147838609428
0,50,1,50,2,S,S,False,3480.965402338041,3486.5030356431184,3480.965402338041,3486.5030356431184,False,5.537633305077634,0.0255126953125,0.0255126953125,3482.0106804701186,3482.6476586195326,4.607147838609428
0,50,2,50,3,S,S,False,3486.5030356431184,3492.040668948196,3486.5030356431184,3492.040668948196,False,5.537633305077634,0.0255126953125,0.0255126953125,3487.3653362536315,3488.0023144030456,4.607147838609428
0,50,3,50,4,S,S,False,3492.040668948196,3497.5783022532737,3492.040668948196,3497.5783022532737,False,5.537633305077634,0.0255126953125,0.0255126953125,3492.723841502655,3493.360819652069,4.607147838609428
0,50,4,50,5,S,S,False,3497.5783022532737,3503.1159355583513,3497.5783022532737,3503.1159355583513,False,5.537633305077634,0.0255126953125,0.0255126953125,3498.0823467516784,3498.7193249010925,4.607147838609428
0,50,5,50,6,S,S,False,3503.1159355583513,3508.653568863429,3503.1159355583513,3508.653568863429,False,5.537633305077634,0.0255126953125,0.0255126953125,3503.440852000702,3504.077830150116,4.607147838609428
0,50,6,50,7,S,S,False,3508.653568863429,3514.1912021685066,3508.653568863429,3514.1912021685066,False,5.537633305077634,0.0255126953125,0.0255126953125,3508.797116192807,3509.434094342221,4.607147838609428
0,50,7,51,0,S,L,True,3514.1912021685066,3532.613720807065,3514.1912021685066,3532.613720807065,False,18.42251863855836,0.2663726806640625,0.2663726806640625,3520.852703961362,3532.613720807065,14.459080535630132
0,51,0,51,1,L,L,False,3532.613720807065,3589.73558098907,3532.613720807065,3589.73558098907,False,57.12186018200509,0.2663726806640625,0.2663726806640625,3558.6895417299165,3567.261471661557,4.663235402616965
0,51,1,51,2,L,L,False,3589.73558098907,3646.857441171075,3589.73558098907,3646.857441171075,False,57.12186018200509,0.2663726806640625,0.2663726806640625,3598.0865143861665,3608.5718964662447,4.663235402616965
0,51,2,51,3,L,L,False,3646.857441171075,3703.9793013530802,3646.857441171075,3703.9793013530802,False,57.12186018200509,0.2663726806640625,0.2663726806640625,3658.814721298821,3672.4891902929617,4.663235402616965
0,51,3,51,4,L,L,False,3703.9793013530802,3761.1011615350853,3703.9793013530802,3761.1011615350853,False,57.12186018200509,0.2663726806640625,0.2663726806640625,3725.9635753522693,3735.811140049535,4.663235402616965
0,51,4,51,5,L,L,False,3761.1011615350853,3818.2230217170904,3761.1011615350853,3818.2230217170904,False,57.12186018200509,0.2663726806640625,0.2663726806640625,3776.4812297712147,3786.966611851293,4.663235402616965
0,51,5,51,6,L,L,False,3818.2230217170904,3875.3448818990955,3818.2230217170904,3875.3448818990955,False,57.12186018200509,0.2663726806640625,0.2663726806640625,3845.9531608403104,3853.249456006326,4.663235402616965
0,51,6,51,7,L,L,False,3875.3448818990955,3932.4667420811006,3875.3448818990955,3932.4667420811006,False,57.12186018200509,0.2663726806640625,0.2663726806640625,3898.308736401834,3904.967214185037,4.663235402616965
0,51,7,52,0,L,S,True,3932.4667420811006,3989.5886022631057,3932.4667420811006,3989.5886022631057,False,57.12186018200509,0.0255126953125,0.0255126953125,3932.4739280522244,3933.1109062016385,0.44663628304837977
0,52,0,52,1,S,S,False,3989.5886022631057,3995.229523331481,3989.5886022631057,3995.229523331481,False,5.640921068375064,0.0255126953125,0.0255126953125,3989.5945209575925,3990.2314991070066,4.5227889210386065
0,52,1,52,2,S,S,False,3995.229523331481,4000.870444399856,3995.229523331481,4000.0,True,4.770476668519223,0.0255126953125,0.0255126953125,3995.2341693950925,3995.8711475445066,5.34803900852517
1,1000035,4,1000035,5,S,S,False,1996.8830015336769,2002.3329408798697,2000.0,2002.3329408798697,True,2.3329408798697386,0.0255126953125,0.0,1996.8911161327853,1997.5280942821994,0.0
1,1000035,5,1000035,6,S,S,False,2002.3329408798697,2007.7828802260626,2002.3329408798697,2007.7828802260626,False,5.449939346192878,0.0255126953125,0.0255126953125,2002.3377408886447,2002.9747190380588,4.681280596328509
1,1000035,6,1000035,7,S,S,False,2007.7828802260626,2013.2328195722555,2007.7828802260626,2013.2328195722555,False,5.449939346192878,0.0255126953125,0.0255126953125,2007.7885618114963,2008.4255399609103,4.681280596328509
1,1000035,7,1000036,0,S,S,True,2013.2328195722555,2018.6827589184484,2013.2328195722555,2018.6827589184484,False,5.449939346192878,0.0255126953125,0.0255126953125,2013.2393827343478,2013.876360883762,4.681280596328509
1,1000036,0,1000036,1,S,S,False,2018.6827589184484,2024.1378541728131,2018.6827589184484,2024.1378541728131,False,5.455095254364778,0.0255126953125,0.0255126953125,2018.6902036571994,2019.3271818066135,4.676856062611659
1,1000036,1,1000036,2,S,S,False,2024.1378541728131,2029.592949427178,2024.1378541728131,2029.592949427178,False,5.455095254364778,0.0255126953125,0.0255126953125,2024.1452207470431,2025.2437772655978,4.676856062611659
1,1000036,2,1000036,3,S,S,False,2029.592949427178,2035.0480446815427,2029.592949427178,2035.0480446815427,False,5.455095254364778,0.0255126953125,0.0255126953125,2030.070208540012,2030.707186689426,4.676856062611659
1,1000036,3,1000036,4,S,S,False,2035.0480446815427,2040.5031399359075,2035.0480446815427,2040.5031399359075,False,5.455095254364778,0.0255126953125,0.0255126953125,2035.410899573125,2036.0478777225392,4.676856062611659
1,1000036,4,1000036,5,S,S,False,2040.5031399359075,2045.9582351902723,2040.5031399359075,2045.9582351902723,False,5.455095254364778,0.0255126953125,0.0255126953125,2040.752638767651,2041.389616917065,4.676856062611659
1,1000036,5,1000036,6,S,S,False,2045.9582351902723,2051.413330444637,2045.9582351902723,2051.413330444637,False,5.455095254364551,0.0255126953125,0.0255126953125,2046.0985555156979,2046.735533665112,4.676856062611853
1,1000036,6,1000036,7,S,S,False,2051.413330444637,2056.8684256990014,2051.413330444637,2056.8684256990014,False,5.455095254364551,0.0255126953125,0.0255126953125,2051.4402760967523,2052.0772542461664,4.676856062611853
1,1000036,7,1000037,0,S,S,True,2056.8684256990014,2062.323520953366,2056.8684256990014,2062.323520953366,False,5.455095254364551,0.0255126953125,0.0255126953125,2056.874312351635,2057.511290501049,4.676856062611853
1,1000037,0,1000037,1,S,S,False,2062.323520953366,2067.8818015711113,2062.323520953366,2067.8818015711113,False,5.558280617745368,0.0255126953125,0.0255126953125,2062.329329441479,2062.966307590893,4.590033693341816
1,1000037,1,1000037,2,S,S,False,2067.8818015711113,2073.4400821888566,2067.8818015711113,2073.4400821888566,False,5.558280617745368,0.0255126953125,0.0255126953125,2067.8892507061273,2068.5262288555414,4.590033693341816
1,1000037,2,1000037,3,S,S,False,2073.4400821888566,2078.998362806602,2073.4400821888566,2078.998362806602,False,5.558280617745368,0.0255126953125,0.0255126953125,2073.4449758037836,2074.0819539531976,4.590033693341816
1,1000037,3,1000037,4,S,S,False,2078.998362806602,2084.5566434243474,2078.998362806602,2084.5566434243474,False,5.558280617745368,0.0255126953125,0.0255126953125,2079.004897068432,2079.641875217846,4.590033693341816
1,1000037,4,1000037,5,S,S,False,2084.5566434243474,2090.1149240420928,2084.5566434243474,2090.1149240420928,False,5.558280617745368,0.0255126953125,0.0255126953125,2084.5648183330804,2085.2017964824945,4.590033693341816
1,1000037,5,1000037,6,S,S,False,2090.1149240420928,2095.673204659838,2090.1149240420928,2095.673204659838,False,5.558280617745368,0.0255126953125,0.0255126953125,2090.1205434307367,2090.7575215801508,4.590033693341816
1,1000037,6,1000037,7,S,S,False,2095.673204659838,2101.2314852775835,2095.673204659838,2101.2314852775835,False,5.558280617745368,0.0255126953125,0.0255126953125,2095.6774008268303,2096.3143789762444,4.590033693341816
1,1000037,7,1000038,0,S,S,True,2101.2314852775835,2106.789765895329,2101.2314852775835,2106.789765895329,False,5.558280617745368,0.0255126953125,0.0255126953125,2101.236078562225,2101.873056711639,4.590033693341816
1,1000038,0,1000038,1,S,S,False,2106.789765895329,2112.213930500659,2106.789765895329,2112.213930500659,False,5.424164605330134,0.0255126953125,0.0255126953125,2106.7959998268734,2107.4329779762875,4.703525274183158
1,1000038,1,1000038,2,S,S,False,2112.213930500659,2117.638095105989,2112.213930500659,2117.638095105989,False,5.424164605330134,0.0255126953125,0.0255126953125,2112.893030466522,2113.530008615936,4.703525274183158
1,1000038,2,1000038,3,S,S,False,2117.638095105989,2123.0622597113193,2117.638095105989,2123.0622597113193,False,5.424164605330134,0.0255126953125,0.0255126953125,2118.5284827370297,2119.1654608864437,4.703525274183158
1,1000038,3,1000038,4,S,S,False,2123.0622597113193,2128.4864243166494,2123.0622597113193,2128.4864243166494,False,5.424164605330134,0.0255126953125,0.0255126953125,2123.8240454811703,2124.4610236305844,4.703525274183158
1,1000038,4,1000038,5,S,S,False,2128.4864243166494,2133.9105889219795,2128.4864243166494,2133.9105889219795,False,5.424164605330134,0.0255126953125,0.0255126953125,2129.119608225311,2129.756586374725,4.703525274183158
1,1000038,5,1000038,6,S,S,False,2133.9105889219795,2139.3347535273097,2133.9105889219795,2139.3347535273097,False,5.424164605330134,0.0255126953125,0.0255126953125,2134.398386301483,2135.035364450897,4.703525274183158
1,1000038,6,1000038,7,S,S,False,2139.3347535273097,2144.75891813264,2139.3347535273097,2144.75891813264,False,5.424164605330134,0.0255126953125,0.0255126953125,2139.710733713592,2140.347711863006,4.703525274183158
1,1000038,7,1000039,0,S,S,True,2144.75891813264,2150.18308273797,2144.75891813264,2150.18308273797,False,5.424164605330134,0.0255126953125,0.0255126953125,2145.006296457733,2145.643274607147,4.703525274183158
1,1000039,0,1000039,1,S,S,False,2150.18308273797,2155.596939686953,2150.18308273797,2155.596939686953,False,5.413856948983266,0.0255126953125,0.0255126953125,2150.299385844837,2150.936363994251,4.712480501962901
1,1000039,1,1000039,2,S,S,False,2155.596939686953,2161.0107966359365,2155.596939686953,2161.0107966359365,False,5.413856948983266,0.0255126953125,0.0255126953125,2155.6011358539454,2156.2381140033594,4.712480501962901
1,1000039,2,1000039,3,S,S,False,2161.0107966359365,2166.4246535849197,2161.0107966359365,2166.4246535849197,False,5.413856948983266,0.0255126953125,0.0255126953125,2161.0183874408594,2161.6553655902735,4.712480501962901
1,1000039,3,1000039,4,S,S,False,2166.4246535849197,2171.838510533903,2166.4246535849197,2171.838510533903,False,5.413856948983266,0.0255126953125,0.0255126953125,2166.4314428607813,2167.0684210101954,4.712480501962901
1,1000039,4,1000039,5,S,S,False,2171.838510533903,2177.2523674828863,2171.838510533903,2177.2523674828863,False,5.413856948983266,0.0255126953125,0.0255126953125,2171.844498280703,2172.4814764301173,4.712480501962901
1,1000039,5,1000039,6,S,S,False,2177.2523674828863,2182.6662244318695,2177.2523674828863,2182.6662244318695,False,5.413856948983266,0.0255126953125,0.0255126953125,2177.257553700625,2177.894531850039,4.712480501962901
1,1000039,6,1000039,7,S,S,False,2182.6662244318695,2188.080081380853,2182.6662244318695,2188.080081380853,False,5.413856948983266,0.0255126953125,0.0255126953125,2182.670609120547,2183.307587269961,4.712480501962901
1,1000039,7,1000040,0,S,S,True,2188.080081380853,2193.493938329836,2188.080081380853,2193.493938329836,False,5.413856948983266,0.0255126953125,0.0255126953125,2188.087860707461,2188.724838856875,4.712480501962901
1,1000040,0,1000040,1,S,S,False,2193.493938329836,2198.799642167114,2193.493938329836,2198.799642167114,False,5.305703837278088,0.0255126953125,0.0255126953125,2193.500916127383,2194.137894276797,4.808541165310958
1,1000040,1,1000040,2,S,S,False,2198.799642167114,2204.1053460043922,2198.799642167114,2204.1053460043922,False,5.305703837278088,0.0255126953125,0.0255126953125,2198.804871205508,2199.441849354922,4.808541165310958
1,1000040,2,1000040,3,S,S,False,2204.1053460043922,2209.4110498416703,2204.1053460043922,2209.4110498416703,False,5.305703837278088,0.0255126953125,0.0255126953125,2204.113022450625,2204.750000600039,4.808541165310958
1,1000040,3,1000040,4,S,S,False,2209.4110498416703,2214.7167536789484,2209.4110498416703,2214.7167536789484,False,5.305703837278088,0.0255126953125,0.0255126953125,2209.41697752875,2210.053955678164,4.808541165310958
1,1000040,4,1000040,5,S,S,False,2214.7167536789484,2220.0224575162265,2214.7167536789484,2220.0224575162265,False,5.305703837278088,0.0255126953125,0.0255126953125,2214.8006597797266,2215.4376379291407,4.808541165310958
1,1000040,5,1000040,6,S,S,False,2220.0224575162265,2225.3281613535046,2220.0224575162265,2225.3281613535046,False,5.305703837278088,0.0255126953125,0.0255126953125,2220.2598730365626,2220.8968511859766,4.808541165310958
1,1000040,6,1000040,7,S,S,False,2225.3281613535046,2230.6338651907827,2225.3281613535046,2230.6338651907827,False,5.305703837278088,0.0255126953125,0.0255126953125,2225.8114019672266,2226.4483801166407,4.808541165310958
1,1000040,7,1000041,0,S,S,True,2230.6338651907827,2235.9395690280608,2230.6338651907827,2235.9395690280608,False,5.305703837278088,0.0255126953125,0.0255126953125,2230.6411901752344,2231.2781683246485,4.808541165310958
1,1000041,0,1000041,1,S,S,False,2235.9395690280608,2241.404977058768,2235.9395690280608,2241.404977058768,False,5.4654080307072945,0.0255126953125,0.0255126953125,2235.9451452533594,2236.5821234027735,4.668031219107044
1,1000041,1,1000041,2,S,S,False,2241.404977058768,2246.8703850894753,2241.404977058768,2246.8703850894753,False,5.4654080307072945,0.0255126953125,0.0255126953125,2241.4127508441798,2242.049728993594,4.668031219107044
1,1000041,2,1000041,3,S,S,False,2246.8703850894753,2252.3357931201826,2246.8703850894753,2252.3357931201826,False,5.4654080307072945,0.0255126953125,0.0255126953125,2246.876160268008,2247.513138417422,4.668031219107044
1,1000041,3,1000041,4,S,S,False,2252.3357931201826,2257.80120115089,2252.3357931201826,2257.80120115089,False,5.4654080307072945,0.0255126953125,0.0255126953125,2252.343765858828,2252.9807440082423,4.668031219107044
1,1000041,4,1000041,5,S,S,False,2257.80120115089,2263.2666091815972,2257.80120115089,2263.2666091815972,False,5.4654080307072945,0.0255126953125,0.0255126953125,2257.805397317882,2258.442375467296,4.668031219107044
1,1000041,5,1000041,6,S,S,False,2263.2666091815972,2268.7320172123045,2263.2666091815972,2268.7320172123045,False,5.4654080307072945,0.0255126953125,0.0255126953125,2263.2708053485894,2263.9077834980035,4.668031219107044
1,1000041,6,1000041,7,S,S,False,2268.7320172123045,2274.197425243012,2268.7320172123045,2274.197425243012,False,5.4654080307072945,0.0255126953125,0.0255126953125,2268.7362133792967,2269.373191528711,4.668031219107044
1,1000041,7,1000042,0,S,S,True,2274.197425243012,2279.662833273719,2274.197425243012,2279.662833273719,False,5.4654080307072945,0.0255126953125,0.0255126953125,2274.2024911712642,2274.8394693206783,4.668031219107044
1,1000042,0,1000042,1,S,S,False,2279.662833273719,2284.99427505189,2279.662833273719,2284.99427505189,False,5.331441778170756,0.0255126953125,0.0255126953125,2279.6700967620845,2280.3070749114986,4.785327566918218
1,1000042,1,1000042,2,S,S,False,2284.99427505189,2290.3257168300606,2284.99427505189,2290.3257168300606,False,5.331441778170756,0.0255126953125,0.0255126953125,2284.9992288421627,2285.6362069915767,4.785327566918218
1,1000042,2,1000042,3,S,S,False,2290.3257168300606,2295.6571586082314,2290.3257168300606,2295.6571586082314,False,5.331441778170756,0.0255126953125,0.0255126953125,2290.332557089233,2290.969535238647,4.785327566918218
1,1000042,3,1000042,4,S,S,False,2295.6571586082314,2300.988600386402,2295.6571586082314,2300.988600386402,False,5.331441778170756,0.0255126953125,0.0255126953125,2295.6613547752236,2296.2983329246376,4.785327566918218
1,1000042,4,1000042,5,S,S,False,2300.988600386402,2306.320042164573,2300.988600386402,2306.320042164573,False,5.331441778170756,0.0255126953125,0.0255126953125,2300.9927965533943,2301.6297747028084,4.785327566918218
1,1000042,5,1000042,6,S,S,False,2306.320042164573,2311.6514839427437,2306.320042164573,2311.6514839427437,False,5.331441778170756,0.0255126953125,0.0255126953125,2306.324238331565,2306.961216480979,4.785327566918218
1,1000042,6,1000042,7,S,S,False,2311.6514839427437,2316.9829257209144,2311.6514839427437,2316.9829257209144,False,5.331441778170756,0.0255126953125,0.0255126953125,2311.655680109736,2312.29265825915,4.785327566918218
1,1000042,7,1000043,0,S,L,True,2316.9829257209144,2327.4725039679847,2316.9829257209144,2327.4725039679847,False,10.489578247070312,0.2663726806640625,0.2663726806640625,2316.9871218879066,2327.4725039679847,25.3940315225218
1,1000043,0,1000043,1,L,L,False,2327.4725039679847,2384.5248987517684,2327.4725039679847,2384.5248987517684,False,57.05239478378371,0.2663726806640625,0.2663726806640625,2327.476700134977,2345.813110657438,4.668913227456229
1,1000043,1,1000043,2,L,L,False,2384.5248987517684,2441.577293535552,2384.5248987517684,2441.577293535552,False,57.05239478378371,0.2663726806640625,0.2663726806640625,2393.305328675016,2406.9797976691566,4.668913227456229
1,1000043,2,1000043,3,L,L,False,2441.577293535552,2498.629688319336,2441.577293535552,2498.629688319336,False,57.05239478378371,0.2663726806640625,0.2663726806640625,2453.7899448666585,2465.5509617123616,4.668913227456229
1,1000043,3,1000043,4,L,L,False,2498.629688319336,2555.6820831031196,2498.629688319336,2555.6820831031196,False,57.05239478378371,0.2663726806640625,0.2663726806640625,2516.429486492635,2528.8283207211507,4.668913227456229
1,1000043,4,1000043,5,L,L,False,2555.6820831031196,2612.7344778869033,2555.6820831031196,2612.7344778869033,False,57.05239478378371,0.2663726806640625,0.2663726806640625,2574.2586307356787,2586.019647581382,4.668913227456229
1,1000043,5,1000043,6,L,L,False,2612.7344778869033,2669.786872670687,2612.7344778869033,2669.786872670687,False,57.05239478378371,0.2663726806640625,0.2663726806640625,2630.8121402130973,2642.5731570588005,4.668913227456229
1,1000043,6,1000043,7,L,L,False,2669.786872670687,2726.8392674544707,2669.786872670687,2726.8392674544707,False,57.05239478378371,0.2663726806640625,0.2663726806640625,2691.8303713702035,2708.056109895594,4.668913227456229
1,1000043,7,1000044,0,L,S,True,2726.8392674544707,2783.8916622382544,2726.8392674544707,2783.8916622382544,False,57.05239478378371,0.0255126953125,0.0255126953125,2727.1454972172064,2728.1139725590033,0.4471800948792355
1,1000044,0,1000044,1,S,S,False,2783.8916622382544,2789.4034936024914,2783.8916622382544,2789.4034936024914,False,5.5118313642369685,0.0255126953125,0.0255126953125,2783.8977701746367,2784.5347483240507,4.628714782175099
1,1000044,1,1000044,2,S,S,False,2789.4034936024914,2794.9153249667283,2789.4034936024914,2794.9153249667283,False,5.5118313642369685,0.0255126953125,0.0255126953125,2789.411533602371,2790.048511751785,4.628714782175099
1,1000044,2,1000044,3,S,S,False,2794.9153249667283,2800.4271563309653,2794.9153249667283,2800.4271563309653,False,5.5118313642369685,0.0255126953125,0.0255126953125,2794.921100863113,2795.5580790125273,4.628714782175099
1,1000044,3,1000044,4,S,S,False,2800.4271563309653,2805.9389876952023,2800.4271563309653,2805.9389876952023,False,5.5118313642369685,0.0255126953125,0.0255126953125,2800.4348642908476,2801.0718424402617,4.628714782175099
1,1000044,4,1000044,5,S,S,False,2805.9389876952023,2811.4508190594393,2805.9389876952023,2811.4508190594393,False,5.5118313642369685,0.0255126953125,0.0255126953125,2805.94443155159,2806.581409701004,4.628714782175099
1,1000044,5,1000044,6,S,S,False,2811.4508190594393,2816.962650423676,2811.4508190594393,2816.962650423676,False,5.5118313642369685,0.0255126953125,0.0255126953125,2811.458194979324,2812.095173128738,4.628714782175099
1,1000044,6,1000044,7,S,S,False,2816.962650423676,2822.474481787913,2816.962650423676,2822.474481787913,False,5.5118313642369685,0.0255126953125,0.0255126953125,2816.9668465906684,2817.6038247400825,4.628714782175099
1,1000044,7,1000045,0,S,S,True,2822.474481787913,2827.98631315215,2822.474481787913,2827.98631315215,False,5.5118313642369685,0.0255126953125,0.0255126953125,2822.4786779549054,2823.1156561043194,4.628714782175099
1,1000045,0,1000045,1,S,S,False,2827.98631315215,2833.2662870485287,2827.98631315215,2833.2662870485287,False,5.2799738963785785,0.0255126953125,0.0255126953125,2827.9945356796657,2828.6315138290797,4.831973758430626
1,1000045,1,1000045,2,S,S,False,2833.2662870485287,2838.5462609449073,2833.2662870485287,2838.5462609449073,False,5.2799738963785785,0.0255126953125,0.0255126953125,2833.2733137558375,2833.9102919052516,4.831973758430626
1,1000045,2,1000045,3,S,S,False,2838.5462609449073,2843.826234841286,2838.5462609449073,2843.826234841286,False,5.2799738963785785,0.0255126953125,0.0255126953125,2838.5520918320094,2839.1890699814235,4.831973758430626
1,1000045,3,1000045,4,S,S,False,2843.826234841286,2849.1062087376645,2843.826234841286,2849.1062087376645,False,5.2799738963785785,0.0255126953125,0.0255126953125,2843.8308699081813,2844.4678480575953,4.831973758430626
1,1000045,4,1000045,5,S,S,False,2849.1062087376645,2854.386182634043,2849.1062087376645,2854.386182634043,False,5.2799738963785785,0.0255126953125,0.0255126953125,2849.302671665994,2849.939649815408,4.831973758430626
1,1000045,5,1000045,6,S,S,False,2854.386182634043,2859.6661565304216,2854.386182634043,2859.6661565304216,False,5.2799738963785785,0.0255126953125,0.0255126953125,2854.875181431619,2855.512159581033,4.831973758430626
1,1000045,6,1000045,7,S,S,False,2859.6661565304216,2864.9461304268,2859.6661565304216,2864.9461304268,False,5.2799738963785785,0.0255126953125,0.0255126953125,2859.671400303689,2860.308378453103,4.831973758430626
1,1000045,7,1000046,0,S,S,True,2864.9461304268,2870.226104323179,2864.9461304268,2870.226104323179,False,5.2799738963785785,0.0255126953125,0.0255126953125,2864.954374546853,2865.591352696267,4.831973758430626
1,1000046,0,1000046,1,S,S,False,2870.226104323179,2875.877361207878,2870.226104323179,2875.877361207878,False,5.651256884699251,0.0255126953125,0.0255126953125,2870.233152623025,2870.870130772439,4.514517006221305
1,1000046,1,1000046,2,S,S,False,2875.877361207878,2881.5286180925773,2875.877361207878,2881.5286180925773,False,5.651256884699251,0.0255126953125,0.0255126953125,2875.88155737487,2876.5185355242843,4.514517006221305
1,1000046,2,1000046,3,S,S,False,2881.5286180925773,2887.1798749772765,2881.5286180925773,2887.1798749772765,False,5.651256884699251,0.0255126953125,0.0255126953125,2881.5328142595695,2882.1697924089835,4.514517006221305
1,1000046,3,1000046,4,S,S,False,2887.1798749772765,2892.831131861976,2887.1798749772765,2892.831131861976,False,5.651256884699251,0.0255126953125,0.0255126953125,2887.5585100603507,2888.195488209765,4.514517006221305
1,1000046,4,1000046,5,S,S,False,2892.831131861976,2898.482388746675,2892.831131861976,2898.482388746675,False,5.651256884699251,0.0255126953125,0.0255126953125,2893.248512501757,2893.885490651171,4.514517006221305
1,1000046,5,1000046,6,S,S,False,2898.482388746675,2904.1336456313743,2898.482388746675,2904.1336456313743,False,5.651256884699251,0.0255126953125,0.0255126953125,2898.489525074999,2899.126503224413,4.514517006221305
1,1000046,6,1000046,7,S,S,False,2904.1336456313743,2909.7849025160735,2904.1336456313743,2909.7849025160735,False,5.651256884699251,0.0255126953125,0.0255126953125,2904.1417620134757,2904.77874016289,4.514517006221305
1,1000046,7,1000047,0,S,S,True,2909.7849025160735,2915.436159400773,2909.7849025160735,2915.436159400773,False,5.651256884699251,0.0255126953125,0.0255126953125,2909.78980278496,2910.426780934374,4.514517006221305
1,1000047,0,1000047,1,S,S,False,2915.436159400773,2920.829404877059,2915.436159400773,2920.829404877059,False,5.393245476286211,0.0255126953125,0.0255126953125,2915.4420397234367,2916.0790178728507,4.730490281719579
1,1000047,1,1000047,2,S,S,False,2920.829404877059,2926.222650353345,2920.829404877059,2926.222650353345,False,5.393245476286211,0.0255126953125,0.0255126953125,2920.8341143083976,2921.4710924578117,4.730490281719579
1,1000047,2,1000047,3,S,S,False,2926.222650353345,2931.6158958296314,2926.222650353345,2931.6158958296314,False,5.393245476286211,0.0255126953125,0.0255126953125,2926.2303850603507,2926.867363209765,4.730490281719579
1,1000047,3,1000047,4,S,S,False,2931.6158958296314,2937.0091413059176,2931.6158958296314,2937.0091413059176,False,5.393245476286211,0.0255126953125,0.0255126953125,2931.621620411913,2932.2585985613273,4.730490281719579
1,1000047,4,1000047,5,S,S,False,2937.0091413059176,2942.402386782204,2937.0091413059176,2942.402386782204,False,5.393245476286211,0.0255126953125,0.0255126953125,2937.013694996874,2937.650673146288,4.730490281719579
1,1000047,5,1000047,6,S,S,False,2942.402386782204,2947.79563225849,2942.402386782204,2947.79563225849,False,5.393245476286211,0.0255126953125,0.0255126953125,2942.4104153994076,2943.0473935488217,4.730490281719579
1,1000047,6,1000047,7,S,S,False,2947.79563225849,2953.1888777347763,2947.79563225849,2953.1888777347763,False,5.393245476286211,0.0255126953125,0.0255126953125,2947.8024899843685,2948.4394681337826,4.730490281719579
1,1000047,7,1000048,0,S,S,True,2953.1888777347763,2958.5821232110625,2953.1888777347763,2958.5821232110625,False,5.393245476286211,0.0255126953125,0.0255126953125,2953.193270930148,2953.8302490795622,4.730490281719579
1,1000048,0,1000048,1,S,S,False,2958.5821232110625,2963.9805210755235,2958.5821232110625,2963.9805210755235,False,5.398397864461003,0.0255126953125,0.0255126953125,2958.5895416821013,2959.2265198315154,4.725975363997608
1,1000048,1,1000048,2,S,S,False,2963.9805210755235,2969.3789189399845,2963.9805210755235,2969.3789189399845,False,5.398397864461003,0.0255126953125,0.0255126953125,2963.9858124340544,2964.6227905834685,4.725975363997608
1,1000048,2,1000048,3,S,S,False,2969.3789189399845,2974.7773168044455,2969.3789189399845,2974.7773168044455,False,5.398397864461003,0.0255126953125,0.0255126953125,2969.3862793529997,2970.023257502414,4.725975363997608
1,1000048,3,1000048,4,S,S,False,2974.7773168044455,2980.1757146689065,2974.7773168044455,2980.1757146689065,False,5.398397864461003,0.0255126953125,0.0255126953125,2974.7815129714377,2975.4184911208517,4.725975363997608
1,1000048,4,1000048,5,S,S,False,2980.1757146689065,2985.5741125333675,2980.1757146689065,2985.5741125333675,False,5.398397864461003,0.0255126953125,0.0255126953125,2980.1799108358987,2980.8168889853127,4.725975363997608
1,1000048,5,1000048,6,S,S,False,2985.5741125333675,2990.9725103978285,2985.5741125333675,2990.9725103978285,False,5.398397864461003,0.0255126953125,0.0255126953125,2985.5783087003597,2986.2152868497737,4.725975363997608
1,1000048,6,1000048,7,S,S,False,2990.9725103978285,2996.3709082622895,2990.9725103978285,2996.3709082622895,False,5.398397864461003,0.0255126953125,0.0255126953125,2990.979101931583,2991.616080080997,4.725975363997608
1,1000048,7,1000049,0,S,L,True,2996.3709082622895,3008.3000400419346,2996.3709082622895,3008.3000400419346,False,11.929131779645104,0.2663726806640625,0.2663726806640625,2997.8146579618565,3008.3000400419346,22.32959494324466
1,1000049,0,1000049,1,L,L,False,3008.3000400419346,3065.5955693195147,3008.3000400419346,3065.5955693195147,False,57.295529277580044,0.2663726806640625,0.2663726806640625,3026.0842349882237,3035.293982302677,4.649100619588745
1,1000049,1,1000049,2,L,L,False,3065.5955693195147,3122.8910985970947,3065.5955693195147,3122.8910985970947,False,57.295529277580044,0.2663726806640625,0.2663726806640625,3086.7314365263096,3095.9411838407627,4.649100619588745
1,1000049,2,1000049,3,L,L,False,3122.8910985970947,3180.1866278746747,3122.8910985970947,3180.1866278746747,False,57.295529277580044,0.2663726806640625,0.2663726806640625,3144.189551150333,3151.4858463163487,4.649100619588745
1,1000049,3,1000049,4,L,L,False,3180.1866278746747,3237.482157152255,3180.1866278746747,3237.482157152255,False,57.295529277580044,0.2663726806640625,0.2663726806640625,3189.885809695255,3197.819922244083,4.649100619588745
1,1000049,4,1000049,5,L,L,False,3237.482157152255,3294.777686429835,3237.482157152255,3294.777686429835,False,57.295529277580044,0.2663726806640625,0.2663726806640625,3244.4939064807522,3253.065836412393,4.649100619588745
1,1000049,5,1000049,6,L,L,False,3294.777686429835,3352.073215707415,3294.777686429835,3352.073215707415,False,57.295529277580044,0.2663726806640625,0.2663726806640625,3302.114152955562,3311.9617176528277,4.649100619588745
1,1000049,6,1000049,7,L,L,False,3352.073215707415,3409.368744984995,3352.073215707415,3409.368744984995,False,57.295529277580044,0.2663726806640625,0.2663726806640625,3359.459427532483,3369.944809612561,4.649100619588745
1,1000049,7,1000050,0,L,S,True,3409.368744984995,3466.664274262575,3409.368744984995,3466.664274262575,False,57.295529277580044,0.0255126953125,0.0255126953125,3409.37361575989,3410.010593909304,0.4452824790028288
1,1000050,0,1000050,1,S,S,False,3466.664274262575,3472.269030053808,3466.664274262575,3472.269030053808,False,5.604755791232947,0.0255126953125,0.0255126953125,3466.669493946681,3467.306472096095,4.551972692977523
1,1000050,1,1000050,2,S,S,False,3472.269030053808,3477.873785845041,3472.269030053808,3477.873785845041,False,5.604755791232947,0.0255126953125,0.0255126953125,3472.2755730482436,3472.9125511976576,4.551972692977523
1,1000050,2,1000050,3,S,S,False,3477.873785845041,3483.478541636274,3477.873785845041,3483.478541636274,False,5.604755791232947,0.0255126953125,0.0255126953125,3477.881652149806,3478.51863029922,4.551972692977523
1,1000050,3,1000050,4,S,S,False,3483.478541636274,3489.0832974275067,3483.478541636274,3489.0832974275067,False,5.604755791232947,0.0255126953125,0.0255126953125,3483.482737803266,3484.11971595268,4.551972692977523
1,1000050,4,1000050,5,S,S,False,3489.0832974275067,3494.6880532187397,3489.0832974275067,3494.6880532187397,False,5.604755791232947,0.0255126953125,0.0255126953125,3489.0899608874206,3489.7269390368347,4.551972692977523
1,1000050,5,1000050,6,S,S,False,3494.6880532187397,3500.2928090099726,3494.6880532187397,3500.2928090099726,False,5.604755791232947,0.0255126953125,0.0255126953125,3494.696039988983,3495.333018138397,4.551972692977523
1,1000050,6,1000050,7,S,S,False,3500.2928090099726,3505.8975648012056,3500.2928090099726,3505.8975648012056,False,5.604755791232947,0.0255126953125,0.0255126953125,3500.2979229235534,3500.9349010729675,4.551972692977523
1,1000050,7,1000051,0,S,L,True,3505.8975648012056,3520.8518647279634,3505.8975648012056,3520.8518647279634,False,14.954299926757812,0.2663726806640625,0.2663726806640625,3505.901760968198,3520.8518647279634,17.812447387619954
1,1000051,0,1000051,1,L,L,False,3520.8518647279634,3578.251599302903,3520.8518647279634,3578.251599302903,False,57.39973457493943,0.2663726806640625,0.2663726806640625,3532.6145600404634,3545.013394268979,4.640660494976576
1,1000051,1,1000051,2,L,L,False,3578.251599302903,3635.6513338778423,3578.251599302903,3635.6513338778423,False,57.39973457493943,0.2663726806640625,0.2663726806640625,3588.875927838315,3598.085675152768,4.640660494976576
1,1000051,2,1000051,3,L,L,False,3635.6513338778423,3693.0510684527817,3635.6513338778423,3693.0510684527817,False,57.39973457493943,0.2663726806640625,0.2663726806640625,3647.0528652197195,3658.8138820654226,4.640660494976576
1,1000051,3,1000051,4,L,L,False,3693.0510684527817,3750.450803027721,3693.0510684527817,3750.450803027721,False,57.39973457493943,0.2663726806640625,0.2663726806640625,3704.991132725316,3715.4765148053943,4.640660494976576
1,1000051,4,1000051,5,L,L,False,3750.450803027721,3807.8505376026606,3750.450803027721,3807.8505376026606,False,57.39973457493943,0.2663726806640625,0.2663726806640625,3765.995008457738,3776.480390537816,4.640660494976576
1,1000051,5,1000051,6,L,L,False,3807.8505376026606,3865.2502721776,3807.8505376026606,3865.2502721776,False,57.39973457493943,0.2663726806640625,0.2663726806640625,3822.786122876443,3830.7202354252713,4.640660494976576
1,1000051,6,1000051,7,L,L,False,3865.2502721776,3922.6500067525394,3865.2502721776,3922.6500067525394,False,57.39973457493943,0.2663726806640625,0.2663726806640625,3882.9885307133572,3891.0107627690213,4.640660494976576
1,1000051,7,1000052,0,L,S,True,3922.6500067525394,3980.049741327479,3922.6500067525394,3980.049741327479,False,57.39973457493943,0.0255126953125,0.0255126953125,3922.6548972905057,3923.2918754399197,0.4444740990777817
1,1000052,0,1000052,1,S,S,False,3980.049741327479,3985.412079194712,3980.049741327479,3985.412079194712,False,5.3623378672332365,0.0255126953125,0.0255126953125,3980.6771460441273,3981.3141241935414,4.757756028092945
1,1000052,1,1000052,2,S,S,False,3985.412079194712,3990.7744170619453,3985.412079194712,3990.7744170619453,False,5.3623378672332365,0.0255126953125,0.0255126953125,3985.4162753617043,3986.0532535111183,4.757756028092945
1,1000052,2,1000052,3,S,S,False,3990.7744170619453,3996.1367549291786,3990.7744170619453,3996.1367549291786,False,5.3623378672332365,0.0255126953125,0.0255126953125,3990.7820362163816,3991.4190143657956,4.757756028092945
1,1000052,3,1000052,4,S,S,False,3996.1367549291786,4001.499092796412,3996.1367549291786,4000.0,True,3.863245070821449,0.0255126953125,0.0255126953125,3996.144737632397,3996.7817157818113,6.60395466629695
2,2000035,2,2000035,3,S,S,False,1997.7164313614396,2003.0015506059988,2000.0,2003.0015506059988,True,3.001550605998773,0.0255126953125,0.0,1998.1667508984103,1998.8037290478244,0.0
2,2000035,3,2000035,4,S,S,False,2003.0015506059988,2008.286669850558,2003.0015506059988,2008.286669850558,False,5.285119244559155,0.0255126953125,0.0255126953125,2003.6133756542697,2004.2503538036838,4.827269571782023
2,2000035,4,2000035,5,S,S,False,2008.286669850558,2013.571789095117,2008.286669850558,2013.571789095117,False,5.285119244559155,0.0255126953125,0.0255126953125,2008.4263791943088,2009.0633573437228,4.827269571782023
2,2000035,5,2000035,6,S,S,False,2013.571789095117,2018.8569083396762,2013.571789095117,2018.8569083396762,False,5.285119244559155,0.0255126953125,0.0255126953125,2013.8772001171603,2014.5141782665744,4.827269571782023
2,2000035,6,2000035,7,S,S,False,2018.8569083396762,2024.1420275842354,2018.8569083396762,2024.1420275842354,False,5.285119244559155,0.0255126953125,0.0255126953125,2019.328021040012,2019.964999189426,4.827269571782023
2,2000035,7,2000036,0,S,S,True,2024.1420275842354,2029.4271468287945,2024.1420275842354,2029.4271468287945,False,5.285119244559155,0.0255126953125,0.0255126953125,2024.321459760715,2025.4200162792697,4.827269571782023
2,2000036,0,2000036,1,S,S,False,2029.4271468287945,2034.7688860233204,2029.4271468287945,2034.7688860233204,False,5.341739194525871,0.0255126953125,0.0255126953125,2029.4323911571994,2030.0693693066135,4.776102760435216
2,2000036,1,2000036,2,S,S,False,2034.7688860233204,2040.1106252178463,2034.7688860233204,2040.1106252178463,False,5.341739194525871,0.0255126953125,0.0255126953125,2034.7730821903126,2035.4100603397267,4.776102760435216
2,2000036,2,2000036,3,S,S,False,2040.1106252178463,2045.4523644123722,2040.1106252178463,2045.4523644123722,False,5.341739194525871,0.0255126953125,0.0255126953125,2040.1148213848385,2040.7517995342525,4.776102760435216
2,2000036,3,2000036,4,S,S,False,2045.4523644123722,2050.794103606898,2045.4523644123722,2050.794103606898,False,5.341739194525644,0.0255126953125,0.0255126953125,2045.4607381328854,2046.0977162822994,4.776102760435419
2,2000036,4,2000036,5,S,S,False,2050.794103606898,2056.1358428014237,2050.794103606898,2056.1358428014237,False,5.341739194525871,0.0255126953125,0.0255126953125,2050.80245871394,2051.439436863354,4.776102760435216
2,2000036,5,2000036,6,S,S,False,2056.1358428014237,2061.4775819959495,2056.1358428014237,2061.4775819959495,False,5.341739194525871,0.0255126953125,0.0255126953125,2056.1441792949945,2056.7811574444086,4.776102760435216
2,2000036,6,2000036,7,S,S,False,2061.4775819959495,2066.8193211904754,2061.4775819959495,2066.8193211904754,False,5.341739194525871,0.0255126953125,0.0255126953125,2061.485899876049,2062.1228780254633,4.776102760435216
2,2000036,7,2000037,0,S,S,True,2066.8193211904754,2072.1610603850013,2066.8193211904754,2072.1610603850013,False,5.341739194525871,0.0255126953125,0.0255126953125,2066.827620457104,2067.464598606518,4.776102760435216
2,2000037,0,2000037,1,S,S,False,2072.1610603850013,2077.796814025214,2072.1610603850013,2077.796814025214,False,5.635753640212897,0.0255126953125,0.0255126953125,2072.1693410381586,2072.8063191875726,4.526935870734092
2,2000037,1,2000037,2,S,S,False,2077.796814025214,2083.432567665427,2077.796814025214,2083.432567665427,False,5.635753640212897,0.0255126953125,0.0255126953125,2077.8047933086664,2078.4417714580804,4.526935870734092
2,2000037,2,2000037,3,S,S,False,2083.432567665427,2089.06832130564,2083.432567665427,2089.06832130564,False,5.635753640212897,0.0255126953125,0.0255126953125,2083.440245579174,2084.0772237285883,4.526935870734092
2,2000037,3,2000037,4,S,S,False,2089.06832130564,2094.704074945853,2089.06832130564,2094.704074945853,False,5.635753640212897,0.0255126953125,0.0255126953125,2089.075697849682,2089.712675999096,4.526935870734092
2,2000037,4,2000037,5,S,S,False,2094.704074945853,2100.339828586066,2094.704074945853,2100.339828586066,False,5.635753640212897,0.0255126953125,0.0255126953125,2094.708271112845,2095.345249262259,4.526935870734092
2,2000037,5,2000037,6,S,S,False,2100.339828586066,2105.9755822262787,2100.339828586066,2105.9755822262787,False,5.635753640212897,0.0255126953125,0.0255126953125,2100.346491159881,2100.9834693092953,4.526935870734092
2,2000037,6,2000037,7,S,S,False,2105.9755822262787,2111.6113358664916,2105.9755822262787,2111.6113358664916,False,5.635753640212897,0.0255126953125,0.0255126953125,2105.981943430389,2106.618921579803,4.526935870734092
2,2000037,7,2000038,0,S,S,True,2111.6113358664916,2117.2470895067045,2111.6113358664916,2117.2470895067045,False,5.635753640212897,0.0255126953125,0.0255126953125,2111.617395700897,2112.254373850311,4.526935870734092
2,2000038,0,2000038,1,S,S,False,2117.2470895067045,2122.5425004076237,2117.2470895067045,2122.5425004076237,False,5.295410900919251,0.0255126953125,0.0255126953125,2117.2528479714047,2117.8898261208187,4.8178877503294695
2,2000038,1,2000038,2,S,S,False,2122.5425004076237,2127.837911308543,2122.5425004076237,2127.837911308543,False,5.295410900919251,0.0255126953125,0.0255126953125,2122.5484107155453,2123.1853888649594,4.8178877503294695
2,2000038,2,2000038,3,S,S,False,2127.837911308543,2133.133322209462,2127.837911308543,2133.133322209462,False,5.295410900919251,0.0255126953125,0.0255126953125,2127.843973459686,2128.4809516091,4.8178877503294695
2,2000038,3,2000038,4,S,S,False,2133.133322209462,2138.4287331103815,2133.133322209462,2138.4287331103815,False,5.295410900919251,0.0255126953125,0.0255126953125,2133.7605689186703,2134.3975470680844,4.8178877503294695
2,2000038,4,2000038,5,S,S,False,2138.4287331103815,2143.7241440113007,2138.4287331103815,2143.7241440113007,False,5.295410900919251,0.0255126953125,0.0255126953125,2138.435098947967,2139.072077097381,4.8178877503294695
2,2000038,5,2000038,6,S,S,False,2143.7241440113007,2149.01955491222,2143.7241440113007,2149.01955491222,False,5.295410900919251,0.0255126953125,0.0255126953125,2143.730661692108,2144.367639841522,4.8178877503294695
2,2000038,6,2000038,7,S,S,False,2149.01955491222,2154.314965813139,2149.01955491222,2154.314965813139,False,5.295410900919251,0.0255126953125,0.0255126953125,2149.023751079212,2149.660729228626,4.8178877503294695
2,2000038,7,2000039,0,S,S,True,2154.314965813139,2159.6103767140585,2154.314965813139,2159.6103767140585,False,5.295410900919251,0.0255126953125,0.0255126953125,2154.3191619801314,2154.9561401295455,4.8178877503294695
2,2000039,0,2000039,1,S,S,False,2159.6103767140585,2164.8749164858946,2159.6103767140585,2164.8749164858946,False,5.264539771836098,0.0255126953125,0.0255126953125,2159.616867665469,2160.253845814883,4.846139723169384
2,2000039,1,2000039,2,S,S,False,2164.8749164858946,2170.1394562577307,2164.8749164858946,2170.1394562577307,False,5.264539771836098,0.0255126953125,0.0255126953125,2164.883057240664,2165.520035390078,4.846139723169384
2,2000039,2,2000039,3,S,S,False,2170.1394562577307,2175.4039960295668,2170.1394562577307,2175.4039960295668,False,5.264539771836098,0.0255126953125,0.0255126953125,2170.1450506488673,2170.7820287982813,4.846139723169384
2,2000039,3,2000039,4,S,S,False,2175.4039960295668,2180.668535801403,2175.4039960295668,2180.668535801403,False,5.264539771836098,0.0255126953125,0.0255126953125,2175.4112402240626,2176.0482183734766,4.846139723169384
2,2000039,4,2000039,5,S,S,False,2180.668535801403,2185.933075573239,2180.668535801403,2185.933075573239,False,5.264539771836098,0.0255126953125,0.0255126953125,2180.6732336322657,2181.3102117816798,4.846139723169384
2,2000039,5,2000039,6,S,S,False,2185.933075573239,2191.197615345075,2185.933075573239,2191.197615345075,False,5.264539771836098,0.0255126953125,0.0255126953125,2185.939423207461,2186.576401356875,4.846139723169384
2,2000039,6,2000039,7,S,S,False,2191.197615345075,2196.462155116911,2191.197615345075,2196.462155116911,False,5.264539771836098,0.0255126953125,0.0255126953125,2191.2056127826563,2191.8425909320704,4.846139723169384
2,2000039,7,2000040,0,S,L,True,2196.462155116911,2213.7717596332423,2196.462155116911,2213.7717596332423,False,17.309604516331092,0.2663726806640625,0.2663726806640625,2203.9241949359766,2213.7717596332423,15.388721354826327
2,2000040,0,2000040,1,L,L,False,2213.7717596332423,2270.858886956136,2213.7717596332423,2270.858886956136,False,57.08712732289359,0.2663726806640625,0.2663726806640625,2224.8966375629298,2235.382019643008,4.6660726008758076
2,2000040,1,2000040,2,L,L,False,2270.858886956136,2327.9460142790294,2270.858886956136,2327.9460142790294,False,57.08712732289359,0.2663726806640625,0.2663726806640625,2283.413077719116,2295.174094564819,4.6660726008758076
2,2000040,2,2000040,3,L,L,False,2327.9460142790294,2385.033141601923,2327.9460142790294,2385.033141601923,False,57.08712732289359,0.2663726806640625,0.2663726806640625,2354.827316590055,2368.5017855841957,4.6660726008758076
2,2000040,3,2000040,4,L,L,False,2385.033141601923,2442.1202689248166,2385.033141601923,2442.1202689248166,False,57.08712732289359,0.2663726806640625,0.2663726806640625,2406.980636902555,2419.3794711310707,4.6660726008758076
2,2000040,4,2000040,5,L,L,False,2442.1202689248166,2499.20739624771,2442.1202689248166,2499.20739624771,False,57.08712732289359,0.2663726806640625,0.2663726806640625,2465.55180094576,2477.9506351742757,4.6660726008758076
2,2000040,5,2000040,6,L,L,False,2499.20739624771,2556.294523570604,2499.20739624771,2556.294523570604,False,57.08712732289359,0.2663726806640625,0.2663726806640625,2528.829159954549,2541.2279941830648,4.6660726008758076
2,2000040,6,2000040,7,L,L,False,2556.294523570604,2613.3816508934974,2556.294523570604,2613.3816508934974,False,57.08712732289359,0.2663726806640625,0.2663726806640625,2586.0204868147803,2597.7815036604834,4.6660726008758076
2,2000040,7,2000041,0,L,S,True,2613.3816508934974,2670.468778216391,2613.3816508934974,2670.468778216391,False,57.08712732289359,0.0255126953125,0.0255126953125,2613.389654861535,2614.026633010949,0.4469080247845764
2,2000041,0,2000041,1,S,S,False,2670.468778216391,2675.985769328797,2670.468778216391,2675.985769328797,False,5.516991112405776,0.0255126953125,0.0255126953125,2670.4760775469613,2671.1130556963753,4.6243857915831885
2,2000041,1,2000041,2,S,S,False,2675.985769328797,2681.5027604412026,2675.985769328797,2681.5027604412026,False,5.516991112405776,0.0255126953125,0.0255126953125,2676.5898928545785,2677.2268710039925,4.6243857915831885
2,2000041,2,2000041,3,S,S,False,2681.5027604412026,2687.0197515536083,2681.5027604412026,2687.0197515536083,False,5.516991112405776,0.0255126953125,0.0255126953125,2682.6365694903207,2683.2735476397347,4.6243857915831885
2,2000041,3,2000041,4,S,S,False,2687.0197515536083,2692.536742666014,2687.0197515536083,2692.536742666014,False,5.516991112405776,0.0255126953125,0.0255126953125,2688.0454287432503,2688.6824068926644,4.6243857915831885
2,2000041,4,2000041,5,S,S,False,2692.536742666014,2698.05373377842,2692.536742666014,2698.05373377842,False,5.516991112405776,0.0255126953125,0.0255126953125,2693.45428799618,2694.091266145594,4.6243857915831885
2,2000041,5,2000041,6,S,S,False,2698.05373377842,2703.5707248908257,2698.05373377842,2703.5707248908257,False,5.516991112405776,0.0255126953125,0.0255126953125,2698.8631472491097,2699.500125398524,4.6243857915831885
2,2000041,6,2000041,7,S,S,False,2703.5707248908257,2709.0877160032314,2703.5707248908257,2709.0877160032314,False,5.516991112405776,0.0255126953125,0.0255126953125,2704.1629061602425,2704.7998843096566,4.6243857915831885
2,2000041,7,2000042,0,S,L,True,2709.0877160032314,2721.1819046879095,2709.0877160032314,2721.1819046879095,False,12.094188684678102,0.2663726806640625,0.2663726806640625,2709.4208878422064,2721.1819046879095,22.024849091491767
2,2000042,0,2000042,1,L,L,False,2721.1819046879095,2778.2342994716932,2721.1819046879095,2778.2342994716932,False,57.05239478378371,0.2663726806640625,0.2663726806640625,2736.133686914472,2746.61906899455,4.668913227456229
2,2000042,1,2000042,2,L,L,False,2778.2342994716932,2835.286694255477,2778.2342994716932,2835.286694255477,False,57.05239478378371,0.2663726806640625,0.2663726806640625,2789.277256258621,2801.6760904871367,4.668913227456229
2,2000042,2,2000042,3,L,L,False,2835.286694255477,2892.3390890392607,2835.286694255477,2892.3390890392607,False,57.05239478378371,0.2663726806640625,0.2663726806640625,2850.3978712509547,2863.434522862283,4.668913227456229
2,2000042,3,2000042,4,L,L,False,2892.3390890392607,2949.3914838230444,2892.3390890392607,2949.3914838230444,False,57.05239478378371,0.2663726806640625,0.2663726806640625,2896.4837572527335,2908.2447740984367,4.668913227456229
2,2000042,4,2000042,5,L,L,False,2949.3914838230444,3006.443878606828,2949.3914838230444,3006.443878606828,False,57.05239478378371,0.2663726806640625,0.2663726806640625,2951.0742065990935,2962.8352234447966,4.668913227456229
2,2000042,5,2000042,6,L,L,False,3006.443878606828,3063.496273390612,3006.443878606828,3063.496273390612,False,57.05239478378371,0.2663726806640625,0.2663726806640625,3018.149283205997,3026.0833957548252,4.668913227456229
2,2000042,6,2000042,7,L,L,False,3063.496273390612,3120.5486681743955,3063.496273390612,3120.5486681743955,False,57.05239478378371,0.2663726806640625,0.2663726806640625,3078.796484744083,3086.730597292911,4.668913227456229
2,2000042,7,2000043,0,L,L,True,3120.5486681743955,3177.601062958179,3120.5486681743955,3177.601062958179,False,57.05239478378371,0.2663726806640625,0.2663726806640625,3128.9574649686924,3136.253760134708,4.668913227456229
2,2000043,0,2000043,1,L,L,False,3177.601062958179,3235.0007975331187,3177.601062958179,3235.0007975331187,False,57.39973457493943,0.2663726806640625,0.2663726806640625,3182.588675295841,3189.8849704618565,4.640660494976576
2,2000043,1,2000043,2,L,L,False,3235.0007975331187,3292.400532108058,3235.0007975331187,3292.400532108058,False,57.39973457493943,0.2663726806640625,0.2663726806640625,3235.2833199329007,3244.493067247354,4.640660494976576
2,2000043,2,2000043,3,L,L,False,3292.400532108058,3349.8002666829975,3292.400532108058,3349.8002666829975,False,57.39973457493943,0.2663726806640625,0.2663726806640625,3292.9035664077105,3302.1133137221636,4.640660494976576
2,2000043,3,2000043,4,L,L,False,3349.8002666829975,3407.200001257937,3349.8002666829975,3407.200001257937,False,57.39973457493943,0.2663726806640625,0.2663726806640625,3350.2488409846314,3359.4585882990846,4.640660494976576
2,2000043,4,2000043,5,L,L,False,3407.200001257937,3464.5997358328764,3407.200001257937,3464.5997358328764,False,57.39973457493943,0.2663726806640625,0.2663726806640625,3407.204197424929,3420.2408490362573,4.640660494976576
2,2000043,5,2000043,6,L,L,False,3464.5997358328764,3521.999470407816,3464.5997358328764,3521.999470407816,False,57.39973457493943,0.2663726806640625,0.2663726806640625,3466.4764702650405,3482.702208790431,4.640660494976576
2,2000043,6,2000043,7,L,L,False,3521.999470407816,3579.3992049827552,3521.999470407816,3579.3992049827552,False,57.39973457493943,0.2663726806640625,0.2663726806640625,3545.0142335023775,3558.688702496518,4.640660494976576
2,2000043,7,2000044,0,L,S,True,3579.3992049827552,3636.7989395576947,3579.3992049827552,3636.7989395576947,False,57.39973457493943,0.0255126953125,0.0255126953125,3580.533947857846,3581.1709260072603,0.4444740990777817
2,2000044,0,2000044,1,S,S,False,3636.7989395576947,3642.393365292599,3636.7989395576947,3642.393365292599,False,5.594425734904235,0.0255126953125,0.0255126953125,3636.8058254247976,3637.4428035742117,4.560377869228561
2,2000044,1,2000044,2,S,S,False,3642.393365292599,3647.987791027503,3642.393365292599,3647.987791027503,False,5.594425734904235,0.0255126953125,0.0255126953125,3642.3993160253835,3643.0362941747976,4.560377869228561
2,2000044,2,2000044,3,S,S,False,3647.987791027503,3653.5822167624074,3647.987791027503,3653.5822167624074,False,5.594425734904235,0.0255126953125,0.0255126953125,3647.9928066259695,3648.6297847753835,4.560377869228561
2,2000044,3,2000044,4,S,S,False,3653.5822167624074,3659.1766424973116,3653.5822167624074,3659.1766424973116,False,5.594425734904235,0.0255126953125,0.0255126953125,3653.5904933935476,3654.2274715429617,4.560377869228561
2,2000044,4,2000044,5,S,S,False,3659.1766424973116,3664.771068232216,3659.1766424973116,3664.771068232216,False,5.594425734904235,0.0255126953125,0.0255126953125,3659.6036006933523,3660.2405788427664,4.560377869228561
2,2000044,5,2000044,6,S,S,False,3664.771068232216,3670.36549396712,3664.771068232216,3670.36549396712,False,5.594425734904235,0.0255126953125,0.0255126953125,3664.9327327734304,3665.5697109228445,4.560377869228561
2,2000044,6,2000044,7,S,S,False,3670.36549396712,3675.9599197020243,3670.36549396712,3675.9599197020243,False,5.594425734904235,0.0255126953125,0.0255126953125,3670.4632808691335,3671.1002590185476,4.560377869228561
2,2000044,7,2000045,0,S,S,True,3675.9599197020243,3681.5543454369285,3675.9599197020243,3681.5543454369285,False,5.594425734904235,0.0255126953125,0.0255126953125,3676.6318598154844,3677.2688379648985,4.560377869228561
2,2000045,0,2000045,1,S,S,False,3681.5543454369285,3686.9785100422587,3681.5543454369285,3686.9785100422587,False,5.424164605330134,0.0255126953125,0.0255126953125,3682.1666040781797,3682.803582227594,4.703525274183158
2,2000045,1,2000045,2,S,S,False,3686.9785100422587,3692.402674647589,3686.9785100422587,3692.402674647589,False,5.424164605330134,0.0255126953125,0.0255126953125,3687.697152173883,3688.334130323297,4.703525274183158
2,2000045,2,2000045,3,S,S,False,3692.402674647589,3697.826839252919,3692.402674647589,3697.826839252919,False,5.424164605330134,0.0255126953125,0.0255126953125,3693.2292766462147,3693.8662547956287,4.703525274183158
2,2000045,3,2000045,4,S,S,False,3697.826839252919,3703.251003858249,3697.826839252919,3703.251003858249,False,5.424164605330134,0.0255126953125,0.0255126953125,3698.722059238988,3699.359037388402,4.703525274183158
2,2000045,4,2000045,5,S,S,False,3703.251003858249,3708.675168463579,3703.251003858249,3708.675168463579,False,5.424164605330134,0.0255126953125,0.0255126953125,3703.459531773168,3704.096509922582,4.703525274183158
2,2000045,5,2000045,6,S,S,False,3708.675168463579,3714.0993330689093,3708.675168463579,3714.0993330689093,False,5.424164605330134,0.0255126953125,0.0255126953125,3708.839017857152,3709.475996006566,4.703525274183158
2,2000045,6,2000045,7,S,S,False,3714.0993330689093,3719.5234976742395,3714.0993330689093,3719.5234976742395,False,5.424164605330134,0.0255126953125,0.0255126953125,3714.2185039411365,3714.8554820905506,4.703525274183158
2,2000045,7,2000046,0,S,S,True,3719.5234976742395,3724.9476622795696,3719.5234976742395,3724.9476622795696,False,5.424164605330134,0.0255126953125,0.0255126953125,3719.5937938581287,3720.230772007543,4.703525274183158
2,2000046,0,2000046,1,S,S,False,3724.9476622795696,3730.4079137621056,3724.9476622795696,3730.4079137621056,False,5.460251482536023,0.0255126953125,0.0255126953125,3724.973279942113,3725.610258091527,4.672439610904256
2,2000046,1,2000046,2,S,S,False,3730.4079137621056,3735.8681652446417,3730.4079137621056,3735.8681652446417,False,5.460251482536023,0.0255126953125,0.0255126953125,3730.4157085309803,3731.0526866803943,4.672439610904256
2,2000046,2,2000046,3,S,S,False,3735.8681652446417,3741.3284167271777,3735.8681652446417,3741.3284167271777,False,5.460251482536023,0.0255126953125,0.0255126953125,3735.874921787816,3736.5118999372303,4.672439610904256
2,2000046,3,2000046,4,S,S,False,3741.3284167271777,3746.7886682097137,3741.3284167271777,3746.7886682097137,False,5.460251482536023,0.0255126953125,0.0255126953125,3741.334135044652,3741.971113194066,4.672439610904256
2,2000046,4,2000046,5,S,S,False,3746.7886682097137,3752.2489196922497,3746.7886682097137,3752.2489196922497,False,5.460251482536023,0.0255126953125,0.0255126953125,3746.793348301488,3747.430326450902,4.672439610904256
2,2000046,5,2000046,6,S,S,False,3752.2489196922497,3757.7091711747858,3752.2489196922497,3757.7091711747858,False,5.460251482536023,0.0255126953125,0.0255126953125,3752.256757725316,3752.8937358747303,4.672439610904256
2,2000046,6,2000046,7,S,S,False,3757.7091711747858,3763.169422657322,3757.7091711747858,3763.169422657322,False,5.460251482536023,0.0255126953125,0.0255126953125,3757.7495403180897,3758.3865184675037,4.672439610904256
2,2000046,7,2000047,0,S,S,True,3763.169422657322,3768.629674139858,3763.169422657322,3768.629674139858,False,5.460251482536023,0.0255126953125,0.0255126953125,3763.326246250707,3763.963224400121,4.672439610904256
2,2000047,0,2000047,1,S,S,False,3768.629674139858,3774.007464371619,3768.629674139858,3774.007464371619,False,5.377790231761082,0.0255126953125,0.0255126953125,3768.907148350316,3769.5441264997303,4.744085249332099
2,2000047,1,2000047,2,S,S,False,3774.007464371619,3779.38525460338,3774.007464371619,3779.38525460338,False,5.377790231761082,0.0255126953125,0.0255126953125,3774.4838542829334,3775.1208324323475,4.744085249332099
2,2000047,2,2000047,3,S,S,False,3779.38525460338,3784.763044835141,3779.38525460338,3784.763044835141,False,5.377790231761082,0.0255126953125,0.0255126953125,3780.064756382543,3780.701734531957,4.744085249332099
2,2000047,3,2000047,4,S,S,False,3784.763044835141,3790.140835066902,3784.763044835141,3790.140835066902,False,5.377790231761082,0.0255126953125,0.0255126953125,3785.5869121442615,3786.2238902936756,4.744085249332099
2,2000047,4,2000047,5,S,S,False,3790.140835066902,3795.518625298663,3790.140835066902,3795.518625298663,False,5.377790231761082,0.0255126953125,0.0255126953125,3790.7104320417225,3791.7460460553943,4.744085249332099
2,2000047,5,2000047,6,S,S,False,3795.518625298663,3800.8964155304243,3795.518625298663,3800.8964155304243,False,5.377790231761082,0.0255126953125,0.0255126953125,3795.9934062848865,3796.6303844343006,4.744085249332099
2,2000047,6,2000047,7,S,S,False,3800.8964155304243,3806.2742057621854,3800.8964155304243,3806.2742057621854,False,5.377790231761082,0.0255126953125,0.0255126953125,3801.5155620466053,3802.1525401960193,4.744085249332099
2,2000047,7,2000048,0,S,L,True,3806.2742057621854,3815.4881492436307,3806.2742057621854,3815.4881492436307,False,9.213943481445312,0.2663726806640625,0.2663726806640625,3806.2784019291776,3815.4881492436307,28.90973677019765
2,2000048,0,2000048,1,L,L,False,3815.4881492436307,3872.992091995941,3815.4881492436307,3872.992091995941,False,57.503942752310195,0.2663726806640625,0.2663726806640625,3830.7210746586697,3838.0173698246854,4.632250727770508
2,2000048,1,2000048,2,L,L,False,3872.992091995941,3930.496034748251,3872.992091995941,3930.496034748251,False,57.503942752310195,0.2663726806640625,0.2663726806640625,3891.0116020024197,3898.3078971684354,4.632250727770508
2,2000048,2,2000048,3,L,L,False,3930.496034748251,3987.9999775005613,3930.496034748251,3987.9999775005613,False,57.503942752310195,0.2663726806640625,0.2663726806640625,3946.1995902836697,3952.858068066873,4.632250727770508
2,2000048,3,2000048,4,L,L,False,3987.9999775005613,4045.5039202528715,3987.9999775005613,4000.0,True,12.000022499438728,0.2663726806640625,0.2663726806640625,3988.0041736675535,3997.2139209820066,22.197681769056803
3,3000025,0,3000025,1,L,L,False,1984.864901533176,2041.986761715181,2000.0,2041.986761715181,True,41.986761715181046,0.2663726806640625,0.0,1984.8690977001681,1996.6301145458713,0.0
3,3000025,1,3000025,2,L,L,False,2041.986761715181,2099.108621897186,2041.986761715181,2099.108621897186,False,57.121860182004866,0.2663726806640625,0.2663726806640511,2042.028273533276,2054.4271077617914,4.663235402616785
3,3000025,2,3000025,3,L,L,False,2099.108621897186,2156.230482079191,2099.108621897186,2156.230482079191,False,57.12186018200509,0.2663726806640625,0.2663726806640625,2099.112818064178,2110.873834909881,4.663235402616965
3,3000025,3,3000025,4,L,L,False,2156.230482079191,2213.352342261196,2156.230482079191,2213.352342261196,False,57.12186018200509,0.2663726806640625,0.2663726806640625,2156.238953236758,2168.6377874652735,4.663235402616965
3,3000025,4,3000025,5,L,L,False,2213.352342261196,2270.474202443201,2213.352342261196,2270.474202443201,False,57.12186018200509,0.2663726806640625,0.2663726806640625,2213.7725988666407,2224.8957983295313,4.663235402616965
3,3000025,5,3000025,6,L,L,False,2270.474202443201,2327.5960626252063,2270.474202443201,2327.5960626252063,False,57.12186018200509,0.2663726806640625,0.2663726806640625,2271.0134042572017,2283.4122384857174,4.663235402616965
3,3000025,6,3000025,7,L,L,False,2327.5960626252063,2384.7179228072114,2327.5960626252063,2384.7179228072114,False,57.12186018200509,0.2663726806640625,0.2663726806640625,2338.403518982633,2354.8264773566566,4.663235402616965
3,3000025,7,3000026,0,L,S,True,2384.7179228072114,2441.8397829892165,2384.7179228072114,2441.8397829892165,False,57.12186018200509,0.0255126953125,0.0255126953125,2384.850052185758,2385.487030335172,0.44663628304837977
3,3000026,0,3000026,1,S,S,False,2441.8397829892165,2447.1043227610526,2441.8397829892165,2447.1043227610526,False,5.264539771836098,0.0255126953125,0.0255126953125,2441.847653606893,2442.484631756307,4.846139723169384
3,3000026,1,3000026,2,S,S,False,2447.1043227610526,2452.3688625328887,2447.1043227610526,2452.3688625328887,False,5.264539771836098,0.0255126953125,0.0255126953125,2447.109647015096,2447.74662516451,4.846139723169384
3,3000026,2,3000026,3,S,S,False,2452.3688625328887,2457.6334023047248,2452.3688625328887,2457.6334023047248,False,5.264539771836098,0.0255126953125,0.0255126953125,2452.3758365902913,2453.0128147397054,4.846139723169384
3,3000026,3,3000026,4,S,S,False,2457.6334023047248,2462.897942076561,2457.6334023047248,2462.897942076561,False,5.264539771836098,0.0255126953125,0.0255126953125,2457.6378299984945,2458.2748081479085,4.846139723169384
3,3000026,4,3000026,5,S,S,False,2462.897942076561,2468.162481848397,2462.897942076561,2468.162481848397,False,5.264539771836098,0.0255126953125,0.0255126953125,2463.092847088338,2463.7298252377523,4.846139723169384
3,3000026,5,3000026,6,S,S,False,2468.162481848397,2473.427021620233,2468.162481848397,2473.427021620233,False,5.264539771836098,0.0255126953125,0.0255126953125,2468.6066105160726,2469.2435886654866,4.846139723169384
3,3000026,6,3000026,7,S,S,False,2473.427021620233,2478.691561392069,2473.427021620233,2478.691561392069,False,5.264539771836098,0.0255126953125,0.0255126953125,2473.432202557088,2474.0691807065023,4.846139723169384
3,3000026,7,3000027,0,S,S,True,2478.691561392069,2483.9561011639053,2478.691561392069,2483.9561011639053,False,5.264539771836098,0.0255126953125,0.0255126953125,2478.6983921322835,2479.3353702816976,4.846139723169384
3,3000027,0,3000027,1,S,S,False,2483.9561011639053,2489.256658373004,2483.9561011639053,2489.256658373004,False,5.30055720909877,0.0255126953125,0.0255126953125,2483.9603855404866,2484.5973636899007,4.8132100656711545
3,3000027,1,3000027,2,S,S,False,2489.256658373004,2494.557215582103,2489.256658373004,2494.557215582103,False,5.30055720909877,0.0255126953125,0.0255126953125,2489.2643406186116,2489.9013187680257,4.8132100656711545
3,3000027,2,3000027,3,S,S,False,2494.557215582103,2499.8577727912016,2494.557215582103,2499.8577727912016,False,5.30055720909877,0.0255126953125,0.0255126953125,2494.563260296346,2495.20023844576,4.8132100656711545
3,3000027,3,3000027,4,S,S,False,2499.8577727912016,2505.1583300003003,2499.8577727912016,2505.1583300003003,False,5.30055720909877,0.0255126953125,0.0255126953125,2499.863019207479,2500.499997356893,4.8132100656711545
3,3000027,4,3000027,5,S,S,False,2505.1583300003003,2510.458887209399,2505.1583300003003,2510.458887209399,False,5.30055720909877,0.0255126953125,0.0255126953125,2505.1627781186116,2505.7997562680257,4.8132100656711545
3,3000027,5,3000027,6,S,S,False,2510.458887209399,2515.759444418498,2510.458887209399,2515.759444418498,False,5.30055720909877,0.0255126953125,0.0255126953125,2510.4667331967366,2511.1037113461507,4.8132100656711545
3,3000027,6,3000027,7,S,S,False,2515.759444418498,2521.0600016275966,2515.759444418498,2521.0600016275966,False,5.30055720909877,0.0255126953125,0.0255126953125,2515.7664921078695,2516.4034702572835,4.8132100656711545
3,3000027,7,3000028,0,S,S,True,2521.0600016275966,2526.3605588366954,2521.0600016275966,2526.3605588366954,False,5.30055720909877,0.0255126953125,0.0255126953125,2521.087231853963,2521.7242100033773,4.8132100656711545
3,3000028,0,3000028,1,S,S,False,2526.3605588366954,2531.9911453687455,2526.3605588366954,2531.9911453687455,False,5.630586532050074,0.0255126953125,0.0255126953125,2526.43314860201,2527.070126751424,4.531090174580965
3,3000028,1,3000028,2,S,S,False,2531.9911453687455,2537.6217319007956,2531.9911453687455,2537.6217319007956,False,5.630586532050074,0.0255126953125,0.0255126953125,2531.9972660336507,2532.6342441830648,4.531090174580965
3,3000028,2,3000028,3,S,S,False,2537.6217319007956,2543.2523184328456,2537.6217319007956,2543.2523184328456,False,5.630586532050074,0.0255126953125,0.0255126953125,2537.6285221371663,2538.2655002865804,4.531090174580965
3,3000028,3,3000028,4,S,S,False,2543.2523184328456,2548.8829049648957,2543.2523184328456,2548.8829049648957,False,5.630586532050074,0.0255126953125,0.0255126953125,2543.256514599838,2543.893492749252,4.531090174580965
3,3000028,4,3000028,5,S,S,False,2548.8829049648957,2554.513491496946,2548.8829049648957,2554.513491496946,False,5.630586532050074,0.0255126953125,0.0255126953125,2548.888605100913,2549.525583250327,4.531090174580965
3,3000028,5,3000028,6,S,S,False,2554.513491496946,2560.144078028996,2554.513491496946,2560.144078028996,False,5.630586532050074,0.0255126953125,0.0255126953125,2554.5198612044287,2555.1568393538428,4.531090174580965
3,3000028,6,3000028,7,S,S,False,2560.144078028996,2565.774664561046,2560.144078028996,2565.774664561046,False,5.630586532050074,0.0255126953125,0.0255126953125,2560.1511173079443,2560.7880954573584,4.531090174580965
3,3000028,7,3000029,0,S,S,True,2565.774664561046,2571.405251093096,2565.774664561046,2571.405251093096,False,5.630586532050074,0.0255126953125,0.0255126953125,2565.78237341146,2566.419351560874,4.531090174580965
3,3000029,0,3000029,1,S,S,False,2571.405251093096,2576.839724634772,2571.405251093096,2576.839724634772,False,5.434473541676198,0.0255126953125,0.0255126953125,2571.4136295149756,2572.0506076643896,4.694602911735019
3,3000029,1,3000029,2,S,S,False,2576.839724634772,2582.2741981764484,2576.839724634772,2582.2741981764484,False,5.434473541676198,0.0255126953125,0.0255126953125,2576.8476657698584,2577.4846439192725,4.694602911735019
3,3000029,2,3000029,3,S,S,False,2582.2741981764484,2587.7086717181246,2582.2741981764484,2587.7086717181246,False,5.434473541676198,0.0255126953125,0.0255126953125,2582.281702024741,2582.9186801741553,4.694602911735019
3,3000029,3,3000029,4,S,S,False,2587.7086717181246,2593.143145259801,2587.7086717181246,2593.143145259801,False,5.434473541676198,0.0255126953125,0.0255126953125,2587.7241306136084,2588.3611087630225,4.694602911735019
3,3000029,4,3000029,5,S,S,False,2593.143145259801,2598.577618801477,2593.143145259801,2598.577618801477,False,5.434473541676198,0.0255126953125,0.0255126953125,2593.149774534507,2593.786752683921,4.694602911735019
3,3000029,5,3000029,6,S,S,False,2598.577618801477,2604.012092343153,2598.577618801477,2604.012092343153,False,5.434473541676198,0.0255126953125,0.0255126953125,2598.581814968469,2599.2187931178833,4.694602911735019
3,3000029,6,3000029,7,S,S,False,2604.012092343153,2609.4465658848294,2604.012092343153,2609.4465658848294,False,5.434473541676198,0.0255126953125,0.0255126953125,2604.0162885101454,2604.6532666595594,4.694602911735019
3,3000029,7,3000030,0,S,S,True,2609.4465658848294,2614.8810394265056,2609.4465658848294,2614.8810394265056,False,5.434473541676198,0.0255126953125,0.0255126953125,2609.453650222863,2610.090628372277,4.694602911735019
3,3000030,0,3000030,1,S,S,False,2614.8810394265056,2620.4857952177385,2614.8810394265056,2620.4857952177385,False,5.604755791232947,0.0255126953125,0.0255126953125,2614.887686477746,2615.52466462716,4.551972692977523
3,3000030,1,3000030,2,S,S,False,2620.4857952177385,2626.0905510089715,2620.4857952177385,2626.0905510089715,False,5.604755791232947,0.0255126953125,0.0255126953125,2620.4937655793083,2621.1307437287223,4.551972692977523
3,3000030,2,3000030,3,S,S,False,2626.0905510089715,2631.6953068002044,2626.0905510089715,2631.6953068002044,False,5.604755791232947,0.0255126953125,0.0255126953125,2626.0956485138786,2626.7326266632926,4.551972692977523
3,3000030,3,3000030,4,S,S,False,2631.6953068002044,2637.3000625914374,2631.6953068002044,2637.3000625914374,False,5.604755791232947,0.0255126953125,0.0255126953125,2631.701727615441,2632.338705764855,4.551972692977523
3,3000030,4,3000030,5,S,S,False,2637.3000625914374,2642.9048183826703,2637.3000625914374,2642.9048183826703,False,5.604755791232947,0.0255126953125,0.0255126953125,2637.3078067170036,2637.9447848664176,4.551972692977523
3,3000030,5,3000030,6,S,S,False,2642.9048183826703,2648.5095741739033,2642.9048183826703,2648.5095741739033,False,5.604755791232947,0.0255126953125,0.0255126953125,2642.9090145496625,2643.5459926990766,4.551972692977523
3,3000030,6,3000030,7,S,S,False,2648.5095741739033,2654.114329965136,2648.5095741739033,2654.114329965136,False,5.604755791232947,0.0255126953125,0.0255126953125,2648.5137703408955,2649.1507484903095,4.551972692977523
3,3000030,7,3000031,0,S,S,True,2654.114329965136,2659.719085756369,2654.114329965136,2659.719085756369,False,5.604755791232947,0.0255126953125,0.0255126953125,2654.1185261321284,2654.7555042815425,4.551972692977523
3,3000031,0,3000031,1,S,S,False,2659.719085756369,2665.1277893571787,2659.719085756369,2665.1277893571787,False,5.408703600809531,0.0255126953125,0.0255126953125,2659.7232819233614,2660.3602600727754,4.716970497085747
3,3000031,1,3000031,2,S,S,False,2665.1277893571787,2670.5364929579882,2665.1277893571787,2670.5364929579882,False,5.408703600809531,0.0255126953125,0.0255126953125,2665.1343569659066,2665.7713351153207,4.716970497085747
3,3000031,2,3000031,3,S,S,False,2670.5364929579882,2675.9451965587978,2670.5364929579882,2675.9451965587978,False,5.408703600809531,0.0255126953125,0.0255126953125,2671.113894929774,2671.750873079188,4.716970497085747
3,3000031,3,3000031,4,S,S,False,2675.9451965587978,2681.3539001596073,2675.9451965587978,2681.3539001596073,False,5.408703600809531,0.0255126953125,0.0255126953125,2675.952075471766,2676.58905362118,4.716970497085747
3,3000031,4,3000031,5,S,S,False,2681.3539001596073,2686.762603760417,2681.3539001596073,2686.762603760417,False,5.408703600809531,0.0255126953125,0.0255126953125,2681.3609347246957,2681.9979128741097,4.716970497085747
3,3000031,5,3000031,6,S,S,False,2686.762603760417,2692.1713073612264,2686.762603760417,2692.1713073612264,False,5.408703600809531,0.0255126953125,0.0255126953125,2686.7697939776253,2687.4067721270394,4.716970497085747
3,3000031,6,3000031,7,S,S,False,2692.1713073612264,2697.580010962036,2692.1713073612264,2697.580010962036,False,5.408703600809531,0.0255126953125,0.0255126953125,2692.178653230555,2692.815631379969,4.716970497085747
3,3000031,7,3000032,0,S,S,True,2697.580010962036,2702.9887145628454,2697.580010962036,2702.9887145628454,False,5.408703600809531,0.0255126953125,0.0255126953125,2697.5875124834847,2698.224490632899,4.716970497085747
3,3000032,0,3000032,1,S,S,False,2702.9887145628454,2708.2841254637647,2702.9887145628454,2708.2841254637647,False,5.295410900919251,0.0255126953125,0.0255126953125,2703.52508877743,2704.162066926844,4.8178877503294695
3,3000032,1,3000032,2,S,S,False,2708.2841254637647,2713.579536364684,2708.2841254637647,2713.579536364684,False,5.295410900919251,0.0255126953125,0.0255126953125,2708.783070459394,2709.420048608808,4.8178877503294695
3,3000032,2,3000032,3,S,S,False,2713.579536364684,2718.874947265603,2713.579536364684,2718.874947265603,False,5.295410900919251,0.0255126953125,0.0255126953125,2714.045063867597,2714.682042017011,4.8178877503294695
3,3000032,3,3000032,4,S,S,False,2718.874947265603,2724.1703581665224,2718.874947265603,2724.1703581665224,False,5.295410900919251,0.0255126953125,0.0255126953125,2719.302861108808,2719.939839258222,4.8178877503294695
3,3000032,4,3000032,5,S,S,False,2724.1703581665224,2729.4657690674417,2724.1703581665224,2729.4657690674417,False,5.295410900919251,0.0255126953125,0.0255126953125,2724.564854517011,2725.201832666425,4.8178877503294695
3,3000032,5,3000032,6,S,S,False,2729.4657690674417,2734.761179968361,2729.4657690674417,2734.761179968361,False,5.295410900919251,0.0255126953125,0.0255126953125,2729.822651758222,2730.459629907636,4.8178877503294695
3,3000032,6,3000032,7,S,S,False,2734.761179968361,2740.05659086928,2734.761179968361,2740.05659086928,False,5.295410900919251,0.0255126953125,0.0255126953125,2735.080448999433,2735.717427148847,4.8178877503294695
3,3000032,7,3000033,0,S,L,True,2740.05659086928,2767.5915116215033,2740.05659086928,2767.5915116215033,False,27.534920752223115,0.2663726806640625,0.2663726806640625,2757.106129541425,2767.5915116215033,9.673994817746337
3,3000033,0,3000033,1,L,L,False,2767.5915116215033,2824.956510777322,2767.5915116215033,2824.956510777322,False,57.36499915581862,0.2663726806640625,0.2663726806640625,2767.5957077884955,2776.8054551029486,4.6434704886950895
3,3000033,1,3000033,2,L,L,False,2824.956510777322,2882.3215099331405,2824.956510777322,2882.3215099331405,False,57.36499915581862,0.2663726806640625,0.2663726806640625,2824.960706944314,2837.3595411728297,4.6434704886950895
3,3000033,2,3000033,3,L,L,False,2882.3215099331405,2939.686509088959,2882.3215099331405,2939.686509088959,False,57.36499915581862,0.2663726806640625,0.2663726806640625,2882.8084490251945,2896.482918019335,4.6434704886950895
3,3000033,3,3000033,4,L,L,False,2939.686509088959,2997.051508244778,2939.686509088959,2997.051508244778,False,57.36499915581862,0.2663726806640625,0.2663726806640625,2939.9220883730404,2949.1318356874935,4.6434704886950895
3,3000033,4,3000033,5,L,L,False,2997.051508244778,3054.4165074005964,2997.051508244778,3054.4165074005964,False,57.36499915581862,0.2663726806640625,0.2663726806640625,3008.300879275333,3018.1484439725987,4.6434704886950895
3,3000033,5,3000033,6,L,L,False,3054.4165074005964,3111.781506556415,3054.4165074005964,3111.781506556415,False,57.36499915581862,0.2663726806640625,0.2663726806640625,3069.5858981962315,3078.7956455106846,4.6434704886950895
3,3000033,6,3000033,7,L,L,False,3111.781506556415,3169.1465057122336,3111.781506556415,3169.1465057122336,False,57.36499915581862,0.2663726806640625,0.2663726806640625,3121.6603305692784,3128.956625735294,4.6434704886950895
3,3000033,7,3000034,0,L,S,True,3169.1465057122336,3226.5115048680523,3169.1465057122336,3226.5115048680523,False,57.36499915581862,0.0255126953125,0.0255126953125,3169.2029025907627,3169.839880740177,0.4447432352121321
3,3000034,0,3000034,1,S,S,False,3226.5115048680523,3231.961444214245,3226.5115048680523,3231.961444214245,False,5.449939346192878,0.0255126953125,0.0255126953125,3226.5165566967858,3227.1535348462,4.681280596328509
3,3000034,1,3000034,2,S,S,False,3231.961444214245,3237.411383560438,3231.961444214245,3237.411383560438,False,5.449939346192878,0.0255126953125,0.0255126953125,3231.9673776196373,3232.6043557690514,4.681280596328509
3,3000034,2,3000034,3,S,S,False,3237.411383560438,3242.861322906631,3237.411383560438,3242.861322906631,False,5.449939346192878,0.0255126953125,0.0255126953125,3237.419168931924,3238.056147081338,4.681280596328509
3,3000034,3,3000034,4,S,S,False,3242.861322906631,3248.311262252824,3242.861322906631,3248.311262252824,False,5.449939346192878,0.0255126953125,0.0255126953125,3242.8657936877835,3243.5027718371975,4.681280596328509
3,3000034,4,3000034,5,S,S,False,3248.311262252824,3253.7612015990167,3248.311262252824,3253.7612015990167,False,5.449939346192878,0.0255126953125,0.0255126953125,3248.316614610635,3248.953592760049,4.681280596328509
3,3000034,5,3000034,6,S,S,False,3253.7612015990167,3259.2111409452095,3253.7612015990167,3259.2111409452095,False,5.449939346192878,0.0255126953125,0.0255126953125,3253.765397766009,3254.402375915423,4.681280596328509
3,3000034,6,3000034,7,S,S,False,3259.2111409452095,3264.6610802914024,3259.2111409452095,3264.6610802914024,False,5.449939346192878,0.0255126953125,0.0255126953125,3259.218984629128,3259.855962778542,4.681280596328509
3,3000034,7,3000035,0,S,S,True,3264.6610802914024,3270.1110196375953,3264.6610802914024,3270.1110196375953,False,5.449939346192878,0.0255126953125,0.0255126953125,3264.6656093849874,3265.3025875344015,4.681280596328509
3,3000035,0,3000035,1,S,S,False,3270.1110196375953,3275.648652942673,3270.1110196375953,3275.648652942673,False,5.537633305077634,0.0255126953125,0.0255126953125,3270.1152158045875,3270.7521939540015,4.607147838609428
3,3000035,1,3000035,2,S,S,False,3275.648652942673,3281.1862862477506,3275.648652942673,3281.1862862477506,False,5.537633305077634,0.0255126953125,0.0255126953125,3275.656371590479,3276.293349739893,4.607147838609428
3,3000035,2,3000035,3,S,S,False,3281.1862862477506,3286.723919552828,3281.1862862477506,3286.723919552828,False,5.537633305077634,0.0255126953125,0.0255126953125,3281.1911158531743,3281.8280940025884,4.607147838609428
3,3000035,3,3000035,4,S,S,False,3286.723919552828,3292.261552857906,3286.723919552828,3292.261552857906,False,5.537633305077634,0.0255126953125,0.0255126953125,3286.730056282862,3287.367034432276,4.607147838609428
3,3000035,4,3000035,5,S,S,False,3292.261552857906,3297.7991861629835,3292.261552857906,3297.7991861629835,False,5.537633305077634,0.0255126953125,0.0255126953125,3292.265749024898,3292.902727174312,4.607147838609428
3,3000035,5,3000035,6,S,S,False,3297.7991861629835,3303.336819468061,3297.7991861629835,3303.336819468061,False,5.537633305077634,0.0255126953125,0.0255126953125,3297.8046894545855,3298.4416676039996,4.607147838609428
3,3000035,6,3000035,7,S,S,False,3303.336819468061,3308.8744527731387,3303.336819468061,3308.8744527731387,False,5.537633305077634,0.0255126953125,0.0255126953125,3303.343629884273,3303.980608033687,4.607147838609428
3,3000035,7,3000036,0,S,S,True,3308.8744527731387,3314.4120860782164,3308.8744527731387,3314.4120860782164,False,5.537633305077634,0.0255126953125,0.0255126953125,3308.8825703139605,3309.5195484633746,4.607147838609428
3,3000036,0,3000036,1,S,S,False,3314.4120860782164,3320.058174894754,3314.4120860782164,3320.058174894754,False,5.646088816537485,0.0255126953125,0.0255126953125,3314.4162822452085,3315.0532603946226,4.518649306006824
3,3000036,1,3000036,2,S,S,False,3320.058174894754,3325.7042637112913,3320.058174894754,3325.7042637112913,False,5.646088816537485,0.0255126953125,0.0255126953125,3320.0658775770216,3320.7028557264357,4.518649306006824
3,3000036,2,3000036,3,S,S,False,3325.7042637112913,3331.350352527829,3325.7042637112913,3331.350352527829,False,5.646088816537485,0.0255126953125,0.0255126953125,3325.7084598782835,3326.3454380276976,4.518649306006824
3,3000036,3,3000036,4,S,S,False,3331.350352527829,3336.9964413443663,3331.350352527829,3336.9964413443663,False,5.646088816537485,0.0255126953125,0.0255126953125,3331.354548694821,3331.991526844235,4.518649306006824
3,3000036,4,3000036,5,S,S,False,3336.9964413443663,3342.642530160904,3336.9964413443663,3342.642530160904,False,5.646088816537485,0.0255126953125,0.0255126953125,3337.0006375113585,3337.6376156607726,4.518649306006824
3,3000036,5,3000036,6,S,S,False,3342.642530160904,3348.2886189774413,3342.642530160904,3348.2886189774413,False,5.646088816537485,0.0255126953125,0.0255126953125,3342.6503952843323,3343.2873734337463,4.518649306006824
3,3000036,6,3000036,7,S,S,False,3348.2886189774413,3353.9347077939788,3348.2886189774413,3353.9347077939788,False,5.646088816537485,0.0255126953125,0.0255126953125,3348.2928151444335,3348.9297932938475,4.518649306006824
3,3000036,7,3000037,0,S,S,True,3353.9347077939788,3359.5807966105162,3353.9347077939788,3359.5807966105162,False,5.646088816537485,0.0255126953125,0.0255126953125,3353.9414679377564,3354.5784460871705,4.518649306006824
3,3000037,0,3000037,1,S,S,False,3359.5807966105162,3365.159729660925,3359.5807966105162,3365.159729660925,False,5.578933050408978,0.0255126953125,0.0255126953125,3359.5853125422486,3360.2222906916627,4.573042028283478
3,3000037,1,3000037,2,S,S,False,3365.159729660925,3370.738662711334,3365.159729660925,3370.738662711334,False,5.578933050408978,0.0255126953125,0.0255126953125,3365.166214641858,3365.803192791272,4.573042028283478
3,3000037,2,3000037,3,S,S,False,3370.738662711334,3376.317595761743,3370.738662711334,3376.317595761743,False,5.578933050408978,0.0255126953125,0.0255126953125,3371.3275776247006,3371.9645557741146,4.573042028283478
3,3000037,3,3000037,4,S,S,False,3376.317595761743,3381.896528812152,3376.317595761743,3381.896528812152,False,5.578933050408978,0.0255126953125,0.0255126953125,3376.597963366888,3377.234941516302,4.573042028283478
3,3000037,4,3000037,5,S,S,False,3381.896528812152,3387.475461862561,3381.896528812152,3387.475461862561,False,5.578933050408978,0.0255126953125,0.0255126953125,3381.9007249791443,3382.5377031285584,4.573042028283478
3,3000037,5,3000037,6,S,S,False,3387.475461862561,3393.05439491297,3387.475461862561,3393.05439491297,False,5.578933050408978,0.0255126953125,0.0255126953125,3387.4796580295533,3388.1166361789674,4.573042028283478
3,3000037,6,3000037,7,S,S,False,3393.05439491297,3398.633327963379,3393.05439491297,3398.633327963379,False,5.578933050408978,0.0255126953125,0.0255126953125,3393.0585910799623,3393.6955692293764,4.573042028283478
3,3000037,7,3000038,0,S,S,True,3398.633327963379,3404.212261013788,3398.633327963379,3404.212261013788,False,5.578933050408978,0.0255126953125,0.0255126953125,3398.6403818344584,3399.2773599838724,4.573042028283478
3,3000038,0,3000038,1,S,S,False,3404.212261013788,3409.832514289512,3404.212261013788,3409.832514289512,False,5.620253275723826,0.0255126953125,0.0255126953125,3404.2170877670756,3404.8540659164896,4.539420923021347
3,3000038,1,3000038,2,S,S,False,3409.832514289512,3415.4527675652357,3409.832514289512,3415.4527675652357,False,5.620253275723826,0.0255126953125,0.0255126953125,3410.0114331427026,3410.6484112921166,4.539420923021347
3,3000038,2,3000038,3,S,S,False,3415.4527675652357,3421.0730208409595,3415.4527675652357,3421.0730208409595,False,5.620253275723826,0.0255126953125,0.0255126953125,3415.458057898562,3416.095036047976,4.539420923021347
3,3000038,3,3000038,4,S,S,False,3421.0730208409595,3426.6932741166834,3421.0730208409595,3426.6932741166834,False,5.620253275723826,0.0255126953125,0.0255126953125,3421.0772170079517,3421.714195157366,4.539420923021347
3,3000038,4,3000038,5,S,S,False,3426.6932741166834,3432.313527392407,3426.6932741166834,3432.313527392407,False,5.620253275723826,0.0255126953125,0.0255126953125,3427.2213551257732,3427.8583332751873,4.539420923021347
3,3000038,5,3000038,6,S,S,False,3432.313527392407,3437.933780668131,3432.313527392407,3437.933780668131,False,5.620253275723826,0.0255126953125,0.0255126953125,3432.5952347618713,3433.2322129112854,4.539420923021347
3,3000038,6,3000038,7,S,S,False,3437.933780668131,3443.554033943855,3437.933780668131,3443.554033943855,False,5.620253275723826,0.0255126953125,0.0255126953125,3438.029271016754,3438.666249166168,4.539420923021347
3,3000038,7,3000039,0,S,S,True,3443.554033943855,3449.1742872195787,3443.554033943855,3449.1742872195787,False,5.620253275723826,0.0255126953125,0.0255126953125,3444.100758715523,3444.7377368649372,4.539420923021347
3,3000039,0,3000039,1,S,S,False,3449.1742872195787,3454.4645521323177,3449.1742872195787,3454.4645521323177,False,5.290264912739076,0.0255126953125,0.0255126953125,3449.5352322571994,3450.1722104066134,4.822574244073271
3,3000039,1,3000039,2,S,S,False,3454.4645521323177,3459.754817045057,3454.4645521323177,3459.754817045057,False,5.290264912739076,0.0255126953125,0.0255126953125,3454.9697057988756,3455.6066839482896,4.822574244073271
3,3000039,2,3000039,3,S,S,False,3459.754817045057,3465.045081957796,3459.754817045057,3465.045081957796,False,5.290264912739076,0.0255126953125,0.0255126953125,3460.4041793405518,3461.041157489966,4.822574244073271
3,3000039,3,3000039,4,S,S,False,3465.045081957796,3470.335346870535,3465.045081957796,3470.335346870535,False,5.290264912739076,0.0255126953125,0.0255126953125,3465.838652882228,3466.475631031642,4.822574244073271
3,3000039,4,3000039,5,S,S,False,3470.335346870535,3475.625611783274,3470.335346870535,3475.625611783274,False,5.290264912739076,0.0255126953125,0.0255126953125,3471.276885304103,3471.913863453517,4.822574244073271
3,3000039,5,3000039,6,S,S,False,3475.625611783274,3480.915876696013,3475.625611783274,3480.915876696013,False,5.290264912739076,0.0255126953125,0.0255126953125,3476.652175221095,3477.289153370509,4.822574244073271
3,3000039,6,3000039,7,S,S,False,3480.915876696013,3486.206141608752,3480.915876696013,3486.206141608752,False,5.290264912739076,0.0255126953125,0.0255126953125,3481.372863087306,3482.00984123672,4.822574244073271
3,3000039,7,3000040,0,S,S,True,3486.206141608752,3491.4964065214913,3486.206141608752,3491.4964065214913,False,5.290264912739076,0.0255126953125,0.0255126953125,3486.727518870819,3487.364497020233,4.822574244073271
3,3000040,0,3000040,1,S,S,False,3491.4964065214913,3496.8896519977775,3491.4964065214913,3496.8896519977775,False,5.393245476286211,0.0255126953125,0.0255126953125,3492.0860241198425,3492.7230022692565,4.730490281719579
3,3000040,1,3000040,2,S,S,False,3496.8896519977775,3502.2828974740637,3496.8896519977775,3502.2828974740637,False,5.393245476286211,0.0255126953125,0.0255126953125,3497.444529368866,3498.08150751828,4.730490281719579
3,3000040,2,3000040,3,S,S,False,3502.2828974740637,3507.67614295035,3502.2828974740637,3507.67614295035,False,5.393245476286211,0.0255126953125,0.0255126953125,3502.8030346178894,3503.4400127673034,4.730490281719579
3,3000040,3,3000040,4,S,S,False,3507.67614295035,3513.069388426636,3507.67614295035,3513.069388426636,False,5.393245476286211,0.0255126953125,0.0255126953125,3508.1592988099947,3508.7962769594087,4.730490281719579
3,3000040,4,3000040,5,S,S,False,3513.069388426636,3518.4626339029223,3513.069388426636,3518.4626339029223,False,5.393245476286211,0.0255126953125,0.0255126953125,3513.513607892026,3514.15058604144,4.730490281719579
3,3000040,5,3000040,6,S,S,False,3518.4626339029223,3523.8558793792085,3518.4626339029223,3523.8558793792085,False,5.393245476286211,0.0255126953125,0.0255126953125,3518.8721131410493,3519.5090912904634,4.730490281719579
3,3000040,6,3000040,7,S,S,False,3523.8558793792085,3529.2491248554948,3523.8558793792085,3529.2491248554948,False,5.393245476286211,0.0255126953125,0.0255126953125,3524.3858765687837,3525.022854718198,4.730490281719579
3,3000040,7,3000041,0,S,S,True,3529.2491248554948,3534.642370331781,3529.2491248554948,3534.642370331781,False,5.393245476286211,0.0255126953125,0.0255126953125,3529.253430279721,3530.393948468198,4.730490281719579
3,3000041,0,3000041,1,S,S,False,3534.642370331781,3540.1387243715103,3534.642370331781,3540.1387243715103,False,5.49635403972934,0.0255126953125,0.0255126953125,3534.863705548276,3535.50068369769,4.641748899013124
3,3000041,1,3000041,2,S,S,False,3540.1387243715103,3545.6350784112396,3540.1387243715103,3545.6350784112396,False,5.49635403972934,0.0255126953125,0.0255126953125,3540.5117463197603,3541.1487244691743,4.641748899013124
3,3000041,2,3000041,3,S,S,False,3545.6350784112396,3551.131432450969,3545.6350784112396,3551.131432450969,False,5.49635403972934,0.0255126953125,0.0255126953125,3546.163983258237,3546.800961407651,4.641748899013124
3,3000041,3,3000041,4,S,S,False,3551.131432450969,3556.6277864906983,3551.131432450969,3556.6277864906983,False,5.49635403972934,0.0255126953125,0.0255126953125,3551.136441143979,3551.773419293393,4.641748899013124
3,3000041,4,3000041,5,S,S,False,3556.6277864906983,3562.1241405304277,3556.6277864906983,3562.1241405304277,False,5.49635403972934,0.0255126953125,0.0255126953125,3556.6334199037447,3557.2703980531587,4.641748899013124
3,3000041,5,3000041,6,S,S,False,3562.1241405304277,3567.620494570157,3562.1241405304277,3567.620494570157,False,5.49635403972934,0.0255126953125,0.0255126953125,3562.1303986635103,3562.7673768129243,4.641748899013124
3,3000041,6,3000041,7,S,S,False,3567.620494570157,3573.1168486098863,3567.620494570157,3573.1168486098863,False,5.49635403972934,0.0255126953125,0.0255126953125,3567.627377423276,3568.26435557269,4.641748899013124
3,3000041,7,3000042,0,S,S,True,3573.1168486098863,3578.6132026496157,3573.1168486098863,3578.6132026496157,False,5.49635403972934,0.0255126953125,0.0255126953125,3573.1243561830415,3573.7613343324556,4.641748899013124
3,3000042,0,3000042,1,S,S,False,3578.6132026496157,3583.996144309552,3578.6132026496157,3583.996144309552,False,5.382941659936478,0.0255126953125,0.0255126953125,3578.6204957094087,3579.257473858823,4.739545201164425
3,3000042,1,3000042,2,S,S,False,3583.996144309552,3589.3790859694886,3583.996144309552,3589.3790859694886,False,5.382941659936478,0.0255126953125,0.0255126953125,3584.0041779603853,3584.6411561097993,4.739545201164425
3,3000042,2,3000042,3,S,S,False,3589.3790859694886,3594.762027629425,3589.3790859694886,3594.762027629425,False,5.382941659936478,0.0255126953125,0.0255126953125,3589.3836640443697,3590.0206421937837,4.739545201164425
3,3000042,3,3000042,4,S,S,False,3594.762027629425,3600.1449692893616,3594.762027629425,3600.1449692893616,False,5.382941659936478,0.0255126953125,0.0255126953125,3594.767346295346,3595.4043244447603,4.739545201164425
3,3000042,4,3000042,5,S,S,False,3600.1449692893616,3605.527910949298,3600.1449692893616,3605.527910949298,False,5.382941659936478,0.0255126953125,0.0255126953125,3600.151028546323,3600.788006695737,4.739545201164425
3,3000042,5,3000042,6,S,S,False,3605.527910949298,3610.9108526092346,3605.527910949298,3610.9108526092346,False,5.382941659936478,0.0255126953125,0.0255126953125,3605.5347107972993,3606.1716889467134,4.739545201164425
3,3000042,6,3000042,7,S,S,False,3610.9108526092346,3616.293794269171,3610.9108526092346,3616.293794269171,False,5.382941659936478,0.0255126953125,0.0255126953125,3610.918393048276,3611.55537119769,4.739545201164425
3,3000042,7,3000043,0,S,S,True,3616.293794269171,3621.6767359291075,3616.293794269171,3621.6767359291075,False,5.382941659936478,0.0255126953125,0.0255126953125,3616.3020752992525,3616.9390534486665,4.739545201164425
3,3000043,0,3000043,1,S,S,False,3621.6767359291075,3627.0030294791,3621.6767359291075,3627.0030294791,False,5.326293549992442,0.0255126953125,0.0255126953125,3621.6849183168306,3622.3218964662447,4.78995291435565
3,3000043,1,3000043,2,S,S,False,3627.0030294791,3632.3293230290924,3627.0030294791,3632.3293230290924,False,5.326293549992442,0.0255126953125,0.0255126953125,3627.0098542299165,3627.6468323793306,4.78995291435565
3,3000043,2,3000043,3,S,S,False,3632.3293230290924,3637.655616579085,3632.3293230290924,3637.655616579085,False,5.326293549992442,0.0255126953125,0.0255126953125,3632.3335191960846,3632.9704973454986,4.78995291435565
3,3000043,3,3000043,4,S,S,False,3637.655616579085,3642.9819101290773,3637.655616579085,3642.9819101290773,False,5.326293549992442,0.0255126953125,0.0255126953125,3637.661843491204,3638.298821640618,4.78995291435565
3,3000043,4,3000043,5,S,S,False,3642.9819101290773,3648.3082036790697,3642.9819101290773,3648.3082036790697,False,5.326293549992442,0.0255126953125,0.0255126953125,3643.037133408196,3643.67411155761,4.78995291435565
3,3000043,5,3000043,6,S,S,False,3648.3082036790697,3653.634497229062,3648.3082036790697,3653.634497229062,False,5.326293549992442,0.0255126953125,0.0255126953125,3648.630624008782,3649.267602158196,4.78995291435565
3,3000043,6,3000043,7,S,S,False,3653.634497229062,3658.9607907790546,3653.634497229062,3658.9607907790546,False,5.326293549992442,0.0255126953125,0.0255126953125,3654.22831077636,3654.865288925774,4.78995291435565
3,3000043,7,3000044,0,S,S,True,3658.9607907790546,3664.287084329047,3658.9607907790546,3664.287084329047,False,5.326293549992442,0.0255126953125,0.0255126953125,3658.96578331054,3659.602761459954,4.78995291435565
3,3000044,0,3000044,1,S,S,False,3664.287084329047,3669.819556605957,3664.287084329047,3669.819556605957,False,5.5324722769100845,0.0255126953125,0.0255126953125,3664.294915390618,3664.931893540032,4.611445667604679
3,3000044,1,3000044,2,S,S,False,3669.819556605957,3675.352028882867,3669.819556605957,3675.352028882867,False,5.5324722769100845,0.0255126953125,0.0255126953125,3669.825463486321,3670.462441635735,4.611445667604679
3,3000044,2,3000044,3,S,S,False,3675.352028882867,3680.8845011597773,3675.352028882867,3680.8845011597773,False,5.5324722769100845,0.0255126953125,0.0255126953125,3675.3562250498594,3675.9932031992735,4.611445667604679
3,3000044,3,3000044,4,S,S,False,3680.8845011597773,3686.4169734366874,3680.8845011597773,3686.4169734366874,False,5.5324722769100845,0.0255126953125,0.0255126953125,3680.8909693125547,3681.527947461969,4.611445667604679
3,3000044,4,3000044,5,S,S,False,3686.4169734366874,3691.9494457135975,3686.4169734366874,3691.9494457135975,False,5.5324722769100845,0.0255126953125,0.0255126953125,3686.421517408258,3687.058495557672,4.611445667604679
3,3000044,5,3000044,6,S,S,False,3691.9494457135975,3697.4819179905076,3691.9494457135975,3697.4819179905076,False,5.5324722769100845,0.0255126953125,0.0255126953125,3691.9536418805897,3692.5906200300037,4.611445667604679
3,3000044,6,3000044,7,S,S,False,3697.4819179905076,3703.0143902674176,3697.4819179905076,3703.0143902674176,False,5.5324722769100845,0.0255126953125,0.0255126953125,3698.0842418561756,3698.7212200055897,4.611445667604679
3,3000044,7,3000045,0,S,L,True,3703.0143902674176,3725.962736118871,3703.0143902674176,3725.962736118871,False,22.94834585145327,0.2663726806640625,0.2663726806640625,3715.477354038793,3725.962736118871,11.607489375849445
3,3000045,0,3000045,1,L,L,False,3725.962736118871,3783.466678871181,3725.962736118871,3783.466678871181,False,57.503942752310195,0.2663726806640625,0.2663726806640625,3735.8119792829334,3745.0217265973865,4.632250727770508
3,3000045,1,3000045,2,L,L,False,3783.466678871181,3840.9706216234913,3783.466678871181,3840.9706216234913,False,57.503942752310195,0.2663726806640625,0.2663726806640625,3786.967451084691,3797.4528331647693,4.632250727770508
3,3000045,2,3000045,3,L,L,False,3840.9706216234913,3898.4745643758015,3840.9706216234913,3898.4745643758015,False,57.503942752310195,0.2663726806640625,0.2663726806640625,3853.2502952397244,3860.54659040574,4.632250727770508
3,3000045,3,3000045,4,L,L,False,3898.4745643758015,3955.9785071281117,3898.4745643758015,3955.9785071281117,False,57.503942752310195,0.2663726806640625,0.2663726806640625,3904.9680534184354,3911.6265312016385,4.632250727770508
3,3000045,4,3000045,5,L,L,False,3955.9785071281117,4013.482449880422,3955.9785071281117,4000.0,True,44.02149287188831,0.2663726806640625,0.2663726806640625,3955.982703295104,3962.641181078307,6.050968817419762
4,4000022,3,4000022,4,L,L,False,1994.305361528757,2051.5314222081033,2000.0,2051.5314222081033,True,51.53142220810332,0.2663726806640625,0.2663726806640625,2022.7059354687228,2034.466952314426,5.169131167937674
4,4000022,4,4000022,5,L,L,False,2051.5314222081033,2108.7574828874494,2051.5314222081033,2108.7574828874494,False,57.22606067934612,0.2663726806640625,0.2663726806640625,2078.5894765362054,2090.988310764721,4.654744315821848
4,4000022,5,4000022,6,L,L,False,2108.7574828874494,2165.9835435667956,2108.7574828874494,2165.9835435667956,False,57.22606067934612,0.2663726806640625,0.2663726806640625,2136.949655832733,2148.710672678436,4.654744315821848
4,4000022,6,4000022,7,L,L,False,2165.9835435667956,2223.2096042461417,2165.9835435667956,2223.2096042461417,False,57.22606067934612,0.2663726806640625,0.2663726806640625,2193.4379736225,2203.923355702578,4.654744315821848
4,4000022,7,4000023,0,L,S,True,2223.2096042461417,2280.435664925488,2223.2096042461417,2280.435664925488,False,57.22606067934612,0.0255126953125,0.0255126953125,2223.2139745990626,2223.8509527484766,0.445823022057291
4,4000023,0,4000023,1,S,S,False,2280.435664925488,2285.700204697324,2280.435664925488,2285.700204697324,False,5.264539771836098,0.0255126953125,0.0255126953125,2281.583548910522,2282.220527059936,4.846139723169384
4,4000023,1,4000023,2,S,S,False,2285.700204697324,2290.96474446916,2285.700204697324,2290.96474446916,False,5.264539771836098,0.0255126953125,0.0255126953125,2285.7083810638424,2286.3453592132564,4.846139723169384
4,4000023,2,4000023,3,S,S,False,2290.96474446916,2296.229284240996,2290.96474446916,2296.229284240996,False,5.264539771836098,0.0255126953125,0.0255126953125,2290.9703744720455,2291.6073526214595,4.846139723169384
4,4000023,3,4000023,4,S,S,False,2296.229284240996,2301.493824012832,2296.229284240996,2301.493824012832,False,5.264539771836098,0.0255126953125,0.0255126953125,2296.299172158036,2296.93615030745,4.846139723169384
4,4000023,4,4000023,5,S,S,False,2301.493824012832,2306.7583637846683,2301.493824012832,2306.7583637846683,False,5.264539771836098,0.0255126953125,0.0255126953125,2301.630613936207,2302.267592085621,4.846139723169384
4,4000023,5,4000023,6,S,S,False,2306.7583637846683,2312.0229035565044,2306.7583637846683,2312.0229035565044,False,5.264539771836098,0.0255126953125,0.0255126953125,2306.9620557143776,2307.5990338637916,4.846139723169384
4,4000023,6,4000023,7,S,S,False,2312.0229035565044,2317.2874433283405,2312.0229035565044,2317.2874433283405,False,5.264539771836098,0.0255126953125,0.0255126953125,2312.2934974925483,2312.9304756419624,4.846139723169384
4,4000023,7,4000024,0,S,S,True,2317.2874433283405,2322.5519831001766,2317.2874433283405,2322.5519831001766,False,5.264539771836098,0.0255126953125,0.0255126953125,2317.2934420783363,2317.9304202277503,4.846139723169384
4,4000024,0,4000024,1,S,S,False,2322.5519831001766,2328.079294668919,2322.5519831001766,2328.079294668919,False,5.527311568742334,0.0255126953125,0.0255126953125,2322.5596316535316,2323.1966098029457,4.615751255416396
4,4000024,1,4000024,2,S,S,False,2328.079294668919,2333.6066062376613,2328.079294668919,2333.6066062376613,False,5.527311568742334,0.0255126953125,0.0255126953125,2328.085144348844,2328.722122498258,4.615751255416396
4,4000024,2,4000024,3,S,S,False,2333.6066062376613,2339.1339178064036,2333.6066062376613,2339.1339178064036,False,5.527311568742334,0.0255126953125,0.0255126953125,2333.611496277555,2334.248474426969,4.615751255416396
4,4000024,3,4000024,4,S,S,False,2339.1339178064036,2344.661229375146,2339.1339178064036,2344.661229375146,False,5.527311568742334,0.0255126953125,0.0255126953125,2339.142044373258,2339.779022522672,4.615751255416396
4,4000024,4,4000024,5,S,S,False,2344.661229375146,2350.1885409438883,2344.661229375146,2350.1885409438883,False,5.527311568742334,0.0255126953125,0.0255126953125,2345.155151673063,2345.792129822477,4.615751255416396
4,4000024,5,4000024,6,S,S,False,2350.1885409438883,2355.7158525126306,2350.1885409438883,2355.7158525126306,False,5.527311568742334,0.0255126953125,0.0255126953125,2350.4465182502113,2351.0834963996253,4.615751255416396
4,4000024,6,4000024,7,S,S,False,2355.7158525126306,2361.243164081373,2355.7158525126306,2361.243164081373,False,5.527311568742334,0.0255126953125,0.0255126953125,2355.7378848273597,2356.374862976774,4.615751255416396
4,4000024,7,4000025,0,S,S,True,2361.243164081373,2366.7704756501153,2361.243164081373,2366.7704756501153,False,5.527311568742334,0.0255126953125,0.0255126953125,2361.247452088102,2361.884430237516,4.615751255416396
4,4000025,0,4000025,1,S,S,False,2366.7704756501153,2372.3700662531837,2366.7704756501153,2372.3700662531837,False,5.599590603068464,0.0255126953125,0.0255126953125,2366.778000183805,2367.414978333219,4.556171534847485
4,4000025,1,4000025,2,S,S,False,2372.3700662531837,2377.969656856252,2372.3700662531837,2377.969656856252,False,5.599590603068464,0.0255126953125,0.0255126953125,2372.375686951383,2373.012665100797,4.556171534847485
4,4000025,2,4000025,3,S,S,False,2377.969656856252,2383.5692474593206,2377.969656856252,2383.5692474593206,False,5.599590603068464,0.0255126953125,0.0255126953125,2377.9775698859535,2378.6145480353675,4.556171534847485
4,4000025,3,4000025,4,S,S,False,2383.5692474593206,2389.168838062389,2383.5692474593206,2389.168838062389,False,5.599590603068464,0.0255126953125,0.0255126953125,2383.574417420133,2384.211395569547,4.556171534847485
4,4000025,4,4000025,5,S,S,False,2389.168838062389,2394.7684286654576,2389.168838062389,2394.7684286654576,False,5.599590603068464,0.0255126953125,0.0255126953125,2389.772156067594,2390.409134217008,4.556171534847485
4,4000025,5,4000025,6,S,S,False,2394.7684286654576,2400.368019268526,2394.7684286654576,2400.368019268526,False,5.599590603068464,0.0255126953125,0.0255126953125,2395.1264651496253,2395.7634432990394,4.556171534847485
4,4000025,6,4000025,7,S,S,False,2400.368019268526,2405.9676098715945,2400.368019268526,2405.9676098715945,False,5.599590603068464,0.0255126953125,0.0255126953125,2400.375870056852,2401.012848206266,4.556171534847485
4,4000025,7,4000026,0,S,S,True,2405.9676098715945,2411.567200474663,2405.9676098715945,2411.567200474663,False,5.599590603068464,0.0255126953125,0.0255126953125,2405.97355682443,2406.610534973844,4.556171534847485
4,4000026,0,4000026,1,S,S,False,2411.567200474663,2417.042922561712,2411.567200474663,2417.042922561712,False,5.475722087049235,0.0255126953125,0.0255126953125,2411.5754397590003,2412.2124179084144,4.659238527251174
4,4000026,1,4000026,2,S,S,False,2417.042922561712,2422.5186446487614,2417.042922561712,2422.5186446487614,False,5.475722087049235,0.0255126953125,0.0255126953125,2417.047241516813,2417.684219666227,4.659238527251174
4,4000026,2,4000026,3,S,S,False,2422.5186446487614,2427.9943667358107,2422.5186446487614,2427.9943667358107,False,5.475722087049235,0.0255126953125,0.0255126953125,2422.5228408157536,2423.1598189651677,4.659238527251174
4,4000026,3,4000026,4,S,S,False,2427.9943667358107,2433.47008882286,2427.9943667358107,2433.47008882286,False,5.475722087049235,0.0255126953125,0.0255126953125,2427.998562902803,2428.635541052217,4.659238527251174
4,4000026,4,4000026,5,S,S,False,2433.47008882286,2438.945810909909,2433.47008882286,2438.945810909909,False,5.475722087049235,0.0255126953125,0.0255126953125,2433.474284989852,2434.111263139266,4.659238527251174
4,4000026,5,4000026,6,S,S,False,2438.945810909909,2444.4215329969584,2438.945810909909,2444.4215329969584,False,5.475722087049235,0.0255126953125,0.0255126953125,2438.9522983822835,2439.5892765316976,4.659238527251174
4,4000026,6,4000026,7,S,S,False,2444.4215329969584,2449.8972550840076,2444.4215329969584,2449.8972550840076,False,5.475722087049235,0.0255126953125,0.0255126953125,2444.428296307088,2445.0652744565023,4.659238527251174
4,4000026,7,4000027,0,S,S,True,2449.8972550840076,2455.372977171057,2449.8972550840076,2455.372977171057,False,5.475722087049235,0.0255126953125,0.0255126953125,2449.904294231893,2450.541272381307,4.659238527251174
4,4000027,0,4000027,1,S,S,False,2455.372977171057,2460.833228653593,2455.372977171057,2460.833228653593,False,5.460251482536023,0.0255126953125,0.0255126953125,2455.3802921566976,2456.0172703061116,4.672439610904256
4,4000027,1,4000027,2,S,S,False,2460.833228653593,2466.293480136129,2460.833228653593,2466.293480136129,False,5.460251482536023,0.0255126953125,0.0255126953125,2460.8395054135335,2461.4764835629476,4.672439610904256
4,4000027,2,4000027,3,S,S,False,2466.293480136129,2471.753731618665,2466.293480136129,2471.753731618665,False,5.460251482536023,0.0255126953125,0.0255126953125,2466.2987186703695,2466.9356968197835,4.672439610904256
4,4000027,3,4000027,4,S,S,False,2471.753731618665,2477.213983101201,2471.753731618665,2477.213983101201,False,5.460251482536023,0.0255126953125,0.0255126953125,2471.7579319272054,2472.3949100766195,4.672439610904256
4,4000027,4,4000027,5,S,S,False,2477.213983101201,2482.674234583737,2477.213983101201,2482.674234583737,False,5.460251482536023,0.0255126953125,0.0255126953125,2477.2213413510335,2477.8583195004476,4.672439610904256
4,4000027,5,4000027,6,S,S,False,2482.674234583737,2488.134486066273,2482.674234583737,2488.134486066273,False,5.460251482536023,0.0255126953125,0.0255126953125,2482.6805546078695,2483.3175327572835,4.672439610904256
4,4000027,6,4000027,7,S,S,False,2488.134486066273,2493.594737548809,2488.134486066273,2493.594737548809,False,5.460251482536023,0.0255126953125,0.0255126953125,2488.1397678647054,2488.7767460141195,4.672439610904256
4,4000027,7,4000028,0,S,S,True,2493.594737548809,2499.054989031345,2493.594737548809,2499.054989031345,False,5.460251482536023,0.0255126953125,0.0255126953125,2493.602338055135,2494.239316204549,4.672439610904256
4,4000028,0,4000028,1,S,S,False,2499.054989031345,2504.401877414048,2499.054989031345,2504.401877414048,False,5.346888382703128,0.0255126953125,0.0255126953125,2499.061551311971,2499.698529461385,4.771503253187794
4,4000028,1,4000028,2,S,S,False,2504.401877414048,2509.7487657967513,2504.401877414048,2509.7487657967513,False,5.346888382703128,0.0255126953125,0.0255126953125,2504.407468060018,2505.044446209432,4.771503253187794
4,4000028,2,4000028,3,S,S,False,2509.7487657967513,2515.0956541794544,2509.7487657967513,2515.0956541794544,False,5.346888382703128,0.0255126953125,0.0255126953125,2509.7533848080648,2510.390362957479,4.771503253187794
4,4000028,3,4000028,4,S,S,False,2515.0956541794544,2520.4425425621575,2515.0956541794544,2520.4425425621575,False,5.346888382703128,0.0255126953125,0.0255126953125,2515.103497723104,2515.740475872518,4.771503253187794
4,4000028,4,4000028,5,S,S,False,2520.4425425621575,2525.7894309448607,2520.4425425621575,2525.7894309448607,False,5.346888382703128,0.0255126953125,0.0255126953125,2520.4494144711507,2521.0863926205648,4.771503253187794
4,4000028,5,4000028,6,S,S,False,2525.7894309448607,2531.136319327564,2525.7894309448607,2531.136319327564,False,5.346888382703128,0.0255126953125,0.0255126953125,2525.7953312191976,2526.4323093686116,4.771503253187794
4,4000028,6,4000028,7,S,S,False,2531.136319327564,2536.483207710267,2531.136319327564,2536.483207710267,False,5.346888382703128,0.0255126953125,0.0255126953125,2531.1412479672445,2531.7782261166585,4.771503253187794
4,4000028,7,4000029,0,S,S,True,2536.483207710267,2541.83009609297,2536.483207710267,2541.83009609297,False,5.346888382703128,0.0255126953125,0.0255126953125,2536.4913608822835,2537.1283390316976,4.771503253187794
4,4000029,0,4000029,1,S,S,False,2541.83009609297,2547.486521365831,2541.83009609297,2547.486521365831,False,5.656425272860815,0.0255126953125,0.0255126953125,2541.8342922599622,2542.4712704093763,4.510392002331996
4,4000029,1,4000029,2,S,S,False,2547.486521365831,2553.1429466386917,2547.486521365831,2553.1429466386917,False,5.656425272860815,0.0255126953125,0.0255126953125,2547.490717532823,2548.127695682237,4.510392002331996
4,4000029,2,4000029,3,S,S,False,2553.1429466386917,2558.7993719115525,2553.1429466386917,2558.7993719115525,False,5.656425272860815,0.0255126953125,0.0255126953125,2553.1477145979834,2553.7846927473975,4.510392002331996
4,4000029,3,4000029,4,S,S,False,2558.7993719115525,2564.4557971844133,2558.7993719115525,2564.4557971844133,False,5.656425272860815,0.0255126953125,0.0255126953125,2558.804147703452,2559.441125852866,4.510392002331996
4,4000029,4,4000029,5,S,S,False,2564.4557971844133,2570.112222457274,2564.4557971844133,2570.112222457274,False,5.656425272860815,0.0255126953125,0.0255126953125,2564.460580808921,2565.097558958335,4.510392002331996
4,4000029,5,4000029,6,S,S,False,2570.112222457274,2575.768647730135,2570.112222457274,2575.768647730135,False,5.656425272860815,0.0255126953125,0.0255126953125,2570.1170139143896,2570.7539920638037,4.510392002331996
4,4000029,6,4000029,7,S,S,False,2575.768647730135,2581.4250730029958,2575.768647730135,2581.4250730029958,False,5.656425272860815,0.0255126953125,0.0255126953125,2575.7734470198584,2576.4104251692725,4.510392002331996
4,4000029,7,4000030,0,S,S,True,2581.4250730029958,2587.0814982758566,2581.4250730029958,2587.0814982758566,False,5.656425272860815,0.0255126953125,0.0255126953125,2581.429880125327,2582.066858274741,4.510392002331996
4,4000030,0,4000030,1,S,S,False,2587.0814982758566,2592.438685994913,2587.0814982758566,2592.438685994913,False,5.357187719056583,0.0255126953125,0.0255126953125,2587.086313230796,2587.72329138021,4.762329910849729
4,4000030,1,4000030,2,S,S,False,2592.438685994913,2597.7958737139697,2592.438685994913,2597.7958737139697,False,5.357187719056583,0.0255126953125,0.0255126953125,2592.4448184798193,2593.0817966292334,4.762329910849729
4,4000030,2,4000030,3,S,S,False,2597.7958737139697,2603.1530614330263,2597.7958737139697,2603.1530614330263,False,5.357187719056583,0.0255126953125,0.0255126953125,2597.800069880962,2598.437048030376,4.762329910849729
4,4000030,3,4000030,4,S,S,False,2603.1530614330263,2608.510249152083,2603.1530614330263,2608.510249152083,False,5.357187719056583,0.0255126953125,0.0255126953125,2603.1572576000185,2603.7942357494326,4.762329910849729
4,4000030,4,4000030,5,S,S,False,2608.510249152083,2613.8674368711395,2608.510249152083,2613.8674368711395,False,5.357187719056583,0.0255126953125,0.0255126953125,2608.517904983605,2609.154883133019,4.762329910849729
4,4000030,5,4000030,6,S,S,False,2613.8674368711395,2619.224624590196,2613.8674368711395,2619.224624590196,False,5.357187719056583,0.0255126953125,0.0255126953125,2614.0274722443473,2614.6644503937614,4.762329910849729
4,4000030,6,4000030,7,S,S,False,2619.224624590196,2624.5818123092527,2619.224624590196,2624.5818123092527,False,5.357187719056583,0.0255126953125,0.0255126953125,2619.23071931466,2619.867697464074,4.762329910849729
4,4000030,7,4000031,0,S,S,True,2624.5818123092527,2629.9390000283092,2624.5818123092527,2629.9390000283092,False,5.357187719056583,0.0255126953125,0.0255126953125,2624.5892245636833,2625.2262027130973,4.762329910849729
4,4000031,0,4000031,1,S,S,False,2629.9390000283092,2635.3219416882457,2629.9390000283092,2635.3219416882457,False,5.382941659936478,0.0255126953125,0.0255126953125,2629.9435336457145,2630.5805117951286,4.739545201164425
4,4000031,1,4000031,2,S,S,False,2635.3219416882457,2640.704883348182,2635.3219416882457,2640.704883348182,False,5.382941659936478,0.0255126953125,0.0255126953125,2635.327215896691,2635.964194046105,4.739545201164425
4,4000031,2,4000031,3,S,S,False,2640.704883348182,2646.0878250081187,2640.704883348182,2646.0878250081187,False,5.382941659936478,0.0255126953125,0.0255126953125,2640.7108981476676,2641.3478762970817,4.739545201164425
4,4000031,3,4000031,4,S,S,False,2646.0878250081187,2651.470766668055,2646.0878250081187,2651.470766668055,False,5.382941659936478,0.0255126953125,0.0255126953125,2646.092021175111,2646.728999324525,4.739545201164425
4,4000031,4,4000031,5,S,S,False,2651.470766668055,2656.8537083279916,2651.470766668055,2656.8537083279916,False,5.382941659936478,0.0255126953125,0.0255126953125,2651.4749628350473,2652.1119409844614,4.739545201164425
4,4000031,5,4000031,6,S,S,False,2656.8537083279916,2662.236649987928,2656.8537083279916,2662.236649987928,False,5.382941659936478,0.0255126953125,0.0255126953125,2656.857904494984,2657.494882644398,4.739545201164425
4,4000031,6,4000031,7,S,S,False,2662.236649987928,2667.6195916478646,2662.236649987928,2667.6195916478646,False,5.382941659936478,0.0255126953125,0.0255126953125,2662.2408461549203,2662.8778243043344,4.739545201164425
4,4000031,7,4000032,0,S,S,True,2667.6195916478646,2673.002533307801,2667.6195916478646,2673.002533307801,False,5.382941659936478,0.0255126953125,0.0255126953125,2667.626880159266,2668.26385830868,4.739545201164425
4,4000032,0,4000032,1,S,S,False,2673.002533307801,2678.3648711750343,2673.002533307801,2678.3648711750343,False,5.3623378672332365,0.0255126953125,0.0255126953125,2673.0273470782113,2673.6643252276253,4.757756028092945
4,4000032,1,4000032,2,S,S,False,2678.3648711750343,2683.7272090422675,2678.3648711750343,2683.7272090422675,False,5.3623378672332365,0.0255126953125,0.0255126953125,2678.503345003016,2679.14032315243,4.757756028092945
4,4000032,2,4000032,3,S,S,False,2683.7272090422675,2689.0895469095008,2683.7272090422675,2689.0895469095008,False,5.3623378672332365,0.0255126953125,0.0255126953125,2683.9122042559457,2684.5491824053597,4.757756028092945
4,4000032,3,4000032,4,S,S,False,2689.0895469095008,2694.451884776734,2689.0895469095008,2694.451884776734,False,5.3623378672332365,0.0255126953125,0.0255126953125,2689.3210635088753,2689.9580416582894,4.757756028092945
4,4000032,4,4000032,5,S,S,False,2694.451884776734,2699.8142226439672,2694.451884776734,2699.8142226439672,False,5.3623378672332365,0.0255126953125,0.0255126953125,2694.729922761805,2695.366900911219,4.757756028092945
4,4000032,5,4000032,6,S,S,False,2699.8142226439672,2705.1765605112005,2699.8142226439672,2705.1765605112005,False,5.3623378672332365,0.0255126953125,0.0255126953125,2700.147174348719,2700.784152498133,4.757756028092945
4,4000032,6,4000032,7,S,S,False,2705.1765605112005,2710.5388983784337,2705.1765605112005,2710.5388983784337,False,5.3623378672332365,0.0255126953125,0.0255126953125,2705.803607454188,2706.440585603602,4.757756028092945
4,4000032,7,4000033,0,S,S,True,2710.5388983784337,2715.901236245667,2710.5388983784337,2715.901236245667,False,5.3623378672332365,0.0255126953125,0.0255126953125,2710.5454605961127,2711.1824387455267,4.757756028092945
4,4000033,0,4000033,1,S,S,False,2715.901236245667,2721.3666442763742,2715.901236245667,2721.3666442763742,False,5.4654080307072945,0.0255126953125,0.0255126953125,2715.9081620121283,2716.5451401615423,4.668031219107044
4,4000033,1,4000033,2,S,S,False,2721.3666442763742,2726.8320523070815,2721.3666442763742,2726.8320523070815,False,5.4654080307072945,0.0255126953125,0.0255126953125,2721.3715714359564,2722.0085495853705,4.668031219107044
4,4000033,2,4000033,3,S,S,False,2726.8320523070815,2732.297460337789,2726.8320523070815,2732.297460337789,False,5.4654080307072945,0.0255126953125,0.0255126953125,2726.8391770267767,2727.8076523685736,4.668031219107044
4,4000033,3,4000033,4,S,S,False,2732.297460337789,2737.762868368496,2732.297460337789,2737.762868368496,False,5.4654080307072945,0.0255126953125,0.0255126953125,2732.302586450605,2732.939564600019,4.668031219107044
4,4000033,4,4000033,5,S,S,False,2737.762868368496,2743.2282763992034,2737.762868368496,2743.2282763992034,False,5.4654080307072945,0.0255126953125,0.0255126953125,2737.770192041425,2738.407170190839,4.668031219107044
4,4000033,5,4000033,6,S,S,False,2743.2282763992034,2748.6936844299107,2743.2282763992034,2748.6936844299107,False,5.4654080307072945,0.0255126953125,0.0255126953125,2743.2336014652533,2743.8705796146673,4.668031219107044
4,4000033,6,4000033,7,S,S,False,2748.6936844299107,2754.159092460618,2748.6936844299107,2754.159092460618,False,5.4654080307072945,0.0255126953125,0.0255126953125,2748.7012070560736,2749.3381852054877,4.668031219107044
4,4000033,7,4000034,0,S,S,True,2754.159092460618,2759.6245004913253,2754.159092460618,2759.6245004913253,False,5.4654080307072945,0.0255126953125,0.0255126953125,2754.1646164799017,2754.801594629316,4.668031219107044
4,4000034,0,4000034,1,S,S,False,2759.6245004913253,2765.0022907230864,2759.6245004913253,2765.0022907230864,False,5.377790231761082,0.0255126953125,0.0255126953125,2759.632222070722,2760.269200220136,4.744085249332099
4,4000034,1,4000034,2,S,S,False,2765.0022907230864,2770.3800809548475,2765.0022907230864,2770.3800809548475,False,5.377790231761082,0.0255126953125,0.0255126953125,2765.007511987714,2765.6444901371283,4.744085249332099
4,4000034,2,4000034,3,S,S,False,2770.3800809548475,2775.7578711866086,2770.3800809548475,2775.7578711866086,False,5.377790231761082,0.0255126953125,0.0255126953125,2770.3861588383,2771.023136987714,4.744085249332099
4,4000034,3,4000034,4,S,S,False,2775.7578711866086,2781.1356614183696,2775.7578711866086,2781.1356614183696,False,5.377790231761082,0.0255126953125,0.0255126953125,2775.7656449222845,2776.4026230716986,4.744085249332099
4,4000034,4,4000034,5,S,S,False,2781.1356614183696,2786.5134516501307,2781.1356614183696,2786.5134516501307,False,5.377790231761082,0.0255126953125,0.0255126953125,2781.1408884607695,2781.7778666101835,4.744085249332099
4,4000034,5,4000034,6,S,S,False,2786.5134516501307,2791.891241881892,2786.5134516501307,2791.891241881892,False,5.377790231761082,0.0255126953125,0.0255126953125,2786.520374544754,2787.157352694168,4.744085249332099
4,4000034,6,4000034,7,S,S,False,2791.891241881892,2797.269032113653,2791.891241881892,2797.269032113653,False,5.377790231761082,0.0255126953125,0.0255126953125,2791.895664461746,2792.53264261116,4.744085249332099
4,4000034,7,4000035,0,S,S,True,2797.269032113653,2802.646822345414,2797.269032113653,2802.646822345414,False,5.377790231761082,0.0255126953125,0.0255126953125,2797.2751505457304,2797.9121286951445,4.744085249332099
4,4000035,0,4000035,1,S,S,False,2802.646822345414,2808.050372918049,2802.646822345414,2808.050372918049,False,5.40355057263514,0.0255126953125,0.0255126953125,2802.654636629715,2803.291614779129,4.72146877678953
4,4000035,1,4000035,2,S,S,False,2808.050372918049,2813.4539234906842,2808.050372918049,2813.4539234906842,False,5.40355057263514,0.0255126953125,0.0255126953125,2808.05510354866,2808.692081698074,4.72146877678953
4,4000035,2,4000035,3,S,S,False,2813.4539234906842,2818.8574740633194,2813.4539234906842,2818.8574740633194,False,5.40355057263514,0.0255126953125,0.0255126953125,2813.4581196576764,2814.0950978070905,4.72146877678953
4,4000035,3,4000035,4,S,S,False,2818.8574740633194,2824.2610246359545,2818.8574740633194,2824.2610246359545,False,5.40355057263514,0.0255126953125,0.0255126953125,2818.8616702303116,2819.4986483797256,4.72146877678953
4,4000035,4,4000035,5,S,S,False,2824.2610246359545,2829.6645752085897,2824.2610246359545,2829.6645752085897,False,5.40355057263514,0.0255126953125,0.0255126953125,2824.2652208029467,2824.902198952361,4.72146877678953
4,4000035,5,4000035,6,S,S,False,2829.6645752085897,2835.068125781225,2829.6645752085897,2835.068125781225,False,5.40355057263514,0.0255126953125,0.0255126953125,2829.6688063095485,2830.3057844589625,4.72146877678953
4,4000035,6,4000035,7,S,S,False,2835.068125781225,2840.47167635386,2835.068125781225,2840.47167635386,False,5.40355057263514,0.0255126953125,0.0255126953125,2835.073469395486,2835.7104475449,4.72146877678953
4,4000035,7,4000036,0,S,S,True,2840.47167635386,2845.875226926495,2840.47167635386,2845.875226926495,False,5.40355057263514,0.0255126953125,0.0255126953125,2840.4781324814235,2841.1151106308375,4.72146877678953
4,4000036,0,4000036,1,S,S,False,2845.875226926495,2851.2427152619043,2845.875226926495,2851.2427152619043,False,5.367488335409234,0.0255126953125,0.0255126953125,2845.882795567361,2846.519773716775,4.75319063931507
4,4000036,1,4000036,2,S,S,False,2851.2427152619043,2856.6102035973136,2851.2427152619043,2856.6102035973136,False,5.367488335409234,0.0255126953125,0.0255126953125,2851.249693150369,2851.886671299783,4.75319063931507
4,4000036,2,4000036,3,S,S,False,2856.6102035973136,2861.977691932723,2856.6102035973136,2861.977691932723,False,5.367488335409234,0.0255126953125,0.0255126953125,2856.6165907333766,2857.2535688827907,4.75319063931507
4,4000036,3,4000036,4,S,S,False,2861.977691932723,2867.345180268132,2861.977691932723,2867.345180268132,False,5.367488335409234,0.0255126953125,0.0255126953125,2861.9834883163844,2862.6204664657985,4.75319063931507
4,4000036,4,4000036,5,S,S,False,2867.345180268132,2872.7126686035413,2867.345180268132,2872.7126686035413,False,5.367488335409234,0.0255126953125,0.0255126953125,2867.350385899392,2867.9873640488063,4.75319063931507
4,4000036,5,4000036,6,S,S,False,2872.7126686035413,2878.0801569389505,2872.7126686035413,2878.0801569389505,False,5.367488335409234,0.0255126953125,0.0255126953125,2872.7172834824,2873.354261631814,4.75319063931507
4,4000036,6,4000036,7,S,S,False,2878.0801569389505,2883.4476452743597,2878.0801569389505,2883.4476452743597,False,5.367488335409234,0.0255126953125,0.0255126953125,2878.0843531059427,2878.7213312553567,4.75319063931507
4,4000036,7,4000037,0,S,S,True,2883.4476452743597,2888.815133609769,2883.4476452743597,2888.815133609769,False,5.367488335409234,0.0255126953125,0.0255126953125,2883.4546587419914,2884.0916368914054,4.75319063931507
4,4000037,0,4000037,1,S,S,False,2888.815133609769,2894.409559344673,2888.815133609769,2894.409559344673,False,5.594425734904235,0.0255126953125,0.0255126953125,2888.821556324999,2889.458534474413,4.560377869228561
4,4000037,1,4000037,2,S,S,False,2894.409559344673,2900.0039850795774,2894.409559344673,2900.0039850795774,False,5.594425734904235,0.0255126953125,0.0255126953125,2894.415046925585,2895.052025074999,4.560377869228561
4,4000037,2,4000037,3,S,S,False,2900.0039850795774,2905.5984108144817,2900.0039850795774,2905.5984108144817,False,5.594425734904235,0.0255126953125,0.0255126953125,2900.008537526171,2900.645515675585,4.560377869228561
4,4000037,3,4000037,4,S,S,False,2905.5984108144817,2911.192836549386,2905.5984108144817,2911.192836549386,False,5.594425734904235,0.0255126953125,0.0255126953125,2905.606224293749,2906.243202443163,4.560377869228561
4,4000037,4,4000037,5,S,S,False,2911.192836549386,2916.78726228429,2911.192836549386,2916.78726228429,False,5.594425734904235,0.0255126953125,0.0255126953125,2911.199714894335,2911.836693043749,4.560377869228561
4,4000037,5,4000037,6,S,S,False,2916.78726228429,2922.3816880191944,2916.78726228429,2922.3816880191944,False,5.594425734904235,0.0255126953125,0.0255126953125,2917.4058458757804,2918.0428240251945,4.560377869228561
4,4000037,6,4000037,7,S,S,False,2922.3816880191944,2927.9761137540986,2922.3816880191944,2927.9761137540986,False,5.594425734904235,0.0255126953125,0.0255126953125,2922.8734514666007,2923.510429616015,4.560377869228561
4,4000037,7,4000038,0,S,S,True,2927.9761137540986,2933.570539489003,2927.9761137540986,2933.570539489003,False,5.594425734904235,0.0255126953125,0.0255126953125,2928.345253224413,2928.9822313738273,4.560377869228561
4,4000038,0,4000038,1,S,S,False,2933.570539489003,2939.159800675742,2933.570539489003,2939.159800675742,False,5.58926118673935,0.0255126953125,0.0255126953125,2933.8162157488273,2934.4531938982414,4.564591716169832
4,4000038,1,4000038,2,S,S,False,2939.159800675742,2944.7490618624815,2939.159800675742,2944.7490618624815,False,5.58926118673935,0.0255126953125,0.0255126953125,2939.284270990228,2939.921249139642,4.564591716169832
4,4000038,2,4000038,3,S,S,False,2944.7490618624815,2950.338323049221,2944.7490618624815,2950.338323049221,False,5.58926118673935,0.0255126953125,0.0255126953125,2944.7560727480404,2945.3930508974545,4.564591716169832
4,4000038,3,4000038,4,S,S,False,2950.338323049221,2955.9275842359602,2950.338323049221,2955.9275842359602,False,5.58926118673935,0.0255126953125,0.0255126953125,2950.436389216281,2951.073367365695,4.564591716169832
4,4000038,4,4000038,5,S,S,False,2955.9275842359602,2961.5168454226996,2955.9275842359602,2961.5168454226996,False,5.58926118673935,0.0255126953125,0.0255126953125,2955.945956477023,2956.5829346264372,4.564591716169832
4,4000038,5,4000038,6,S,S,False,2961.5168454226996,2967.106106609439,2961.5168454226996,2967.106106609439,False,5.58926118673935,0.0255126953125,0.0255126953125,2961.5226624096404,2962.1596405590544,4.564591716169832
4,4000038,6,4000038,7,S,S,False,2967.106106609439,2972.6953677961783,2967.106106609439,2972.6953677961783,False,5.58926118673935,0.0255126953125,0.0255126953125,2967.111956843234,2967.748934992648,4.564591716169832
4,4000038,7,4000039,0,S,S,True,2972.6953677961783,2978.2846289829176,2972.6953677961783,2978.2846289829176,False,5.58926118673935,0.0255126953125,0.0255126953125,2972.701251276828,2973.338229426242,4.564591716169832
4,4000039,0,4000039,1,S,S,False,2978.2846289829176,2983.713947896421,2978.2846289829176,2983.713947896421,False,5.429318913503266,0.0255126953125,0.0255126953125,2978.28882514991,2978.925803299324,4.6990599960977315
4,4000039,1,4000039,2,S,S,False,2983.713947896421,2989.143266809924,2983.713947896421,2989.143266809924,False,5.429318913503266,0.0255126953125,0.0255126953125,2983.8539355353823,2984.4909136847964,4.6990599960977315
4,4000039,2,4000039,3,S,S,False,2989.143266809924,2994.5725857234274,2989.143266809924,2994.5725857234274,False,5.429318913503266,0.0255126953125,0.0255126953125,2989.460089480411,2990.0970676298252,4.6990599960977315
4,4000039,3,4000039,4,S,S,False,2994.5725857234274,3000.0019046369307,2994.5725857234274,3000.0019046369307,False,5.429318913503266,0.0255126953125,0.0255126953125,2995.0661685819737,2995.7031467313877,4.6990599960977315
4,4000039,4,4000039,5,S,S,False,3000.0019046369307,3005.431223550434,3000.0019046369307,3005.431223550434,False,5.429318913503266,0.0255126953125,0.0255126953125,3000.5421665067784,3001.1791446561924,4.6990599960977315
4,4000039,5,4000039,6,S,S,False,3005.431223550434,3010.8605424639372,3005.431223550434,3010.8605424639372,False,5.429318913503266,0.0255126953125,0.0255126953125,3006.018164431583,3006.655142580997,4.6990599960977315
4,4000039,6,4000039,7,S,S,False,3010.8605424639372,3016.2898613774405,3010.8605424639372,3016.2898613774405,False,5.429318913503266,0.0255126953125,0.0255126953125,3011.3598850126377,3012.131140505802,4.6990599960977315
4,4000039,7,4000040,0,S,L,True,3016.2898613774405,3052.439520632755,3016.2898613774405,3052.439520632755,False,36.14965925531442,0.2663726806640625,0.2663726806640625,3044.505408083927,3052.439520632755,7.368608339645764
4,4000040,0,4000040,1,L,L,False,3052.439520632755,3109.5266479556485,3052.439520632755,3109.5266479556485,False,57.08712732289359,0.2663726806640625,0.2663726806640625,3061.650946414005,3069.585058962833,4.6660726008758076
4,4000040,1,4000040,2,L,L,False,3109.5266479556485,3166.613775278542,3109.5266479556485,3166.613775278542,False,57.08712732289359,0.2663726806640625,0.2663726806640625,3113.0875614042393,3121.65949133588,4.6660726008758076
4,4000040,2,4000040,3,L,L,False,3166.613775278542,3223.7009026014357,3166.613775278542,3223.7009026014357,False,57.08712732289359,0.2663726806640625,0.2663726806640625,3175.291540896427,3182.5878360624424,4.6660726008758076
4,4000040,3,4000040,4,L,L,False,3223.7009026014357,3280.7880299243293,3223.7009026014357,3280.7880299243293,False,57.08712732289359,0.2663726806640625,0.2663726806640625,3224.5023965405358,3233.0743264721764,4.6660726008758076
4,4000040,4,4000040,5,L,L,False,3280.7880299243293,3337.875157247223,3280.7880299243293,3337.875157247223,False,57.08712732289359,0.2663726806640625,0.2663726806640625,3283.247237679346,3291.819167610987,4.6660726008758076
4,4000040,5,4000040,6,L,L,False,3337.875157247223,3394.9622845701165,3337.875157247223,3394.9622845701165,False,57.08712732289359,0.2663726806640625,0.2663726806640625,3337.879353414215,3347.7269181114807,4.6660726008758076
4,4000040,6,4000040,7,L,L,False,3394.9622845701165,3452.04941189301,3394.9622845701165,3452.04941189301,False,57.08712732289359,0.2663726806640625,0.2663726806640625,3394.985520384263,3406.746537229966,4.6660726008758076
4,4000040,7,4000041,0,L,S,True,3452.04941189301,3509.1365392159037,3452.04941189301,3509.1365392159037,False,57.08712732289359,0.0255126953125,0.0255126953125,3452.0536080600023,3452.6905862094163,0.4469080247845764
4,4000041,0,4000041,1,S,S,False,3509.1365392159037,3514.52978469219,3509.1365392159037,3514.52978469219,False,5.393245476286211,0.0255126953125,0.0255126953125,3509.4349335756197,3510.0719117250337,4.730490281719579
4,4000041,1,4000041,2,S,S,False,3514.52978469219,3519.923030168476,3514.52978469219,3519.923030168476,False,5.393245476286211,0.0255126953125,0.0255126953125,3514.5374726381197,3515.1744507875337,4.730490281719579
4,4000041,2,4000041,3,S,S,False,3519.923030168476,3525.3162756447623,3519.923030168476,3525.3162756447623,False,5.393245476286211,0.0255126953125,0.0255126953125,3519.9295472230806,3520.5665253724947,4.730490281719579
4,4000041,3,4000041,4,S,S,False,3525.3162756447623,3530.7095211210485,3525.3162756447623,3530.7095211210485,False,5.393245476286211,0.0255126953125,0.0255126953125,3525.3216218080415,3525.9585999574556,4.730490281719579
4,4000041,4,4000041,5,S,S,False,3530.7095211210485,3536.1027665973347,3530.7095211210485,3536.1027665973347,False,5.393245476286211,0.0255126953125,0.0255126953125,3530.7178925599947,3531.3548707094087,4.730490281719579
4,4000041,5,4000041,6,S,S,False,3536.1027665973347,3541.496012073621,3536.1027665973347,3541.496012073621,False,5.393245476286211,0.0255126953125,0.0255126953125,3536.139340313901,3536.776318463315,4.730490281719579
4,4000041,6,4000041,7,S,S,False,3541.496012073621,3546.889257549907,3541.496012073621,3546.889257549907,False,5.393245476286211,0.0255126953125,0.0255126953125,3541.7873810853853,3542.4243592347993,4.730490281719579
4,4000041,7,4000042,0,S,S,True,3546.889257549907,3552.2825030261934,3546.889257549907,3552.2825030261934,False,5.393245476286211,0.0255126953125,0.0255126953125,3547.439618023862,3548.076596173276,4.730490281719579
4,4000042,0,4000042,1,S,S,False,3552.2825030261934,3557.70151364335,3552.2825030261934,3557.70151364335,False,5.4190106171568,0.0255126953125,0.0255126953125,3553.0498932924165,3553.6868714418306,4.707998768580708
4,4000042,1,4000042,2,S,S,False,3557.70151364335,3563.120524260507,3557.70151364335,3563.120524260507,False,5.4190106171568,0.0255126953125,0.0255126953125,3557.9090546693697,3558.5460328187837,4.707998768580708
4,4000042,2,4000042,3,S,S,False,3563.120524260507,3568.5395348776638,3563.120524260507,3568.5395348776638,False,5.4190106171568,0.0255126953125,0.0255126953125,3563.4060334291353,3564.0430115785493,4.707998768580708
4,4000042,3,4000042,4,S,S,False,3568.5395348776638,3573.9585454948206,3568.5395348776638,3573.9585454948206,False,5.4190106171568,0.0255126953125,0.0255126953125,3568.903012188901,3569.539990338315,4.707998768580708
4,4000042,4,4000042,5,S,S,False,3573.9585454948206,3579.3775561119774,3573.9585454948206,3579.3775561119774,False,5.4190106171568,0.0255126953125,0.0255126953125,3574.3999909486665,3575.0369690980806,4.707998768580708
4,4000042,5,4000042,6,S,S,False,3579.3775561119774,3584.796566729134,3579.3775561119774,3584.796566729134,False,5.4190106171568,0.0255126953125,0.0255126953125,3579.8961304750337,3580.533108624448,4.707998768580708
4,4000042,6,4000042,7,S,S,False,3584.796566729134,3590.215577346291,3584.796566729134,3590.215577346291,False,5.4190106171568,0.0255126953125,0.0255126953125,3585.2798127260103,3585.9167908754243,4.707998768580708
4,4000042,7,4000043,0,S,L,True,3590.215577346291,3619.058117779721,3590.215577346291,3619.058117779721,False,28.84254043343026,0.2663726806640625,0.2663726806640625,3608.572735699643,3619.058117779721,9.235409803060218
4,4000043,0,4000043,1,L,L,False,3619.058117779721,3676.1799779617263,3619.058117779721,3676.1799779617263,False,57.12186018200509,0.2663726806640625,0.2663726806640625,3619.0623139467134,3628.909878643979,4.663235402616965
4,4000043,1,4000043,2,L,L,False,3676.1799779617263,3733.3018381437314,3676.1799779617263,3733.3018381437314,False,57.12186018200509,0.2663726806640625,0.2663726806640625,3677.269677198297,3689.030694044,4.663235402616965
4,4000043,2,4000043,3,L,L,False,3733.3018381437314,3790.4236983257365,3733.3018381437314,3790.4236983257365,False,57.12186018200509,0.2663726806640625,0.2663726806640625,3745.022565830785,3755.507947910863,4.663235402616965
4,4000043,3,4000043,4,L,L,False,3790.4236983257365,3847.5455585077416,3790.4236983257365,3847.5455585077416,False,57.12186018200509,0.2663726806640625,0.2663726806640625,3797.453672398168,3806.0256023298084,4.663235402616965
4,4000043,4,4000043,5,L,L,False,3847.5455585077416,3904.6674186897467,3847.5455585077416,3904.6674186897467,False,57.12186018200509,0.2663726806640625,0.2663726806640625,3868.482381421365,3875.7786765873807,4.663235402616965
4,4000043,5,4000043,6,L,L,False,3904.6674186897467,3961.789278871752,3904.6674186897467,3961.789278871752,False,57.12186018200509,0.2663726806640625,0.2663726806640625,3925.5838218510526,3932.2422996342557,4.663235402616965
4,4000043,6,4000043,7,L,L,False,3961.789278871752,4018.911139053757,3961.789278871752,4000.0,True,38.210721128248224,0.2663726806640625,0.2663726806640625,3969.301337328307,3975.95981511151,6.971150315902829
5,5000033,2,5000033,3,L,L,False,1994.101166851704,2051.223027033709,2000.0,2051.223027033709,True,51.22302703370906,0.2663726806640625,0.2663726806640625,2010.3062620068088,2022.7050962353244,5.200252622492749
5,5000033,3,5000033,4,L,L,False,2051.223027033709,2108.344887215714,2051.223027033709,2108.344887215714,False,57.12186018200509,0.2663726806640625,0.2663726806640625,2066.1898030742914,2078.588637302807,4.663235402616965
5,5000033,4,5000033,5,L,L,False,2108.344887215714,2165.4667473977192,2108.344887215714,2165.4667473977192,False,57.12186018200509,0.2663726806640625,0.2663726806640625,2125.187799753631,2136.9488165993344,4.663235402616965
5,5000033,5,5000033,6,L,L,False,2165.4667473977192,2222.5886075797243,2165.4667473977192,2222.5886075797243,False,57.12186018200509,0.2663726806640625,0.2663726806640625,2180.4004827777735,2193.4371343891016,4.663235402616965
5,5000033,6,5000033,7,L,L,False,2222.5886075797243,2279.7104677617294,2222.5886075797243,2279.7104677617294,False,57.12186018200509,0.2663726806640625,0.2663726806640625,2245.869080189883,2256.354462269961,4.663235402616965
5,5000033,7,5000034,0,L,S,True,2279.7104677617294,2336.8323279437345,2279.7104677617294,2336.8323279437345,False,57.12186018200509,0.0255126953125,0.0255126953125,2280.307914144897,2280.944892294311,0.44663628304837977
5,5000034,0,5000034,1,S,S,False,2336.8323279437345,2342.1637697219053,2336.8323279437345,2342.1637697219053,False,5.331441778170756,0.0255126953125,0.0255126953125,2336.838348694547,2337.4753268439613,4.785327566918218
5,5000034,1,5000034,2,S,S,False,2342.1637697219053,2347.495211500076,2342.1637697219053,2347.495211500076,False,5.331441778170756,0.0255126953125,0.0255126953125,2342.1716769416175,2342.8086550910316,4.785327566918218
5,5000034,2,5000034,3,S,S,False,2347.495211500076,2352.826653278247,2347.495211500076,2352.826653278247,False,5.331441778170756,0.0255126953125,0.0255126953125,2347.5008090216957,2348.1377871711097,4.785327566918218
5,5000034,3,5000034,4,S,S,False,2352.826653278247,2358.1580950564176,2352.826653278247,2358.1580950564176,False,5.331441778170756,0.0255126953125,0.0255126953125,2352.834137268766,2353.47111541818,4.785327566918218
5,5000034,4,5000034,5,S,S,False,2358.1580950564176,2363.4895368345883,2358.1580950564176,2363.4895368345883,False,5.331441778170756,0.0255126953125,0.0255126953125,2358.163269348844,2358.800247498258,4.785327566918218
5,5000034,5,5000034,6,S,S,False,2363.4895368345883,2368.820978612759,2363.4895368345883,2368.820978612759,False,5.331441778170756,0.0255126953125,0.0255126953125,2363.4965975959144,2364.1335757453285,4.785327566918218
5,5000034,6,5000034,7,S,S,False,2368.820978612759,2374.15242039093,2368.820978612759,2374.15242039093,False,5.331441778170756,0.0255126953125,0.0255126953125,2368.8257296759925,2369.4627078254066,4.785327566918218
5,5000034,7,5000035,0,S,S,True,2374.15242039093,2379.4838621691006,2374.15242039093,2379.4838621691006,False,5.331441778170756,0.0255126953125,0.0255126953125,2374.159057923063,2374.796036072477,4.785327566918218
5,5000035,0,5000035,1,S,S,False,2379.4838621691006,2385.0318184905127,2379.4838621691006,2385.0318184905127,False,5.54795632141213,0.0255126953125,0.0255126953125,2379.488190003141,2380.125168152555,4.598575373427996
5,5000035,1,5000035,2,S,S,False,2385.0318184905127,2390.579774811925,2385.0318184905127,2390.579774811925,False,5.54795632141213,0.0255126953125,0.0255126953125,2385.4878695685707,2386.1248477179847,4.598575373427996
5,5000035,2,5000035,3,S,S,False,2390.579774811925,2396.127731133337,2390.579774811925,2396.127731133337,False,5.54795632141213,0.0255126953125,0.0255126953125,2390.5862124640785,2391.2231906134925,4.598575373427996
5,5000035,3,5000035,4,S,S,False,2396.127731133337,2401.675687454749,2396.127731133337,2401.675687454749,False,5.54795632141213,0.0255126953125,0.0255126953125,2396.1335452277503,2396.7705233771644,4.598575373427996
5,5000035,4,5000035,5,S,S,False,2401.675687454749,2407.223643776161,2401.675687454749,2407.223643776161,False,5.54795632141213,0.0255126953125,0.0255126953125,2401.680877991422,2402.3178561408363,4.598575373427996
5,5000035,5,5000035,6,S,S,False,2407.223643776161,2412.7716000975734,2407.223643776161,2412.7716000975734,False,5.54795632141213,0.0255126953125,0.0255126953125,2407.228210755094,2407.865188904508,4.598575373427996
5,5000035,6,5000035,7,S,S,False,2412.7716000975734,2418.3195564189855,2412.7716000975734,2418.3195564189855,False,5.54795632141213,0.0255126953125,0.0255126953125,2412.779739685758,2413.416717835172,4.598575373427996
5,5000035,7,5000036,0,S,S,True,2418.3195564189855,2423.8675127403976,2418.3195564189855,2423.8675127403976,False,5.54795632141213,0.0255126953125,0.0255126953125,2418.32707244943,2418.964050598844,4.598575373427996
5,5000036,0,5000036,1,S,S,False,2423.8675127403976,2429.3793441046346,2423.8675127403976,2429.3793441046346,False,5.5118313642369685,0.0255126953125,0.0255126953125,2423.87170890739,2424.508687056804,4.628714782175099
5,5000036,1,5000036,2,S,S,False,2429.3793441046346,2434.8911754688716,2429.3793441046346,2434.8911754688716,False,5.5118313642369685,0.0255126953125,0.0255126953125,2429.3835402716268,2430.020518421041,4.628714782175099
5,5000036,2,5000036,3,S,S,False,2434.8911754688716,2440.4030068331085,2434.8911754688716,2440.4030068331085,False,5.5118313642369685,0.0255126953125,0.0255126953125,2434.8953716358637,2435.532349785278,4.628714782175099
5,5000036,3,5000036,4,S,S,False,2440.4030068331085,2445.9148381973455,2440.4030068331085,2445.9148381973455,False,5.5118313642369685,0.0255126953125,0.0255126953125,2440.4083683285726,2441.0453464779866,4.628714782175099
5,5000036,4,5000036,5,S,S,False,2445.9148381973455,2451.4266695615825,2445.9148381973455,2451.4266695615825,False,5.5118313642369685,0.0255126953125,0.0255126953125,2445.922131756307,2446.559109905721,4.628714782175099
5,5000036,5,5000036,6,S,S,False,2451.4266695615825,2456.9385009258194,2451.4266695615825,2456.9385009258194,False,5.5118313642369685,0.0255126953125,0.0255126953125,2451.431699017049,2452.068677166463,4.628714782175099
5,5000036,6,5000036,7,S,S,False,2456.9385009258194,2462.4503322900564,2456.9385009258194,2462.4503322900564,False,5.5118313642369685,0.0255126953125,0.0255126953125,2456.9454624447835,2457.5824405941976,4.628714782175099
5,5000036,7,5000037,0,S,S,True,2462.4503322900564,2467.9621636542934,2462.4503322900564,2467.9621636542934,False,5.5118313642369685,0.0255126953125,0.0255126953125,2462.4550297055257,2463.0920078549398,4.628714782175099
5,5000037,0,5000037,1,S,S,False,2467.9621636542934,2473.453359225853,2467.9621636542934,2473.453359225853,False,5.491195571559729,0.0255126953125,0.0255126953125,2467.96879313326,2468.605771282674,4.646109390937852
5,5000037,1,5000037,2,S,S,False,2473.453359225853,2478.944554797413,2473.453359225853,2478.944554797413,False,5.491195571559729,0.0255126953125,0.0255126953125,2474.0700199399007,2474.7069980893148,4.646109390937852
5,5000037,2,5000037,3,S,S,False,2478.944554797413,2484.4357503689725,2478.944554797413,2484.4357503689725,False,5.491195571559729,0.0255126953125,0.0255126953125,2479.336209515096,2479.97318766451,4.646109390937852
5,5000037,3,5000037,4,S,S,False,2484.4357503689725,2489.9269459405323,2484.4357503689725,2489.9269459405323,False,5.491195571559729,0.0255126953125,0.0255126953125,2484.598202923299,2485.235181072713,4.646109390937852
5,5000037,4,5000037,5,S,S,False,2489.9269459405323,2495.418141512092,2489.9269459405323,2495.418141512092,False,5.491195571559729,0.0255126953125,0.0255126953125,2489.9315311703695,2490.5685093197835,4.646109390937852
5,5000037,5,5000037,6,S,S,False,2495.418141512092,2500.9093370836517,2495.418141512092,2500.9093370836517,False,5.491195571559729,0.0255126953125,0.0255126953125,2495.4234745297445,2496.0604526791585,4.646109390937852
5,5000037,6,5000037,7,S,S,False,2500.9093370836517,2506.4005326552115,2500.9093370836517,2506.4005326552115,False,5.491195571559729,0.0255126953125,0.0255126953125,2500.916257122518,2501.553235271932,4.646109390937852
5,5000037,7,5000038,0,S,S,True,2506.4005326552115,2511.891728226771,2506.4005326552115,2511.891728226771,False,5.491195571559729,0.0255126953125,0.0255126953125,2506.404843548299,2507.041821697713,4.646109390937852
5,5000038,0,5000038,1,S,S,False,2511.891728226771,2517.3004318275807,2511.891728226771,2517.3004318275807,False,5.408703600809531,0.0255126953125,0.0255126953125,2511.8976261410726,2512.5346042904866,4.716970497085747
5,5000038,1,5000038,2,S,S,False,2517.3004318275807,2522.7091354283903,2517.3004318275807,2522.7091354283903,False,5.408703600809531,0.0255126953125,0.0255126953125,2517.3064853940023,2517.9434635434163,4.716970497085747
5,5000038,2,5000038,3,S,S,False,2522.7091354283903,2528.1178390292,2522.7091354283903,2528.1178390292,False,5.408703600809531,0.0255126953125,0.0255126953125,2522.715344646932,2523.352322796346,4.716970497085747
5,5000038,3,5000038,4,S,S,False,2528.1178390292,2533.5265426300093,2528.1178390292,2533.5265426300093,False,5.408703600809531,0.0255126953125,0.0255126953125,2528.1242038998616,2528.7611820492757,4.716970497085747
5,5000038,4,5000038,5,S,S,False,2533.5265426300093,2538.935246230819,2533.5265426300093,2538.935246230819,False,5.408703600809531,0.0255126953125,0.0255126953125,2533.5330631527913,2534.1700413022054,4.716970497085747
5,5000038,5,5000038,6,S,S,False,2538.935246230819,2544.3439498316284,2538.935246230819,2544.3439498316284,False,5.408703600809531,0.0255126953125,0.0255126953125,2538.941922405721,2539.578900555135,4.716970497085747
5,5000038,6,5000038,7,S,S,False,2544.3439498316284,2549.752653432438,2544.3439498316284,2549.752653432438,False,5.408703600809531,0.0255126953125,0.0255126953125,2544.3481459986206,2544.9851241480346,4.716970497085747
5,5000038,7,5000039,0,S,S,True,2549.752653432438,2555.1613570332474,2549.752653432438,2555.1613570332474,False,5.408703600809531,0.0255126953125,0.0255126953125,2549.757211668296,2550.39418981771,4.716970497085747
5,5000039,0,5000039,1,S,S,False,2555.1613570332474,2560.662869861146,2555.1613570332474,2560.662869861146,False,5.50151282789875,0.0255126953125,0.0255126953125,2555.1660709212256,2555.8030490706396,4.637396314541418
5,5000039,1,5000039,2,S,S,False,2560.662869861146,2566.164382689045,2560.662869861146,2566.164382689045,False,5.50151282789875,0.0255126953125,0.0255126953125,2560.788934690757,2561.425912840171,4.637396314541418
5,5000039,2,5000039,3,S,S,False,2566.164382689045,2571.6658955169437,2566.164382689045,2571.6658955169437,False,5.50151282789875,0.0255126953125,0.0255126953125,2567.058008177085,2567.694986326499,4.637396314541418
5,5000039,3,5000039,4,S,S,False,2571.6658955169437,2577.1674083448424,2571.6658955169437,2577.1674083448424,False,5.50151282789875,0.0255126953125,0.0255126953125,2572.6892642806006,2573.3262424300146,4.637396314541418
5,5000039,4,5000039,5,S,S,False,2577.1674083448424,2582.668921172741,2577.1674083448424,2582.668921172741,False,5.50151282789875,0.0255126953125,0.0255126953125,2578.1233005354834,2578.7602786848975,4.637396314541418
5,5000039,5,5000039,6,S,S,False,2582.668921172741,2588.17043400064,2582.668921172741,2588.17043400064,False,5.50151282789875,0.0255126953125,0.0255126953125,2583.557336790366,2584.1943149397803,4.637396314541418
5,5000039,6,5000039,7,S,S,False,2588.17043400064,2593.6719468285387,2588.17043400064,2593.6719468285387,False,5.50151282789875,0.0255126953125,0.0255126953125,2588.9997653792334,2589.6367435286475,4.637396314541418
5,5000039,7,5000040,0,S,S,True,2593.6719468285387,2599.1734596564374,2593.6719468285387,2599.1734596564374,False,5.50151282789875,0.0255126953125,0.0255126953125,2594.425409300132,2595.062387449546,4.637396314541418
5,5000040,0,5000040,1,S,S,False,2599.1734596564374,2604.7678853913417,2599.1734596564374,2604.7678853913417,False,5.594425734904235,0.0255126953125,0.0255126953125,2599.857449734094,2600.4944278835083,4.560377869228561
5,5000040,1,5000040,2,S,S,False,2604.7678853913417,2610.362311126246,2604.7678853913417,2610.362311126246,False,5.594425734904235,0.0255126953125,0.0255126953125,2605.2919232757704,2605.9289014251844,4.560377869228561
5,5000040,2,5000040,3,S,S,False,2610.362311126246,2615.95673686115,2610.362311126246,2615.95673686115,False,5.594425734904235,0.0255126953125,0.0255126953125,2610.729284988488,2611.366263137902,4.560377869228561
5,5000040,3,5000040,4,S,S,False,2615.95673686115,2621.5511625960544,2615.95673686115,2621.5511625960544,False,5.594425734904235,0.0255126953125,0.0255126953125,2616.163321243371,2616.800299392785,4.560377869228561
5,5000040,4,5000040,5,S,S,False,2621.5511625960544,2627.1455883309586,2621.5511625960544,2627.1455883309586,False,5.594425734904235,0.0255126953125,0.0255126953125,2621.7694003449333,2622.4063784943473,4.560377869228561
5,5000040,5,5000040,6,S,S,False,2627.1455883309586,2632.740014065863,2627.1455883309586,2632.740014065863,False,5.594425734904235,0.0255126953125,0.0255126953125,2627.3712832795036,2628.0082614289176,4.560377869228561
5,5000040,6,5000040,7,S,S,False,2632.740014065863,2638.334439800767,2632.740014065863,2638.334439800767,False,5.594425734904235,0.0255126953125,0.0255126953125,2632.977362381066,2633.61434053048,4.560377869228561
5,5000040,7,5000041,0,S,S,True,2638.334439800767,2643.9288655356713,2638.334439800767,2643.9288655356713,False,5.594425734904235,0.0255126953125,0.0255126953125,2638.5834414826286,2639.2204196320426,4.560377869228561
5,5000041,0,5000041,1,S,S,False,2643.9288655356713,2649.4613378125814,2643.9288655356713,2649.4613378125814,False,5.5324722769100845,0.0255126953125,0.0255126953125,2644.1846493152875,2644.8216274647016,4.611445667604679
5,5000041,1,5000041,2,S,S,False,2649.4613378125814,2654.9938100894915,2649.4613378125814,2654.9938100894915,False,5.5324722769100845,0.0255126953125,0.0255126953125,2649.7894051065205,2650.4263832559345,4.611445667604679
5,5000041,2,5000041,3,S,S,False,2654.9938100894915,2660.5262823664016,2654.9938100894915,2660.5262823664016,False,5.5324722769100845,0.0255126953125,0.0255126953125,2655.3941608977534,2656.0311390471675,4.611445667604679
5,5000041,3,5000041,4,S,S,False,2660.5262823664016,2666.0587546433117,2660.5262823664016,2666.0587546433117,False,5.5324722769100845,0.0255126953125,0.0255126953125,2660.9989166889864,2661.6358948384004,4.611445667604679
5,5000041,4,5000041,5,S,S,False,2666.0587546433117,2671.5912269202217,2666.0587546433117,2671.5912269202217,False,5.5324722769100845,0.0255126953125,0.0255126953125,2666.4099917315316,2667.0469698809457,4.611445667604679
5,5000041,5,5000041,6,S,S,False,2671.5912269202217,2677.123699197132,2671.5912269202217,2677.123699197132,False,5.5324722769100845,0.0255126953125,0.0255126953125,2672.389529695399,2673.026507844813,4.611445667604679
5,5000041,6,5000041,7,S,S,False,2677.123699197132,2682.656171474042,2677.123699197132,2682.656171474042,False,5.5324722769100845,0.0255126953125,0.0255126953125,2677.8655276202035,2678.5025057696175,4.611445667604679
5,5000041,7,5000042,0,S,S,True,2682.656171474042,2688.188643750952,2682.656171474042,2688.188643750952,False,5.5324722769100845,0.0255126953125,0.0255126953125,2683.274386873133,2683.911365022547,4.611445667604679
5,5000042,0,5000042,1,S,S,False,2688.188643750952,2693.845069023813,2688.188643750952,2693.845069023813,False,5.656425272860815,0.0255126953125,0.0255126953125,2688.683246126063,2689.320224275477,4.510392002331996
5,5000042,1,5000042,2,S,S,False,2693.845069023813,2699.5014942966736,2693.845069023813,2699.5014942966736,False,5.656425272860815,0.0255126953125,0.0255126953125,2694.0921053789925,2694.7290835284066,4.510392002331996
5,5000042,2,5000042,3,S,S,False,2699.5014942966736,2705.1579195695344,2699.5014942966736,2705.1579195695344,False,5.656425272860815,0.0255126953125,0.0255126953125,2699.5093569659066,2700.1463351153207,4.510392002331996
5,5000042,3,5000042,4,S,S,False,2705.1579195695344,2710.8143448423953,2705.1579195695344,2710.8143448423953,False,5.656425272860815,0.0255126953125,0.0255126953125,2705.1657900713753,2705.8027682207894,4.510392002331996
5,5000042,4,5000042,5,S,S,False,2710.8143448423953,2716.470770115256,2710.8143448423953,2716.470770115256,False,5.656425272860815,0.0255126953125,0.0255126953125,2711.183277978925,2711.820256128339,4.510392002331996
5,5000042,5,5000042,6,S,S,False,2716.470770115256,2722.127195388117,2716.470770115256,2722.127195388117,False,5.656425272860815,0.0255126953125,0.0255126953125,2716.545979394941,2717.182957544355,4.510392002331996
5,5000042,6,5000042,7,S,S,False,2722.127195388117,2727.7836206609777,2722.127195388117,2727.7836206609777,False,5.656425272860815,0.0255126953125,0.0255126953125,2722.1352738285345,2722.7722519779486,4.510392002331996
5,5000042,7,5000043,0,S,S,True,2727.7836206609777,2733.4400459338385,2727.7836206609777,2733.4400459338385,False,5.656425272860815,0.0255126953125,0.0255126953125,2728.1148117924017,2728.751789941816,4.510392002331996
5,5000043,0,5000043,1,S,S,False,2733.4400459338385,2738.9467178699065,2733.4400459338385,2738.9467178699065,False,5.50667193606796,0.0255126953125,0.0255126953125,2733.448140039472,2734.085118188886,4.633051616057837
5,5000043,1,5000043,2,S,S,False,2738.9467178699065,2744.4533898059744,2738.9467178699065,2744.4533898059744,False,5.50667193606796,0.0255126953125,0.0255126953125,2738.953511133222,2739.590489282636,4.633051616057837
5,5000043,2,5000043,3,S,S,False,2744.4533898059744,2749.9600617420424,2744.4533898059744,2749.9600617420424,False,5.50667193606796,0.0255126953125,0.0255126953125,2744.458882226972,2745.095860376386,4.633051616057837
5,5000043,3,5000043,4,S,S,False,2749.9600617420424,2755.4667336781104,2749.9600617420424,2755.4667336781104,False,5.50667193606796,0.0255126953125,0.0255126953125,2749.968449487714,2750.6054276371283,4.633051616057837
5,5000043,4,5000043,5,S,S,False,2755.4667336781104,2760.9734056141783,2755.4667336781104,2760.9734056141783,False,5.50667193606796,0.0255126953125,0.0255126953125,2755.473820581464,2756.1107987308783,4.633051616057837
5,5000043,5,5000043,6,S,S,False,2760.9734056141783,2766.4800775502463,2760.9734056141783,2766.4800775502463,False,5.50667193606796,0.0255126953125,0.0255126953125,2761.583439722089,2762.2204178715033,4.633051616057837
5,5000043,6,5000043,7,S,S,False,2766.4800775502463,2771.9867494863142,2766.4800775502463,2771.9867494863142,False,5.50667193606796,0.0255126953125,0.0255126953125,2766.8957871341986,2767.5327652836127,4.633051616057837
5,5000043,7,5000044,0,S,S,True,2771.9867494863142,2777.493421422382,2771.9867494863142,2777.493421422382,False,5.50667193606796,0.0255126953125,0.0255126953125,2772.2072953129095,2772.8442734623236,4.633051616057837
5,5000044,0,5000044,1,S,S,False,2777.493421422382,2782.804272207839,2777.493421422382,2782.804272207839,False,5.310850785456751,0.0255126953125,0.0255126953125,2777.5154001795195,2778.1523783289335,4.803881024555245
5,5000044,1,5000044,2,S,S,False,2782.804272207839,2788.1151229932957,2782.804272207839,2788.1151229932957,False,5.310850785456751,0.0255126953125,0.0255126953125,2782.827747591629,2783.464725741043,4.803881024555245
5,5000044,2,5000044,3,S,S,False,2788.1151229932957,2793.4259737787525,2788.1151229932957,2793.4259737787525,False,5.310850785456751,0.0255126953125,0.0255126953125,2788.3499033533476,2788.9868815027617,4.803881024555245
5,5000044,3,5000044,4,S,S,False,2793.4259737787525,2798.736824564209,2793.4259737787525,2798.736824564209,False,5.310850785456751,0.0255126953125,0.0255126953125,2793.8720591150663,2794.5090372644804,4.803881024555245
5,5000044,4,5000044,5,S,S,False,2798.736824564209,2804.047675349666,2798.736824564209,2804.047675349666,False,5.310850785456751,0.0255126953125,0.0255126953125,2798.743808992996,2799.4353373133085,4.803881024555245
5,5000044,5,5000044,6,S,S,False,2804.047675349666,2809.3585261351227,2804.047675349666,2809.3585261351227,False,5.310850785456751,0.0255126953125,0.0255126953125,2804.051960238113,2804.6889383875273,4.803881024555245
5,5000044,6,5000044,7,S,S,False,2809.3585261351227,2814.6693769205795,2809.3585261351227,2814.6693769205795,False,5.310850785456751,0.0255126953125,0.0255126953125,2809.3643076502226,2810.0012857996367,4.803881024555245
5,5000044,7,5000045,0,S,S,True,2814.6693769205795,2819.980227706036,2814.6693769205795,2819.980227706036,False,5.310850785456751,0.0255126953125,0.0255126953125,2814.6735730875716,2815.3105512369857,4.803881024555245
5,5000045,0,5000045,1,S,S,False,2819.980227706036,2825.3271160887393,2819.980227706036,2825.3271160887393,False,5.346888382703128,0.0255126953125,0.0255126953125,2819.9844238730284,2820.6214020224425,4.771503253187794
5,5000045,1,5000045,2,S,S,False,2825.3271160887393,2830.6740044714425,2825.3271160887393,2830.6740044714425,False,5.346888382703128,0.0255126953125,0.0255126953125,2825.334165806619,2825.971143956033,4.771503253187794
5,5000045,2,5000045,3,S,S,False,2830.6740044714425,2836.0208928541456,2830.6740044714425,2836.0208928541456,False,5.346888382703128,0.0255126953125,0.0255126953125,2830.6800825546657,2831.3170607040797,4.771503253187794
5,5000045,3,5000045,4,S,S,False,2836.0208928541456,2841.3677812368487,2836.0208928541456,2841.3677812368487,False,5.346888382703128,0.0255126953125,0.0255126953125,2836.0259993027125,2836.6629774521266,4.771503253187794
5,5000045,4,5000045,5,S,S,False,2841.3677812368487,2846.714669619552,2841.3677812368487,2846.714669619552,False,5.346888382703128,0.0255126953125,0.0255126953125,2841.3761122177516,2842.0130903671657,4.771503253187794
5,5000045,5,5000045,6,S,S,False,2846.714669619552,2852.061558002255,2846.714669619552,2852.061558002255,False,5.346888382703128,0.0255126953125,0.0255126953125,2846.7220289657985,2847.3590071152125,4.771503253187794
5,5000045,6,5000045,7,S,S,False,2852.061558002255,2857.408446384958,2852.061558002255,2857.408446384958,False,5.346888382703128,0.0255126953125,0.0255126953125,2852.0679457138453,2852.7049238632594,4.771503253187794
5,5000045,7,5000046,0,S,S,True,2857.408446384958,2862.755334767661,2857.408446384958,2862.755334767661,False,5.346888382703128,0.0255126953125,0.0255126953125,2857.413862461892,2858.0508406113063,4.771503253187794
5,5000046,0,5000046,1,S,S,False,2862.755334767661,2868.1382764275977,2862.755334767661,2868.1382764275977,False,5.382941659936478,0.0255126953125,0.0255126953125,2862.759779209939,2863.396757359353,4.739545201164425
5,5000046,1,5000046,2,S,S,False,2868.1382764275977,2873.521218087534,2868.1382764275977,2873.521218087534,False,5.382941659936478,0.0255126953125,0.0255126953125,2868.1434614609157,2868.7804396103297,4.739545201164425
5,5000046,2,5000046,3,S,S,False,2873.521218087534,2878.9041597474707,2873.521218087534,2878.9041597474707,False,5.382941659936478,0.0255126953125,0.0255126953125,2873.527143711892,2874.1641218613063,4.739545201164425
5,5000046,3,5000046,4,S,S,False,2878.9041597474707,2884.287101407407,2878.9041597474707,2884.287101407407,False,5.382941659936478,0.0255126953125,0.0255126953125,2878.908355914463,2879.545334063877,4.739545201164425
5,5000046,4,5000046,5,S,S,False,2884.287101407407,2889.6700430673436,2884.287101407407,2889.6700430673436,False,5.382941659936478,0.0255126953125,0.0255126953125,2884.293892140429,2884.930870289843,4.739545201164425
5,5000046,5,5000046,6,S,S,False,2889.6700430673436,2895.05298472728,2889.6700430673436,2895.05298472728,False,5.382941659936478,0.0255126953125,0.0255126953125,2889.6775743914054,2890.3145525408195,4.739545201164425
5,5000046,6,5000046,7,S,S,False,2895.05298472728,2900.4359263872166,2895.05298472728,2900.4359263872166,False,5.382941659936478,0.0255126953125,0.0255126953125,2895.061256642382,2895.698234791796,4.739545201164425
5,5000046,7,5000047,0,S,S,True,2900.4359263872166,2905.818868047153,2900.4359263872166,2905.818868047153,False,5.382941659936478,0.0255126953125,0.0255126953125,2900.6463549089835,2901.2833330583976,4.739545201164425
5,5000047,0,5000047,1,S,S,False,2905.818868047153,2911.2894329460314,2905.818868047153,2911.2894329460314,False,5.470564898878365,0.0255126953125,0.0255126953125,2906.2440416765617,2906.8810198259757,4.663630865202037
5,5000047,1,5000047,2,S,S,False,2911.2894329460314,2916.75999784491,2911.2894329460314,2916.75999784491,False,5.470564898878365,0.0255126953125,0.0255126953125,2911.8375322771476,2912.4745104265617,4.663630865202037
5,5000047,2,5000047,3,S,S,False,2916.75999784491,2922.230562743788,2916.75999784491,2922.230562743788,False,5.470564898878365,0.0255126953125,0.0255126953125,2916.768028492968,2917.405006642382,4.663630865202037
5,5000047,3,5000047,4,S,S,False,2922.230562743788,2927.7011276426665,2922.230562743788,2927.7011276426665,False,5.470564898878365,0.0255126953125,0.0255126953125,2922.235634083788,2922.8726122332023,4.663630865202037
5,5000047,4,5000047,5,S,S,False,2927.7011276426665,2933.171692541545,2927.7011276426665,2933.171692541545,False,5.470564898878365,0.0255126953125,0.0255126953125,2927.7074358416007,2928.344413991015,4.663630865202037
5,5000047,5,5000047,6,S,S,False,2933.171692541545,2938.6422574404232,2933.171692541545,2938.6422574404232,False,5.470564898878365,0.0255126953125,0.0255126953125,2933.178398366015,2933.815376515429,4.663630865202037
5,5000047,6,5000047,7,S,S,False,2938.6422574404232,2944.1128223393016,2938.6422574404232,2944.1128223393016,False,5.470564898878365,0.0255126953125,0.0255126953125,2938.6464536074154,2939.2834317568295,4.663630865202037
5,5000047,7,5000048,0,S,S,True,2944.1128223393016,2949.58338723818,2944.1128223393016,2949.58338723818,False,5.470564898878365,0.0255126953125,0.0255126953125,2944.118255365228,2944.755233514642,4.663630865202037
5,5000048,0,5000048,1,S,S,False,2949.58338723818,2955.188143029413,2949.58338723818,2955.188143029413,False,5.604755791232947,0.0255126953125,0.0255126953125,2949.7985718334685,2950.4355499828825,4.551972692977523
5,5000048,1,5000048,2,S,S,False,2955.188143029413,2960.792898820646,2955.188143029413,2960.792898820646,False,5.604755791232947,0.0255126953125,0.0255126953125,2955.3081390942107,2955.9451172436247,4.551972692977523
5,5000048,2,5000048,3,S,S,False,2960.792898820646,2966.397654611879,2960.792898820646,2966.397654611879,False,5.604755791232947,0.0255126953125,0.0255126953125,2960.8135101879607,2961.4504883373747,4.551972692977523
5,5000048,3,5000048,4,S,S,False,2966.397654611879,2972.0024104031118,2966.397654611879,2972.0024104031118,False,5.604755791232947,0.0255126953125,0.0255126953125,2966.4028046215544,2967.0397827709685,4.551972692977523
5,5000048,4,5000048,5,S,S,False,2972.0024104031118,2977.6071661943447,2972.0024104031118,2977.6071661943447,False,5.604755791232947,0.0255126953125,0.0255126953125,2972.008883723117,2972.645861872531,4.551972692977523
5,5000048,5,5000048,6,S,S,False,2977.6071661943447,2983.2119219855776,2977.6071661943447,2983.2119219855776,False,5.604755791232947,0.0255126953125,0.0255126953125,2977.611362361337,2978.248340510751,4.551972692977523
5,5000048,6,5000048,7,S,S,False,2983.2119219855776,2988.8166777768106,2983.2119219855776,2988.8166777768106,False,5.604755791232947,0.0255126953125,0.0255126953125,2983.21611815257,2983.853096301984,4.551972692977523
5,5000048,7,5000049,0,S,S,True,2988.8166777768106,2994.4214335680435,2988.8166777768106,2994.4214335680435,False,5.604755791232947,0.0255126953125,0.0255126953125,2988.8222720975987,2989.4592502470127,4.551972692977523
5,5000049,0,5000049,1,S,S,False,2994.4214335680435,2999.897155655093,2994.4214335680435,2999.897155655093,False,5.475722087049235,0.0255126953125,0.0255126953125,2994.428351199161,2995.0653293485752,4.659238527251174
5,5000049,1,5000049,2,S,S,False,2999.897155655093,3005.372877742142,2999.897155655093,3005.372877742142,False,5.475722087049235,0.0255126953125,0.0255126953125,2999.904349123966,3000.54132727338,4.659238527251174
5,5000049,2,5000049,3,S,S,False,3005.372877742142,3010.8485998291912,3005.372877742142,3010.8485998291912,False,5.475722087049235,0.0255126953125,0.0255126953125,3005.3803470487705,3006.0173251981846,4.659238527251174
5,5000049,3,5000049,4,S,S,False,3010.8485998291912,3016.3243219162405,3010.8485998291912,3016.3243219162405,False,5.475722087049235,0.0255126953125,0.0255126953125,3010.8563449735752,3011.6276004667393,4.659238527251174
5,5000049,4,5000049,5,S,S,False,3016.3243219162405,3021.8000440032897,3016.3243219162405,3021.8000440032897,False,5.475722087049235,0.0255126953125,0.0255126953125,3016.33234289838,3016.969321047794,4.659238527251174
5,5000049,5,5000049,6,S,S,False,3021.8000440032897,3027.275766090339,3021.8000440032897,3027.275766090339,False,5.475722087049235,0.0255126953125,0.0255126953125,3021.8083408231846,3022.4453189725987,4.659238527251174
5,5000049,6,5000049,7,S,S,False,3027.275766090339,3032.751488177388,3027.275766090339,3032.751488177388,False,5.475722087049235,0.0255126953125,0.0255126953125,3027.280142580997,3027.917120730411,4.659238527251174
5,5000049,7,5000050,0,S,S,True,3032.751488177388,3038.2272102644374,3032.751488177388,3038.2272102644374,False,5.475722087049235,0.0255126953125,0.0255126953125,3032.756140505802,3033.393118655216,4.659238527251174
5,5000050,0,5000050,1,S,S,False,3038.2272102644374,3043.8164714511768,3038.2272102644374,3043.8164714511768,False,5.58926118673935,0.0255126953125,0.0255126953125,3038.2782962675205,3038.9152744169346,4.564591716169832
5,5000050,1,5000050,2,S,S,False,3043.8164714511768,3049.405732637916,3043.8164714511768,3049.405732637916,False,5.58926118673935,0.0255126953125,0.0255126953125,3043.8214328642002,3044.4584110136143,4.564591716169832
5,5000050,2,5000050,3,S,S,False,3049.405732637916,3054.9949938246555,3049.405732637916,3054.9949938246555,False,5.58926118673935,0.0255126953125,0.0255126953125,3049.410727297794,3050.047705447208,4.564591716169832
5,5000050,3,5000050,4,S,S,False,3054.9949938246555,3060.584255011395,3054.9949938246555,3060.584255011395,False,5.58926118673935,0.0255126953125,0.0255126953125,3055.0000217313877,3055.636999880802,4.564591716169832
5,5000050,4,5000050,5,S,S,False,3060.584255011395,3066.173516198134,3060.584255011395,3066.173516198134,False,5.58926118673935,0.0255126953125,0.0255126953125,3060.5893161649815,3061.2262943143955,4.564591716169832
5,5000050,5,5000050,6,S,S,False,3066.173516198134,3071.7627773848735,3066.173516198134,3071.7627773848735,False,5.58926118673935,0.0255126953125,0.0255126953125,3066.1786105985752,3066.8155887479893,4.564591716169832
5,5000050,6,5000050,7,S,S,False,3071.7627773848735,3077.352038571613,3071.7627773848735,3077.352038571613,False,5.58926118673935,0.0255126953125,0.0255126953125,3071.767905032169,3072.404883181583,4.564591716169832
5,5000050,7,5000051,0,S,S,True,3077.352038571613,3082.941299758352,3077.352038571613,3082.941299758352,False,5.58926118673935,0.0255126953125,0.0255126953125,3077.3571994657627,3077.994177615177,4.564591716169832
5,5000051,0,5000051,1,S,S,False,3082.941299758352,3088.4221793535717,3082.941299758352,3088.4221793535717,False,5.480879595219449,0.0255126953125,0.0255126953125,3082.9464938993565,3083.5834720487705,4.654854183396543
5,5000051,1,5000051,2,S,S,False,3088.4221793535717,3093.903058948791,3088.4221793535717,3093.903058948791,False,5.480879595219449,0.0255126953125,0.0255126953125,3088.4266879911534,3089.0636661405674,4.654854183396543
5,5000051,2,5000051,3,S,S,False,3093.903058948791,3099.3839385440106,3093.903058948791,3099.3839385440106,False,5.480879595219449,0.0255126953125,0.0255126953125,3093.9110782499424,3094.5480563993565,4.654854183396543
5,5000051,3,5000051,4,S,S,False,3099.3839385440106,3104.86481813923,3099.3839385440106,3104.86481813923,False,5.480879595219449,0.0255126953125,0.0255126953125,3099.3912723417393,3100.0282504911534,4.654854183396543
5,5000051,4,5000051,5,S,S,False,3104.86481813923,3110.3456977344495,3104.86481813923,3110.3456977344495,False,5.480879595219449,0.0255126953125,0.0255126953125,3104.871466433536,3105.5084445829502,4.654854183396543
5,5000051,5,5000051,6,S,S,False,3110.3456977344495,3115.826577329669,3110.3456977344495,3115.826577329669,False,5.480879595219449,0.0255126953125,0.0255126953125,3110.351660525333,3110.988638674747,4.654854183396543
5,5000051,6,5000051,7,S,S,False,3115.826577329669,3121.3074569248884,3115.826577329669,3121.3074569248884,False,5.480879595219449,0.0255126953125,0.0255126953125,3115.857031619083,3116.494009768497,4.654854183396543
5,5000051,7,5000052,0,S,L,True,3121.3074569248884,3144.1887119169346,3121.3074569248884,3144.1887119169346,False,22.88125499204625,0.2663726806640625,0.2663726806640625,3136.2545993681065,3144.1887119169346,11.641524066606323
5,5000052,0,5000052,1,L,L,False,3144.1887119169346,3201.275839239828,3144.1887119169346,3201.275839239828,False,57.08712732289359,0.2663726806640625,0.2663726806640625,3159.4216373319737,3166.7179324979893,4.6660726008758076
5,5000052,1,5000052,2,L,L,False,3201.275839239828,3258.362966562722,3201.275839239828,3258.362966562722,False,57.08712732289359,0.2663726806640625,0.2663726806640625,3205.1178958768955,3213.0520084257237,4.6660726008758076
5,5000052,2,5000052,3,L,L,False,3258.362966562722,3315.4500938856154,3258.362966562722,3315.4500938856154,False,57.08712732289359,0.2663726806640625,0.2663726806640625,3258.367162729714,3266.9390926613546,4.6660726008758076
5,5000052,3,5000052,4,L,L,False,3315.4500938856154,3372.537221208509,3315.4500938856154,3372.537221208509,False,57.08712732289359,0.2663726806640625,0.2663726806640625,3315.4542900526076,3325.301854749873,4.6660726008758076
5,5000052,4,5000052,5,L,L,False,3372.537221208509,3429.6243485314026,3372.537221208509,3429.6243485314026,False,57.08712732289359,0.2663726806640625,0.2663726806640625,3372.6032123903256,3381.175142321966,4.6660726008758076
5,5000052,5,5000052,6,L,L,False,3429.6243485314026,3486.711475854296,3429.6243485314026,3486.711475854296,False,57.08712732289359,0.2663726806640625,0.2663726806640625,3429.6285446983948,3442.0273789269104,4.6660726008758076
5,5000052,6,5000052,7,L,L,False,3486.711475854296,3543.7986031771898,3486.711475854296,3543.7986031771898,False,57.08712732289359,0.2663726806640625,0.2663726806640625,3488.003153636444,3504.2288921618347,4.6660726008758076
5,5000052,7,5000053,0,L,S,True,3543.7986031771898,3600.8857305000834,3543.7986031771898,3600.8857305000834,False,57.08712732289359,0.0255126953125,0.0255126953125,3543.8057374086275,3544.4427155580415,0.4469080247845764
5,5000053,0,5000053,1,S,S,False,3600.8857305000834,3606.1811414010026,3600.8857305000834,3606.1811414010026,False,5.295410900919251,0.0255126953125,0.0255126953125,3600.89375010394,3601.530728253354,4.8178877503294695
5,5000053,1,5000053,2,S,S,False,3606.1811414010026,3611.476552301922,3606.1811414010026,3611.476552301922,False,5.295410900919251,0.0255126953125,0.0255126953125,3606.1893128480806,3606.8262909974947,4.8178877503294695
5,5000053,2,5000053,3,S,S,False,3611.476552301922,3616.771963202841,3611.476552301922,3616.771963202841,False,5.295410900919251,0.0255126953125,0.0255126953125,3611.5562104310884,3612.1931885805025,4.8178877503294695
5,5000053,3,5000053,4,S,S,False,3616.771963202841,3622.0673741037604,3616.771963202841,3622.0673741037604,False,5.295410900919251,0.0255126953125,0.0255126953125,3616.939892682065,3617.576870831479,4.8178877503294695
5,5000053,4,5000053,5,S,S,False,3622.0673741037604,3627.3627850046796,3622.0673741037604,3627.3627850046796,False,5.295410900919251,0.0255126953125,0.0255126953125,3622.322735699643,3622.959713849057,4.8178877503294695
5,5000053,5,5000053,6,S,S,False,3627.3627850046796,3632.658195905599,3627.3627850046796,3632.658195905599,False,5.295410900919251,0.0255126953125,0.0255126953125,3627.647671612729,3628.284649762143,4.8178877503294695
5,5000053,6,5000053,7,S,S,False,3632.658195905599,3637.953606806518,3632.658195905599,3637.953606806518,False,5.295410900919251,0.0255126953125,0.0255126953125,3632.971336578897,3633.608314728311,4.8178877503294695
5,5000053,7,5000054,0,S,S,True,3637.953606806518,3643.2490177074374,3637.953606806518,3643.2490177074374,False,5.295410900919251,0.0255126953125,0.0255126953125,3638.2996608740164,3638.9366390234304,4.8178877503294695
5,5000054,0,5000054,1,S,S,False,3643.2490177074374,3648.6783366209406,3643.2490177074374,3648.6783366209406,False,5.429318913503266,0.0255126953125,0.0255126953125,3643.6749507910085,3644.3119289404226,4.6990599960977315
5,5000054,1,5000054,2,S,S,False,3648.6783366209406,3654.107655534444,3648.6783366209406,3654.107655534444,False,5.429318913503266,0.0255126953125,0.0255126953125,3649.2684413915945,3649.9054195410085,4.6990599960977315
5,5000054,2,5000054,3,S,S,False,3654.107655534444,3659.536974447947,3654.107655534444,3659.536974447947,False,5.429318913503266,0.0255126953125,0.0255126953125,3654.8661281591726,3655.5031063085867,4.6990599960977315
5,5000054,3,5000054,4,S,S,False,3659.536974447947,3664.9662933614504,3659.536974447947,3664.9662933614504,False,5.429318913503266,0.0255126953125,0.0255126953125,3660.241418076165,3660.878396225579,4.6990599960977315
5,5000054,4,5000054,5,S,S,False,3664.9662933614504,3670.3956122749537,3664.9662933614504,3670.3956122749537,False,5.429318913503266,0.0255126953125,0.0255126953125,3665.570550156243,3666.207528305657,4.6990599960977315
5,5000054,5,5000054,6,S,S,False,3670.3956122749537,3675.824931188457,3670.3956122749537,3675.824931188457,False,5.429318913503266,0.0255126953125,0.0255126953125,3671.101098251946,3671.73807640136,4.6990599960977315
5,5000054,6,5000054,7,S,S,False,3675.824931188457,3681.25425010196,3675.824931188457,3681.25425010196,False,5.429318913503266,0.0255126953125,0.0255126953125,3675.994042432672,3676.631020582086,4.6990599960977315
5,5000054,7,5000055,0,S,S,True,3681.25425010196,3686.6835690154635,3681.25425010196,3686.6835690154635,False,5.429318913503266,0.0255126953125,0.0255126953125,3681.528786695367,3682.1657648447813,4.6990599960977315
5,5000055,0,5000055,1,S,S,False,3686.6835690154635,3692.0613592472246,3686.6835690154635,3692.0613592472246,False,5.377790231761082,0.0255126953125,0.0255126953125,3687.0593347910703,3687.6963129404844,4.744085249332099
5,5000055,1,5000055,2,S,S,False,3692.0613592472246,3697.4391494789857,3692.0613592472246,3697.4391494789857,False,5.377790231761082,0.0255126953125,0.0255126953125,3692.591459263402,3693.228437412816,4.744085249332099
5,5000055,2,5000055,3,S,S,False,3697.4391494789857,3702.8169397107467,3697.4391494789857,3702.8169397107467,False,5.377790231761082,0.0255126953125,0.0255126953125,3697.446424473363,3698.083402622777,4.744085249332099
5,5000055,3,5000055,4,S,S,False,3702.8169397107467,3708.194729942508,3702.8169397107467,3708.194729942508,False,5.377790231761082,0.0255126953125,0.0255126953125,3702.8217143903553,3703.4586925397693,4.744085249332099
5,5000055,4,5000055,5,S,S,False,3708.194729942508,3713.572520174269,3708.194729942508,3713.572520174269,False,5.377790231761082,0.0255126953125,0.0255126953125,3708.2012004743397,3708.8381786237537,4.744085249332099
5,5000055,5,5000055,6,S,S,False,3713.572520174269,3718.95031040603,3713.572520174269,3718.95031040603,False,5.377790231761082,0.0255126953125,0.0255126953125,3713.580686558324,3714.217664707738,4.744085249332099
5,5000055,6,5000055,7,S,S,False,3718.95031040603,3724.328100637791,3718.95031040603,3724.328100637791,False,5.377790231761082,0.0255126953125,0.0255126953125,3718.955976475316,3719.5929546247303,4.744085249332099
5,5000055,7,5000056,0,S,S,True,3724.328100637791,3729.705890869552,3724.328100637791,3729.705890869552,False,5.377790231761082,0.0255126953125,0.0255126953125,3724.3354625593006,3724.9724407087147,4.744085249332099
5,5000056,0,5000056,1,S,S,False,3729.705890869552,3735.155830215745,3729.705890869552,3735.155830215745,False,5.449939346192878,0.0255126953125,0.0255126953125,3729.710752476293,3730.347730625707,4.681280596328509
5,5000056,1,5000056,2,S,S,False,3735.155830215745,3740.605769561938,3735.155830215745,3740.605769561938,False,5.449939346192878,0.0255126953125,0.0255126953125,3735.1615733991443,3735.7985515485584,4.681280596328509
5,5000056,2,5000056,3,S,S,False,3740.605769561938,3746.055708908131,3740.605769561938,3746.055708908131,False,5.449939346192878,0.0255126953125,0.0255126953125,3740.612394321996,3741.24937247141,4.681280596328509
5,5000056,3,5000056,4,S,S,False,3746.055708908131,3751.5056482543237,3746.055708908131,3751.5056482543237,False,5.449939346192878,0.0255126953125,0.0255126953125,3746.0632152448475,3746.7001933942615,4.681280596328509
5,5000056,4,5000056,5,S,S,False,3751.5056482543237,3756.9555876005165,3751.5056482543237,3756.9555876005165,False,5.449939346192878,0.0255126953125,0.0255126953125,3751.530820835668,3752.167798985082,4.681280596328509
5,5000056,5,5000056,6,S,S,False,3756.9555876005165,3762.4055269467094,3756.9555876005165,3762.4055269467094,False,5.449939346192878,0.0255126953125,0.0255126953125,3757.111722935277,3757.748701084691,4.681280596328509
5,5000056,6,5000056,7,S,S,False,3762.4055269467094,3767.8554662929023,3762.4055269467094,3767.8554662929023,False,5.449939346192878,0.0255126953125,0.0255126953125,3762.6884288678943,3763.3254070173084,4.681280596328509
5,5000056,7,5000057,0,S,S,True,3767.8554662929023,3773.305405639095,3767.8554662929023,3773.305405639095,False,5.449939346192878,0.0255126953125,0.0255126953125,3768.2693309675037,3768.906309116918,4.681280596328509
5,5000057,0,5000057,1,S,S,False,3773.305405639095,3778.915326938492,3773.305405639095,3778.915326938492,False,5.609921299396774,0.0255126953125,0.0255126953125,3773.846036900121,3774.483015049535,4.5477813236423374
5,5000057,1,5000057,2,S,S,False,3778.915326938492,3784.5252482378887,3778.915326938492,3784.5252482378887,False,5.609921299396774,0.0255126953125,0.0255126953125,3779.4269389997303,3780.0639171491443,4.5477813236423374
5,5000057,2,5000057,3,S,S,False,3784.5252482378887,3790.1351695372855,3784.5252482378887,3790.1351695372855,False,5.609921299396774,0.0255126953125,0.0255126953125,3784.949094761449,3785.586072910863,4.5477813236423374
5,5000057,3,5000057,4,S,S,False,3790.1351695372855,3795.7450908366823,3790.1351695372855,3795.7450908366823,False,5.609921299396774,0.0255126953125,0.0255126953125,3790.471250523168,3791.5068645368397,4.5477813236423374
5,5000057,4,5000057,5,S,S,False,3795.7450908366823,3801.355012136079,3795.7450908366823,3801.355012136079,False,5.609921299396774,0.0255126953125,0.0255126953125,3796.631223667699,3797.268201817113,4.5477813236423374
5,5000057,5,5000057,6,S,S,False,3801.355012136079,3806.964933435476,3801.355012136079,3806.964933435476,False,5.609921299396774,0.0255126953125,0.0255126953125,3802.153379429418,3802.790357578832,4.5477813236423374
5,5000057,6,5000057,7,S,S,False,3806.964933435476,3812.5748547348726,3806.964933435476,3812.5748547348726,False,5.609921299396774,0.0255126953125,0.0255126953125,3807.0379081547635,3807.6748863041776,4.5477813236423374
5,5000057,7,5000058,0,S,S,True,3812.5748547348726,3818.1847760342694,3812.5748547348726,3818.1847760342694,False,5.609921299396774,0.0255126953125,0.0255126953125,3812.581044751443,3813.2180229008572,4.5477813236423374
5,5000058,0,5000058,1,S,S,False,3818.1847760342694,3823.5883266069045,3818.1847760342694,3823.5883266069045,False,5.40355057263514,0.0255126953125,0.0255126953125,3818.191320019998,3818.828298169412,4.72146877678953
5,5000058,1,5000058,2,S,S,False,3823.5883266069045,3828.9918771795396,3823.5883266069045,3828.9918771795396,False,5.40355057263514,0.0255126953125,0.0255126953125,3823.5959831059354,3824.2329612553494,4.72146877678953
5,5000058,2,5000058,3,S,S,False,3828.9918771795396,3834.395427752175,3828.9918771795396,3834.395427752175,False,5.40355057263514,0.0255126953125,0.0255126953125,3828.9964500248807,3829.6334281742947,4.72146877678953
5,5000058,3,5000058,4,S,S,False,3834.395427752175,3839.79897832481,3834.395427752175,3839.79897832481,False,5.40355057263514,0.0255126953125,0.0255126953125,3834.401113110818,3835.0380912602322,4.72146877678953
5,5000058,4,5000058,5,S,S,False,3839.79897832481,3845.202528897445,3839.79897832481,3845.202528897445,False,5.40355057263514,0.0255126953125,0.0255126953125,3839.8057761967557,3840.4427543461697,4.72146877678953
5,5000058,5,5000058,6,S,S,False,3845.202528897445,3850.60607947008,3845.202528897445,3850.60607947008,False,5.40355057263514,0.0255126953125,0.0255126953125,3845.210439282693,3845.8474174321072,4.72146877678953
5,5000058,6,5000058,7,S,S,False,3850.60607947008,3856.0096300427153,3850.60607947008,3856.0096300427153,False,5.40355057263514,0.0255126953125,0.0255126953125,3850.6109062016385,3851.2478843510526,4.72146877678953
5,5000058,7,5000059,0,S,S,True,3856.0096300427153,3861.4131806153505,3856.0096300427153,3861.4131806153505,False,5.40355057263514,0.0255126953125,0.0255126953125,3856.015569287576,3856.65254743699,4.72146877678953
5,5000059,0,5000059,1,S,S,False,3861.4131806153505,3867.028267742911,3861.4131806153505,3867.028267742911,False,5.6150871275604,0.0255126953125,0.0255126953125,3861.4202323735135,3862.0572105229276,4.543597406935439
5,5000059,1,5000059,2,S,S,False,3867.028267742911,3872.6433548704713,3867.028267742911,3872.6433548704713,False,5.6150871275604,0.0255126953125,0.0255126953125,3867.0347038090604,3867.6716819584744,4.543597406935439
5,5000059,2,5000059,3,S,S,False,3872.6433548704713,3878.2584419980317,3872.6433548704713,3878.2584419980317,False,5.6150871275604,0.0255126953125,0.0255126953125,3872.6491752446072,3873.2861533940213,4.543597406935439
5,5000059,3,5000059,4,S,S,False,3878.2584419980317,3883.873529125592,3878.2584419980317,3883.873529125592,False,5.6150871275604,0.0255126953125,0.0255126953125,3878.263646680154,3878.900624829568,4.543597406935439
5,5000059,4,5000059,5,S,S,False,3883.873529125592,3889.4886162531525,3883.873529125592,3889.4886162531525,False,5.6150871275604,0.0255126953125,0.0255126953125,3883.878118115701,3884.515096265115,4.543597406935439
5,5000059,5,5000059,6,S,S,False,3889.4886162531525,3895.103703380713,3889.4886162531525,3895.103703380713,False,5.6150871275604,0.0255126953125,0.0255126953125,3889.49678571824,3890.133763867654,4.543597406935439
5,5000059,6,5000059,7,S,S,False,3895.103703380713,3900.7187905082733,3895.103703380713,3900.7187905082733,False,5.6150871275604,0.0255126953125,0.0255126953125,3895.111257153787,3895.748235303201,4.543597406935439
5,5000059,7,5000060,0,S,L,True,3900.7187905082733,3918.28584821824,3900.7187905082733,3918.28584821824,False,17.567057709966775,0.2663726806640625,0.2663726806640625,3911.627370435037,3918.28584821824,15.163192667883955
5,5000060,0,5000060,1,L,L,False,3918.28584821824,3975.4424415793574,3918.28584821824,3975.4424415793574,False,57.1565933611173,0.2663726806640625,0.2663726806640625,3932.243138867654,3939.5394340336697,4.660401626477471
5,5000060,1,5000060,2,L,L,False,3975.4424415793574,4032.5990349404747,3975.4424415793574,4000.0,True,24.557558420642636,0.2663726806640625,0.2663726806640625,3975.9606543449086,3983.8947668937367,10.846871504951993
6,6000025,6,6000025,7,S,S,False,1994.8290200922627,2000.3253741319922,2000.0,2000.3253741319922,True,0.3253741319922483,0.0255126953125,0.0,1994.8349943066135,1995.4719724560275,0.0
6,6000025,7,6000026,0,S,S,True,2000.3253741319922,2005.8217281717218,2000.3253741319922,2005.8217281717218,False,5.496354039729567,0.0255126953125,0.0255126953125,2000.331973066379,2000.9689512157931,4.641748899012932
6,6000026,0,6000026,1,S,S,False,2005.8217281717218,2011.1222853808204,2005.8217281717218,2011.1222853808204,False,5.300557209098542,0.0255126953125,0.0255126953125,2005.8289518261447,2006.4659299755588,4.813210065671361
6,6000026,1,6000026,2,S,S,False,2011.1222853808204,2016.422842589919,2011.1222853808204,2016.422842589919,False,5.300557209098542,0.0255126953125,0.0255126953125,2011.1287107372775,2011.7656888866916,4.813210065671361
6,6000026,2,6000026,3,S,S,False,2016.422842589919,2021.7233997990174,2016.422842589919,2021.7233997990174,False,5.300557209098542,0.0255126953125,0.0255126953125,2016.4284696484103,2017.0654477978244,4.813210065671361
6,6000026,3,6000026,4,S,S,False,2021.7233997990174,2027.023957008116,2021.7233997990174,2027.023957008116,False,5.300557209098542,0.0255126953125,0.0255126953125,2021.7282285595431,2022.3652067089572,4.813210065671361
6,6000026,4,6000026,5,S,S,False,2027.023957008116,2032.3245142172145,2027.023957008116,2032.3245142172145,False,5.300557209098542,0.0255126953125,0.0255126953125,2027.0321836376681,2027.6691617870822,4.813210065671361
6,6000026,5,6000026,6,S,S,False,2032.3245142172145,2037.625071426313,2032.3245142172145,2037.625071426313,False,5.300557209098542,0.0255126953125,0.0255126953125,2032.331942548801,2032.968920698215,4.813210065671361
6,6000026,6,6000026,7,S,S,False,2037.625071426313,2042.9256286354116,2037.625071426313,2042.9256286354116,False,5.300557209098542,0.0255126953125,0.0255126953125,2037.6292675933053,2038.2662457427193,4.813210065671361
6,6000026,7,6000027,0,S,S,True,2042.9256286354116,2048.2261858445104,2042.9256286354116,2048.2261858445104,False,5.30055720909877,0.0255126953125,0.0255126953125,2042.9304494365963,2043.5674275860104,4.8132100656711545
6,6000027,0,6000027,1,S,S,False,2048.2261858445104,2053.5936741799196,2048.2261858445104,2053.5936741799196,False,5.367488335409234,0.0255126953125,0.0255126953125,2048.234404514721,2048.871382664135,4.75319063931507
6,6000027,1,6000027,2,S,S,False,2053.5936741799196,2058.961162515329,2053.5936741799196,2058.961162515329,False,5.367488335409234,0.0255126953125,0.0255126953125,2053.601302097729,2054.238280247143,4.75319063931507
6,6000027,2,6000027,3,S,S,False,2058.961162515329,2064.328650850738,2058.961162515329,2064.328650850738,False,5.367488335409234,0.0255126953125,0.0255126953125,2058.9681996807367,2059.6051778301508,4.75319063931507
6,6000027,3,6000027,4,S,S,False,2064.328650850738,2069.6961391861473,2064.328650850738,2069.6961391861473,False,5.367488335409234,0.0255126953125,0.0255126953125,2064.3350972637445,2064.9720754131586,4.75319063931507
6,6000027,4,6000027,5,S,S,False,2069.6961391861473,2075.0636275215566,2069.6961391861473,2075.0636275215566,False,5.367488335409234,0.0255126953125,0.0255126953125,2069.7019948467523,2070.3389729961664,4.75319063931507
6,6000027,5,6000027,6,S,S,False,2075.0636275215566,2080.431115856966,2075.0636275215566,2080.431115856966,False,5.367488335409234,0.0255126953125,0.0255126953125,2075.10665793269,2075.743636082104,4.75319063931507
6,6000027,6,6000027,7,S,S,False,2080.431115856966,2085.798604192375,2080.431115856966,2085.798604192375,False,5.367488335409234,0.0255126953125,0.0255126953125,2080.7211293682367,2081.3581075176508,4.75319063931507
6,6000027,7,6000028,0,S,S,True,2085.798604192375,2091.1660925277843,2085.798604192375,2091.1660925277843,False,5.367488335409234,0.0255126953125,0.0255126953125,2086.3356008037836,2086.9725789531976,4.75319063931507
6,6000028,0,6000028,1,S,S,False,2091.1660925277843,2096.410057946893,2091.1660925277843,2096.410057946893,False,5.243965419108918,0.0255126953125,0.0255126953125,2091.1702886947764,2091.8072668441905,4.865153232996577
6,6000028,1,6000028,2,S,S,False,2096.410057946893,2101.654023366002,2096.410057946893,2101.654023366002,False,5.243965419108918,0.0255126953125,0.0255126953125,2096.4142541138854,2097.0512322632994,4.865153232996577
6,6000028,2,6000028,3,S,S,False,2101.654023366002,2106.897988785111,2101.654023366002,2106.897988785111,False,5.243965419108918,0.0255126953125,0.0255126953125,2101.8738959450375,2102.5108740944515,4.865153232996577
6,6000028,3,6000028,4,S,S,False,2106.897988785111,2112.14195420422,2106.897988785111,2112.14195420422,False,5.243965419108918,0.0255126953125,0.0255126953125,2107.433817209686,2108.0707953591,4.865153232996577
6,6000028,4,6000028,5,S,S,False,2112.14195420422,2117.385919623329,2112.14195420422,2117.385919623329,False,5.243965419108918,0.0255126953125,0.0255126953125,2112.2552130837094,2112.8921912331234,4.865153232996577
6,6000028,5,6000028,6,S,S,False,2117.385919623329,2122.6298850424378,2117.385919623329,2122.6298850424378,False,5.243965419108918,0.0255126953125,0.0255126953125,2117.890665354217,2118.527643503631,4.865153232996577
6,6000028,6,6000028,7,S,S,False,2122.6298850424378,2127.8738504615467,2122.6298850424378,2127.8738504615467,False,5.243965419108918,0.0255126953125,0.0255126953125,2123.186228098358,2123.823206247772,4.865153232996577
6,6000028,7,6000029,0,S,S,True,2127.8738504615467,2133.1178158806556,2127.8738504615467,2133.1178158806556,False,5.243965419108918,0.0255126953125,0.0255126953125,2128.4817908424984,2129.1187689919125,4.865153232996577
6,6000029,0,6000029,1,S,S,False,2133.1178158806556,2138.469853771536,2133.1178158806556,2138.469853771536,False,5.352037890880183,0.0255126953125,0.0255126953125,2133.122751535858,2133.759729685272,4.766912311284897
6,6000029,1,6000029,2,S,S,False,2138.469853771536,2143.821891662416,2138.469853771536,2143.821891662416,False,5.352037890880183,0.0255126953125,0.0255126953125,2139.0729163307797,2139.7098944801937,4.766912311284897
6,6000029,2,6000029,3,S,S,False,2143.821891662416,2149.173929553296,2143.821891662416,2149.173929553296,False,5.352037890880183,0.0255126953125,0.0255126953125,2144.3684790749203,2145.0054572243344,4.766912311284897
6,6000029,3,6000029,4,S,S,False,2149.173929553296,2154.5259674441763,2149.173929553296,2154.5259674441763,False,5.352037890880183,0.0255126953125,0.0255126953125,2149.6615684620247,2150.2985466114387,4.766912311284897
6,6000029,4,6000029,5,S,S,False,2154.5259674441763,2159.8780053350565,2154.5259674441763,2159.8780053350565,False,5.352037890880183,0.0255126953125,0.0255126953125,2154.956979362944,2155.593957512358,4.766912311284897
6,6000029,5,6000029,6,S,S,False,2159.8780053350565,2165.2300432259367,2159.8780053350565,2165.2300432259367,False,5.352037890880183,0.0255126953125,0.0255126953125,2160.2546850482813,2160.8916631976954,4.766912311284897
6,6000029,6,6000029,7,S,S,False,2165.2300432259367,2170.582081116817,2165.2300432259367,2170.582081116817,False,5.352037890880183,0.0255126953125,0.0255126953125,2165.5208746234766,2166.1578527728907,4.766912311284897
6,6000029,7,6000030,0,S,S,True,2170.582081116817,2175.934119007697,2170.582081116817,2175.934119007697,False,5.352037890880183,0.0255126953125,0.0255126953125,2170.7828680316798,2171.419846181094,4.766912311284897
6,6000030,0,6000030,1,S,S,False,2175.934119007697,2181.394370490233,2175.934119007697,2181.394370490233,False,5.460251482536023,0.0255126953125,0.0255126953125,2176.049057606875,2176.686035756289,4.672439610904256
6,6000030,1,6000030,2,S,S,False,2181.394370490233,2186.854621972769,2181.394370490233,2186.854621972769,False,5.460251482536023,0.0255126953125,0.0255126953125,2181.399170521914,2182.036148671328,4.672439610904256
6,6000030,2,6000030,3,S,S,False,2186.854621972769,2192.314873455305,2186.854621972769,2192.314873455305,False,5.460251482536023,0.0255126953125,0.0255126953125,2186.8625799457423,2187.4995580951563,4.672439610904256
6,6000030,3,6000030,4,S,S,False,2192.314873455305,2197.775124937841,2192.314873455305,2197.775124937841,False,5.460251482536023,0.0255126953125,0.0255126953125,2192.321793202578,2192.9587713519923,4.672439610904256
6,6000030,4,6000030,5,S,S,False,2197.775124937841,2203.235376420377,2197.775124937841,2203.235376420377,False,5.460251482536023,0.0255126953125,0.0255126953125,2197.781006459414,2198.417984608828,4.672439610904256
6,6000030,5,6000030,6,S,S,False,2203.235376420377,2208.695627902913,2203.235376420377,2208.695627902913,False,5.460251482536023,0.0255126953125,0.0255126953125,2203.24021971625,2203.877197865664,4.672439610904256
6,6000030,6,6000030,7,S,S,False,2208.695627902913,2214.155879385449,2208.695627902913,2214.155879385449,False,5.460251482536023,0.0255126953125,0.0255126953125,2208.703629140078,2209.3406072894923,4.672439610904256
6,6000030,7,6000031,0,S,S,True,2214.155879385449,2219.6161308679852,2214.155879385449,2219.6161308679852,False,5.460251482536023,0.0255126953125,0.0255126953125,2214.162842396914,2214.799820546328,4.672439610904256
6,6000031,0,6000031,1,S,S,False,2219.6161308679852,2225.1692491775643,2219.6161308679852,2225.1692491775643,False,5.553118309579077,0.0255126953125,0.0255126953125,2219.62205565375,2220.259033803164,4.594300695609319
6,6000031,1,6000031,2,S,S,False,2225.1692491775643,2230.7223674871434,2225.1692491775643,2230.7223674871434,False,5.553118309579077,0.0255126953125,0.0255126953125,2225.173584584414,2225.810562733828,4.594300695609319
6,6000031,2,6000031,3,S,S,False,2230.7223674871434,2236.2754857967225,2230.7223674871434,2236.2754857967225,False,5.553118309579077,0.0255126953125,0.0255126953125,2231.279007558047,2231.915985707461,4.594300695609319
6,6000031,3,6000031,4,S,S,False,2236.2754857967225,2241.8286041063016,2236.2754857967225,2241.8286041063016,False,5.553118309579077,0.0255126953125,0.0255126953125,2236.582962636172,2237.219940785586,4.594300695609319
6,6000031,4,6000031,5,S,S,False,2241.8286041063016,2247.3817224158806,2241.8286041063016,2247.3817224158806,False,5.553118309579077,0.0255126953125,0.0255126953125,2242.0505682269923,2242.6875463764063,4.594300695609319
6,6000031,5,6000031,6,S,S,False,2247.3817224158806,2252.9348407254597,2247.3817224158806,2252.9348407254597,False,5.553118309579077,0.0255126953125,0.0255126953125,2247.5139776508204,2248.1509558002344,4.594300695609319
6,6000031,6,6000031,7,S,S,False,2252.9348407254597,2258.487959035039,2252.9348407254597,2258.487959035039,False,5.553118309579077,0.0255126953125,0.0255126953125,2252.9815832416407,2253.6185613910548,4.594300695609319
6,6000031,7,6000032,0,S,S,True,2258.487959035039,2264.041077344618,2258.487959035039,2264.041077344618,False,5.553118309579077,0.0255126953125,0.0255126953125,2258.492155202031,2259.129133351445,4.594300695609319
6,6000032,0,6000032,1,S,S,False,2264.041077344618,2269.4807058344663,2264.041077344618,2269.4807058344663,False,5.439628489848474,0.0255126953125,0.0255126953125,2264.04527351161,2264.682251661024,4.690153998588731
6,6000032,1,6000032,2,S,S,False,2269.4807058344663,2274.920334324315,2269.4807058344663,2274.920334324315,False,5.439628489848474,0.0255126953125,0.0255126953125,2269.4849020014585,2270.1218801508726,4.690153998588731
6,6000032,2,6000032,3,S,S,False,2274.920334324315,2280.3599628141633,2274.920334324315,2280.3599628141633,False,5.439628489848474,0.0255126953125,0.0255126953125,2274.9284280609127,2275.5654062103267,4.690153998588731
6,6000032,3,6000032,4,S,S,False,2280.3599628141633,2285.7995913040118,2280.3599628141633,2285.7995913040118,False,5.439628489848474,0.0255126953125,0.0255126953125,2280.9457315277095,2281.5827096771236,4.690153998588731
6,6000032,4,6000032,5,S,S,False,2285.7995913040118,2291.2392197938602,2285.7995913040118,2291.2392197938602,False,5.439628489848474,0.0255126953125,0.0255126953125,2286.346198446655,2286.983176596069,4.690153998588731
6,6000032,5,6000032,6,S,S,False,2291.2392197938602,2296.6788482837087,2291.2392197938602,2296.6788482837087,False,5.439628489848474,0.0255126953125,0.0255126953125,2291.608191854858,2292.245170004272,4.690153998588731
6,6000032,6,6000032,7,S,S,False,2296.6788482837087,2302.118476773557,2296.6788482837087,2302.118476773557,False,5.439628489848474,0.0255126953125,0.0255126953125,2296.9369895408486,2297.5739676902626,4.690153998588731
6,6000032,7,6000033,0,S,S,True,2302.118476773557,2307.5581052634057,2302.118476773557,2307.5581052634057,False,5.439628489848474,0.0255126953125,0.0255126953125,2302.2684313190193,2302.9054094684334,4.690153998588731
6,6000033,0,6000033,1,S,S,False,2307.5581052634057,2313.0750963758114,2307.5581052634057,2313.0750963758114,False,5.516991112405776,0.0255126953125,0.0255126953125,2307.59987309719,2308.236851246604,4.6243857915831885
6,6000033,1,6000033,2,S,S,False,2313.0750963758114,2318.592087488217,2313.0750963758114,2318.592087488217,False,5.516991112405776,0.0255126953125,0.0255126953125,2313.0792925428036,2313.7162706922177,4.6243857915831885
6,6000033,2,6000033,3,S,S,False,2318.592087488217,2324.109078600623,2318.592087488217,2324.109078600623,False,5.516991112405776,0.0255126953125,0.0255126953125,2318.5984500129066,2319.2354281623207,4.6243857915831885
6,6000033,3,6000033,4,S,S,False,2324.109078600623,2329.6260697130288,2324.109078600623,2329.6260697130288,False,5.516991112405776,0.0255126953125,0.0255126953125,2324.116409607633,2324.753387757047,4.6243857915831885
6,6000033,4,6000033,5,S,S,False,2329.6260697130288,2335.1430608254345,2329.6260697130288,2335.1430608254345,False,5.516991112405776,0.0255126953125,0.0255126953125,2329.6335299689613,2330.2705081183753,4.6243857915831885
6,6000033,5,6000033,6,S,S,False,2335.1430608254345,2340.6600519378403,2335.1430608254345,2340.6600519378403,False,5.516991112405776,0.0255126953125,0.0255126953125,2335.1472933966957,2335.7842715461097,4.6243857915831885
6,6000033,6,6000033,7,S,S,False,2340.6600519378403,2346.177043050246,2340.6600519378403,2346.177043050246,False,5.516991112405776,0.0255126953125,0.0255126953125,2340.665252991422,2341.3022311408363,4.6243857915831885
6,6000033,7,6000034,0,S,L,True,2346.177043050246,2380.9014590461097,2346.177043050246,2380.9014590461097,False,34.72441599586364,0.2663726806640625,0.2663726806640625,2368.502624817594,2380.9014590461097,7.6710485410551685
6,6000034,0,6000034,1,L,L,False,2380.9014590461097,2438.1969883236898,2380.9014590461097,2438.1969883236898,False,57.295529277580044,0.2663726806640625,0.2663726806640625,2380.905655213102,2393.3044894416175,4.649100619588745
6,6000034,1,6000034,2,L,L,False,2438.1969883236898,2495.49251760127,2438.1969883236898,2495.49251760127,False,57.295529277580044,0.2663726806640625,0.2663726806640625,2438.201184490682,2453.78910563326,4.649100619588745
6,6000034,2,6000034,3,L,L,False,2495.49251760127,2552.78804687885,2495.49251760127,2552.78804687885,False,57.295529277580044,0.2663726806640625,0.2663726806640625,2503.3919956479085,2516.4286472592366,4.649100619588745
6,6000034,3,6000034,4,L,L,False,2552.78804687885,2610.08357615643,2552.78804687885,2610.08357615643,False,57.295529277580044,0.2663726806640625,0.2663726806640625,2562.496774656577,2574.2577915022803,4.649100619588745
6,6000034,4,6000034,5,L,L,False,2610.08357615643,2667.37910543401,2610.08357615643,2667.37910543401,False,57.295529277580044,0.2663726806640625,0.2663726806640625,2618.4124667511833,2630.811300979699,4.649100619588745
6,6000034,5,6000034,6,L,L,False,2667.37910543401,2724.67463471159,2667.37910543401,2724.67463471159,False,57.295529277580044,0.2663726806640625,0.2663726806640625,2675.6037936114144,2691.829532136805,4.649100619588745
6,6000034,6,6000034,7,L,L,False,2724.67463471159,2781.97016398917,2724.67463471159,2781.97016398917,False,57.295529277580044,0.2663726806640625,0.2663726806640625,2746.6199082279486,2757.1052903080267,4.649100619588745
6,6000034,7,6000035,0,L,L,True,2781.97016398917,2839.26569326675,2781.97016398917,2839.26569326675,False,57.295529277580044,0.2663726806640625,0.2663726806640625,2801.676929720535,2813.437946566238,4.649100619588745
6,6000035,0,6000035,1,L,L,False,2839.26569326675,2896.3528205896437,2839.26569326675,2896.3528205896437,False,57.08712732289359,0.2663726806640625,0.2663726806640625,2863.4353620956813,2875.1963789413844,4.6660726008758076
6,6000035,1,6000035,2,L,L,False,2896.3528205896437,2953.4399479125373,2896.3528205896437,2953.4399479125373,False,57.08712732289359,0.2663726806640625,0.2663726806640625,2908.245613331835,2918.730995411913,4.6660726008758076
6,6000035,2,6000035,3,L,L,False,2953.4399479125373,3010.527075235431,2953.4399479125373,3010.527075235431,False,57.08712732289359,0.2663726806640625,0.2663726806640625,2962.836062678195,2974.597079523898,4.6660726008758076
6,6000035,3,6000035,4,L,L,False,3010.527075235431,3067.6142025583245,3010.527075235431,3067.6142025583245,False,57.08712732289359,0.2663726806640625,0.2663726806640625,3035.2948215360752,3044.5045688505284,4.6660726008758076
6,6000035,4,6000035,5,L,L,False,3067.6142025583245,3124.701329881218,3067.6142025583245,3124.701329881218,False,57.08712732289359,0.2663726806640625,0.2663726806640625,3095.942023074161,3103.8761356229893,4.6660726008758076
6,6000035,5,6000035,6,L,L,False,3124.701329881218,3181.7884572041116,3124.701329881218,3181.7884572041116,False,57.08712732289359,0.2663726806640625,0.2663726806640625,3151.486685549747,3159.4207980985752,4.6660726008758076
6,6000035,6,6000035,7,L,L,False,3181.7884572041116,3238.8755845270052,3181.7884572041116,3238.8755845270052,False,57.08712732289359,0.2663726806640625,0.2663726806640625,3197.8207614774815,3205.117056643497,4.6660726008758076
6,6000035,7,6000036,0,L,S,True,3238.8755845270052,3295.962711849899,3238.8755845270052,3295.962711849899,False,57.08712732289359,0.0255126953125,0.0255126953125,3238.8836312121975,3239.5206093616116,0.4469080247845764
6,6000036,0,6000036,1,S,S,False,3295.962711849899,3301.3508052580105,3295.962711849899,3301.3508052580105,False,5.388093408111672,0.0255126953125,0.0255126953125,3295.9709644789996,3296.6079426284136,4.735013553048491
6,6000036,1,6000036,2,S,S,False,3301.3508052580105,3306.738898666122,3301.3508052580105,3306.738898666122,False,5.388093408111672,0.0255126953125,0.0255126953125,3301.3588428969683,3301.9958210463824,4.735013553048491
6,6000036,2,6000036,3,S,S,False,3306.738898666122,3312.126992074234,3306.738898666122,3312.126992074234,False,5.388093408111672,0.0255126953125,0.0255126953125,3306.746721314937,3307.383699464351,4.735013553048491
6,6000036,3,6000036,4,S,S,False,3312.126992074234,3317.5150854823455,3312.126992074234,3317.5150854823455,False,5.388093408111672,0.0255126953125,0.0255126953125,3312.131188241226,3312.76816639064,4.735013553048491
6,6000036,4,6000036,5,S,S,False,3317.5150854823455,3322.903178890457,3317.5150854823455,3322.903178890457,False,5.388093408111672,0.0255126953125,0.0255126953125,3317.523000379756,3318.15997852917,4.735013553048491
6,6000036,5,6000036,6,S,S,False,3322.903178890457,3328.291272298569,3322.903178890457,3328.291272298569,False,5.388093408111672,0.0255126953125,0.0255126953125,3322.9108787977248,3323.547856947139,4.735013553048491
6,6000036,6,6000036,7,S,S,False,3328.291272298569,3333.6793657066805,3328.291272298569,3333.6793657066805,False,5.388093408111672,0.0255126953125,0.0255126953125,3328.295468465561,3328.932446614975,4.735013553048491
6,6000036,7,6000037,0,S,S,True,3333.6793657066805,3339.067459114792,3333.6793657066805,3339.067459114792,False,5.388093408111672,0.0255126953125,0.0255126953125,3333.6835618736727,3334.320540023087,4.735013553048491
6,6000037,0,6000037,1,S,S,False,3339.067459114792,3344.3371432748095,3339.067459114792,3344.3371432748095,False,5.2696841600172775,0.0255126953125,0.0255126953125,3339.0752610069885,3339.7122391564026,4.841408808913579
6,6000037,1,6000037,2,S,S,False,3344.3371432748095,3349.6068274348268,3344.3371432748095,3349.6068274348268,False,5.2696841600172775,0.0255126953125,0.0255126953125,3344.341450582184,3344.978428731598,4.841408808913579
6,6000037,2,6000037,3,S,S,False,3349.6068274348268,3354.876511594844,3349.6068274348268,3354.876511594844,False,5.2696841600172775,0.0255126953125,0.0255126953125,3349.611023601819,3350.248001751233,4.841408808913579
6,6000037,3,6000037,4,S,S,False,3354.876511594844,3360.1461957548613,3354.876511594844,3360.1461957548613,False,5.2696841600172775,0.0255126953125,0.0255126953125,3354.8814093440064,3355.5183874934205,4.841408808913579
6,6000037,4,6000037,5,S,S,False,3360.1461957548613,3365.4158799148786,3360.1461957548613,3365.4158799148786,False,5.2696841600172775,0.0255126953125,0.0255126953125,3360.223129925061,3360.860108074475,4.841408808913579
6,6000037,5,6000037,6,S,S,False,3365.4158799148786,3370.685564074896,3365.4158799148786,3370.685564074896,False,5.2696841600172775,0.0255126953125,0.0255126953125,3365.8040320246705,3366.4410101740846,4.841408808913579
6,6000037,6,6000037,7,S,S,False,3370.685564074896,3375.955248234913,3370.685564074896,3375.955248234913,False,5.2696841600172775,0.0255126953125,0.0255126953125,3370.689760241888,3371.326738391302,4.841408808913579
6,6000037,7,6000038,0,S,S,True,3375.955248234913,3381.2249323949304,3375.955248234913,3381.2249323949304,False,5.2696841600172775,0.0255126953125,0.0255126953125,3375.9601459840756,3376.5971241334896,4.841408808913579
6,6000038,0,6000038,1,S,S,False,3381.2249323949304,3386.6903404256377,3381.2249323949304,3386.6903404256377,False,5.4654080307072945,0.0255126953125,0.0255126953125,3381.2291285619226,3381.8661067113367,4.668031219107044
6,6000038,1,6000038,2,S,S,False,3386.6903404256377,3392.155748456345,3386.6903404256377,3392.155748456345,False,5.4654080307072945,0.0255126953125,0.0255126953125,3386.69453659263,3387.331514742044,4.668031219107044
6,6000038,2,6000038,3,S,S,False,3392.155748456345,3397.6211564870523,3392.155748456345,3397.6211564870523,False,5.4654080307072945,0.0255126953125,0.0255126953125,3392.159944623337,3392.7969227727513,4.668031219107044
6,6000038,3,6000038,4,S,S,False,3397.6211564870523,3403.0865645177596,3397.6211564870523,3403.0865645177596,False,5.4654080307072945,0.0255126953125,0.0255126953125,3397.629105589341,3398.2660837387552,4.668031219107044
6,6000038,4,6000038,5,S,S,False,3403.0865645177596,3408.551972548467,3403.0865645177596,3408.551972548467,False,5.4654080307072945,0.0255126953125,0.0255126953125,3403.0925150131693,3403.7294931625834,4.668031219107044
6,6000038,5,6000038,6,S,S,False,3408.551972548467,3414.017380579174,3408.551972548467,3414.017380579174,False,5.4654080307072945,0.0255126953125,0.0255126953125,3408.5595593634057,3409.1965375128198,4.668031219107044
6,6000038,6,6000038,7,S,S,False,3414.017380579174,3419.4827886098815,3414.017380579174,3419.4827886098815,False,5.4654080307072945,0.0255126953125,0.0255126953125,3414.022968787234,3414.659946936648,4.668031219107044
6,6000038,7,6000039,0,S,S,True,3419.4827886098815,3424.948196640589,3419.4827886098815,3424.948196640589,False,5.4654080307072945,0.0255126953125,0.0255126953125,3419.490574378054,3420.127552527468,4.668031219107044
6,6000039,0,6000039,1,S,S,False,3424.948196640589,3430.238461553328,3424.948196640589,3430.238461553328,False,5.290264912739076,0.0255126953125,0.0255126953125,3424.952392807581,3425.589370956995,4.822574244073271
6,6000039,1,6000039,2,S,S,False,3430.238461553328,3435.528726466067,3430.238461553328,3435.528726466067,False,5.290264912739076,0.0255126953125,0.0255126953125,3430.2453812462463,3430.8823593956604,4.822574244073271
6,6000039,2,6000039,3,S,S,False,3435.528726466067,3440.818991378806,3435.528726466067,3440.818991378806,False,5.290264912739076,0.0255126953125,0.0255126953125,3435.5367478233948,3436.173725972809,4.822574244073271
6,6000039,3,6000039,4,S,S,False,3440.818991378806,3446.109256291545,3440.818991378806,3446.109256291545,False,5.290264912739076,0.0255126953125,0.0255126953125,3440.823918233551,3441.460896382965,4.822574244073271
6,6000039,4,6000039,5,S,S,False,3446.109256291545,3451.399521204284,3446.109256291545,3451.399521204284,False,5.290264912739076,0.0255126953125,0.0255126953125,3446.1134524585373,3446.7504306079513,4.822574244073271
6,6000039,5,6000039,6,S,S,False,3451.399521204284,3456.6897861170232,3451.399521204284,3456.6897861170232,False,5.290264912739076,0.0255126953125,0.0255126953125,3451.4037173712763,3452.0406955206904,4.822574244073271
6,6000039,6,6000039,7,S,S,False,3456.6897861170232,3461.9800510297623,3456.6897861170232,3461.9800510297623,False,5.290264912739076,0.0255126953125,0.0255126953125,3456.6939822840154,3457.3309604334295,4.822574244073271
6,6000039,7,6000040,0,S,S,True,3461.9800510297623,3467.2703159425014,3461.9800510297623,3467.2703159425014,False,5.290264912739076,0.0255126953125,0.0255126953125,3461.9842471967545,3462.6212253461686,4.822574244073271
6,6000040,0,6000040,1,S,S,False,3467.2703159425014,3472.8131105957464,3467.2703159425014,3472.8131105957464,False,5.542794653244982,0.0255126953125,0.0255126953125,3467.3073113294936,3467.9442894789076,4.60285774750176
6,6000040,1,6000040,2,S,S,False,3472.8131105957464,3478.3559052489913,3472.8131105957464,3478.3559052489913,False,5.542794653244982,0.0255126953125,0.0255126953125,3472.913390431056,3473.55036858047,4.60285774750176
6,6000040,2,6000040,3,S,S,False,3478.3559052489913,3483.8986999022363,3478.3559052489913,3483.8986999022363,False,5.542794653244982,0.0255126953125,0.0255126953125,3478.5194695326186,3479.1564476820326,4.60285774750176
6,6000040,3,6000040,4,S,S,False,3483.8986999022363,3489.4414945554813,3483.8986999022363,3489.4414945554813,False,5.542794653244982,0.0255126953125,0.0255126953125,3484.1205551860785,3484.7575333354926,4.60285774750176
6,6000040,4,6000040,5,S,S,False,3489.4414945554813,3494.9842892087263,3489.4414945554813,3494.9842892087263,False,5.542794653244982,0.0255126953125,0.0255126953125,3489.727778270233,3490.364756419647,4.60285774750176
6,6000040,5,6000040,6,S,S,False,3494.9842892087263,3500.5270838619713,3494.9842892087263,3500.5270838619713,False,5.542794653244982,0.0255126953125,0.0255126953125,3495.3338573717956,3495.9708355212097,4.60285774750176
6,6000040,6,6000040,7,S,S,False,3500.5270838619713,3506.0698785152163,3500.5270838619713,3506.0698785152163,False,5.542794653244982,0.0255126953125,0.0255126953125,3500.935740306366,3501.57271845578,4.60285774750176
6,6000040,7,6000041,0,S,S,True,3506.0698785152163,3511.6126731684612,3506.0698785152163,3511.6126731684612,False,5.542794653244982,0.0255126953125,0.0255126953125,3506.0779999818697,3506.7149781312837,4.60285774750176
6,6000041,0,6000041,1,S,S,False,3511.6126731684612,3517.2639300531605,3511.6126731684612,3517.2639300531605,False,5.651256884699251,0.0255126953125,0.0255126953125,3511.616940411557,3512.253918560971,4.514517006221305
6,6000041,1,6000041,2,S,S,False,3517.2639300531605,3522.9151869378597,3517.2639300531605,3522.9151869378597,False,5.651256884699251,0.0255126953125,0.0255126953125,3517.2691773500337,3517.906155499448,4.514517006221305
6,6000041,2,6000041,3,S,S,False,3522.9151869378597,3528.566443822559,3522.9151869378597,3528.566443822559,False,5.651256884699251,0.0255126953125,0.0255126953125,3522.9214142885103,3523.5583924379243,4.514517006221305
6,6000041,3,6000041,4,S,S,False,3528.566443822559,3534.2177007072582,3528.566443822559,3534.2177007072582,False,5.651256884699251,0.0255126953125,0.0255126953125,3528.573651226987,3529.210629376401,4.514517006221305
6,6000041,4,6000041,5,S,S,False,3534.2177007072582,3539.8689575919575,3534.2177007072582,3539.8689575919575,False,5.651256884699251,0.0255126953125,0.0255126953125,3534.2258881654634,3534.8628663148775,4.514517006221305
6,6000041,5,6000041,6,S,S,False,3539.8689575919575,3545.5202144766567,3539.8689575919575,3545.5202144766567,False,5.651256884699251,0.0255126953125,0.0255126953125,3539.873928936948,3540.510907086362,4.514517006221305
6,6000041,6,6000041,7,S,S,False,3545.5202144766567,3551.171471361356,3545.5202144766567,3551.171471361356,False,5.651256884699251,0.0255126953125,0.0255126953125,3545.5261658754243,3546.1631440248384,4.514517006221305
6,6000041,7,6000042,0,S,S,True,3551.171471361356,3556.8227282460552,3551.171471361356,3556.8227282460552,False,5.651256884699251,0.0255126953125,0.0255126953125,3551.7742585267915,3552.4112366762056,4.514517006221305
6,6000042,0,6000042,1,S,S,False,3556.8227282460552,3562.3706845674674,3556.8227282460552,3562.3706845674674,False,5.54795632141213,0.0255126953125,0.0255126953125,3557.271237286557,3557.908215435971,4.598575373427996
6,6000042,1,6000042,2,S,S,False,3562.3706845674674,3567.9186408888795,3562.3706845674674,3567.9186408888795,False,5.54795632141213,0.0255126953125,0.0255126953125,3562.768216046323,3563.405194195737,4.598575373427996
6,6000042,2,6000042,3,S,S,False,3567.9186408888795,3573.4665972102916,3567.9186408888795,3573.4665972102916,False,5.54795632141213,0.0255126953125,0.0255126953125,3568.2651948060884,3568.9021729555025,4.598575373427996
6,6000042,3,6000042,4,S,S,False,3573.4665972102916,3579.0145535317038,3573.4665972102916,3579.0145535317038,False,5.54795632141213,0.0255126953125,0.0255126953125,3573.762173565854,3574.399151715268,4.598575373427996
6,6000042,4,6000042,5,S,S,False,3579.0145535317038,3584.562509853116,3579.0145535317038,3584.562509853116,False,5.54795632141213,0.0255126953125,0.0255126953125,3579.258313092221,3579.8952912416353,4.598575373427996
6,6000042,5,6000042,6,S,S,False,3584.562509853116,3590.110466174528,3584.562509853116,3590.110466174528,False,5.54795632141213,0.0255126953125,0.0255126953125,3584.641995343198,3585.278973492612,4.598575373427996
6,6000042,6,6000042,7,S,S,False,3590.110466174528,3595.65842249594,3590.110466174528,3595.65842249594,False,5.54795632141213,0.0255126953125,0.0255126953125,3590.1179932680025,3590.7549714174165,4.598575373427996
6,6000042,7,6000043,0,S,S,True,3595.65842249594,3601.2063788173523,3595.65842249594,3601.2063788173523,False,5.54795632141213,0.0255126953125,0.0255126953125,3595.6653260316743,3596.3023041810884,4.598575373427996
6,6000043,0,6000043,1,S,S,False,3601.2063788173523,3606.780148279596,3601.2063788173523,3606.780148279596,False,5.57376946224349,0.0255126953125,0.0255126953125,3601.5315674867525,3602.1685456361665,4.577278533911756
6,6000043,1,6000043,2,S,S,False,3606.780148279596,3612.3539177418393,3606.780148279596,3612.3539177418393,False,5.57376946224349,0.0255126953125,0.0255126953125,3606.827130230893,3607.464108380307,4.577278533911756
6,6000043,2,6000043,3,S,S,False,3612.3539177418393,3617.9276872040828,3612.3539177418393,3617.9276872040828,False,5.57376946224349,0.0255126953125,0.0255126953125,3612.3618744935884,3612.9988526430025,4.577278533911756
6,6000043,3,6000043,4,S,S,False,3617.9276872040828,3623.5014566663262,3617.9276872040828,3623.5014566663262,False,5.57376946224349,0.0255126953125,0.0255126953125,3617.9343842592134,3618.5713624086275,4.577278533911756
6,6000043,4,6000043,5,S,S,False,3623.5014566663262,3629.0752261285697,3623.5014566663262,3629.0752261285697,False,5.57376946224349,0.0255126953125,0.0255126953125,3623.50605479144,3624.143032940854,4.577278533911756
6,6000043,5,6000043,6,S,S,False,3629.0752261285697,3634.6489955908132,3629.0752261285697,3634.6489955908132,False,5.57376946224349,0.0255126953125,0.0255126953125,3629.079422295562,3629.716400444976,4.577278533911756
6,6000043,6,6000043,7,S,S,False,3634.6489955908132,3640.2227650530567,3634.6489955908132,3640.2227650530567,False,5.57376946224349,0.0255126953125,0.0255126953125,3634.6531917578054,3635.2901699072195,4.577278533911756
6,6000043,7,6000044,0,S,S,True,3640.2227650530567,3645.7965345153,3640.2227650530567,3645.7965345153,False,5.57376946224349,0.0255126953125,0.0255126953125,3640.2298976904226,3640.8668758398367,4.577278533911756
6,6000044,0,6000044,1,S,S,False,3645.7965345153,3651.365140709378,3645.7965345153,3651.365140709378,False,5.568606194077802,0.0255126953125,0.0255126953125,3645.8024074560476,3646.4393856054617,4.5815226330123116
6,6000044,1,6000044,2,S,S,False,3651.365140709378,3656.933746903456,3651.365140709378,3656.933746903456,False,5.568606194077802,0.0255126953125,0.0255126953125,3651.3707210546804,3652.0076992040945,4.5815226330123116
6,6000044,2,6000044,3,S,S,False,3656.933746903456,3662.5023530975336,3656.933746903456,3662.5023530975336,False,5.568606194077802,0.0255126953125,0.0255126953125,3656.9390346533132,3657.5760128027273,4.5815226330123116
6,6000044,3,6000044,4,S,S,False,3662.5023530975336,3668.0709592916114,3662.5023530975336,3668.0709592916114,False,5.568606194077802,0.0255126953125,0.0255126953125,3662.507348251946,3663.14432640136,4.5815226330123116
6,6000044,4,6000044,5,S,S,False,3668.0709592916114,3673.639565485689,3668.0709592916114,3673.639565485689,False,5.568606194077802,0.0255126953125,0.0255126953125,3668.075661850579,3668.712639999993,4.5815226330123116
6,6000044,5,6000044,6,S,S,False,3673.639565485689,3679.208171679767,3673.639565485689,3679.208171679767,False,5.568606194077802,0.0255126953125,0.0255126953125,3673.6437616526814,3674.2807398020955,4.5815226330123116
6,6000044,6,6000044,7,S,S,False,3679.208171679767,3684.776777873845,3679.208171679767,3684.776777873845,False,5.568606194077802,0.0255126953125,0.0255126953125,3679.2125025156797,3679.849480665094,4.5815226330123116
6,6000044,7,6000045,0,S,S,True,3684.776777873845,3690.3453840679226,3684.776777873845,3690.3453840679226,False,5.568606194077802,0.0255126953125,0.0255126953125,3684.7850122813047,3685.421990430719,4.5815226330123116
6,6000045,0,6000045,1,S,S,False,3690.3453840679226,3695.821106154972,3690.3453840679226,3695.821106154972,False,5.475722087049235,0.0255126953125,0.0255126953125,3690.349580234915,3690.986558384329,4.659238527251174
6,6000045,1,6000045,2,S,S,False,3695.821106154972,3701.296828242021,3695.821106154972,3701.296828242021,False,5.475722087049235,0.0255126953125,0.0255126953125,3695.8267040143787,3696.463682163793,4.659238527251174
6,6000045,2,6000045,3,S,S,False,3701.296828242021,3706.7725503290703,3701.296828242021,3706.7725503290703,False,5.475722087049235,0.0255126953125,0.0255126953125,3701.3027019391834,3701.9396800885975,4.659238527251174
6,6000045,3,6000045,4,S,S,False,3706.7725503290703,3712.2482724161196,3706.7725503290703,3712.2482724161196,False,5.475722087049235,0.0255126953125,0.0255126953125,3706.778699863988,3707.415678013402,4.659238527251174
6,6000045,4,6000045,5,S,S,False,3712.2482724161196,3717.723994503169,3712.2482724161196,3717.723994503169,False,5.475722087049235,0.0255126953125,0.0255126953125,3712.254697788793,3712.891675938207,4.659238527251174
6,6000045,5,6000045,6,S,S,False,3717.723994503169,3723.199716590218,3717.723994503169,3723.199716590218,False,5.475722087049235,0.0255126953125,0.0255126953125,3717.7306957135975,3718.3676738630115,4.659238527251174
6,6000045,6,6000045,7,S,S,False,3723.199716590218,3728.6754386772673,3723.199716590218,3728.6754386772673,False,5.475722087049235,0.0255126953125,0.0255126953125,3723.206693638402,3723.843671787816,4.659238527251174
6,6000045,7,6000046,0,S,S,True,3728.6754386772673,3734.1511607643165,3728.6754386772673,3734.1511607643165,False,5.475722087049235,0.0255126953125,0.0255126953125,3728.682691563207,3729.319669712621,4.659238527251174
6,6000046,0,6000046,1,S,S,False,3734.1511607643165,3739.7300938147255,3734.1511607643165,3739.7300938147255,False,5.578933050408978,0.0255126953125,0.0255126953125,3734.1586894880115,3734.7956676374256,4.573042028283478
6,6000046,1,6000046,2,S,S,False,3739.7300938147255,3745.3090268651345,3739.7300938147255,3745.3090268651345,False,5.578933050408978,0.0255126953125,0.0255126953125,3739.7353954206287,3740.372373570043,4.573042028283478
6,6000046,2,6000046,3,S,S,False,3745.3090268651345,3750.8879599155434,3745.3090268651345,3750.8879599155434,False,5.578933050408978,0.0255126953125,0.0255126953125,3745.316297520238,3745.953275669652,4.573042028283478
6,6000046,3,6000046,4,S,S,False,3750.8879599155434,3756.4668929659524,3750.8879599155434,3756.4668929659524,False,5.578933050408978,0.0255126953125,0.0255126953125,3750.8930034528553,3751.5299816022693,4.573042028283478
6,6000046,4,6000046,5,S,S,False,3756.4668929659524,3762.0458260163614,3756.4668929659524,3762.0458260163614,False,5.578933050408978,0.0255126953125,0.0255126953125,3756.4739055524647,3757.1108837018787,4.573042028283478
6,6000046,5,6000046,6,S,S,False,3762.0458260163614,3767.6247590667704,3762.0458260163614,3767.6247590667704,False,5.578933050408978,0.0255126953125,0.0255126953125,3762.050611485082,3762.687589634496,4.573042028283478
6,6000046,6,6000046,7,S,S,False,3767.6247590667704,3773.2036921171793,3767.6247590667704,3773.2036921171793,False,5.578933050408978,0.0255126953125,0.0255126953125,3767.631513584691,3768.2684917341053,4.573042028283478
6,6000046,7,6000047,0,S,S,True,3773.2036921171793,3778.7826251675883,3773.2036921171793,3778.7826251675883,False,5.578933050408978,0.0255126953125,0.0255126953125,3773.2082195173084,3773.8451976667225,4.573042028283478
6,6000047,0,6000047,1,S,S,False,3778.7826251675883,3784.3047763481622,3778.7826251675883,3784.3047763481622,False,5.522151180573928,0.0255126953125,0.0255126953125,3778.789121616918,3779.426099766332,4.620064623049385
6,6000047,1,6000047,2,S,S,False,3784.3047763481622,3789.826927528736,3784.3047763481622,3789.826927528736,False,5.522151180573928,0.0255126953125,0.0255126953125,3784.3112773786365,3784.9482555280506,4.620064623049385
6,6000047,2,6000047,3,S,S,False,3789.826927528736,3795.34907870931,3789.826927528736,3795.34907870931,False,5.522151180573928,0.0255126953125,0.0255126953125,3789.8334331403553,3790.4704112897693,4.620064623049385
6,6000047,3,6000047,4,S,S,False,3795.34907870931,3800.871229889884,3795.34907870931,3800.871229889884,False,5.522151180573928,0.0255126953125,0.0255126953125,3795.355588902074,3795.992567051488,4.620064623049385
6,6000047,4,6000047,5,S,S,False,3800.871229889884,3806.393381070458,3800.871229889884,3806.393381070458,False,5.522151180573928,0.0255126953125,0.0255126953125,3800.877744663793,3801.514722813207,4.620064623049385
6,6000047,5,6000047,6,S,S,False,3806.393381070458,3811.915532251032,3806.393381070458,3811.915532251032,False,5.522151180573928,0.0255126953125,0.0255126953125,3806.400090771951,3807.037068921365,4.620064623049385
6,6000047,6,6000047,7,S,S,False,3811.915532251032,3817.437683431606,3811.915532251032,3817.437683431606,False,5.522151180573928,0.0255126953125,0.0255126953125,3811.9222465336697,3812.559224683084,4.620064623049385
6,6000047,7,6000048,0,S,L,True,3817.437683431606,3845.952321606912,3817.437683431606,3845.952321606912,False,28.514638175306118,0.2663726806640625,0.2663726806640625,3838.018209058084,3845.952321606912,9.341611807466075
6,6000048,0,6000048,1,L,L,False,3845.952321606912,3903.3173207627306,3845.952321606912,3903.3173207627306,False,57.36499915581862,0.2663726806640625,0.2663726806640625,3860.5474296391385,3868.4815421879666,4.6434704886950895
6,6000048,1,6000048,2,L,L,False,3903.3173207627306,3960.682319918549,3903.3173207627306,3960.682319918549,False,57.36499915581862,0.2663726806640625,0.2663726806640625,3918.2866874516385,3925.582982617654,4.6434704886950895
6,6000048,2,6000048,3,L,L,False,3960.682319918549,4018.047319074368,3960.682319918549,4000.0,True,39.31768008145082,0.2663726806640625,0.2663726806640625,3962.6420203117054,3969.3004980949086,6.774882956274194
7,7000023,2,7000023,3,L,L,False,1986.1189847956848,2043.2061121185784,2000.0,2043.2061121185784,True,43.2061121185784,0.2663726806640625,0.2081298828125,1996.6309537792697,2010.3054227734103,4.817139812100919
7,7000023,3,7000023,4,L,L,False,2043.2061121185784,2100.293239441472,2043.2061121185784,2100.293239441472,False,57.08712732289359,0.2663726806640625,0.2663726806640625,2054.42794699519,2066.188963840893,4.6660726008758076
7,7000023,4,7000023,5,L,L,False,2100.293239441472,2157.3803667643656,2100.293239441472,2157.3803667643656,False,57.08712732289359,0.2663726806640625,0.2663726806640625,2110.8746741432797,2125.186960520233,4.6660726008758076
7,7000023,5,7000023,6,L,L,False,2157.3803667643656,2214.467494087259,2157.3803667643656,2214.467494087259,False,57.08712732289359,0.2663726806640625,0.2663726806640625,2168.638626698672,2180.399643544375,4.6660726008758076
7,7000023,6,7000023,7,L,L,False,2214.467494087259,2271.554621410153,2214.467494087259,2271.554621410153,False,57.08712732289359,0.2663726806640625,0.2663726806640625,2235.3828588764063,2245.8682409564844,4.6660726008758076
7,7000023,7,7000024,0,L,S,True,2271.554621410153,2328.6417487330464,2271.554621410153,2328.6417487330464,False,57.08712732289359,0.0255126953125,0.0255126953125,2271.558905966186,2272.1958841156,0.4469080247845764
7,7000024,0,7000024,1,S,S,False,2328.6417487330464,2333.9320136457854,2328.6417487330464,2333.9320136457854,False,5.290264912739076,0.0255126953125,0.0255126953125,2328.7229617316566,2329.3599398810707,4.822574244073271
7,7000024,1,7000024,2,S,S,False,2333.9320136457854,2339.2222785585245,2333.9320136457854,2339.2222785585245,False,5.290264912739076,0.0255126953125,0.0255126953125,2334.2493136603675,2334.8862918097816,4.822574244073271
7,7000024,2,7000024,3,S,S,False,2339.2222785585245,2344.5125434712636,2339.2222785585245,2344.5125434712636,False,5.290264912739076,0.0255126953125,0.0255126953125,2339.7798617560707,2340.4168399054847,4.822574244073271
7,7000024,3,7000024,4,S,S,False,2344.5125434712636,2349.8028083840027,2344.5125434712636,2349.8028083840027,False,5.290264912739076,0.0255126953125,0.0255126953125,2344.5173342902503,2345.1543124396644,4.822574244073271
7,7000024,4,7000024,5,S,S,False,2349.8028083840027,2355.0930732967417,2349.8028083840027,2355.0930732967417,False,5.290264912739076,0.0255126953125,0.0255126953125,2349.808700867399,2350.445679016813,4.822574244073271
7,7000024,5,7000024,6,S,S,False,2355.0930732967417,2360.383338209481,2355.0930732967417,2360.383338209481,False,5.290264912739076,0.0255126953125,0.0255126953125,2355.100067444547,2355.7370455939613,4.822574244073271
7,7000024,6,7000024,7,S,S,False,2360.383338209481,2365.67360312222,2360.383338209481,2365.67360312222,False,5.290264912739076,0.0255126953125,0.0255126953125,2360.3914340216957,2361.0284121711097,4.822574244073271
7,7000024,7,7000025,0,S,S,True,2365.67360312222,2370.963868034959,2365.67360312222,2370.963868034959,False,5.290264912739076,0.0255126953125,0.0255126953125,2365.678604431852,2366.315582581266,4.822574244073271
7,7000025,0,7000025,1,S,S,False,2370.963868034959,2376.584121310683,2370.963868034959,2376.584121310683,False,5.620253275723826,0.0255126953125,0.0255126953125,2370.9699710090003,2371.6069491584144,4.539420923021347
7,7000025,1,7000025,2,S,S,False,2376.584121310683,2382.2043745864066,2376.584121310683,2382.2043745864066,False,5.620253275723826,0.0255126953125,0.0255126953125,2376.5886386115394,2377.2256167609535,4.539420923021347
7,7000025,2,7000025,3,S,S,False,2382.2043745864066,2387.8246278621305,2382.2043745864066,2387.8246278621305,False,5.620253275723826,0.0255126953125,0.0255126953125,2382.210663147672,2382.8476412970863,4.539420923021347
7,7000025,3,7000025,4,S,S,False,2387.8246278621305,2393.4448811378543,2387.8246278621305,2393.4448811378543,False,5.620253275723826,0.0255126953125,0.0255126953125,2387.8293307502113,2388.4663088996253,4.539420923021347
7,7000025,4,7000025,5,S,S,False,2393.4448811378543,2399.065134413578,2393.4448811378543,2399.065134413578,False,5.620253275723826,0.0255126953125,0.0255126953125,2393.4521945197425,2394.0891726691566,4.539420923021347
7,7000025,5,7000025,6,S,S,False,2399.065134413578,2404.685387689302,2399.065134413578,2404.685387689302,False,5.620253275723826,0.0255126953125,0.0255126953125,2399.0708621222816,2399.7078402716957,4.539420923021347
7,7000025,6,7000025,7,S,S,False,2404.685387689302,2410.3056409650258,2404.685387689302,2410.3056409650258,False,5.620253275723826,0.0255126953125,0.0255126953125,2404.693725891813,2405.330704041227,4.539420923021347
7,7000025,7,7000026,0,S,S,True,2410.3056409650258,2415.9258942407496,2410.3056409650258,2415.9258942407496,False,5.620253275723826,0.0255126953125,0.0255126953125,2410.874679871305,2411.511658020719,4.539420923021347
7,7000026,0,7000026,1,S,S,False,2415.9258942407496,2421.2418922943853,2415.9258942407496,2421.2418922943853,False,5.315998053635667,0.0255126953125,0.0255126953125,2416.1240847785316,2416.7610629279457,4.7992296188016095
7,7000026,1,7000026,2,S,S,False,2421.2418922943853,2426.557890348021,2421.2418922943853,2426.557890348021,False,5.315998053635667,0.0255126953125,0.0255126953125,2421.370878854264,2422.007857003678,4.7992296188016095
7,7000026,2,7000026,3,S,S,False,2426.557890348021,2431.8738884016566,2426.557890348021,2431.8738884016566,False,5.315998053635667,0.0255126953125,0.0255126953125,2426.6199873815553,2427.2569655309694,4.7992296188016095
7,7000026,3,7000026,4,S,S,False,2431.8738884016566,2437.1898864552923,2431.8738884016566,2437.1898864552923,False,5.315998053635667,0.0255126953125,0.0255126953125,2431.878084568649,2432.515062718063,4.7992296188016095
7,7000026,4,7000026,5,S,S,False,2437.1898864552923,2442.505884508928,2437.1898864552923,2442.505884508928,False,5.315998053635667,0.0255126953125,0.0255126953125,2437.1940826222844,2437.8310607716985,4.7992296188016095
7,7000026,5,7000026,6,S,S,False,2442.505884508928,2447.8218825625636,2442.505884508928,2447.8218825625636,False,5.315998053635667,0.0255126953125,0.0255126953125,2443.123288372518,2443.760266521932,4.7992296188016095
7,7000026,6,7000026,7,S,S,False,2447.8218825625636,2453.1378806161993,2447.8218825625636,2453.1378806161993,False,5.315998053635667,0.0255126953125,0.0255126953125,2448.385281780721,2449.022259930135,4.7992296188016095
7,7000026,7,7000027,0,S,L,True,2453.1378806161993,2491.6259434018148,2453.1378806161993,2491.6259434018148,False,38.48806278561551,0.2663726806640625,0.2663726806640625,2477.951474407674,2491.6259434018148,6.920916808616732
7,7000027,0,7000027,1,L,L,False,2491.6259434018148,2548.817270262046,2491.6259434018148,2548.817270262046,False,57.19132686023113,0.2663726806640625,0.2663726806640625,2491.630139568807,2503.39115641451,4.657571266269901
7,7000027,1,7000027,2,L,L,False,2548.817270262046,2606.008597122277,2548.817270262046,2606.008597122277,False,57.19132686023113,0.2663726806640625,0.2663726806640625,2548.821466429038,2562.4959354231787,4.657571266269901
7,7000027,2,7000027,3,L,L,False,2606.008597122277,2663.199923982508,2606.008597122277,2663.199923982508,False,57.19132686023113,0.2663726806640625,0.2663726806640625,2606.012793289269,2618.411627517785,4.657571266269901
7,7000027,3,7000027,4,L,L,False,2663.199923982508,2720.3912508427393,2663.199923982508,2720.3912508427393,False,57.19132686023113,0.2663726806640625,0.2663726806640625,2663.2041201495003,2675.602954378016,4.657571266269901
7,7000027,4,7000027,5,L,L,False,2720.3912508427393,2777.5825777029704,2720.3912508427393,2777.5825777029704,False,57.19132686023113,0.2663726806640625,0.2663726806640625,2721.182743921308,2736.1328476810736,4.657571266269901
7,7000027,5,7000027,6,L,L,False,2777.5825777029704,2834.7739045632015,2777.5825777029704,2834.7739045632015,False,57.19132686023113,0.2663726806640625,0.2663726806640625,2778.153217562332,2789.2764170252226,4.657571266269901
7,7000027,6,7000027,7,L,L,False,2834.7739045632015,2891.9652314234327,2834.7739045632015,2891.9652314234327,False,57.19132686023113,0.2663726806640625,0.2663726806640625,2837.360380406228,2850.3970320175563,4.657571266269901
7,7000027,7,7000028,0,L,S,True,2891.9652314234327,2949.156558283664,2891.9652314234327,2949.156558283664,False,57.19132686023113,0.0255126953125,0.0255126953125,2891.972877736132,2892.609855885546,0.44609378227663826
7,7000028,0,7000028,1,S,S,False,2949.156558283664,2954.6632302197318,2949.156558283664,2954.6632302197318,False,5.50667193606796,0.0255126953125,0.0255126953125,2949.160754450656,2949.79773260007,4.633051616057837
7,7000028,1,7000028,2,S,S,False,2954.6632302197318,2960.1699021557997,2954.6632302197318,2960.1699021557997,False,5.50667193606796,0.0255126953125,0.0255126953125,2954.670321711398,2955.3072998608122,4.633051616057837
7,7000028,2,7000028,3,S,S,False,2960.1699021557997,2965.6765740918677,2960.1699021557997,2965.6765740918677,False,5.50667193606796,0.0255126953125,0.0255126953125,2960.175692805148,2960.8126709545622,4.633051616057837
7,7000028,3,7000028,4,S,S,False,2965.6765740918677,2971.1832460279356,2965.6765740918677,2971.1832460279356,False,5.50667193606796,0.0255126953125,0.0255126953125,2965.681063898898,2966.3180420483122,4.633051616057837
7,7000028,4,7000028,5,S,S,False,2971.1832460279356,2976.6899179640036,2971.1832460279356,2976.6899179640036,False,5.50667193606796,0.0255126953125,0.0255126953125,2971.1906311596404,2971.8276093090544,4.633051616057837
7,7000028,5,7000028,6,S,S,False,2976.6899179640036,2982.1965899000716,2976.6899179640036,2982.1965899000716,False,5.50667193606796,0.0255126953125,0.0255126953125,2976.694114130996,2977.33109228041,4.633051616057837
7,7000028,6,7000028,7,S,S,False,2982.1965899000716,2987.7032618361395,2982.1965899000716,2987.7032618361395,False,5.50667193606796,0.0255126953125,0.0255126953125,2982.2007860670637,2982.837764216478,4.633051616057837
7,7000028,7,7000029,0,S,S,True,2987.7032618361395,2993.2099337722075,2987.7032618361395,2993.2099337722075,False,5.50667193606796,0.0255126953125,0.0255126953125,2987.710287844669,2988.347265994083,4.633051616057837
7,7000029,0,7000029,1,S,S,False,2993.2099337722075,2998.7630520817866,2993.2099337722075,2998.7630520817866,False,5.553118309579077,0.0255126953125,0.0255126953125,2993.215658938419,2993.852637087833,4.594300695609319
7,7000029,1,7000029,2,S,S,False,2998.7630520817866,3004.3161703913656,2998.7630520817866,3004.3161703913656,False,5.553118309579077,0.0255126953125,0.0255126953125,2998.7713840360752,2999.4083621854893,4.594300695609319
7,7000029,2,7000029,3,S,S,False,3004.3161703913656,3009.8692887009447,3004.3161703913656,3009.8692887009447,False,5.553118309579077,0.0255126953125,0.0255126953125,3004.3229129667393,3004.9598911161534,4.594300695609319
7,7000029,3,7000029,4,S,S,False,3009.8692887009447,3015.422407010524,3009.8692887009447,3015.422407010524,False,5.553118309579077,0.0255126953125,0.0255126953125,3009.8744418974034,3010.5114200468174,4.594300695609319
7,7000029,4,7000029,5,S,S,False,3015.422407010524,3020.975525320103,3015.422407010524,3020.975525320103,False,5.553118309579077,0.0255126953125,0.0255126953125,3015.4301669950596,3016.0671451444737,4.594300695609319
7,7000029,5,7000029,6,S,S,False,3020.975525320103,3026.528643629682,3020.975525320103,3026.528643629682,False,5.553118309579077,0.0255126953125,0.0255126953125,3020.9816959257237,3021.6186740751377,4.594300695609319
7,7000029,6,7000029,7,S,S,False,3026.528643629682,3032.081761939261,3026.528643629682,3032.081761939261,False,5.553118309579077,0.0255126953125,0.0255126953125,3026.5332248563877,3027.170203005802,4.594300695609319
7,7000029,7,7000030,0,S,S,True,3032.081761939261,3037.63488024884,3032.081761939261,3037.63488024884,False,5.553118309579077,0.0255126953125,0.0255126953125,3032.088949954044,3032.725928103458,4.594300695609319
7,7000030,0,7000030,1,S,S,False,3037.63488024884,3043.1054451477185,3037.63488024884,3043.1054451477185,False,5.470564898878365,0.0255126953125,0.0255126953125,3037.640478884708,3038.277457034122,4.663630865202037
7,7000030,1,7000030,2,S,S,False,3043.1054451477185,3048.576010046597,3043.1054451477185,3048.576010046597,False,5.470564898878365,0.0255126953125,0.0255126953125,3043.1122806425205,3043.7492587919346,4.663630865202037
7,7000030,2,7000030,3,S,S,False,3048.576010046597,3054.046574945475,3048.576010046597,3054.046574945475,False,5.470564898878365,0.0255126953125,0.0255126953125,3048.584082400333,3049.221060549747,4.663630865202037
7,7000030,3,7000030,4,S,S,False,3054.046574945475,3059.5171398443536,3054.046574945475,3059.5171398443536,False,5.470564898878365,0.0255126953125,0.0255126953125,3054.0516879911534,3054.6886661405674,4.663630865202037
7,7000030,4,7000030,5,S,S,False,3059.5171398443536,3064.987704743232,3059.5171398443536,3064.987704743232,False,5.470564898878365,0.0255126953125,0.0255126953125,3059.523489748966,3060.16046789838,4.663630865202037
7,7000030,5,7000030,6,S,S,False,3064.987704743232,3070.4582696421103,3064.987704743232,3070.4582696421103,False,5.470564898878365,0.0255126953125,0.0255126953125,3064.9952915067784,3065.6322696561924,4.663630865202037
7,7000030,6,7000030,7,S,S,False,3070.4582696421103,3075.9288345409886,3070.4582696421103,3075.9288345409886,False,5.470564898878365,0.0255126953125,0.0255126953125,3070.4628970975987,3071.0998752470127,4.663630865202037
7,7000030,7,7000031,0,S,S,True,3075.9288345409886,3081.399399439867,3075.9288345409886,3081.399399439867,False,5.470564898878365,0.0255126953125,0.0255126953125,3075.934698855411,3076.5716770048252,4.663630865202037
7,7000031,0,7000031,1,S,S,False,3081.399399439867,3087.03515308008,3081.399399439867,3087.03515308008,False,5.635753640212897,0.0255126953125,0.0255126953125,3081.4065006132237,3082.0434787626377,4.526935870734092
7,7000031,1,7000031,2,S,S,False,3087.03515308008,3092.670906720293,3087.03515308008,3092.670906720293,False,5.635753640212897,0.0255126953125,0.0255126953125,3087.0419528837315,3087.6789310331455,4.526935870734092
7,7000031,2,7000031,3,S,S,False,3092.670906720293,3098.3066603605057,3092.670906720293,3098.3066603605057,False,5.635753640212897,0.0255126953125,0.0255126953125,3092.6774051542393,3093.3143833036534,4.526935870734092
7,7000031,3,7000031,4,S,S,False,3098.3066603605057,3103.9424140007186,3098.3066603605057,3103.9424140007186,False,5.635753640212897,0.0255126953125,0.0255126953125,3098.312857424747,3098.949835574161,4.526935870734092
7,7000031,4,7000031,5,S,S,False,3103.9424140007186,3109.5781676409315,3103.9424140007186,3109.5781676409315,False,5.635753640212897,0.0255126953125,0.0255126953125,3103.948309695255,3104.585287844669,4.526935870734092
7,7000031,5,7000031,6,S,S,False,3109.5781676409315,3115.2139212811444,3109.5781676409315,3115.2139212811444,False,5.635753640212897,0.0255126953125,0.0255126953125,3109.5837619657627,3110.220740115177,4.526935870734092
7,7000031,6,7000031,7,S,S,False,3115.2139212811444,3120.8496749213573,3115.2139212811444,3120.8496749213573,False,5.635753640212897,0.0255126953125,0.0255126953125,3115.2192142362705,3115.8561923856846,4.526935870734092
7,7000031,7,7000032,0,S,S,True,3120.8496749213573,3126.48542856157,3120.8496749213573,3126.48542856157,False,5.635753640212897,0.0255126953125,0.0255126953125,3120.8546665067784,3121.4916446561924,4.526935870734092
7,7000032,0,7000032,1,S,S,False,3126.48542856157,3131.744824265225,3126.48542856157,3131.744824265225,False,5.259395703654718,0.0255126953125,0.0255126953125,3126.490118777286,3127.1270969267002,4.850879597207603
7,7000032,1,7000032,2,S,S,False,3131.744824265225,3137.0042199688796,3131.744824265225,3137.0042199688796,False,5.259395703654718,0.0255126953125,0.0255126953125,3131.7521121854893,3132.3890903349034,4.850879597207603
7,7000032,2,7000032,3,S,S,False,3137.0042199688796,3142.2636156725343,3137.0042199688796,3142.2636156725343,False,5.259395703654718,0.0255126953125,0.0255126953125,3137.0099094267002,3137.6468875761143,4.850879597207603
7,7000032,3,7000032,4,S,S,False,3142.2636156725343,3147.523011376189,3142.2636156725343,3147.523011376189,False,5.259395703654718,0.0255126953125,0.0255126953125,3142.2719028349034,3142.9088809843174,4.850879597207603
7,7000032,4,7000032,5,S,S,False,3147.523011376189,3152.782407079844,3147.523011376189,3152.782407079844,False,5.259395703654718,0.0255126953125,0.0255126953125,3147.5297000761143,3148.1666782255284,4.850879597207603
7,7000032,5,7000032,6,S,S,False,3152.782407079844,3158.0418027834985,3152.782407079844,3158.0418027834985,False,5.259395703654718,0.0255126953125,0.0255126953125,3152.7874973173252,3153.4244754667393,4.850879597207603
7,7000032,6,7000032,7,S,S,False,3158.0418027834985,3163.301198487153,3158.0418027834985,3163.301198487153,False,5.259395703654718,0.0255126953125,0.0255126953125,3158.0494907255284,3158.6864688749424,4.850879597207603
7,7000032,7,7000033,0,S,S,True,3163.301198487153,3168.560594190808,3163.301198487153,3168.560594190808,False,5.259395703654718,0.0255126953125,0.0255126953125,3163.3072879667393,3163.9442661161534,4.850879597207603
7,7000033,0,7000033,1,S,S,False,3168.560594190808,3174.0002226806564,3168.560594190808,3174.0002226806564,False,5.439628489848474,0.0255126953125,0.0255126953125,3168.5650852079502,3169.2020633573643,4.690153998588731
7,7000033,1,7000033,2,S,S,False,3174.0002226806564,3179.439851170505,3174.0002226806564,3179.439851170505,False,5.439628489848474,0.0255126953125,0.0255126953125,3174.0075137968174,3174.6444919462315,4.690153998588731
7,7000033,2,7000033,3,S,S,False,3179.439851170505,3184.8794796603534,3179.439851170505,3184.8794796603534,False,5.439628489848474,0.0255126953125,0.0255126953125,3179.4457462186924,3180.0827243681065,4.690153998588731
7,7000033,3,7000033,4,S,S,False,3184.8794796603534,3190.319108150202,3184.8794796603534,3190.319108150202,False,5.439628489848474,0.0255126953125,0.0255126953125,3184.8839786405674,3185.5209567899815,4.690153998588731
7,7000033,4,7000033,5,S,S,False,3190.319108150202,3195.7587366400503,3190.319108150202,3195.7587366400503,False,5.439628489848474,0.0255126953125,0.0255126953125,3190.3264072294346,3190.9633853788487,4.690153998588731
7,7000033,5,7000033,6,S,S,False,3195.7587366400503,3201.198365129899,3195.7587366400503,3201.198365129899,False,5.439628489848474,0.0255126953125,0.0255126953125,3195.7646396513096,3196.4016178007237,4.690153998588731
7,7000033,6,7000033,7,S,S,False,3201.198365129899,3206.6379936197472,3201.198365129899,3206.6379936197472,False,5.439628489848474,0.0255126953125,0.0255126953125,3201.2028720731846,3201.8398502225987,4.690153998588731
7,7000033,7,7000034,0,S,S,True,3206.6379936197472,3212.0776221095957,3206.6379936197472,3212.0776221095957,False,5.439628489848474,0.0255126953125,0.0255126953125,3206.645300662052,3207.282278811466,4.690153998588731
7,7000034,0,7000034,1,S,S,False,3212.0776221095957,3217.718543177971,3212.0776221095957,3217.718543177971,False,5.640921068375064,0.0255126953125,0.0255126953125,3212.083533083927,3212.720511233341,4.5227889210386065
7,7000034,1,7000034,2,S,S,False,3217.718543177971,3223.359464246346,3217.718543177971,3223.359464246346,False,5.640921068375064,0.0255126953125,0.0255126953125,3217.725586848153,3218.362564997567,4.5227889210386065
7,7000034,2,7000034,3,S,S,False,3223.359464246346,3229.000385314721,3223.359464246346,3229.000385314721,False,5.640921068375064,0.0255126953125,0.0255126953125,3223.365235285653,3224.002213435067,4.5227889210386065
7,7000034,3,7000034,4,S,S,False,3229.000385314721,3234.641306383096,3229.000385314721,3234.641306383096,False,5.640921068375064,0.0255126953125,0.0255126953125,3229.004883723153,3229.641861872567,4.5227889210386065
7,7000034,4,7000034,5,S,S,False,3234.641306383096,3240.282227451471,3234.641306383096,3240.282227451471,False,5.640921068375064,0.0255126953125,0.0255126953125,3234.645502550088,3235.2824806995022,4.5227889210386065
7,7000034,5,7000034,6,S,S,False,3240.282227451471,3245.923148519846,3240.282227451471,3245.923148519846,False,5.640921068375064,0.0255126953125,0.0255126953125,3240.2893471545804,3240.9263253039944,4.5227889210386065
7,7000034,6,7000034,7,S,S,False,3245.923148519846,3251.564069588221,3245.923148519846,3251.564069588221,False,5.640921068375064,0.0255126953125,0.0255126953125,3245.9289955920804,3246.5659737414944,4.5227889210386065
7,7000034,7,7000035,0,S,S,True,3251.564069588221,3257.2049906565962,3251.564069588221,3257.2049906565962,False,5.640921068375064,0.0255126953125,0.0255126953125,3251.5686440295804,3252.2056221789944,4.5227889210386065
7,7000035,0,7000035,1,S,S,False,3257.2049906565962,3262.8200777841566,3257.2049906565962,3262.8200777841566,False,5.6150871275604,0.0255126953125,0.0255126953125,3257.2091868235884,3257.8461649730025,4.543597406935439
7,7000035,1,7000035,2,S,S,False,3262.8200777841566,3268.435164911717,3262.8200777841566,3268.435164911717,False,5.6150871275604,0.0255126953125,0.0255126953125,3262.8276882424093,3263.4646663918234,4.543597406935439
7,7000035,2,7000035,3,S,S,False,3268.435164911717,3274.0502520392774,3268.435164911717,3274.0502520392774,False,5.6150871275604,0.0255126953125,0.0255126953125,3268.439361078709,3269.0763392281233,4.543597406935439
7,7000035,3,7000035,4,S,S,False,3274.0502520392774,3279.665339166838,3274.0502520392774,3279.665339166838,False,5.6150871275604,0.0255126953125,0.0255126953125,3274.0576319664556,3274.6946101158696,4.543597406935439
7,7000035,4,7000035,5,S,S,False,3279.665339166838,3285.2804262943982,3279.665339166838,3285.2804262943982,False,5.6150871275604,0.0255126953125,0.0255126953125,3279.6721034020024,3280.3090815514165,4.543597406935439
7,7000035,5,7000035,6,S,S,False,3285.2804262943982,3290.8955134219586,3285.2804262943982,3290.8955134219586,False,5.6150871275604,0.0255126953125,0.0255126953125,3285.2865748375493,3285.9235529869634,4.543597406935439
7,7000035,6,7000035,7,S,S,False,3290.8955134219586,3296.510600549519,3290.8955134219586,3296.510600549519,False,5.6150871275604,0.0255126953125,0.0255126953125,3290.901046273096,3291.5380244225103,4.543597406935439
7,7000035,7,7000036,0,S,S,True,3296.510600549519,3302.1256876770794,3296.510600549519,3302.1256876770794,False,5.6150871275604,0.0255126953125,0.0255126953125,3296.608781861812,3297.245760011226,4.543597406935439
7,7000036,0,7000036,1,S,S,False,3302.1256876770794,3307.4674268716053,3302.1256876770794,3307.4674268716053,False,5.341739194525871,0.0255126953125,0.0255126953125,3302.130937623531,3302.767915772945,4.776102760435216
7,7000036,1,7000036,2,S,S,False,3307.4674268716053,3312.809166066131,3307.4674268716053,3312.809166066131,False,5.341739194525871,0.0255126953125,0.0255126953125,3307.4726582045855,3308.1096363539996,4.776102760435216
7,7000036,2,7000036,3,S,S,False,3312.809166066131,3318.150905260657,3312.809166066131,3318.150905260657,False,5.341739194525871,0.0255126953125,0.0255126953125,3312.8133622331234,3313.4503403825374,4.776102760435216
7,7000036,3,7000036,4,S,S,False,3318.150905260657,3323.492644455183,3318.150905260657,3323.492644455183,False,5.341739194525871,0.0255126953125,0.0255126953125,3318.1608177625685,3318.7977959119826,4.776102760435216
7,7000036,4,7000036,5,S,S,False,3323.492644455183,3328.834383649709,3323.492644455183,3328.834383649709,False,5.341739194525871,0.0255126953125,0.0255126953125,3323.5486961805373,3324.1856743299513,4.776102760435216
7,7000036,5,7000036,6,S,S,False,3328.834383649709,3334.1761228442347,3328.834383649709,3334.1761228442347,False,5.341739194525871,0.0255126953125,0.0255126953125,3328.9332858483735,3329.5702639977876,4.776102760435216
7,7000036,6,7000036,7,S,S,False,3334.1761228442347,3339.5178620387605,3334.1761228442347,3339.5178620387605,False,5.341739194525871,0.0255126953125,0.0255126953125,3334.321379256485,3334.9583574058993,4.776102760435216
7,7000036,7,7000037,0,S,S,True,3339.5178620387605,3344.8596012332864,3339.5178620387605,3344.8596012332864,False,5.341739194525871,0.0255126953125,0.0255126953125,3339.713078389801,3340.350056539215,4.776102760435216
7,7000037,0,7000037,1,S,S,False,3344.8596012332864,3350.2631518059216,3344.8596012332864,3350.2631518059216,False,5.40355057263514,0.0255126953125,0.0255126953125,3344.9792679649963,3345.6162461144104,4.72146877678953
7,7000037,1,7000037,2,S,S,False,3350.2631518059216,3355.6667023785567,3350.2631518059216,3355.6667023785567,False,5.40355057263514,0.0255126953125,0.0255126953125,3350.2698218195924,3350.9067999690064,4.72146877678953
7,7000037,2,7000037,3,S,S,False,3355.6667023785567,3361.070252951192,3355.6667023785567,3361.070252951192,False,5.40355057263514,0.0255126953125,0.0255126953125,3355.67448490553,3356.311463054944,4.72146877678953
7,7000037,3,7000037,4,S,S,False,3361.070252951192,3366.473803523827,3361.070252951192,3366.473803523827,False,5.40355057263514,0.0255126953125,0.0255126953125,3361.074951824475,3361.7119299738893,4.72146877678953
7,7000037,4,7000037,5,S,S,False,3366.473803523827,3371.877354096462,3366.473803523827,3371.877354096462,False,5.40355057263514,0.0255126953125,0.0255126953125,3366.4796149104127,3367.1165930598268,4.72146877678953
7,7000037,5,7000037,6,S,S,False,3371.877354096462,3377.2809046690973,3371.877354096462,3377.2809046690973,False,5.40355057263514,0.0255126953125,0.0255126953125,3371.965395007513,3372.602373156927,4.72146877678953
7,7000037,6,7000037,7,S,S,False,3377.2809046690973,3382.6844552417324,3377.2809046690973,3382.6844552417324,False,5.40355057263514,0.0255126953125,0.0255126953125,3377.286134753607,3377.923112903021,4.72146877678953
7,7000037,7,7000038,0,S,S,True,3382.6844552417324,3388.0880058143675,3382.6844552417324,3388.0880058143675,False,5.40355057263514,0.0255126953125,0.0255126953125,3382.6886514087246,3383.3256295581386,4.72146877678953
7,7000038,0,7000038,1,S,S,False,3388.0880058143675,3393.672102772942,3388.0880058143675,3393.672102772942,False,5.584096958574264,0.0255126953125,0.0255126953125,3388.117475412366,3388.75445356178,4.568813095790858
7,7000038,1,7000038,2,S,S,False,3393.672102772942,3399.256199731516,3393.672102772942,3399.256199731516,False,5.584096958574264,0.0255126953125,0.0255126953125,3393.696408462775,3394.333386612189,4.568813095790858
7,7000038,2,7000038,3,S,S,False,3399.256199731516,3404.8402966900903,3399.256199731516,3404.8402966900903,False,5.584096958574264,0.0255126953125,0.0255126953125,3399.278199217271,3399.915177366685,4.568813095790858
7,7000038,3,7000038,4,S,S,False,3404.8402966900903,3410.4243936486646,3404.8402966900903,3410.4243936486646,False,5.584096958574264,0.0255126953125,0.0255126953125,3404.854905149888,3405.491883299302,4.568813095790858
7,7000038,4,7000038,5,S,S,False,3410.4243936486646,3416.008490607239,3410.4243936486646,3416.008490607239,False,5.584096958574264,0.0255126953125,0.0255126953125,3410.649250525515,3411.286228674929,4.568813095790858
7,7000038,5,7000038,6,S,S,False,3416.008490607239,3421.592587565813,3416.008490607239,3421.592587565813,False,5.584096958574264,0.0255126953125,0.0255126953125,3416.733692664187,3417.370670813601,4.568813095790858
7,7000038,6,7000038,7,S,S,False,3421.592587565813,3427.1766845243874,3421.592587565813,3427.1766845243874,False,5.584096958574264,0.0255126953125,0.0255126953125,3422.3528517735767,3422.989829922991,4.568813095790858
7,7000038,7,7000039,0,S,S,True,3427.1766845243874,3432.7607814829616,3427.1766845243874,3432.7607814829616,False,5.584096958574264,0.0255126953125,0.0255126953125,3427.8591725085857,3428.496150658,4.568813095790858
7,7000039,0,7000039,1,S,S,False,3432.7607814829616,3438.087075032954,3432.7607814829616,3438.087075032954,False,5.326293549992442,0.0255126953125,0.0255126953125,3433.233052144684,3433.870030294098,4.78995291435565
7,7000039,1,7000039,2,S,S,False,3438.087075032954,3443.4133685829465,3438.087075032954,3443.4133685829465,False,5.326293549992442,0.0255126953125,0.0255126953125,3438.6670883995666,3439.3040665489807,4.78995291435565
7,7000039,2,7000039,3,S,S,False,3443.4133685829465,3448.739662132939,3443.4133685829465,3448.739662132939,False,5.326293549992442,0.0255126953125,0.0255126953125,3443.4629413327107,3444.0999194821247,4.78995291435565
7,7000039,3,7000039,4,S,S,False,3448.739662132939,3454.0659556829314,3448.739662132939,3454.0659556829314,False,5.326293549992442,0.0255126953125,0.0255126953125,3448.897414874387,3449.534393023801,4.78995291435565
7,7000039,4,7000039,5,S,S,False,3454.0659556829314,3459.392249232924,3454.0659556829314,3459.392249232924,False,5.326293549992442,0.0255126953125,0.0255126953125,3454.331888416063,3454.968866565477,4.78995291435565
7,7000039,5,7000039,6,S,S,False,3459.392249232924,3464.7185427829163,3459.392249232924,3464.7185427829163,False,5.326293549992442,0.0255126953125,0.0255126953125,3459.7663619577393,3460.4033401071533,4.78995291435565
7,7000039,6,7000039,7,S,S,False,3464.7185427829163,3470.0448363329087,3464.7185427829163,3470.0448363329087,False,5.326293549992442,0.0255126953125,0.0255126953125,3465.2008354994155,3465.8378136488295,4.78995291435565
7,7000039,7,7000040,0,S,S,True,3470.0448363329087,3475.371129882901,3470.0448363329087,3475.371129882901,False,5.326293549992442,0.0255126953125,0.0255126953125,3470.6390679212905,3471.2760460707045,4.78995291435565
7,7000040,0,7000040,1,S,S,False,3475.371129882901,3480.7283176019578,3475.371129882901,3480.7283176019578,False,5.357187719056583,0.0255126953125,0.0255126953125,3475.37654045547,3476.013518604884,4.762329910849729
7,7000040,1,7000040,2,S,S,False,3480.7283176019578,3486.0855053210144,3480.7283176019578,3486.0855053210144,False,5.357187719056583,0.0255126953125,0.0255126953125,3480.7350457044936,3481.3720238539076,4.762329910849729
7,7000040,2,7000040,3,S,S,False,3486.0855053210144,3491.442693040071,3486.0855053210144,3491.442693040071,False,5.357187719056583,0.0255126953125,0.0255126953125,3486.0897014880065,3486.7266796374206,4.762329910849729
7,7000040,3,7000040,4,S,S,False,3491.442693040071,3496.7998807591275,3491.442693040071,3496.7998807591275,False,5.357187719056583,0.0255126953125,0.0255126953125,3491.44820673703,3492.085184886444,4.762329910849729
7,7000040,4,7000040,5,S,S,False,3496.7998807591275,3502.157068478184,3496.7998807591275,3502.157068478184,False,5.357187719056583,0.0255126953125,0.0255126953125,3496.8067119860534,3497.4436901354675,4.762329910849729
7,7000040,5,7000040,6,S,S,False,3502.157068478184,3507.5142561972407,3502.157068478184,3507.5142561972407,False,5.357187719056583,0.0255126953125,0.0255126953125,3502.165217235077,3502.802195384491,4.762329910849729
7,7000040,6,7000040,7,S,S,False,3507.5142561972407,3512.8714439162973,3507.5142561972407,3512.8714439162973,False,5.357187719056583,0.0255126953125,0.0255126953125,3507.521481427182,3508.158459576596,4.762329910849729
7,7000040,7,7000041,0,S,S,True,3512.8714439162973,3518.228631635354,3512.8714439162973,3518.228631635354,False,5.357187719056583,0.0255126953125,0.0255126953125,3512.8757905092134,3513.5127686586275,4.762329910849729
7,7000041,0,7000041,1,S,S,False,3518.228631635354,3523.740462999591,3518.228631635354,3523.740462999591,False,5.5118313642369685,0.0255126953125,0.0255126953125,3518.234295758237,3518.871273907651,4.628714782175099
7,7000041,1,7000041,2,S,S,False,3523.740462999591,3529.252294363828,3523.740462999591,3529.252294363828,False,5.5118313642369685,0.0255126953125,0.0255126953125,3523.748059185971,3524.3850373353853,4.628714782175099
7,7000041,2,7000041,3,S,S,False,3529.252294363828,3534.7641257280648,3529.252294363828,3534.7641257280648,False,5.5118313642369685,0.0255126953125,0.0255126953125,3529.387707623471,3530.528225811948,4.628714782175099
7,7000041,3,7000041,4,S,S,False,3534.7641257280648,3540.2759570923017,3534.7641257280648,3540.2759570923017,False,5.5118313642369685,0.0255126953125,0.0255126953125,3535.5015229310884,3536.1385010805025,4.628714782175099
7,7000041,4,7000041,5,S,S,False,3540.2759570923017,3545.7877884565387,3540.2759570923017,3545.7877884565387,False,5.5118313642369685,0.0255126953125,0.0255126953125,3541.149563702573,3541.786541851987,4.628714782175099
7,7000041,5,7000041,6,S,S,False,3545.7877884565387,3551.2996198207757,3545.7877884565387,3551.2996198207757,False,5.5118313642369685,0.0255126953125,0.0255126953125,3546.8018006410493,3547.4387787904634,4.628714782175099
7,7000041,6,7000041,7,S,S,False,3551.2996198207757,3556.8114511850126,3551.2996198207757,3556.8114511850126,False,5.5118313642369685,0.0255126953125,0.0255126953125,3552.412075909604,3553.049054059018,4.628714782175099
7,7000041,7,7000042,0,S,L,True,3556.8114511850126,3577.7476929750337,3556.8114511850126,3577.7476929750337,False,20.936241790021086,0.2663726806640625,0.2663726806640625,3567.2623108949556,3577.7476929750337,12.72304185897512
7,7000042,0,7000042,1,L,L,False,3577.7476929750337,3635.216899348219,3577.7476929750337,3635.216899348219,False,57.46920637318544,0.2663726806640625,0.2663726806640625,3577.751889142026,3588.8750886049165,4.635050620576332
7,7000042,1,7000042,2,L,L,False,3635.216899348219,3692.6861057214046,3635.216899348219,3692.6861057214046,False,57.46920637318544,0.2663726806640625,0.2663726806640625,3635.291009140618,3647.052025986321,4.635050620576332
7,7000042,2,7000042,3,L,L,False,3692.6861057214046,3750.15531209459,3692.6861057214046,3750.15531209459,False,57.46920637318544,0.2663726806640625,0.2663726806640625,3693.867094029027,3704.990293491918,4.635050620576332
7,7000042,3,7000042,4,L,L,False,3750.15531209459,3807.6245184677755,3750.15531209459,3807.6245184677755,False,57.46920637318544,0.2663726806640625,0.2663726806640625,3755.5087871442615,3765.9941692243397,4.635050620576332
7,7000042,4,7000042,5,L,L,False,3807.6245184677755,3865.093724840961,3807.6245184677755,3865.093724840961,False,57.46920637318544,0.2663726806640625,0.2663726806640625,3815.488988477029,3822.7852836430447,4.635050620576332
7,7000042,5,7000042,6,L,L,False,3865.093724840961,3922.5629312141464,3865.093724840961,3922.5629312141464,False,57.46920637318544,0.2663726806640625,0.2663726806640625,3875.779515820779,3883.1639304936307,4.635050620576332
7,7000042,6,7000042,7,L,L,False,3922.5629312141464,3980.032137587332,3922.5629312141464,3980.032137587332,False,57.46920637318544,0.2663726806640625,0.2663726806640625,3939.540273267068,3946.1987510502713,4.635050620576332
7,7000042,7,7000043,0,L,S,True,3980.032137587332,4037.5013439605173,3980.032137587332,4000.0,True,19.967862412668183,0.0255126953125,0.0255126953125,3980.039328661315,3980.676306810729,1.2776878558775533
