regime,policy,seed,request_id,npu_id,admission_ms,completion_ms,ideal_ms,ratio,passed,completed_after_window,raw_ratio
full,baseline,19,9,0,2196.2616466436552,2439.4123019538624,48.19209238871334,5.045447152387046,False,False,5.045447152387046
full,baseline,19,10,0,2439.4123019538624,2673.4193173668723,15.979837567787547,14.643891993290692,False,False,14.643891993290692
full,baseline,19,11,0,2673.4193173668723,2953.6582215465573,101.00752608339441,2.7744358766723245,False,False,2.7744358766723245
full,baseline,19,12,0,2953.6582215465573,3231.3729192646488,229.85653940820262,1.2082088176960561,True,False,1.2082088176960561
full,baseline,19,13,0,3231.3729192646488,3530.454037265689,283.5436075005082,1.0547976046347793,True,False,1.0547976046347793
full,baseline,19,14,0,3530.454037265689,3911.6914968183473,372.6508694745985,1.0230419161242432,True,False,1.0230419161242432
full,baseline,19,15,0,3911.6914968183473,4151.458842786234,72.35128428205302,3.313933516828552,False,True,3.313933516828552
full,baseline,19,1000006,1,2868.7151248583523,3133.502079953309,200.85214333740902,1.3183177968389634,True,False,1.3183177968389634
full,baseline,19,1000007,1,3133.502079953309,3595.1070596683667,458.55018171426593,1.0066618619348737,True,False,1.0066618619348737
full,baseline,19,1000008,1,3595.1070596683667,3854.9786698152284,58.92951067026337,4.409872187823824,False,False,4.409872187823824
full,baseline,19,1000009,1,3854.9786698152284,4121.533960279058,48.19209238871334,5.531100171244224,False,True,5.531100171244224
full,baseline,19,2000008,2,2245.138209492219,2509.9012721379395,229.85653940820262,1.1518622151337932,True,False,1.1518622151337932
full,baseline,19,2000009,2,2509.9012721379395,2751.782643307801,200.85214333740902,1.2042757779464082,True,False,1.2042757779464082
full,baseline,19,2000010,2,2751.782643307801,3049.0475665959475,229.85653940820262,1.293262850182535,True,False,1.293262850182535
full,baseline,19,2000011,2,3049.0475665959475,3454.6217361747686,400.5413596855101,1.0125650192461086,True,False,1.0125650192461086
full,baseline,19,2000012,2,3454.6217361747686,3724.429377039721,101.00752608339441,2.6711637372663946,False,False,2.6711637372663946
full,baseline,19,2000013,2,3724.429377039721,3985.4845087052277,26.717256165257165,9.771030754459725,False,False,9.771030754459725
full,baseline,19,2000014,2,3985.4845087052277,4209.932445716946,26.717256165257165,8.400860313776832,False,True,8.400860313776832
full,baseline,19,3000008,3,2227.3231899676093,2479.4706691105957,229.85653940820262,1.0969776182664843,True,False,1.0969776182664843
full,baseline,19,3000009,3,2479.4706691105957,2773.468428506114,283.5436075005082,1.0368696440987168,True,False,1.0368696440987168
full,baseline,19,3000010,3,2773.468428506114,3041.0287787878733,228.74273596704626,1.1696998776840082,True,False,1.1696998776840082
full,baseline,19,3000011,3,3041.0287787878733,3228.4801378800325,26.717256165257165,7.016115649477471,False,False,7.016115649477471
full,baseline,19,3000012,3,3228.4801378800325,3624.4705800703005,372.6508694745985,1.0626312042383692,True,False,1.0626312042383692
full,baseline,19,3000013,3,3624.4705800703005,3905.3165637883303,229.85653940820262,1.2218316017508424,True,False,1.2218316017508424
full,baseline,19,3000014,3,3905.3165637883303,4827.089055241256,915.9373744307104,1.0063706506417447,True,True,1.0063706506417447
full,baseline,19,4000007,4,2017.125615174954,2237.590790756891,114.952820977,1.9178752962143308,False,False,1.9178752962143308
full,baseline,19,4000008,4,2237.590790756891,2474.2653450572993,101.00752608339441,2.3431378183146863,False,False,2.3431378183146863
full,baseline,19,4000009,4,2474.2653450572993,3414.9939997969195,915.9373744307104,1.0270665669957169,True,False,1.0270665669957169
full,baseline,19,4000010,4,3414.9939997969195,3665.8709942988066,58.057852632638046,4.321155246462785,False,False,4.321155246462785
full,baseline,19,4000011,4,3665.8709942988066,3946.3029209147244,32.085964974046185,8.74001847358353,False,False,8.74001847358353
full,baseline,19,4000012,4,3946.3029209147244,4201.8194664216735,58.92951067026337,4.335969238514078,False,True,4.335969238514078
full,baseline,19,5000008,5,2728.097508610397,2977.33846104363,15.979837567787547,15.597214388189867,False,False,15.597214388189867
full,baseline,19,5000009,5,2977.33846104363,3206.624987903979,101.00752608339441,2.2699944821046727,False,False,2.2699944821046727
full,baseline,19,5000010,5,3206.624987903979,3455.3908718024954,48.19209238871334,5.161964786504633,False,False,5.161964786504633
full,baseline,19,5000011,5,3455.3908718024954,3756.492952041791,58.92951067026337,5.109529619617827,False,False,5.109529619617827
full,baseline,19,5000012,5,3756.492952041791,4078.216593901558,283.5436075005082,1.1346531304155414,True,True,1.1346531304155414
full,baseline,19,6000009,6,2212.0783586398325,2498.0397859917202,283.5436075005082,1.008527153451609,True,False,1.008527153451609
full,baseline,19,6000010,6,2498.0397859917202,2729.59941261308,58.92951067026337,3.929434064318607,False,False,3.929434064318607
full,baseline,19,6000011,6,2729.59941261308,3035.751669213774,243.80186035081854,1.2557420856434676,True,False,1.2557420856434676
full,baseline,19,6000012,6,3035.751669213774,3216.2760388544707,58.057852632638046,3.1093876444753685,False,False,3.1093876444753685
full,baseline,19,6000013,6,3216.2760388544707,3496.5958904180693,72.35128428205302,3.874428136904999,False,False,3.874428136904999
full,baseline,19,6000014,6,3496.5958904180693,3771.817704209039,114.952820977,2.394215395949586,False,False,2.394215395949586
full,baseline,19,6000015,6,3771.817704209039,4023.23544654949,32.085964974046185,7.835754434807197,False,True,7.835754434807197
full,baseline,19,7000005,7,2125.092693766287,2374.757088747607,122.48236916054397,2.038370066585437,False,False,2.038370066585437
full,baseline,19,7000006,7,2374.757088747607,2793.6892478691043,400.5413596855101,1.0459148574579833,True,False,1.0459148574579833
full,baseline,19,7000007,7,2793.6892478691043,3046.267360878079,26.717256165257165,9.453744480596207,False,False,9.453744480596207
full,baseline,19,7000008,7,3046.267360878079,3534.0142251957104,458.55018171426593,1.0636717283465356,True,False,1.0636717283465356
full,baseline,19,7000009,7,3534.0142251957104,3785.953997412847,48.19209238871334,5.2278238966055195,False,False,5.2278238966055195
full,baseline,19,7000010,7,3785.953997412847,4062.6049125886657,58.92951067026337,4.69460737123379,False,True,4.69460737123379
full,baseline,19,8000005,8,2408.5019314226874,2668.6724818547364,229.85653940820262,1.131882308425481,True,False,1.131882308425481
full,baseline,19,8000006,8,2668.6724818547364,2924.7771633064017,48.19209238871334,5.314246980312592,False,False,5.314246980312592
full,baseline,19,8000007,8,2924.7771633064017,3174.9578418237793,122.48236916054397,2.042585232732173,False,False,2.042585232732173
full,baseline,19,8000008,8,3174.9578418237793,3404.5318164331543,122.48236916054397,1.8743430273500061,False,False,1.8743430273500061
full,baseline,19,8000009,8,3404.5318164331543,3692.340548817065,101.00752608339441,2.849379086329553,False,False,2.849379086329553
full,baseline,19,8000010,8,3692.340548817065,3974.187477896283,58.92951067026337,4.782780747260498,False,False,4.782780747260498
full,baseline,19,8000011,8,3974.187477896283,4196.223325032887,15.979837567787547,13.894749943152638,False,True,13.894749943152638
full,baseline,19,9000008,9,2156.986135604177,2410.353173342334,122.48236916054397,2.068600072603556,False,False,2.068600072603556
full,baseline,19,9000009,9,2410.353173342334,2657.827090064214,48.19209238871334,5.135156090044332,False,False,5.135156090044332
full,baseline,19,9000010,9,2657.827090064214,2954.488490253938,186.90687789087698,1.587214999990131,False,False,1.587214999990131
full,baseline,19,9000011,9,2954.488490253938,3709.86532515399,744.1386016188327,1.0151023388072749,True,False,1.0151023388072749
full,baseline,19,9000012,9,3709.86532515399,4005.105884287173,283.5436075005082,1.0412527432227647,True,True,1.0412527432227647
full,baseline,19,10000007,10,2097.928575210736,2308.628841837576,32.085964974046185,6.56674239959035,False,False,6.56674239959035
full,baseline,19,10000008,10,2308.628841837576,2584.7149920782254,72.35128428205302,3.8159122257506812,False,False,3.8159122257506812
full,baseline,19,10000009,10,2584.7149920782254,2832.8487291886263,26.717256165257165,9.28739596519913,False,False,9.28739596519913
full,baseline,19,10000010,10,2832.8487291886263,3102.093299596658,58.057852632638046,4.637522026721881,False,False,4.637522026721881
full,baseline,19,10000011,10,3102.093299596658,3335.379603535188,186.90687789087698,1.24814189060892,True,False,1.24814189060892
full,baseline,19,10000012,10,3335.379603535188,3611.7032947046387,122.48236916054397,2.2560283007528947,False,False,2.2560283007528947
full,baseline,19,10000013,10,3611.7032947046387,3914.9291431340334,229.85653940820262,1.3191960916582646,True,False,1.3191960916582646
full,baseline,19,10000014,10,3914.9291431340334,4164.658973587678,228.74273596704626,1.0917497746884588,True,True,1.0917497746884588
full,baseline,19,11000007,11,2125.576037207769,2358.8598427379634,101.00752608339441,2.3095685497493466,False,False,2.3095685497493466
full,baseline,19,11000008,11,2358.8598427379634,2609.5259180933103,122.48236916054397,2.046548226273987,False,False,2.046548226273987
full,baseline,19,11000009,11,2609.5259180933103,2851.6724911949973,15.979837567787547,15.153256225195337,False,False,15.153256225195337
full,baseline,19,11000010,11,2851.6724911949973,3175.6140668361923,283.5436075005082,1.1424753268000034,True,False,1.1424753268000034
full,baseline,19,11000011,11,3175.6140668361923,3404.843342200296,72.35128428205302,3.168282051089516,False,False,3.168282051089516
full,baseline,19,11000012,11,3404.843342200296,3702.4699138555693,72.35128428205302,4.113632185090331,False,False,4.113632185090331
full,baseline,19,11000013,11,3702.4699138555693,4010.426250775635,229.85653940820262,1.3397762696373205,True,True,1.3397762696373205
full,baseline,19,12000006,12,2165.9812822892122,2592.134019499964,400.5413596855101,1.0639419048892995,True,False,1.0639419048892995
full,baseline,19,12000007,12,2592.134019499964,2836.808216467874,72.35128428205302,3.3817533357677023,False,False,3.3817533357677023
full,baseline,19,12000008,12,2836.808216467874,3119.3290889655814,48.19209238871334,5.862390663989393,False,False,5.862390663989393
full,baseline,19,12000009,12,3119.3290889655814,3350.866273574994,58.92951067026337,3.929053236246359,False,False,3.929053236246359
full,baseline,19,12000010,12,3350.866273574994,3837.0421030033276,458.55018171426593,1.0602456368260298,True,False,1.0602456368260298
full,baseline,19,12000011,12,3837.0421030033276,4967.728409238861,1130.6863062355314,1.0000000000000016,True,True,1.0000000000000016
full,baseline,19,13000007,13,2039.705189759915,2271.8826325572995,101.00752608339441,2.298615279476234,False,False,2.298615279476234
full,baseline,19,13000008,13,2271.8826325572995,2544.152982177641,243.80186035081854,1.1167689583195075,True,False,1.1167689583195075
full,baseline,19,13000009,13,2544.152982177641,2806.0416614445803,229.85653940820262,1.1393570961313855,True,False,1.1393570961313855
full,baseline,19,13000010,13,2806.0416614445803,3070.813249283002,58.92951067026337,4.493021999112388,False,False,4.493021999112388
full,baseline,19,13000011,13,3070.813249283002,3268.2623517206816,58.057852632638046,3.4009026080768443,False,False,3.4009026080768443
full,baseline,19,13000012,13,3268.2623517206816,3579.2282306584475,229.85653940820262,1.3528694016641443,True,False,1.3528694016641443
full,baseline,19,13000013,13,3579.2282306584475,3861.1299544873364,186.90687789087698,1.508246924939131,False,False,1.508246924939131
full,baseline,19,13000014,13,3861.1299544873364,4111.603328830262,200.85214333740902,1.247053529930019,True,True,1.247053529930019
full,baseline,19,14000007,14,2370.960057438522,2771.5014171240327,400.5413596855101,1.000000000000001,True,False,1.000000000000001
full,baseline,19,14000008,14,2771.5014171240327,3053.49886054126,229.85653940820262,1.2268410728851509,True,False,1.2268410728851509
full,baseline,19,14000009,14,3053.49886054126,3248.9244045817168,32.085964974046185,6.090686198733101,False,False,6.090686198733101
full,baseline,19,14000010,14,3248.9244045817168,3526.3525890264677,72.35128428205302,3.8344610907420753,False,False,3.8344610907420753
full,baseline,19,14000011,14,3526.3525890264677,3830.70606532718,186.90687789087698,1.6283695909703493,False,False,1.6283695909703493
full,baseline,19,14000012,14,3830.70606532718,4137.692172739321,283.5436075005082,1.0826768768242843,True,True,1.0826768768242843
full,baseline,19,15000007,15,2077.4611630045683,2301.987932959722,48.19209238871334,4.658996088904789,False,False,4.658996088904789
full,baseline,19,15000008,15,2301.987932959722,2553.0826227188995,26.717256165257165,9.398221441829733,False,False,9.398221441829733
full,baseline,19,15000009,15,2553.0826227188995,2823.250081051942,200.85214333740902,1.345106175338101,True,False,1.345106175338101
full,baseline,19,15000010,15,2823.250081051942,3070.868505599294,15.979837567787547,15.495678444598596,False,False,15.495678444598596
full,baseline,19,15000011,15,3070.868505599294,3289.2454852563965,122.48236916054397,1.7829258296829997,False,False,1.7829258296829997
full,baseline,19,15000012,15,3289.2454852563965,3603.623886396612,283.5436075005082,1.108747976762805,True,False,1.108747976762805
full,baseline,19,15000013,15,3603.623886396612,3856.3909115397246,32.085964974046185,7.87780655335041,False,False,7.87780655335041
full,baseline,19,15000014,15,3856.3909115397246,4372.188073390463,486.44082678401566,1.0603492417789122,True,True,1.0603492417789122
full,baseline,19,16000007,16,2562.3615009199675,2962.902860605478,400.5413596855101,1.000000000000001,True,False,1.000000000000001
full,baseline,19,16000008,16,2962.902860605478,3182.8827228052246,122.48236916054397,1.796012468630547,False,False,1.796012468630547
full,baseline,19,16000009,16,3182.8827228052246,4322.75092039569,1130.6863062355314,1.0081206354974825,True,True,1.0081206354974825
full,baseline,19,17000007,17,2071.7273202097335,2269.202195175836,114.952820977,1.7178775891512374,False,False,1.7178775891512374
full,baseline,19,17000008,17,2269.202195175836,2743.9590646732495,458.55018171426593,1.0353433243065342,True,False,1.0353433243065342
full,baseline,19,17000009,17,2743.9590646732495,3036.268093662173,283.5436075005082,1.030913839199848,True,False,1.030913839199848
full,baseline,19,17000010,17,3036.268093662173,3209.7220890709737,15.979837567787547,10.85455309999222,False,False,10.85455309999222
full,baseline,19,17000011,17,3209.7220890709737,3509.431706610596,229.85653940820262,1.3038985895779431,True,False,1.3038985895779431
full,baseline,19,17000012,17,3509.431706610596,3894.1766957929567,372.6508694745985,1.0324542908616148,True,False,1.0324542908616148
full,baseline,19,17000013,17,3894.1766957929567,4136.56664613096,72.35128428205302,3.350181724391714,False,True,3.350181724391714
full,baseline,19,18000007,18,2059.0420547782837,2269.926103286908,58.92951067026337,3.5785813611895354,False,False,3.5785813611895354
full,baseline,19,18000008,18,2269.926103286908,3423.6315051124866,1130.6863062355314,1.0203585162950155,True,False,1.0203585162950155
full,baseline,19,18000009,18,3423.6315051124866,3882.1816868267515,458.55018171426593,0.9999999999999978,True,False,0.9999999999999978
full,baseline,19,18000010,18,3882.1816868267515,4118.320215662768,101.00752608339441,2.3378310309377746,False,True,2.3378310309377746
full,baseline,19,19000007,19,2014.1879625216684,2207.5477063349394,58.057852632638046,3.3304666818588315,False,False,3.3304666818588315
full,baseline,19,19000008,19,2207.5477063349394,2446.407831629565,101.00752608339441,2.364775522740914,False,False,2.364775522740914
full,baseline,19,19000009,19,2446.407831629565,2696.728915015386,48.19209238871334,5.19423563033438,False,False,5.19423563033438
full,baseline,19,19000010,19,2696.728915015386,3012.0482837590334,229.85653940820262,1.371809431898177,True,False,1.371809431898177
full,baseline,19,19000011,19,3012.0482837590334,3266.3385985350633,243.80186035081854,1.0430204035773925,True,False,1.0430204035773925
full,baseline,19,19000012,19,3266.3385985350633,3517.4742447664003,58.92951067026337,4.261627890252675,False,False,4.261627890252675
full,baseline,19,19000013,19,3517.4742447664003,3813.9763378057646,72.35128428205302,4.0980902548113125,False,False,4.0980902548113125
full,baseline,19,19000014,19,3813.9763378057646,4077.621239748584,122.48236916054397,2.1525130820848686,False,True,2.1525130820848686
full,baseline,19,20000009,20,2179.4921669567134,2435.002916621125,186.90687789087698,1.367048406926942,True,False,1.367048406926942
full,baseline,19,20000010,20,2435.002916621125,2689.719555026551,200.85214333740902,1.268179837033307,True,False,1.268179837033307
full,baseline,19,20000011,20,2689.719555026551,2968.189084472563,243.80186035081854,1.142196081052493,True,False,1.142196081052493
full,baseline,19,20000012,20,2968.189084472563,3371.6039291679326,400.5413596855101,1.0071740032343117,True,False,1.0071740032343117
full,baseline,19,20000013,20,3371.6039291679326,3623.2882586075716,26.717256165257165,9.420291061434916,False,False,9.420291061434916
full,baseline,19,20000014,20,3623.2882586075716,4785.86246895526,1130.6863062355314,1.028202255511808,True,True,1.028202255511808
full,baseline,19,21000005,21,2024.336565889117,2224.4606339265565,58.92951067026337,3.3959906634423276,False,False,3.3959906634423276
full,baseline,19,21000006,21,2224.4606339265565,2481.5194023347594,58.92951067026337,4.362139876683521,False,False,4.362139876683521
full,baseline,19,21000007,21,2481.5194023347594,2727.662273844412,32.085964974046185,7.671356361223782,False,False,7.671356361223782
full,baseline,19,21000008,21,2727.662273844412,3018.841479603198,101.00752608339441,2.882747623364034,False,False,2.882747623364034
full,baseline,19,21000009,21,3018.841479603198,3440.3270736991826,400.5413596855101,1.052289817028931,True,False,1.052289817028931
full,baseline,19,21000010,21,3440.3270736991826,3719.3283402253846,58.92951067026337,4.734491485723296,False,False,4.734491485723296
full,baseline,19,21000011,21,3719.3283402253846,4018.9327978514693,243.80186035081854,1.2288850347366875,True,True,1.2288850347366875
full,baseline,19,22000009,22,2262.381442040792,2513.904283808625,186.90687789087698,1.3457120711987993,True,False,1.3457120711987993
full,baseline,19,22000010,22,2513.904283808625,2747.204287830737,101.00752608339441,2.309728918907422,False,False,2.309728918907422
full,baseline,19,22000011,22,2747.204287830737,3903.2659808204944,1130.6863062355314,1.022442464027631,True,False,1.022442464027631
full,baseline,19,22000012,22,3903.2659808204944,4119.792660970387,15.979837567787547,13.549992559772408,False,True,13.549992559772408
full,baseline,19,23000006,23,2163.9441097175345,2393.4990681269314,58.057852632638046,3.9539002563858063,False,False,3.9539002563858063
full,baseline,19,23000007,23,2393.4990681269314,2672.314723164094,186.90687789087698,1.4917356610062549,True,False,1.4917356610062549
full,baseline,19,23000008,23,2672.314723164094,2939.88705863096,72.35128428205302,3.698238920317797,False,False,3.698238920317797
full,baseline,19,23000009,23,2939.88705863096,3189.731037512796,72.35128428205302,3.453207242429152,False,False,3.453207242429152
full,baseline,19,23000010,23,3189.731037512796,4336.863469223815,1130.6863062355314,1.014545259268455,True,True,1.014545259268455
full,baseline,19,24000005,24,2098.9979016474394,2335.026034156011,48.19209238871334,4.897652722873882,False,False,4.897652722873882
full,baseline,19,24000006,24,2335.026034156011,2581.9159214684346,15.979837567787547,15.450087415788802,False,False,15.450087415788802
full,baseline,19,24000007,24,2581.9159214684346,2852.906297378705,58.92951067026337,4.598551266216703,False,False,4.598551266216703
full,baseline,19,24000008,24,2852.906297378705,3152.728139105713,229.85653940820262,1.3043868253604656,True,False,1.3043868253604656
full,baseline,19,24000009,24,3152.728139105713,3351.232830485037,32.085964974046185,6.186651750691967,False,False,6.186651750691967
full,baseline,19,24000010,24,3351.232830485037,3671.9215595158694,229.85653940820262,1.3951690469911784,True,False,1.3951690469911784
full,baseline,19,24000011,24,3671.9215595158694,3911.5579739830832,15.979837567787547,14.996173362254781,False,False,14.996173362254781
full,baseline,19,24000012,24,3911.5579739830832,4154.134367809548,58.057852632638046,4.178184049647355,False,True,4.178184049647355
full,baseline,19,25000007,25,2109.1716205510256,2338.119514359162,228.74273596704626,1.0008968933602327,True,False,1.0008968933602327
full,baseline,19,25000008,25,2338.119514359162,2574.3942818248775,101.00752608339441,2.3391798277550206,False,False,2.3391798277550206
full,baseline,19,25000009,25,2574.3942818248775,2824.1483965470247,26.717256165257165,9.348045067851125,False,False,9.348045067851125
full,baseline,19,25000010,25,2824.1483965470247,3112.2736537849173,48.19209238871334,5.978683285089566,False,False,5.978683285089566
full,baseline,19,25000011,25,3112.2736537849173,3325.2363618053464,101.00752608339441,2.1083845558656846,False,False,2.1083845558656846
full,baseline,19,25000012,25,3325.2363618053464,3606.828075846365,32.085964974046185,8.776164727125824,False,False,8.776164727125824
full,baseline,19,25000013,25,3606.828075846365,3879.1705548456816,58.057852632638046,4.690881020394737,False,False,4.690881020394737
full,baseline,19,25000014,25,3879.1705548456816,5038.938435654479,1130.6863062355314,1.0257202854698833,True,True,1.0257202854698833
full,baseline,19,26000006,26,2484.435090191029,2942.9852719052938,458.55018171426593,0.9999999999999978,True,False,0.9999999999999978
full,baseline,19,26000007,26,2942.9852719052938,3167.5838502086667,101.00752608339441,2.2235826082695915,False,False,2.2235826082695915
full,baseline,19,26000008,26,3167.5838502086667,3400.712817493823,101.00752608339441,2.3080356120461656,False,False,2.3080356120461656
full,baseline,19,26000009,26,3400.712817493823,3711.2976286864305,243.80186035081854,1.2739230568039623,True,False,1.2739230568039623
full,baseline,19,26000010,26,3711.2976286864305,3961.9549219132355,26.717256165257165,9.381850129982924,False,False,9.381850129982924
full,baseline,19,26000011,26,3961.9549219132355,4201.002403403375,114.952820977,2.0795268829285067,False,True,2.0795268829285067
full,baseline,19,27000008,27,2044.3360637579128,2632.0045724069996,565.9243027292647,1.0384224635962036,True,False,1.0384224635962036
full,baseline,19,27000009,27,2632.0045724069996,2857.114080550466,15.979837567787547,14.087096141530647,False,False,14.087096141530647
full,baseline,19,27000010,27,2857.114080550466,3129.080196818045,32.085964974046185,8.476170702285806,False,False,8.476170702285806
full,baseline,19,27000011,27,3129.080196818045,3330.094758042047,114.952820977,1.7486701023563531,False,False,1.7486701023563531
full,baseline,19,27000012,27,3330.094758042047,3644.3913471135256,229.85653940820262,1.3673597883300537,True,False,1.3673597883300537
full,baseline,19,27000013,27,3644.3913471135256,3925.8709365430004,186.90687789087698,1.5059883970338042,False,False,1.5059883970338042
full,baseline,19,27000014,27,3925.8709365430004,4169.291713269632,72.35128428205302,3.364429244651473,False,True,3.364429244651473
full,baseline,19,28000008,28,2267.4184048113593,2500.1266971598416,32.085964974046185,7.25265057593612,False,False,7.25265057593612
full,baseline,19,28000009,28,2500.1266971598416,2750.4768337809355,32.085964974046185,7.80248114163305,False,False,7.80248114163305
full,baseline,19,28000010,28,2750.4768337809355,3055.3739665899443,72.35128428205302,4.214121916902028,False,False,4.214121916902028
full,baseline,19,28000011,28,3055.3739665899443,3993.1151325117635,915.9373744307104,1.0238048933254422,True,False,1.0238048933254422
full,baseline,19,28000012,28,3993.1151325117635,4559.039435241026,565.9243027292647,0.9999999999999958,True,True,0.9999999999999958
full,baseline,19,29000007,29,2441.7594653975066,2676.4714992439017,48.19209238871334,4.8703432910367885,False,False,4.8703432910367885
full,baseline,19,29000008,29,2676.4714992439017,3161.810016821687,458.55018171426593,1.0584196385297953,True,False,1.0584196385297953
full,baseline,19,29000009,29,3161.810016821687,3349.7147122643332,15.979837567787547,11.758861418055213,False,False,11.758861418055213
full,baseline,19,29000010,29,3349.7147122643332,3652.354997329877,58.92951067026337,5.1356320733587895,False,False,5.1356320733587895
full,baseline,19,29000011,29,3652.354997329877,3944.9586570955016,58.92951067026337,4.965316298023778,False,False,4.965316298023778
full,baseline,19,29000012,29,3944.9586570955016,4716.240347224302,744.1386016188327,1.0364758506693774,True,True,1.0364758506693774
full,baseline,19,30000007,30,2056.9256601416564,2313.2482951896845,243.80186035081854,1.0513563542099016,True,False,1.0513563542099016
full,baseline,19,30000008,30,2313.2482951896845,2603.4225112599565,283.5436075005082,1.0233847930066697,True,False,1.0233847930066697
full,baseline,19,30000009,30,2603.4225112599565,2846.9267594148378,58.92951067026337,4.132127441502018,False,False,4.132127441502018
full,baseline,19,30000010,30,2846.9267594148378,4006.273488144713,1130.6863062355314,1.0253478107378562,True,True,1.0253478107378562
full,baseline,19,31000008,31,2156.288677653006,2428.5501826604004,229.85653940820262,1.184484486316419,True,False,1.184484486316419
full,baseline,19,31000009,31,2428.5501826604004,2802.8123074628784,372.6508694745985,1.0043237664523665,True,False,1.0043237664523665
full,baseline,19,31000010,31,2802.8123074628784,3065.4681717683534,58.92951067026337,4.457119384125732,False,False,4.457119384125732
full,baseline,19,31000011,31,3065.4681717683534,3834.0936881910993,744.1386016188327,1.0329063896841841,True,False,1.0329063896841841
full,baseline,19,31000012,31,3834.0936881910993,4320.5345149751165,486.44082678401566,1.000000000000003,True,True,1.000000000000003
full,baseline,43,8,0,2220.444753751942,2464.3132511149197,32.085964974046185,7.60047259168422,False,False,7.60047259168422
full,baseline,43,9,0,2464.3132511149197,2798.946216318423,283.5436075005082,1.1801816593692862,True,False,1.1801816593692862
full,baseline,43,10,0,2798.946216318423,3047.463252576272,72.35128428205302,3.434866965029047,False,False,3.434866965029047
full,baseline,43,11,0,3047.463252576272,4205.657619712096,1130.6863062355314,1.024328640710151,True,True,1.024328640710151
full,baseline,43,1000007,1,2248.3727420672185,2507.398003408978,58.92951067026337,4.395510133982283,False,False,4.395510133982283
full,baseline,43,1000008,1,2507.398003408978,2820.1314509709473,229.85653940820262,1.3605592791362149,True,False,1.3605592791362149
full,baseline,43,1000009,1,2820.1314509709473,3568.2420714674663,744.1386016188327,1.0053377406696082,True,False,1.0053377406696082
full,baseline,43,1000010,1,3568.2420714674663,3858.9479007087452,48.19209238871334,6.032230908267487,False,False,6.032230908267487
full,baseline,43,1000011,1,3858.9479007087452,4110.6274930260515,15.979837567787547,15.749821689342243,False,True,15.749821689342243
full,baseline,43,2000007,2,2010.3971378990984,2964.513653117232,915.9373744307104,1.0416831345168691,True,False,1.0416831345168691
full,baseline,43,2000008,2,2964.513653117232,3200.3338281632355,26.717256165257165,8.826511734115178,False,False,8.826511734115178
full,baseline,43,2000009,2,3200.3338281632355,3455.9718585333035,72.35128428205302,3.5332894627480704,False,False,3.5332894627480704
full,baseline,43,2000010,2,3455.9718585333035,3758.923366101663,72.35128428205302,4.187230545726575,False,False,4.187230545726575
full,baseline,43,2000011,2,3758.923366101663,4082.6766733595023,283.5436075005082,1.1418113429245946,True,True,1.1418113429245946
full,baseline,43,3000005,3,2292.317683728616,2690.6428891279174,372.6508694745985,1.0688964873767806,True,False,1.0688964873767806
full,baseline,43,3000006,3,2690.6428891279174,3606.580263558626,915.9373744307104,0.999999999999998,True,False,0.999999999999998
full,baseline,43,3000007,3,3606.580263558626,3932.9620244238918,283.5436075005082,1.1510813583222141,True,False,1.1510813583222141
full,baseline,43,3000008,3,3932.9620244238918,4171.633843508349,122.48236916054397,1.9486218361078378,False,True,1.9486218361078378
full,baseline,43,4000005,4,2067.477824719827,2332.1366635582785,15.979837567787547,16.562048125692833,False,False,16.562048125692833
full,baseline,43,4000006,4,2332.1366635582785,3281.3150294600055,915.9373744307104,1.036291773213946,True,False,1.036291773213946
full,baseline,43,4000007,4,3281.3150294600055,3487.87167701824,32.085964974046185,6.4376012292388545,False,False,6.4376012292388545
full,baseline,43,4000008,4,3487.87167701824,3838.5067714055176,229.85653940820262,1.5254518983450984,False,False,1.5254518983450984
full,baseline,43,4000009,4,3838.5067714055176,4141.039534463144,283.5436075005082,1.0669708470048453,True,True,1.0669708470048453
full,baseline,43,5000008,5,2137.5234197997115,2392.702249463628,48.19209238871334,5.2950352851597655,False,False,5.2950352851597655
full,baseline,43,5000009,5,2392.702249463628,2910.2291263445622,486.44082678401566,1.0639051008576652,True,False,1.0639051008576652
full,baseline,43,5000010,5,2910.2291263445622,3162.290705164721,101.00752608339441,2.4954732443605283,False,False,2.4954732443605283
full,baseline,43,5000011,5,3162.290705164721,3555.488012418933,372.6508694745985,1.0551358911588797,True,False,1.0551358911588797
full,baseline,43,5000012,5,3555.488012418933,3847.2165001130797,58.92951067026337,4.950465129881977,False,False,4.950465129881977
full,baseline,43,5000013,5,3847.2165001130797,4144.101864178955,229.85653940820262,1.2916115627175442,True,True,1.2916115627175442
full,baseline,43,6000005,6,2195.904262858445,2450.870692761819,72.35128428205302,3.524006967304375,False,False,3.524006967304375
full,baseline,43,6000006,6,2450.870692761819,2745.2887049585447,122.48236916054397,2.403758305906189,False,False,2.403758305906189
full,baseline,43,6000007,6,2745.2887049585447,2983.6019360712676,58.057852632638046,4.104754487229376,False,False,4.104754487229376
full,baseline,43,6000008,6,2983.6019360712676,3242.694675065115,32.085964974046185,8.074955489212288,False,False,8.074955489212288
full,baseline,43,6000009,6,3242.694675065115,3758.032776246906,486.44082678401566,1.059405528497315,True,False,1.059405528497315
full,baseline,43,6000010,6,3758.032776246906,4011.725159653375,114.952820977,2.2069261219542273,False,True,2.2069261219542273
full,baseline,43,7000007,7,2220.8316887117126,2487.9220239640167,26.717256165257165,9.996922348621473,False,False,9.996922348621473
full,baseline,43,7000008,7,2487.9220239640167,2783.2856692634327,48.19209238871334,6.12888195260413,False,False,6.12888195260413
full,baseline,43,7000009,7,2783.2856692634327,3209.1509025321902,400.5413596855101,1.0632241164885712,True,False,1.0632241164885712
full,baseline,43,7000010,7,3209.1509025321902,3695.5917293162056,486.44082678401566,0.9999999999999994,True,False,0.9999999999999994
full,baseline,43,7000011,7,3695.5917293162056,3950.034450721829,26.717256165257165,9.52353489564165,False,False,9.52353489564165
full,baseline,43,7000012,7,3950.034450721829,4184.828313948903,15.979837567787547,14.693132031603106,False,True,14.693132031603106
full,baseline,43,8000002,8,2086.041634157453,2544.5918158717177,458.55018171426593,0.9999999999999978,True,False,0.9999999999999978
full,baseline,43,8000003,8,2544.5918158717177,2805.9628380037047,58.92951067026337,4.435316349298628,False,False,4.435316349298628
full,baseline,43,8000004,8,2805.9628380037047,3072.3128593660094,58.92951067026337,4.519807110781059,False,False,4.519807110781059
full,baseline,43,8000005,8,3072.3128593660094,3389.888822344259,283.5436075005082,1.1200251198668991,True,False,1.1200251198668991
full,baseline,43,8000006,8,3389.888822344259,3762.539691818856,372.6508694745985,0.9999999999999963,True,False,0.9999999999999963
full,baseline,43,8000007,8,3762.539691818856,4026.424821548627,58.92951067026337,4.477979313392307,False,True,4.477979313392307
full,baseline,43,9000008,9,2163.4916629157765,2460.8557104491256,243.80186035081854,1.2196955638708304,True,False,1.2196955638708304
full,baseline,43,9000009,9,2460.8557104491256,3209.720724421568,744.1386016188327,1.0063515215355412,True,False,1.0063515215355412
full,baseline,43,9000010,9,3209.720724421568,3457.361370404541,229.85653940820262,1.0773704616825703,True,False,1.0773704616825703
full,baseline,43,9000011,9,3457.361370404541,3777.2305180762355,283.5436075005082,1.1281127107445763,True,False,1.1281127107445763
full,baseline,43,9000012,9,3777.2305180762355,4057.3426230420237,186.90687789087698,1.4986720024788374,True,True,1.4986720024788374
full,baseline,43,10000007,10,2311.918818982522,2599.782494375775,58.92951067026337,4.884881481605663,False,False,4.884881481605663
full,baseline,43,10000008,10,2599.782494375775,2898.629224243071,243.80186035081854,1.2257770692859788,True,False,1.2257770692859788
full,baseline,43,10000009,10,2898.629224243071,3156.597908804486,58.92951067026337,4.377580631966619,False,False,4.377580631966619
full,baseline,43,10000010,10,3156.597908804486,3402.193612185107,122.48236916054397,2.005151476607268,False,False,2.005151476607268
full,baseline,43,10000011,10,3402.193612185107,3709.22874101001,229.85653940820262,1.335768517247353,True,False,1.335768517247353
full,baseline,43,10000012,10,3709.22874101001,4030.737750742251,283.5436075005082,1.133896167035489,True,True,1.133896167035489
full,baseline,43,11000007,11,2113.002652425466,3279.4737665626817,1130.6863062355314,1.0316487497056768,True,False,1.0316487497056768
full,baseline,43,11000008,11,3279.4737665626817,3765.914593346697,486.44082678401566,0.9999999999999994,True,False,0.9999999999999994
full,baseline,43,11000009,11,3765.914593346697,4014.8271671305447,32.085964974046185,7.757677663277042,False,True,7.757677663277042
full,baseline,43,12000006,12,2067.8318110376463,2357.3262871003844,58.92951067026337,4.912555233702645,False,False,4.912555233702645
full,baseline,43,12000007,12,2357.3262871003844,2650.581888135503,48.19209238871334,6.085139418096723,False,False,6.085139418096723
full,baseline,43,12000008,12,2650.581888135503,2928.796489270608,72.35128428205302,3.8453305134227893,False,False,3.8453305134227893
full,baseline,43,12000009,12,2928.796489270608,3212.209804089944,72.35128428205302,3.917184299237624,False,False,3.917184299237624
full,baseline,43,12000010,12,3212.209804089944,3457.5377739167907,58.92951067026337,4.1630749523708905,False,False,4.1630749523708905
full,baseline,43,12000011,12,3457.5377739167907,3763.749797376077,72.35128428205302,4.232295618493163,False,False,4.232295618493163
full,baseline,43,12000012,12,3763.749797376077,4064.557721557524,243.80186035081854,1.2338212831870918,True,True,1.2338212831870918
full,baseline,43,13000004,13,2025.363771113054,2277.52255592449,32.085964974046185,7.858849968059339,False,False,7.858849968059339
full,baseline,43,13000005,13,2277.52255592449,2571.398538526128,48.19209238871334,6.098012516893005,False,False,6.098012516893005
full,baseline,43,13000006,13,2571.398538526128,2846.5546909342556,32.085964974046185,8.575592245104579,False,False,8.575592245104579
full,baseline,43,13000007,13,2846.5546909342556,3148.590486811555,186.90687789087698,1.615969402975308,False,False,1.615969402975308
full,baseline,43,13000008,13,3148.590486811555,3368.3684961319855,26.717256165257165,8.226069621858382,False,False,8.226069621858382
full,baseline,43,13000009,13,3368.3684961319855,3629.8278055273986,114.952820977,2.2744923280110405,False,False,2.2744923280110405
full,baseline,43,13000010,13,3629.8278055273986,4028.8822396721084,372.6508694745985,1.0708533558698998,True,True,1.0708533558698998
full,baseline,43,14000006,14,2090.628917249124,2381.8534966769416,200.85214333740902,1.449945091890771,True,False,1.449945091890771
full,baseline,43,14000007,14,2381.8534966769416,2657.261346753667,48.19209238871334,5.714793370151042,False,False,5.714793370151042
full,baseline,43,14000008,14,2657.261346753667,2926.0761966071827,48.19209238871334,5.577986688879947,False,False,5.577986688879947
full,baseline,43,14000009,14,2926.0761966071827,3204.6577248180415,101.00752608339441,2.7580274363006843,False,False,2.7580274363006843
full,baseline,43,14000010,14,3204.6577248180415,3454.6958334912424,186.90687789087698,1.3377683662298516,True,False,1.3377683662298516
full,baseline,43,14000011,14,3454.6958334912424,3734.417267807672,114.952820977,2.433358589541677,False,False,2.433358589541677
full,baseline,43,14000012,14,3734.417267807672,4003.8301507950714,26.717256165257165,10.08385297206309,False,True,10.08385297206309
full,baseline,43,15000006,15,2573.8001521406704,3032.3503338549353,458.55018171426593,0.9999999999999978,True,False,0.9999999999999978
full,baseline,43,15000007,15,3032.3503338549353,3294.9057944287424,186.90687789087698,1.40473942712315,True,False,1.40473942712315
full,baseline,43,15000008,15,3294.9057944287424,3533.0718405713205,186.90687789087698,1.2742497698860933,True,False,1.2742497698860933
full,baseline,43,15000009,15,3533.0718405713205,3841.464151319097,48.19209238871334,6.399230567959365,False,False,6.399230567959365
full,baseline,43,15000010,15,3841.464151319097,4123.274867566507,72.35128428205302,3.895034055633403,False,True,3.895034055633403
full,baseline,43,16000007,16,2241.5816861249887,2482.889481552789,114.952820977,2.0991898535146163,False,False,2.0991898535146163
full,baseline,43,16000008,16,2482.889481552789,2777.668836059477,243.80186035081854,1.209093950647117,True,False,1.209093950647117
full,baseline,43,16000009,16,2777.668836059477,3025.944149142762,200.85214333740902,1.2361098515449258,True,False,1.2361098515449258
full,baseline,43,16000010,16,3025.944149142762,3306.065212567627,229.85653940820262,1.2186778072360933,True,False,1.2186778072360933
full,baseline,43,16000011,16,3306.065212567627,3527.675789919482,122.48236916054397,1.8093263452585473,False,False,1.8093263452585473
full,baseline,43,16000012,16,3527.675789919482,3856.182963879983,72.35128428205302,4.540447031732763,False,False,4.540447031732763
full,baseline,43,16000013,16,3856.182963879983,4130.933711560648,72.35128428205302,3.7974550197282038,False,True,3.7974550197282038
full,baseline,43,17000007,17,2005.5128842451068,2279.808815786908,58.92951067026337,4.654644649547626,False,False,4.654644649547626
full,baseline,43,17000008,17,2279.808815786908,2558.7971291149165,101.00752608339441,2.762054711622862,False,False,2.762054711622862
full,baseline,43,17000009,17,2558.7971291149165,2980.457283757776,400.5413596855101,1.0527256285691227,True,False,1.0527256285691227
full,baseline,43,17000010,17,2980.457283757776,3238.0452139844065,186.90687789087698,1.3781618586396778,True,False,1.3781618586396778
full,baseline,43,17000011,17,3238.0452139844065,3458.0212823868683,26.717256165257165,8.23348277389788,False,False,8.23348277389788
full,baseline,43,17000012,17,3458.0212823868683,3752.532752721658,58.057852632638046,5.0727241360150845,False,False,5.0727241360150845
full,baseline,43,17000013,17,3752.532752721658,4047.496216532014,228.74273596704626,1.2894987137552185,True,True,1.2894987137552185
full,baseline,43,18000006,18,2136.339944776128,2416.6162051521046,48.19209238871334,5.815814306531701,False,False,5.815814306531701
full,baseline,43,18000007,18,2416.6162051521046,2716.917750867288,72.35128428205302,4.150604217949923,False,False,4.150604217949923
full,baseline,43,18000008,18,2716.917750867288,2971.537822914212,26.717256165257165,9.530172951593338,False,False,9.530172951593338
full,baseline,43,18000009,18,2971.537822914212,3232.144970131009,26.717256165257165,9.75426314756407,False,False,9.75426314756407
full,baseline,43,18000010,18,3232.144970131009,3476.7825111949946,101.00752608339441,2.4219733969328847,False,False,2.4219733969328847
full,baseline,43,18000011,18,3476.7825111949946,3805.525606440461,186.90687789087698,1.7588603424075098,False,False,1.7588603424075098
full,baseline,43,18000012,18,3805.525606440461,4958.444942710143,1130.6863062355314,1.019663305296561,True,True,1.019663305296561
full,baseline,43,19000006,19,2036.148959733084,2336.31610178592,228.74273596704626,1.312247756344401,True,False,1.312247756344401
full,baseline,43,19000007,19,2336.31610178592,2601.8685855231984,48.19209238871334,5.510291638623082,False,False,5.510291638623082
full,baseline,43,19000008,19,2601.8685855231984,3029.7756736503543,400.5413596855101,1.0683218543601398,True,False,1.0683218543601398
full,baseline,43,19000009,19,3029.7756736503543,3261.2929264078884,32.085964974046185,7.215530308806504,False,False,7.215530308806504
full,baseline,43,19000010,19,3261.2929264078884,3500.2301730476124,48.19209238871334,4.958017691211171,False,False,4.958017691211171
full,baseline,43,19000011,19,3500.2301730476124,3825.2656054815457,72.35128428205302,4.492462513406405,False,False,4.492462513406405
full,baseline,43,19000012,19,3825.2656054815457,4228.387868986317,372.6508694745985,1.081769281990766,True,True,1.081769281990766
full,baseline,43,20000004,20,2000.8000740612056,2294.838646719525,58.92951067026337,4.989665946890262,False,False,4.989665946890262
full,baseline,43,20000005,20,2294.838646719525,2624.370563242251,283.5436075005082,1.1621913095753198,True,False,1.1621913095753198
full,baseline,43,20000006,20,2624.370563242251,2891.410768793977,186.90687789087698,1.4287339693707442,True,False,1.4287339693707442
full,baseline,43,20000007,20,2891.410768793977,3126.9620267174582,15.979837567787547,14.740528927422268,False,False,14.740528927422268
full,baseline,43,20000008,20,3126.9620267174582,3617.8594163334055,458.55018171426593,1.0705423510699592,True,False,1.0705423510699592
full,baseline,43,20000009,20,3617.8594163334055,3905.6269015632374,48.19209238871334,5.971259411372382,False,False,5.971259411372382
full,baseline,43,20000010,20,3905.6269015632374,4191.532124519287,229.85653940820262,1.243842022907646,True,True,1.243842022907646
full,baseline,43,21000008,21,2192.2071159578063,2454.541515541165,26.717256165257165,9.818912464689982,False,False,9.818912464689982
full,baseline,43,21000009,21,2454.541515541165,2947.807078686921,458.55018171426593,1.075706831696606,True,False,1.075706831696606
full,baseline,43,21000010,21,2947.807078686921,3179.393133284841,15.979837567787547,14.492391028101272,False,False,14.492391028101272
full,baseline,43,21000011,21,3179.393133284841,3421.6666969860103,101.00752608339441,2.3985694244322144,False,False,2.3985694244322144
full,baseline,43,21000012,21,3421.6666969860103,3710.2936496101124,48.19209238871334,5.9890936109613495,False,False,5.9890936109613495
full,baseline,43,21000013,21,3710.2936496101124,3993.9088666132598,58.057852632638046,4.885044901638492,False,False,4.885044901638492
full,baseline,43,21000014,21,3993.9088666132598,4210.676702620778,15.979837567787547,13.565083818153632,False,True,13.565083818153632
full,baseline,43,22000006,22,2173.369440015386,2438.3543817521027,26.717256165257165,9.918119588990594,False,False,9.918119588990594
full,baseline,43,22000007,22,2438.3543817521027,2728.9500221813228,101.00752608339441,2.8769701793240325,False,False,2.8769701793240325
full,baseline,43,22000008,22,2728.9500221813228,3013.0955470402832,229.85653940820262,1.2361863864762443,True,False,1.2361863864762443
full,baseline,43,22000009,22,3013.0955470402832,3265.009239981244,58.92951067026337,4.2748308967052,False,False,4.2748308967052
full,baseline,43,22000010,22,3265.009239981244,3498.3578983317166,32.085964974046185,7.272608398694715,False,False,7.272608398694715
full,baseline,43,22000011,22,3498.3578983317166,3830.397517712991,72.35128428205302,4.589270566184517,False,False,4.589270566184517
full,baseline,43,22000012,22,3830.397517712991,4095.3339878092556,32.085964974046185,8.257082818315343,False,True,8.257082818315343
full,baseline,43,23000005,23,2005.451484150518,2276.24123461015,58.92951067026337,4.595146767378069,False,False,4.595146767378069
full,baseline,43,23000006,23,2276.24123461015,2763.250422803132,458.55018171426593,1.062063014286296,True,False,1.062063014286296
full,baseline,43,23000007,23,2763.250422803132,3507.3890244219656,744.1386016188327,1.000000000000001,True,False,1.000000000000001
full,baseline,43,23000008,23,3507.3890244219656,3800.660960706155,72.35128428205302,4.05344478946501,False,False,4.05344478946501
full,baseline,43,23000009,23,3800.660960706155,4081.480950186322,58.92951067026337,4.765354171214465,False,True,4.765354171214465
full,baseline,43,24000008,24,2117.7940790177277,2416.004350947297,186.90687789087698,1.5955018632523272,False,False,1.5955018632523272
full,baseline,43,24000009,24,2416.004350947297,2889.4618943607493,458.55018171426593,1.0325097716534664,True,False,1.0325097716534664
full,baseline,43,24000010,24,2889.4618943607493,3146.479365857522,72.35128428205302,3.5523553458266255,False,False,3.5523553458266255
full,baseline,43,24000011,24,3146.479365857522,3368.787130477224,15.979837567787547,13.911766228953024,False,False,13.911766228953024
full,baseline,43,24000012,24,3368.787130477224,3638.223697281912,32.085964974046185,8.397334068731636,False,False,8.397334068731636
full,baseline,43,24000013,24,3638.223697281912,4077.707955144495,400.5413596855101,1.0972256603104593,True,True,1.0972256603104593
full,baseline,43,25000007,25,2038.0212344489798,2370.3547551367824,283.5436075005082,1.172071991385688,True,False,1.172071991385688
full,baseline,43,25000008,25,2370.3547551367824,2631.5961768591624,228.74273596704626,1.1420752690481748,True,False,1.1420752690481748
full,baseline,43,25000009,25,2631.5961768591624,3773.11588692401,1130.6863062355314,1.0095812638479582,True,False,1.0095812638479582
full,baseline,43,25000010,25,3773.11588692401,4031.2509097419484,48.19209238871334,5.356377156979267,False,True,5.356377156979267
full,baseline,43,26000006,26,2126.0356918894213,2370.029374130914,114.952820977,2.1225549766222067,False,False,2.1225549766222067
full,baseline,43,26000007,26,2370.029374130914,2657.903377658387,200.85214333740902,1.4332632888257346,True,False,1.4332632888257346
full,baseline,43,26000008,26,2657.903377658387,2883.513006331716,15.979837567787547,14.118393113589413,False,False,14.118393113589413
full,baseline,43,26000009,26,2883.513006331716,3171.0299624763234,48.19209238871334,5.96606085964311,False,False,5.96606085964311
full,baseline,43,26000010,26,3171.0299624763234,3415.151375856982,122.48236916054397,1.9931147238071163,False,False,1.9931147238071163
full,baseline,43,26000011,26,3415.151375856982,3692.092974964526,101.00752608339441,2.7417917243007595,False,False,2.7417917243007595
full,baseline,43,26000012,26,3692.092974964526,3990.3570105993967,228.74273596704626,1.3039279012464027,True,False,1.3039279012464027
full,baseline,43,26000013,26,3990.3570105993967,4912.304714518599,915.9373744307104,1.006561943705188,True,True,1.006561943705188
full,baseline,43,27000007,27,2307.8729613600444,2569.275278028081,48.19209238871334,5.42417445915375,False,False,5.42417445915375
full,baseline,43,27000008,27,2569.275278028081,2843.4394565592556,32.085964974046185,8.544676114710635,False,False,8.544676114710635
full,baseline,43,27000009,27,2843.4394565592556,3133.991572888772,72.35128428205302,4.015852921101347,False,False,4.015852921101347
full,baseline,43,27000010,27,3133.991572888772,3403.2047999699707,229.85653940820262,1.1712228321818692,True,False,1.1712228321818692
full,baseline,43,27000011,27,3403.2047999699707,3708.6643101904933,283.5436075005082,1.077292882435994,True,False,1.077292882435994
full,baseline,43,27000012,27,3708.6643101904933,3959.65779698113,15.979837567787547,15.706885988415435,False,False,15.706885988415435
full,baseline,43,27000013,27,3959.65779698113,4207.8784884773,48.19209238871334,5.150651884837105,False,True,5.150651884837105
full,baseline,43,28000008,28,2085.5924503990987,2366.450244523123,32.085964974046185,8.753291177348272,False,False,8.753291177348272
full,baseline,43,28000009,28,2366.450244523123,2663.4120883308155,48.19209238871334,6.16204503868443,False,False,6.16204503868443
full,baseline,43,28000010,28,2663.4120883308155,2960.24566300708,229.85653940820262,1.2913862509220035,True,False,1.2913862509220035
full,baseline,43,28000011,28,2960.24566300708,3263.049498452403,283.5436075005082,1.0679268635769903,True,False,1.0679268635769903
full,baseline,43,28000012,28,3263.049498452403,4178.986872883112,915.9373744307104,0.999999999999998,True,True,0.999999999999998
full,baseline,43,29000008,29,2836.799114543014,3101.8493826855783,186.90687789087698,1.4180872910268723,True,False,1.4180872910268723
full,baseline,43,29000009,29,3101.8493826855783,3515.466057561487,400.5413596855101,1.032644107466617,True,False,1.032644107466617
full,baseline,43,29000010,29,3515.466057561487,3844.0637089942043,283.5436075005082,1.1588963487111175,True,False,1.1588963487111175
full,baseline,43,29000011,29,3844.0637089942043,4097.426407572053,228.74273596704626,1.1076316697302657,True,True,1.1076316697302657
full,baseline,43,30000007,30,2104.678429434369,2371.5816156388214,26.717256165257165,9.98991754817737,False,False,9.98991754817737
full,baseline,43,30000008,30,2371.5816156388214,2666.5852298103077,48.19209238871334,6.121411201489492,False,False,6.121411201489492
full,baseline,43,30000009,30,2666.5852298103077,2987.1490538919834,283.5436075005082,1.130562691599743,True,False,1.130562691599743
full,baseline,43,30000010,30,2987.1490538919834,3217.7454034806183,26.717256165257165,8.630989206462747,False,False,8.630989206462747
full,baseline,43,30000011,30,3217.7454034806183,3468.2991877466307,122.48236916054397,2.045631432370471,False,False,2.045631432370471
full,baseline,43,30000012,30,3468.2991877466307,4611.281780478697,1130.6863062355314,1.0108750644884645,True,True,1.0108750644884645
full,baseline,43,31000008,31,2109.573771985452,2379.07513065347,26.717256165257165,10.087164527713538,False,False,10.087164527713538
full,baseline,43,31000009,31,2379.07513065347,2681.4222801423766,58.92951067026337,5.130657730736516,False,False,5.130657730736516
full,baseline,43,31000010,31,2681.4222801423766,2999.8453170460893,283.5436075005082,1.1230125754224314,True,False,1.1230125754224314
full,baseline,43,31000011,31,2999.8453170460893,3458.3954987603543,458.55018171426593,0.9999999999999978,True,False,0.9999999999999978
full,baseline,43,31000012,31,3458.3954987603543,4374.332873191063,915.9373744307104,0.9999999999999986,True,True,0.9999999999999986
full,baseline,7,5,0,2546.3134440478043,2779.2909732828884,32.085964974046185,7.26104168671679,False,False,7.26104168671679
full,baseline,7,6,0,2779.2909732828884,3051.6100868785884,101.00752608339441,2.6960279511337233,False,False,2.6960279511337233
full,baseline,7,7,0,3051.6100868785884,3284.705859757498,32.085964974046185,7.264726900607689,False,False,7.264726900607689
full,baseline,7,8,0,3284.705859757498,3515.67174764519,101.00752608339441,2.286620580104108,False,False,2.286620580104108
full,baseline,7,9,0,3515.67174764519,3755.662944348733,72.35128428205302,3.3170274596365923,False,False,3.3170274596365923
full,baseline,7,10,0,3755.662944348733,4039.877727063577,72.35128428205302,3.9282617514689258,False,True,3.9282617514689258
full,baseline,7,1000008,1,2432.696340876646,3563.3826471121793,1130.6863062355314,1.0000000000000016,True,False,1.0000000000000016
full,baseline,7,1000009,1,3563.3826471121793,3816.5499853514693,243.80186035081854,1.0384143003461708,True,False,1.0384143003461708
full,baseline,7,1000010,1,3816.5499853514693,4046.1541264244893,15.979837567787547,14.368365141324105,False,True,14.368365141324105
full,baseline,7,2000007,2,2111.8005326664147,2298.2739793311093,114.952820977,1.6221737324915637,False,False,1.6221737324915637
full,baseline,7,2000008,2,2298.2739793311093,2489.351834554372,15.979837567787547,11.957434136154241,False,False,11.957434136154241
full,baseline,7,2000009,2,2489.351834554372,2737.7720436656978,101.00752608339441,2.459422765252399,False,False,2.459422765252399
full,baseline,7,2000010,2,2737.7720436656978,3018.3543480134704,58.92951067026337,4.761320790830158,False,False,4.761320790830158
full,baseline,7,2000011,2,3018.3543480134704,3292.8894757078215,243.80186035081854,1.1260583791252001,True,False,1.1260583791252001
full,baseline,7,2000012,2,3292.8894757078215,3539.4528821308595,229.85653940820262,1.072683888210662,True,False,1.072683888210662
full,baseline,7,2000013,2,3539.4528821308595,3775.873363049905,72.35128428205302,3.2676749730853145,False,False,3.2676749730853145
full,baseline,7,2000014,2,3775.873363049905,4039.422039222806,26.717256165257165,9.864361614933221,False,True,9.864361614933221
full,baseline,7,3000007,3,2072.005637853494,2261.0839832880642,58.057852632638046,3.256723024720984,False,False,3.256723024720984
full,baseline,7,3000008,3,2261.0839832880642,2487.5777521997557,122.48236916054397,1.8491948715885331,False,False,1.8491948715885331
full,baseline,7,3000009,3,2487.5777521997557,2723.582605298589,48.19209238871334,4.897169668318988,False,False,4.897169668318988
full,baseline,7,3000010,3,2723.582605298589,2995.7398018444087,101.00752608339441,2.6944249314760937,False,False,2.6944249314760937
full,baseline,7,3000011,3,2995.7398018444087,3269.0516627629395,229.85653940820262,1.1890541014069467,True,False,1.1890541014069467
full,baseline,7,3000012,3,3269.0516627629395,4013.190264381773,744.1386016188327,1.000000000000001,True,True,1.000000000000001
full,baseline,7,4000007,4,2080.8095332333305,2260.384570694998,32.085964974046185,5.596684955771866,False,False,5.596684955771866
full,baseline,7,4000008,4,2260.384570694998,2532.828666991908,243.80186035081854,1.1174816135729109,True,False,1.1174816135729109
full,baseline,7,4000009,4,2532.828666991908,2754.0229591930415,101.00752608339441,2.1898793167007162,False,False,2.1898793167007162
full,baseline,7,4000010,4,2754.0229591930415,3031.6191950708494,122.48236916054397,2.2664179161487983,False,False,2.2664179161487983
full,baseline,7,4000011,4,3031.6191950708494,3271.9396293855407,58.92951067026337,4.078099946551232,False,False,4.078099946551232
full,baseline,7,4000012,4,3271.9396293855407,3584.063092974142,283.5436075005082,1.100795275689796,True,False,1.100795275689796
full,baseline,7,4000013,4,3584.063092974142,3824.3583000398376,58.92951067026337,4.0776718546036035,False,False,4.0776718546036035
full,baseline,7,4000014,4,3824.3583000398376,4090.436760092828,114.952820977,2.3146753406445595,False,True,2.3146753406445595
full,baseline,7,5000009,5,2042.3407156933908,2219.7672976814015,48.19209238871334,3.681653424734142,False,False,3.681653424734142
full,baseline,7,5000010,5,2219.7672976814015,2457.1522606111266,58.92951067026337,4.028286680641195,False,False,4.028286680641195
full,baseline,7,5000011,5,2457.1522606111266,2731.076198895752,229.85653940820262,1.1917169682876125,True,False,1.1917169682876125
full,baseline,7,5000012,5,2731.076198895752,3030.7114293311183,283.5436075005082,1.0567518452512787,True,False,1.0567518452512787
full,baseline,7,5000013,5,3030.7114293311183,3489.2616110453832,458.55018171426593,0.9999999999999978,True,False,0.9999999999999978
full,baseline,7,5000014,5,3489.2616110453832,3704.5373477302296,48.19209238871334,4.467034445162715,False,False,4.467034445162715
full,baseline,7,5000015,5,3704.5373477302296,3953.563184041677,15.979837567787547,15.583752666762901,False,False,15.583752666762901
full,baseline,7,5000016,5,3953.563184041677,4230.954536119479,228.74273596704626,1.2126782995100847,True,True,1.2126782995100847
full,baseline,7,6000005,6,2476.627178795914,2702.1469231906135,200.85214333740902,1.1228147265317039,True,False,1.1228147265317039
full,baseline,7,6000006,6,2702.1469231906135,2944.7226704218533,58.057852632638046,4.178172912562605,False,False,4.178172912562605
full,baseline,7,6000007,6,2944.7226704218533,3535.2629868112963,565.9243027292647,1.0434970075352188,True,False,1.0434970075352188
full,baseline,7,6000008,6,3535.2629868112963,3767.4448478914,58.92951067026337,3.9399930262320315,False,False,3.9399930262320315
full,baseline,7,6000009,6,3767.4448478914,4073.855511029541,229.85653940820262,1.333051754485809,True,True,1.333051754485809
full,baseline,7,7000008,7,2177.1898404216463,2365.728302963922,114.952820977,1.6401377620824016,False,False,1.6401377620824016
full,baseline,7,7000009,7,2365.728302963922,2843.841166821687,458.55018171426593,1.042662031166065,True,False,1.042662031166065
full,baseline,7,7000010,7,2843.841166821687,3081.5652194987088,32.085964974046185,7.40897314041554,False,False,7.40897314041554
full,baseline,7,7000011,7,3081.5652194987088,3591.126037965656,486.44082678401566,1.0475288882221991,True,False,1.0475288882221991
full,baseline,7,7000012,7,3591.126037965656,3836.5641105867126,58.92951067026337,4.164943333644682,False,False,4.164943333644682
full,baseline,7,7000013,7,3836.5641105867126,4153.312823984438,283.5436075005082,1.1171075806995858,True,True,1.1171075806995858
full,baseline,7,8000007,8,2089.612229777733,2264.011296327298,26.717256165257165,6.527581480330005,False,False,6.527581480330005
full,baseline,7,8000008,8,2264.011296327298,2491.760379410818,32.085964974046185,7.09809049744156,False,False,7.09809049744156
full,baseline,7,8000009,8,2491.760379410818,2796.9345738623683,283.5436075005082,1.0762866323868834,True,False,1.0762866323868834
full,baseline,7,8000010,8,2796.9345738623683,3088.1901316114554,283.5436075005082,1.027198462756968,True,False,1.027198462756968
full,baseline,7,8000011,8,3088.1901316114554,3290.749234456716,15.979837567787547,12.675917510800163,False,False,12.675917510800163
full,baseline,7,8000012,8,3290.749234456716,3507.110561561673,26.717256165257165,8.09818664636345,False,False,8.09818664636345
full,baseline,7,8000013,8,3507.110561561673,3752.9460086189015,48.19209238871334,5.101157365701008,False,False,5.101157365701008
full,baseline,7,8000014,8,3752.9460086189015,4267.919098268391,486.44082678401566,1.0586551565873041,True,True,1.0586551565873041
full,baseline,7,9000007,9,2186.340798464404,2413.763893911908,58.92951067026337,3.8592395025989004,False,False,3.8592395025989004
full,baseline,7,9000008,9,2413.763893911908,2835.217034123987,400.5413596855101,1.052208791978407,True,False,1.052208791978407
full,baseline,7,9000009,9,2835.217034123987,3751.1544085546957,915.9373744307104,0.999999999999998,True,False,0.999999999999998
full,baseline,7,9000010,9,3751.1544085546957,4001.263588991748,122.48236916054397,2.0420014909184285,False,True,2.0420014909184285
full,baseline,7,10000005,10,2503.6780207130714,2740.792262586038,72.35128428205302,3.277263758699905,False,False,3.277263758699905
full,baseline,7,10000006,10,2740.792262586038,3061.2599710889945,283.5436075005082,1.130223711717367,True,False,1.130223711717367
full,baseline,7,10000007,10,3061.2599710889945,3279.8642672858937,48.19209238871334,4.5361030277261145,False,False,4.5361030277261145
full,baseline,7,10000008,10,3279.8642672858937,4051.5582640944194,744.1386016188327,1.037029923094633,True,True,1.037029923094633
full,baseline,7,11000010,11,2157.050493525422,2349.4826236735134,32.085964974046185,5.997392638923173,False,False,5.997392638923173
full,baseline,7,11000011,11,2349.4826236735134,3290.456798869185,915.9373744307104,1.0273346207545277,True,False,1.0273346207545277
full,baseline,7,11000012,11,3290.456798869185,3491.0803974726346,58.057852632638046,3.4555807613639846,False,False,3.4555807613639846
full,baseline,7,11000013,11,3491.0803974726346,3882.311514005847,372.6508694745985,1.0498596637780837,True,False,1.0498596637780837
full,baseline,7,11000014,11,3882.311514005847,4173.177478525454,283.5436075005082,1.0258244475466982,True,True,1.0258244475466982
full,baseline,7,12000008,12,2006.2979589228296,2196.7152896891384,32.085964974046185,5.93459884782441,False,False,5.93459884782441
full,baseline,7,12000009,12,2196.7152896891384,2503.571360747261,283.5436075005082,1.0822182653423875,True,False,1.0822182653423875
full,baseline,7,12000010,12,2503.571360747261,2754.6771205266114,229.85653940820262,1.092445576818726,True,False,1.092445576818726
full,baseline,7,12000011,12,2754.6771205266114,2997.3218308936093,114.952820977,2.110819972095742,False,False,2.110819972095742
full,baseline,7,12000012,12,2997.3218308936093,3259.634493159211,186.90687789087698,1.4034403935565682,True,False,1.4034403935565682
full,baseline,7,12000013,12,3259.634493159211,3470.552715492337,26.717256165257165,7.894456714735613,False,False,7.894456714735613
full,baseline,7,12000014,12,3470.552715492337,4233.484762507505,744.1386016188327,1.0252553023797604,True,True,1.0252553023797604
full,baseline,7,13000005,13,2177.0943816481304,2366.0986057291775,32.085964974046185,5.890557576620481,False,False,5.890557576620481
full,baseline,7,13000006,13,2366.0986057291775,2618.872240351594,186.90687789087698,1.3524041355502974,True,False,1.3524041355502974
full,baseline,7,13000007,13,2618.872240351594,2891.821544202249,72.35128428205302,3.772556445392094,False,False,3.772556445392094
full,baseline,7,13000008,13,2891.821544202249,3137.9932939063046,114.952820977,2.141502466940854,False,False,2.141502466940854
full,baseline,7,13000009,13,3137.9932939063046,3639.2619479998357,486.44082678401566,1.0304822837497953,True,False,1.0304822837497953
full,baseline,7,13000010,13,3639.2619479998357,4097.812129714101,458.55018171426593,0.9999999999999978,True,True,0.9999999999999978
full,baseline,7,14000008,14,2006.8491904960574,3137.5354967315907,1130.6863062355314,1.0000000000000016,True,False,1.0000000000000016
full,baseline,7,14000009,14,3137.5354967315907,3391.580578168213,229.85653940820262,1.1052332123797581,True,False,1.1052332123797581
full,baseline,7,14000010,14,3391.580578168213,3579.2481936774952,48.19209238871334,3.8941578629865496,False,False,3.8941578629865496
full,baseline,7,14000011,14,3579.2481936774952,3848.1630782019356,228.74273596704626,1.1756215268981547,True,False,1.1756215268981547
full,baseline,7,14000012,14,3848.1630782019356,4594.587591486998,744.1386016188327,1.0030718896469775,True,True,1.0030718896469775
full,baseline,7,15000006,15,2054.2923857348005,2211.019238729177,15.979837567787547,9.807787615457942,False,False,9.807787615457942
full,baseline,7,15000007,15,2211.019238729177,2695.2011826908274,458.55018171426593,1.05589739851713,True,False,1.05589739851713
full,baseline,7,15000008,15,2695.2011826908274,2931.4300195694855,26.717256165257165,8.841807535080923,False,False,8.841807535080923
full,baseline,7,15000009,15,2931.4300195694855,3528.0623642527025,565.9243027292647,1.0542617480922054,True,False,1.0542617480922054
full,baseline,7,15000010,15,3528.0623642527025,3746.0810794196827,48.19209238871334,4.523952050233878,False,False,4.523952050233878
full,baseline,7,15000011,15,3746.0810794196827,4037.641170056741,72.35128428205302,4.0297845923569975,False,True,4.0297845923569975
full,baseline,7,16000010,16,2040.9378135896422,2622.481691034929,565.9243027292647,1.027600113019876,True,False,1.027600113019876
full,baseline,7,16000011,16,2622.481691034929,2912.512119028384,283.5436075005082,1.022877682026159,True,False,1.022877682026159
full,baseline,7,16000012,16,2912.512119028384,3141.4038643444087,101.00752608339441,2.2660860451828695,False,False,2.2660860451828695
full,baseline,7,16000013,16,3141.4038643444087,3396.38283617265,58.92951067026337,4.326846921484912,False,False,4.326846921484912
full,baseline,7,16000014,16,3396.38283617265,3600.8489762793515,114.952820977,1.7786961500284666,False,False,1.7786961500284666
full,baseline,7,16000015,16,3600.8489762793515,3834.1612522789815,15.979837567787547,14.60041599358589,False,False,14.60041599358589
full,baseline,7,16000016,16,3834.1612522789815,4107.735804041674,101.00752608339441,2.708457105828156,False,True,2.708457105828156
full,baseline,7,17000006,17,2030.0570765405757,2267.244956938727,228.74273596704626,1.0369198365814836,True,False,1.0369198365814836
full,baseline,7,17000007,17,2267.244956938727,2474.3278232584744,32.085964974046185,6.454001507738775,False,False,6.454001507738775
full,baseline,7,17000008,17,2474.3278232584744,2726.2995410284207,72.35128428205302,3.482615689137791,False,False,3.482615689137791
full,baseline,7,17000009,17,2726.2995410284207,3049.2727544043605,283.5436075005082,1.1390601122099393,True,False,1.1390601122099393
full,baseline,7,17000010,17,3049.2727544043605,3257.9329670527127,58.057852632638046,3.594004999955008,False,False,3.594004999955008
full,baseline,7,17000011,17,3257.9329670527127,3506.9549907632468,200.85214333740902,1.2398275645592942,True,False,1.2398275645592942
full,baseline,7,17000012,17,3506.9549907632468,3714.3728432262446,101.00752608339441,2.0534890864641944,False,False,2.0534890864641944
full,baseline,7,17000013,17,3714.3728432262446,3996.0042834600613,72.35128428205302,3.8925562003282406,False,False,3.8925562003282406
full,baseline,7,17000014,17,3996.0042834600613,4261.038386853616,72.35128428205302,3.6631568606349916,False,True,3.6631568606349916
full,baseline,7,18000010,18,2073.322915163623,2829.282797175474,744.1386016188327,1.0158858583163164,True,False,1.0158858583163164
full,baseline,7,18000011,18,2829.282797175474,3076.290582593511,48.19209238871334,5.125483729274356,False,False,5.125483729274356
full,baseline,7,18000012,18,3076.290582593511,3315.2978937149933,26.717256165257165,8.945803028691433,False,False,8.945803028691433
full,baseline,7,18000013,18,3315.2978937149933,3716.7156582929565,372.6508694745985,1.0771952984946023,True,False,1.0771952984946023
full,baseline,7,18000014,18,3716.7156582929565,3991.570354779541,229.85653940820262,1.1957662687963366,True,False,1.1957662687963366
full,baseline,7,18000015,18,3991.570354779541,4231.327508863043,48.19209238871334,4.975031010267008,False,True,4.975031010267008
full,baseline,7,19000007,19,2100.634926882373,2292.148414755914,114.952820977,1.6660181650684291,False,False,1.6660181650684291
full,baseline,7,19000008,19,2292.148414755914,2676.970937833972,372.6508694745985,1.0326623512796855,True,False,1.0326623512796855
full,baseline,7,19000009,19,2676.970937833972,2972.304587788213,283.5436075005082,1.0415810554068363,True,False,1.0415810554068363
full,baseline,7,19000010,19,2972.304587788213,3225.330197753813,243.80186035081854,1.0378329747012955,True,False,1.0378329747012955
full,baseline,7,19000011,19,3225.330197753813,3474.514461835205,229.85653940820262,1.08408603350138,True,False,1.08408603350138
full,baseline,7,19000012,19,3474.514461835205,3690.024501925965,200.85214333740902,1.0729785428713465,True,False,1.0729785428713465
full,baseline,7,19000013,19,3690.024501925965,3949.0480533610134,32.085964974046185,8.072799170745474,False,False,8.072799170745474
full,baseline,7,19000014,19,3949.0480533610134,4223.814934561322,58.92951067026337,4.662636395162867,False,True,4.662636395162867
full,baseline,7,20000009,20,2071.9338718424588,2321.044013945563,228.74273596704626,1.0890406685482348,True,False,1.0890406685482348
full,baseline,7,20000010,20,2321.044013945563,2512.870787487283,58.057852632638046,3.3040624970321706,False,False,3.3040624970321706
full,baseline,7,20000011,20,2512.870787487283,2742.1985905358174,15.979837567787547,14.351072223088028,False,False,14.351072223088028
full,baseline,7,20000012,20,2742.1985905358174,3003.1170933434346,15.979837567787547,16.327982165074165,False,False,16.327982165074165
full,baseline,7,20000013,20,3003.1170933434346,3253.4956089030056,32.085964974046185,7.803365607426741,False,False,7.803365607426741
full,baseline,7,20000014,20,3253.4956089030056,3486.552866419604,101.00752608339441,2.30732566723969,False,False,2.30732566723969
full,baseline,7,20000015,20,3486.552866419604,3713.944481936084,122.48236916054397,1.8565252866592237,False,False,1.8565252866592237
full,baseline,7,20000016,20,3713.944481936084,3986.1169375739796,48.19209238871334,5.647657990082187,False,False,5.647657990082187
full,baseline,7,20000017,20,3986.1169375739796,4239.528251792047,114.952820977,2.2044810389539746,False,True,2.2044810389539746
full,baseline,7,21000007,21,2167.5271832636504,2395.1242770515187,48.19209238871334,4.722706205658999,False,False,4.722706205658999
full,baseline,7,21000008,21,2395.1242770515187,2611.380976160815,101.00752608339441,2.140995898966471,False,False,2.140995898966471
full,baseline,7,21000009,21,2611.380976160815,2894.936778577249,72.35128428205302,3.9191536851097863,False,False,3.9191536851097863
full,baseline,7,21000010,21,2894.936778577249,3129.5794956871846,15.979837567787547,14.683673480069219,False,False,14.683673480069219
full,baseline,7,21000011,21,3129.5794956871846,4074.7506221113726,915.9373744307104,1.0319167585138094,True,True,1.0319167585138094
full,baseline,7,22000008,22,2013.9621463785918,2522.426086793781,486.44082678401566,1.0452739828126145,True,False,1.0452739828126145
full,baseline,7,22000009,22,2522.426086793781,2768.566301630891,186.90687789087698,1.3169136289399443,True,False,1.3169136289399443
full,baseline,7,22000010,22,2768.566301630891,3054.744182904541,229.85653940820262,1.2450282337429017,True,False,1.2450282337429017
full,baseline,7,22000011,22,3054.744182904541,3278.0626762605407,58.92951067026337,3.7895867590953745,False,False,3.7895867590953745
full,baseline,7,22000012,22,3278.0626762605407,3763.3698991214915,458.55018171426593,1.0583513914369307,True,False,1.0583513914369307
full,baseline,7,22000013,22,3763.3698991214915,3992.950925130544,15.979837567787547,14.3669186269982,False,False,14.3669186269982
full,baseline,7,22000014,22,3992.950925130544,4263.697823355267,58.92951067026337,4.594419589527423,False,True,4.594419589527423
full,baseline,7,23000008,23,2070.124977080327,2636.049279809592,565.9243027292647,1.0000000000000007,True,False,1.0000000000000007
full,baseline,7,23000009,23,2636.049279809592,2864.0354145624783,58.057852632638046,3.9268785257262624,False,False,3.9268785257262624
full,baseline,7,23000010,23,2864.0354145624783,3134.81057054765,58.92951067026337,4.594899107516407,False,False,4.594899107516407
full,baseline,7,23000011,23,3134.81057054765,3900.704382258482,744.1386016188327,1.0292354274387485,True,False,1.0292354274387485
full,baseline,7,23000012,23,3900.704382258482,4168.618466796782,243.80186035081854,1.09890090318747,True,True,1.09890090318747
full,baseline,7,24000004,24,2033.4640929383586,2230.148561762727,186.90687789087698,1.0523126331348798,True,False,1.0523126331348798
full,baseline,7,24000005,24,2230.148561762727,2689.596782056062,458.55018171426593,1.0019584303199092,True,False,1.0019584303199092
full,baseline,7,24000006,24,2689.596782056062,2940.9986056648,48.19209238871334,5.21666130577922,False,False,5.21666130577922
full,baseline,7,24000007,24,2940.9986056648,3185.064517594412,32.085964974046185,7.606625268307589,False,False,7.606625268307589
full,baseline,7,24000008,24,3185.064517594412,3435.5101718269093,48.19209238871334,5.196820511805629,False,False,5.196820511805629
full,baseline,7,24000009,24,3435.5101718269093,3628.631557655423,26.717256165257165,7.2283390417780495,False,False,7.2283390417780495
full,baseline,7,24000010,24,3628.631557655423,3916.2577141023376,58.92951067026337,4.880850921303418,False,False,4.880850921303418
full,baseline,7,24000011,24,3916.2577141023376,4187.551416333746,48.19209238871334,5.629423600103853,False,True,5.629423600103853
full,baseline,7,25000006,25,2343.579421143211,3259.51679557392,915.9373744307104,0.999999999999998,True,False,0.999999999999998
full,baseline,7,25000007,25,3259.51679557392,3475.790185061084,122.48236916054397,1.765751193167102,False,False,1.765751193167102
full,baseline,7,25000008,25,3475.790185061084,3678.2639870250728,101.00752608339441,2.004541738769262,False,False,2.004541738769262
full,baseline,7,25000009,25,3678.2639870250728,3971.604860590852,186.90687789087698,1.5694493261882105,False,False,1.5694493261882105
full,baseline,7,25000010,25,3971.604860590852,4204.787944984524,26.717256165257165,8.727808085955363,False,True,8.727808085955363
full,baseline,7,26000008,26,2125.3661288581593,2345.47463304765,58.92951067026337,3.7351150838685054,False,False,3.7351150838685054
full,baseline,7,26000009,26,2345.47463304765,2582.7990222295925,72.35128428205302,3.280168300216498,False,False,3.280168300216498
full,baseline,7,26000010,26,2582.7990222295925,2852.5321755016353,101.00752608339441,2.67042629129778,False,False,2.67042629129778
full,baseline,7,26000011,26,2852.5321755016353,3102.9550922968533,58.057852632638046,4.313334121738413,False,False,4.313334121738413
full,baseline,7,26000012,26,3102.9550922968533,3344.3417850504666,32.085964974046185,7.523123987352945,False,False,7.523123987352945
full,baseline,7,26000013,26,3344.3417850504666,3537.3011007164814,15.979837567787547,12.075173783680118,False,False,12.075173783680118
full,baseline,7,26000014,26,3537.3011007164814,3785.3399316788605,26.717256165257165,9.283843723627806,False,False,9.283843723627806
full,baseline,7,26000015,26,3785.3399316788605,4042.595137581716,15.979837567787547,16.09873722505385,False,True,16.09873722505385
full,baseline,7,27000005,27,2136.6686209727245,2420.2122284732336,283.5436075005082,1.000000000000003,True,False,1.000000000000003
full,baseline,7,27000006,27,2420.2122284732336,2667.3448146184082,229.85653940820262,1.0751601271882523,True,False,1.0751601271882523
full,baseline,7,27000007,27,2667.3448146184082,2913.1683008194855,26.717256165257165,9.200925599566002,False,False,9.200925599566002
full,baseline,7,27000008,27,2913.1683008194855,3158.4943881998806,32.085964974046185,7.645900242639903,False,False,7.645900242639903
full,baseline,7,27000009,27,3158.4943881998806,4319.997295615416,1130.6863062355314,1.0272547752723775,True,True,1.0272547752723775
full,baseline,7,28000008,28,2097.1809613398223,2307.293709585736,58.92951067026337,3.565492838072037,False,False,3.565492838072037
full,baseline,7,28000009,28,2307.293709585736,2513.8904560663846,58.057852632638046,3.558463448310647,False,False,3.558463448310647
full,baseline,7,28000010,28,2513.8904560663846,2760.4857294083527,26.717256165257165,9.229812815233547,False,False,9.229812815233547
full,baseline,7,28000011,28,2760.4857294083527,3024.7793308268338,32.085964974046185,8.237046996475371,False,False,8.237046996475371
full,baseline,7,28000012,28,3024.7793308268338,3278.581416638772,72.35128428205302,3.5079140381602727,False,False,3.5079140381602727
full,baseline,7,28000013,28,3278.581416638772,3508.9978874421813,58.92951067026337,3.9100353656878464,False,False,3.9100353656878464
full,baseline,7,28000014,28,3508.9978874421813,3896.8159848310424,372.6508694745985,1.040700905744959,True,False,1.040700905744959
full,baseline,7,28000015,28,3896.8159848310424,4355.366166545307,458.55018171426593,0.9999999999999978,True,True,0.9999999999999978
full,baseline,7,29000005,29,2262.0757657148324,2720.6259474290973,458.55018171426593,0.9999999999999978,True,False,0.9999999999999978
full,baseline,7,29000006,29,2720.6259474290973,2966.347817507373,122.48236916054397,2.006181557087577,False,False,2.006181557087577
full,baseline,7,29000007,29,2966.347817507373,3193.1195347496846,15.979837567787547,14.19111529014803,False,False,14.19111529014803
full,baseline,7,29000008,29,3193.1195347496846,3450.3632675935487,58.92951067026337,4.365278617079588,False,False,4.365278617079588
full,baseline,7,29000009,29,3450.3632675935487,3656.8692438126495,26.717256165257165,7.729310784826737,False,False,7.729310784826737
full,baseline,7,29000010,29,3656.8692438126495,3967.914043744385,229.85653940820262,1.3532127505815716,True,False,1.3532127505815716
full,baseline,7,29000011,29,3967.914043744385,4227.901705073274,186.90687789087698,1.3910010389274123,True,True,1.3910010389274123
full,baseline,7,30000006,30,2029.8139556227397,2213.9945483526394,72.35128428205302,2.545643723639973,False,False,2.545643723639973
full,baseline,7,30000007,30,2213.9945483526394,2441.8549904430415,101.00752608339441,2.2558758829740535,False,False,2.2558758829740535
full,baseline,7,30000008,30,2441.8549904430415,2642.0850361445096,58.057852632638046,3.4488021279124244,False,False,3.4488021279124244
full,baseline,7,30000009,30,2642.0850361445096,2921.1257246863106,228.74273596704626,1.21988874253039,True,False,1.21988874253039
full,baseline,7,30000010,30,2921.1257246863106,3158.862999746869,58.92951067026337,4.034265215450426,False,False,4.034265215450426
full,baseline,7,30000011,30,3158.862999746869,3404.8312107096463,32.085964974046185,7.665912842631884,False,False,7.665912842631884
full,baseline,7,30000012,30,3404.8312107096463,3664.2626155217285,229.85653940820262,1.128666626061735,True,False,1.128666626061735
full,baseline,7,30000013,30,3664.2626155217285,3904.2131794550564,58.057852632638046,4.132956233356042,False,False,4.132956233356042
full,baseline,7,30000014,30,3904.2131794550564,4176.592706616949,48.19209238871334,5.651954784716591,False,True,5.651954784716591
full,baseline,7,31000005,31,2103.769024210984,3234.455330446517,1130.6863062355314,1.0000000000000016,True,False,1.0000000000000016
full,baseline,7,31000006,31,3234.455330446517,3455.5613032251463,122.48236916054397,1.8052065313074908,False,False,1.8052065313074908
full,baseline,7,31000007,31,3455.5613032251463,3651.7806736002713,32.085964974046185,6.115426808383155,False,False,6.115426808383155
full,baseline,7,31000008,31,3651.7806736002713,3937.8915667852566,72.35128428205302,3.9544687564855865,False,False,3.9544687564855865
full,baseline,7,31000009,31,3937.8915667852566,4252.450678984565,283.5436075005082,1.109385307509513,True,True,1.109385307509513
full,once,19,14,0,2732.960651132876,3408.6040637624496,372.6508694745985,1.8130734904286283,False,False,1.8130734904286283
full,once,19,15,0,3408.6040637624496,3506.4181781133816,72.35128428205302,1.351933352967379,True,False,1.351933352967379
full,once,19,16,0,3506.4181781133816,3992.859004897397,486.44082678401566,0.9999999999999994,True,False,0.9999999999999994
full,once,19,17,0,3992.859004897397,5182.819881809715,1130.6863062355314,1.052423532813565,True,True,1.052423532813565
full,once,19,1000006,1,2777.0594870723016,2977.9116304097097,200.85214333740902,0.9999999999999952,True,False,0.9999999999999952
full,once,19,1000007,1,2977.9116304097097,3811.9810194183847,458.55018171426593,1.8189271802064282,False,False,1.8189271802064282
full,once,19,1000008,1,3811.9810194183847,3870.9105300886476,58.92951067026337,0.9999999999999932,True,False,0.9999999999999932
full,once,19,1000009,1,3870.9105300886476,3924.3745364509327,48.19209238871334,1.1093937555366746,True,False,1.1093937555366746
full,once,19,1000010,1,3924.3745364509327,3956.460501424978,32.085964974046185,0.9999999999999648,True,False,0.9999999999999648
full,once,19,1000011,1,3956.460501424978,3972.440338992767,15.979837567787547,1.0000000000001046,True,False,1.0000000000001046
full,once,19,1000012,1,3972.440338992767,3988.4201765605562,15.979837567787547,1.0000000000001046,True,False,1.0000000000001046
full,once,19,1000013,1,3988.4201765605562,4052.1220308118645,58.92951067026337,1.0809839336312888,True,True,1.0809839336312888
full,once,19,2000008,2,2361.059940351594,3187.3875392277832,229.85653940820262,3.594971024116537,False,False,3.594971024116537
full,once,19,2000009,2,3187.3875392277832,3388.2396825651913,200.85214333740902,0.9999999999999952,True,False,0.9999999999999952
full,once,19,2000010,2,3388.2396825651913,4148.263822601807,229.85653940820262,3.3065151941876563,False,True,3.3065151941876563
full,once,19,3000009,3,2431.64947160083,3368.5246922705714,283.5436075005082,3.304166258334927,False,False,3.304166258334927
full,once,19,3000010,3,3368.5246922705714,3597.267428237619,228.74273596704626,1.0000000000000047,True,False,1.0000000000000047
full,once,19,3000011,3,3597.267428237619,3623.9846844028775,26.717256165257165,1.0000000000000586,True,False,1.0000000000000586
full,once,19,3000012,3,3623.9846844028775,4256.074155813718,372.6508694745985,1.6961974952642003,False,True,1.6961974952642003
full,once,19,4000010,4,2653.8130089256983,2740.7906330683377,58.057852632638046,1.4981198959078215,True,False,1.4981198959078215
full,once,19,4000011,4,2740.7906330683377,2772.8765980423827,32.085964974046185,0.9999999999999648,True,False,0.9999999999999648
full,once,19,4000012,4,2772.8765980423827,2844.5152871685113,58.92951067026337,1.2156674696821888,True,False,1.2156674696821888
full,once,19,4000013,4,2844.5152871685113,3606.632092075259,283.5436075005082,2.6878292606380905,False,False,2.6878292606380905
full,once,19,4000014,4,3606.632092075259,3639.197555655968,32.085964974046185,1.014944185317484,True,False,1.014944185317484
full,once,19,4000015,4,3639.197555655968,4296.036518338162,458.55018171426593,1.4324254768074365,True,True,1.4324254768074365
full,once,19,5000007,5,2057.442081464875,3016.241026519914,915.9373744307104,1.046795306994617,True,False,1.046795306994617
full,once,19,5000008,5,3016.241026519914,3033.333269451548,15.979837567787547,1.0696130582759271,True,False,1.0696130582759271
full,once,19,5000009,5,3033.333269451548,3139.971530599996,101.00752608339441,1.055745698200795,True,False,1.055745698200795
full,once,19,5000010,5,3139.971530599996,3194.2070538847856,48.19209238871334,1.125402957135173,True,False,1.125402957135173
full,once,19,5000011,5,3194.2070538847856,3253.1365645550486,58.92951067026337,0.9999999999999932,True,False,0.9999999999999932
full,once,19,5000012,5,3253.1365645550486,4140.632107334048,283.5436075005082,3.1300142881105457,False,True,3.1300142881105457
full,once,19,6000010,6,2610.873272495181,2683.6052262117128,58.92951067026337,1.2342195427940872,True,False,1.2342195427940872
full,once,19,6000011,6,2683.6052262117128,2927.40708656253,243.80186035081854,0.9999999999999943,True,False,0.9999999999999943
full,once,19,6000012,6,2927.40708656253,2989.524529611198,58.057852632638046,1.069923192676745,True,False,1.069923192676745
full,once,19,6000013,6,2989.524529611198,3064.0493772972764,72.35128428205302,1.0300418081806533,True,False,1.0300418081806533
full,once,19,6000014,6,3064.0493772972764,3179.002198274276,114.952820977,0.9999999999999969,True,False,0.9999999999999969
full,once,19,6000015,6,3179.002198274276,3211.088163248321,32.085964974046185,0.9999999999999648,True,False,0.9999999999999648
full,once,19,6000016,6,3211.088163248321,4426.106565516494,1130.6863062355314,1.0745848743082542,True,True,1.0745848743082542
full,once,19,7000007,7,2220.1165717659756,2246.8338279312343,26.717256165257165,1.0000000000000586,True,False,1.0000000000000586
full,once,19,7000008,7,2246.8338279312343,3073.102282367043,458.55018171426593,1.8019150081826312,False,False,1.8019150081826312
full,once,19,7000009,7,3073.102282367043,3122.2814120612843,48.19209238871334,1.020481312526686,True,False,1.020481312526686
full,once,19,7000010,7,3122.2814120612843,3183.3741976267206,58.92951067026337,1.0367095343329324,True,False,1.0367095343329324
full,once,19,7000011,7,3183.3741976267206,3384.2263409641287,200.85214333740902,0.9999999999999952,True,False,0.9999999999999952
full,once,19,7000012,7,3384.2263409641287,3475.8944201788113,72.35128428205302,1.2669862065934496,True,False,1.2669862065934496
full,once,19,7000013,7,3475.8944201788113,4431.649326681281,744.1386016188327,1.2843775399143085,True,True,1.2843775399143085
full,once,19,8000005,8,2320.2095367212764,3089.2938434514163,229.85653940820262,3.3459318090764505,False,False,3.3459318090764505
full,once,19,8000006,8,3089.2938434514163,3137.8350188491313,48.19209238871334,1.0072435744475678,True,False,1.0072435744475678
full,once,19,8000007,8,3137.8350188491313,3262.5339091896476,122.48236916054397,1.0180966550138089,True,False,1.0180966550138089
full,once,19,8000008,8,3262.5339091896476,3385.016278350193,122.48236916054397,1.00000000000001,True,False,1.00000000000001
full,once,19,8000009,8,3385.016278350193,3486.0238044335874,101.00752608339441,1.0000000000000022,True,False,1.0000000000000022
full,once,19,8000010,8,3486.0238044335874,3550.6873910503473,58.92951067026337,1.0973039803194902,True,False,1.0973039803194902
full,once,19,8000011,8,3550.6873910503473,3566.6672286181365,15.979837567787547,1.0000000000001046,True,False,1.0000000000001046
full,once,19,8000012,8,3566.6672286181365,3667.258800171636,48.19209238871334,2.0873045051071077,False,False,2.0873045051071077
full,once,19,8000013,8,3667.258800171636,3782.2116211486355,114.952820977,0.9999999999999969,True,False,0.9999999999999969
full,once,19,8000014,8,3782.2116211486355,3840.2694737812744,58.057852632638046,1.000000000000016,True,False,1.000000000000016
full,once,19,8000015,8,3840.2694737812744,4506.967181332448,458.55018171426593,1.4539252935387759,True,True,1.4539252935387759
full,once,19,9000006,9,2156.526072651399,2222.3184375945966,58.057852632638046,1.1332207782382162,True,False,1.1332207782382162
full,once,19,9000007,9,2222.3184375945966,2238.596021591512,15.979837567787547,1.018632631768926,True,False,1.018632631768926
full,once,19,9000008,9,2238.596021591512,2363.1216072464827,122.48236916054397,1.0166817192419633,True,False,1.0166817192419633
full,once,19,9000009,9,2363.1216072464827,2411.3136996351946,48.19209238871334,0.99999999999997,True,False,0.99999999999997
full,once,19,9000010,9,2411.3136996351946,3168.4275466504223,186.90687789087698,4.050754341192614,False,False,4.050754341192614
full,once,19,9000011,9,3168.4275466504223,4117.147602103362,744.1386016188327,1.2749238561056389,True,True,1.2749238561056389
full,once,19,10000003,10,2237.9598118994777,2264.6770680647364,26.717256165257165,1.0000000000000586,True,False,1.0000000000000586
full,once,19,10000004,10,2264.6770680647364,2333.755577871869,58.92951067026337,1.172222694901662,True,False,1.172222694901662
full,once,19,10000005,10,2333.755577871869,2437.6931561725796,101.00752608339441,1.0290082564233607,True,False,1.0290082564233607
full,once,19,10000006,10,2437.6931561725796,2499.181141858569,58.92951067026337,1.0434158537314477,True,False,1.0434158537314477
full,once,19,10000007,10,2499.181141858569,2531.267106832614,32.085964974046185,0.9999999999999648,True,False,0.9999999999999648
full,once,19,10000008,10,2531.267106832614,2614.3846104131862,72.35128428205302,1.1488048125939048,True,False,1.1488048125939048
full,once,19,10000009,10,2614.3846104131862,2643.9474647525512,26.717256165257165,1.1065078747797548,True,False,1.1065078747797548
full,once,19,10000010,10,2643.9474647525512,2726.24882018737,58.057852632638046,1.417574913691377,True,False,1.417574913691377
full,once,19,10000011,10,2726.24882018737,3579.3079261914377,186.90687789087698,4.564086221065202,False,False,4.564086221065202
full,once,19,10000012,10,3579.3079261914377,3702.8783561403798,122.48236916054397,1.008883407431252,True,False,1.008883407431252
full,once,19,10000013,10,3702.8783561403798,4285.491710980713,229.85653940820262,2.5346825299830567,False,True,2.5346825299830567
full,once,19,11000006,11,2306.04888762326,2367.1309078132376,48.19209238871334,1.2674697686353895,True,False,1.2674697686353895
full,once,19,11000007,11,2367.1309078132376,2473.331328156296,101.00752608339441,1.0514109637273616,True,False,1.0514109637273616
full,once,19,11000008,11,2473.331328156296,2595.813697316841,122.48236916054397,1.00000000000001,True,False,1.00000000000001
full,once,19,11000009,11,2595.813697316841,2614.287136320658,15.979837567787547,1.1560467323557857,True,False,1.1560467323557857
full,once,19,11000010,11,2614.287136320658,3410.343692514712,283.5436075005082,2.8075277845670605,False,False,2.8075277845670605
full,once,19,11000011,11,3410.343692514712,3512.6159167608425,72.35128428205302,1.4135509170429397,True,False,1.4135509170429397
full,once,19,11000012,11,3512.6159167608425,3585.101344617288,72.35128428205302,1.0018540593401128,True,False,1.0018540593401128
full,once,19,11000013,11,3585.101344617288,4190.422612372315,229.85653940820262,2.6334742066225743,False,True,2.6334742066225743
full,once,19,12000005,12,2149.714520053775,2176.4317762190335,26.717256165257165,1.0000000000000586,True,False,1.0000000000000586
full,once,19,12000006,12,2176.4317762190335,2576.973135904544,400.5413596855101,1.000000000000001,True,False,1.000000000000001
full,once,19,12000007,12,2576.973135904544,2667.71184188409,72.35128428205302,1.2541409165013822,True,False,1.2541409165013822
full,once,19,12000008,12,2667.71184188409,2722.2483952680964,48.19209238871334,1.1316494196624434,True,False,1.1316494196624434
full,once,19,12000009,12,2722.2483952680964,2796.6649711824157,58.92951067026337,1.262806615359712,True,False,1.262806615359712
full,once,19,12000010,12,2796.6649711824157,3602.714175351002,458.55018171426593,1.7578211421816763,False,False,1.7578211421816763
full,once,19,12000011,12,3602.714175351002,4849.773549179869,1130.6863062355314,1.1029225055186038,True,True,1.1029225055186038
full,once,19,13000006,13,2024.1095996221707,2050.8268557874276,26.717256165257165,0.9999999999999906,True,False,0.9999999999999906
full,once,19,13000007,13,2050.8268557874276,2152.965915365621,101.00752608339441,1.0112024671692779,True,False,1.0112024671692779
full,once,19,13000008,13,2152.965915365621,2396.7677757164383,243.80186035081854,0.9999999999999943,True,False,0.9999999999999943
full,once,19,13000009,13,2396.7677757164383,3279.3299541936035,229.85653940820262,3.8396217951833926,False,False,3.8396217951833926
full,once,19,13000010,13,3279.3299541936035,3338.2594648638665,58.92951067026337,0.9999999999999932,True,False,0.9999999999999932
full,once,19,13000011,13,3338.2594648638665,3396.3173174965054,58.057852632638046,1.000000000000016,True,False,1.000000000000016
full,once,19,13000012,13,3396.3173174965054,4145.960126923096,229.85653940820262,3.261350803229917,False,True,3.261350803229917
full,once,19,14000007,14,2331.5815424176308,2732.1229021031413,400.5413596855101,1.000000000000001,True,False,1.000000000000001
full,once,19,14000008,14,2732.1229021031413,3523.76497382251,229.85653940820262,3.444070261205361,False,False,3.444070261205361
full,once,19,14000009,14,3523.76497382251,3555.850938796555,32.085964974046185,0.9999999999999648,True,False,0.9999999999999648
full,once,19,14000010,14,3555.850938796555,3657.908298865335,72.35128428205302,1.410581181543664,True,False,1.410581181543664
full,once,19,14000011,14,3657.908298865335,4186.4554244580395,186.90687789087698,2.82786343422466,False,True,2.82786343422466
full,once,19,15000010,15,2043.1366603540114,2059.1164979218,15.979837567787547,1.0000000000000762,True,False,1.0000000000000762
full,once,19,15000011,15,2059.1164979218,2181.8135238480454,122.48236916054397,1.0017525523646587,True,False,1.0017525523646587
full,once,19,15000012,15,2181.8135238480454,3049.5952200293605,283.5436075005082,3.0604876048202208,False,False,3.0604876048202208
full,once,19,15000013,15,3049.5952200293605,3081.6811850034055,32.085964974046185,0.9999999999999648,True,False,0.9999999999999648
full,once,19,15000014,15,3081.6811850034055,3569.674593068195,486.44082678401566,1.003191716639079,True,False,1.003191716639079
full,once,19,15000015,15,3569.674593068195,3586.302581422912,15.979837567787547,1.0405605366249921,True,False,1.0405605366249921
full,once,19,15000016,15,3586.302581422912,3716.8428444291,122.48236916054397,1.0657881938508371,True,False,1.0657881938508371
full,once,19,15000017,15,3716.8428444291,3743.5601005943586,26.717256165257165,1.0000000000000586,True,False,1.0000000000000586
full,once,19,15000018,15,3743.5601005943586,4578.610161541274,744.1386016188327,1.1221700623113884,True,True,1.1221700623113884
full,once,19,16000007,16,2830.150001906378,3230.6913615918884,400.5413596855101,1.000000000000001,True,False,1.000000000000001
full,once,19,16000008,16,3230.6913615918884,3353.1737307524336,122.48236916054397,1.00000000000001,True,False,1.00000000000001
full,once,19,16000009,16,3353.1737307524336,4548.550718348525,1130.6863062355314,1.0572136418419527,True,True,1.0572136418419527
full,once,19,17000007,17,2286.185789306002,2401.1386102830015,114.952820977,0.9999999999999969,True,False,0.9999999999999969
full,once,19,17000008,17,2401.1386102830015,3246.438416879322,458.55018171426593,1.8434183221478866,False,False,1.8434183221478866
full,once,19,17000009,17,3246.438416879322,3950.1514028906886,283.5436075005082,2.4818510006793404,False,False,2.4818510006793404
full,once,19,17000010,17,3950.1514028906886,3966.131240458478,15.979837567787547,1.0000000000001046,True,False,1.0000000000001046
full,once,19,17000011,17,3966.131240458478,4383.404232343018,229.85653940820262,1.8153627169314681,False,True,1.8153627169314681
full,once,19,18000005,18,2198.5429997243637,2321.025368884909,122.48236916054397,1.00000000000001,True,False,1.00000000000001
full,once,19,18000006,18,2321.025368884909,2721.5667285704194,400.5413596855101,1.000000000000001,True,False,1.000000000000001
full,once,19,18000007,18,2721.5667285704194,2792.9699265290956,58.92951067026337,1.2116713196247053,True,False,1.2116713196247053
full,once,19,18000008,18,2792.9699265290956,3990.5479327247913,1130.6863062355314,1.0591602636303885,True,False,1.0591602636303885
full,once,19,18000009,18,3990.5479327247913,4456.444116519513,458.55018171426593,1.0160200614314299,True,True,1.0160200614314299
full,once,19,19000011,19,2192.812238739502,2436.614099090319,243.80186035081854,0.9999999999999943,True,False,0.9999999999999943
full,once,19,19000012,19,2436.614099090319,2496.063754425378,58.92951067026337,1.0088265566586183,True,False,1.0088265566586183
full,once,19,19000013,19,2496.063754425378,2569.204182743967,72.35128428205302,1.010907118572484,True,False,1.010907118572484
full,once,19,19000014,19,2569.204182743967,2691.6865519045123,122.48236916054397,1.00000000000001,True,False,1.00000000000001
full,once,19,19000015,19,2691.6865519045123,3975.05850893193,1130.6863062355314,1.1350380295134492,True,False,1.1350380295134492
full,once,19,19000016,19,3975.05850893193,4755.900099934263,744.1386016188327,1.0493227865126942,True,True,1.0493227865126942
full,once,19,20000010,20,2481.955507563508,2682.807650900916,200.85214333740902,0.9999999999999952,True,False,0.9999999999999952
full,once,19,20000011,20,2682.807650900916,2926.6095112517332,243.80186035081854,0.9999999999999943,True,False,0.9999999999999943
full,once,19,20000012,20,2926.6095112517332,3327.150870937244,400.5413596855101,1.000000000000001,True,False,1.000000000000001
full,once,19,20000013,20,3327.150870937244,3353.8681271025025,26.717256165257165,1.0000000000000586,True,False,1.0000000000000586
full,once,19,20000014,20,3353.8681271025025,4602.0397506465215,1130.6863062355314,1.1039061998545283,True,True,1.1039061998545283
full,once,19,21000005,21,2253.3682370947904,2312.2977477650534,58.92951067026337,0.9999999999999932,True,False,0.9999999999999932
full,once,19,21000006,21,2312.2977477650534,2374.612324653088,58.92951067026337,1.0574426323800998,True,False,1.0574426323800998
full,once,19,21000007,21,2374.612324653088,2406.698289627133,32.085964974046185,0.9999999999999648,True,False,0.9999999999999648
full,once,19,21000008,21,2406.698289627133,2509.3528542125728,101.00752608339441,1.0163060968415918,True,False,1.0163060968415918
full,once,19,21000009,21,2509.3528542125728,2909.8942138980833,400.5413596855101,1.000000000000001,True,False,1.000000000000001
full,once,19,21000010,21,2909.8942138980833,2969.5019426064146,58.92951067026337,1.0115089711479672,True,False,1.0115089711479672
full,once,19,21000011,21,2969.5019426064146,3213.3038029572317,243.80186035081854,0.9999999999999943,True,False,0.9999999999999943
full,once,19,21000012,21,3213.3038029572317,3335.786172117777,122.48236916054397,1.00000000000001,True,False,1.00000000000001
full,once,19,21000013,21,3335.786172117777,3393.844024750416,58.057852632638046,1.000000000000016,True,False,1.000000000000016
full,once,19,21000014,21,3393.844024750416,3410.1467518574827,15.979837567787547,1.0202060589107738,True,False,1.0202060589107738
full,once,19,21000015,21,3410.1467518574827,4173.30235104419,229.85653940820262,3.320138731539057,False,True,3.320138731539057
full,once,19,22000009,22,2360.0515867041654,3078.029521137727,186.90687789087698,3.841367115728845,False,False,3.841367115728845
full,once,19,22000010,22,3078.029521137727,3180.62077741052,101.00752608339441,1.0156793285689534,True,False,1.0156793285689534
full,once,19,22000011,22,3180.62077741052,4452.433417225478,1130.6863062355314,1.124814754367449,True,True,1.124814754367449
full,once,19,23000004,23,2070.4014552434082,2898.7471128272123,283.5436075005082,2.921404805722236,False,False,2.921404805722236
full,once,19,23000005,23,2898.7471128272123,2949.6218288337454,48.19209238871334,1.055665223999448,True,False,1.055665223999448
full,once,19,23000006,23,2949.6218288337454,3007.6796814663844,58.057852632638046,1.000000000000016,True,False,1.000000000000016
full,once,19,23000007,23,3007.6796814663844,3823.7681228222973,186.90687789087698,4.36628363046316,False,False,4.36628363046316
full,once,19,23000008,23,3823.7681228222973,3896.11940710435,72.35128428205302,0.999999999999997,True,False,0.999999999999997
full,once,19,23000009,23,3896.11940710435,3977.333858045022,72.35128428205302,1.1225018566922336,True,False,1.1225018566922336
full,once,19,23000010,23,3977.333858045022,5205.747738255028,1130.6863062355314,1.0864320841559008,True,True,1.0864320841559008
full,once,19,24000004,24,2047.1236379877903,2105.181490620429,58.057852632638046,1.000000000000012,True,False,1.000000000000012
full,once,19,24000005,24,2105.181490620429,2153.373583009141,48.19209238871334,0.99999999999997,True,False,0.99999999999997
full,once,19,24000006,24,2153.373583009141,2170.844296712575,15.979837567787547,1.0932973272927426,True,False,1.0932973272927426
full,once,19,24000007,24,2170.844296712575,2237.099388907025,58.92951067026337,1.1243109172444403,True,False,1.1243109172444403
full,once,19,24000008,24,2237.099388907025,2996.2060748967288,229.85653940820262,3.3025237739336397,False,False,3.3025237739336397
full,once,19,24000009,24,2996.2060748967288,3028.292039870774,32.085964974046185,0.9999999999999648,True,False,0.9999999999999648
full,once,19,24000010,24,3028.292039870774,3862.8144275578616,229.85653940820262,3.6306227781714666,False,False,3.6306227781714666
full,once,19,24000011,24,3862.8144275578616,3878.794265125651,15.979837567787547,1.0000000000001046,True,False,1.0000000000001046
full,once,19,24000012,24,3878.794265125651,3939.0708836384983,58.057852632638046,1.0382164647777932,True,False,1.0382164647777932
full,once,19,24000013,24,3939.0708836384983,4021.875078701674,72.35128428205302,1.1444744331057486,True,True,1.1444744331057486
full,once,19,25000007,25,2352.468000458252,2581.2107364252993,228.74273596704626,1.0000000000000047,True,False,1.0000000000000047
full,once,19,25000008,25,2581.2107364252993,2682.218262508694,101.00752608339441,1.0000000000000022,True,False,1.0000000000000022
full,once,19,25000009,25,2682.218262508694,2708.9355186739526,26.717256165257165,1.0000000000000586,True,False,1.0000000000000586
full,once,19,25000010,25,2708.9355186739526,2775.4179561530814,48.19209238871334,1.3795300055222137,True,False,1.3795300055222137
full,once,19,25000011,25,2775.4179561530814,2876.425482236476,101.00752608339441,1.0000000000000022,True,False,1.0000000000000022
full,once,19,25000012,25,2876.425482236476,2908.511447210521,32.085964974046185,0.9999999999999648,True,False,0.9999999999999648
full,once,19,25000013,25,2908.511447210521,2970.4026750956164,58.057852632638046,1.0660268177108272,True,False,1.0660268177108272
full,once,19,25000014,25,2970.4026750956164,4238.738233684173,1130.6863062355314,1.121739559057109,True,True,1.121739559057109
full,once,19,26000005,26,2187.0885447246137,2673.529371508629,486.44082678401566,0.9999999999999994,True,False,0.9999999999999994
full,once,19,26000006,26,2673.529371508629,3569.459351937916,458.55018171426593,1.9538319166724551,False,False,1.9538319166724551
full,once,19,26000007,26,3569.459351937916,3684.056438017283,101.00752608339441,1.1345400736253353,True,False,1.1345400736253353
full,once,19,26000008,26,3684.056438017283,3785.063964100678,101.00752608339441,1.0000000000000022,True,False,1.0000000000000022
full,once,19,26000009,26,3785.063964100678,4028.865824451495,243.80186035081854,0.9999999999999943,True,True,0.9999999999999943
full,once,19,27000009,27,2588.8302374505333,2604.8100750183226,15.979837567787547,1.0000000000001046,True,False,1.0000000000001046
full,once,19,27000010,27,2604.8100750183226,2637.860204044607,32.085964974046185,1.0300494017561357,True,False,1.0300494017561357
full,once,19,27000011,27,2637.860204044607,2765.8134403861795,114.952820977,1.1130934869982316,True,False,1.1130934869982316
full,once,19,27000012,27,2765.8134403861795,3680.5296764836426,229.85653940820262,3.979509299376586,False,False,3.979509299376586
full,once,19,27000013,27,3680.5296764836426,4188.121302753938,186.90687789087698,2.7157461084264956,False,True,2.7157461084264956
full,once,19,28000006,28,2092.207224995149,2852.8589041699533,186.90687789087698,4.0696826556532635,False,False,4.0696826556532635
full,once,19,28000007,28,2852.8589041699533,3339.2997309539687,486.44082678401566,0.9999999999999994,True,False,0.9999999999999994
full,once,19,28000008,28,3339.2997309539687,3371.385695928014,32.085964974046185,0.9999999999999648,True,False,0.9999999999999648
full,once,19,28000009,28,3371.385695928014,3403.471660902059,32.085964974046185,0.9999999999999648,True,False,0.9999999999999648
full,once,19,28000010,28,3403.471660902059,3501.512119666116,72.35128428205302,1.3550617620256482,True,False,1.3550617620256482
full,once,19,28000011,28,3501.512119666116,4584.956686558256,915.9373744307104,1.1828806173189963,True,True,1.1828806173189963
full,once,19,29000007,29,2813.3401569356747,2861.5322493243866,48.19209238871334,0.99999999999997,True,False,0.99999999999997
full,once,19,29000008,29,2861.5322493243866,3584.809030795338,458.55018171426593,1.577312168467623,False,False,1.577312168467623
full,once,19,29000009,29,3584.809030795338,3600.788868363127,15.979837567787547,1.0000000000001046,True,False,1.0000000000001046
full,once,19,29000010,29,3600.788868363127,3695.684590344897,58.92951067026337,1.6103259793340776,False,False,1.6103259793340776
full,once,19,29000011,29,3695.684590344897,3754.61410101516,58.92951067026337,0.9999999999999932,True,False,0.9999999999999932
full,once,19,29000012,29,3754.61410101516,4577.031511265677,744.1386016188327,1.1051938556357555,True,True,1.1051938556357555
full,once,19,30000006,30,2782.9258147552987,2897.8786357322983,114.952820977,0.9999999999999969,True,False,0.9999999999999969
full,once,19,30000007,30,2897.8786357322983,3141.6804960831155,243.80186035081854,0.9999999999999943,True,False,0.9999999999999943
full,once,19,30000008,30,3141.6804960831155,3896.4864232276027,283.5436075005082,2.6620452980698373,False,False,2.6620452980698373
full,once,19,30000009,30,3896.4864232276027,3979.4486320710876,58.92951067026337,1.4078211052471663,True,False,1.4078211052471663
full,once,19,30000010,30,3979.4486320710876,5220.665111912254,1130.6863062355314,1.097754941398053,True,True,1.097754941398053
full,once,19,31000008,31,2028.6016806774205,2911.8085681828616,229.85653940820262,3.8424266274058554,False,False,3.8424266274058554
full,once,19,31000009,31,2911.8085681828616,3638.1638714040514,372.6508694745985,1.9491576773865582,False,False,1.9491576773865582
full,once,19,31000010,31,3638.1638714040514,3705.249735324591,58.92951067026337,1.138408636988595,True,False,1.138408636988595
full,once,19,31000011,31,3705.249735324591,4532.343324285414,744.1386016188327,1.1114778714093407,True,True,1.1114778714093407
full,once,43,10,0,2587.760684702212,2672.5014232549834,72.35128428205302,1.1712402812701905,True,False,1.1712402812701905
full,once,43,11,0,2672.5014232549834,3905.743601333732,1130.6863062355314,1.0907023205973576,True,False,1.0907023205973576
full,once,43,12,0,3905.743601333732,3932.4608574989907,26.717256165257165,1.0000000000000586,True,False,1.0000000000000586
full,once,43,13,0,3932.4608574989907,4400.657060908235,186.90687789087698,2.5049704360403147,False,True,2.5049704360403147
full,once,43,1000004,1,2033.9463724492236,2838.2269698681957,186.90687789087698,4.303108620157575,False,False,4.303108620157575
full,once,43,1000005,1,2838.2269698681957,3066.969705835243,228.74273596704626,1.0000000000000047,True,False,1.0000000000000047
full,once,43,1000006,1,3066.969705835243,3553.4105326192584,486.44082678401566,0.9999999999999994,True,False,0.9999999999999994
full,once,43,1000007,1,3553.4105326192584,3612.3839989784847,58.92951067026337,1.000745902833112,True,False,1.000745902833112
full,once,43,1000008,1,3612.3839989784847,4145.318013373291,229.85653940820262,2.3185505871049776,False,True,2.3185505871049776
full,once,43,2000006,2,2169.7281802996404,2186.325212810923,15.979837567787547,1.0386233552673392,True,False,1.0386233552673392
full,once,43,2000007,2,2186.325212810923,3270.4621967305966,915.9373744307104,1.1836365827887585,True,False,1.1836365827887585
full,once,43,2000008,2,3270.4621967305966,3297.1794528958553,26.717256165257165,1.0000000000000586,True,False,1.0000000000000586
full,once,43,2000009,2,3297.1794528958553,3384.6877051037163,72.35128428205302,1.2094913459548322,True,False,1.2094913459548322
full,once,43,2000010,2,3384.6877051037163,3462.5809766136827,72.35128428205302,1.076598325557132,True,False,1.076598325557132
full,once,43,2000011,2,3462.5809766136827,3974.1113164160793,283.5436075005082,1.8040623250569308,False,False,1.8040623250569308
full,once,43,2000012,2,3974.1113164160793,4032.1691690487182,58.057852632638046,1.000000000000016,True,True,1.000000000000016
full,once,43,3000006,3,2351.9253917897936,3379.3860549358023,915.9373744307104,1.1217586396500243,True,False,1.1217586396500243
full,once,43,3000007,3,3379.3860549358023,3911.4751317236964,283.5436075005082,1.8765687630144878,False,False,1.8765687630144878
full,once,43,3000008,3,3911.4751317236964,4033.9575008842417,122.48236916054397,1.00000000000001,True,True,1.00000000000001
full,once,43,4000003,4,2418.2229497168605,2476.2808023494995,58.057852632638046,1.000000000000016,True,False,1.000000000000016
full,once,43,4000004,4,2476.2808023494995,2589.294788733499,72.35128428205302,1.562017696098216,False,False,1.562017696098216
full,once,43,4000005,4,2589.294788733499,2605.274626301288,15.979837567787547,1.0000000000001046,True,False,1.0000000000001046
full,once,43,4000006,4,2605.274626301288,3805.9220889466724,915.9373744307104,1.3108401252778137,True,False,1.3108401252778137
full,once,43,4000007,4,3805.9220889466724,3838.0080539207174,32.085964974046185,0.9999999999999648,True,False,0.9999999999999648
full,once,43,4000008,4,3838.0080539207174,4469.820195380127,229.85653940820262,2.748723804361178,False,True,2.748723804361178
full,once,43,5000010,5,2482.089366945886,2583.0968930292806,101.00752608339441,1.0000000000000022,True,False,1.0000000000000022
full,once,43,5000011,5,2583.0968930292806,3538.2445518901336,372.6508694745985,2.563116678642179,False,False,2.563116678642179
full,once,43,5000012,5,3538.2445518901336,3597.1740625603966,58.92951067026337,0.9999999999999932,True,False,0.9999999999999932
full,once,43,5000013,5,3597.1740625603966,4098.64404791919,229.85653940820262,2.181665079661848,False,True,2.181665079661848
full,once,43,6000005,6,3022.073654061058,3123.743793860452,72.35128428205302,1.405229234121749,True,False,1.405229234121749
full,once,43,6000006,6,3123.743793860452,3246.2261630209973,122.48236916054397,1.00000000000001,True,False,1.00000000000001
full,once,43,6000007,6,3246.2261630209973,3304.2840156536363,58.057852632638046,1.000000000000016,True,False,1.000000000000016
full,once,43,6000008,6,3304.2840156536363,3336.3699806276813,32.085964974046185,0.9999999999999648,True,False,0.9999999999999648
full,once,43,6000009,6,3336.3699806276813,3822.8108074116967,486.44082678401566,0.9999999999999994,True,False,0.9999999999999994
full,once,43,6000010,6,3822.8108074116967,3937.7636283886964,114.952820977,0.9999999999999969,True,False,0.9999999999999969
full,once,43,6000011,6,3937.7636283886964,3953.7434659564856,15.979837567787547,1.0000000000001046,True,False,1.0000000000001046
full,once,43,6000012,6,3953.7434659564856,4355.214106072227,400.5413596855101,1.0023200611067005,True,True,1.0023200611067005
full,once,43,7000006,7,2096.909845865033,2163.6629822638424,58.92951067026337,1.1327624417640743,True,False,1.1327624417640743
full,once,43,7000007,7,2163.6629822638424,2190.380238429101,26.717256165257165,1.0000000000000586,True,False,1.0000000000000586
full,once,43,7000008,7,2190.380238429101,2238.807784527384,48.19209238871334,1.0048857332790229,True,False,1.0048857332790229
full,once,43,7000009,7,2238.807784527384,2639.3491442128943,400.5413596855101,1.000000000000001,True,False,1.000000000000001
full,once,43,7000010,7,2639.3491442128943,3125.7899709969097,486.44082678401566,0.9999999999999994,True,False,0.9999999999999994
full,once,43,7000011,7,3125.7899709969097,3152.5072271621684,26.717256165257165,1.0000000000000586,True,False,1.0000000000000586
full,once,43,7000012,7,3152.5072271621684,3168.4870647299576,15.979837567787547,1.0000000000001046,True,False,1.0000000000001046
full,once,43,7000013,7,3168.4870647299576,3262.873916553912,72.35128428205302,1.3045635991200668,True,False,1.3045635991200668
full,once,43,7000014,7,3262.873916553912,3822.7190810742504,186.90687789087698,2.9953160142517414,False,False,2.9953160142517414
full,once,43,7000015,7,3822.7190810742504,4066.5209414250676,243.80186035081854,0.9999999999999943,True,True,0.9999999999999943
full,once,43,8000002,8,2390.538322391857,3342.824572689869,458.55018171426593,2.0767329035569007,False,False,2.0767329035569007
full,once,43,8000003,8,3342.824572689869,3420.9557900789,58.92951067026337,1.3258419508386836,True,False,1.3258419508386836
full,once,43,8000004,8,3420.9557900789,3480.5382516794552,58.92951067026337,1.0110802028196944,True,False,1.0110802028196944
full,once,43,8000005,8,3480.5382516794552,4085.129406528384,283.5436075005082,2.132268684095956,False,True,2.132268684095956
full,once,43,9000010,9,2964.701332575401,3686.513310614502,229.85653940820262,3.140271666394638,False,False,3.140271666394638
full,once,43,9000011,9,3686.513310614502,4184.079120371157,283.5436075005082,1.75481229904209,False,True,1.75481229904209
full,once,43,10000005,10,2376.9890972341295,2392.9689348019187,15.979837567787547,1.0000000000001046,True,False,1.0000000000001046
full,once,43,10000006,10,2392.9689348019187,2468.7386133836153,72.35128428205302,1.0472471820447213,True,False,1.0472471820447213
full,once,43,10000007,10,2468.7386133836153,2559.6630417634706,58.92951067026337,1.5429354044464683,False,False,1.5429354044464683
full,once,43,10000008,10,2559.6630417634706,2803.4649021142877,243.80186035081854,0.9999999999999943,True,False,0.9999999999999943
full,once,43,10000009,10,2803.4649021142877,2865.2867684724547,58.92951067026337,1.049081617257737,True,False,1.049081617257737
full,once,43,10000010,10,2865.2867684724547,2994.591706609227,122.48236916054397,1.055702457610741,True,False,1.055702457610741
full,once,43,10000011,10,2994.591706609227,3734.5469341740722,229.85653940820262,3.2192045937433935,False,False,3.2192045937433935
full,once,43,10000012,10,3734.5469341740722,4303.615329477602,283.5436075005082,2.006987215546766,False,True,2.006987215546766
full,once,43,11000008,11,2916.0073646846067,3402.448191468622,486.44082678401566,0.9999999999999994,True,False,0.9999999999999994
full,once,43,11000009,11,3402.448191468622,3434.534156442667,32.085964974046185,0.9999999999999648,True,False,0.9999999999999648
full,once,43,11000010,11,3434.534156442667,4007.11953954593,186.90687789087698,3.0634794693727585,False,True,3.0634794693727585
full,once,43,12000004,12,2455.296640700769,2482.0138968660276,26.717256165257165,1.0000000000000586,True,False,1.0000000000000586
full,once,43,12000005,12,2482.0138968660276,2611.2409614945295,122.48236916054397,1.0550666639956754,True,False,1.0550666639956754
full,once,43,12000006,12,2611.2409614945295,2690.786419055835,58.92951067026337,1.3498407954954392,True,False,1.3498407954954392
full,once,43,12000007,12,2690.786419055835,2738.9785114445467,48.19209238871334,0.99999999999997,True,False,0.99999999999997
full,once,43,12000008,12,2738.9785114445467,2815.5098749163167,72.35128428205302,1.0577747752675875,True,False,1.0577747752675875
full,once,43,12000009,12,2815.5098749163167,2893.455178896986,72.35128428205302,1.0773174899951852,True,False,1.0773174899951852
full,once,43,12000010,12,2893.455178896986,2970.165566275189,58.92951067026337,1.3017312804009435,True,False,1.3017312804009435
full,once,43,12000011,12,2970.165566275189,3068.3510326299834,72.35128428205302,1.3570659778757996,True,False,1.3570659778757996
full,once,43,12000012,12,3068.3510326299834,3312.1528929808005,243.80186035081854,0.9999999999999943,True,False,0.9999999999999943
full,once,43,12000013,12,3312.1528929808005,3329.1510847178038,15.979837567787547,1.0637274418401175,True,False,1.0637274418401175
full,once,43,12000014,12,3329.1510847178038,3852.7205014990873,283.5436075005082,1.846521674026261,False,False,1.846521674026261
full,once,43,12000015,12,3852.7205014990873,4831.304524601607,915.9373744307104,1.0683962139996164,True,True,1.0683962139996164
full,once,43,13000004,13,2475.8237320775233,2507.9096970515684,32.085964974046185,0.9999999999999648,True,False,0.9999999999999648
full,once,43,13000005,13,2507.9096970515684,2608.779872559331,48.19209238871334,2.093085618573114,False,False,2.093085618573114
full,once,43,13000006,13,2608.779872559331,2640.865837533376,32.085964974046185,0.9999999999999648,True,False,0.9999999999999648
full,once,43,13000007,13,2640.865837533376,3623.1408865918283,186.90687789087698,5.255424841197872,False,False,5.255424841197872
full,once,43,13000008,13,3623.1408865918283,3651.2920013980593,26.717256165257165,1.0536678853586139,True,False,1.0536678853586139
full,once,43,13000009,13,3651.2920013980593,3766.244822375059,114.952820977,0.9999999999999969,True,False,0.9999999999999969
full,once,43,13000010,13,3766.244822375059,4277.303146819091,372.6508694745985,1.3714132081982655,True,True,1.3714132081982655
full,once,43,14000005,14,2027.5502979191895,2125.2909350713894,72.35128428205302,1.3509177911917847,True,False,1.3509177911917847
full,once,43,14000006,14,2125.2909350713894,2326.1430784087975,200.85214333740902,0.9999999999999952,True,False,0.9999999999999952
full,once,43,14000007,14,2326.1430784087975,2374.3351707975094,48.19209238871334,0.99999999999997,True,False,0.99999999999997
full,once,43,14000008,14,2374.3351707975094,2424.703146608658,48.19209238871334,1.045150216863061,True,False,1.045150216863061
full,once,43,14000009,14,2424.703146608658,2525.7106726920524,101.00752608339441,1.0000000000000022,True,False,1.0000000000000022
full,once,43,14000010,14,2525.7106726920524,3510.763538374055,186.90687789087698,5.270286876532773,False,False,5.270286876532773
full,once,43,14000011,14,3510.763538374055,3625.7163593510545,114.952820977,0.9999999999999969,True,False,0.9999999999999969
full,once,43,14000012,14,3625.7163593510545,3652.4336155163132,26.717256165257165,1.0000000000000586,True,False,1.0000000000000586
full,once,43,14000013,14,3652.4336155163132,4302.118601107838,458.55018171426593,1.4168241808621933,True,True,1.4168241808621933
full,once,43,15000004,15,2227.5780249261193,2286.5075355963822,58.92951067026337,0.9999999999999932,True,False,0.9999999999999932
full,once,43,15000005,15,2286.5075355963822,3337.3490985860653,915.9373744307104,1.1472853847052815,True,False,1.1472853847052815
full,once,43,15000006,15,3337.3490985860653,3971.913728158619,458.55018171426593,1.3838499140928633,True,False,1.3838499140928633
full,once,43,15000007,15,3971.913728158619,4406.267336176789,186.90687789087698,2.323903822692719,False,True,2.323903822692719
full,once,43,16000004,16,2151.5745956006176,2638.015422384633,486.44082678401566,0.9999999999999994,True,False,0.9999999999999994
full,once,43,16000005,16,2638.015422384633,2670.101387358678,32.085964974046185,0.9999999999999648,True,False,0.9999999999999648
full,once,43,16000006,16,2670.101387358678,3661.3980480397936,372.6508694745985,2.660121689984911,False,False,2.660121689984911
full,once,43,16000007,16,3661.3980480397936,3776.3508690167932,114.952820977,0.9999999999999969,True,False,0.9999999999999969
full,once,43,16000008,16,3776.3508690167932,4020.1527293676104,243.80186035081854,0.9999999999999943,True,True,0.9999999999999943
full,once,43,17000007,17,2714.318022502684,2777.548073599408,58.92951067026337,1.0729777046770999,True,False,1.0729777046770999
full,once,43,17000008,17,2777.548073599408,2880.7883868698223,101.00752608339441,1.022105156651164,True,False,1.022105156651164
full,once,43,17000009,17,2880.7883868698223,3281.329746555333,400.5413596855101,1.000000000000001,True,False,1.000000000000001
full,once,43,17000010,17,3281.329746555333,3769.6895010937815,186.90687789087698,2.6128506347613962,False,False,2.6128506347613962
full,once,43,17000011,17,3769.6895010937815,3796.40675725904,26.717256165257165,1.0000000000000586,True,False,1.0000000000000586
full,once,43,17000012,17,3796.40675725904,3854.780775352474,58.057852632638046,1.005445696774151,True,False,1.005445696774151
full,once,43,17000013,17,3854.780775352474,4083.5235113195213,228.74273596704626,1.0000000000000047,True,True,1.0000000000000047
full,once,43,18000003,18,2039.901933114674,2719.4126014844064,186.90687789087698,3.6355573215794417,False,False,3.6355573215794417
full,once,43,18000004,18,2719.4126014844064,2963.2144618352236,243.80186035081854,0.9999999999999943,True,False,0.9999999999999943
full,once,43,18000005,18,2963.2144618352236,3053.699358740972,48.19209238871334,1.877588052743278,False,False,1.877588052743278
full,once,43,18000006,18,3053.699358740972,3134.249807985611,48.19209238871334,1.6714453606812878,False,False,1.6714453606812878
full,once,43,18000007,18,3134.249807985611,3220.5526233038113,72.35128428205302,1.192830454560543,True,False,1.192830454560543
full,once,43,18000008,18,3220.5526233038113,3247.26987946907,26.717256165257165,1.0000000000000586,True,False,1.0000000000000586
full,once,43,18000009,18,3247.26987946907,3273.9871356343288,26.717256165257165,1.0000000000000586,True,False,1.0000000000000586
full,once,43,18000010,18,3273.9871356343288,3374.9946617177234,101.00752608339441,1.0000000000000022,True,False,1.0000000000000022
full,once,43,18000011,18,3374.9946617177234,3886.8826705517895,186.90687789087698,2.7387328631797323,False,False,2.7387328631797323
full,once,43,18000012,18,3886.8826705517895,5135.347890000182,1130.6863062355314,1.10416586153324,True,True,1.10416586153324
full,once,43,19000005,19,2299.1320002873535,2331.2179652613986,32.085964974046185,0.9999999999999648,True,False,0.9999999999999648
full,once,43,19000006,19,2331.2179652613986,2559.960701228446,228.74273596704626,1.0000000000000047,True,False,1.0000000000000047
full,once,43,19000007,19,2559.960701228446,2654.832705298589,48.19209238871334,1.9686218084268616,False,False,1.9686218084268616
full,once,43,19000008,19,2654.832705298589,3055.3740649840997,400.5413596855101,1.000000000000001,True,False,1.000000000000001
full,once,43,19000009,19,3055.3740649840997,3088.259884318045,32.085964974046185,1.024928480740597,True,False,1.024928480740597
full,once,43,19000010,19,3088.259884318045,3156.7404354011283,48.19209238871334,1.4209914467030198,True,False,1.4209914467030198
full,once,43,19000011,19,3156.7404354011283,3248.261184620318,72.35128428205302,1.2649498917311115,True,False,1.2649498917311115
full,once,43,19000012,19,3248.261184620318,3834.8415412070253,372.6508694745985,1.5740748368941915,False,False,1.5740748368941915
full,once,43,19000013,19,3834.8415412070253,4772.046254337935,915.9373744307104,1.0232192061312249,True,True,1.0232192061312249
full,once,43,20000005,20,2070.9245621492128,2749.178936557681,283.5436075005082,2.39206371248293,False,False,2.39206371248293
full,once,43,20000006,20,2749.178936557681,3632.641008662141,186.90687789087698,4.726749930627256,False,False,4.726749930627256
full,once,43,20000007,20,3632.641008662141,3652.511165861674,15.979837567787547,1.2434517632136388,True,False,1.2434517632136388
full,once,43,20000008,20,3652.511165861674,4196.650403128201,458.55018171426593,1.1866514483372161,True,True,1.1866514483372161
full,once,43,21000010,21,2780.332483554127,2796.3123211219163,15.979837567787547,1.0000000000001046,True,False,1.0000000000001046
full,once,43,21000011,21,2796.3123211219163,2899.3570772483877,101.00752608339441,1.0201690915723942,True,False,1.0201690915723942
full,once,43,21000012,21,2899.3570772483877,2970.2609900161233,48.19209238871334,1.4712769098264225,True,False,1.4712769098264225
full,once,43,21000013,21,2970.2609900161233,3035.867097872917,58.057852632638046,1.1300126491401137,True,False,1.1300126491401137
full,once,43,21000014,21,3035.867097872917,3051.846935440706,15.979837567787547,1.0000000000001046,True,False,1.0000000000001046
full,once,43,21000015,21,3051.846935440706,3179.2558173145503,122.48236916054397,1.0402222193044188,True,False,1.0402222193044188
full,once,43,21000016,21,3179.2558173145503,3806.689723164094,186.90687789087698,3.3569332114993786,False,False,3.3569332114993786
full,once,43,21000017,21,3806.689723164094,3833.406979329353,26.717256165257165,1.0000000000000586,True,False,1.0000000000000586
full,once,43,21000018,21,3833.406979329353,4823.196081916221,744.1386016188327,1.3301139067824685,True,True,1.3301139067824685
full,once,43,22000006,22,2068.888238843511,2095.6054950087696,26.717256165257165,1.0000000000000586,True,False,1.0000000000000586
full,once,43,22000007,22,2095.6054950087696,2198.007571859762,101.00752608339441,1.0138064045489683,True,False,1.0138064045489683
full,once,43,22000008,22,2198.007571859762,2862.004162152588,229.85653940820262,2.888743526733575,False,False,2.888743526733575
full,once,43,22000009,22,2862.004162152588,2932.2113358308534,58.92951067026337,1.1913754735060604,True,False,1.1913754735060604
full,once,43,22000010,22,2932.2113358308534,2964.2973008048984,32.085964974046185,0.9999999999999648,True,False,0.9999999999999648
full,once,43,22000011,22,2964.2973008048984,3053.2489276251004,72.35128428205302,1.2294408828105166,True,False,1.2294408828105166
full,once,43,22000012,22,3053.2489276251004,3086.080393603548,32.085964974046185,1.0232344891295815,True,False,1.0232344891295815
full,once,43,22000013,22,3086.080393603548,3492.893296843714,400.5413596855101,1.0156576678113336,True,False,1.0156576678113336
full,once,43,22000014,22,3492.893296843714,3524.979261817759,32.085964974046185,0.9999999999999648,True,False,0.9999999999999648
full,once,43,22000015,22,3524.979261817759,3540.959099385548,15.979837567787547,1.0000000000001046,True,False,1.0000000000001046
full,once,43,22000016,22,3540.959099385548,4133.133556919009,283.5436075005082,2.088477545847685,False,True,2.088477545847685
full,once,43,23000005,23,2490.53989166022,2590.286668472455,58.92951067026337,1.692645597727128,False,False,1.692645597727128
full,once,43,23000006,23,2590.286668472455,3625.092133920338,458.55018171426593,2.2566896856944134,False,False,2.2566896856944134
full,once,43,23000007,23,3625.092133920338,4369.353392780943,744.1386016188327,1.000164831177291,True,True,1.000164831177291
full,once,43,24000009,24,2371.302683979524,3292.49144961858,458.55018171426593,2.0089159319384415,False,False,2.0089159319384415
full,once,43,24000010,24,3292.49144961858,3369.415843518655,72.35128428205302,1.0632070275379508,True,False,1.0632070275379508
full,once,43,24000011,24,3369.415843518655,3385.3956810864443,15.979837567787547,1.0000000000001046,True,False,1.0000000000001046
full,once,43,24000012,24,3385.3956810864443,3417.6307037435763,32.085964974046185,1.0046455727046524,True,False,1.0046455727046524
full,once,43,24000013,24,3417.6307037435763,3818.172063429087,400.5413596855101,1.000000000000001,True,False,1.000000000000001
full,once,43,24000014,24,3818.172063429087,3869.1389060805764,48.19209238871334,1.0575768788040012,True,False,1.0575768788040012
full,once,43,24000015,24,3869.1389060805764,3927.1967587132153,58.057852632638046,1.000000000000016,True,False,1.000000000000016
full,once,43,24000016,24,3927.1967587132153,3953.914014878474,26.717256165257165,1.0000000000000586,True,False,1.0000000000000586
full,once,43,24000017,24,3953.914014878474,4013.905859547216,58.92951067026337,1.0180271987056349,True,True,1.0180271987056349
full,once,43,25000008,25,2661.6846586035795,2890.427394570627,228.74273596704626,1.0000000000000047,True,False,1.0000000000000047
full,once,43,25000009,25,2890.427394570627,4229.445890390806,1130.6863062355314,1.184252863447389,True,True,1.184252863447389
full,once,43,26000006,26,2413.9245180889043,2528.877339065904,114.952820977,0.9999999999999969,True,False,0.9999999999999969
full,once,43,26000007,26,2528.877339065904,2729.729482403312,200.85214333740902,0.9999999999999952,True,False,0.9999999999999952
full,once,43,26000008,26,2729.729482403312,2745.709319971101,15.979837567787547,1.0000000000001046,True,False,1.0000000000001046
full,once,43,26000009,26,2745.709319971101,2811.7946278083546,48.19209238871334,1.37128944940209,True,False,1.37128944940209
full,once,43,26000010,26,2811.7946278083546,2936.78778908242,122.48236916054397,1.020499212504868,True,False,1.020499212504868
full,once,43,26000011,26,2936.78778908242,3037.795315165815,101.00752608339441,1.0000000000000022,True,False,1.0000000000000022
full,once,43,26000012,26,3037.795315165815,3266.538051132862,228.74273596704626,1.0000000000000047,True,False,1.0000000000000047
full,once,43,26000013,26,3266.538051132862,4259.681920668862,915.9373744307104,1.0842923296511147,True,True,1.0842923296511147
full,once,43,27000008,27,2027.174342774175,2059.2603077482213,32.085964974046185,1.0000000000000002,True,False,1.0000000000000002
full,once,43,27000009,27,2059.2603077482213,2150.853068788387,72.35128428205302,1.265945199854397,True,False,1.265945199854397
full,once,43,27000010,27,2150.853068788387,3045.8885920842285,229.85653940820262,3.8938875770088326,False,False,3.8938875770088326
full,once,43,27000011,27,3045.8885920842285,3828.0596280860013,283.5436075005082,2.7585564100589743,False,False,2.7585564100589743
full,once,43,27000012,27,3828.0596280860013,3844.968581789123,15.979837567787547,1.058143027511569,True,False,1.058143027511569
full,once,43,27000013,27,3844.968581789123,3894.6656336484775,48.19209238871334,1.0312283488025824,True,False,1.0312283488025824
full,once,43,27000014,27,3894.6656336484775,4017.1480028090227,122.48236916054397,1.00000000000001,True,True,1.00000000000001
full,once,43,28000011,28,2333.1151782902834,3292.733624057681,283.5436075005082,3.3843769366787,False,False,3.3843769366787
full,once,43,28000012,28,3292.733624057681,4316.1158259687945,915.9373744307104,1.1173058666234512,True,True,1.1173058666234512
full,once,43,29000008,29,2770.446837941534,3560.869868427766,186.90687789087698,4.228967063200905,False,False,4.228967063200905
full,once,43,29000009,29,3560.869868427766,3961.4112281132766,400.5413596855101,1.000000000000001,True,False,1.000000000000001
full,once,43,29000010,29,3961.4112281132766,4454.698422031313,283.5436075005082,1.7397225007696662,False,True,1.7397225007696662
full,once,43,30000013,30,3300.985851658348,3415.9386726353478,114.952820977,0.9999999999999969,True,False,0.9999999999999969
full,once,43,30000014,30,3415.9386726353478,4148.278508445988,565.9243027292647,1.294059704237491,True,True,1.294059704237491
full,once,43,31000012,31,2530.9626715424083,3554.9702219788987,915.9373744307104,1.1179886081981858,True,False,1.1179886081981858
full,once,43,31000013,31,3554.9702219788987,4025.2459073828763,283.5436075005082,1.6585656419820176,False,True,1.6585656419820176
full,once,7,5,0,2572.0036078118615,2604.0895727859065,32.085964974046185,0.9999999999999648,True,False,0.9999999999999648
full,once,7,6,0,2604.0895727859065,2713.368213339254,101.00752608339441,1.0818861206750499,True,False,1.0818861206750499
full,once,7,7,0,2713.368213339254,2747.1820526692927,32.085964974046185,1.0538514069123426,True,False,1.0538514069123426
full,once,7,8,0,2747.1820526692927,2851.6656850677696,101.00752608339441,1.0344143298016475,True,False,1.0344143298016475
full,once,7,9,0,2851.6656850677696,2943.633727955279,72.35128428205302,1.2711321409165703,True,False,1.2711321409165703
full,once,7,10,0,2943.633727955279,3015.985012237332,72.35128428205302,0.999999999999997,True,False,0.999999999999997
full,once,7,11,0,3015.985012237332,3634.118259443391,186.90687789087698,3.30717228911687,False,False,3.30717228911687
full,once,7,12,0,3634.118259443391,3660.8355156086495,26.717256165257165,1.0000000000000586,True,False,1.0000000000000586
full,once,7,13,0,3660.8355156086495,3676.8153531764387,15.979837567787547,1.0000000000001046,True,False,1.0000000000001046
full,once,7,14,0,3676.8153531764387,3929.8149150627314,243.80186035081854,1.0377261335177637,True,False,1.0377261335177637
full,once,7,15,0,3929.8149150627314,4005.7831310186552,72.35128428205302,1.049991257373824,True,True,1.049991257373824
full,once,7,1000008,1,2459.638146160414,3596.647023300963,1130.6863062355314,1.0055917993082164,True,False,1.0055917993082164
full,once,7,1000009,1,3596.647023300963,3840.4488836517803,243.80186035081854,0.9999999999999943,True,False,0.9999999999999943
full,once,7,1000010,1,3840.4488836517803,3856.4287212195695,15.979837567787547,1.0000000000001046,True,False,1.0000000000001046
full,once,7,1000011,1,3856.4287212195695,4260.435082219688,400.5413596855101,1.008650795306955,True,True,1.008650795306955
full,once,7,2000007,2,2396.9890427858436,2512.980463765031,114.952820977,1.0090350110015578,True,False,1.0090350110015578
full,once,7,2000008,2,2512.980463765031,2529.746855721364,15.979837567787547,1.0492216760783188,True,False,1.0492216760783188
full,once,7,2000009,2,2529.746855721364,2643.2187478782707,101.00752608339441,1.1234003698221575,True,False,1.1234003698221575
full,once,7,2000010,2,2643.2187478782707,2702.1482585485337,58.92951067026337,0.9999999999999932,True,False,0.9999999999999932
full,once,7,2000011,2,2702.1482585485337,2945.950118899351,243.80186035081854,0.9999999999999943,True,False,0.9999999999999943
full,once,7,2000012,2,2945.950118899351,3603.974605878174,229.85653940820262,2.8627616541735024,False,False,2.8627616541735024
full,once,7,2000013,2,3603.974605878174,3750.1569340215847,72.35128428205302,2.020452430029246,False,False,2.020452430029246
full,once,7,2000014,2,3750.1569340215847,3776.8741901868434,26.717256165257165,1.0000000000000586,True,False,1.0000000000000586
full,once,7,2000015,2,3776.8741901868434,3882.5388515388236,48.19209238871334,2.1925726009092514,False,False,2.1925726009092514
full,once,7,2000016,2,3882.5388515388236,3949.8676997772136,58.057852632638046,1.1596854720827234,True,False,1.1596854720827234
full,once,7,2000017,2,3949.8676997772136,3965.847537345003,15.979837567787547,1.0000000000001046,True,False,1.0000000000001046
full,once,7,2000018,2,3965.847537345003,5017.657623614641,915.9373744307104,1.1483427968242674,True,True,1.1483427968242674
full,once,7,3000006,3,2191.7444318939706,2249.8022845266096,58.057852632638046,1.000000000000016,True,False,1.000000000000016
full,once,7,3000007,3,2249.8022845266096,2307.8601371592486,58.057852632638046,1.000000000000016,True,False,1.000000000000016
full,once,7,3000008,3,2307.8601371592486,2445.9100139673337,122.48236916054397,1.1270999879757067,True,False,1.1270999879757067
full,once,7,3000009,3,2445.9100139673337,2512.053827222417,48.19209238871334,1.3725034539188086,True,False,1.3725034539188086
full,once,7,3000010,3,2512.053827222417,2628.2472497692133,101.00752608339441,1.150344207528298,True,False,1.150344207528298
full,once,7,3000011,3,2628.2472497692133,3359.015165375244,229.85653940820262,3.1792348283302863,False,False,3.1792348283302863
full,once,7,3000012,3,3359.015165375244,4310.089673598068,744.1386016188327,1.278087853732911,True,True,1.278087853732911
full,once,7,4000006,4,2009.6099035980724,2475.2194859717433,283.5436075005082,1.6421092560615618,False,False,1.6421092560615618
full,once,7,4000007,4,2475.2194859717433,2509.440509415701,32.085964974046185,1.0665418188805744,True,False,1.0665418188805744
full,once,7,4000008,4,2509.440509415701,2760.2257816642937,243.80186035081854,1.0286438006983434,True,False,1.0286438006983434
full,once,7,4000009,4,2760.2257816642937,2861.2333077476883,101.00752608339441,1.0000000000000022,True,False,1.0000000000000022
full,once,7,4000010,4,2861.2333077476883,2983.7156769082335,122.48236916054397,1.00000000000001,True,False,1.00000000000001
full,once,7,4000011,4,2983.7156769082335,3045.7211198525083,58.92951067026337,1.0521968066428151,True,False,1.0521968066428151
full,once,7,4000012,4,3045.7211198525083,3709.895465586001,283.5436075005082,2.3424063465521874,False,False,2.3424063465521874
full,once,7,4000013,4,3709.895465586001,3846.1156258943297,58.92951067026337,2.311577998170399,False,False,2.311577998170399
full,once,7,4000014,4,3846.1156258943297,3961.0684468713293,114.952820977,0.9999999999999969,True,False,0.9999999999999969
full,once,7,4000015,4,3961.0684468713293,4030.037685948177,58.057852632638046,1.1879398901170475,True,True,1.1879398901170475
full,once,7,5000009,5,2012.769487666047,2060.9615800547604,48.19209238871334,0.9999999999999983,True,False,0.9999999999999983
full,once,7,5000010,5,2060.9615800547604,2123.903588125775,58.92951067026337,1.0680897797234907,True,False,1.0680897797234907
full,once,7,5000011,5,2123.903588125775,2981.108366058838,229.85653940820262,3.7293034174274737,False,False,3.7293034174274737
full,once,7,5000012,5,2981.108366058838,3604.152257382876,283.5436075005082,2.197347691299729,False,False,2.197347691299729
full,once,7,5000013,5,3604.152257382876,4471.975144784596,458.55018171426593,1.8925363504544015,False,True,1.8925363504544015
full,once,7,6000005,6,2270.3893756483085,2471.2415189857165,200.85214333740902,0.9999999999999952,True,False,0.9999999999999952
full,once,7,6000006,6,2471.2415189857165,2553.159126012674,58.057852632638046,1.4109651547964097,True,False,1.4109651547964097
full,once,7,6000007,6,2553.159126012674,3363.225918211613,565.9243027292647,1.4314048509531339,True,False,1.4314048509531339
full,once,7,6000008,6,3363.225918211613,3431.6602120759703,58.92951067026337,1.1612907198106104,True,False,1.1612907198106104
full,once,7,6000009,6,3431.6602120759703,4375.653911908447,229.85653940820262,4.106882067671075,False,True,4.106882067671075
full,once,7,7000007,7,2215.410784052766,2923.9606677922366,229.85653940820262,3.0825743986389518,False,False,3.0825743986389518
full,once,7,7000008,7,2923.9606677922366,3038.913488769236,114.952820977,0.9999999999999969,True,False,0.9999999999999969
full,once,7,7000009,7,3038.913488769236,3782.6079504730724,458.55018171426593,1.6218387678390471,False,False,1.6218387678390471
full,once,7,7000010,7,3782.6079504730724,3814.6939154471174,32.085964974046185,0.9999999999999648,True,False,0.9999999999999648
full,once,7,7000011,7,3814.6939154471174,4301.595856080892,486.44082678401566,1.0009479341049714,True,True,1.0009479341049714
full,once,7,8000007,8,2400.907149089598,2432.907017762845,26.717256165257165,1.1977228677718506,True,False,1.1977228677718506
full,once,7,8000008,8,2432.907017762845,2465.7442424805013,32.085964974046185,1.0234139675779652,True,False,1.0234139675779652
full,once,7,8000009,8,2465.7442424805013,3346.1592222022123,283.5436075005082,3.105042598148269,False,False,3.105042598148269
full,once,7,8000010,8,3346.1592222022123,4229.257571909243,283.5436075005082,3.1145062923185383,False,True,3.1145062923185383
full,once,7,9000009,9,2362.6293465700437,3595.0052620953647,915.9373744307104,1.3454805425876295,True,False,1.3454805425876295
full,once,7,9000010,9,3595.0052620953647,3717.48763125591,122.48236916054397,1.00000000000001,True,False,1.00000000000001
full,once,7,9000011,9,3717.48763125591,3733.879144214874,15.979837567787547,1.025762176206747,True,False,1.025762176206747
full,once,7,9000012,9,3733.879144214874,3962.6218801819214,228.74273596704626,1.0000000000000047,True,False,1.0000000000000047
full,once,7,9000013,9,3962.6218801819214,4815.165281493501,565.9243027292647,1.5064619017067242,False,True,1.5064619017067242
full,once,7,10000005,10,2552.191585776548,2625.7962297991294,72.35128428205302,1.0173232549078508,True,False,1.0173232549078508
full,once,7,10000006,10,2625.7962297991294,3539.38002369147,283.5436075005082,3.2220221853906654,False,False,3.2220221853906654
full,once,7,10000007,10,3539.38002369147,3607.4347750266265,48.19209238871334,1.4121559775042092,True,False,1.4121559775042092
full,once,7,10000008,10,3607.4347750266265,4690.794424811729,744.1386016188327,1.4558573462367268,True,True,1.4558573462367268
full,once,7,11000012,11,2844.3872073548755,2902.4450599875145,58.057852632638046,1.000000000000016,True,False,1.000000000000016
full,once,7,11000013,11,2902.4450599875145,3570.5846019948717,372.6508694745985,1.7929370269533225,False,False,1.7929370269533225
full,once,7,11000014,11,3570.5846019948717,4489.941928598696,283.5436075005082,3.242384248081405,False,True,3.242384248081405
full,once,7,12000010,12,2287.334137251104,3153.79322628833,229.85653940820262,3.7695646652822865,False,False,3.7695646652822865
full,once,7,12000011,12,3153.79322628833,3268.7460472653297,114.952820977,0.9999999999999969,True,False,0.9999999999999969
full,once,7,12000012,12,3268.7460472653297,4091.063860224641,186.90687789087698,4.399612375096277,False,True,4.399612375096277
full,once,7,13000005,13,2507.1805569162216,2539.2665218902666,32.085964974046185,0.9999999999999648,True,False,0.9999999999999648
full,once,7,13000006,13,2539.2665218902666,3367.0823843945627,186.90687789087698,4.4290283581089245,False,False,4.4290283581089245
full,once,7,13000007,13,3367.0823843945627,3439.913127454202,72.35128428205302,1.006626817786911,True,False,1.006626817786911
full,once,7,13000008,13,3439.913127454202,3554.8659484312016,114.952820977,0.9999999999999969,True,False,0.9999999999999969
full,once,7,13000009,13,3554.8659484312016,4041.306775215217,486.44082678401566,0.9999999999999994,True,True,0.9999999999999994
full,once,7,14000009,14,2518.815373520688,3232.3076068791506,229.85653940820262,3.1040762868676564,False,False,3.1040762868676564
full,once,7,14000010,14,3232.3076068791506,3280.4996992678625,48.19209238871334,0.99999999999997,True,False,0.99999999999997
full,once,7,14000011,14,3280.4996992678625,3509.24243523491,228.74273596704626,1.0000000000000047,True,False,1.0000000000000047
full,once,7,14000012,14,3509.24243523491,4516.489413902395,744.1386016188327,1.353574423469331,True,True,1.353574423469331
full,once,7,15000006,15,2010.3878543771589,2026.3676919449463,15.979837567787547,0.9999999999999908,True,False,0.9999999999999908
full,once,7,15000007,15,2026.3676919449463,2711.1545745209237,458.55018171426593,1.4933739204200889,True,False,1.4933739204200889
full,once,7,15000008,15,2711.1545745209237,2752.513359451471,26.717256165257165,1.548017680959685,False,False,1.548017680959685
full,once,7,15000009,15,2752.513359451471,3605.1837446282675,565.9243027292647,1.5066862848346516,False,False,1.5066862848346516
full,once,7,15000010,15,3605.1837446282675,3712.875131543706,48.19209238871334,2.2346277486108934,False,False,2.2346277486108934
full,once,7,15000011,15,3712.875131543706,3861.041286023538,72.35128428205302,2.04787179592035,False,False,2.04787179592035
full,once,7,15000012,15,3861.041286023538,3962.995561665744,101.00752608339441,1.0093730595681556,True,False,1.0093730595681556
full,once,7,15000013,15,3962.995561665744,3989.7128178310027,26.717256165257165,1.0000000000000586,True,False,1.0000000000000586
full,once,7,15000014,15,3989.7128178310027,4021.7987828050477,32.085964974046185,0.9999999999999648,True,True,0.9999999999999648
full,once,7,16000011,16,2183.522935568734,2884.056332187564,283.5436075005082,2.4706372426949335,False,False,2.4706372426949335
full,once,7,16000012,16,2884.056332187564,2985.0638582709585,101.00752608339441,1.0000000000000022,True,False,1.0000000000000022
full,once,7,16000013,16,2985.0638582709585,3047.9729104068238,58.92951067026337,1.0675305364042342,True,False,1.0675305364042342
full,once,7,16000014,16,3047.9729104068238,3162.9257313838234,114.952820977,0.9999999999999969,True,False,0.9999999999999969
full,once,7,16000015,16,3162.9257313838234,3178.9055689516126,15.979837567787547,1.0000000000001046,True,False,1.0000000000001046
full,once,7,16000016,16,3178.9055689516126,3281.2187077240196,101.00752608339441,1.0129258951252271,True,False,1.0129258951252271
full,once,7,16000017,16,3281.2187077240196,3340.1482183942826,58.92951067026337,0.9999999999999932,True,False,0.9999999999999932
full,once,7,16000018,16,3340.1482183942826,4220.910151630891,186.90687789087698,4.712303491318437,False,True,4.712303491318437
full,once,7,17000007,17,2068.106943352672,2100.192908326717,32.085964974046185,0.9999999999999648,True,False,0.9999999999999648
full,once,7,17000008,17,2100.192908326717,2181.16305364005,72.35128428205302,1.1191251975249028,True,False,1.1191251975249028
full,once,7,17000009,17,2181.16305364005,3016.546108798892,283.5436075005082,2.9462242599045187,False,False,2.9462242599045187
full,once,7,17000010,17,3016.546108798892,3074.603961431531,58.057852632638046,1.000000000000016,True,False,1.000000000000016
full,once,7,17000011,17,3074.603961431531,3275.456104768939,200.85214333740902,0.9999999999999952,True,False,0.9999999999999952
full,once,7,17000012,17,3275.456104768939,3376.4636308523336,101.00752608339441,1.0000000000000022,True,False,1.0000000000000022
full,once,7,17000013,17,3376.4636308523336,3453.7334466936604,72.35128428205302,1.0679812612599866,True,False,1.0679812612599866
full,once,7,17000014,17,3453.7334466936604,3526.962711707132,72.35128428205302,1.0121349709287213,True,False,1.0121349709287213
full,once,7,17000015,17,3526.962711707132,3554.0467151643616,26.717256165257165,1.013726981906529,True,False,1.013726981906529
full,once,7,17000016,17,3554.0467151643616,4477.53684647876,229.85653940820262,4.017680478841503,False,True,4.017680478841503
full,once,7,18000011,18,2350.9231602402865,2406.3718772719826,48.19209238871334,1.1505770819090286,True,False,1.1505770819090286
full,once,7,18000012,18,2406.3718772719826,2433.963859939752,26.717256165257165,1.0327401323362648,True,False,1.0327401323362648
full,once,7,18000013,18,2433.963859939752,3249.98495529077,372.6508694745985,2.189773759287153,False,False,2.189773759287153
full,once,7,18000014,18,3249.98495529077,4081.330562909424,229.85653940820262,3.6168020703655763,False,True,3.6168020703655763
full,once,7,19000008,19,2104.854647437348,2772.758979436278,372.6508694745985,1.7923058463290593,False,False,1.7923058463290593
full,once,7,19000009,19,2772.758979436278,3390.0090672705714,283.5436075005082,2.176914137742242,False,False,2.176914137742242
full,once,7,19000010,19,3390.0090672705714,3633.8109276213886,243.80186035081854,0.9999999999999943,True,False,0.9999999999999943
full,once,7,19000011,19,3633.8109276213886,4708.586293402588,229.85653940820262,4.67585289741313,False,True,4.67585289741313
full,once,7,20000008,20,2098.3775005803222,2130.4634655543673,32.085964974046185,0.9999999999999648,True,False,0.9999999999999648
full,once,7,20000009,20,2130.4634655543673,2359.2062015214146,228.74273596704626,1.0000000000000047,True,False,1.0000000000000047
full,once,7,20000010,20,2359.2062015214146,2436.4764104609158,58.057852632638046,1.33091744588677,True,False,1.33091744588677
full,once,7,20000011,20,2436.4764104609158,2454.6945297298685,15.979837567787547,1.1400691146997093,True,False,1.1400691146997093
full,once,7,20000012,20,2454.6945297298685,2472.614580486704,15.979837567787547,1.1214163273448603,True,False,1.1214163273448603
full,once,7,20000013,20,2472.614580486704,2506.182903784212,32.085964974046185,1.0461995867869591,True,False,1.0461995867869591
full,once,7,20000014,20,2506.182903784212,2622.06941479951,101.00752608339441,1.1473057059096663,True,False,1.1473057059096663
full,once,7,20000015,20,2622.06941479951,2744.551783960055,122.48236916054397,1.00000000000001,True,False,1.00000000000001
full,once,7,20000016,20,2744.551783960055,2808.5927523933155,48.19209238871334,1.3288688093621521,True,False,1.3288688093621521
full,once,7,20000017,20,2808.5927523933155,2923.545573370315,114.952820977,0.9999999999999969,True,False,0.9999999999999969
full,once,7,20000018,20,2923.545573370315,4288.424555390083,1130.6863062355314,1.2071243584473481,True,True,1.2071243584473481
full,once,7,21000012,21,2920.3969654073544,3149.1397013744017,228.74273596704626,1.0000000000000047,True,False,1.0000000000000047
full,once,7,21000013,21,3149.1397013744017,3250.1472274577964,101.00752608339441,1.0000000000000022,True,False,1.0000000000000022
full,once,7,21000014,21,3250.1472274577964,3282.2331924318414,32.085964974046185,0.9999999999999648,True,False,0.9999999999999648
full,once,7,21000015,21,3282.2331924318414,4204.400044623291,229.85653940820262,4.011923500482935,False,True,4.011923500482935
full,once,7,22000007,22,2321.9094663215956,2353.9954312956406,32.085964974046185,0.9999999999999648,True,False,0.9999999999999648
full,once,7,22000008,22,2353.9954312956406,2855.2770626482734,486.44082678401566,1.0305089617307277,True,False,1.0305089617307277
full,once,7,22000009,22,2855.2770626482734,3720.3410987988595,186.90687789087698,4.62831569342056,False,False,4.62831569342056
full,once,7,22000010,22,3720.3410987988595,4503.880382855713,229.85653940820262,3.408818761798918,False,True,3.408818761798918
full,once,7,23000009,23,2343.0769024864017,2408.984983177691,58.057852632638046,1.135213889296315,True,False,1.135213889296315
full,once,7,23000010,23,2408.984983177691,2489.4444833162047,58.92951067026337,1.3653515738272481,True,False,1.3653515738272481
full,once,7,23000011,23,2489.4444833162047,3417.0128432898855,744.1386016188327,1.2464994531338742,True,False,1.2464994531338742
full,once,7,23000012,23,3417.0128432898855,3660.8147036407026,243.80186035081854,0.9999999999999943,True,False,0.9999999999999943
full,once,7,23000013,23,3660.8147036407026,4632.122435344481,372.6508694745985,2.606481860818487,False,True,2.606481860818487
full,once,7,24000004,24,2185.325043853607,2702.4558906689767,186.90687789087698,2.7667833985076222,False,False,2.7667833985076222
full,once,7,24000005,24,2702.4558906689767,3501.127290170338,458.55018171426593,1.7417317261015353,False,False,1.7417317261015353
full,once,7,24000006,24,3501.127290170338,3554.176195899175,48.19209238871334,1.100780296089851,True,False,1.100780296089851
full,once,7,24000007,24,3554.176195899175,3587.926861246756,32.085964974046185,1.0518825092180046,True,False,1.0518825092180046
full,once,7,24000008,24,3587.926861246756,3669.7639118659717,48.19209238871334,1.6981427151808473,False,False,1.6981427151808473
full,once,7,24000009,24,3669.7639118659717,3696.4811680312305,26.717256165257165,1.0000000000000586,True,False,1.0000000000000586
full,once,7,24000010,24,3696.4811680312305,3837.6685417390563,58.92951067026337,2.395868760862983,False,False,2.395868760862983
full,once,7,24000011,24,3837.6685417390563,3896.5456280317685,48.19209238871334,1.2217167459303198,True,False,1.2217167459303198
full,once,7,24000012,24,3896.5456280317685,4019.0279971923137,122.48236916054397,1.00000000000001,True,True,1.00000000000001
full,once,7,25000005,25,2076.5195461740336,2477.060905859544,400.5413596855101,1.000000000000001,True,False,1.000000000000001
full,once,7,25000006,25,2477.060905859544,3542.288671594516,915.9373744307104,1.1629919200502665,True,False,1.1629919200502665
full,once,7,25000007,25,3542.288671594516,3670.714636145263,122.48236916054397,1.048526130176436,True,False,1.048526130176436
full,once,7,25000008,25,3670.714636145263,3771.7221622286575,101.00752608339441,1.0000000000000022,True,False,1.0000000000000022
full,once,7,25000009,25,3771.7221622286575,4425.989421040071,186.90687789087698,3.500498570167109,False,True,3.500498570167109
full,once,7,26000003,26,2101.3926593293413,2164.47523867335,48.19209238871334,1.3089819556949258,True,False,1.3089819556949258
full,once,7,26000004,26,2164.47523867335,2279.4280596503495,114.952820977,0.9999999999999969,True,False,0.9999999999999969
full,once,7,26000005,26,2279.4280596503495,2295.4078972181387,15.979837567787547,1.0000000000001046,True,False,1.0000000000001046
full,once,7,26000006,26,2295.4078972181387,2696.1585777030887,400.5413596855101,1.0005225947193175,True,False,1.0005225947193175
full,once,7,26000007,26,2696.1585777030887,2751.0389651618702,48.19209238871334,1.1387840771909425,True,False,1.1387840771909425
full,once,7,26000008,26,2751.0389651618702,2824.5397065738157,58.92951067026337,1.2472654290855147,True,False,1.2472654290855147
full,once,7,26000009,26,2824.5397065738157,2921.9215892706084,72.35128428205302,1.345959282728981,True,False,1.345959282728981
full,once,7,26000010,26,2921.9215892706084,3022.929115354003,101.00752608339441,1.0000000000000022,True,False,1.0000000000000022
full,once,7,26000011,26,3022.929115354003,3080.986967986642,58.057852632638046,1.000000000000016,True,False,1.000000000000016
full,once,7,26000012,26,3080.986967986642,3113.072932960687,32.085964974046185,0.9999999999999648,True,False,0.9999999999999648
full,once,7,26000013,26,3113.072932960687,3129.0527705284762,15.979837567787547,1.0000000000001046,True,False,1.0000000000001046
full,once,7,26000014,26,3129.0527705284762,3155.770026693735,26.717256165257165,1.0000000000000586,True,False,1.0000000000000586
full,once,7,26000015,26,3155.770026693735,3171.749864261524,15.979837567787547,1.0000000000001046,True,False,1.0000000000001046
full,once,7,26000016,26,3171.749864261524,4488.640467255317,1130.6863062355314,1.1646825434529262,True,True,1.1646825434529262
full,once,7,27000005,27,2239.5840617301014,2928.3804441260404,283.5436075005082,2.429243206954346,False,False,2.429243206954346
full,once,7,27000006,27,2928.3804441260404,3522.623516400635,229.85653940820262,2.5852780773805923,False,False,2.5852780773805923
full,once,7,27000007,27,3522.623516400635,3549.716270828424,26.717256165257165,1.0140545219243131,True,False,1.0140545219243131
full,once,7,27000008,27,3549.716270828424,3585.3479446452257,32.085964974046185,1.1105065359768196,True,False,1.1105065359768196
full,once,7,27000009,27,3585.3479446452257,4865.2251823206025,1130.6863062355314,1.131947234716724,True,True,1.131947234716724
full,once,7,28000005,28,2295.3580676945803,2345.1806582771046,48.19209238871334,1.033833313993912,True,False,1.033833313993912
full,once,7,28000006,28,2345.1806582771046,2485.4462993677244,122.48236916054397,1.1451904633455148,True,False,1.1451904633455148
full,once,7,28000007,28,2485.4462993677244,2556.1300122431426,58.057852632638046,1.2174703277896015,True,False,1.2174703277896015
full,once,7,28000008,28,2556.1300122431426,2625.223954849408,58.92951067026337,1.1724845806522408,True,False,1.1724845806522408
full,once,7,28000009,28,2625.223954849408,2683.305168721506,58.057852632638046,1.0004023786344254,True,False,1.0004023786344254
full,once,7,28000010,28,2683.305168721506,2710.022424886765,26.717256165257165,1.0000000000000586,True,False,1.0000000000000586
full,once,7,28000011,28,2710.022424886765,2750.384618107107,32.085964974046185,1.2579392034177757,True,False,1.2579392034177757
full,once,7,28000012,28,2750.384618107107,2840.1459027611436,72.35128428205302,1.240631531903602,True,False,1.240631531903602
full,once,7,28000013,28,2840.1459027611436,2930.5790268708924,58.92951067026337,1.5345982527457613,False,False,1.5345982527457613
full,once,7,28000014,28,2930.5790268708924,3577.3699040212387,372.6508694745985,1.7356483779636915,False,False,1.7356483779636915
full,once,7,28000015,28,3577.3699040212387,4636.758822567799,458.55018171426593,2.310300945877047,False,True,2.310300945877047
full,once,7,29000003,29,2244.3393236390557,2292.5314160277676,48.19209238871334,0.99999999999997,True,False,0.99999999999997
full,once,7,29000004,29,2292.5314160277676,3147.2711796560043,372.6508694745985,2.293674411207833,False,False,2.293674411207833
full,once,7,29000005,29,3147.2711796560043,3880.8235350922128,458.55018171426593,1.5997210004232498,False,False,1.5997210004232498
full,once,7,29000006,29,3880.8235350922128,4003.305904252758,122.48236916054397,1.00000000000001,True,True,1.00000000000001
full,once,7,30000006,30,2330.536459284849,2404.1012097679795,72.35128428205302,1.016771868158509,True,False,1.016771868158509
full,once,7,30000007,30,2404.1012097679795,2528.0159763984834,101.00752608339441,1.226787462631217,True,False,1.226787462631217
full,once,7,30000008,30,2528.0159763984834,2625.85362298533,58.057852632638046,1.6851750822738074,False,False,1.6851750822738074
full,once,7,30000009,30,2625.85362298533,2864.1068106740786,228.74273596704626,1.0415770655251437,True,False,1.0415770655251437
full,once,7,30000010,30,2864.1068106740786,2954.1568245579892,58.92951067026337,1.5280970919270014,False,False,1.5280970919270014
full,once,7,30000011,30,2954.1568245579892,2986.2427895320343,32.085964974046185,0.9999999999999648,True,False,0.9999999999999648
full,once,7,30000012,30,2986.2427895320343,3623.8434565861817,229.85653940820262,2.77390701476555,False,False,2.77390701476555
full,once,7,30000013,30,3623.8434565861817,3702.2837529902126,58.057852632638046,1.3510712650769765,True,False,1.3510712650769765
full,once,7,30000014,30,3702.2837529902126,3856.8457210456595,48.19209238871334,3.207206004021637,False,False,3.207206004021637
full,once,7,30000015,30,3856.8457210456595,3957.853247129054,101.00752608339441,1.0000000000000022,True,False,1.0000000000000022
full,once,7,30000016,30,3957.853247129054,4042.063290833108,72.35128428205302,1.1639053064458535,True,True,1.1639053064458535
full,once,7,31000005,31,2344.976096612688,3475.662402848221,1130.6863062355314,1.0000000000000016,True,False,1.0000000000000016
full,once,7,31000006,31,3475.662402848221,3598.1447720087663,122.48236916054397,1.00000000000001,True,False,1.00000000000001
full,once,7,31000007,31,3598.1447720087663,3630.2307369828113,32.085964974046185,0.9999999999999648,True,False,0.9999999999999648
full,once,7,31000008,31,3630.2307369828113,3785.378520520608,72.35128428205302,2.1443680658517597,False,False,2.1443680658517597
full,once,7,31000009,31,3785.378520520608,4503.4032323096335,283.5436075005082,2.5323255146485306,False,True,2.5323255146485306
semi,baseline,19,9,0,2891.5543398305153,3350.1045215447803,458.55018171426593,0.9999999999999978,True,False,0.9999999999999978
semi,baseline,19,10,0,3350.1045215447803,4480.7908277803135,1130.6863062355314,1.0000000000000016,True,True,1.0000000000000016
semi,baseline,19,1000004,1,2008.354237483094,2494.7950642671094,486.44082678401566,0.9999999999999994,True,False,0.9999999999999994
semi,baseline,19,1000005,1,2494.7950642671094,2595.802590350504,101.00752608339441,1.0000000000000022,True,False,1.0000000000000022
semi,baseline,19,1000006,1,2595.802590350504,3083.0428654203465,486.44082678401566,1.0016434646144161,True,False,1.0016434646144161
semi,baseline,19,1000007,1,3083.0428654203465,3147.039441666201,48.19209238871334,1.3279476585009764,True,False,1.3279476585009764
semi,baseline,19,1000008,1,3147.039441666201,3270.212505699056,122.48236916054397,1.0056391371022988,True,False,1.0056391371022988
semi,baseline,19,1000009,1,3270.212505699056,4186.149880129765,915.9373744307104,0.9999999999999986,True,True,0.9999999999999986
semi,baseline,19,2000008,2,2178.02797427411,2300.510343434655,122.48236916054397,1.00000000000001,True,False,1.00000000000001
semi,baseline,19,2000009,2,2300.510343434655,2349.846768874992,32.085964974046185,1.5376325904564272,False,False,1.5376325904564272
semi,baseline,19,2000010,2,2349.846768874992,2410.0924537667347,58.057852632638046,1.0376836579359594,True,False,1.0376836579359594
semi,baseline,19,2000011,2,2410.0924537667347,2638.835189733782,228.74273596704626,1.0000000000000047,True,False,1.0000000000000047
semi,baseline,19,2000012,2,2638.835189733782,3097.385371448047,458.55018171426593,0.9999999999999978,True,False,0.9999999999999978
semi,baseline,19,2000013,2,3097.385371448047,4228.07167768358,1130.6863062355314,1.000000000000001,True,True,1.000000000000001
semi,baseline,19,3000006,3,2011.7745342413243,2295.318141741833,283.5436075005082,1.0000000000000024,True,False,1.0000000000000024
semi,baseline,19,3000007,3,2295.318141741833,2482.22501963271,186.90687789087698,0.9999999999999989,True,False,0.9999999999999989
semi,baseline,19,3000008,3,2482.22501963271,2968.6658464167253,486.44082678401566,0.9999999999999994,True,False,0.9999999999999994
semi,baseline,19,3000009,3,2968.6658464167253,2987.691388005985,15.979837567787547,1.1905966821347305,True,False,1.1905966821347305
semi,baseline,19,3000010,3,2987.691388005985,3102.6442089829848,114.952820977,0.9999999999999969,True,False,0.9999999999999969
semi,baseline,19,3000011,3,3102.6442089829848,3503.1855686684953,400.5413596855101,1.000000000000001,True,False,1.000000000000001
semi,baseline,19,3000012,3,3503.1855686684953,4069.1098713977603,565.9243027292647,1.0000000000000007,True,True,1.0000000000000007
semi,baseline,19,4000007,4,2009.6238667664798,2094.4334221128456,72.35128428205302,1.1721914294671776,True,False,1.1721914294671776
semi,baseline,19,4000008,4,2094.4334221128456,2839.443832164972,744.1386016188327,1.0011715672744257,True,False,1.0011715672744257
semi,baseline,19,4000009,4,2839.443832164972,2901.289780211157,58.057852632638046,1.0652469087604113,True,False,1.0652469087604113
semi,baseline,19,4000010,4,2901.289780211157,3301.8311398966675,400.5413596855101,1.000000000000001,True,False,1.000000000000001
semi,baseline,19,4000011,4,3301.8311398966675,3318.1484355855796,15.979837567787547,1.0211177441380732,True,False,1.0211177441380732
semi,baseline,19,4000012,4,3318.1484355855796,3548.8198497602693,228.74273596704626,1.00843164789251,True,False,1.00843164789251
semi,baseline,19,4000013,4,3548.8198497602693,3777.5625857273167,228.74273596704626,1.0000000000000047,True,False,1.0000000000000047
semi,baseline,19,4000014,4,3777.5625857273167,4908.2488919628495,1130.6863062355314,1.000000000000001,True,True,1.000000000000001
semi,baseline,19,5000006,5,2437.1455107981615,3567.8318170336943,1130.6863062355314,1.000000000000001,True,False,1.000000000000001
semi,baseline,19,5000007,5,3567.8318170336943,3754.738694924571,186.90687789087698,0.9999999999999989,True,False,0.9999999999999989
semi,baseline,19,5000008,5,3754.738694924571,4213.288876638836,458.55018171426593,0.9999999999999978,True,True,0.9999999999999978
semi,baseline,19,6000004,6,2157.273581081622,2192.3373849544023,15.979837567787547,2.194252834175392,False,False,2.194252834175392
semi,baseline,19,6000005,6,2192.3373849544023,2483.666087597709,283.5436075005082,1.0274564297584619,True,False,1.0274564297584619
semi,baseline,19,6000006,6,2483.666087597709,2547.3758370712735,58.92951067026337,1.0811179110250655,True,False,1.0811179110250655
semi,baseline,19,6000007,6,2547.3758370712735,2947.917196756784,400.5413596855101,1.000000000000001,True,False,1.000000000000001
semi,baseline,19,6000008,6,2947.917196756784,3177.7737361649874,229.85653940820262,1.0000000000000033,True,False,1.0000000000000033
semi,baseline,19,6000009,6,3177.7737361649874,3664.214562949003,486.44082678401566,0.9999999999999994,True,False,0.9999999999999994
semi,baseline,19,6000010,6,3664.214562949003,4150.655389733019,486.44082678401566,1.0000000000000004,True,True,1.0000000000000004
semi,baseline,19,7000007,7,2613.374218582667,3013.9155782681773,400.5413596855101,1.000000000000001,True,False,1.000000000000001
semi,baseline,19,7000008,7,3013.9155782681773,3758.054179887011,744.1386016188327,1.000000000000001,True,False,1.000000000000001
semi,baseline,19,7000009,7,3758.054179887011,3987.910719295214,229.85653940820262,1.0000000000000033,True,False,1.0000000000000033
semi,baseline,19,7000010,7,3987.910719295214,4045.968571927853,58.057852632638046,1.000000000000016,True,True,1.000000000000016
semi,baseline,19,8000008,8,2369.287077065527,3113.4256786843603,744.1386016188327,1.000000000000001,True,False,1.000000000000001
semi,baseline,19,8000009,8,3113.4256786843603,3342.1684146514076,228.74273596704626,1.0000000000000047,True,False,1.0000000000000047
semi,baseline,19,8000010,8,3342.1684146514076,3529.0752925422844,186.90687789087698,0.9999999999999989,True,False,0.9999999999999989
semi,baseline,19,8000011,8,3529.0752925422844,3560.198536911576,26.717256165257165,1.1649117026382336,True,False,1.1649117026382336
semi,baseline,19,8000012,8,3560.198536911576,4046.6393636955913,486.44082678401566,0.9999999999999994,True,True,0.9999999999999994
semi,baseline,19,9000006,9,2509.816477323834,2573.7902336957,58.92951067026337,1.0855979566812846,True,False,1.0855979566812846
semi,baseline,19,9000007,9,2573.7902336957,3707.3959956287,1130.6863062355314,1.002582020920717,True,False,1.002582020920717
semi,baseline,19,9000008,9,3707.3959956287,3731.479224571177,15.979837567787547,1.5071009852455857,False,False,1.5071009852455857
semi,baseline,19,9000009,9,3731.479224571177,3978.4037681898876,243.80186035081854,1.0128082831829042,True,False,1.0128082831829042
semi,baseline,19,9000010,9,3978.4037681898876,4544.3280709191495,565.9243027292647,0.999999999999995,True,True,0.999999999999995
semi,baseline,19,10000005,10,2027.2363411190443,2513.67716790306,486.44082678401566,0.9999999999999999,True,False,0.9999999999999999
semi,baseline,19,10000006,10,2513.67716790306,2742.419903870107,228.74273596704626,1.0000000000000047,True,False,1.0000000000000047
semi,baseline,19,10000007,10,2742.419903870107,3658.357278300816,915.9373744307104,0.999999999999998,True,False,0.999999999999998
semi,baseline,19,10000008,10,3658.357278300816,3708.093808667363,48.19209238871334,1.032047539363445,True,False,1.032047539363445
semi,baseline,19,10000009,10,3708.093808667363,4452.232410286197,744.1386016188327,1.000000000000001,True,True,1.000000000000001
semi,baseline,19,11000006,11,2856.68241365864,2898.0497482245155,26.717256165257165,1.548337685202457,False,False,1.548337685202457
semi,baseline,19,11000007,11,2898.0497482245155,3142.903312600424,243.80186035081854,1.0043137653813503,True,False,1.0043137653813503
semi,baseline,19,11000008,11,3142.903312600424,3243.910838683819,101.00752608339441,1.0000000000000022,True,False,1.0000000000000022
semi,baseline,19,11000009,11,3243.910838683819,3527.454446184328,283.5436075005082,1.000000000000003,True,False,1.000000000000003
semi,baseline,19,11000010,11,3527.454446184328,3586.363002095093,58.057852632638046,1.0146526824460773,True,False,1.0146526824460773
semi,baseline,19,11000011,11,3586.363002095093,3623.5889331263106,32.085964974046185,1.1601935943434736,True,False,1.1601935943434736
semi,baseline,19,11000012,11,3623.5889331263106,3852.331669093358,228.74273596704626,1.0000000000000047,True,False,1.0000000000000047
semi,baseline,19,11000013,11,3852.331669093358,4596.470270712191,744.1386016188327,1.000000000000001,True,True,1.000000000000001
semi,baseline,19,12000006,12,2462.818298222971,2563.8258243063656,101.00752608339441,1.0000000000000022,True,False,1.0000000000000022
semi,baseline,19,12000007,12,2563.8258243063656,3479.763198737074,915.9373744307104,0.999999999999998,True,False,0.999999999999998
semi,baseline,19,12000008,12,3479.763198737074,3763.3068062375833,283.5436075005082,1.000000000000003,True,False,1.000000000000003
semi,baseline,19,12000009,12,3763.3068062375833,3993.1633456457866,229.85653940820262,1.0000000000000033,True,False,1.0000000000000033
semi,baseline,19,12000010,12,3993.1633456457866,5123.84965188132,1130.6863062355314,1.0000000000000016,True,True,1.0000000000000016
semi,baseline,19,13000006,13,2247.007990339748,2530.5515978402573,283.5436075005082,1.000000000000003,True,False,1.000000000000003
semi,baseline,19,13000007,13,2530.5515978402573,2774.3534581910744,243.80186035081854,0.9999999999999943,True,False,0.9999999999999943
semi,baseline,19,13000008,13,2774.3534581910744,3340.2777609203395,565.9243027292647,1.0000000000000007,True,False,1.0000000000000007
semi,baseline,19,13000009,13,3340.2777609203395,3798.8279426346044,458.55018171426593,0.9999999999999978,True,False,0.9999999999999978
semi,baseline,19,13000010,13,3798.8279426346044,3999.6800859720124,200.85214333740902,0.9999999999999952,True,False,0.9999999999999952
semi,baseline,19,13000011,13,3999.6800859720124,4059.5363637413293,58.92951067026337,1.0157267061700066,True,True,1.0157267061700066
semi,baseline,19,14000006,14,2259.9911742341937,2718.5413559484587,458.55018171426593,0.9999999999999978,True,False,0.9999999999999978
semi,baseline,19,14000007,14,2718.5413559484587,3119.082715633969,400.5413596855101,1.000000000000001,True,False,1.000000000000001
semi,baseline,19,14000008,14,3119.082715633969,3863.2213172528027,744.1386016188327,1.000000000000001,True,False,1.000000000000001
semi,baseline,19,14000009,14,3863.2213172528027,4146.764924753311,283.5436075005082,1.0,True,True,1.0
semi,baseline,19,15000007,15,2449.6980759782537,2850.239435663764,400.5413596855101,1.000000000000001,True,False,1.000000000000001
semi,baseline,19,15000008,15,2850.239435663764,2910.277511057815,58.057852632638046,1.0341077506593748,True,False,1.0341077506593748
semi,baseline,19,15000009,15,2910.277511057815,3140.8104849439433,229.85653940820262,1.0029428550506643,True,False,1.0029428550506643
semi,baseline,19,15000010,15,3140.8104849439433,3884.9490865627768,744.1386016188327,1.000000000000001,True,False,1.000000000000001
semi,baseline,19,15000011,15,3884.9490865627768,4371.389913346794,486.44082678401566,1.000000000000003,True,True,1.000000000000003
semi,baseline,19,16000007,16,2597.698445433197,2712.6512664101965,114.952820977,0.9999999999999969,True,False,0.9999999999999969
semi,baseline,19,16000008,16,2712.6512664101965,2942.5078058184,229.85653940820262,1.0000000000000033,True,False,1.0000000000000033
semi,baseline,19,16000009,16,2942.5078058184,3171.2505417854472,228.74273596704626,1.0000000000000047,True,False,1.0000000000000047
semi,baseline,19,16000010,16,3171.2505417854472,3293.7329109459924,122.48236916054397,1.00000000000001,True,False,1.00000000000001
semi,baseline,19,16000011,16,3293.7329109459924,3752.2830926602574,458.55018171426593,0.9999999999999978,True,False,0.9999999999999978
semi,baseline,19,16000012,16,3752.2830926602574,4496.421694279091,744.1386016188327,1.000000000000001,True,True,1.000000000000001
semi,baseline,19,17000007,17,2295.2143659996623,2861.1386687289273,565.9243027292647,1.0000000000000007,True,False,1.0000000000000007
semi,baseline,19,17000008,17,2861.1386687289273,3777.0760431596364,915.9373744307104,0.9999999999999986,True,False,0.9999999999999986
semi,baseline,19,17000009,17,3777.0760431596364,3798.620765478676,15.979837567787547,1.3482441375042333,True,False,1.3482441375042333
semi,baseline,19,17000010,17,3798.620765478676,3882.5851188814354,72.35128428205302,1.1605095090701412,True,False,1.1605095090701412
semi,baseline,19,17000011,17,3882.5851188814354,4255.235988356034,372.6508694745985,1.0,True,True,1.0
semi,baseline,19,18000004,18,2078.8784655653544,2565.31929234937,486.44082678401566,0.9999999999999994,True,False,0.9999999999999994
semi,baseline,19,18000005,18,2565.31929234937,2634.9814957716703,58.92951067026337,1.1821276408027774,True,False,1.1821276408027774
semi,baseline,19,18000006,18,2634.9814957716703,2878.7833561224875,243.80186035081854,0.9999999999999943,True,False,0.9999999999999943
semi,baseline,19,18000007,18,2878.7833561224875,2913.514793962647,26.717256165257165,1.2999627516138477,True,False,1.2999627516138477
semi,baseline,19,18000008,18,2913.514793962647,3146.8319845777323,229.85653940820262,1.015055700463395,True,False,1.015055700463395
semi,baseline,19,18000009,18,3146.8319845777323,4277.518290813266,1130.6863062355314,1.0000000000000016,True,True,1.0000000000000016
semi,baseline,19,19000005,19,2437.139850769621,2895.6900324838857,458.55018171426593,0.9999999999999978,True,False,0.9999999999999978
semi,baseline,19,19000006,19,2895.6900324838857,2949.4445345508866,48.19209238871334,1.1154216262996348,True,False,1.1154216262996348
semi,baseline,19,19000007,19,2949.4445345508866,4080.13084078642,1130.6863062355314,1.0000000000000016,True,True,1.0000000000000016
semi,baseline,19,20000005,20,2151.0717708216916,2609.6219525359566,458.55018171426593,0.9999999999999978,True,False,0.9999999999999978
semi,baseline,19,20000006,20,2609.6219525359566,2810.4740958733646,200.85214333740902,0.9999999999999952,True,False,0.9999999999999952
semi,baseline,19,20000007,20,2810.4740958733646,2832.705989529585,15.979837567787547,1.3912465356366341,True,False,1.3912465356366341
semi,baseline,19,20000008,20,2832.705989529585,3061.4487254966325,228.74273596704626,1.0000000000000047,True,False,1.0000000000000047
semi,baseline,19,20000009,20,3061.4487254966325,3461.990085182143,400.5413596855101,1.000000000000001,True,False,1.000000000000001
semi,baseline,19,20000010,20,3461.990085182143,3948.4309119661584,486.44082678401566,0.9999999999999994,True,False,0.9999999999999994
semi,baseline,19,20000011,20,3948.4309119661584,5079.117218201692,1130.6863062355314,1.0000000000000016,True,True,1.0000000000000016
semi,baseline,19,21000003,21,2078.6306413991165,2162.4598555472458,72.35128428205302,1.1586416879806982,True,False,1.1586416879806982
semi,baseline,19,21000004,21,2162.4598555472458,2911.4153254394164,744.1386016188327,1.0064730794274872,True,False,1.0064730794274872
semi,baseline,19,21000005,21,2911.4153254394164,3033.8976945999616,122.48236916054397,1.00000000000001,True,False,1.00000000000001
semi,baseline,19,21000006,21,3033.8976945999616,4164.584000835494,1130.6863062355314,1.000000000000001,True,True,1.000000000000001
semi,baseline,19,22000007,22,2095.520143161555,2184.5610670950973,72.35128428205302,1.230675098819623,True,False,1.230675098819623
semi,baseline,19,22000008,22,2184.5610670950973,2229.434240427577,26.717256165257165,1.6795577006456386,False,False,1.6795577006456386
semi,baseline,19,22000009,22,2229.434240427577,2630.3290619506793,400.5413596855101,1.0008824602729405,True,False,1.0008824602729405
semi,baseline,19,22000010,22,2630.3290619506793,2860.1856013588826,229.85653940820262,1.0000000000000033,True,False,1.0000000000000033
semi,baseline,19,22000011,22,2860.1856013588826,3346.626428142898,486.44082678401566,0.9999999999999994,True,False,0.9999999999999994
semi,baseline,19,22000012,22,3346.626428142898,3547.478571480306,200.85214333740902,0.9999999999999952,True,False,0.9999999999999952
semi,baseline,19,22000013,22,3547.478571480306,4291.617173099139,744.1386016188327,1.0000000000000004,True,True,1.0000000000000004
semi,baseline,19,23000003,23,2819.945784482339,3735.8831589130477,915.9373744307104,0.999999999999998,True,False,0.999999999999998
semi,baseline,19,23000004,23,3735.8831589130477,3836.8906849964424,101.00752608339441,1.0000000000000022,True,False,1.0000000000000022
semi,baseline,19,23000005,23,3836.8906849964424,3894.9485376290813,58.057852632638046,1.000000000000016,True,False,1.000000000000016
semi,baseline,19,23000006,23,3894.9485376290813,5025.634843864615,1130.6863062355314,1.0000000000000016,True,True,1.0000000000000016
semi,baseline,19,24000006,24,2033.117541590256,2491.667723304521,458.55018171426593,0.9999999999999982,True,False,0.9999999999999982
semi,baseline,19,24000007,24,2491.667723304521,2606.620544281521,114.952820977,0.9999999999999969,True,False,0.9999999999999969
semi,baseline,19,24000008,24,2606.620544281521,2643.3179264689193,32.085964974046185,1.1437206958582173,True,False,1.1437206958582173
semi,baseline,19,24000009,24,2643.3179264689193,2876.213280802242,229.85653940820262,1.0132204849726876,True,False,1.0132204849726876
semi,baseline,19,24000010,24,2876.213280802242,3442.137583531507,565.9243027292647,1.0000000000000007,True,False,1.0000000000000007
semi,baseline,19,24000011,24,3442.137583531507,4186.27618515034,744.1386016188327,1.0000000000000004,True,True,1.0000000000000004
semi,baseline,19,25000009,25,2778.3719759115356,3522.510577530369,744.1386016188327,1.000000000000001,True,False,1.000000000000001
semi,baseline,19,25000010,25,3522.510577530369,3895.1614470049662,372.6508694745985,0.9999999999999963,True,False,0.9999999999999963
semi,baseline,19,25000011,25,3895.1614470049662,4295.702806690475,400.5413596855101,0.9999999999999966,True,True,0.9999999999999966
semi,baseline,19,26000008,26,2038.951050960867,2103.688327177735,48.19209238871334,1.3433173993505567,True,False,1.3433173993505567
semi,baseline,19,26000009,26,2103.688327177735,2353.5461015170727,243.80186035081854,1.024839490477246,True,False,1.024839490477246
semi,baseline,19,26000010,26,2353.5461015170727,3097.684703135906,744.1386016188327,1.000000000000001,True,False,1.000000000000001
semi,baseline,19,26000011,26,3097.684703135906,3162.9018471260865,32.085964974046185,2.032575428008273,False,False,2.032575428008273
semi,baseline,19,26000012,26,3162.9018471260865,3566.6490291830055,400.5413596855101,1.008003723695166,True,False,1.008003723695166
semi,baseline,19,26000013,26,3566.6490291830055,4482.5864036137145,915.9373744307104,0.9999999999999986,True,True,0.9999999999999986
semi,baseline,19,27000006,27,2422.0038115581183,2536.956632535118,114.952820977,0.9999999999999969,True,False,0.9999999999999969
semi,baseline,19,27000007,27,2536.956632535118,3667.642938770651,1130.6863062355314,1.0000000000000016,True,False,1.0000000000000016
semi,baseline,19,27000008,27,3667.642938770651,4126.193120484916,458.55018171426593,0.9999999999999978,True,True,0.9999999999999978
semi,baseline,19,28000006,28,2049.102069243165,2295.4476518100414,243.80186035081854,1.0104335636011874,True,False,1.0104335636011874
semi,baseline,19,28000007,28,2295.4476518100414,2334.463079565886,26.717256165257165,1.4603081811439802,True,False,1.4603081811439802
semi,baseline,19,28000008,28,2334.463079565886,2400.7203540235923,58.057852632638046,1.1412284721749935,True,False,1.1412284721749935
semi,baseline,19,28000009,28,2400.7203540235923,2482.675718012986,72.35128428205302,1.1327423528503024,True,False,1.1327423528503024
semi,baseline,19,28000010,28,2482.675718012986,2683.5278613503942,200.85214333740902,0.9999999999999952,True,False,0.9999999999999952
semi,baseline,19,28000011,28,2683.5278613503942,3169.9686881344096,486.44082678401566,0.9999999999999994,True,False,0.9999999999999994
semi,baseline,19,28000012,28,3169.9686881344096,3542.6195576090067,372.6508694745985,0.9999999999999963,True,False,0.9999999999999963
semi,baseline,19,28000013,28,3542.6195576090067,3574.705522583052,32.085964974046185,0.9999999999999648,True,False,0.9999999999999648
semi,baseline,19,28000014,28,3574.705522583052,4709.83823458846,1130.6863062355314,1.0039324839660264,True,True,1.0039324839660264
semi,baseline,19,29000008,29,2894.0354344475763,3352.5856161618412,458.55018171426593,0.9999999999999978,True,False,0.9999999999999978
semi,baseline,19,29000009,29,3352.5856161618412,3387.777885055024,32.085964974046185,1.0968119214008103,True,False,1.0968119214008103
semi,baseline,19,29000010,29,3387.777885055024,3788.3192447405345,400.5413596855101,1.000000000000001,True,False,1.000000000000001
semi,baseline,19,29000011,29,3788.3192447405345,4160.9701142151325,372.6508694745985,0.9999999999999988,True,True,0.9999999999999988
semi,baseline,19,30000004,30,2009.6029703565716,3140.289276592104,1130.6863062355314,1.000000000000001,True,False,1.000000000000001
semi,baseline,19,30000005,30,3140.289276592104,3255.242097569104,114.952820977,0.9999999999999969,True,False,0.9999999999999969
semi,baseline,19,30000006,30,3255.242097569104,3627.892967043701,372.6508694745985,0.9999999999999963,True,False,0.9999999999999963
semi,baseline,19,30000007,30,3627.892967043701,4372.0315686625345,744.1386016188327,1.000000000000001,True,True,1.000000000000001
semi,baseline,19,31000005,31,2025.3975740687363,2483.9477557830014,458.55018171426593,0.9999999999999982,True,False,0.9999999999999982
semi,baseline,19,31000006,31,2483.9477557830014,2505.2247319553517,15.979837567787547,1.3314888891762444,True,False,1.3314888891762444
semi,baseline,19,31000007,31,2505.2247319553517,3077.133503841182,565.9243027292647,1.0105746813269985,True,False,1.0105746813269985
semi,baseline,19,31000008,31,3077.133503841182,3139.1141076195436,58.057852632638046,1.0675662458710742,True,False,1.0675662458710742
semi,baseline,19,31000009,31,3139.1141076195436,3221.816468987154,72.35128428205302,1.143066943293019,True,False,1.143066943293019
semi,baseline,19,31000010,31,3221.816468987154,3336.769289964154,114.952820977,0.9999999999999969,True,False,0.9999999999999969
semi,baseline,19,31000011,31,3336.769289964154,4080.9078915829873,744.1386016188327,1.000000000000001,True,True,1.000000000000001
semi,baseline,43,2,0,2086.1255574972965,2187.51307634508,72.35128428205302,1.4013230014347262,True,False,1.4013230014347262
semi,baseline,43,3,0,2187.51307634508,2758.3297783535418,565.9243027292647,1.008644971165936,True,False,1.008644971165936
semi,baseline,43,4,0,2758.3297783535418,3502.4683799723753,744.1386016188327,1.000000000000001,True,False,1.000000000000001
semi,baseline,43,5,0,3502.4683799723753,3703.3205233097833,200.85214333740902,0.9999999999999952,True,False,0.9999999999999952
semi,baseline,43,6,0,3703.3205233097833,3947.1223836606005,243.80186035081854,0.9999999999999943,True,False,0.9999999999999943
semi,baseline,43,7,0,3947.1223836606005,4319.773253135199,372.6508694745985,1.000000000000001,True,True,1.000000000000001
semi,baseline,43,1000003,1,2007.9626826339863,2251.764542984804,243.80186035081854,0.9999999999999961,True,False,0.9999999999999961
semi,baseline,43,1000004,1,2251.764542984804,2323.886874073474,58.057852632638046,1.2422493739998448,True,False,1.2422493739998448
semi,baseline,43,1000005,1,2323.886874073474,2384.474998101501,32.085964974046185,1.8883061200445763,False,False,1.8883061200445763
semi,baseline,43,1000006,1,2384.474998101501,2616.187731854996,228.74273596704626,1.012984009192215,True,False,1.012984009192215
semi,baseline,43,1000007,1,2616.187731854996,3746.874038090529,1130.6863062355314,1.0000000000000016,True,False,1.0000000000000016
semi,baseline,43,1000008,1,3746.874038090529,3809.742313650506,58.92951067026337,1.0668385812967693,True,False,1.0668385812967693
semi,baseline,43,1000009,1,3809.742313650506,4725.679688081214,915.9373744307104,0.999999999999998,True,True,0.999999999999998
semi,baseline,43,2000009,2,2287.552538350683,2773.9933651346983,486.44082678401566,0.9999999999999994,True,False,0.9999999999999994
semi,baseline,43,2000010,2,2773.9933651346983,3689.930739565407,915.9373744307104,0.999999999999998,True,False,0.999999999999998
semi,baseline,43,2000011,2,3689.930739565407,3919.7872789736102,229.85653940820262,1.0000000000000033,True,False,1.0000000000000033
semi,baseline,43,2000012,2,3919.7872789736102,4663.925880592444,744.1386016188327,1.000000000000001,True,True,1.000000000000001
semi,baseline,43,3000004,3,2913.2255629498704,3399.666389733886,486.44082678401566,0.9999999999999994,True,False,0.9999999999999994
semi,baseline,43,3000005,3,3399.666389733886,4315.603764164594,915.9373744307104,0.999999999999998,True,True,0.999999999999998
semi,baseline,43,4000003,4,2108.823780075137,2227.691128217214,114.952820977,1.034053337115234,True,False,1.034053337115234
semi,baseline,43,4000004,4,2227.691128217214,2418.8108734126145,186.90687789087698,1.0225399265776778,True,False,1.0225399265776778
semi,baseline,43,4000005,4,2418.8108734126145,3162.949475031448,744.1386016188327,1.000000000000001,True,False,1.000000000000001
semi,baseline,43,4000006,4,3162.949475031448,3907.0880766502814,744.1386016188327,1.000000000000001,True,False,1.000000000000001
semi,baseline,43,4000007,4,3907.0880766502814,3923.613835972563,15.979837567787547,1.0341631604312616,True,False,1.0341631604312616
semi,baseline,43,4000008,4,3923.613835972563,3984.249605189817,58.057852632638046,1.0444025479365888,True,False,1.0444025479365888
semi,baseline,43,4000009,4,3984.249605189817,4106.731974350362,122.48236916054397,1.00000000000001,True,True,1.00000000000001
semi,baseline,43,5000006,5,2187.6048102546742,2278.130698785095,32.085964974046185,2.821354713926963,False,False,2.821354713926963
semi,baseline,43,5000007,5,2278.130698785095,2684.6262702218964,400.5413596855101,1.014865410543287,True,False,1.014865410543287
semi,baseline,43,5000008,5,2684.6262702218964,2744.6459917473912,58.057852632638046,1.0337916199772406,True,False,1.0337916199772406
semi,baseline,43,5000009,5,2744.6459917473912,2973.3887277144386,228.74273596704626,1.0000000000000047,True,False,1.0000000000000047
semi,baseline,43,5000010,5,2973.3887277144386,3373.930087399949,400.5413596855101,1.000000000000001,True,False,1.000000000000001
semi,baseline,43,5000011,5,3373.930087399949,4289.867461830658,915.9373744307104,0.999999999999998,True,True,0.999999999999998
semi,baseline,43,6000006,6,2164.1745702622247,2293.278618212362,122.48236916054397,1.0540623016600352,True,False,1.0540623016600352
semi,baseline,43,6000007,6,2293.278618212362,3209.2159926430704,915.9373744307104,0.999999999999998,True,False,0.999999999999998
semi,baseline,43,6000008,6,3209.2159926430704,3609.757352328581,400.5413596855101,1.000000000000001,True,False,1.000000000000001
semi,baseline,43,6000009,6,3609.757352328581,3682.1086366106338,72.35128428205302,0.999999999999997,True,False,0.999999999999997
semi,baseline,43,6000010,6,3682.1086366106338,4248.032939339898,565.9243027292647,0.999999999999999,True,True,0.999999999999999
semi,baseline,43,7000005,7,2648.874893708483,3214.799196437748,565.9243027292647,1.0000000000000007,True,False,1.0000000000000007
semi,baseline,43,7000006,7,3214.799196437748,3458.601056788565,243.80186035081854,0.9999999999999943,True,False,0.9999999999999943
semi,baseline,43,7000007,7,3458.601056788565,3659.453200125973,200.85214333740902,0.9999999999999952,True,False,0.9999999999999952
semi,baseline,43,7000008,7,3659.453200125973,4032.1040696005703,372.6508694745985,0.9999999999999963,True,True,0.9999999999999963
semi,baseline,43,8000007,8,2432.91388026786,2534.3814738867,101.00752608339441,1.0045547847104561,True,False,1.0045547847104561
semi,baseline,43,8000008,8,2534.3814738867,2649.3342948636996,114.952820977,0.9999999999999969,True,False,0.9999999999999969
semi,baseline,43,8000009,8,2649.3342948636996,2878.077030830747,228.74273596704626,1.0000000000000047,True,False,1.0000000000000047
semi,baseline,43,8000010,8,2878.077030830747,3622.2156324495804,744.1386016188327,1.000000000000001,True,False,1.000000000000001
semi,baseline,43,8000011,8,3622.2156324495804,4108.656459233596,486.44082678401566,1.0000000000000004,True,True,1.0000000000000004
semi,baseline,43,9000010,9,2065.2314501204232,2809.3700517392567,744.1386016188327,1.000000000000001,True,False,1.000000000000001
semi,baseline,43,9000011,9,2809.3700517392567,3038.112787706304,228.74273596704626,1.0000000000000047,True,False,1.0000000000000047
semi,baseline,43,9000012,9,3038.112787706304,3139.1203137896987,101.00752608339441,1.0000000000000022,True,False,1.0000000000000022
semi,baseline,43,9000013,9,3139.1203137896987,3367.863049756746,228.74273596704626,1.0000000000000047,True,False,1.0000000000000047
semi,baseline,43,9000014,9,3367.863049756746,3428.1615774461684,58.92951067026337,1.0232314336838677,True,False,1.0232314336838677
semi,baseline,43,9000015,9,3428.1615774461684,4348.273061505009,915.9373744307104,1.0045571998093474,True,True,1.0045571998093474
semi,baseline,43,10000005,10,2561.3264617668456,3477.263836197554,915.9373744307104,0.999999999999998,True,False,0.999999999999998
semi,baseline,43,10000006,10,3477.263836197554,3849.9147056721513,372.6508694745985,0.9999999999999963,True,False,0.9999999999999963
semi,baseline,43,10000007,10,3849.9147056721513,4765.85208010286,915.9373744307104,0.999999999999998,True,True,0.999999999999998
semi,baseline,43,11000006,11,2064.7839919572843,2143.8296309233056,72.35128428205302,1.0925257201775582,True,False,1.0925257201775582
semi,baseline,43,11000007,11,2143.8296309233056,2372.8511687446444,228.74273596704626,1.0012188446252244,True,False,1.0012188446252244
semi,baseline,43,11000008,11,2372.8511687446444,3288.788543175353,915.9373744307104,0.999999999999998,True,False,0.999999999999998
semi,baseline,43,11000009,11,3288.788543175353,3389.7960692587476,101.00752608339441,1.0000000000000022,True,False,1.0000000000000022
semi,baseline,43,11000010,11,3389.7960692587476,3633.5979296095647,243.80186035081854,0.9999999999999943,True,False,0.9999999999999943
semi,baseline,43,11000011,11,3633.5979296095647,4092.1481113238297,458.55018171426593,0.9999999999999978,True,True,0.9999999999999978
semi,baseline,43,12000008,12,2296.3223936622035,2668.9732631368006,372.6508694745985,0.9999999999999963,True,False,0.9999999999999963
semi,baseline,43,12000009,12,2668.9732631368006,2696.6155899208334,26.717256165257165,1.0346244619227989,True,False,1.0346244619227989
semi,baseline,43,12000010,12,2696.6155899208334,2982.1679748489273,283.5436075005082,1.0070845449322363,True,False,1.0070845449322363
semi,baseline,43,12000011,12,2982.1679748489273,3440.718156563192,458.55018171426593,0.9999999999999978,True,False,0.9999999999999978
semi,baseline,43,12000012,12,3440.718156563192,4184.856758182025,744.1386016188327,1.0000000000000004,True,True,1.0000000000000004
semi,baseline,43,13000005,13,2712.3974014257774,3278.3217041550424,565.9243027292647,1.0000000000000007,True,False,1.0000000000000007
semi,baseline,43,13000006,13,3278.3217041550424,4409.008010390576,1130.6863062355314,1.0000000000000016,True,True,1.0000000000000016
semi,baseline,43,14000002,14,2300.8610615677426,2423.343430728288,122.48236916054397,1.00000000000001,True,False,1.00000000000001
semi,baseline,43,14000003,14,2423.343430728288,3339.2808051589964,915.9373744307104,0.999999999999998,True,False,0.999999999999998
semi,baseline,43,14000004,14,3339.2808051589964,3825.7216319430117,486.44082678401566,0.9999999999999994,True,False,0.9999999999999994
semi,baseline,43,14000005,14,3825.7216319430117,4055.578171351215,229.85653940820262,1.0000000000000033,True,True,1.0000000000000033
semi,baseline,43,15000006,15,2148.3836500527113,3064.32102448342,915.9373744307104,0.999999999999998,True,False,0.999999999999998
semi,baseline,43,15000007,15,3064.32102448342,3464.8623841689305,400.5413596855101,1.000000000000001,True,False,1.000000000000001
semi,baseline,43,15000008,15,3464.8623841689305,4209.000985787764,744.1386016188327,1.000000000000001,True,True,1.000000000000001
semi,baseline,43,16000008,16,2411.8515159051767,2812.3928755906873,400.5413596855101,1.000000000000001,True,False,1.000000000000001
semi,baseline,43,16000009,16,2812.3928755906873,3556.5314772095207,744.1386016188327,1.000000000000001,True,False,1.000000000000001
semi,baseline,43,16000010,16,3556.5314772095207,4472.468851640229,915.9373744307104,0.999999999999998,True,True,0.999999999999998
semi,baseline,43,17000008,17,2287.296580570995,2355.8344249170063,48.19209238871334,1.4221802986512984,True,False,1.4221802986512984
semi,baseline,43,17000009,17,2355.8344249170063,2420.7643852520546,58.057852632638046,1.1183665497567323,True,False,1.1183665497567323
semi,baseline,43,17000010,17,2420.7643852520546,2908.9950518955966,486.44082678401566,1.0036794606064614,True,False,1.0036794606064614
semi,baseline,43,17000011,17,2908.9950518955966,3474.9193546248616,565.9243027292647,1.0000000000000007,True,False,1.0000000000000007
semi,baseline,43,17000012,17,3474.9193546248616,4390.85672905557,915.9373744307104,0.999999999999998,True,True,0.999999999999998
semi,baseline,43,18000005,18,2208.4278772785433,2694.8687040625587,486.44082678401566,0.9999999999999994,True,False,0.9999999999999994
semi,baseline,43,18000006,18,2694.8687040625587,2938.670564413376,243.80186035081854,0.9999999999999943,True,False,0.9999999999999943
semi,baseline,43,18000007,18,2938.670564413376,3012.1527796674422,72.35128428205302,1.0156311112267837,True,False,1.0156311112267837
semi,baseline,43,18000008,18,3012.1527796674422,3134.6351488279875,122.48236916054397,1.00000000000001,True,False,1.00000000000001
semi,baseline,43,18000009,18,3134.6351488279875,3878.773750446821,744.1386016188327,1.000000000000001,True,False,1.000000000000001
semi,baseline,43,18000010,18,3878.773750446821,3979.7812765302156,101.00752608339441,1.0000000000000022,True,False,1.0000000000000022
semi,baseline,43,18000011,18,3979.7812765302156,4723.919878149049,744.1386016188327,1.0000000000000004,True,True,1.0000000000000004
semi,baseline,43,19000007,19,2321.2824380487023,2807.7232648327176,486.44082678401566,0.9999999999999994,True,False,0.9999999999999994
semi,baseline,43,19000008,19,2807.7232648327176,3723.6606392634267,915.9373744307104,0.9999999999999986,True,False,0.9999999999999986
semi,baseline,43,19000009,19,3723.6606392634267,3967.462499614244,243.80186035081854,0.9999999999999943,True,False,0.9999999999999943
semi,baseline,43,19000010,19,3967.462499614244,3999.1619056286327,26.717256165257165,1.1864768529490843,True,False,1.1864768529490843
semi,baseline,43,19000011,19,3999.1619056286327,4186.143967197095,186.90687789087698,1.0004022520649507,True,True,1.0004022520649507
semi,baseline,43,20000005,20,2659.254748028342,3403.3933496471755,744.1386016188327,1.000000000000001,True,False,1.000000000000001
semi,baseline,43,20000006,20,3403.3933496471755,3525.8757188077207,122.48236916054397,1.00000000000001,True,False,1.00000000000001
semi,baseline,43,20000007,20,3525.8757188077207,4656.562025043254,1130.6863062355314,1.0000000000000016,True,True,1.0000000000000016
semi,baseline,43,21000009,21,2016.2785848243936,2760.417186443227,744.1386016188327,1.0000000000000007,True,False,1.0000000000000007
semi,baseline,43,21000010,21,2760.417186443227,3043.960793943736,283.5436075005082,1.000000000000003,True,False,1.000000000000003
semi,baseline,43,21000011,21,3043.960793943736,3502.510975658001,458.55018171426593,0.9999999999999978,True,False,0.9999999999999978
semi,baseline,43,21000012,21,3502.510975658001,4633.197281893534,1130.6863062355314,1.000000000000001,True,True,1.000000000000001
semi,baseline,43,22000005,22,2141.9706148750265,2258.3585480029815,58.92951067026337,1.975036476701747,False,False,1.975036476701747
semi,baseline,43,22000006,22,2258.3585480029815,2362.350614398396,101.00752608339441,1.0295477023123596,True,False,1.0295477023123596
semi,baseline,43,22000007,22,2362.350614398396,2430.816472133803,48.19209238871334,1.420686555444974,True,False,1.420686555444974
semi,baseline,43,22000008,22,2430.816472133803,2670.0732706233002,229.85653940820262,1.0408962003234576,True,False,1.0408962003234576
semi,baseline,43,22000009,22,2670.0732706233002,2728.131123255939,58.057852632638046,1.000000000000016,True,False,1.000000000000016
semi,baseline,43,22000010,22,2728.131123255939,3474.7988472490806,744.1386016188327,1.0033987248730367,True,False,1.0033987248730367
semi,baseline,43,22000011,22,3474.7988472490806,3875.340206934591,400.5413596855101,1.000000000000001,True,False,1.000000000000001
semi,baseline,43,22000012,22,3875.340206934591,4104.0829429016385,228.74273596704626,1.0000000000000047,True,True,1.0000000000000047
semi,baseline,43,23000006,23,3066.163933602542,3524.714115316807,458.55018171426593,0.9999999999999978,True,False,0.9999999999999978
semi,baseline,43,23000007,23,3524.714115316807,4011.154942100822,486.44082678401566,0.9999999999999994,True,True,0.9999999999999994
semi,baseline,43,24000007,24,2165.2111217616593,2275.6366852100127,58.92951067026337,1.8738584826579194,False,False,1.8738584826579194
semi,baseline,43,24000008,24,2275.6366852100127,2562.6108415476374,283.5436075005082,1.0120988403419051,True,False,1.0120988403419051
semi,baseline,43,24000009,24,2562.6108415476374,2963.152201233148,400.5413596855101,1.000000000000001,True,False,1.000000000000001
semi,baseline,43,24000010,24,2963.152201233148,3707.2908028519814,744.1386016188327,1.000000000000001,True,False,1.000000000000001
semi,baseline,43,24000011,24,3707.2908028519814,4623.22817728269,915.9373744307104,0.999999999999998,True,True,0.999999999999998
semi,baseline,43,25000003,25,2009.0780257834617,2381.728895258059,372.6508694745985,0.9999999999999963,True,False,0.9999999999999963
semi,baseline,43,25000004,25,2381.728895258059,2610.471631225106,228.74273596704626,1.0000000000000047,True,False,1.0000000000000047
semi,baseline,43,25000005,25,2610.471631225106,3741.157937460639,1130.6863062355314,1.000000000000001,True,False,1.000000000000001
semi,baseline,43,25000006,25,3741.157937460639,4657.095311891348,915.9373744307104,0.999999999999998,True,True,0.999999999999998
semi,baseline,43,26000005,26,2101.6787541456874,2331.535293553891,229.85653940820262,1.0000000000000033,True,False,1.0000000000000033
semi,baseline,43,26000006,26,2331.535293553891,2454.017662714436,122.48236916054397,1.00000000000001,True,False,1.00000000000001
semi,baseline,43,26000007,26,2454.017662714436,2475.5797901375618,15.979837567787547,1.3493333290565523,True,False,1.3493333290565523
semi,baseline,43,26000008,26,2475.5797901375618,2704.322526104609,228.74273596704626,1.0000000000000047,True,False,1.0000000000000047
semi,baseline,43,26000009,26,2704.322526104609,2987.866133605118,283.5436075005082,1.000000000000003,True,False,1.000000000000003
semi,baseline,43,26000010,26,2987.866133605118,3088.873659688513,101.00752608339441,1.0000000000000022,True,False,1.0000000000000022
semi,baseline,43,26000011,26,3088.873659688513,3833.0122613073463,744.1386016188327,1.000000000000001,True,False,1.000000000000001
semi,baseline,43,26000012,26,3833.0122613073463,4748.949635738055,915.9373744307104,0.999999999999998,True,True,0.999999999999998
semi,baseline,43,27000002,27,2086.117165163312,2183.492309133166,72.35128428205302,1.3458661437196937,True,False,1.3458661437196937
semi,baseline,43,27000003,27,2183.492309133166,2430.324309852047,243.80186035081854,1.0124287007642276,True,False,1.0124287007642276
semi,baseline,43,27000004,27,2430.324309852047,3561.0106160875803,1130.6863062355314,1.0000000000000016,True,False,1.0000000000000016
semi,baseline,43,27000005,27,3561.0106160875803,3789.7533520546276,228.74273596704626,1.0000000000000047,True,False,1.0000000000000047
semi,baseline,43,27000006,27,3789.7533520546276,3854.1088011115316,32.085964974046185,2.0057196069670997,False,False,2.0057196069670997
semi,baseline,43,27000007,27,3854.1088011115316,4604.512230839078,744.1386016188327,1.0084188995102326,True,True,1.0084188995102326
semi,baseline,43,28000004,28,2007.3037089767422,3137.9900152122755,1130.6863062355314,1.0000000000000016,True,False,1.0000000000000016
semi,baseline,43,28000005,28,3137.9900152122755,3882.128616831109,744.1386016188327,1.000000000000001,True,False,1.000000000000001
semi,baseline,43,28000006,28,3882.128616831109,4082.980760168517,200.85214333740902,0.9999999999999952,True,True,0.9999999999999952
semi,baseline,43,29000006,29,2433.87598699284,2834.4173466783504,400.5413596855101,1.000000000000001,True,False,1.000000000000001
semi,baseline,43,29000007,29,2834.4173466783504,3400.3416494076155,565.9243027292647,1.0000000000000007,True,False,1.0000000000000007
semi,baseline,43,29000008,29,3400.3416494076155,3601.1937927450235,200.85214333740902,0.9999999999999952,True,False,0.9999999999999952
semi,baseline,43,29000009,29,3601.1937927450235,3624.7210635201072,15.979837567787547,1.472309757547875,True,False,1.472309757547875
semi,baseline,43,29000010,29,3624.7210635201072,3657.138886048278,26.717256165257165,1.2133664597761553,True,False,1.2133664597761553
semi,baseline,43,29000011,29,3657.138886048278,3779.717911626493,122.48236916054397,1.0007891455589355,True,False,1.0007891455589355
semi,baseline,43,29000012,29,3779.717911626493,3854.660365539379,58.92951067026337,1.2717304634043618,True,False,1.2717304634043618
semi,baseline,43,29000013,29,3854.660365539379,4773.45005699568,915.9373744307104,1.0031140961218699,True,True,1.0031140961218699
semi,baseline,43,30000003,30,2394.565676654981,2474.2808502156704,58.92951067026337,1.3527207786728628,True,False,1.3527207786728628
semi,baseline,43,30000004,30,2474.2808502156704,2703.0235861827177,228.74273596704626,1.0000000000000047,True,False,1.0000000000000047
semi,baseline,43,30000005,30,2703.0235861827177,3161.5737678969826,458.55018171426593,0.9999999999999978,True,False,0.9999999999999978
semi,baseline,43,30000006,30,3161.5737678969826,3391.430307305186,229.85653940820262,1.0000000000000033,True,False,1.0000000000000033
semi,baseline,43,30000007,30,3391.430307305186,3445.37064864804,48.19209238871334,1.1192778455804697,True,False,1.1192778455804697
semi,baseline,43,30000008,30,3445.37064864804,3479.56825119878,26.717256165257165,1.2799818341828961,True,False,1.2799818341828961
semi,baseline,43,30000009,30,3479.56825119878,3708.3109871658276,228.74273596704626,1.0000000000000047,True,False,1.0000000000000047
semi,baseline,43,30000010,30,3708.3109871658276,3991.8545946663367,283.5436075005082,1.000000000000003,True,False,1.000000000000003
semi,baseline,43,30000011,30,3991.8545946663367,4907.791969097046,915.9373744307104,0.9999999999999986,True,True,0.9999999999999986
semi,baseline,43,31000005,31,2453.1147831987223,2853.656142884233,400.5413596855101,1.000000000000001,True,False,1.000000000000001
semi,baseline,43,31000006,31,2853.656142884233,3597.7947445030663,744.1386016188327,1.000000000000001,True,False,1.000000000000001
semi,baseline,43,31000007,31,3597.7947445030663,4056.3449262173312,458.55018171426593,0.9999999999999978,True,True,0.9999999999999978
semi,baseline,7,6,0,2919.5995048563254,3320.140864541836,400.5413596855101,1.000000000000001,True,False,1.000000000000001
semi,baseline,7,7,0,3320.140864541836,3339.8362531925404,15.979837567787547,1.23251494686071,True,False,1.23251494686071
semi,baseline,7,8,0,3339.8362531925404,3826.3248120725743,486.44082678401566,1.0000981251847914,True,False,1.0000981251847914
semi,baseline,7,9,0,3826.3248120725743,4226.8661717580835,400.5413596855101,0.9999999999999978,True,True,0.9999999999999978
semi,baseline,7,1000004,1,2041.2966114475812,2441.8379711330917,400.5413596855101,1.000000000000001,True,False,1.000000000000001
semi,baseline,7,1000005,1,2441.8379711330917,2900.3881528473567,458.55018171426593,0.9999999999999978,True,False,0.9999999999999978
semi,baseline,7,1000006,1,2900.3881528473567,2960.362492804036,58.057852632638046,1.0330099588107007,True,False,1.0330099588107007
semi,baseline,7,1000007,1,2960.362492804036,3876.299867234745,915.9373744307104,0.9999999999999986,True,False,0.9999999999999986
semi,baseline,7,1000008,1,3876.299867234745,3935.5184909933055,58.92951067026337,1.0049060833020482,True,False,1.0049060833020482
semi,baseline,7,1000009,1,3935.5184909933055,4164.261226960352,228.74273596704626,1.0000000000000027,True,True,1.0000000000000027
semi,baseline,7,2000008,2,2042.3391775895846,2271.0819135566317,228.74273596704626,1.0000000000000038,True,False,1.0000000000000038
semi,baseline,7,2000009,2,2271.0819135566317,3401.768219792165,1130.6863062355314,1.0000000000000016,True,False,1.0000000000000016
semi,baseline,7,2000010,2,3401.768219792165,3502.7757458755596,101.00752608339441,1.0000000000000022,True,False,1.0000000000000022
semi,baseline,7,2000011,2,3502.7757458755596,4246.914347494393,744.1386016188327,1.000000000000001,True,True,1.000000000000001
semi,baseline,7,3000005,3,2064.7325502127715,2551.173376996787,486.44082678401566,0.9999999999999994,True,False,0.9999999999999994
semi,baseline,7,3000006,3,2551.173376996787,2589.279844197075,26.717256165257165,1.4262867026682673,True,False,1.4262867026682673
semi,baseline,7,3000007,3,2589.279844197075,3075.7206709810903,486.44082678401566,0.9999999999999994,True,False,0.9999999999999994
semi,baseline,7,3000008,3,3075.7206709810903,3991.6580454117993,915.9373744307104,0.9999999999999986,True,False,0.9999999999999986
semi,baseline,7,3000009,3,3991.6580454117993,4220.400781378847,228.74273596704626,1.0000000000000047,True,True,1.0000000000000047
semi,baseline,7,4000005,4,2017.8779343107906,2204.7848122016676,186.90687789087698,1.0000000000000002,True,False,1.0000000000000002
semi,baseline,7,4000006,4,2204.7848122016676,2488.3284197021767,283.5436075005082,1.000000000000003,True,False,1.000000000000003
semi,baseline,7,4000007,4,2488.3284197021767,2689.1805630395847,200.85214333740902,0.9999999999999952,True,False,0.9999999999999952
semi,baseline,7,4000008,4,2689.1805630395847,2790.1880891229794,101.00752608339441,1.0000000000000022,True,False,1.0000000000000022
semi,baseline,7,4000009,4,2790.1880891229794,3920.8743953585126,1130.6863062355314,1.0000000000000016,True,False,1.0000000000000016
semi,baseline,7,4000010,4,3920.8743953585126,4407.315222142531,486.44082678401566,1.000000000000005,True,True,1.000000000000005
semi,baseline,7,5000008,5,2304.8389229097147,3435.525229145248,1130.6863062355314,1.0000000000000016,True,False,1.0000000000000016
semi,baseline,7,5000009,5,3435.525229145248,4351.462603575957,915.9373744307104,0.999999999999998,True,True,0.999999999999998
semi,baseline,7,6000006,6,2051.457033244873,2116.7691214258866,58.92951067026337,1.1083086799492303,True,False,1.1083086799492303
semi,baseline,7,6000007,6,2116.7691214258866,2492.433440738576,372.6508694745985,1.0080865230298253,True,False,1.0080865230298253
semi,baseline,7,6000008,6,2492.433440738576,2679.3403186294527,186.90687789087698,0.9999999999999989,True,False,0.9999999999999989
semi,baseline,7,6000009,6,2679.3403186294527,2962.8839261299618,283.5436075005082,1.000000000000003,True,False,1.000000000000003
semi,baseline,7,6000010,6,2962.8839261299618,3363.4252858154723,400.5413596855101,1.000000000000001,True,False,1.000000000000001
semi,baseline,7,6000011,6,3363.4252858154723,4494.111592051006,1130.6863062355314,1.0000000000000016,True,True,1.0000000000000016
semi,baseline,7,7000009,7,2223.617452698495,3354.3037589340283,1130.6863062355314,1.0000000000000016,True,False,1.0000000000000016
semi,baseline,7,7000010,7,3354.3037589340283,3555.1559022714364,200.85214333740902,0.9999999999999952,True,False,0.9999999999999952
semi,baseline,7,7000011,7,3555.1559022714364,3838.6995097719455,283.5436075005082,1.000000000000003,True,False,1.000000000000003
semi,baseline,7,7000012,7,3838.6995097719455,4582.838111390779,744.1386016188327,1.000000000000001,True,True,1.000000000000001
semi,baseline,7,8000007,8,2753.718154723837,2868.6709757008366,114.952820977,0.9999999999999969,True,False,0.9999999999999969
semi,baseline,7,8000008,8,2868.6709757008366,3097.413711667884,228.74273596704626,1.0000000000000047,True,False,1.0000000000000047
semi,baseline,7,8000009,8,3097.413711667884,3298.265855005292,200.85214333740902,0.9999999999999952,True,False,0.9999999999999952
semi,baseline,7,8000010,8,3298.265855005292,3581.809462505801,283.5436075005082,1.000000000000003,True,False,1.000000000000003
semi,baseline,7,8000011,8,3581.809462505801,3619.7993435042968,26.717256165257165,1.4219229985112505,True,False,1.4219229985112505
semi,baseline,7,8000012,8,3619.7993435042968,4022.0229188253998,400.5413596855101,1.0041998550085158,True,True,1.0041998550085158
semi,baseline,7,9000004,9,2094.6624809763457,2164.5483572657304,58.92951067026337,1.1859232410808058,True,False,1.1859232410808058
semi,baseline,7,9000005,9,2164.5483572657304,2730.4726599949954,565.9243027292647,1.0000000000000007,True,False,1.0000000000000007
semi,baseline,7,9000006,9,2730.4726599949954,2960.329199403199,229.85653940820262,1.0000000000000033,True,False,1.0000000000000033
semi,baseline,7,9000007,9,2960.329199403199,3037.326523139756,48.19209238871334,1.5977169680764878,False,False,1.5977169680764878
semi,baseline,7,9000008,9,3037.326523139756,3959.195605016016,915.9373744307104,1.0064761059119753,True,False,1.0064761059119753
semi,baseline,7,9000009,9,3959.195605016016,4202.997465366833,243.80186035081854,0.9999999999999943,True,True,0.9999999999999943
semi,baseline,7,10000011,10,2623.8534421729664,2746.3358113335116,122.48236916054397,1.00000000000001,True,False,1.00000000000001
semi,baseline,7,10000012,10,2746.3358113335116,3877.022117569045,1130.6863062355314,1.0000000000000016,True,False,1.0000000000000016
semi,baseline,7,10000013,10,3877.022117569045,4363.462944353062,486.44082678401566,1.000000000000003,True,True,1.000000000000003
semi,baseline,7,11000006,11,2021.9573147725905,2143.0859501209998,114.952820977,1.053724774380656,True,False,1.053724774380656
semi,baseline,7,11000007,11,2143.0859501209998,2887.2245517398333,744.1386016188327,1.000000000000001,True,False,1.000000000000001
semi,baseline,7,11000008,11,2887.2245517398333,4017.9108579753665,1130.6863062355314,1.0000000000000016,True,True,1.0000000000000016
semi,baseline,7,12000007,12,2161.995473732623,2276.9482947096226,114.952820977,0.9999999999999969,True,False,0.9999999999999969
semi,baseline,7,12000008,12,2276.9482947096226,3192.8856691403316,915.9373744307104,0.9999999999999986,True,False,0.9999999999999986
semi,baseline,7,12000009,12,3192.8856691403316,3421.628405107379,228.74273596704626,1.0000000000000047,True,False,1.0000000000000047
semi,baseline,7,12000010,12,3421.628405107379,3454.7404817644983,32.085964974046185,1.0319800786388436,True,False,1.0319800786388436
semi,baseline,7,12000011,12,3454.7404817644983,3514.7641487511555,48.19209238871334,1.2455086303892218,True,False,1.2455086303892218
semi,baseline,7,12000012,12,3514.7641487511555,3607.1872289413495,72.35128428205302,1.277421418393811,True,False,1.277421418393811
semi,baseline,7,12000013,12,3607.1872289413495,3635.969349504808,15.979837567787547,1.801152260863914,False,False,1.801152260863914
semi,baseline,7,12000014,12,3635.969349504808,4771.515552143001,1130.6863062355314,1.0042981827725865,True,True,1.0042981827725865
semi,baseline,7,13000004,13,2267.9882808134307,2368.9958068968253,101.00752608339441,1.0000000000000022,True,False,1.0000000000000022
semi,baseline,7,13000005,13,2368.9958068968253,2597.7385428638727,228.74273596704626,1.0000000000000047,True,False,1.0000000000000047
semi,baseline,7,13000006,13,2597.7385428638727,3341.877144482706,744.1386016188327,1.000000000000001,True,False,1.000000000000001
semi,baseline,7,13000007,13,3341.877144482706,3907.801447211971,565.9243027292647,1.0000000000000007,True,False,1.0000000000000007
semi,baseline,7,13000008,13,3907.801447211971,4366.351628926236,458.55018171426593,0.9999999999999978,True,True,0.9999999999999978
semi,baseline,7,14000004,14,2081.3806970846185,2567.821523868634,486.44082678401566,0.9999999999999994,True,False,0.9999999999999994
semi,baseline,7,14000005,14,2567.821523868634,2968.3628835541444,400.5413596855101,1.000000000000001,True,False,1.000000000000001
semi,baseline,7,14000006,14,2968.3628835541444,3884.3002579848535,915.9373744307104,0.9999999999999986,True,False,0.9999999999999986
semi,baseline,7,14000007,14,3884.3002579848535,4342.850439699118,458.55018171426593,0.9999999999999978,True,True,0.9999999999999978
semi,baseline,7,15000008,15,2144.3637718801747,2517.014641354772,372.6508694745985,0.9999999999999963,True,False,0.9999999999999963
semi,baseline,7,15000009,15,2517.014641354772,3432.9520157854804,915.9373744307104,0.999999999999998,True,False,0.999999999999998
semi,baseline,7,15000010,15,3432.9520157854804,3491.0098684181194,58.057852632638046,1.000000000000016,True,False,1.000000000000016
semi,baseline,7,15000011,15,3491.0098684181194,4059.8619412501907,565.9243027292647,1.0051734305960833,True,True,1.0051734305960833
semi,baseline,7,16000009,16,2348.713014051966,2447.362098871428,72.35128428205302,1.3634738594948745,True,False,1.3634738594948745
semi,baseline,7,16000010,16,2447.362098871428,2695.165092632301,243.80186035081854,1.0164114145983016,True,False,1.0164114145983016
semi,baseline,7,16000011,16,2695.165092632301,2753.22294526494,58.057852632638046,1.000000000000016,True,False,1.000000000000016
semi,baseline,7,16000012,16,2753.22294526494,3153.7643049504504,400.5413596855101,1.000000000000001,True,False,1.000000000000001
semi,baseline,7,16000013,16,3153.7643049504504,4069.701679381159,915.9373744307104,0.999999999999998,True,True,0.999999999999998
semi,baseline,7,17000007,17,2408.8389283978395,2479.435097554094,26.717256165257165,2.642343537060413,False,False,2.642343537060413
semi,baseline,7,17000008,17,2479.435097554094,2943.4266212955536,458.55018171426593,1.0118664046906518,True,False,1.0118664046906518
semi,baseline,7,17000009,17,2943.4266212955536,3687.565222914387,744.1386016188327,1.000000000000001,True,False,1.000000000000001
semi,baseline,7,17000010,17,3687.565222914387,3746.49473358465,58.92951067026337,0.9999999999999932,True,False,0.9999999999999932
semi,baseline,7,17000011,17,3746.49473358465,3868.977102745195,122.48236916054397,1.00000000000001,True,False,1.00000000000001
semi,baseline,7,17000012,17,3868.977102745195,4784.914477175904,915.9373744307104,0.999999999999998,True,True,0.999999999999998
semi,baseline,7,18000007,18,2196.9163470182148,2254.9741996508537,58.057852632638046,1.000000000000016,True,False,1.000000000000016
semi,baseline,7,18000008,18,2254.9741996508537,2455.826342988262,200.85214333740902,0.9999999999999952,True,False,0.9999999999999952
semi,baseline,7,18000009,18,2455.826342988262,2578.308712148807,122.48236916054397,1.00000000000001,True,False,1.00000000000001
semi,baseline,7,18000010,18,2578.308712148807,2822.110572499624,243.80186035081854,0.9999999999999943,True,False,0.9999999999999943
semi,baseline,7,18000011,18,2822.110572499624,3952.7968787351574,1130.6863062355314,1.0000000000000016,True,False,1.0000000000000016
semi,baseline,7,18000012,18,3952.7968787351574,4439.2377055191755,486.44082678401566,1.000000000000005,True,True,1.000000000000005
semi,baseline,7,19000007,19,2064.265288986003,2179.2181099630025,114.952820977,0.9999999999999969,True,False,0.9999999999999969
semi,baseline,7,19000008,19,2179.2181099630025,2253.9087251645888,72.35128428205302,1.0323329563911219,True,False,1.0323329563911219
semi,baseline,7,19000009,19,2253.9087251645888,2314.5862868289323,58.92951067026337,1.0296634228622956,True,False,1.0296634228622956
semi,baseline,7,19000010,19,2314.5862868289323,2692.0631129865496,372.6508694745985,1.0129503432792817,True,False,1.0129503432792817
semi,baseline,7,19000011,19,2692.0631129865496,2920.805848953597,228.74273596704626,1.0000000000000047,True,False,1.0000000000000047
semi,baseline,7,19000012,19,2920.805848953597,3043.288218114142,122.48236916054397,1.00000000000001,True,False,1.00000000000001
semi,baseline,7,19000013,19,3043.288218114142,3787.4268197329757,744.1386016188327,1.000000000000001,True,False,1.000000000000001
semi,baseline,7,19000014,19,3787.4268197329757,4353.351122462239,565.9243027292647,0.9999999999999973,True,True,0.9999999999999973
semi,baseline,7,20000003,20,2166.5839215254955,2567.125281211006,400.5413596855101,1.000000000000001,True,False,1.000000000000001
semi,baseline,7,20000004,20,2567.125281211006,2682.0781021880057,114.952820977,0.9999999999999969,True,False,0.9999999999999969
semi,baseline,7,20000005,20,2682.0781021880057,2710.6888478407905,26.717256165257165,1.0708714052002795,True,False,1.0708714052002795
semi,baseline,7,20000006,20,2710.6888478407905,2768.7467004734294,58.057852632638046,1.000000000000016,True,False,1.000000000000016
semi,baseline,7,20000007,20,2768.7467004734294,2840.9792074405887,58.92951067026337,1.2257442178899465,True,False,1.2257442178899465
semi,baseline,7,20000008,20,2840.9792074405887,3070.835746848792,229.85653940820262,1.0000000000000033,True,False,1.0000000000000033
semi,baseline,7,20000009,20,3070.835746848792,3193.3181160093372,122.48236916054397,1.00000000000001,True,False,1.00000000000001
semi,baseline,7,20000010,20,3193.3181160093372,4109.255490440046,915.9373744307104,0.999999999999998,True,True,0.999999999999998
semi,baseline,7,21000006,21,2108.9011078660405,2392.4447153665496,283.5436075005082,1.000000000000003,True,False,1.000000000000003
semi,baseline,7,21000007,21,2392.4447153665496,2494.0820457964332,72.35128428205302,1.4047757609065012,True,False,1.4047757609065012
semi,baseline,7,21000008,21,2494.0820457964332,3624.768352031966,1130.6863062355314,1.000000000000001,True,False,1.000000000000001
semi,baseline,7,21000009,21,3624.768352031966,4540.705726462675,915.9373744307104,0.999999999999998,True,True,0.999999999999998
semi,baseline,7,22000006,22,2684.480965752363,2785.4884918357575,101.00752608339441,1.0000000000000022,True,False,1.0000000000000022
semi,baseline,7,22000007,22,2785.4884918357575,3015.345031243961,229.85653940820262,1.0000000000000033,True,False,1.0000000000000033
semi,baseline,7,22000008,22,3015.345031243961,3099.2479943371513,72.35128428205302,1.159661005685878,True,False,1.159661005685878
semi,baseline,7,22000009,22,3099.2479943371513,3585.6888211211667,486.44082678401566,0.9999999999999994,True,False,0.9999999999999994
semi,baseline,7,22000010,22,3585.6888211211667,3627.92272468352,32.085964974046185,1.3162734421893014,True,False,1.3162734421893014
semi,baseline,7,22000011,22,3627.92272468352,3750.405093844065,122.48236916054397,1.00000000000001,True,False,1.00000000000001
semi,baseline,7,22000012,22,3750.405093844065,3819.103325366034,58.92951067026337,1.1657695904920338,True,False,1.1657695904920338
semi,baseline,7,22000013,22,3819.103325366034,4047.8460613330813,228.74273596704626,1.0000000000000047,True,True,1.0000000000000047
semi,baseline,7,23000006,23,2061.091689712636,2121.5797503528242,58.057852632638046,1.0418583860296657,True,False,1.0418583860296657
semi,baseline,7,23000007,23,2121.5797503528242,3258.059743588379,1130.6863062355314,1.005124044545399,True,False,1.005124044545399
semi,baseline,7,23000008,23,3258.059743588379,3486.8024795554265,228.74273596704626,1.0000000000000047,True,False,1.0000000000000047
semi,baseline,7,23000009,23,3486.8024795554265,3973.243306339442,486.44082678401566,0.9999999999999994,True,False,0.9999999999999994
semi,baseline,7,23000010,23,3973.243306339442,4088.1961273164416,114.952820977,0.9999999999999969,True,True,0.9999999999999969
semi,baseline,7,24000009,24,2514.8738445971694,2565.7840655324744,48.19209238871334,1.0564019616468916,True,False,1.0564019616468916
semi,baseline,7,24000010,24,2565.7840655324744,3052.22489231649,486.44082678401566,0.9999999999999994,True,False,0.9999999999999994
semi,baseline,7,24000011,24,3052.22489231649,3510.7750740307547,458.55018171426593,0.9999999999999978,True,False,0.9999999999999978
semi,baseline,7,24000012,24,3510.7750740307547,3740.631613438958,229.85653940820262,1.0000000000000033,True,False,1.0000000000000033
semi,baseline,7,24000013,24,3740.631613438958,4871.317919674491,1130.6863062355314,1.0000000000000016,True,True,1.0000000000000016
semi,baseline,7,25000006,25,2279.6680491090347,2508.410785076082,228.74273596704626,1.0000000000000047,True,False,1.0000000000000047
semi,baseline,7,25000007,25,2508.410785076082,2560.894585967782,48.19209238871334,1.0890542055814896,True,False,1.0890542055814896
semi,baseline,7,25000008,25,2560.894585967782,2605.60821219517,32.085964974046185,1.3935571600715797,True,False,1.3935571600715797
semi,baseline,7,25000009,25,2605.60821219517,3006.1495718806805,400.5413596855101,1.000000000000001,True,False,1.000000000000001
semi,baseline,7,25000010,25,3006.1495718806805,4136.835878116213,1130.6863062355314,1.000000000000001,True,True,1.000000000000001
semi,baseline,7,26000003,26,2232.681130649914,2290.738983282553,58.057852632638046,1.000000000000016,True,False,1.000000000000016
semi,baseline,7,26000004,26,2290.738983282553,2856.7120734873115,565.9243027292647,1.0000862084827575,True,False,1.0000862084827575
semi,baseline,7,26000005,26,2856.7120734873115,2873.6559553928905,15.979837567787547,1.0603287945638953,True,False,1.0603287945638953
semi,baseline,7,26000006,26,2873.6559553928905,2956.3052092241014,72.35128428205302,1.1423329198831145,True,False,1.1423329198831145
semi,baseline,7,26000007,26,2956.3052092241014,3025.2570215170977,26.717256165257165,2.580796915166028,False,False,2.580796915166028
semi,baseline,7,26000008,26,3025.2570215170977,3272.8955096372965,243.80186035081854,1.0157366632225842,True,False,1.0157366632225842
semi,baseline,7,26000009,26,3272.8955096372965,3556.4391171378056,283.5436075005082,1.000000000000003,True,False,1.000000000000003
semi,baseline,7,26000010,26,3556.4391171378056,3671.3919381148053,114.952820977,0.9999999999999969,True,False,0.9999999999999969
semi,baseline,7,26000011,26,3671.3919381148053,3872.2440814522133,200.85214333740902,0.9999999999999952,True,False,0.9999999999999952
semi,baseline,7,26000012,26,3872.2440814522133,4100.986817419261,228.74273596704626,1.0000000000000047,True,True,1.0000000000000047
semi,baseline,7,27000005,27,2566.043606566384,2593.529970911304,15.979837567787547,1.7200653153275975,False,False,1.7200653153275975
semi,baseline,7,27000006,27,2593.529970911304,2826.5375868015185,228.74273596704626,1.018644875891414,True,False,1.018644875891414
semi,baseline,7,27000007,27,2826.5375868015185,3013.4444646923953,186.90687789087698,0.9999999999999989,True,False,0.9999999999999989
semi,baseline,7,27000008,27,3013.4444646923953,3499.8852914764107,486.44082678401566,0.9999999999999994,True,False,0.9999999999999994
semi,baseline,7,27000009,27,3499.8852914764107,4065.8095942056757,565.9243027292647,1.0000000000000007,True,True,1.0000000000000007
semi,baseline,7,28000004,28,2646.7636064271173,2704.8214590597563,58.057852632638046,1.000000000000016,True,False,1.000000000000016
semi,baseline,7,28000005,28,2704.8214590597563,3077.4723285343534,372.6508694745985,0.9999999999999963,True,False,0.9999999999999963
semi,baseline,7,28000006,28,3077.4723285343534,3199.9546976948986,122.48236916054397,1.00000000000001,True,False,1.00000000000001
semi,baseline,7,28000007,28,3199.9546976948986,3428.697433661946,228.74273596704626,1.0000000000000047,True,False,1.0000000000000047
semi,baseline,7,28000008,28,3428.697433661946,3915.1382604459614,486.44082678401566,0.9999999999999994,True,False,0.9999999999999994
semi,baseline,7,28000009,28,3915.1382604459614,4373.688442160226,458.55018171426593,0.9999999999999978,True,True,0.9999999999999978
semi,baseline,7,29000005,29,2550.0763847363314,3036.517211520347,486.44082678401566,0.9999999999999994,True,False,0.9999999999999994
semi,baseline,7,29000006,29,3036.517211520347,3223.4240894112236,186.90687789087698,0.9999999999999989,True,False,0.9999999999999989
semi,baseline,7,29000007,29,3223.4240894112236,3345.906458571769,122.48236916054397,1.00000000000001,True,False,1.00000000000001
semi,baseline,7,29000008,29,3345.906458571769,3460.8592795487684,114.952820977,0.9999999999999969,True,False,0.9999999999999969
semi,baseline,7,29000009,29,3460.8592795487684,3524.4509668041073,58.057852632638046,1.0953158680827604,True,False,1.0953158680827604
semi,baseline,7,29000010,29,3524.4509668041073,4661.169302324818,1130.6863062355314,1.0053348388955572,True,True,1.0053348388955572
semi,baseline,7,30000006,30,2297.903959584695,2350.6668291597125,26.717256165257165,1.9748610878548964,False,False,1.9748610878548964
semi,baseline,7,30000007,30,2350.6668291597125,2426.346573118083,32.085964974046185,2.3586556932162317,False,False,2.3586556932162317
semi,baseline,7,30000008,30,2426.346573118083,2925.0577822100304,486.44082678401566,1.0252248200239569,True,False,1.0252248200239569
semi,baseline,7,30000009,30,2925.0577822100304,3208.6013897105395,283.5436075005082,1.000000000000003,True,False,1.000000000000003
semi,baseline,7,30000010,30,3208.6013897105395,3309.608915793934,101.00752608339441,1.0000000000000022,True,False,1.0000000000000022
semi,baseline,7,30000011,30,3309.608915793934,3510.461059131342,200.85214333740902,0.9999999999999952,True,False,0.9999999999999952
semi,baseline,7,30000012,30,3510.461059131342,3632.9434282918874,122.48236916054397,1.00000000000001,True,False,1.00000000000001
semi,baseline,7,30000013,30,3632.9434282918874,3876.7452886427045,243.80186035081854,0.9999999999999943,True,False,0.9999999999999943
semi,baseline,7,30000014,30,3876.7452886427045,4277.286648328213,400.5413596855101,0.9999999999999966,True,True,0.9999999999999966
semi,baseline,7,31000004,31,2263.270234708713,2327.4046435480636,58.057852632638046,1.1046638125795347,True,False,1.1046638125795347
semi,baseline,7,31000005,31,2327.4046435480636,2418.3018698457354,58.92951067026337,1.5424738007122079,False,False,1.5424738007122079
semi,baseline,7,31000006,31,2418.3018698457354,2823.239736009963,400.5413596855101,1.0109764107311403,True,False,1.0109764107311403
semi,baseline,7,31000007,31,2823.239736009963,3953.9260422454963,1130.6863062355314,1.0000000000000016,True,False,1.0000000000000016
semi,baseline,7,31000008,31,3953.9260422454963,3980.643298410755,26.717256165257165,1.0000000000000586,True,False,1.0000000000000586
semi,baseline,7,31000009,31,3980.643298410755,4181.495441748165,200.85214333740902,1.0000000000000042,True,True,1.0000000000000042
semi,once,19,9,0,2936.139243295602,3394.6894250098667,458.55018171426593,0.9999999999999978,True,False,0.9999999999999978
semi,once,19,10,0,3394.6894250098667,4525.3757312454,1130.6863062355314,1.0000000000000016,True,True,1.0000000000000016
semi,once,19,1000004,1,2072.3543764479377,2558.795203231953,486.44082678401566,0.9999999999999994,True,False,0.9999999999999994
semi,once,19,1000005,1,2558.795203231953,2677.2203180689944,101.00752608339441,1.172438524425066,True,False,1.172438524425066
semi,once,19,1000006,1,2677.2203180689944,3163.66114485301,486.44082678401566,0.9999999999999994,True,False,0.9999999999999994
semi,once,19,1000007,1,3163.66114485301,3211.8532372417217,48.19209238871334,0.99999999999997,True,False,0.99999999999997
semi,once,19,1000008,1,3211.8532372417217,3334.335606402267,122.48236916054397,1.00000000000001,True,False,1.00000000000001
semi,once,19,1000009,1,3334.335606402267,4250.272980832976,915.9373744307104,0.9999999999999986,True,True,0.9999999999999986
semi,once,19,2000008,2,2165.1786539730047,2287.66102313355,122.48236916054397,1.00000000000001,True,False,1.00000000000001
semi,once,19,2000009,2,2287.66102313355,2319.746988107595,32.085964974046185,0.9999999999999648,True,False,0.9999999999999648
semi,once,19,2000010,2,2319.746988107595,2377.804840740234,58.057852632638046,1.000000000000016,True,False,1.000000000000016
semi,once,19,2000011,2,2377.804840740234,2606.547576707281,228.74273596704626,1.0000000000000047,True,False,1.0000000000000047
semi,once,19,2000012,2,2606.547576707281,3065.097758421546,458.55018171426593,0.9999999999999978,True,False,0.9999999999999978
semi,once,19,2000013,2,3065.097758421546,4195.784064657079,1130.6863062355314,1.0000000000000016,True,True,1.0000000000000016
semi,once,19,3000006,3,2073.2109760269122,2366.648943174045,283.5436075005082,1.034895371945943,True,False,1.034895371945943
semi,once,19,3000007,3,2366.648943174045,2553.555821064922,186.90687789087698,0.9999999999999989,True,False,0.9999999999999989
semi,once,19,3000008,3,2553.555821064922,3039.9966478489373,486.44082678401566,0.9999999999999994,True,False,0.9999999999999994
semi,once,19,3000009,3,3039.9966478489373,3055.9764854167265,15.979837567787547,1.0000000000001046,True,False,1.0000000000001046
semi,once,19,3000010,3,3055.9764854167265,3175.797819465236,114.952820977,1.0423522713938753,True,False,1.0423522713938753
semi,once,19,3000011,3,3175.797819465236,3576.3391791507465,400.5413596855101,1.000000000000001,True,False,1.000000000000001
semi,once,19,3000012,3,3576.3391791507465,4142.263481880012,565.9243027292647,1.0000000000000007,True,True,1.0000000000000007
semi,once,19,4000009,4,2553.3356453707106,2634.1172765056813,58.057852632638046,1.3913988801156267,True,False,1.3913988801156267
semi,once,19,4000010,4,2634.1172765056813,3034.858150292863,400.5413596855101,1.0004981111109925,True,False,1.0004981111109925
semi,once,19,4000011,4,3034.858150292863,3050.837987860652,15.979837567787547,1.0000000000001046,True,False,1.0000000000001046
semi,once,19,4000012,4,3050.837987860652,3279.745944391807,228.74273596704626,1.0007222986269275,True,False,1.0007222986269275
semi,once,19,4000013,4,3279.745944391807,3508.4886803588543,228.74273596704626,1.0000000000000047,True,False,1.0000000000000047
semi,once,19,4000014,4,3508.4886803588543,4639.1749865943875,1130.6863062355314,1.0000000000000016,True,True,1.0000000000000016
semi,once,19,5000004,5,2121.3535420951084,2184.6414364971397,58.92951067026337,1.073959272395031,True,False,1.073959272395031
semi,once,19,5000005,5,2184.6414364971397,2671.082263281155,486.44082678401566,0.9999999999999994,True,False,0.9999999999999994
semi,once,19,5000006,5,2671.082263281155,3801.7685695166883,1130.6863062355314,1.0000000000000016,True,False,1.0000000000000016
semi,once,19,5000007,5,3801.7685695166883,3988.675447407565,186.90687789087698,0.9999999999999989,True,False,0.9999999999999989
semi,once,19,5000008,5,3988.675447407565,4447.22562912183,458.55018171426593,0.9999999999999978,True,True,0.9999999999999978
semi,once,19,6000004,6,2207.6688985203446,2223.648736088134,15.979837567787547,1.0000000000001046,True,False,1.0000000000001046
semi,once,19,6000005,6,2223.648736088134,2521.2000470609546,283.5436075005082,1.0494022898128201,True,False,1.0494022898128201
semi,once,19,6000006,6,2521.2000470609546,2583.903575721207,58.92951067026337,1.0640429208907938,True,False,1.0640429208907938
semi,once,19,6000007,6,2583.903575721207,2989.455623437394,400.5413596855101,1.0125097893376387,True,False,1.0125097893376387
semi,once,19,6000008,6,2989.455623437394,3219.3121628455974,229.85653940820262,1.0000000000000033,True,False,1.0000000000000033
semi,once,19,6000009,6,3219.3121628455974,3705.752989629613,486.44082678401566,0.9999999999999994,True,False,0.9999999999999994
semi,once,19,6000010,6,3705.752989629613,4192.193816413629,486.44082678401566,1.0000000000000013,True,True,1.0000000000000013
semi,once,19,7000007,7,2696.606566665949,3097.1479263514593,400.5413596855101,1.000000000000001,True,False,1.000000000000001
semi,once,19,7000008,7,3097.1479263514593,3841.286527970293,744.1386016188327,1.000000000000001,True,False,1.000000000000001
semi,once,19,7000009,7,3841.286527970293,4071.143067378496,229.85653940820262,1.0000000000000033,True,True,1.0000000000000033
semi,once,19,8000008,8,2463.0410096312576,3207.179611250091,744.1386016188327,1.000000000000001,True,False,1.000000000000001
semi,once,19,8000009,8,3207.179611250091,3435.9223472171384,228.74273596704626,1.0000000000000047,True,False,1.0000000000000047
semi,once,19,8000010,8,3435.9223472171384,3622.829225108015,186.90687789087698,0.9999999999999989,True,False,0.9999999999999989
semi,once,19,8000011,8,3622.829225108015,3649.546481273274,26.717256165257165,1.0000000000000586,True,False,1.0000000000000586
semi,once,19,8000012,8,3649.546481273274,4135.98730805729,486.44082678401566,1.0000000000000004,True,True,1.0000000000000004
semi,once,19,9000006,9,2533.735307038016,2593.5861487346774,58.92951067026337,1.015634459134633,True,False,1.015634459134633
semi,once,19,9000007,9,2593.5861487346774,3746.8587707686665,1130.6863062355314,1.0199757577976298,True,False,1.0199757577976298
semi,once,19,9000008,9,3746.8587707686665,3762.8386083364558,15.979837567787547,1.0000000000001046,True,False,1.0000000000001046
semi,once,19,9000009,9,3762.8386083364558,4006.7419117207914,243.80186035081854,1.0004160880207031,True,True,1.0004160880207031
semi,once,19,10000004,10,2067.464841757711,2141.05774990039,72.35128428205302,1.01716104797512,True,False,1.01716104797512
semi,once,19,10000005,10,2141.05774990039,2627.498576684405,486.44082678401566,0.9999999999999994,True,False,0.9999999999999994
semi,once,19,10000006,10,2627.498576684405,2856.2413126514525,228.74273596704626,1.0000000000000047,True,False,1.0000000000000047
semi,once,19,10000007,10,2856.2413126514525,3772.1786870821616,915.9373744307104,0.9999999999999986,True,False,0.9999999999999986
semi,once,19,10000008,10,3772.1786870821616,3820.3707794708735,48.19209238871334,0.99999999999997,True,False,0.99999999999997
semi,once,19,10000009,10,3820.3707794708735,4564.509381089707,744.1386016188327,1.000000000000001,True,True,1.000000000000001
semi,once,19,11000006,11,2877.717359764685,2904.434615929944,26.717256165257165,1.0000000000000586,True,False,1.0000000000000586
semi,once,19,11000007,11,2904.434615929944,3148.236476280761,243.80186035081854,0.9999999999999943,True,False,0.9999999999999943
semi,once,19,11000008,11,3148.236476280761,3249.2440023641557,101.00752608339441,1.0000000000000022,True,False,1.0000000000000022
semi,once,19,11000009,11,3249.2440023641557,3537.065026262274,283.5436075005082,1.015085568090624,True,False,1.015085568090624
semi,once,19,11000010,11,3537.065026262274,3595.122878894913,58.057852632638046,1.000000000000016,True,False,1.000000000000016
semi,once,19,11000011,11,3595.122878894913,3627.208843868958,32.085964974046185,0.9999999999999648,True,False,0.9999999999999648
semi,once,19,11000012,11,3627.208843868958,3855.9515798360053,228.74273596704626,1.0000000000000047,True,False,1.0000000000000047
semi,once,19,11000013,11,3855.9515798360053,4600.090181454839,744.1386016188327,1.000000000000001,True,True,1.000000000000001
semi,once,19,12000006,12,2485.5840247737933,2594.028865596292,101.00752608339441,1.0736312929094374,True,False,1.0736312929094374
semi,once,19,12000007,12,2594.028865596292,3525.999280589818,915.9373744307104,1.017504516149678,True,False,1.017504516149678
semi,once,19,12000008,12,3525.999280589818,3809.5428880903273,283.5436075005082,1.000000000000003,True,False,1.000000000000003
semi,once,19,12000009,12,3809.5428880903273,4039.3994274985307,229.85653940820262,1.0000000000000033,True,True,1.0000000000000033
semi,once,19,13000006,13,2202.1632220079973,2485.7068295085064,283.5436075005082,1.000000000000003,True,False,1.000000000000003
semi,once,19,13000007,13,2485.7068295085064,2729.5086898593236,243.80186035081854,0.9999999999999943,True,False,0.9999999999999943
semi,once,19,13000008,13,2729.5086898593236,3295.4329925885886,565.9243027292647,1.0000000000000007,True,False,1.0000000000000007
semi,once,19,13000009,13,3295.4329925885886,3753.9831743028535,458.55018171426593,0.9999999999999978,True,False,0.9999999999999978
semi,once,19,13000010,13,3753.9831743028535,3954.8353176402616,200.85214333740902,0.9999999999999952,True,False,0.9999999999999952
semi,once,19,13000011,13,3954.8353176402616,4013.7648283105245,58.92951067026337,0.9999999999999932,True,True,0.9999999999999932
semi,once,19,14000006,14,2212.8170824066256,2671.3672641208905,458.55018171426593,0.9999999999999978,True,False,0.9999999999999978
semi,once,19,14000007,14,2671.3672641208905,3071.908623806401,400.5413596855101,1.000000000000001,True,False,1.000000000000001
semi,once,19,14000008,14,3071.908623806401,3816.0472254252345,744.1386016188327,1.000000000000001,True,False,1.000000000000001
semi,once,19,14000009,14,3816.0472254252345,4099.590832925744,283.5436075005082,1.000000000000003,True,True,1.000000000000003
semi,once,19,15000007,15,2301.1506039966143,2701.691963682125,400.5413596855101,1.000000000000001,True,False,1.000000000000001
semi,once,19,15000008,15,2701.691963682125,2759.749816314764,58.057852632638046,1.000000000000016,True,False,1.000000000000016
semi,once,19,15000009,15,2759.749816314764,2989.6063557229672,229.85653940820262,1.0000000000000033,True,False,1.0000000000000033
semi,once,19,15000010,15,2989.6063557229672,3733.7449573418007,744.1386016188327,1.000000000000001,True,False,1.000000000000001
semi,once,19,15000011,15,3733.7449573418007,4220.185784125817,486.44082678401566,1.0000000000000013,True,True,1.0000000000000013
semi,once,19,16000007,16,2621.8835323521116,2736.8363533291113,114.952820977,0.9999999999999969,True,False,0.9999999999999969
semi,once,19,16000008,16,2736.8363533291113,2966.6928927373147,229.85653940820262,1.0000000000000033,True,False,1.0000000000000033
semi,once,19,16000009,16,2966.6928927373147,3195.435628704362,228.74273596704626,1.0000000000000047,True,False,1.0000000000000047
semi,once,19,16000010,16,3195.435628704362,3317.917997864907,122.48236916054397,1.00000000000001,True,False,1.00000000000001
semi,once,19,16000011,16,3317.917997864907,3776.468179579172,458.55018171426593,0.9999999999999978,True,False,0.9999999999999978
semi,once,19,16000012,16,3776.468179579172,4520.606781198006,744.1386016188327,1.000000000000001,True,True,1.000000000000001
semi,once,19,17000007,17,2349.0768000617177,2915.0011027909827,565.9243027292647,1.0000000000000007,True,False,1.0000000000000007
semi,once,19,17000008,17,2915.0011027909827,3830.9384772216918,915.9373744307104,0.9999999999999986,True,False,0.9999999999999986
semi,once,19,17000009,17,3830.9384772216918,3846.918314789481,15.979837567787547,1.0000000000001046,True,False,1.0000000000001046
semi,once,19,17000010,17,3846.918314789481,3922.64638147594,72.35128428205302,1.0466720451186737,True,False,1.0466720451186737
semi,once,19,17000011,17,3922.64638147594,4300.23711604979,372.6508694745985,1.0132560138829567,True,True,1.0132560138829567
semi,once,19,18000004,18,2259.5886158532494,2746.0294426372648,486.44082678401566,0.9999999999999994,True,False,0.9999999999999994
semi,once,19,18000005,18,2746.0294426372648,2804.9589533075277,58.92951067026337,0.9999999999999932,True,False,0.9999999999999932
semi,once,19,18000006,18,2804.9589533075277,3048.760813658345,243.80186035081854,0.9999999999999943,True,False,0.9999999999999943
semi,once,19,18000007,18,3048.760813658345,3075.4780698236036,26.717256165257165,1.0000000000000586,True,False,1.0000000000000586
semi,once,19,18000008,18,3075.4780698236036,3311.577268682572,229.85653940820262,1.0271589377741372,True,False,1.0271589377741372
semi,once,19,18000009,18,3311.577268682572,4442.263574918105,1130.6863062355314,1.0000000000000016,True,True,1.0000000000000016
semi,once,19,19000005,19,2447.8308019811807,2911.159430487922,458.55018171426593,1.0104207717781535,True,False,1.0104207717781535
semi,once,19,19000006,19,2911.159430487922,2959.3515228766337,48.19209238871334,0.99999999999997,True,False,0.99999999999997
semi,once,19,19000007,19,2959.3515228766337,4100.969251136144,1130.6863062355314,1.0096679529624561,True,True,1.0096679529624561
semi,once,19,20000005,20,2073.27241708634,2531.8225988006047,458.55018171426593,0.9999999999999978,True,False,0.9999999999999978
semi,once,19,20000006,20,2531.8225988006047,2735.1893575830645,200.85214333740902,1.0125197341848948,True,False,1.0125197341848948
semi,once,19,20000007,20,2735.1893575830645,2751.1691951508537,15.979837567787547,1.0000000000001046,True,False,1.0000000000001046
semi,once,19,20000008,20,2751.1691951508537,2980.18019937578,228.74273596704626,1.0011727946539843,True,False,1.0011727946539843
semi,once,19,20000009,20,2980.18019937578,3380.7215590612905,400.5413596855101,1.000000000000001,True,False,1.000000000000001
semi,once,19,20000010,20,3380.7215590612905,3867.162385845306,486.44082678401566,0.9999999999999994,True,False,0.9999999999999994
semi,once,19,20000011,20,3867.162385845306,4997.848692080839,1130.6863062355314,1.0000000000000016,True,True,1.0000000000000016
semi,once,19,21000003,21,2099.351414006538,2182.889825146885,72.35128428205302,1.1546223673747398,True,False,1.1546223673747398
semi,once,19,21000004,21,2182.889825146885,2940.9201785083806,744.1386016188327,1.0186682315800337,True,False,1.0186682315800337
semi,once,19,21000005,21,2940.9201785083806,3063.4025476689258,122.48236916054397,1.00000000000001,True,False,1.00000000000001
semi,once,19,21000006,21,3063.4025476689258,4194.753860973769,1130.6863062355314,1.0005881446212312,True,True,1.0005881446212312
semi,once,19,22000010,22,2378.827024736292,2608.6835641444954,229.85653940820262,1.0000000000000033,True,False,1.0000000000000033
semi,once,19,22000011,22,2608.6835641444954,3095.124390928511,486.44082678401566,0.9999999999999994,True,False,0.9999999999999994
semi,once,19,22000012,22,3095.124390928511,3295.976534265919,200.85214333740902,0.9999999999999952,True,False,0.9999999999999952
semi,once,19,22000013,22,3295.976534265919,4040.1151358847524,744.1386016188327,1.000000000000001,True,True,1.000000000000001
semi,once,19,23000003,23,2880.1440961522603,3796.081470582969,915.9373744307104,0.999999999999998,True,False,0.999999999999998
semi,once,19,23000004,23,3796.081470582969,3897.0889966663635,101.00752608339441,1.0000000000000022,True,False,1.0000000000000022
semi,once,19,23000005,23,3897.0889966663635,3955.1468492990025,58.057852632638046,1.000000000000016,True,False,1.000000000000016
semi,once,19,23000006,23,3955.1468492990025,5085.833155534536,1130.6863062355314,1.0000000000000016,True,True,1.0000000000000016
semi,once,19,24000007,24,2426.3951369886795,2541.347957965679,114.952820977,0.9999999999999969,True,False,0.9999999999999969
semi,once,19,24000008,24,2541.347957965679,2573.433922939724,32.085964974046185,0.9999999999999648,True,False,0.9999999999999648
semi,once,19,24000009,24,2573.433922939724,2845.5915905436314,229.85653940820262,1.184032737570202,True,False,1.184032737570202
semi,once,19,24000010,24,2845.5915905436314,3411.5158932728964,565.9243027292647,1.0000000000000007,True,False,1.0000000000000007
semi,once,19,24000011,24,3411.5158932728964,4155.65449489173,744.1386016188327,1.000000000000001,True,True,1.000000000000001
semi,once,19,25000009,25,2645.703399318343,3389.8420009371766,744.1386016188327,1.000000000000001,True,False,1.000000000000001
semi,once,19,25000010,25,3389.8420009371766,3762.4928704117738,372.6508694745985,0.9999999999999963,True,False,0.9999999999999963
semi,once,19,25000011,25,3762.4928704117738,4163.034230097283,400.5413596855101,0.9999999999999989,True,True,0.9999999999999989
semi,once,19,26000008,26,2069.1400978194156,2122.313028941803,48.19209238871334,1.1033538592493395,True,False,1.1033538592493395
semi,once,19,26000009,26,2122.313028941803,2366.1148892926203,243.80186035081854,0.9999999999999943,True,False,0.9999999999999943
semi,once,19,26000010,26,2366.1148892926203,3110.253490911454,744.1386016188327,1.000000000000001,True,False,1.000000000000001
semi,once,19,26000011,26,3110.253490911454,3142.339455885499,32.085964974046185,0.9999999999999648,True,False,0.9999999999999648
semi,once,19,26000012,26,3142.339455885499,3542.8808155710094,400.5413596855101,1.000000000000001,True,False,1.000000000000001
semi,once,19,26000013,26,3542.8808155710094,4458.818190001718,915.9373744307104,0.999999999999998,True,True,0.999999999999998
semi,once,19,27000006,27,2508.9731659646413,2629.9696459590787,114.952820977,1.052575125743513,True,False,1.052575125743513
semi,once,19,27000007,27,2629.9696459590787,3780.105001847768,1130.6863062355314,1.0172011012655764,True,False,1.0172011012655764
semi,once,19,27000008,27,3780.105001847768,4238.655183562033,458.55018171426593,0.9999999999999978,True,True,0.9999999999999978
semi,once,19,28000005,28,2207.3979521769006,2255.5900445656125,48.19209238871334,0.99999999999997,True,False,0.99999999999997
semi,once,19,28000006,28,2255.5900445656125,2499.3919049164297,243.80186035081854,0.9999999999999943,True,False,0.9999999999999943
semi,once,19,28000007,28,2499.3919049164297,2526.1091610816884,26.717256165257165,1.0000000000000586,True,False,1.0000000000000586
semi,once,19,28000008,28,2526.1091610816884,2601.5509814149477,58.057852632638046,1.2994249169120775,True,False,1.2994249169120775
semi,once,19,28000009,28,2601.5509814149477,2673.9022656970005,72.35128428205302,0.999999999999997,True,False,0.999999999999997
semi,once,19,28000010,28,2673.9022656970005,2874.7544090344086,200.85214333740902,0.9999999999999952,True,False,0.9999999999999952
semi,once,19,28000011,28,2874.7544090344086,3361.195235818424,486.44082678401566,0.9999999999999994,True,False,0.9999999999999994
semi,once,19,28000012,28,3361.195235818424,3733.846105293021,372.6508694745985,0.9999999999999963,True,False,0.9999999999999963
semi,once,19,28000013,28,3733.846105293021,3765.932070267066,32.085964974046185,0.9999999999999648,True,False,0.9999999999999648
semi,once,19,28000014,28,3765.932070267066,4899.697472009804,1130.6863062355314,1.00272320933775,True,True,1.00272320933775
semi,once,19,29000008,29,2763.6376188834374,3222.1878005977023,458.55018171426593,0.9999999999999978,True,False,0.9999999999999978
semi,once,19,29000009,29,3222.1878005977023,3254.2737655717474,32.085964974046185,0.9999999999999648,True,False,0.9999999999999648
semi,once,19,29000010,29,3254.2737655717474,3654.815125257258,400.5413596855101,1.000000000000001,True,False,1.000000000000001
semi,once,19,29000011,29,3654.815125257258,4027.465994731855,372.6508694745985,0.9999999999999963,True,True,0.9999999999999963
semi,once,19,30000005,30,3036.476944438784,3151.4297654157835,114.952820977,0.9999999999999969,True,False,0.9999999999999969
semi,once,19,30000006,30,3151.4297654157835,3524.0806348903807,372.6508694745985,0.9999999999999963,True,False,0.9999999999999963
semi,once,19,30000007,30,3524.0806348903807,4268.219236509214,744.1386016188327,1.000000000000001,True,True,1.000000000000001
semi,once,19,31000006,31,2292.484948263471,2309.3703102527897,15.979837567787547,1.0566666849828754,True,False,1.0566666849828754
semi,once,19,31000007,31,2309.3703102527897,2894.3451346728184,565.9243027292647,1.033662667602168,True,False,1.033662667602168
semi,once,19,31000008,31,2894.3451346728184,2952.4029873054574,58.057852632638046,1.000000000000016,True,False,1.000000000000016
semi,once,19,31000009,31,2952.4029873054574,3024.75427158751,72.35128428205302,0.999999999999997,True,False,0.999999999999997
semi,once,19,31000010,31,3024.75427158751,3139.70709256451,114.952820977,0.9999999999999969,True,False,0.9999999999999969
semi,once,19,31000011,31,3139.70709256451,3883.8456941833433,744.1386016188327,1.000000000000001,True,False,1.000000000000001
semi,once,19,31000012,31,3883.8456941833433,5014.532000418876,1130.6863062355314,1.000000000000001,True,True,1.000000000000001
semi,once,43,2,0,2159.021370485578,2235.2710388356895,72.35128428205302,1.053881338897335,True,False,1.053881338897335
semi,once,43,3,0,2235.2710388356895,2829.658957872371,565.9243027292647,1.0502958013468344,True,False,1.0502958013468344
semi,once,43,4,0,2829.658957872371,3573.7975594912045,744.1386016188327,1.000000000000001,True,False,1.000000000000001
semi,once,43,5,0,3573.7975594912045,3774.6497028286126,200.85214333740902,0.9999999999999952,True,False,0.9999999999999952
semi,once,43,6,0,3774.6497028286126,4018.4515631794297,243.80186035081854,0.9999999999999943,True,True,0.9999999999999943
semi,once,43,1000003,1,2065.887411027541,2309.689271378358,243.80186035081854,0.9999999999999943,True,False,0.9999999999999943
semi,once,43,1000004,1,2309.689271378358,2367.747124010997,58.057852632638046,1.000000000000016,True,False,1.000000000000016
semi,once,43,1000005,1,2367.747124010997,2399.833088985042,32.085964974046185,0.9999999999999648,True,False,0.9999999999999648
semi,once,43,1000006,1,2399.833088985042,2628.5758249520895,228.74273596704626,1.0000000000000047,True,False,1.0000000000000047
semi,once,43,1000007,1,2628.5758249520895,3759.262131187623,1130.6863062355314,1.0000000000000016,True,False,1.0000000000000016
semi,once,43,1000008,1,3759.262131187623,3818.1916418578858,58.92951067026337,0.9999999999999932,True,False,0.9999999999999932
semi,once,43,1000009,1,3818.1916418578858,4738.168319181117,915.9373744307104,1.0044100208215998,True,True,1.0044100208215998
semi,once,43,2000009,2,2148.6933429046417,2635.134169688657,486.44082678401566,0.9999999999999994,True,False,0.9999999999999994
semi,once,43,2000010,2,2635.134169688657,3551.071544119366,915.9373744307104,0.9999999999999986,True,False,0.9999999999999986
semi,once,43,2000011,2,3551.071544119366,3780.9280835275695,229.85653940820262,1.0000000000000033,True,False,1.0000000000000033
semi,once,43,2000012,2,3780.9280835275695,4525.066685146403,744.1386016188327,1.000000000000001,True,True,1.000000000000001
semi,once,43,3000004,3,3013.3132221046417,3499.754048888657,486.44082678401566,0.9999999999999994,True,False,0.9999999999999994
semi,once,43,3000005,3,3499.754048888657,4415.691423319366,915.9373744307104,0.999999999999998,True,True,0.999999999999998
semi,once,43,4000003,4,2209.910405930268,2329.1977982586136,114.952820977,1.0377073943423518,True,False,1.0377073943423518
semi,once,43,4000004,4,2329.1977982586136,2540.190330875685,186.90687789087698,1.1288644644754944,True,False,1.1288644644754944
semi,once,43,4000005,4,2540.190330875685,3284.3289324945185,744.1386016188327,1.000000000000001,True,False,1.000000000000001
semi,once,43,4000006,4,3284.3289324945185,4028.467534113352,744.1386016188327,1.000000000000001,True,True,1.000000000000001
semi,once,43,5000006,5,2210.470846031936,2242.556811005981,32.085964974046185,0.9999999999999648,True,False,0.9999999999999648
semi,once,43,5000007,5,2242.556811005981,2652.0357957124056,400.5413596855101,1.022313862987662,True,False,1.022313862987662
semi,once,43,5000008,5,2652.0357957124056,2710.0936483450446,58.057852632638046,1.000000000000016,True,False,1.000000000000016
semi,once,43,5000009,5,2710.0936483450446,2938.836384312092,228.74273596704626,1.0000000000000047,True,False,1.0000000000000047
semi,once,43,5000010,5,2938.836384312092,3339.3777439976025,400.5413596855101,1.000000000000001,True,False,1.000000000000001
semi,once,43,5000011,5,3339.3777439976025,4255.3151184283115,915.9373744307104,0.9999999999999986,True,True,0.9999999999999986
semi,once,43,6000006,6,2130.1848093260955,2252.6671784866408,122.48236916054397,1.00000000000001,True,False,1.00000000000001
semi,once,43,6000007,6,2252.6671784866408,3203.795693611901,915.9373744307104,1.038420902647872,True,False,1.038420902647872
semi,once,43,6000008,6,3203.795693611901,3604.3370532974113,400.5413596855101,1.000000000000001,True,False,1.000000000000001
semi,once,43,6000009,6,3604.3370532974113,3676.688337579464,72.35128428205302,0.999999999999997,True,False,0.999999999999997
semi,once,43,6000010,6,3676.688337579464,4242.612640308728,565.9243027292647,0.999999999999999,True,True,0.999999999999999
semi,once,43,7000005,7,2371.185548244366,2937.109850973631,565.9243027292647,1.0000000000000007,True,False,1.0000000000000007
semi,once,43,7000006,7,2937.109850973631,3180.9117113244483,243.80186035081854,0.9999999999999943,True,False,0.9999999999999943
semi,once,43,7000007,7,3180.9117113244483,3381.7638546618564,200.85214333740902,0.9999999999999952,True,False,0.9999999999999952
semi,once,43,7000008,7,3381.7638546618564,3754.4147241364535,372.6508694745985,0.9999999999999963,True,False,0.9999999999999963
semi,once,43,7000009,7,3754.4147241364535,3802.6068165251654,48.19209238871334,0.99999999999997,True,False,0.99999999999997
semi,once,43,7000010,7,3802.6068165251654,4263.163938964673,458.55018171426593,1.0043767090392142,True,True,1.0043767090392142
semi,once,43,8000007,8,2438.1901406438365,2539.197666727231,101.00752608339441,1.0000000000000022,True,False,1.0000000000000022
semi,once,43,8000008,8,2539.197666727231,2654.1504877042307,114.952820977,0.9999999999999969,True,False,0.9999999999999969
semi,once,43,8000009,8,2654.1504877042307,2882.893223671278,228.74273596704626,1.0000000000000047,True,False,1.0000000000000047
semi,once,43,8000010,8,2882.893223671278,3627.0318252901116,744.1386016188327,1.000000000000001,True,False,1.000000000000001
semi,once,43,8000011,8,3627.0318252901116,4113.472652074127,486.44082678401566,0.9999999999999994,True,True,0.9999999999999994
semi,once,43,9000010,9,2020.689137991008,2764.8277396098415,744.1386016188327,1.000000000000001,True,False,1.000000000000001
semi,once,43,9000011,9,2764.8277396098415,2993.570475576889,228.74273596704626,1.0000000000000047,True,False,1.0000000000000047
semi,once,43,9000012,9,2993.570475576889,3094.5780016602835,101.00752608339441,1.0000000000000022,True,False,1.0000000000000022
semi,once,43,9000013,9,3094.5780016602835,3323.320737627331,228.74273596704626,1.0000000000000047,True,False,1.0000000000000047
semi,once,43,9000014,9,3323.320737627331,3382.2502482975938,58.92951067026337,0.9999999999999932,True,False,0.9999999999999932
semi,once,43,9000015,9,3382.2502482975938,4298.187622728303,915.9373744307104,0.9999999999999986,True,True,0.9999999999999986
semi,once,43,10000004,10,2021.5858925648574,2587.5101952941222,565.9243027292647,1.0000000000000002,True,False,1.0000000000000002
semi,once,43,10000005,10,2587.5101952941222,3503.447569724831,915.9373744307104,0.999999999999998,True,False,0.999999999999998
semi,once,43,10000006,10,3503.447569724831,3876.098439199428,372.6508694745985,0.9999999999999963,True,False,0.9999999999999963
semi,once,43,10000007,10,3876.098439199428,4792.0358136301365,915.9373744307104,0.999999999999998,True,True,0.999999999999998
semi,once,43,11000006,11,2052.038857606754,2124.3901418888067,72.35128428205302,0.999999999999997,True,False,0.999999999999997
semi,once,43,11000007,11,2124.3901418888067,2353.132877855854,228.74273596704626,1.0000000000000047,True,False,1.0000000000000047
semi,once,43,11000008,11,2353.132877855854,3278.168557381432,915.9373744307104,1.0099333266103727,True,False,1.0099333266103727
semi,once,43,11000009,11,3278.168557381432,3379.1760834648267,101.00752608339441,1.0000000000000022,True,False,1.0000000000000022
semi,once,43,11000010,11,3379.1760834648267,3622.977943815644,243.80186035081854,0.9999999999999943,True,False,0.9999999999999943
semi,once,43,11000011,11,3622.977943815644,4081.5281255299087,458.55018171426593,0.9999999999999978,True,True,0.9999999999999978
semi,once,43,12000008,12,2165.9157396766554,2570.1332172659013,372.6508694745985,1.0847082636870087,True,False,1.0847082636870087
semi,once,43,12000009,12,2570.1332172659013,2596.85047343116,26.717256165257165,1.0000000000000586,True,False,1.0000000000000586
semi,once,43,12000010,12,2596.85047343116,2883.4610079158106,283.5436075005082,1.010816420836209,True,False,1.010816420836209
semi,once,43,12000011,12,2883.4610079158106,3342.0111896300755,458.55018171426593,0.9999999999999978,True,False,0.9999999999999978
semi,once,43,12000012,12,3342.0111896300755,4086.149791248909,744.1386016188327,1.000000000000001,True,True,1.000000000000001
semi,once,43,13000005,13,2704.525689726309,3270.449992455574,565.9243027292647,1.0000000000000007,True,False,1.0000000000000007
semi,once,43,13000006,13,3270.449992455574,4401.136298691107,1130.6863062355314,1.0000000000000016,True,True,1.0000000000000016
semi,once,43,14000002,14,2373.812363960321,2496.294733120866,122.48236916054397,1.00000000000001,True,False,1.00000000000001
semi,once,43,14000003,14,2496.294733120866,3444.240458431237,915.9373744307104,1.0349460037041889,True,False,1.0349460037041889
semi,once,43,14000004,14,3444.240458431237,3930.6812852152525,486.44082678401566,0.9999999999999994,True,False,0.9999999999999994
semi,once,43,14000005,14,3930.6812852152525,4160.537824623456,229.85653940820262,1.0000000000000033,True,True,1.0000000000000033
semi,once,43,15000006,15,2036.6823779693736,2952.6197524000827,915.9373744307104,0.9999999999999986,True,False,0.9999999999999986
semi,once,43,15000007,15,2952.6197524000827,3353.1611120855932,400.5413596855101,1.000000000000001,True,False,1.000000000000001
semi,once,43,15000008,15,3353.1611120855932,4097.299713704427,744.1386016188327,1.000000000000001,True,True,1.000000000000001
semi,once,43,16000007,16,2003.1613509025804,2569.085653631845,565.9243027292647,1.0000000000000002,True,False,1.0000000000000002
semi,once,43,16000008,16,2569.085653631845,2969.6270133173557,400.5413596855101,1.000000000000001,True,False,1.000000000000001
semi,once,43,16000009,16,2969.6270133173557,3713.765614936189,744.1386016188327,1.000000000000001,True,False,1.000000000000001
semi,once,43,16000010,16,3713.765614936189,4629.702989366898,915.9373744307104,0.999999999999998,True,True,0.999999999999998
semi,once,43,17000008,17,2229.248505450794,2284.6761403489218,48.19209238871334,1.1501396214767632,True,False,1.1501396214767632
semi,once,43,17000009,17,2284.6761403489218,2342.935012867607,58.057852632638046,1.0034624064951054,True,False,1.0034624064951054
semi,once,43,17000010,17,2342.935012867607,2829.3758396516223,486.44082678401566,0.9999999999999994,True,False,0.9999999999999994
semi,once,43,17000011,17,2829.3758396516223,3395.3001423808873,565.9243027292647,1.0000000000000007,True,False,1.0000000000000007
semi,once,43,17000012,17,3395.3001423808873,4311.237516811596,915.9373744307104,0.999999999999998,True,True,0.999999999999998
semi,once,43,18000005,18,2132.5165986896764,2618.9574254736917,486.44082678401566,0.9999999999999994,True,False,0.9999999999999994
semi,once,43,18000006,18,2618.9574254736917,2862.759285824509,243.80186035081854,0.9999999999999943,True,False,0.9999999999999943
semi,once,43,18000007,18,2862.759285824509,2935.1105701065617,72.35128428205302,0.999999999999997,True,False,0.999999999999997
semi,once,43,18000008,18,2935.1105701065617,3057.592939267107,122.48236916054397,1.00000000000001,True,False,1.00000000000001
semi,once,43,18000009,18,3057.592939267107,3801.7315408859404,744.1386016188327,1.000000000000001,True,False,1.000000000000001
semi,once,43,18000010,18,3801.7315408859404,3902.739066969335,101.00752608339441,1.0000000000000022,True,False,1.0000000000000022
semi,once,43,18000011,18,3902.739066969335,4646.8776685881685,744.1386016188327,1.000000000000001,True,True,1.000000000000001
semi,once,43,19000007,19,2450.80652092884,2937.2473477128556,486.44082678401566,0.9999999999999994,True,False,0.9999999999999994
semi,once,43,19000008,19,2937.2473477128556,3853.1847221435646,915.9373744307104,0.9999999999999986,True,False,0.9999999999999986
semi,once,43,19000009,19,3853.1847221435646,4096.986582494382,243.80186035081854,0.9999999999999943,True,True,0.9999999999999943
semi,once,43,20000005,20,2691.710321246116,3435.8489228649496,744.1386016188327,1.000000000000001,True,False,1.000000000000001
semi,once,43,20000006,20,3435.8489228649496,3558.331292025495,122.48236916054397,1.00000000000001,True,False,1.00000000000001
semi,once,43,20000007,20,3558.331292025495,4689.017598261028,1130.6863062355314,1.0000000000000016,True,True,1.0000000000000016
semi,once,43,21000010,21,2599.952188077508,2883.495795578017,283.5436075005082,1.000000000000003,True,False,1.000000000000003
semi,once,43,21000011,21,2883.495795578017,3342.045977292282,458.55018171426593,0.9999999999999978,True,False,0.9999999999999978
semi,once,43,21000012,21,3342.045977292282,4472.732283527815,1130.6863062355314,1.000000000000001,True,True,1.000000000000001
semi,once,43,22000005,22,2261.7702255830973,2323.256190001272,58.92951067026337,1.043381553975831,True,False,1.043381553975831
semi,once,43,22000006,22,2323.256190001272,2424.2637160846666,101.00752608339441,1.0000000000000022,True,False,1.0000000000000022
semi,once,43,22000007,22,2424.2637160846666,2473.031900042042,48.19209238871334,1.0119540683980919,True,False,1.0119540683980919
semi,once,43,22000008,22,2473.031900042042,2710.0924305132235,229.85653940820262,1.0313412491179355,True,False,1.0313412491179355
semi,once,43,22000009,22,2710.0924305132235,2768.1502831458624,58.057852632638046,1.000000000000016,True,False,1.000000000000016
semi,once,43,22000010,22,2768.1502831458624,3512.288884764696,744.1386016188327,1.000000000000001,True,False,1.000000000000001
semi,once,43,22000011,22,3512.288884764696,3912.8302444502065,400.5413596855101,1.000000000000001,True,False,1.000000000000001
semi,once,43,22000012,22,3912.8302444502065,4141.572980417253,228.74273596704626,1.0000000000000027,True,True,1.0000000000000027
semi,once,43,23000006,23,3094.379060458011,3552.9292421722757,458.55018171426593,0.9999999999999978,True,False,0.9999999999999978
semi,once,43,23000007,23,3552.9292421722757,4039.370068956291,486.44082678401566,0.9999999999999994,True,True,0.9999999999999994
semi,once,43,24000007,24,2244.794685702089,2309.9821626844937,58.92951067026337,1.106194099373361,True,False,1.106194099373361
semi,once,43,24000008,24,2309.9821626844937,2613.695293795959,283.5436075005082,1.0711337624175534,True,False,1.0711337624175534
semi,once,43,24000009,24,2613.695293795959,3014.2366534814696,400.5413596855101,1.000000000000001,True,False,1.000000000000001
semi,once,43,24000010,24,3014.2366534814696,3758.375255100303,744.1386016188327,1.000000000000001,True,False,1.000000000000001
semi,once,43,24000011,24,3758.375255100303,4674.312629531012,915.9373744307104,0.9999999999999986,True,True,0.9999999999999986
semi,once,43,25000003,25,2067.3249198020167,2442.7170887400252,372.6508694745985,1.0073562137860435,True,False,1.0073562137860435
semi,once,43,25000004,25,2442.7170887400252,2671.4598247070726,228.74273596704626,1.0000000000000047,True,False,1.0000000000000047
semi,once,43,25000005,25,2671.4598247070726,3802.146130942606,1130.6863062355314,1.0000000000000016,True,False,1.0000000000000016
semi,once,43,25000006,25,3802.146130942606,4718.083505373314,915.9373744307104,0.999999999999998,True,True,0.999999999999998
semi,once,43,26000005,26,2121.1856436330468,2383.12572246586,229.85653940820262,1.1395807119832826,True,False,1.1395807119832826
semi,once,43,26000006,26,2383.12572246586,2505.608091626405,122.48236916054397,1.00000000000001,True,False,1.00000000000001
semi,once,43,26000007,26,2505.608091626405,2521.587929194194,15.979837567787547,1.0000000000001046,True,False,1.0000000000001046
semi,once,43,26000008,26,2521.587929194194,2751.380794528122,228.74273596704626,1.004590875257489,True,False,1.004590875257489
semi,once,43,26000009,26,2751.380794528122,3034.924402028631,283.5436075005082,1.000000000000003,True,False,1.000000000000003
semi,once,43,26000010,26,3034.924402028631,3135.9319281120256,101.00752608339441,1.0000000000000022,True,False,1.0000000000000022
semi,once,43,26000011,26,3135.9319281120256,3880.070529730859,744.1386016188327,1.000000000000001,True,False,1.000000000000001
semi,once,43,26000012,26,3880.070529730859,4796.007904161568,915.9373744307104,0.9999999999999986,True,True,0.9999999999999986
semi,once,43,27000002,27,2158.979508815656,2232.726251737933,72.35128428205302,1.019287268416466,True,False,1.019287268416466
semi,once,43,27000003,27,2232.726251737933,2478.855814102322,243.80186035081854,1.0095475153890159,True,False,1.0095475153890159
semi,once,43,27000004,27,2478.855814102322,3611.12780952317,1130.6863062355314,1.001402413009313,True,False,1.001402413009313
semi,once,43,27000005,27,3611.12780952317,3839.8705454902174,228.74273596704626,1.0000000000000047,True,False,1.0000000000000047
semi,once,43,27000006,27,3839.8705454902174,3871.9565104642625,32.085964974046185,0.9999999999999648,True,False,0.9999999999999648
semi,once,43,27000007,27,3871.9565104642625,4616.095112083096,744.1386016188327,1.000000000000001,True,True,1.000000000000001
semi,once,43,28000005,28,3052.4519230396427,3796.590524658476,744.1386016188327,1.000000000000001,True,False,1.000000000000001
semi,once,43,28000006,28,3796.590524658476,3997.442667995884,200.85214333740902,0.9999999999999952,True,False,0.9999999999999952
semi,once,43,28000007,28,3997.442667995884,4370.093537470484,372.6508694745985,1.0000000000000036,True,True,1.0000000000000036
semi,once,43,29000006,29,2362.1256275934256,2762.666987278936,400.5413596855101,1.000000000000001,True,False,1.000000000000001
semi,once,43,29000007,29,2762.666987278936,3328.591290008201,565.9243027292647,1.0000000000000007,True,False,1.0000000000000007
semi,once,43,29000008,29,3328.591290008201,3529.4434333456093,200.85214333740902,0.9999999999999952,True,False,0.9999999999999952
semi,once,43,29000009,29,3529.4434333456093,3545.4232709133985,15.979837567787547,1.0000000000001046,True,False,1.0000000000001046
semi,once,43,29000010,29,3545.4232709133985,3572.140527078657,26.717256165257165,1.0000000000000586,True,False,1.0000000000000586
semi,once,43,29000011,29,3572.140527078657,3694.6228962392024,122.48236916054397,1.00000000000001,True,False,1.00000000000001
semi,once,43,29000012,29,3694.6228962392024,3753.5524069094654,58.92951067026337,0.9999999999999932,True,False,0.9999999999999932
semi,once,43,29000013,29,3753.5524069094654,4669.489781340174,915.9373744307104,0.999999999999998,True,True,0.999999999999998
semi,once,43,30000003,30,2452.7161588327153,2511.6456695029783,58.92951067026337,0.9999999999999932,True,False,0.9999999999999932
semi,once,43,30000004,30,2511.6456695029783,2740.3884054700256,228.74273596704626,1.0000000000000047,True,False,1.0000000000000047
semi,once,43,30000005,30,2740.3884054700256,3198.9385871842906,458.55018171426593,0.9999999999999978,True,False,0.9999999999999978
semi,once,43,30000006,30,3198.9385871842906,3428.795126592494,229.85653940820262,1.0000000000000033,True,False,1.0000000000000033
semi,once,43,30000007,30,3428.795126592494,3476.987218981206,48.19209238871334,0.99999999999997,True,False,0.99999999999997
semi,once,43,30000008,30,3476.987218981206,3503.7044751464646,26.717256165257165,1.0000000000000586,True,False,1.0000000000000586
semi,once,43,30000009,30,3503.7044751464646,3732.447211113512,228.74273596704626,1.0000000000000047,True,False,1.0000000000000047
semi,once,43,30000010,30,3732.447211113512,4015.990818614021,283.5436075005082,1.000000000000003,True,True,1.000000000000003
semi,once,43,31000005,31,2477.7295987748944,2878.270958460405,400.5413596855101,1.000000000000001,True,False,1.000000000000001
semi,once,43,31000006,31,2878.270958460405,3622.4095600792384,744.1386016188327,1.000000000000001,True,False,1.000000000000001
semi,once,43,31000007,31,3622.4095600792384,4080.9597417935033,458.55018171426593,0.9999999999999978,True,True,0.9999999999999978
semi,once,7,6,0,3013.749990924385,3414.2913506098957,400.5413596855101,1.000000000000001,True,False,1.000000000000001
semi,once,7,7,0,3414.2913506098957,3430.271188177685,15.979837567787547,1.0000000000001046,True,False,1.0000000000001046
semi,once,7,8,0,3430.271188177685,3916.7610054340694,486.44082678401566,1.0001007120900864,True,False,1.0001007120900864
semi,once,7,9,0,3916.7610054340694,4317.302365119578,400.5413596855101,0.9999999999999966,True,True,0.9999999999999966
semi,once,7,1000004,1,2130.623655237481,2531.1650149229918,400.5413596855101,1.000000000000001,True,False,1.000000000000001
semi,once,7,1000005,1,2531.1650149229918,3004.8715273935295,458.55018171426593,1.0330527199871793,True,False,1.0330527199871793
semi,once,7,1000006,1,3004.8715273935295,3062.9293800261685,58.057852632638046,1.000000000000016,True,False,1.000000000000016
semi,once,7,1000007,1,3062.9293800261685,3987.9752820540125,915.9373744307104,1.009944487310385,True,False,1.009944487310385
semi,once,7,1000008,1,3987.9752820540125,4046.9047927242755,58.92951067026337,0.9999999999999932,True,True,0.9999999999999932
semi,once,7,2000008,2,2128.966366675181,2357.709102642228,228.74273596704626,1.0000000000000047,True,False,1.0000000000000047
semi,once,7,2000009,2,2357.709102642228,3511.5066295759307,1130.6863062355314,1.0204399934541675,True,False,1.0204399934541675
semi,once,7,2000010,2,3511.5066295759307,3612.5141556593253,101.00752608339441,1.0000000000000022,True,False,1.0000000000000022
semi,once,7,2000011,2,3612.5141556593253,4359.881667954254,744.1386016188327,1.0043391253579266,True,True,1.0043391253579266
semi,once,7,3000006,3,2418.338675458701,2445.0559316239596,26.717256165257165,1.0000000000000586,True,False,1.0000000000000586
semi,once,7,3000007,3,2445.0559316239596,2932.1547726585923,486.44082678401566,1.0013527118086845,True,False,1.0013527118086845
semi,once,7,3000008,3,2932.1547726585923,3848.092147089301,915.9373744307104,0.999999999999998,True,False,0.999999999999998
semi,once,7,3000009,3,3848.092147089301,4076.834883056348,228.74273596704626,1.0000000000000047,True,True,1.0000000000000047
semi,once,7,4000006,4,2193.6438453799788,2576.7875425640937,283.5436075005082,1.3512690360456396,True,False,1.3512690360456396
semi,once,7,4000007,4,2576.7875425640937,2777.6396859015017,200.85214333740902,0.9999999999999952,True,False,0.9999999999999952
semi,once,7,4000008,4,2777.6396859015017,2878.6472119848963,101.00752608339441,1.0000000000000022,True,False,1.0000000000000022
semi,once,7,4000009,4,2878.6472119848963,4009.333518220429,1130.6863062355314,1.000000000000001,True,True,1.000000000000001
semi,once,7,5000008,5,2140.3704362646204,3271.0567425001536,1130.6863062355314,1.0000000000000016,True,False,1.0000000000000016
semi,once,7,5000009,5,3271.0567425001536,4186.994116930862,915.9373744307104,0.999999999999998,True,True,0.999999999999998
semi,once,7,6000006,6,2058.270255172525,2117.199765842788,58.92951067026337,0.9999999999999932,True,False,0.9999999999999932
semi,once,7,6000007,6,2117.199765842788,2512.890092156558,372.6508694745985,1.0618258502164628,True,False,1.0618258502164628
semi,once,7,6000008,6,2512.890092156558,2747.6596399324144,186.90687789087698,1.2560776276672043,True,False,1.2560776276672043
semi,once,7,6000009,6,2747.6596399324144,3031.2032474329235,283.5436075005082,1.000000000000003,True,False,1.000000000000003
semi,once,7,6000010,6,3031.2032474329235,3431.744607118434,400.5413596855101,1.000000000000001,True,False,1.000000000000001
semi,once,7,6000011,6,3431.744607118434,4562.430913353967,1130.6863062355314,1.0000000000000016,True,True,1.0000000000000016
semi,once,7,7000009,7,2071.591489778307,3202.27779601384,1130.6863062355314,1.0000000000000016,True,False,1.0000000000000016
semi,once,7,7000010,7,3202.27779601384,3403.129939351248,200.85214333740902,0.9999999999999952,True,False,0.9999999999999952
semi,once,7,7000011,7,3403.129939351248,3686.6735468517572,283.5436075005082,1.000000000000003,True,False,1.000000000000003
semi,once,7,7000012,7,3686.6735468517572,4430.812148470591,744.1386016188327,1.000000000000001,True,True,1.000000000000001
semi,once,7,8000007,8,2813.8123055429633,2928.765126519963,114.952820977,0.9999999999999969,True,False,0.9999999999999969
semi,once,7,8000008,8,2928.765126519963,3157.5078624870102,228.74273596704626,1.0000000000000047,True,False,1.0000000000000047
semi,once,7,8000009,8,3157.5078624870102,3358.3600058244183,200.85214333740902,0.9999999999999952,True,False,0.9999999999999952
semi,once,7,8000010,8,3358.3600058244183,3641.9036133249274,283.5436075005082,1.000000000000003,True,False,1.000000000000003
semi,once,7,8000011,8,3641.9036133249274,3668.620869490186,26.717256165257165,1.0000000000000586,True,False,1.0000000000000586
semi,once,7,8000012,8,3668.620869490186,4069.1622291756967,400.5413596855101,1.000000000000001,True,True,1.000000000000001
semi,once,7,9000004,9,2184.431081440212,2243.360592110475,58.92951067026337,0.9999999999999932,True,False,0.9999999999999932
semi,once,7,9000005,9,2243.360592110475,2812.2175858866703,565.9243027292647,1.005182126006583,True,False,1.005182126006583
semi,once,7,9000006,9,2812.2175858866703,3042.0741252948737,229.85653940820262,1.0000000000000033,True,False,1.0000000000000033
semi,once,7,9000007,9,3042.0741252948737,3090.2662176835856,48.19209238871334,0.99999999999997,True,False,0.99999999999997
semi,once,7,9000008,9,3090.2662176835856,4010.227755613583,915.9373744307104,1.0043934919696758,True,True,1.0043934919696758
semi,once,7,10000011,10,2623.983826224678,2746.4661953852233,122.48236916054397,1.00000000000001,True,False,1.00000000000001
semi,once,7,10000012,10,2746.4661953852233,3877.152501620756,1130.6863062355314,1.000000000000001,True,False,1.000000000000001
semi,once,7,10000013,10,3877.152501620756,4363.593328404773,486.44082678401566,1.000000000000003,True,True,1.000000000000003
semi,once,7,11000005,11,2059.0863918886103,2075.0662294563995,15.979837567787547,1.0000000000001046,True,False,1.0000000000001046
semi,once,7,11000006,11,2075.0662294563995,2190.019050433399,114.952820977,0.9999999999999969,True,False,0.9999999999999969
semi,once,7,11000007,11,2190.019050433399,2934.1576520522326,744.1386016188327,1.000000000000001,True,False,1.000000000000001
semi,once,7,11000008,11,2934.1576520522326,4064.8439582877654,1130.6863062355314,1.000000000000001,True,True,1.000000000000001
semi,once,7,12000007,12,2243.4994029385266,2358.4522239155262,114.952820977,0.9999999999999969,True,False,0.9999999999999969
semi,once,7,12000008,12,2358.4522239155262,3301.8476483326294,915.9373744307104,1.029978086660629,True,False,1.029978086660629
semi,once,7,12000009,12,3301.8476483326294,3530.5903842996768,228.74273596704626,1.0000000000000047,True,False,1.0000000000000047
semi,once,7,12000010,12,3530.5903842996768,3562.676349273722,32.085964974046185,0.9999999999999648,True,False,0.9999999999999648
semi,once,7,12000011,12,3562.676349273722,3610.8684416624337,48.19209238871334,0.99999999999997,True,False,0.99999999999997
semi,once,7,12000012,12,3610.8684416624337,3683.457686091107,72.35128428205302,1.0032889553928663,True,False,1.0032889553928663
semi,once,7,12000013,12,3683.457686091107,3699.437523658896,15.979837567787547,1.0000000000001046,True,False,1.0000000000001046
semi,once,7,12000014,12,3699.437523658896,4833.394218240448,1130.6863062355314,1.0028923922824435,True,True,1.0028923922824435
semi,once,7,13000004,13,2272.293548147415,2373.3010742308097,101.00752608339441,1.0000000000000022,True,False,1.0000000000000022
semi,once,7,13000005,13,2373.3010742308097,2602.043810197857,228.74273596704626,1.0000000000000047,True,False,1.0000000000000047
semi,once,7,13000006,13,2602.043810197857,3352.084955745364,744.1386016188327,1.007932049104607,True,False,1.007932049104607
semi,once,7,13000007,13,3352.084955745364,3918.009258474629,565.9243027292647,1.0000000000000007,True,False,1.0000000000000007
semi,once,7,13000008,13,3918.009258474629,4376.559440188894,458.55018171426593,0.9999999999999978,True,True,0.9999999999999978
semi,once,7,14000003,14,2066.639828536827,2167.6473546202214,101.00752608339441,1.0000000000000022,True,False,1.0000000000000022
semi,once,7,14000004,14,2167.6473546202214,2654.088181404237,486.44082678401566,0.9999999999999994,True,False,0.9999999999999994
semi,once,7,14000005,14,2654.088181404237,3054.6295410897474,400.5413596855101,1.000000000000001,True,False,1.000000000000001
semi,once,7,14000006,14,3054.6295410897474,3970.566915520456,915.9373744307104,0.999999999999998,True,False,0.999999999999998
semi,once,7,14000007,14,3970.566915520456,4429.117097234721,458.55018171426593,0.9999999999999978,True,True,0.9999999999999978
semi,once,7,15000008,15,2058.721046224387,2504.7707090266754,372.6508694745985,1.1969639663827298,True,False,1.1969639663827298
semi,once,7,15000009,15,2504.7707090266754,3452.87199454845,915.9373744307104,1.0351158408740064,True,False,1.0351158408740064
semi,once,7,15000010,15,3452.87199454845,3510.929847181089,58.057852632638046,1.000000000000016,True,False,1.000000000000016
semi,once,7,15000011,15,3510.929847181089,4083.7743069227017,565.9243027292647,1.012228061207081,True,True,1.012228061207081
semi,once,7,16000009,16,2408.7562695483075,2504.799996925559,72.35128428205302,1.3274640295649225,True,False,1.3274640295649225
semi,once,7,16000010,16,2504.799996925559,2748.601857276376,243.80186035081854,0.9999999999999943,True,False,0.9999999999999943
semi,once,7,16000011,16,2748.601857276376,2806.659709909015,58.057852632638046,1.000000000000016,True,False,1.000000000000016
semi,once,7,16000012,16,2806.659709909015,3207.2010695945255,400.5413596855101,1.000000000000001,True,False,1.000000000000001
semi,once,7,16000013,16,3207.2010695945255,4123.138444025234,915.9373744307104,0.999999999999998,True,True,0.999999999999998
semi,once,7,17000007,17,2547.6085132426697,2574.3257694079284,26.717256165257165,1.0000000000000586,True,False,1.0000000000000586
semi,once,7,17000008,17,2574.3257694079284,3057.101117945287,458.55018171426593,1.052829914345532,True,False,1.052829914345532
semi,once,7,17000009,17,3057.101117945287,3801.2397195641206,744.1386016188327,1.000000000000001,True,False,1.000000000000001
semi,once,7,17000010,17,3801.2397195641206,3860.1692302343836,58.92951067026337,0.9999999999999932,True,False,0.9999999999999932
semi,once,7,17000011,17,3860.1692302343836,3982.651599394929,122.48236916054397,1.00000000000001,True,False,1.00000000000001
semi,once,7,17000012,17,3982.651599394929,4898.588973825637,915.9373744307104,0.999999999999998,True,True,0.999999999999998
semi,once,7,18000007,18,2078.8590985935093,2136.9169512261483,58.057852632638046,1.000000000000016,True,False,1.000000000000016
semi,once,7,18000008,18,2136.9169512261483,2337.7690945635563,200.85214333740902,0.9999999999999952,True,False,0.9999999999999952
semi,once,7,18000009,18,2337.7690945635563,2460.2514637241015,122.48236916054397,1.00000000000001,True,False,1.00000000000001
semi,once,7,18000010,18,2460.2514637241015,2704.0533240749187,243.80186035081854,0.9999999999999943,True,False,0.9999999999999943
semi,once,7,18000011,18,2704.0533240749187,3834.7396303104515,1130.6863062355314,1.000000000000001,True,False,1.000000000000001
semi,once,7,18000012,18,3834.7396303104515,4321.180457094469,486.44082678401566,1.000000000000003,True,True,1.000000000000003
semi,once,7,19000006,19,2010.8552573878521,2204.5737034757444,186.90687789087698,1.0364436465574698,True,False,1.0364436465574698
semi,once,7,19000007,19,2204.5737034757444,2319.526524452744,114.952820977,0.9999999999999969,True,False,0.9999999999999969
semi,once,7,19000008,19,2319.526524452744,2392.9331340477297,72.35128428205302,1.0145861310328448,True,False,1.0145861310328448
semi,once,7,19000009,19,2392.9331340477297,2484.4793130775006,58.92951067026337,1.5534861564015383,False,False,1.5534861564015383
semi,once,7,19000010,19,2484.4793130775006,2927.419390405084,372.6508694745985,1.1886194655927835,True,False,1.1886194655927835
semi,once,7,19000011,19,2927.419390405084,3156.1621263721313,228.74273596704626,1.0000000000000047,True,False,1.0000000000000047
semi,once,7,19000012,19,3156.1621263721313,3278.6444955326765,122.48236916054397,1.00000000000001,True,False,1.00000000000001
semi,once,7,19000013,19,3278.6444955326765,4022.78309715151,744.1386016188327,1.000000000000001,True,True,1.000000000000001
semi,once,7,20000002,20,2012.827608660029,2256.6294690108466,243.80186035081854,0.9999999999999961,True,False,0.9999999999999961
semi,once,7,20000003,20,2256.6294690108466,2657.170828696357,400.5413596855101,1.000000000000001,True,False,1.000000000000001
semi,once,7,20000004,20,2657.170828696357,2772.123649673357,114.952820977,0.9999999999999969,True,False,0.9999999999999969
semi,once,7,20000005,20,2772.123649673357,2798.8409058386155,26.717256165257165,1.0000000000000586,True,False,1.0000000000000586
semi,once,7,20000006,20,2798.8409058386155,2856.8987584712545,58.057852632638046,1.000000000000016,True,False,1.000000000000016
semi,once,7,20000007,20,2856.8987584712545,2915.8282691415175,58.92951067026337,0.9999999999999932,True,False,0.9999999999999932
semi,once,7,20000008,20,2915.8282691415175,3150.7760755962017,229.85653940820262,1.02214975940902,True,False,1.02214975940902
semi,once,7,20000009,20,3150.7760755962017,3273.258444756747,122.48236916054397,1.00000000000001,True,False,1.00000000000001
semi,once,7,20000010,20,3273.258444756747,4189.1958191874555,915.9373744307104,0.999999999999998,True,True,0.999999999999998
semi,once,7,21000006,21,2105.714042110603,2389.257649611112,283.5436075005082,1.000000000000003,True,False,1.000000000000003
semi,once,7,21000007,21,2389.257649611112,2492.2153606822944,72.35128428205302,1.4230253421599808,True,False,1.4230253421599808
semi,once,7,21000008,21,2492.2153606822944,3686.1720806257354,1130.6863062355314,1.05595753071297,True,False,1.05595753071297
semi,once,7,21000009,21,3686.1720806257354,4602.109455056444,915.9373744307104,0.999999999999998,True,True,0.999999999999998
semi,once,7,22000005,22,2025.779810251303,2783.713615069912,744.1386016188327,1.0185384862037337,True,False,1.0185384862037337
semi,once,7,22000006,22,2783.713615069912,2884.7211411533067,101.00752608339441,1.0000000000000022,True,False,1.0000000000000022
semi,once,7,22000007,22,2884.7211411533067,3124.218534702647,229.85653940820262,1.0419429186829292,True,False,1.0419429186829292
semi,once,7,22000008,22,3124.218534702647,3196.5698189847,72.35128428205302,0.999999999999997,True,False,0.999999999999997
semi,once,7,22000009,22,3196.5698189847,3683.010645768715,486.44082678401566,0.9999999999999994,True,False,0.9999999999999994
semi,once,7,22000010,22,3683.010645768715,3715.0966107427603,32.085964974046185,0.9999999999999648,True,False,0.9999999999999648
semi,once,7,22000011,22,3715.0966107427603,3837.5789799033055,122.48236916054397,1.00000000000001,True,False,1.00000000000001
semi,once,7,22000012,22,3837.5789799033055,3896.5084905735685,58.92951067026337,0.9999999999999932,True,False,0.9999999999999932
semi,once,7,22000013,22,3896.5084905735685,4125.251226540616,228.74273596704626,1.0000000000000047,True,True,1.0000000000000047
semi,once,7,23000008,23,3133.637274178799,3362.3800101458464,228.74273596704626,1.0000000000000047,True,False,1.0000000000000047
semi,once,7,23000009,23,3362.3800101458464,3848.820836929862,486.44082678401566,0.9999999999999994,True,False,0.9999999999999994
semi,once,7,23000010,23,3848.820836929862,3963.7736579068614,114.952820977,0.9999999999999969,True,False,0.9999999999999969
semi,once,7,23000011,23,3963.7736579068614,4422.323839621126,458.55018171426593,0.9999999999999978,True,True,0.9999999999999978
semi,once,7,24000009,24,2468.869426627102,2531.3192036634005,48.19209238871334,1.2958511228892913,True,False,1.2958511228892913
semi,once,7,24000010,24,2531.3192036634005,3017.760030447416,486.44082678401566,0.9999999999999994,True,False,0.9999999999999994
semi,once,7,24000011,24,3017.760030447416,3476.3102121616807,458.55018171426593,0.9999999999999978,True,False,0.9999999999999978
semi,once,7,24000012,24,3476.3102121616807,3706.5039862704803,229.85653940820262,1.0014671529531645,True,False,1.0014671529531645
semi,once,7,24000013,24,3706.5039862704803,4837.190292506013,1130.6863062355314,1.000000000000001,True,True,1.000000000000001
semi,once,7,25000006,25,2248.959761698658,2477.7024976657053,228.74273596704626,1.0000000000000047,True,False,1.0000000000000047
semi,once,7,25000007,25,2477.7024976657053,2535.661368339939,48.19209238871334,1.2026635035213344,True,False,1.2026635035213344
semi,once,7,25000008,25,2535.661368339939,2567.747333313984,32.085964974046185,0.9999999999999648,True,False,0.9999999999999648
semi,once,7,25000009,25,2567.747333313984,2968.2886929994947,400.5413596855101,1.000000000000001,True,False,1.000000000000001
semi,once,7,25000010,25,2968.2886929994947,4098.974999235028,1130.6863062355314,1.0000000000000016,True,True,1.0000000000000016
semi,once,7,26000003,26,2294.667747941754,2354.5125151489697,58.057852632638046,1.0307781720051612,True,False,1.0307781720051612
semi,once,7,26000004,26,2354.5125151489697,2947.7180368118497,565.9243027292647,1.0482064806230218,True,False,1.0482064806230218
semi,once,7,26000005,26,2947.7180368118497,2963.697874379639,15.979837567787547,1.0000000000001046,True,False,1.0000000000001046
semi,once,7,26000006,26,2963.697874379639,3039.556020505842,72.35128428205302,1.0484699322057474,True,False,1.0484699322057474
semi,once,7,26000007,26,3039.556020505842,3066.2732766711006,26.717256165257165,1.0000000000000586,True,False,1.0000000000000586
semi,once,7,26000008,26,3066.2732766711006,3310.674286406738,243.80186035081854,1.0024575258940047,True,False,1.0024575258940047
semi,once,7,26000009,26,3310.674286406738,3594.217893907247,283.5436075005082,1.000000000000003,True,False,1.000000000000003
semi,once,7,26000010,26,3594.217893907247,3709.1707148842465,114.952820977,0.9999999999999969,True,False,0.9999999999999969
semi,once,7,26000011,26,3709.1707148842465,3910.0228582216546,200.85214333740902,0.9999999999999952,True,False,0.9999999999999952
semi,once,7,26000012,26,3910.0228582216546,4138.7655941887015,228.74273596704626,1.0000000000000027,True,True,1.0000000000000027
semi,once,7,27000005,27,2626.8510166911146,2642.830854258904,15.979837567787547,1.0000000000001046,True,False,1.0000000000001046
semi,once,7,27000006,27,2642.830854258904,2871.573590225951,228.74273596704626,1.0000000000000047,True,False,1.0000000000000047
semi,once,7,27000007,27,2871.573590225951,3073.906396266312,186.90687789087698,1.0825326939466091,True,False,1.0825326939466091
semi,once,7,27000008,27,3073.906396266312,3560.3472230503276,486.44082678401566,0.9999999999999994,True,False,0.9999999999999994
semi,once,7,27000009,27,3560.3472230503276,4126.271525779593,565.9243027292647,1.0000000000000007,True,True,1.0000000000000007
semi,once,7,28000004,28,2741.581482575856,2799.639335208495,58.057852632638046,1.000000000000016,True,False,1.000000000000016
semi,once,7,28000005,28,2799.639335208495,3172.2902046830923,372.6508694745985,0.9999999999999963,True,False,0.9999999999999963
semi,once,7,28000006,28,3172.2902046830923,3294.7725738436375,122.48236916054397,1.00000000000001,True,False,1.00000000000001
semi,once,7,28000007,28,3294.7725738436375,3523.515309810685,228.74273596704626,1.0000000000000047,True,False,1.0000000000000047
semi,once,7,28000008,28,3523.515309810685,4009.9561365947,486.44082678401566,0.9999999999999994,True,True,0.9999999999999994
semi,once,7,29000005,29,2666.3710780406755,3152.811904824691,486.44082678401566,0.9999999999999994,True,False,0.9999999999999994
semi,once,7,29000006,29,3152.811904824691,3339.7187827155676,186.90687789087698,0.9999999999999989,True,False,0.9999999999999989
semi,once,7,29000007,29,3339.7187827155676,3462.201151876113,122.48236916054397,1.00000000000001,True,False,1.00000000000001
semi,once,7,29000008,29,3462.201151876113,3577.1539728531125,114.952820977,0.9999999999999969,True,False,0.9999999999999969
semi,once,7,29000009,29,3577.1539728531125,3638.179992774831,58.057852632638046,1.0511243036813942,True,False,1.0511243036813942
semi,once,7,29000010,29,3638.179992774831,4770.674825451813,1130.6863062355314,1.0015994944234108,True,True,1.0015994944234108
semi,once,7,30000006,30,2365.1819954763287,2391.8992516415874,26.717256165257165,1.0000000000000586,True,False,1.0000000000000586
semi,once,7,30000007,30,2391.8992516415874,2423.9852166156325,32.085964974046185,0.9999999999999648,True,False,0.9999999999999648
semi,once,7,30000008,30,2423.9852166156325,2913.011958840233,486.44082678401566,1.0053159917881094,True,False,1.0053159917881094
semi,once,7,30000009,30,2913.011958840233,3196.555566340742,283.5436075005082,1.000000000000003,True,False,1.000000000000003
semi,once,7,30000010,30,3196.555566340742,3297.563092424137,101.00752608339441,1.0000000000000022,True,False,1.0000000000000022
semi,once,7,30000011,30,3297.563092424137,3498.415235761545,200.85214333740902,0.9999999999999952,True,False,0.9999999999999952
semi,once,7,30000012,30,3498.415235761545,3620.89760492209,122.48236916054397,1.00000000000001,True,False,1.00000000000001
semi,once,7,30000013,30,3620.89760492209,3864.699465272907,243.80186035081854,0.9999999999999943,True,False,0.9999999999999943
semi,once,7,30000014,30,3864.699465272907,4265.240824958416,400.5413596855101,0.9999999999999966,True,True,0.9999999999999966
semi,once,7,31000004,31,2228.989328849338,2287.047181481977,58.057852632638046,1.000000000000016,True,False,1.000000000000016
semi,once,7,31000005,31,2287.047181481977,2345.97669215224,58.92951067026337,0.9999999999999932,True,False,0.9999999999999932
semi,once,7,31000006,31,2345.97669215224,2753.566372869658,400.5413596855101,1.0175969868316272,True,False,1.0175969868316272
semi,once,7,31000007,31,2753.566372869658,3884.2526791051914,1130.6863062355314,1.0000000000000016,True,False,1.0000000000000016
semi,once,7,31000008,31,3884.2526791051914,3910.96993527045,26.717256165257165,1.0000000000000586,True,False,1.0000000000000586
semi,once,7,31000009,31,3910.96993527045,4111.822078607858,200.85214333740902,0.9999999999999952,True,True,0.9999999999999952
near35,baseline,7,5,0,2906.8879726166106,3150.6898329674277,243.80186035081854,1.0,True,False,0.9999999999999943
near35,baseline,7,6,0,3150.6898329674277,3351.5419763048358,200.85214333740902,1.0,True,False,0.9999999999999952
near35,baseline,7,7,0,3351.5419763048358,3474.024345465381,122.48236916054397,1.0,True,False,1.00000000000001
near35,baseline,7,8,0,3474.024345465381,3674.876488802789,200.85214333740902,1.0,True,False,0.9999999999999952
near35,baseline,7,9,0,3674.876488802789,3805.578130433586,72.35128428205302,1.806486822283236,False,False,1.806486822283236
near35,baseline,7,10,0,3805.578130433586,4377.286937544585,565.9243027292647,1.0102213394156034,True,True,1.0102213394156034
near35,baseline,7,1000006,1,2131.597008704811,2246.5498296818105,114.952820977,1.0,True,False,0.9999999999999969
near35,baseline,7,1000007,1,2246.5498296818105,2990.688431300644,744.1386016188327,1.0,True,False,1.000000000000001
near35,baseline,7,1000008,1,2990.688431300644,4121.374737536177,1130.6863062355314,1.0,True,True,1.0000000000000016
near35,baseline,7,2000007,2,2884.476680296584,3113.2194162636315,228.74273596704626,1.0,True,False,1.0000000000000047
near35,baseline,7,2000008,2,3113.2194162636315,3165.015506082204,15.979837567787547,3.2413401950332696,False,False,3.2413401950332696
near35,baseline,7,2000009,2,3165.015506082204,3369.7800513154352,200.85214333740902,1.0194790149152149,True,False,1.0194790149152149
near35,baseline,7,2000010,2,3369.7800513154352,3828.3302330297,458.55018171426593,1.0,True,False,0.9999999999999978
near35,baseline,7,2000011,2,3828.3302330297,4314.771059813717,486.44082678401566,1.0,True,True,1.000000000000003
near35,baseline,7,3000006,3,2151.924622384359,2266.8774433613585,114.952820977,1.0,True,False,0.9999999999999969
near35,baseline,7,3000007,3,2266.8774433613585,2381.830264338358,114.952820977,1.0,True,False,0.9999999999999969
near35,baseline,7,3000008,3,2381.830264338358,2625.6321246891753,243.80186035081854,1.0,True,False,0.9999999999999943
near35,baseline,7,3000009,3,2625.6321246891753,2998.2829941637724,372.6508694745985,1.0,True,False,0.9999999999999963
near35,baseline,7,3000010,3,2998.2829941637724,3199.1351375011805,200.85214333740902,1.0,True,False,0.9999999999999952
near35,baseline,7,3000011,3,3199.1351375011805,3657.6853192154454,458.55018171426593,1.0,True,False,0.9999999999999978
near35,baseline,7,3000012,3,3657.6853192154454,4401.823920834278,744.1386016188327,1.0,True,True,1.0000000000000004
near35,baseline,7,4000007,4,2547.378801253027,2791.1806616038443,243.80186035081854,1.0,True,False,0.9999999999999943
near35,baseline,7,4000008,4,2791.1806616038443,3277.6214883878597,486.44082678401566,1.0,True,False,0.9999999999999994
near35,baseline,7,4000009,4,3277.6214883878597,3478.4736317252678,200.85214333740902,1.0,True,False,0.9999999999999952
near35,baseline,7,4000010,4,3478.4736317252678,3722.275492076085,243.80186035081854,1.0,True,False,0.9999999999999943
near35,baseline,7,4000011,4,3722.275492076085,4180.82567379035,458.55018171426593,1.0,True,True,0.9999999999999988
near35,baseline,7,5000006,5,2124.5354064699995,2210.303867824893,72.35128428205302,1.185444905449574,True,False,1.185444905449574
near35,baseline,7,5000007,5,2210.303867824893,2314.632009032211,101.00752608339441,1.0328749277670846,True,False,1.0328749277670846
near35,baseline,7,5000008,5,2314.632009032211,2687.282878506808,372.6508694745985,1.0,True,False,0.9999999999999963
near35,baseline,7,5000009,5,2687.282878506808,3059.9337479814053,372.6508694745985,1.0,True,False,0.9999999999999963
near35,baseline,7,5000010,5,3059.9337479814053,3119.95132337431,58.92951067026337,1.0184638343381058,True,False,1.0184638343381058
near35,baseline,7,5000011,5,3119.95132337431,3582.5514081737374,458.55018171426593,1.008831973569438,True,False,1.008831973569438
near35,baseline,7,5000012,5,3582.5514081737374,4148.475710903002,565.9243027292647,1.0,True,True,1.0000000000000007
near35,baseline,7,6000005,6,2323.511085655522,2724.0524453410326,400.5413596855101,1.0,True,False,1.000000000000001
near35,baseline,7,6000006,6,2724.0524453410326,2839.005266318032,114.952820977,1.0,True,False,0.9999999999999969
near35,baseline,7,6000007,6,2839.005266318032,3969.6915725535655,1130.6863062355314,1.0,True,False,1.0000000000000016
near35,baseline,7,6000008,6,3969.6915725535655,4428.24175426783,458.55018171426593,1.0,True,True,0.9999999999999978
near35,baseline,7,7000005,7,2213.7628763929793,2614.30423607849,400.5413596855101,1.0,True,False,1.000000000000001
near35,baseline,7,7000006,7,2614.30423607849,2986.955105553087,372.6508694745985,1.0,True,False,0.9999999999999963
near35,baseline,7,7000007,7,2986.955105553087,3445.505287267352,458.55018171426593,1.0,True,False,0.9999999999999978
near35,baseline,7,7000008,7,3445.505287267352,3674.248023234399,228.74273596704626,1.0,True,False,1.0000000000000047
near35,baseline,7,7000009,7,3674.248023234399,4590.185397665108,915.9373744307104,1.0,True,True,0.9999999999999986
near35,baseline,7,8000006,8,2398.43240998656,3142.5710116053933,744.1386016188327,1.0,True,False,1.000000000000001
near35,baseline,7,8000007,8,3142.5710116053933,3195.087507663873,26.717256165257165,1.9656395751735793,False,False,1.9656395751735793
near35,baseline,7,8000008,8,3195.087507663873,3238.7731614073846,32.085964974046185,1.3615190872036445,True,False,1.3615190872036445
near35,baseline,7,8000009,8,3238.7731614073846,3809.038669296144,565.9243027292647,1.007670999705364,True,False,1.007670999705364
near35,baseline,7,8000010,8,3809.038669296144,4374.962972025407,565.9243027292647,1.0,True,True,0.9999999999999973
near35,baseline,7,9000007,9,2153.164099017946,2250.356287627326,58.92951067026337,1.6492957009810125,False,False,1.6492957009810125
near35,baseline,7,9000008,9,2250.356287627326,2650.8976473128364,400.5413596855101,1.0,True,False,1.000000000000001
near35,baseline,7,9000009,9,2650.8976473128364,3566.8350217435454,915.9373744307104,1.0,True,False,0.9999999999999986
near35,baseline,7,9000010,9,3566.8350217435454,3810.6368820943626,243.80186035081854,1.0,True,False,0.9999999999999943
near35,baseline,7,9000011,9,3810.6368820943626,3849.6342996919593,15.979837567787547,2.4404138923294467,False,False,2.4404138923294467
near35,baseline,7,9000012,9,3849.6342996919593,4085.9619229063924,228.74273596704626,1.0331590300138733,True,True,1.0331590300138733
near35,baseline,7,10000005,10,2449.740575800729,2522.0918600827817,72.35128428205302,1.0,True,False,0.999999999999997
near35,baseline,7,10000006,10,2522.0918600827817,3088.016162812047,565.9243027292647,1.0,True,False,1.0000000000000007
near35,baseline,7,10000007,10,3088.016162812047,3147.470382661382,48.19209238871334,1.2336924358830967,True,False,1.2336924358830967
near35,baseline,7,10000008,10,3147.470382661382,3892.5136836691263,744.1386016188327,1.0012157673139703,True,False,1.0012157673139703
near35,baseline,7,10000009,10,3892.5136836691263,4121.256419636174,228.74273596704626,1.0,True,True,1.0000000000000047
near35,baseline,7,11000010,11,2349.6575036053437,2593.459363956161,243.80186035081854,1.0,True,False,0.9999999999999943
near35,baseline,7,11000011,11,2593.459363956161,3509.3967383868694,915.9373744307104,1.0,True,False,0.999999999999998
near35,baseline,7,11000012,11,3509.3967383868694,3624.349559363869,114.952820977,1.0,True,False,0.9999999999999969
near35,baseline,7,11000013,11,3624.349559363869,4368.4881609827025,744.1386016188327,1.0,True,True,1.000000000000001
near35,baseline,7,12000006,12,2151.7739647135645,2241.7751261283024,58.92951067026337,1.527268093542031,False,False,1.527268093542031
near35,baseline,7,12000007,12,2241.7751261283024,2356.727947105302,114.952820977,1.0,True,False,0.9999999999999969
near35,baseline,7,12000008,12,2356.727947105302,2600.529807456119,243.80186035081854,1.0,True,False,0.9999999999999943
near35,baseline,7,12000009,12,2600.529807456119,3166.4541101853843,565.9243027292647,1.0,True,False,1.0000000000000007
near35,baseline,7,12000010,12,3166.4541101853843,3625.004291899649,458.55018171426593,1.0,True,False,0.9999999999999978
near35,baseline,7,12000011,12,3625.004291899649,3853.7470278666965,228.74273596704626,1.0,True,False,1.0000000000000047
near35,baseline,7,12000012,12,3853.7470278666965,4226.397897341295,372.6508694745985,1.0,True,True,1.0
near35,baseline,7,13000003,13,2104.3283868582703,2670.2526895875353,565.9243027292647,1.0,True,False,1.0000000000000007
near35,baseline,7,13000004,13,2670.2526895875353,3414.391291206369,744.1386016188327,1.0,True,False,1.000000000000001
near35,baseline,7,13000005,13,3414.391291206369,3658.193151557186,243.80186035081854,1.0,True,False,0.9999999999999943
near35,baseline,7,13000006,13,3658.193151557186,4030.844021031783,372.6508694745985,1.0,True,True,0.9999999999999963
near35,baseline,7,14000008,14,2300.580138141051,3431.2664443765843,1130.6863062355314,1.0,True,False,1.0000000000000016
near35,baseline,7,14000009,14,3431.2664443765843,3889.8166260908492,458.55018171426593,1.0,True,False,0.9999999999999978
near35,baseline,7,14000010,14,3889.8166260908492,4262.467495565448,372.6508694745985,1.0,True,True,1.000000000000001
near35,baseline,7,15000006,15,2505.4144237394685,2563.4722763721074,58.057852632638046,1.0,True,False,1.000000000000016
near35,baseline,7,15000007,15,2563.4722763721074,3479.409650802816,915.9373744307104,1.0,True,False,0.999999999999998
near35,baseline,7,15000008,15,3479.409650802816,3680.261794140224,200.85214333740902,1.0,True,False,0.9999999999999952
near35,baseline,7,15000009,15,3680.261794140224,4810.948100375757,1130.6863062355314,1.0,True,True,1.0000000000000016
near35,baseline,7,16000010,16,2008.4807995032954,3142.73948502028,1130.6863062355314,1.0031594786827718,True,False,1.0031594786827718
near35,baseline,7,16000011,16,3142.73948502028,3708.663787749545,565.9243027292647,1.0,True,False,1.0000000000000007
near35,baseline,7,16000012,16,3708.663787749545,3909.515931086953,200.85214333740902,1.0,True,False,0.9999999999999952
near35,baseline,7,16000013,16,3909.515931086953,4139.372470495156,229.85653940820262,1.0,True,True,1.0000000000000033
near35,baseline,7,17000006,17,2066.6170578115716,2295.359793778619,228.74273596704626,1.0,True,False,1.0000000000000047
near35,baseline,7,17000007,17,2295.359793778619,2539.161654129436,243.80186035081854,1.0,True,False,0.9999999999999943
near35,baseline,7,17000008,17,2539.161654129436,3105.085956858701,565.9243027292647,1.0,True,False,1.0000000000000007
near35,baseline,7,17000009,17,3105.085956858701,3671.010259587966,565.9243027292647,1.0,True,False,1.0000000000000007
near35,baseline,7,17000010,17,3671.010259587966,3792.709078423884,114.952820977,1.0586849265775526,True,False,1.0586849265775526
near35,baseline,7,17000011,17,3792.709078423884,4193.250438109394,400.5413596855101,1.0,True,True,1.0
near35,baseline,7,18000009,18,2166.6625902812398,2410.464450632057,243.80186035081854,1.0,True,False,0.9999999999999943
near35,baseline,7,18000010,18,2410.464450632057,3154.6030522508904,744.1386016188327,1.0,True,False,1.000000000000001
near35,baseline,7,18000011,18,3154.6030522508904,3527.2539217254875,372.6508694745985,1.0,True,False,0.9999999999999963
near35,baseline,7,18000012,18,3527.2539217254875,3728.1060650628956,200.85214333740902,1.0,True,False,0.9999999999999952
near35,baseline,7,18000013,18,3728.1060650628956,4472.244666681729,744.1386016188327,1.0,True,True,1.0000000000000004
near35,baseline,7,19000008,19,2116.651856995165,2860.7904586139985,744.1386016188327,1.0,True,False,1.000000000000001
near35,baseline,7,19000009,19,2860.7904586139985,3426.7147613432635,565.9243027292647,1.0,True,False,1.0000000000000007
near35,baseline,7,19000010,19,3426.7147613432635,3913.155588127279,486.44082678401566,1.0,True,False,0.9999999999999994
near35,baseline,7,19000011,19,3913.155588127279,4371.705769841544,458.55018171426593,1.0,True,True,0.9999999999999978
near35,baseline,7,20000008,20,2399.700156975153,2643.50201732597,243.80186035081854,1.0,True,False,0.9999999999999943
near35,baseline,7,20000009,20,2643.50201732597,2872.2447532930173,228.74273596704626,1.0,True,False,1.0000000000000047
near35,baseline,7,20000010,20,2872.2447532930173,2987.197574270017,114.952820977,1.0,True,False,0.9999999999999969
near35,baseline,7,20000011,20,2987.197574270017,3102.1503952470166,114.952820977,1.0,True,False,0.9999999999999969
near35,baseline,7,20000012,20,3102.1503952470166,3161.2199295961695,58.057852632638046,1.017425407083454,True,False,1.017425407083454
near35,baseline,7,20000013,20,3161.2199295961695,3205.594211998253,32.085964974046185,1.3829810771774176,True,False,1.3829810771774176
near35,baseline,7,20000014,20,3205.594211998253,3410.349437663076,200.85214333740902,1.019432614771043,True,False,1.019432614771043
near35,baseline,7,20000015,20,3410.349437663076,3654.151298013893,243.80186035081854,1.0,True,False,0.9999999999999943
near35,baseline,7,20000016,20,3654.151298013893,4026.8021674884903,372.6508694745985,1.0,True,True,0.9999999999999963
near35,baseline,7,21000006,21,2277.3864687790865,2392.339289756086,114.952820977,1.0,True,False,0.9999999999999969
near35,baseline,7,21000007,21,2392.339289756086,2445.9117306037624,48.19209238871334,1.111643802795809,True,False,1.111643802795809
near35,baseline,7,21000008,21,2445.9117306037624,2646.7638739411705,200.85214333740902,1.0,True,False,0.9999999999999952
near35,baseline,7,21000009,21,2646.7638739411705,3212.6881766704355,565.9243027292647,1.0,True,False,1.0000000000000007
near35,baseline,7,21000010,21,3212.6881766704355,3270.7460293030745,58.057852632638046,1.0,True,False,1.000000000000016
near35,baseline,7,21000011,21,3270.7460293030745,4187.084140281234,915.9373744307104,1.0004375152260798,True,True,1.0004375152260798
near35,baseline,7,22000006,22,2136.9270602760016,2537.468419961512,400.5413596855101,1.0,True,False,1.000000000000001
near35,baseline,7,22000007,22,2537.468419961512,2781.2702803123293,243.80186035081854,1.0,True,False,0.9999999999999943
near35,baseline,7,22000008,22,2781.2702803123293,3267.7111070963447,486.44082678401566,1.0,True,False,0.9999999999999994
near35,baseline,7,22000009,22,3267.7111070963447,3640.361976570942,372.6508694745985,1.0,True,False,0.9999999999999963
near35,baseline,7,22000010,22,3640.361976570942,4098.912158285207,458.55018171426593,1.0,True,True,0.9999999999999978
near35,baseline,7,23000008,23,2214.3088602267467,3344.9951664622795,1130.6863062355314,1.0,True,False,1.000000000000001
near35,baseline,7,23000009,23,3344.9951664622795,3459.947987439279,114.952820977,1.0,True,False,0.9999999999999969
near35,baseline,7,23000010,23,3459.947987439279,3689.8045268474825,229.85653940820262,1.0,True,False,1.0000000000000033
near35,baseline,7,23000011,23,3689.8045268474825,4433.943128466316,744.1386016188327,1.0,True,True,1.000000000000001
near35,baseline,7,24000004,24,2370.170441915156,2742.821311389753,372.6508694745985,1.0,True,False,0.9999999999999963
near35,baseline,7,24000005,24,2742.821311389753,3658.7586858204622,915.9373744307104,1.0,True,False,0.9999999999999986
near35,baseline,7,24000006,24,3658.7586858204622,3774.960041139301,48.19209238871334,2.4112120798069667,False,False,2.4112120798069667
near35,baseline,7,24000007,24,3774.960041139301,4025.7703453858653,243.80186035081854,1.0287464742297732,True,True,1.0287464742297732
near35,baseline,7,25000005,25,2482.877729721814,2883.4190894073245,400.5413596855101,1.0,True,False,1.000000000000001
near35,baseline,7,25000006,25,2883.4190894073245,3799.356463838033,915.9373744307104,1.0,True,False,0.999999999999998
near35,baseline,7,25000007,25,3799.356463838033,4043.15832418885,243.80186035081854,1.0,True,True,0.9999999999999943
near35,baseline,7,26000006,26,2054.367091330514,2454.9084510160246,400.5413596855101,1.0,True,False,1.000000000000001
near35,baseline,7,26000007,26,2454.9084510160246,2827.5593204906218,372.6508694745985,1.0,True,False,0.9999999999999963
near35,baseline,7,26000008,26,2827.5593204906218,3057.415859898825,229.85653940820262,1.0,True,False,1.0000000000000033
near35,baseline,7,26000009,26,3057.415859898825,3340.9594673993342,283.5436075005082,1.0,True,False,1.000000000000003
near35,baseline,7,26000010,26,3340.9594673993342,3541.8116107367423,200.85214333740902,1.0,True,False,0.9999999999999952
near35,baseline,7,26000011,26,3541.8116107367423,3656.764431713742,114.952820977,1.0,True,False,0.9999999999999969
near35,baseline,7,26000012,26,3656.764431713742,3789.7634460971085,122.48236916054397,1.0858625228667635,True,False,1.0858625228667635
near35,baseline,7,26000013,26,3789.7634460971085,3904.716267074108,114.952820977,1.0,True,False,0.9999999999999969
near35,baseline,7,26000014,26,3904.716267074108,3934.2037645115165,26.717256165257165,1.1036873418069626,True,False,1.1036873418069626
near35,baseline,7,26000015,26,3934.2037645115165,3956.068166900776,15.979837567787547,1.3682493515036729,True,False,1.3682493515036729
near35,baseline,7,26000016,26,3956.068166900776,5094.37964358682,1130.6863062355314,1.0067438425746036,True,True,1.0067438425746036
near35,baseline,7,27000005,27,2399.5931435978396,2965.5174463271046,565.9243027292647,1.0,True,False,1.0000000000000007
near35,baseline,7,27000006,27,2965.5174463271046,3424.0676280413695,458.55018171426593,1.0,True,False,0.9999999999999978
near35,baseline,7,27000007,27,3424.0676280413695,3624.9197713787776,200.85214333740902,1.0,True,False,0.9999999999999952
near35,baseline,7,27000008,27,3624.9197713787776,3751.3945343539444,122.48236916054397,1.0325956612530074,True,False,1.0325956612530074
near35,baseline,7,27000009,27,3751.3945343539444,4888.2020477403075,1130.6863062355314,1.0054137094586486,True,True,1.0054137094586486
near35,baseline,7,28000004,28,2128.608518510695,2587.15870022496,458.55018171426593,1.0,True,False,0.9999999999999978
near35,baseline,7,28000005,28,2587.15870022496,2648.6137126470944,48.19209238871334,1.2752094664502975,True,False,1.2752094664502975
near35,baseline,7,28000006,28,2648.6137126470944,2892.4155729979116,243.80186035081854,1.0,True,False,0.9999999999999943
near35,baseline,7,28000007,28,2892.4155729979116,3007.368393974911,114.952820977,1.0,True,False,0.9999999999999969
near35,baseline,7,28000008,28,3007.368393974911,3465.918575689176,458.55018171426593,1.0,True,False,0.9999999999999978
near35,baseline,7,28000009,28,3465.918575689176,3580.8713966661758,114.952820977,1.0,True,False,0.9999999999999969
near35,baseline,7,28000010,28,3580.8713966661758,3781.723540003584,200.85214333740902,1.0,True,False,0.9999999999999952
near35,baseline,7,28000011,28,3781.723540003584,3844.419297567622,32.085964974046185,1.9539932059002023,False,False,1.9539932059002023
near35,baseline,7,28000012,28,3844.419297567622,4132.034767096104,283.5436075005082,1.0143606200960333,True,True,1.0143606200960333
near35,baseline,7,29000003,29,2298.223335817609,2356.851627754652,48.19209238871334,1.21655419034625,True,False,1.21655419034625
near35,baseline,7,29000004,29,2356.851627754652,3100.9902293734854,744.1386016188327,1.0,True,False,1.000000000000001
near35,baseline,7,29000005,29,3100.9902293734854,4016.9276038041944,915.9373744307104,1.0,True,True,0.9999999999999986
near35,baseline,7,30000007,30,2015.514000953893,2216.366144291301,200.85214333740902,1.0,True,False,0.9999999999999963
near35,baseline,7,30000008,30,2216.366144291301,2331.318965268301,114.952820977,1.0,True,False,0.9999999999999969
near35,baseline,7,30000009,30,2331.318965268301,2560.061701235348,228.74273596704626,1.0,True,False,1.0000000000000047
near35,baseline,7,30000010,30,2560.061701235348,2789.9182406435516,229.85653940820262,1.0,True,False,1.0000000000000033
near35,baseline,7,30000011,30,2789.9182406435516,3033.7201009943687,243.80186035081854,1.0,True,False,0.9999999999999943
near35,baseline,7,30000012,30,3033.7201009943687,3492.2702827086337,458.55018171426593,1.0,True,False,0.9999999999999978
near35,baseline,7,30000013,30,3492.2702827086337,3607.2231036856333,114.952820977,1.0,True,False,0.9999999999999969
near35,baseline,7,30000014,30,3607.2231036856333,3794.12998157651,186.90687789087698,1.0,True,False,0.9999999999999989
near35,baseline,7,30000015,30,3794.12998157651,3994.982124913918,200.85214333740902,1.0,True,False,0.9999999999999952
near35,baseline,7,30000016,30,3994.982124913918,4560.90642764318,565.9243027292647,1.0,True,True,0.999999999999995
near35,baseline,7,31000005,31,2262.529443079997,3393.21574931553,1130.6863062355314,1.0,True,False,1.0000000000000016
near35,baseline,7,31000006,31,3393.21574931553,3637.017609666347,243.80186035081854,1.0,True,False,0.9999999999999943
near35,baseline,7,31000007,31,3637.017609666347,3768.107028250429,122.48236916054397,1.0702717418231513,True,False,1.0702717418231513
near35,baseline,7,31000008,31,3768.107028250429,4339.591090986968,565.9243027292647,1.0098242114368683,True,True,1.0098242114368683
near35,baseline,19,10,0,2148.7469484628828,2206.8048010955217,58.057852632638046,1.0,True,False,1.000000000000016
near35,baseline,19,11,0,2206.8048010955217,2407.65694443293,200.85214333740902,1.0,True,False,0.9999999999999952
near35,baseline,19,12,0,2407.65694443293,2866.2071261471947,458.55018171426593,1.0,True,False,0.9999999999999978
near35,baseline,19,13,0,2866.2071261471947,3432.1314288764597,565.9243027292647,1.0,True,False,1.0000000000000007
near35,baseline,19,14,0,3432.1314288764597,4176.270030495293,744.1386016188327,1.0,True,True,1.000000000000001
near35,baseline,19,1000005,1,2255.0893263500284,3385.7756325855617,1130.6863062355314,1.0,True,False,1.0000000000000016
near35,baseline,19,1000006,1,3385.7756325855617,3786.316992271072,400.5413596855101,1.0,True,False,1.000000000000001
near35,baseline,19,1000007,1,3786.316992271072,4702.254366701781,915.9373744307104,1.0,True,True,0.999999999999998
near35,baseline,19,2000008,2,2350.7092070942376,2809.2593888085025,458.55018171426593,1.0,True,False,0.9999999999999978
near35,baseline,19,2000009,2,2809.2593888085025,3209.800748494013,400.5413596855101,1.0,True,False,1.000000000000001
near35,baseline,19,2000010,2,3209.800748494013,3668.350930208278,458.55018171426593,1.0,True,False,0.9999999999999978
near35,baseline,19,2000011,2,3668.350930208278,4068.8922898937885,400.5413596855101,1.0,True,True,1.000000000000001
near35,baseline,19,3000009,3,2419.8113649622733,2985.7356676915383,565.9243027292647,1.0,True,False,1.0000000000000007
near35,baseline,19,3000010,3,2985.7356676915383,3214.4784036585856,228.74273596704626,1.0,True,False,1.0000000000000047
near35,baseline,19,3000011,3,3214.4784036585856,3243.8718723800366,26.717256165257165,1.1001679416344379,True,False,1.1001679416344379
near35,baseline,19,3000012,3,3243.8718723800366,3991.0860847232907,744.1386016188327,1.00413311541389,True,False,1.00413311541389
near35,baseline,19,3000013,3,3991.0860847232907,4449.636266437556,458.55018171426593,1.0,True,True,0.9999999999999978
near35,baseline,19,4000007,4,2039.0461499268536,2267.788885893901,228.74273596704626,1.0,True,False,1.0000000000000047
near35,baseline,19,4000008,4,2267.788885893901,2468.641029231309,200.85214333740902,1.0,True,False,0.9999999999999952
near35,baseline,19,4000009,4,2468.641029231309,3384.578403662018,915.9373744307104,1.0,True,False,0.9999999999999986
near35,baseline,19,4000010,4,3384.578403662018,3499.5312246390176,114.952820977,1.0,True,False,0.9999999999999969
near35,baseline,19,4000011,4,3499.5312246390176,3622.013593799563,122.48236916054397,1.0,True,False,1.00000000000001
near35,baseline,19,4000012,4,3622.013593799563,4080.5637755138277,458.55018171426593,1.0,True,True,0.9999999999999978
near35,baseline,19,5000008,5,2763.6428735075833,2878.595694484583,114.952820977,1.0,True,False,0.9999999999999969
near35,baseline,19,5000009,5,2878.595694484583,3079.447837821991,200.85214333740902,1.0,True,False,0.9999999999999952
near35,baseline,19,5000010,5,3079.447837821991,3266.354715712868,186.90687789087698,1.0,True,False,0.9999999999999989
near35,baseline,19,5000011,5,3266.354715712868,3724.9048974271327,458.55018171426593,1.0,True,False,0.9999999999999978
near35,baseline,19,5000012,5,3724.9048974271327,4290.829200156397,565.9243027292647,1.0,True,True,0.999999999999999
near35,baseline,19,6000009,6,2286.3402019501837,2852.2645046794487,565.9243027292647,1.0,True,False,1.0000000000000007
near35,baseline,19,6000010,6,2852.2645046794487,3082.121044087652,229.85653940820262,1.0,True,False,1.0000000000000033
near35,baseline,19,6000011,6,3082.121044087652,3568.5618708716675,486.44082678401566,1.0,True,False,0.9999999999999994
near35,baseline,19,6000012,6,3568.5618708716675,3683.514691848667,114.952820977,1.0,True,False,0.9999999999999969
near35,baseline,19,6000013,6,3683.514691848667,3967.058299349176,283.5436075005082,1.0,True,False,1.000000000000003
near35,baseline,19,6000014,6,3967.058299349176,4195.8010353162235,228.74273596704626,1.0,True,True,1.0000000000000047
near35,baseline,19,7000006,7,2020.788480604373,2421.3298402898836,400.5413596855101,1.0,True,False,1.000000000000001
near35,baseline,19,7000007,7,2421.3298402898836,2622.1819836272916,200.85214333740902,1.0,True,False,0.9999999999999952
near35,baseline,19,7000008,7,2622.1819836272916,3538.119358058,915.9373744307104,1.0,True,False,0.999999999999998
near35,baseline,19,7000009,7,3538.119358058,3589.0814757607527,48.19209238871334,1.0574788347369597,True,False,1.0574788347369597
near35,baseline,19,7000010,7,3589.0814757607527,3659.4324993071323,58.92951067026337,1.1938165232700575,True,False,1.1938165232700575
near35,baseline,19,7000011,7,3659.4324993071323,4059.973858992643,400.5413596855101,1.0,True,True,1.000000000000001
near35,baseline,19,8000005,8,2228.6575765842517,2687.2077582985166,458.55018171426593,1.0,True,False,0.9999999999999978
near35,baseline,19,8000006,8,2687.2077582985166,3059.8586277731138,372.6508694745985,1.0,True,False,0.9999999999999963
near35,baseline,19,8000007,8,3059.8586277731138,3303.660488123931,243.80186035081854,1.0,True,False,0.9999999999999943
near35,baseline,19,8000008,8,3303.660488123931,3547.462348474748,243.80186035081854,1.0,True,False,0.9999999999999943
near35,baseline,19,8000009,8,3547.462348474748,3748.314491812156,200.85214333740902,1.0,True,False,0.9999999999999952
near35,baseline,19,8000010,8,3748.314491812156,3978.1710312203595,229.85653940820262,1.0,True,False,1.0000000000000033
near35,baseline,19,8000011,8,3978.1710312203595,4001.8509444813535,15.979837567787547,1.4818619501319843,True,True,1.4818619501319843
near35,baseline,19,9000006,9,2172.7522062181856,2287.7050271951853,114.952820977,1.0,True,False,0.9999999999999969
near35,baseline,19,9000007,9,2287.7050271951853,2402.657848172185,114.952820977,1.0,True,False,0.9999999999999969
near35,baseline,19,9000008,9,2402.657848172185,2646.459708523002,243.80186035081854,1.0,True,False,0.9999999999999943
near35,baseline,19,9000009,9,2646.459708523002,3019.110577997599,372.6508694745985,1.0,True,False,0.9999999999999963
near35,baseline,19,9000010,9,3019.110577997599,3391.7614474721963,372.6508694745985,1.0,True,False,0.9999999999999963
near35,baseline,19,9000011,9,3391.7614474721963,4135.900049091029,744.1386016188327,1.0,True,True,1.0000000000000004
near35,baseline,19,10000003,10,2190.105730156601,2219.917723782559,26.717256165257165,1.1158329074497144,True,False,1.1158329074497144
near35,baseline,19,10000004,10,2219.917723782559,2285.7679320897905,58.92951067026337,1.1174402698792578,True,False,1.1174402698792578
near35,baseline,19,10000005,10,2285.7679320897905,2486.6200754271986,200.85214333740902,1.0,True,False,0.9999999999999952
near35,baseline,19,10000006,10,2486.6200754271986,2716.476614835402,229.85653940820262,1.0,True,False,1.0000000000000033
near35,baseline,19,10000007,10,2716.476614835402,2753.4029556832993,32.085964974046185,1.1508564843777163,True,False,1.1508564843777163
near35,baseline,19,10000008,10,2753.4029556832993,3040.1263693198653,283.5436075005082,1.011214522394239,True,False,1.011214522394239
near35,baseline,19,10000009,10,3040.1263693198653,3240.9785126572733,200.85214333740902,1.0,True,False,0.9999999999999952
near35,baseline,19,10000010,10,3240.9785126572733,3355.931333634273,114.952820977,1.0,True,False,0.9999999999999969
near35,baseline,19,10000011,10,3355.931333634273,3728.58220310887,372.6508694745985,1.0,True,False,0.9999999999999963
near35,baseline,19,10000012,10,3728.58220310887,3972.3840634596872,243.80186035081854,1.0,True,False,0.9999999999999943
near35,baseline,19,10000013,10,3972.3840634596872,4430.934245173952,458.55018171426593,1.0,True,True,0.9999999999999978
near35,baseline,19,11000007,11,2125.2218034959037,2326.0739468333118,200.85214333740902,1.0,True,False,0.9999999999999952
near35,baseline,19,11000008,11,2326.0739468333118,2569.875807184129,243.80186035081854,1.0,True,False,0.9999999999999943
near35,baseline,19,11000009,11,2569.875807184129,2598.1116483367905,15.979837567787547,1.766966718709326,False,False,1.766966718709326
near35,baseline,19,11000010,11,2598.1116483367905,3168.144268078922,565.9243027292647,1.0072594815120213,True,False,1.0072594815120213
near35,baseline,19,11000011,11,3168.144268078922,3734.068570808187,565.9243027292647,1.0,True,False,1.0000000000000007
near35,baseline,19,11000012,11,3734.068570808187,3807.661357652539,72.35128428205302,1.0171593714557912,True,False,1.0171593714557912
near35,baseline,19,11000013,11,3807.661357652539,4270.100855348961,458.55018171426593,1.0084817673991882,True,True,1.0084817673991882
near35,baseline,19,12000005,12,2083.8512923851176,2127.632288108822,26.717256165257165,1.6386785923262923,False,False,1.6386785923262923
near35,baseline,19,12000006,12,2127.632288108822,2528.2412783713316,400.5413596855101,1.000168847923851,True,False,1.000168847923851
near35,baseline,19,12000007,12,2528.2412783713316,2811.7848858718407,283.5436075005082,1.0,True,False,1.000000000000003
near35,baseline,19,12000008,12,2811.7848858718407,3184.435755346438,372.6508694745985,1.0,True,False,0.9999999999999963
near35,baseline,19,12000009,12,3184.435755346438,3642.985937060703,458.55018171426593,1.0,True,False,0.9999999999999978
near35,baseline,19,12000010,12,3642.985937060703,4558.923311491411,915.9373744307104,1.0,True,True,0.999999999999998
near35,baseline,19,13000005,13,2008.1469749044663,2291.6905824049754,283.5436075005082,1.0,True,False,1.000000000000003
near35,baseline,19,13000006,13,2291.6905824049754,2492.5427257423835,200.85214333740902,1.0,True,False,0.9999999999999952
near35,baseline,19,13000007,13,2492.5427257423835,2693.3948690797915,200.85214333740902,1.0,True,False,0.9999999999999952
near35,baseline,19,13000008,13,2693.3948690797915,3179.835695863807,486.44082678401566,1.0,True,False,0.9999999999999994
near35,baseline,19,13000009,13,3179.835695863807,3638.385877578072,458.55018171426593,1.0,True,False,0.9999999999999978
near35,baseline,19,13000010,13,3638.385877578072,4096.936059292337,458.55018171426593,1.0,True,True,0.9999999999999978
near35,baseline,19,14000007,14,2274.242939157526,2674.7842988430366,400.5413596855101,1.0,True,False,1.000000000000001
near35,baseline,19,14000008,14,2674.7842988430366,3133.3344805573015,458.55018171426593,1.0,True,False,0.9999999999999978
near35,baseline,19,14000009,14,3133.3344805573015,3377.1363409081187,243.80186035081854,1.0,True,False,0.9999999999999943
near35,baseline,19,14000010,14,3377.1363409081187,3660.6799484086278,283.5436075005082,1.0,True,False,1.000000000000003
near35,baseline,19,14000011,14,3660.6799484086278,4033.330817883225,372.6508694745985,1.0,True,True,0.9999999999999963
near35,baseline,19,15000005,15,2435.1326426562027,2550.0854636332024,114.952820977,1.0,True,False,0.9999999999999969
near35,baseline,19,15000006,15,2550.0854636332024,2672.5678327937476,122.48236916054397,1.0,True,False,1.00000000000001
near35,baseline,19,15000007,15,2672.5678327937476,3045.2187022683447,372.6508694745985,1.0,True,False,0.9999999999999963
near35,baseline,19,15000008,15,3045.2187022683447,3146.2262283517393,101.00752608339441,1.0,True,False,1.0000000000000022
near35,baseline,19,15000009,15,3146.2262283517393,3546.76758803725,400.5413596855101,1.0,True,False,1.000000000000001
near35,baseline,19,15000010,15,3546.76758803725,3566.7303926463424,15.979837567787547,1.2492495323815973,True,False,1.2492495323815973
near35,baseline,19,15000011,15,3566.7303926463424,3812.996033839587,243.80186035081854,1.0101056687544592,True,False,1.0101056687544592
near35,baseline,19,15000012,15,3812.996033839587,4378.920336568851,565.9243027292647,1.0,True,True,0.9999999999999982
near35,baseline,19,16000007,16,2777.8725201634616,3178.413879848972,400.5413596855101,1.0,True,False,1.000000000000001
near35,baseline,19,16000008,16,3178.413879848972,3422.2157401997893,243.80186035081854,1.0,True,False,0.9999999999999943
near35,baseline,19,16000009,16,3422.2157401997893,4552.9020464353225,1130.6863062355314,1.0,True,True,1.0000000000000016
near35,baseline,19,17000007,17,2909.139700144553,3137.8824361116003,228.74273596704626,1.0,True,False,1.0000000000000047
near35,baseline,19,17000008,17,3137.8824361116003,4053.819810542309,915.9373744307104,1.0,True,True,0.999999999999998
near35,baseline,19,18000006,18,2111.2120534688775,2511.753413154388,400.5413596855101,1.0,True,False,1.000000000000001
near35,baseline,19,18000007,18,2511.753413154388,2970.303594868653,458.55018171426593,1.0,True,False,0.9999999999999978
near35,baseline,19,18000008,18,2970.303594868653,4100.989901104186,1130.6863062355314,1.0,True,True,1.0000000000000016
near35,baseline,19,19000008,19,2107.219842574488,2308.0719859118963,200.85214333740902,1.0,True,False,0.9999999999999952
near35,baseline,19,19000009,19,2308.0719859118963,2680.7228553864934,372.6508694745985,1.0,True,False,0.9999999999999963
near35,baseline,19,19000010,19,2680.7228553864934,3139.2730371007583,458.55018171426593,1.0,True,False,0.9999999999999978
near35,baseline,19,19000011,19,3139.2730371007583,3625.7138638847737,486.44082678401566,1.0,True,False,0.9999999999999994
near35,baseline,19,19000012,19,3625.7138638847737,3855.570403292977,229.85653940820262,1.0,True,False,1.0000000000000033
near35,baseline,19,19000013,19,3855.570403292977,3929.875099277844,72.35128428205302,1.0269989914097295,True,False,1.0269989914097295
near35,baseline,19,19000014,19,3929.875099277844,4173.676959628661,243.80186035081854,1.0,True,True,0.9999999999999943
near35,baseline,19,20000007,20,2304.2409224853945,2340.380608785955,32.085964974046185,1.1263393926220715,True,False,1.1263393926220715
near35,baseline,19,20000008,20,2340.380608785955,2541.232752123363,200.85214333740902,1.0,True,False,0.9999999999999952
near35,baseline,19,20000009,20,2541.232752123363,2913.88362159796,372.6508694745985,1.0,True,False,0.9999999999999963
near35,baseline,19,20000010,20,2913.88362159796,3314.4249812834705,400.5413596855101,1.0,True,False,1.000000000000001
near35,baseline,19,20000011,20,3314.4249812834705,3800.865808067486,486.44082678401566,1.0,True,False,0.9999999999999994
near35,baseline,19,20000012,20,3800.865808067486,4201.4071677529955,400.5413596855101,1.0,True,True,0.9999999999999989
near35,baseline,19,21000005,21,2369.0912456606575,2827.6414273749224,458.55018171426593,1.0,True,False,0.9999999999999978
near35,baseline,19,21000006,21,2827.6414273749224,2903.969538604585,58.92951067026337,1.2952442733955856,True,False,1.2952442733955856
near35,baseline,19,21000007,21,2903.969538604585,3026.4519077651303,122.48236916054397,1.0,True,False,1.00000000000001
near35,baseline,19,21000008,21,3026.4519077651303,3227.3040511025383,200.85214333740902,1.0,True,False,0.9999999999999952
near35,baseline,19,21000009,21,3227.3040511025383,3627.845410788049,400.5413596855101,1.0,True,False,1.000000000000001
near35,baseline,19,21000010,21,3627.845410788049,3857.7019501962523,229.85653940820262,1.0,True,False,1.0000000000000033
near35,baseline,19,21000011,21,3857.7019501962523,4344.142776980269,486.44082678401566,1.0,True,True,1.000000000000003
near35,baseline,19,22000009,22,2341.277577841223,2713.92844731582,372.6508694745985,1.0,True,False,0.9999999999999963
near35,baseline,19,22000010,22,2713.92844731582,2914.780590653228,200.85214333740902,1.0,True,False,0.9999999999999952
near35,baseline,19,22000011,22,2914.780590653228,4045.466896888761,1130.6863062355314,1.0,True,True,1.000000000000001
near35,baseline,19,23000005,23,2326.9154212324815,2376.9022619706748,48.19209238871334,1.037241552722044,True,False,1.037241552722044
near35,baseline,19,23000006,23,2376.9022619706748,2491.8550829476744,114.952820977,1.0,True,False,0.9999999999999969
near35,baseline,19,23000007,23,2491.8550829476744,2864.5059524222715,372.6508694745985,1.0,True,False,0.9999999999999963
near35,baseline,19,23000008,23,2864.5059524222715,3430.4302551515366,565.9243027292647,1.0,True,False,1.0000000000000007
near35,baseline,19,23000009,23,3430.4302551515366,3508.411746168339,72.35128428205302,1.0778176474767296,True,False,1.0778176474767296
near35,baseline,19,23000010,23,3508.411746168339,4639.098052403872,1130.6863062355314,1.0,True,True,1.0000000000000016
near35,baseline,19,24000006,24,2039.6534867297746,2098.0836326993217,58.057852632638046,1.0064124544747586,True,False,1.0064124544747586
near35,baseline,19,24000007,24,2098.0836326993217,2558.0596712155693,458.55018171426593,1.003109489122109,True,False,1.003109489122109
near35,baseline,19,24000008,24,2558.0596712155693,3016.6098529298342,458.55018171426593,1.0,True,False,0.9999999999999978
near35,baseline,19,24000009,24,3016.6098529298342,3051.8503491592146,32.085964974046185,1.0983149878112075,True,False,1.0983149878112075
near35,baseline,19,24000010,24,3051.8503491592146,3511.1914890312105,458.55018171426593,1.0017249107933466,True,False,1.0017249107933466
near35,baseline,19,24000011,24,3511.1914890312105,3626.14431000821,114.952820977,1.0,True,False,0.9999999999999969
near35,baseline,19,24000012,24,3626.14431000821,3741.09713098521,114.952820977,1.0,True,False,0.9999999999999969
near35,baseline,19,24000013,24,3741.09713098521,4307.0214337144735,565.9243027292647,1.0,True,True,0.9999999999999982
near35,baseline,19,25000006,25,2539.259690516411,2997.809872230676,458.55018171426593,1.0,True,False,0.9999999999999978
near35,baseline,19,25000007,25,2997.809872230676,3226.552608197723,228.74273596704626,1.0,True,False,1.0000000000000047
near35,baseline,19,25000008,25,3226.552608197723,3427.4047515351313,200.85214333740902,1.0,True,False,0.9999999999999952
near35,baseline,19,25000009,25,3427.4047515351313,3472.3562853655535,26.717256165257165,1.6824906551922327,False,False,1.6824906551922327
near35,baseline,19,25000010,25,3472.3562853655535,3845.8225423751574,372.6508694745985,1.0021880736147348,True,False,1.0021880736147348
near35,baseline,19,25000011,25,3845.8225423751574,4046.6746857125654,200.85214333740902,1.0,True,True,0.9999999999999952
near35,baseline,19,26000005,26,2224.7039212992545,2711.14474808327,486.44082678401566,1.0,True,False,0.9999999999999994
near35,baseline,19,26000006,26,2711.14474808327,3627.082122513979,915.9373744307104,1.0,True,False,0.9999999999999986
near35,baseline,19,26000007,26,3627.082122513979,3827.934265851387,200.85214333740902,1.0,True,False,0.9999999999999952
near35,baseline,19,26000008,26,3827.934265851387,4028.786409188795,200.85214333740902,1.0,True,True,0.9999999999999952
near35,baseline,19,27000008,27,2082.188956975936,3212.8752632114692,1130.6863062355314,1.0,True,False,1.0000000000000016
near35,baseline,19,27000009,27,3212.8752632114692,3233.729290887912,15.979837567787547,1.3050212549394649,True,False,1.3050212549394649
near35,baseline,19,27000010,27,3233.729290887912,3278.7435680816816,32.085964974046185,1.4029273306936771,True,False,1.4029273306936771
near35,baseline,19,27000011,27,3278.7435680816816,3507.486304048729,228.74273596704626,1.0,True,False,1.0000000000000047
near35,baseline,19,27000012,27,3507.486304048729,3966.036485762994,458.55018171426593,1.0,True,False,0.9999999999999978
near35,baseline,19,27000013,27,3966.036485762994,4338.687355237594,372.6508694745985,1.0,True,True,1.0000000000000036
near35,baseline,19,28000007,28,2319.027906820345,2805.4687336043603,486.44082678401566,1.0,True,False,0.9999999999999994
near35,baseline,19,28000008,28,2805.4687336043603,2927.9511027649055,122.48236916054397,1.0,True,False,1.00000000000001
near35,baseline,19,28000009,28,2927.9511027649055,3171.7529631157227,243.80186035081854,1.0,True,False,0.9999999999999943
near35,baseline,19,28000010,28,3171.7529631157227,3455.2965706162317,283.5436075005082,1.0,True,False,1.000000000000003
near35,baseline,19,28000011,28,3455.2965706162317,4371.233945046941,915.9373744307104,1.0,True,True,0.9999999999999986
near35,baseline,19,29000007,29,2717.573536028626,3090.2244055032234,372.6508694745985,1.0,True,False,0.9999999999999963
near35,baseline,19,29000008,29,3090.2244055032234,4006.161779933932,915.9373744307104,1.0,True,True,0.999999999999998
near35,baseline,19,30000006,30,2864.799651060035,3093.5423870270824,228.74273596704626,1.0,True,False,1.0000000000000047
near35,baseline,19,30000007,30,3093.5423870270824,3579.983213811098,486.44082678401566,1.0,True,False,0.9999999999999994
near35,baseline,19,30000008,30,3579.983213811098,4145.907516540363,565.9243027292647,1.0,True,True,1.0000000000000007
near35,baseline,19,31000008,31,2075.7104087884136,2534.2605905026785,458.55018171426593,1.0,True,False,0.9999999999999978
near35,baseline,19,31000009,31,2534.2605905026785,3278.399192121512,744.1386016188327,1.0,True,False,1.000000000000001
near35,baseline,19,31000010,31,3278.399192121512,3508.2557315297154,229.85653940820262,1.0,True,False,1.0000000000000033
near35,baseline,19,31000011,31,3508.2557315297154,4252.394333148549,744.1386016188327,1.0,True,True,1.000000000000001
near35,baseline,43,8,0,2104.64187779479,2226.1416614476993,32.085964974046185,3.786695639392126,False,False,3.786695639392126
near35,baseline,43,9,0,2226.1416614476993,2811.316250659701,565.9243027292647,1.0340156561396978,True,False,1.0340156561396978
near35,baseline,43,10,0,2811.316250659701,3094.85985816021,283.5436075005082,1.0,True,False,1.000000000000003
near35,baseline,43,11,0,3094.85985816021,4225.546164395743,1130.6863062355314,1.0,True,True,1.0000000000000016
near35,baseline,43,1000005,1,2207.0649700855824,2435.80770605263,228.74273596704626,1.0,True,False,1.0000000000000047
near35,baseline,43,1000006,1,2435.80770605263,2922.248532836645,486.44082678401566,1.0,True,False,0.9999999999999994
near35,baseline,43,1000007,1,2922.248532836645,3152.1050722448485,229.85653940820262,1.0,True,False,1.0000000000000033
near35,baseline,43,1000008,1,3152.1050722448485,3610.6552539591135,458.55018171426593,1.0,True,False,0.9999999999999978
near35,baseline,43,1000009,1,3610.6552539591135,4354.7938555779465,744.1386016188327,1.0,True,True,1.0000000000000004
near35,baseline,43,2000008,2,2888.5507731668085,2920.6320603977206,26.717256165257165,1.2007702824150859,True,False,1.2007702824150859
near35,baseline,43,2000009,2,2920.6320603977206,3489.81944715696,565.9243027292647,1.005765937271536,True,False,1.005765937271536
near35,baseline,43,2000010,2,3489.81944715696,3568.922245286507,72.35128428205302,1.093315742968348,True,False,1.093315742968348
near35,baseline,43,2000011,2,3568.922245286507,4140.109888457077,565.9243027292647,1.009300431905685,True,True,1.009300431905685
near35,baseline,43,3000004,3,2072.443757346441,2211.8925997987003,72.35128428205302,1.9273858624075588,False,False,1.9273858624075588
near35,baseline,43,3000005,3,2211.8925997987003,2964.6506362191913,744.1386016188327,1.0115831039848049,True,False,1.0115831039848049
near35,baseline,43,3000006,3,2964.6506362191913,3880.5880106499,915.9373744307104,1.0,True,False,0.999999999999998
near35,baseline,43,3000007,3,3880.5880106499,4446.512313379163,565.9243027292647,1.0,True,True,0.9999999999999973
near35,baseline,43,4000003,4,2257.9407626899406,2372.8935836669402,114.952820977,1.0,True,False,0.9999999999999969
near35,baseline,43,4000004,4,2372.8935836669402,2938.8178863962053,565.9243027292647,1.0,True,False,1.0000000000000007
near35,baseline,43,4000005,4,2938.8178863962053,2972.4155275660514,15.979837567787547,2.1025020453006924,False,False,2.1025020453006924
near35,baseline,43,4000006,4,2972.4155275660514,3891.4554436630915,915.9373744307104,1.0033872858046196,True,False,1.0033872858046196
near35,baseline,43,4000007,4,3891.4554436630915,3947.89457841521,32.085964974046185,1.7589975803368034,False,False,1.7589975803368034
near35,baseline,43,4000008,4,3947.89457841521,4412.038201519438,458.55018171426593,1.0121981009124263,True,True,1.0121981009124263
near35,baseline,43,5000008,5,2096.751926827548,2283.6588047184246,186.90687789087698,1.0,True,False,0.9999999999999989
near35,baseline,43,5000009,5,2283.6588047184246,2770.09963150244,486.44082678401566,1.0,True,False,0.9999999999999994
near35,baseline,43,5000010,5,2770.09963150244,2970.951774839848,200.85214333740902,1.0,True,False,0.9999999999999952
near35,baseline,43,5000011,5,2970.951774839848,3715.0903764586815,744.1386016188327,1.0,True,False,1.000000000000001
near35,baseline,43,5000012,5,3715.0903764586815,3779.6977716371866,58.92951067026337,1.0963504438380978,True,False,1.0963504438380978
near35,baseline,43,5000013,5,3779.6977716371866,4241.799672133584,458.55018171426593,1.0077455400166968,True,True,1.0077455400166968
near35,baseline,43,6000004,6,2457.0645518052456,3373.0019262359547,915.9373744307104,1.0,True,False,0.9999999999999986
near35,baseline,43,6000005,6,3373.0019262359547,3450.853412185385,72.35128428205302,1.0760207883240247,True,False,1.0760207883240247
near35,baseline,43,6000006,6,3450.853412185385,3694.9435315299315,243.80186035081854,1.0011823494427534,True,False,1.0011823494427534
near35,baseline,43,6000007,6,3694.9435315299315,3809.896352506931,114.952820977,1.0,True,False,0.9999999999999969
near35,baseline,43,6000008,6,3809.896352506931,3846.920959977667,32.085964974046185,1.1539190889438498,True,False,1.1539190889438498
near35,baseline,43,6000009,6,3846.920959977667,4335.796304429306,486.44082678401566,1.0050047560434396,True,True,1.0050047560434396
near35,baseline,43,7000004,7,2036.754323126486,2180.2190921082706,72.35128428205302,1.9828918091143202,False,False,1.9828918091143202
near35,baseline,43,7000005,7,2180.2190921082706,2418.778989657975,229.85653940820262,1.0378643051179226,True,False,1.0378643051179226
near35,baseline,43,7000006,7,2418.778989657975,2877.32917137224,458.55018171426593,1.0,True,False,0.9999999999999978
near35,baseline,43,7000007,7,2877.32917137224,2911.6144975315096,26.717256165257165,1.283265240532214,True,False,1.283265240532214
near35,baseline,43,7000008,7,2911.6144975315096,3284.6717005478,372.6508694745985,1.0010903866728251,True,False,1.0010903866728251
near35,baseline,43,7000009,7,3284.6717005478,3685.2130602333104,400.5413596855101,1.0,True,False,1.000000000000001
near35,baseline,43,7000010,7,3685.2130602333104,4171.653887017326,486.44082678401566,1.0,True,True,1.0000000000000004
near35,baseline,43,8000002,8,2085.6765676291325,3001.613942059841,915.9373744307104,1.0,True,False,0.999999999999998
near35,baseline,43,8000003,8,3001.613942059841,3460.164123774106,458.55018171426593,1.0,True,False,0.9999999999999978
near35,baseline,43,8000004,8,3460.164123774106,3690.0206631823094,229.85653940820262,1.0,True,False,1.0000000000000033
near35,baseline,43,8000005,8,3690.0206631823094,4255.9449659115735,565.9243027292647,1.0,True,True,0.999999999999999
near35,baseline,43,9000009,9,2400.8861194410138,3145.0247210598473,744.1386016188327,1.0,True,False,1.000000000000001
near35,baseline,43,9000010,9,3145.0247210598473,3603.574902774112,458.55018171426593,1.0,True,False,0.9999999999999978
near35,baseline,43,9000011,9,3603.574902774112,4169.499205503376,565.9243027292647,1.0,True,True,0.999999999999999
near35,baseline,43,10000005,10,2385.513429338235,2500.4662503152344,114.952820977,1.0,True,False,0.9999999999999969
near35,baseline,43,10000006,10,2500.4662503152344,2572.8175345972872,72.35128428205302,1.0,True,False,0.999999999999997
near35,baseline,43,10000007,10,2572.8175345972872,2635.329102976644,58.92951067026337,1.060785465013222,True,False,1.060785465013222
near35,baseline,43,10000008,10,2635.329102976644,3121.7699297606596,486.44082678401566,1.0,True,False,0.9999999999999994
near35,baseline,43,10000009,10,3121.7699297606596,3351.626469168863,229.85653940820262,1.0,True,False,1.0000000000000033
near35,baseline,43,10000010,10,3351.626469168863,3595.42832951968,243.80186035081854,1.0,True,False,0.9999999999999943
near35,baseline,43,10000011,10,3595.42832951968,4053.978511233945,458.55018171426593,1.0,True,True,0.9999999999999978
near35,baseline,43,11000004,11,2001.175863768381,2229.918599735428,228.74273596704626,1.0,True,False,1.0000000000000027
near35,baseline,43,11000005,11,2229.918599735428,2688.468781449693,458.55018171426593,1.0,True,False,0.9999999999999978
near35,baseline,43,11000006,11,2688.468781449693,2803.4216024266925,114.952820977,1.0,True,False,0.9999999999999969
near35,baseline,43,11000007,11,2803.4216024266925,3934.107908662226,1130.6863062355314,1.0,True,False,1.0000000000000016
near35,baseline,43,11000008,11,3934.107908662226,4420.548735446244,486.44082678401566,1.0,True,True,1.000000000000005
near35,baseline,43,12000004,12,2058.6434534389164,2166.166144746015,26.717256165257165,4.024466084467165,False,False,4.024466084467165
near35,baseline,43,12000005,12,2166.166144746015,2424.3210665820343,243.80186035081854,1.0588718292163453,True,False,1.0588718292163453
near35,baseline,43,12000006,12,2424.3210665820343,2882.871248296299,458.55018171426593,1.0,True,False,0.9999999999999978
near35,baseline,43,12000007,12,2882.871248296299,3255.5221177708963,372.6508694745985,1.0,True,False,0.9999999999999963
near35,baseline,43,12000008,12,3255.5221177708963,3539.0657252714054,283.5436075005082,1.0,True,False,1.000000000000003
near35,baseline,43,12000009,12,3539.0657252714054,4104.9900280006705,565.9243027292647,1.0,True,True,1.0000000000000007
near35,baseline,43,13000004,13,2742.896985844872,2776.3250709225367,32.085964974046185,1.0418288838968808,True,False,1.0418288838968808
near35,baseline,43,13000005,13,2776.3250709225367,2963.2319488134135,186.90687789087698,1.0,True,False,0.9999999999999989
near35,baseline,43,13000006,13,2963.2319488134135,3085.7143179739587,122.48236916054397,1.0,True,False,1.00000000000001
near35,baseline,43,13000007,13,3085.7143179739587,3458.365187448556,372.6508694745985,1.0,True,False,0.9999999999999963
near35,baseline,43,13000008,13,3458.365187448556,3490.292489520741,26.717256165257165,1.1950067729523515,True,False,1.1950067729523515
near35,baseline,43,13000009,13,3490.292489520741,3719.0352254877885,228.74273596704626,1.0,True,False,1.0000000000000047
near35,baseline,43,13000010,13,3719.0352254877885,4463.1738271066215,744.1386016188327,1.0,True,True,1.0000000000000004
near35,baseline,43,14000007,14,2323.88588329954,2696.5367527741373,372.6508694745985,1.0,True,False,0.9999999999999963
near35,baseline,43,14000008,14,2696.5367527741373,2751.230840806687,48.19209238871334,1.1349183096552802,True,False,1.1349183096552802
near35,baseline,43,14000009,14,2751.230840806687,2952.082984144095,200.85214333740902,1.0,True,False,0.9999999999999952
near35,baseline,43,14000010,14,2952.082984144095,3324.733853618692,372.6508694745985,1.0,True,False,0.9999999999999963
near35,baseline,43,14000011,14,3324.733853618692,3553.4765895857395,228.74273596704626,1.0,True,False,1.0000000000000047
near35,baseline,43,14000012,14,3553.4765895857395,3656.329474919265,101.00752608339441,1.0182695222988394,True,False,1.0182695222988394
near35,baseline,43,14000013,14,3656.329474919265,4572.266849349974,915.9373744307104,1.0,True,True,0.9999999999999986
near35,baseline,43,15000004,15,2067.8553525978627,2526.4055343121277,458.55018171426593,1.0,True,False,0.9999999999999978
near35,baseline,43,15000005,15,2526.4055343121277,3442.3429087428367,915.9373744307104,1.0,True,False,0.9999999999999986
near35,baseline,43,15000006,15,3442.3429087428367,4358.280283173545,915.9373744307104,1.0,True,True,0.999999999999998
near35,baseline,43,16000006,16,2075.972042590651,2820.1106442094847,744.1386016188327,1.0,True,False,1.000000000000001
near35,baseline,43,16000007,16,2820.1106442094847,3048.853380176532,228.74273596704626,1.0,True,False,1.0000000000000047
near35,baseline,43,16000008,16,3048.853380176532,3535.2942069605474,486.44082678401566,1.0,True,False,0.9999999999999994
near35,baseline,43,16000009,16,3535.2942069605474,3935.835566646058,400.5413596855101,1.0,True,False,1.000000000000001
near35,baseline,43,16000010,16,3935.835566646058,4394.385748360323,458.55018171426593,1.0,True,True,0.9999999999999988
near35,baseline,43,17000007,17,2661.110965432508,3119.6611471467727,458.55018171426593,1.0,True,False,0.9999999999999978
near35,baseline,43,17000008,17,3119.6611471467727,3320.5132904841807,200.85214333740902,1.0,True,False,0.9999999999999952
near35,baseline,43,17000009,17,3320.5132904841807,3721.0546501696913,400.5413596855101,1.0,True,False,1.000000000000001
near35,baseline,43,17000010,17,3721.0546501696913,4093.7055196442884,372.6508694745985,1.0,True,True,0.9999999999999963
near35,baseline,43,18000003,18,2329.4743318129586,2702.1252012875557,372.6508694745985,1.0,True,False,0.9999999999999963
near35,baseline,43,18000004,18,2702.1252012875557,3188.566028071571,486.44082678401566,1.0,True,False,0.9999999999999994
near35,baseline,43,18000005,18,3188.566028071571,3561.216897546168,372.6508694745985,1.0,True,False,0.9999999999999963
near35,baseline,43,18000006,18,3561.216897546168,3748.123775437045,186.90687789087698,1.0,True,False,0.9999999999999989
near35,baseline,43,18000007,18,3748.123775437045,4314.048078166308,565.9243027292647,1.0,True,True,0.9999999999999973
near35,baseline,43,19000005,19,2024.3913168028043,2122.3301685277775,32.085964974046185,3.052389161560024,False,False,3.052389161560024
near35,baseline,43,19000006,19,2122.3301685277775,2364.733057310569,228.74273596704626,1.0597184114196894,True,False,1.0597184114196894
near35,baseline,43,19000007,19,2364.733057310569,2442.088109137228,48.19209238871334,1.6051399304831908,False,False,1.6051399304831908
near35,baseline,43,19000008,19,2442.088109137228,2846.025012938212,400.5413596855101,1.0084773869997845,True,False,1.0084773869997845
near35,baseline,43,19000009,19,2846.025012938212,2968.5073820987573,122.48236916054397,1.0,True,False,1.00000000000001
near35,baseline,43,19000010,19,2968.5073820987573,3341.1582515733544,372.6508694745985,1.0,True,False,0.9999999999999963
near35,baseline,43,19000011,19,3341.1582515733544,3417.491211829615,72.35128428205302,1.0550325542071328,True,False,1.0550325542071328
near35,baseline,43,19000012,19,3417.491211829615,4161.629813448449,744.1386016188327,1.0,True,True,1.000000000000001
near35,baseline,43,20000006,20,2483.2424721547454,2855.8933416293426,372.6508694745985,1.0,True,False,0.9999999999999963
near35,baseline,43,20000007,20,2855.8933416293426,2970.846162606342,114.952820977,1.0,True,False,0.9999999999999969
near35,baseline,43,20000008,20,2970.846162606342,3886.7835370370512,915.9373744307104,1.0,True,False,0.9999999999999986
near35,baseline,43,20000009,20,3886.7835370370512,3947.9994275939966,48.19209238871334,1.2702476178702349,True,False,1.2702476178702349
near35,baseline,43,20000010,20,3947.9994275939966,4407.19246787686,458.55018171426593,1.0014019372235208,True,True,1.0014019372235208
near35,baseline,43,21000008,21,2382.0118753594875,2483.019401442882,101.00752608339441,1.0,True,False,1.0000000000000022
near35,baseline,43,21000009,21,2483.019401442882,3398.956775873591,915.9373744307104,1.0,True,False,0.9999999999999986
near35,baseline,43,21000010,21,3398.956775873591,3513.909596850591,114.952820977,1.0,True,False,0.9999999999999969
near35,baseline,43,21000011,21,3513.909596850591,3714.761740187999,200.85214333740902,1.0,True,False,0.9999999999999952
near35,baseline,43,21000012,21,3714.761740187999,3901.6686180788756,186.90687789087698,1.0,True,False,0.9999999999999989
near35,baseline,43,21000013,21,3901.6686180788756,4016.6214390558753,114.952820977,1.0,True,True,0.9999999999999969
near35,baseline,43,22000005,22,2088.403221462382,2275.865293018358,186.90687789087698,1.0029704292927253,True,False,1.0029704292927253
near35,baseline,43,22000006,22,2275.865293018358,2376.8728191017526,101.00752608339441,1.0,True,False,1.0000000000000022
near35,baseline,43,22000007,22,2376.8728191017526,2577.7249624391607,200.85214333740902,1.0,True,False,0.9999999999999952
near35,baseline,43,22000008,22,2577.7249624391607,3036.2751441534256,458.55018171426593,1.0,True,False,0.9999999999999978
near35,baseline,43,22000009,22,3036.2751441534256,3494.8253258676905,458.55018171426593,1.0,True,False,0.9999999999999978
near35,baseline,43,22000010,22,3494.8253258676905,3539.68474992867,32.085964974046185,1.3981011354112498,True,False,1.3981011354112498
near35,baseline,43,22000011,22,3539.68474992867,3826.914221304494,283.5436075005082,1.0129992839824786,True,False,1.0129992839824786
near35,baseline,43,22000012,22,3826.914221304494,4070.716081655311,243.80186035081854,1.0,True,True,0.9999999999999943
near35,baseline,43,23000005,23,2293.4923813231617,2365.5368385464453,58.92951067026337,1.222553121582906,True,False,1.222553121582906
near35,baseline,43,23000006,23,2365.5368385464453,3282.182288669738,915.9373744307104,1.0007730612510737,True,False,1.0007730612510737
near35,baseline,43,23000007,23,3282.182288669738,4026.3208902885717,744.1386016188327,1.0,True,True,1.000000000000001
near35,baseline,43,24000007,24,2127.218572650327,2259.066930438907,101.00752608339441,1.3053320173362386,True,False,1.3053320173362386
near35,baseline,43,24000008,24,2259.066930438907,2637.921738913822,372.6508694745985,1.0166481269963583,True,False,1.0166481269963583
near35,baseline,43,24000009,24,2637.921738913822,3553.8591133445307,915.9373744307104,1.0,True,False,0.999999999999998
near35,baseline,43,24000010,24,3553.8591133445307,3837.4027208450398,283.5436075005082,1.0,True,False,1.000000000000003
near35,baseline,43,24000011,24,3837.4027208450398,3895.4605734776787,58.057852632638046,1.0,True,False,1.000000000000016
near35,baseline,43,24000012,24,3895.4605734776787,4018.9428010750935,122.48236916054397,1.0081632845912722,True,True,1.0081632845912722
near35,baseline,43,25000007,25,2078.1265627743433,2644.0508655036083,565.9243027292647,1.0,True,False,1.0000000000000007
near35,baseline,43,25000008,25,2644.0508655036083,2872.7936014706556,228.74273596704626,1.0,True,False,1.0000000000000047
near35,baseline,43,25000009,25,2872.7936014706556,4003.479907706189,1130.6863062355314,1.0,True,True,1.0000000000000016
near35,baseline,43,26000005,26,2263.8228422289762,3394.509148464509,1130.6863062355314,1.0,True,False,1.000000000000001
near35,baseline,43,26000006,26,3394.509148464509,3623.2518844315564,228.74273596704626,1.0,True,False,1.0000000000000047
near35,baseline,43,26000007,26,3623.2518844315564,4023.793244117067,400.5413596855101,1.0,True,True,1.000000000000001
near35,baseline,43,27000007,27,2227.5747388252853,2414.6237900595625,186.90687789087698,1.0007606640536961,True,False,1.0007606640536961
near35,baseline,43,27000008,27,2414.6237900595625,2658.4256504103796,243.80186035081854,1.0,True,False,0.9999999999999943
near35,baseline,43,27000009,27,2658.4256504103796,2731.7492196998437,72.35128428205302,1.0134383932097286,True,False,1.0134383932097286
near35,baseline,43,27000010,27,2731.7492196998437,3190.2994014141086,458.55018171426593,1.0,True,False,0.9999999999999978
near35,baseline,43,27000011,27,3190.2994014141086,3756.2237041433737,565.9243027292647,1.0,True,False,1.0000000000000007
near35,baseline,43,27000012,27,3756.2237041433737,3815.273640734662,58.057852632638046,1.0170878514044894,True,False,1.0170878514044894
near35,baseline,43,27000013,27,3815.273640734662,3868.3959934182476,48.19209238871334,1.1023043418639147,True,False,1.1023043418639147
near35,baseline,43,27000014,27,3868.3959934182476,4112.197853769065,243.80186035081854,1.0,True,True,0.9999999999999943
near35,baseline,43,28000011,28,2364.135687383959,2930.059990113224,565.9243027292647,1.0,True,False,1.0000000000000007
near35,baseline,43,28000012,28,2930.059990113224,3845.997364543933,915.9373744307104,1.0,True,False,0.9999999999999986
near35,baseline,43,28000013,28,3845.997364543933,4976.683670779466,1130.6863062355314,1.0,True,True,1.0000000000000016
near35,baseline,43,29000008,29,2790.8849864236454,3163.5358558982425,372.6508694745985,1.0,True,False,0.9999999999999963
near35,baseline,43,29000009,29,3163.5358558982425,3564.077215583753,400.5413596855101,1.0,True,False,1.000000000000001
near35,baseline,43,29000010,29,3564.077215583753,4130.001518313018,565.9243027292647,1.0,True,True,1.0000000000000007
near35,baseline,43,30000009,30,2051.972142340353,2633.519619800326,565.9243027292647,1.0276064743206166,True,False,1.0276064743206166
near35,baseline,43,30000010,30,2633.519619800326,2662.2486629984887,26.717256165257165,1.075299163224768,True,False,1.075299163224768
near35,baseline,43,30000011,30,2662.2486629984887,2909.9926471986164,243.80186035081854,1.0161693755889993,True,False,1.0161693755889993
near35,baseline,43,30000012,30,2909.9926471986164,4040.6789534341497,1130.6863062355314,1.0,True,True,1.0000000000000016
near35,baseline,43,31000011,31,2580.2794922368494,3496.216866667558,915.9373744307104,1.0,True,False,0.999999999999998
near35,baseline,43,31000012,31,3496.216866667558,4412.1542410982665,915.9373744307104,1.0,True,True,0.999999999999998
near35,once,7,5,0,2851.377331265041,3095.179191615858,243.80186035081854,1.0,True,False,0.9999999999999943
near35,once,7,6,0,3095.179191615858,3296.031334953266,200.85214333740902,1.0,True,False,0.9999999999999952
near35,once,7,7,0,3296.031334953266,3418.5137041138114,122.48236916054397,1.0,True,False,1.00000000000001
near35,once,7,8,0,3418.5137041138114,3619.3658474512195,200.85214333740902,1.0,True,False,0.9999999999999952
near35,once,7,9,0,3619.3658474512195,3691.7171317332723,72.35128428205302,1.0,True,False,0.999999999999997
near35,once,7,10,0,3691.7171317332723,4275.039163975721,565.9243027292647,1.0307421494876265,True,True,1.0307421494876265
near35,once,7,1000006,1,2268.8252311381643,2383.778052115164,114.952820977,1.0,True,False,0.9999999999999969
near35,once,7,1000007,1,2383.778052115164,3127.9166537339975,744.1386016188327,1.0,True,False,1.000000000000001
near35,once,7,1000008,1,3127.9166537339975,4258.60295996953,1130.6863062355314,1.0,True,True,1.000000000000001
near35,once,7,2000006,2,2037.4227224281842,2953.3600968588935,915.9373744307104,1.0,True,False,0.9999999999999988
near35,once,7,2000007,2,2953.3600968588935,3182.102832825941,228.74273596704626,1.0,True,False,1.0000000000000047
near35,once,7,2000008,2,3182.102832825941,3198.08267039373,15.979837567787547,1.0,True,False,1.0000000000001046
near35,once,7,2000009,2,3198.08267039373,3400.651305484882,200.85214333740902,1.008546046485844,True,False,1.008546046485844
near35,once,7,2000010,2,3400.651305484882,3859.201487199147,458.55018171426593,1.0,True,False,0.9999999999999978
near35,once,7,2000011,2,3859.201487199147,4345.642313983164,486.44082678401566,1.0,True,True,1.000000000000003
near35,once,7,3000006,3,2219.8782862203734,2334.831107197373,114.952820977,1.0,True,False,0.9999999999999969
near35,once,7,3000007,3,2334.831107197373,2449.7839281743727,114.952820977,1.0,True,False,0.9999999999999969
near35,once,7,3000008,3,2449.7839281743727,2693.58578852519,243.80186035081854,1.0,True,False,0.9999999999999943
near35,once,7,3000009,3,2693.58578852519,3066.236657999787,372.6508694745985,1.0,True,False,0.9999999999999963
near35,once,7,3000010,3,3066.236657999787,3267.088801337195,200.85214333740902,1.0,True,False,0.9999999999999952
near35,once,7,3000011,3,3267.088801337195,3725.63898305146,458.55018171426593,1.0,True,False,0.9999999999999978
near35,once,7,3000012,3,3725.63898305146,4469.777584670293,744.1386016188327,1.0,True,True,1.000000000000001
near35,once,7,4000007,4,2478.7122278925626,2722.51408824338,243.80186035081854,1.0,True,False,0.9999999999999943
near35,once,7,4000008,4,2722.51408824338,3208.954915027395,486.44082678401566,1.0,True,False,0.9999999999999994
near35,once,7,4000009,4,3208.954915027395,3409.807058364803,200.85214333740902,1.0,True,False,0.9999999999999952
near35,once,7,4000010,4,3409.807058364803,3653.6089187156203,243.80186035081854,1.0,True,False,0.9999999999999943
near35,once,7,4000011,4,3653.6089187156203,4112.159100429885,458.55018171426593,1.0,True,True,0.9999999999999978
near35,once,7,5000005,5,2002.5725319531489,2231.3152679201958,228.74273596704626,1.0,True,False,1.0000000000000027
near35,once,7,5000006,5,2231.3152679201958,2303.6665522022486,72.35128428205302,1.0,True,False,0.999999999999997
near35,once,7,5000007,5,2303.6665522022486,2404.674078285643,101.00752608339441,1.0,True,False,1.0000000000000022
near35,once,7,5000008,5,2404.674078285643,2777.3249477602403,372.6508694745985,1.0,True,False,0.9999999999999963
near35,once,7,5000009,5,2777.3249477602403,3149.9758172348375,372.6508694745985,1.0,True,False,0.9999999999999963
near35,once,7,5000010,5,3149.9758172348375,3209.245555883368,58.92951067026337,1.0057734736704498,True,False,1.0057734736704498
near35,once,7,5000011,5,3209.245555883368,3673.6108032123248,458.55018171426593,1.0126814160076252,True,False,1.0126814160076252
near35,once,7,5000012,5,3673.6108032123248,4239.535105941589,565.9243027292647,1.0,True,True,0.999999999999999
near35,once,7,6000005,6,2288.0904539459793,2688.63181363149,400.5413596855101,1.0,True,False,1.000000000000001
near35,once,7,6000006,6,2688.63181363149,2803.5846346084895,114.952820977,1.0,True,False,0.9999999999999969
near35,once,7,6000007,6,2803.5846346084895,3934.2709408440223,1130.6863062355314,1.0,True,False,1.000000000000001
near35,once,7,6000008,6,3934.2709408440223,4392.821122558287,458.55018171426593,1.0,True,True,0.9999999999999978
near35,once,7,7000006,7,2350.1950678900143,2722.8459373646115,372.6508694745985,1.0,True,False,0.9999999999999963
near35,once,7,7000007,7,2722.8459373646115,3181.3961190788764,458.55018171426593,1.0,True,False,0.9999999999999978
near35,once,7,7000008,7,3181.3961190788764,3410.1388550459237,228.74273596704626,1.0,True,False,1.0000000000000047
near35,once,7,7000009,7,3410.1388550459237,4326.076229476633,915.9373744307104,1.0,True,True,0.9999999999999986
near35,once,7,8000006,8,2263.8080337449746,3007.946635363808,744.1386016188327,1.0,True,False,1.000000000000001
near35,once,7,8000007,8,3007.946635363808,3034.663891529067,26.717256165257165,1.0,True,False,1.0000000000000586
near35,once,7,8000008,8,3034.663891529067,3066.749856503112,32.085964974046185,1.0,True,False,0.9999999999999648
near35,once,7,8000009,8,3066.749856503112,3639.250670751416,565.9243027292647,1.011620832481169,True,False,1.011620832481169
near35,once,7,8000010,8,3639.250670751416,4205.17497348068,565.9243027292647,1.0,True,True,0.999999999999999
near35,once,7,9000007,9,2143.1445898952466,2202.0741005655095,58.92951067026337,1.0,True,False,0.9999999999999932
near35,once,7,9000008,9,2202.0741005655095,2602.61546025102,400.5413596855101,1.0,True,False,1.000000000000001
near35,once,7,9000009,9,2602.61546025102,3518.552834681729,915.9373744307104,1.0,True,False,0.9999999999999986
near35,once,7,9000010,9,3518.552834681729,3762.3546950325463,243.80186035081854,1.0,True,False,0.9999999999999943
near35,once,7,9000011,9,3762.3546950325463,3778.3345326003355,15.979837567787547,1.0,True,False,1.0000000000001046
near35,once,7,9000012,9,3778.3345326003355,4008.7770155484654,228.74273596704626,1.0074308238637513,True,True,1.0074308238637513
near35,once,7,10000005,10,2487.548248226175,2559.899532508228,72.35128428205302,1.0,True,False,0.999999999999997
near35,once,7,10000006,10,2559.899532508228,3125.823835237493,565.9243027292647,1.0,True,False,1.0000000000000007
near35,once,7,10000007,10,3125.823835237493,3174.528887930936,48.19209238871334,1.010644076222968,True,False,1.010644076222968
near35,once,7,10000008,10,3174.528887930936,3920.0278042448226,744.1386016188327,1.0018280394164403,True,False,1.0018280394164403
near35,once,7,10000009,10,3920.0278042448226,4148.77054021187,228.74273596704626,1.0,True,True,1.0000000000000047
near35,once,7,11000009,11,2021.4188506849798,2394.069720159577,372.6508694745985,1.0,True,False,0.999999999999997
near35,once,7,11000010,11,2394.069720159577,2637.8715805103943,243.80186035081854,1.0,True,False,0.9999999999999943
near35,once,7,11000011,11,2637.8715805103943,3553.8089549411034,915.9373744307104,1.0,True,False,0.9999999999999986
near35,once,7,11000012,11,3553.8089549411034,3668.761775918103,114.952820977,1.0,True,False,0.9999999999999969
near35,once,7,11000013,11,3668.761775918103,4435.8185890127515,744.1386016188327,1.0307983101883957,True,True,1.0307983101883957
near35,once,7,12000006,12,2073.167068448917,2132.0965791191798,58.92951067026337,1.0,True,False,0.9999999999999932
near35,once,7,12000007,12,2132.0965791191798,2247.0494000961794,114.952820977,1.0,True,False,0.9999999999999969
near35,once,7,12000008,12,2247.0494000961794,2490.8512604469965,243.80186035081854,1.0,True,False,0.9999999999999943
near35,once,7,12000009,12,2490.8512604469965,3056.7755631762616,565.9243027292647,1.0,True,False,1.0000000000000007
near35,once,7,12000010,12,3056.7755631762616,3515.3257448905265,458.55018171426593,1.0,True,False,0.9999999999999978
near35,once,7,12000011,12,3515.3257448905265,3744.068480857574,228.74273596704626,1.0,True,False,1.0000000000000047
near35,once,7,12000012,12,3744.068480857574,4116.719350332171,372.6508694745985,1.0,True,True,0.9999999999999976
near35,once,7,13000003,13,2218.9475274832703,2784.8718302125353,565.9243027292647,1.0,True,False,1.0000000000000007
near35,once,7,13000004,13,2784.8718302125353,3529.010431831369,744.1386016188327,1.0,True,False,1.000000000000001
near35,once,7,13000005,13,3529.010431831369,3772.812292182186,243.80186035081854,1.0,True,False,0.9999999999999943
near35,once,7,13000006,13,3772.812292182186,4145.463161656784,372.6508694745985,1.0,True,True,0.9999999999999988
near35,once,7,14000008,14,2329.7407283045386,3460.427034540072,1130.6863062355314,1.0,True,False,1.0000000000000016
near35,once,7,14000009,14,3460.427034540072,3918.977216254337,458.55018171426593,1.0,True,False,0.9999999999999978
near35,once,7,14000010,14,3918.977216254337,4291.628085728936,372.6508694745985,1.0,True,True,1.000000000000001
near35,once,7,15000006,15,2499.1890447956207,2557.2468974282597,58.057852632638046,1.0,True,False,1.000000000000016
near35,once,7,15000007,15,2557.2468974282597,3482.3421898734678,915.9373744307104,1.0099984106666569,True,False,1.0099984106666569
near35,once,7,15000008,15,3482.3421898734678,3683.194333210876,200.85214333740902,1.0,True,False,0.9999999999999952
near35,once,7,15000009,15,3683.194333210876,4813.880639446409,1130.6863062355314,1.0,True,True,1.0000000000000016
near35,once,7,16000011,16,3077.2455710299255,3643.1698737591905,565.9243027292647,1.0,True,False,1.0000000000000007
near35,once,7,16000012,16,3643.1698737591905,3844.0220170965986,200.85214333740902,1.0,True,False,0.9999999999999952
near35,once,7,16000013,16,3844.0220170965986,4076.2250738024363,229.85653940820262,1.0102086166600983,True,True,1.0102086166600983
near35,once,7,17000006,17,2006.3095041443298,2235.0522401113767,228.74273596704626,1.0,True,False,1.0000000000000027
near35,once,7,17000007,17,2235.0522401113767,2478.854100462194,243.80186035081854,1.0,True,False,0.9999999999999943
near35,once,7,17000008,17,2478.854100462194,3044.778403191459,565.9243027292647,1.0,True,False,1.0000000000000007
near35,once,7,17000009,17,3044.778403191459,3610.702705920724,565.9243027292647,1.0,True,False,1.0000000000000007
near35,once,7,17000010,17,3610.702705920724,3725.6555268977236,114.952820977,1.0,True,False,0.9999999999999969
near35,once,7,17000011,17,3725.6555268977236,4126.196886583234,400.5413596855101,1.0,True,True,1.000000000000001
near35,once,7,18000009,18,2071.914994536301,2315.716854887118,243.80186035081854,1.0,True,False,0.9999999999999943
near35,once,7,18000010,18,2315.716854887118,3059.8554565059517,744.1386016188327,1.0,True,False,1.000000000000001
near35,once,7,18000011,18,3059.8554565059517,3432.506325980549,372.6508694745985,1.0,True,False,0.9999999999999963
near35,once,7,18000012,18,3432.506325980549,3633.358469317957,200.85214333740902,1.0,True,False,0.9999999999999952
near35,once,7,18000013,18,3633.358469317957,4377.49707093679,744.1386016188327,1.0,True,True,1.0000000000000004
near35,once,7,19000008,19,2182.4829154201543,2926.621517038988,744.1386016188327,1.0,True,False,1.000000000000001
near35,once,7,19000009,19,2926.621517038988,3492.545819768253,565.9243027292647,1.0,True,False,1.0000000000000007
near35,once,7,19000010,19,3492.545819768253,3978.986646552268,486.44082678401566,1.0,True,False,0.9999999999999994
near35,once,7,19000011,19,3978.986646552268,4437.536828266533,458.55018171426593,1.0,True,True,0.9999999999999978
near35,once,7,20000008,20,2211.425769533986,2455.2276298848033,243.80186035081854,1.0,True,False,0.9999999999999943
near35,once,7,20000009,20,2455.2276298848033,2683.9703658518506,228.74273596704626,1.0,True,False,1.0000000000000047
near35,once,7,20000010,20,2683.9703658518506,2798.9231868288502,114.952820977,1.0,True,False,0.9999999999999969
near35,once,7,20000011,20,2798.9231868288502,2913.87600780585,114.952820977,1.0,True,False,0.9999999999999969
near35,once,7,20000012,20,2913.87600780585,2971.933860438489,58.057852632638046,1.0,True,False,1.000000000000016
near35,once,7,20000013,20,2971.933860438489,3004.019825412534,32.085964974046185,1.0,True,False,0.9999999999999648
near35,once,7,20000014,20,3004.019825412534,3204.871968749942,200.85214333740902,1.0,True,False,0.9999999999999952
near35,once,7,20000015,20,3204.871968749942,3448.673829100759,243.80186035081854,1.0,True,False,0.9999999999999943
near35,once,7,20000016,20,3448.673829100759,3827.79905735754,372.6508694745985,1.017373792234298,True,False,1.017373792234298
near35,once,7,20000017,20,3827.79905735754,4056.541793324587,228.74273596704626,1.0,True,True,1.0000000000000047
near35,once,7,21000006,21,2473.730139352573,2588.682960329573,114.952820977,1.0,True,False,0.9999999999999969
near35,once,7,21000007,21,2588.682960329573,2636.8750527182847,48.19209238871334,1.0,True,False,0.99999999999997
near35,once,7,21000008,21,2636.8750527182847,2837.7271960556927,200.85214333740902,1.0,True,False,0.9999999999999952
near35,once,7,21000009,21,2837.7271960556927,3403.6514987849578,565.9243027292647,1.0,True,False,1.0000000000000007
near35,once,7,21000010,21,3403.6514987849578,3461.7093514175967,58.057852632638046,1.0,True,False,1.000000000000016
near35,once,7,21000011,21,3461.7093514175967,4377.646725848305,915.9373744307104,1.0,True,True,0.999999999999998
near35,once,7,22000006,22,2169.5565548072514,2570.097914492762,400.5413596855101,1.0,True,False,1.000000000000001
near35,once,7,22000007,22,2570.097914492762,2813.899774843579,243.80186035081854,1.0,True,False,0.9999999999999943
near35,once,7,22000008,22,2813.899774843579,3300.3406016275944,486.44082678401566,1.0,True,False,0.9999999999999994
near35,once,7,22000009,22,3300.3406016275944,3672.9914711021916,372.6508694745985,1.0,True,False,0.9999999999999963
near35,once,7,22000010,22,3672.9914711021916,4131.541652816457,458.55018171426593,1.0,True,True,0.9999999999999988
near35,once,7,23000008,23,2133.3235900765394,3264.0098963120727,1130.6863062355314,1.0,True,False,1.0000000000000016
near35,once,7,23000009,23,3264.0098963120727,3378.9627172890723,114.952820977,1.0,True,False,0.9999999999999969
near35,once,7,23000010,23,3378.9627172890723,3608.8192566972757,229.85653940820262,1.0,True,False,1.0000000000000033
near35,once,7,23000011,23,3608.8192566972757,4352.957858316109,744.1386016188327,1.0,True,True,1.000000000000001
near35,once,7,24000004,24,2405.1453937950387,2777.796263269636,372.6508694745985,1.0,True,False,0.9999999999999963
near35,once,7,24000005,24,2777.796263269636,3693.733637700345,915.9373744307104,1.0,True,False,0.9999999999999986
near35,once,7,24000006,24,3693.733637700345,3741.9257300890567,48.19209238871334,1.0,True,False,0.99999999999997
near35,once,7,24000007,24,3741.9257300890567,3985.727590439874,243.80186035081854,1.0,True,False,0.9999999999999943
near35,once,7,24000008,24,3985.727590439874,4358.378459914474,372.6508694745985,1.0,True,True,1.0000000000000036
near35,once,7,25000005,25,2372.1904975684934,2772.731857254004,400.5413596855101,1.0,True,False,1.000000000000001
near35,once,7,25000006,25,2772.731857254004,3688.669231684713,915.9373744307104,1.0,True,False,0.9999999999999986
near35,once,7,25000007,25,3688.669231684713,3932.47109203553,243.80186035081854,1.0,True,False,0.9999999999999943
near35,once,7,25000008,25,3932.47109203553,4133.323235372939,200.85214333740902,1.0,True,True,0.9999999999999997
near35,once,7,26000005,26,2063.6664871046532,2121.724339737292,58.057852632638046,1.0,True,False,1.000000000000016
near35,once,7,26000006,26,2121.724339737292,2522.2656994228028,400.5413596855101,1.0,True,False,1.000000000000001
near35,once,7,26000007,26,2522.2656994228028,2894.9165688974,372.6508694745985,1.0,True,False,0.9999999999999963
near35,once,7,26000008,26,2894.9165688974,3124.7731083056033,229.85653940820262,1.0,True,False,1.0000000000000033
near35,once,7,26000009,26,3124.7731083056033,3408.3167158061124,283.5436075005082,1.0,True,False,1.000000000000003
near35,once,7,26000010,26,3408.3167158061124,3609.1688591435204,200.85214333740902,1.0,True,False,0.9999999999999952
near35,once,7,26000011,26,3609.1688591435204,3724.12168012052,114.952820977,1.0,True,False,0.9999999999999969
near35,once,7,26000012,26,3724.12168012052,3846.6040492810653,122.48236916054397,1.0,True,False,1.00000000000001
near35,once,7,26000013,26,3846.6040492810653,3961.556870258065,114.952820977,1.0,True,False,0.9999999999999969
near35,once,7,26000014,26,3961.556870258065,3988.2741264233237,26.717256165257165,1.0,True,False,1.0000000000000586
near35,once,7,26000015,26,3988.2741264233237,4004.253963991113,15.979837567787547,1.0,True,True,1.0000000000001046
near35,once,7,27000005,27,2459.9840170116695,3025.9083197409345,565.9243027292647,1.0,True,False,1.0000000000000007
near35,once,7,27000006,27,3025.9083197409345,3484.4585014551994,458.55018171426593,1.0,True,False,0.9999999999999978
near35,once,7,27000007,27,3484.4585014551994,3685.3106447926075,200.85214333740902,1.0,True,False,0.9999999999999952
near35,once,7,27000008,27,3685.3106447926075,3807.7930139531527,122.48236916054397,1.0,True,False,1.00000000000001
near35,once,7,27000009,27,3807.7930139531527,4942.246588429256,1130.6863062355314,1.003331842103151,True,True,1.003331842103151
near35,once,7,28000004,28,2207.8582675585462,2666.408449272811,458.55018171426593,1.0,True,False,0.9999999999999978
near35,once,7,28000005,28,2666.408449272811,2714.600541661523,48.19209238871334,1.0,True,False,0.99999999999997
near35,once,7,28000006,28,2714.600541661523,2958.40240201234,243.80186035081854,1.0,True,False,0.9999999999999943
near35,once,7,28000007,28,2958.40240201234,3073.35522298934,114.952820977,1.0,True,False,0.9999999999999969
near35,once,7,28000008,28,3073.35522298934,3531.9054047036047,458.55018171426593,1.0,True,False,0.9999999999999978
near35,once,7,28000009,28,3531.9054047036047,3646.8582256806044,114.952820977,1.0,True,False,0.9999999999999969
near35,once,7,28000010,28,3646.8582256806044,3847.7103690180124,200.85214333740902,1.0,True,False,0.9999999999999952
near35,once,7,28000011,28,3847.7103690180124,3879.7963339920575,32.085964974046185,1.0,True,False,0.9999999999999648
near35,once,7,28000012,28,3879.7963339920575,4164.943706318931,283.5436075005082,1.005656148768447,True,True,1.005656148768447
near35,once,7,29000003,29,2371.5616248068663,2419.7537171955782,48.19209238871334,1.0,True,False,0.99999999999997
near35,once,7,29000004,29,2419.7537171955782,3163.8923188144117,744.1386016188327,1.0,True,False,1.000000000000001
near35,once,7,29000005,29,3163.8923188144117,4079.8296932451203,915.9373744307104,1.0,True,True,0.999999999999998
near35,once,7,30000007,30,2061.6345477667383,2262.4866911041463,200.85214333740902,1.0,True,False,0.9999999999999952
near35,once,7,30000008,30,2262.4866911041463,2377.439512081146,114.952820977,1.0,True,False,0.9999999999999969
near35,once,7,30000009,30,2377.439512081146,2606.1822480481933,228.74273596704626,1.0,True,False,1.0000000000000047
near35,once,7,30000010,30,2606.1822480481933,2836.0387874563967,229.85653940820262,1.0,True,False,1.0000000000000033
near35,once,7,30000011,30,2836.0387874563967,3079.840647807214,243.80186035081854,1.0,True,False,0.9999999999999943
near35,once,7,30000012,30,3079.840647807214,3538.3908295214787,458.55018171426593,1.0,True,False,0.9999999999999978
near35,once,7,30000013,30,3538.3908295214787,3653.3436504984784,114.952820977,1.0,True,False,0.9999999999999969
near35,once,7,30000014,30,3653.3436504984784,3861.4406230922864,186.90687789087698,1.1133724715861049,True,False,1.1133724715861049
near35,once,7,30000015,30,3861.4406230922864,4062.2927664296944,200.85214333740902,1.0,True,True,0.9999999999999952
near35,once,7,31000005,31,2289.758444936978,3420.444751172511,1130.6863062355314,1.0,True,False,1.0000000000000016
near35,once,7,31000006,31,3420.444751172511,3664.2466115233283,243.80186035081854,1.0,True,False,0.9999999999999943
near35,once,7,31000007,31,3664.2466115233283,3786.7289806838735,122.48236916054397,1.0,True,False,1.00000000000001
near35,once,7,31000008,31,3786.7289806838735,4354.787517662245,565.9243027292647,1.0037712362568878,True,True,1.0037712362568878
near35,once,19,12,0,2161.3858487159023,2619.936030430167,458.55018171426593,1.0,True,False,0.9999999999999978
near35,once,19,13,0,2619.936030430167,3185.8603331594322,565.9243027292647,1.0,True,False,1.0000000000000007
near35,once,19,14,0,3185.8603331594322,3929.9989347782657,744.1386016188327,1.0,True,False,1.000000000000001
near35,once,19,15,0,3929.9989347782657,4213.542542278773,283.5436075005082,1.0,True,True,0.9999999999999968
near35,once,19,1000005,1,2272.542041653255,3403.2283478887884,1130.6863062355314,1.0,True,False,1.0000000000000016
near35,once,19,1000006,1,3403.2283478887884,3803.769707574299,400.5413596855101,1.0,True,False,1.000000000000001
near35,once,19,1000007,1,3803.769707574299,4719.707082005008,915.9373744307104,1.0,True,True,0.999999999999998
near35,once,19,2000008,2,2246.3950596452974,2704.9452413595623,458.55018171426593,1.0,True,False,0.9999999999999978
near35,once,19,2000009,2,2704.9452413595623,3105.486601045073,400.5413596855101,1.0,True,False,1.000000000000001
near35,once,19,2000010,2,3105.486601045073,3564.0367827593377,458.55018171426593,1.0,True,False,0.9999999999999978
near35,once,19,2000011,2,3564.0367827593377,3964.5781424448483,400.5413596855101,1.0,True,False,1.000000000000001
near35,once,19,2000012,2,3964.5781424448483,4165.430285782258,200.85214333740902,1.0,True,True,1.000000000000002
near35,once,19,3000009,3,2386.6903197099473,2952.6146224392123,565.9243027292647,1.0,True,False,1.0000000000000007
near35,once,19,3000010,3,2952.6146224392123,3181.3573584062597,228.74273596704626,1.0,True,False,1.0000000000000047
near35,once,19,3000011,3,3181.3573584062597,3208.0746145715184,26.717256165257165,1.0,True,False,1.0000000000000586
near35,once,19,3000012,3,3208.0746145715184,3952.2539451486496,744.1386016188327,1.0000547330271672,True,False,1.0000547330271672
near35,once,19,3000013,3,3952.2539451486496,4421.516341530076,458.55018171426593,1.0233610520600238,True,True,1.0233610520600238
near35,once,19,4000007,4,2069.911399297847,2298.654135264894,228.74273596704626,1.0,True,False,1.0000000000000047
near35,once,19,4000008,4,2298.654135264894,2499.5062786023022,200.85214333740902,1.0,True,False,0.9999999999999952
near35,once,19,4000009,4,2499.5062786023022,3415.4436530330113,915.9373744307104,1.0,True,False,0.9999999999999986
near35,once,19,4000010,4,3415.4436530330113,3530.396474010011,114.952820977,1.0,True,False,0.9999999999999969
near35,once,19,4000011,4,3530.396474010011,3652.878843170556,122.48236916054397,1.0,True,False,1.00000000000001
near35,once,19,4000012,4,3652.878843170556,4111.429024884821,458.55018171426593,1.0,True,True,0.9999999999999978
near35,once,19,5000008,5,2756.4239725896687,2871.3767935666683,114.952820977,1.0,True,False,0.9999999999999969
near35,once,19,5000009,5,2871.3767935666683,3072.2289369040764,200.85214333740902,1.0,True,False,0.9999999999999952
near35,once,19,5000010,5,3072.2289369040764,3268.3622130513636,186.90687789087698,1.049363610159905,True,False,1.049363610159905
near35,once,19,5000011,5,3268.3622130513636,3726.9123947656285,458.55018171426593,1.0,True,False,0.9999999999999978
near35,once,19,5000012,5,3726.9123947656285,4295.755152732538,565.9243027292647,1.0051569710358255,True,True,1.0051569710358255
near35,once,19,6000008,6,2054.3242465523203,2454.865606237831,400.5413596855101,1.0,True,False,1.000000000000001
near35,once,19,6000009,6,2454.865606237831,3020.789908967096,565.9243027292647,1.0,True,False,1.0000000000000007
near35,once,19,6000010,6,3020.789908967096,3251.90836632132,229.85653940820262,1.005490024122309,True,False,1.005490024122309
near35,once,19,6000011,6,3251.90836632132,3738.3491931053354,486.44082678401566,1.0,True,False,0.9999999999999994
near35,once,19,6000012,6,3738.3491931053354,3853.302014082335,114.952820977,1.0,True,False,0.9999999999999969
near35,once,19,6000013,6,3853.302014082335,4250.657751950043,283.5436075005082,1.401391981185808,True,True,1.401391981185808
near35,once,19,7000005,7,2034.658968276015,2278.460828626832,243.80186035081854,1.0,True,False,0.9999999999999943
near35,once,19,7000006,7,2278.460828626832,2679.0021883123427,400.5413596855101,1.0,True,False,1.000000000000001
near35,once,19,7000007,7,2679.0021883123427,2879.8543316497507,200.85214333740902,1.0,True,False,0.9999999999999952
near35,once,19,7000008,7,2879.8543316497507,3795.7917060804593,915.9373744307104,1.0,True,False,0.999999999999998
near35,once,19,7000009,7,3795.7917060804593,3843.9837984691712,48.19209238871334,1.0,True,False,0.99999999999997
near35,once,19,7000010,7,3843.9837984691712,3909.0934875656094,58.92951067026337,1.1048740835598587,True,False,1.1048740835598587
near35,once,19,7000011,7,3909.0934875656094,4309.634847251118,400.5413596855101,1.0,True,True,0.9999999999999966
near35,once,19,8000005,8,2108.6457221408923,2567.195903855157,458.55018171426593,1.0,True,False,0.9999999999999978
near35,once,19,8000006,8,2567.195903855157,2939.8467733297543,372.6508694745985,1.0,True,False,0.9999999999999963
near35,once,19,8000007,8,2939.8467733297543,3183.6486336805715,243.80186035081854,1.0,True,False,0.9999999999999943
near35,once,19,8000008,8,3183.6486336805715,3427.4504940313886,243.80186035081854,1.0,True,False,0.9999999999999943
near35,once,19,8000009,8,3427.4504940313886,3628.3026373687967,200.85214333740902,1.0,True,False,0.9999999999999952
near35,once,19,8000010,8,3628.3026373687967,3858.159176777,229.85653940820262,1.0,True,False,1.0000000000000033
near35,once,19,8000011,8,3858.159176777,3874.1390143447893,15.979837567787547,1.0,True,False,1.0000000000001046
near35,once,19,8000012,8,3874.1390143447893,3933.3481000057827,48.19209238871334,1.2286058298406706,True,False,1.2286058298406706
near35,once,19,8000013,8,3933.3481000057827,4162.09083597283,228.74273596704626,1.0,True,True,1.0000000000000047
near35,once,19,9000006,9,2181.3136399258165,2296.266460902816,114.952820977,1.0,True,False,0.9999999999999969
near35,once,19,9000007,9,2296.266460902816,2411.2192818798158,114.952820977,1.0,True,False,0.9999999999999969
near35,once,19,9000008,9,2411.2192818798158,2655.021142230633,243.80186035081854,1.0,True,False,0.9999999999999943
near35,once,19,9000009,9,2655.021142230633,3027.67201170523,372.6508694745985,1.0,True,False,0.9999999999999963
near35,once,19,9000010,9,3027.67201170523,3400.322881179827,372.6508694745985,1.0,True,False,0.9999999999999963
near35,once,19,9000011,9,3400.322881179827,4144.461482798661,744.1386016188327,1.0,True,True,1.000000000000001
near35,once,19,10000003,10,2296.612118181304,2323.329374346563,26.717256165257165,1.0,True,False,1.0000000000000586
near35,once,19,10000004,10,2323.329374346563,2383.2158190571417,58.92951067026337,1.016238621862482,True,False,1.016238621862482
near35,once,19,10000005,10,2383.2158190571417,2584.06796239455,200.85214333740902,1.0,True,False,0.9999999999999952
near35,once,19,10000006,10,2584.06796239455,2813.924501802753,229.85653940820262,1.0,True,False,1.0000000000000033
near35,once,19,10000007,10,2813.924501802753,2846.0104667767982,32.085964974046185,1.0,True,False,0.9999999999999648
near35,once,19,10000008,10,2846.0104667767982,3139.1756851877853,283.5436075005082,1.0339334432375158,True,False,1.0339334432375158
near35,once,19,10000009,10,3139.1756851877853,3340.0278285251934,200.85214333740902,1.0,True,False,0.9999999999999952
near35,once,19,10000010,10,3340.0278285251934,3454.980649502193,114.952820977,1.0,True,False,0.9999999999999969
near35,once,19,10000011,10,3454.980649502193,3827.63151897679,372.6508694745985,1.0,True,False,0.9999999999999963
near35,once,19,10000012,10,3827.63151897679,4071.4333793276073,243.80186035081854,1.0,True,True,0.9999999999999943
near35,once,19,11000007,11,2042.9982747016325,2243.8504180390405,200.85214333740902,1.0,True,False,0.9999999999999952
near35,once,19,11000008,11,2243.8504180390405,2487.6522783898577,243.80186035081854,1.0,True,False,0.9999999999999943
near35,once,19,11000009,11,2487.6522783898577,2503.632115957647,15.979837567787547,1.0,True,False,1.0000000000001046
near35,once,19,11000010,11,2503.632115957647,3073.6408016684813,565.9243027292647,1.0072171895814903,True,False,1.0072171895814903
near35,once,19,11000011,11,3073.6408016684813,3639.5651043977464,565.9243027292647,1.0,True,False,1.0000000000000007
near35,once,19,11000012,11,3639.5651043977464,3711.916388679799,72.35128428205302,1.0,True,False,0.999999999999997
near35,once,19,11000013,11,3711.916388679799,4170.466570394065,458.55018171426593,1.0,True,True,0.9999999999999988
near35,once,19,12000005,12,2126.4450577598927,2153.1623139251515,26.717256165257165,1.0,True,False,1.0000000000000586
near35,once,19,12000006,12,2153.1623139251515,2553.703673610662,400.5413596855101,1.0,True,False,1.000000000000001
near35,once,19,12000007,12,2553.703673610662,2837.247281111171,283.5436075005082,1.0,True,False,1.000000000000003
near35,once,19,12000008,12,2837.247281111171,3209.8981505857682,372.6508694745985,1.0,True,False,0.9999999999999963
near35,once,19,12000009,12,3209.8981505857682,3668.448332300033,458.55018171426593,1.0,True,False,0.9999999999999978
near35,once,19,12000010,12,3668.448332300033,4584.385706730742,915.9373744307104,1.0,True,True,0.999999999999998
near35,once,19,13000006,13,2163.8114418118694,2364.6635851492774,200.85214333740902,1.0,True,False,0.9999999999999952
near35,once,19,13000007,13,2364.6635851492774,2565.5157284866855,200.85214333740902,1.0,True,False,0.9999999999999952
near35,once,19,13000008,13,2565.5157284866855,3051.956555270701,486.44082678401566,1.0,True,False,0.9999999999999994
near35,once,19,13000009,13,3051.956555270701,3510.5067369849658,458.55018171426593,1.0,True,False,0.9999999999999978
near35,once,19,13000010,13,3510.5067369849658,3969.0569186992307,458.55018171426593,1.0,True,False,0.9999999999999978
near35,once,19,13000011,13,3969.0569186992307,4084.0097396762303,114.952820977,1.0,True,True,0.9999999999999969
near35,once,19,14000007,14,2369.110835920589,2769.6521956060997,400.5413596855101,1.0,True,False,1.000000000000001
near35,once,19,14000008,14,2769.6521956060997,3228.2023773203646,458.55018171426593,1.0,True,False,0.9999999999999978
near35,once,19,14000009,14,3228.2023773203646,3472.0042376711817,243.80186035081854,1.0,True,False,0.9999999999999943
near35,once,19,14000010,14,3472.0042376711817,3755.547845171691,283.5436075005082,1.0,True,False,1.000000000000003
near35,once,19,14000011,14,3755.547845171691,4128.198714646288,372.6508694745985,1.0,True,True,0.9999999999999963
near35,once,19,15000005,15,2460.2535159716326,2575.2063369486323,114.952820977,1.0,True,False,0.9999999999999969
near35,once,19,15000006,15,2575.2063369486323,2697.6887061091775,122.48236916054397,1.0,True,False,1.00000000000001
near35,once,19,15000007,15,2697.6887061091775,3070.3395755837746,372.6508694745985,1.0,True,False,0.9999999999999963
near35,once,19,15000008,15,3070.3395755837746,3171.347101667169,101.00752608339441,1.0,True,False,1.0000000000000022
near35,once,19,15000009,15,3171.347101667169,3571.8884613526798,400.5413596855101,1.0,True,False,1.000000000000001
near35,once,19,15000010,15,3571.8884613526798,3587.868298920469,15.979837567787547,1.0,True,False,1.0000000000001046
near35,once,19,15000011,15,3587.868298920469,3831.8119059698547,243.80186035081854,1.000581401218035,True,False,1.000581401218035
near35,once,19,15000012,15,3831.8119059698547,4397.736208699118,565.9243027292647,1.0,True,True,0.9999999999999973
near35,once,19,16000007,16,2895.6467297575145,3296.188089443025,400.5413596855101,1.0,True,False,1.000000000000001
near35,once,19,16000008,16,3296.188089443025,3539.9899497938422,243.80186035081854,1.0,True,False,0.9999999999999943
near35,once,19,16000009,16,3539.9899497938422,4670.6762560293755,1130.6863062355314,1.0,True,True,1.0000000000000016
near35,once,19,17000007,17,2825.784351103597,3054.5270870706445,228.74273596704626,1.0,True,False,1.0000000000000047
near35,once,19,17000008,17,3054.5270870706445,3970.464461501353,915.9373744307104,1.0,True,False,0.999999999999998
near35,once,19,17000009,17,3970.464461501353,4536.388764230615,565.9243027292647,1.0,True,True,0.9999999999999958
near35,once,19,18000005,18,2067.077885912768,2310.8797462635853,243.80186035081854,1.0,True,False,0.9999999999999943
near35,once,19,18000006,18,2310.8797462635853,2711.421105949096,400.5413596855101,1.0,True,False,1.000000000000001
near35,once,19,18000007,18,2711.421105949096,3169.9712876633607,458.55018171426593,1.0,True,False,0.9999999999999978
near35,once,19,18000008,18,3169.9712876633607,4300.6575938988935,1130.6863062355314,1.0,True,True,1.000000000000001
near35,once,19,19000008,19,2082.5050169631586,2283.3571603005666,200.85214333740902,1.0,True,False,0.9999999999999952
near35,once,19,19000009,19,2283.3571603005666,2656.008029775164,372.6508694745985,1.0,True,False,0.9999999999999963
near35,once,19,19000010,19,2656.008029775164,3114.5582114894287,458.55018171426593,1.0,True,False,0.9999999999999978
near35,once,19,19000011,19,3114.5582114894287,3600.999038273444,486.44082678401566,1.0,True,False,0.9999999999999994
near35,once,19,19000012,19,3600.999038273444,3830.8555776816474,229.85653940820262,1.0,True,False,1.0000000000000033
near35,once,19,19000013,19,3830.8555776816474,3903.2068619637002,72.35128428205302,1.0,True,False,0.999999999999997
near35,once,19,19000014,19,3903.2068619637002,4147.008722314517,243.80186035081854,1.0,True,True,0.9999999999999943
near35,once,19,20000007,20,2432.8379667011777,2464.923931675223,32.085964974046185,1.0,True,False,0.9999999999999648
near35,once,19,20000008,20,2464.923931675223,2665.776075012631,200.85214333740902,1.0,True,False,0.9999999999999952
near35,once,19,20000009,20,2665.776075012631,3038.426944487228,372.6508694745985,1.0,True,False,0.9999999999999963
near35,once,19,20000010,20,3038.426944487228,3438.9683041727385,400.5413596855101,1.0,True,False,1.000000000000001
near35,once,19,20000011,20,3438.9683041727385,3925.409130956754,486.44082678401566,1.0,True,False,0.9999999999999994
near35,once,19,20000012,20,3925.409130956754,4325.950490642263,400.5413596855101,1.0,True,True,0.9999999999999966
near35,once,19,21000005,21,2480.461006205983,2939.0111879202477,458.55018171426593,1.0,True,False,0.9999999999999978
near35,once,19,21000006,21,2939.0111879202477,2997.9406985905107,58.92951067026337,1.0,True,False,0.9999999999999932
near35,once,19,21000007,21,2997.9406985905107,3120.423067751056,122.48236916054397,1.0,True,False,1.00000000000001
near35,once,19,21000008,21,3120.423067751056,3321.275211088464,200.85214333740902,1.0,True,False,0.9999999999999952
near35,once,19,21000009,21,3321.275211088464,3721.8165707739745,400.5413596855101,1.0,True,False,1.000000000000001
near35,once,19,21000010,21,3721.8165707739745,3985.8287016502836,229.85653940820262,1.1485952566589785,True,False,1.1485952566589785
near35,once,19,21000011,21,3985.8287016502836,4472.269528434302,486.44082678401566,1.0,True,True,1.000000000000005
near35,once,19,22000009,22,2212.3278737107016,2584.9787431852988,372.6508694745985,1.0,True,False,0.9999999999999963
near35,once,19,22000010,22,2584.9787431852988,2785.830886522707,200.85214333740902,1.0,True,False,0.9999999999999952
near35,once,19,22000011,22,2785.830886522707,3916.5171927582396,1130.6863062355314,1.0,True,False,1.000000000000001
near35,once,19,22000012,22,3916.5171927582396,4031.4700137352393,114.952820977,1.0,True,True,0.9999999999999969
near35,once,19,23000005,23,2391.2742099979246,2439.4663023866365,48.19209238871334,1.0,True,False,0.99999999999997
near35,once,19,23000006,23,2439.4663023866365,2556.361564920152,114.952820977,1.0168977284768344,True,False,1.0168977284768344
near35,once,19,23000007,23,2556.361564920152,2929.012434394749,372.6508694745985,1.0,True,False,0.9999999999999963
near35,once,19,23000008,23,2929.012434394749,3494.936737124014,565.9243027292647,1.0,True,False,1.0000000000000007
near35,once,19,23000009,23,3494.936737124014,3567.288021406067,72.35128428205302,1.0,True,False,0.999999999999997
near35,once,19,23000010,23,3567.288021406067,4705.51629133211,1130.6863062355314,1.0066702529684133,True,True,1.0066702529684133
near35,once,19,24000005,24,2061.9573507666955,2110.1494431554074,48.19209238871334,1.0,True,False,0.99999999999997
near35,once,19,24000006,24,2110.1494431554074,2168.2072957880464,58.057852632638046,1.0,True,False,1.000000000000016
near35,once,19,24000007,24,2168.2072957880464,2627.7624127341414,458.55018171426593,1.0021915490864537,True,False,1.0021915490864537
near35,once,19,24000008,24,2627.7624127341414,3086.3125944484063,458.55018171426593,1.0,True,False,0.9999999999999978
near35,once,19,24000009,24,3086.3125944484063,3118.3985594224514,32.085964974046185,1.0,True,False,0.9999999999999648
near35,once,19,24000010,24,3118.3985594224514,3588.512654247987,458.55018171426593,1.0252184244438387,True,False,1.0252184244438387
near35,once,19,24000011,24,3588.512654247987,3703.4654752249867,114.952820977,1.0,True,False,0.9999999999999969
near35,once,19,24000012,24,3703.4654752249867,3818.4182962019863,114.952820977,1.0,True,False,0.9999999999999969
near35,once,19,24000013,24,3818.4182962019863,4389.389090889801,565.9243027292647,1.0089172561316284,True,True,1.0089172561316284
near35,once,19,25000006,25,2706.296261662211,3164.8464433764757,458.55018171426593,1.0,True,False,0.9999999999999978
near35,once,19,25000007,25,3164.8464433764757,3393.589179343523,228.74273596704626,1.0,True,False,1.0000000000000047
near35,once,19,25000008,25,3393.589179343523,3594.441322680931,200.85214333740902,1.0,True,False,0.9999999999999952
near35,once,19,25000009,25,3594.441322680931,3621.15857884619,26.717256165257165,1.0,True,False,1.0000000000000586
near35,once,19,25000010,25,3621.15857884619,4000.9253281570273,372.6508694745985,1.019095299163723,True,True,1.019095299163723
near35,once,19,26000005,26,2196.3622702006214,2682.803096984637,486.44082678401566,1.0,True,False,0.9999999999999994
near35,once,19,26000006,26,2682.803096984637,3598.7404714153454,915.9373744307104,1.0,True,False,0.999999999999998
near35,once,19,26000007,26,3598.7404714153454,3799.5926147527534,200.85214333740902,1.0,True,False,0.9999999999999952
near35,once,19,26000008,26,3799.5926147527534,4000.4447580901615,200.85214333740902,1.0,True,True,0.9999999999999952
near35,once,19,27000008,27,2002.1129331252187,3132.799239360752,1130.6863062355314,1.0,True,False,1.0000000000000016
near35,once,19,27000009,27,3132.799239360752,3148.779076928541,15.979837567787547,1.0,True,False,1.0000000000001046
near35,once,19,27000010,27,3148.779076928541,3181.029379280228,32.085964974046185,1.0051217838632471,True,False,1.0051217838632471
near35,once,19,27000011,27,3181.029379280228,3409.969041410926,228.74273596704626,1.0008609067423235,True,False,1.0008609067423235
near35,once,19,27000012,27,3409.969041410926,3868.519223125191,458.55018171426593,1.0,True,False,0.9999999999999978
near35,once,19,27000013,27,3868.519223125191,4272.5363419928035,372.6508694745985,1.0841706056857925,True,True,1.0841706056857925
near35,once,19,28000007,28,2184.557423808238,2670.9982505922535,486.44082678401566,1.0,True,False,0.9999999999999994
near35,once,19,28000008,28,2670.9982505922535,2793.4806197527987,122.48236916054397,1.0,True,False,1.00000000000001
near35,once,19,28000009,28,2793.4806197527987,3037.282480103616,243.80186035081854,1.0,True,False,0.9999999999999943
near35,once,19,28000010,28,3037.282480103616,3320.826087604125,283.5436075005082,1.0,True,False,1.000000000000003
near35,once,19,28000011,28,3320.826087604125,4236.7634620348335,915.9373744307104,1.0,True,True,0.999999999999998
near35,once,19,29000007,29,2888.894460496892,3261.545329971489,372.6508694745985,1.0,True,False,0.9999999999999963
near35,once,19,29000008,29,3261.545329971489,4177.482704402198,915.9373744307104,1.0,True,True,0.999999999999998
near35,once,19,30000006,30,2699.2902843383163,2928.0330203053636,228.74273596704626,1.0,True,False,1.0000000000000047
near35,once,19,30000007,30,2928.0330203053636,3414.473847089379,486.44082678401566,1.0,True,False,0.9999999999999994
near35,once,19,30000008,30,3414.473847089379,3980.398149818644,565.9243027292647,1.0,True,False,1.0000000000000007
near35,once,19,30000009,30,3980.398149818644,4442.891716188279,458.55018171426593,1.0085996796263978,True,True,1.0085996796263978
near35,once,19,31000008,31,2090.213419048051,2562.7153285015293,458.55018171426593,1.030425738110177,True,False,1.030425738110177
near35,once,19,31000009,31,2562.7153285015293,3306.8539301203627,744.1386016188327,1.0,True,False,1.000000000000001
near35,once,19,31000010,31,3306.8539301203627,3536.710469528566,229.85653940820262,1.0,True,False,1.0000000000000033
near35,once,19,31000011,31,3536.710469528566,4280.8490711474,744.1386016188327,1.0,True,True,1.000000000000001
near35,once,43,8,0,2005.4862245440372,2037.572189518084,32.085964974046185,1.0,True,False,1.0000000000000215
near35,once,43,9,0,2037.572189518084,2634.861205941159,565.9243027292647,1.0554221006988895,True,False,1.0554221006988895
near35,once,43,10,0,2634.861205941159,2918.404813441668,283.5436075005082,1.0,True,False,1.000000000000003
near35,once,43,11,0,2918.404813441668,4049.0911196772013,1130.6863062355314,1.0,True,True,1.0000000000000016
near35,once,43,1000005,1,2316.0095653031935,2544.752301270241,228.74273596704626,1.0,True,False,1.0000000000000047
near35,once,43,1000006,1,2544.752301270241,3031.1931280542562,486.44082678401566,1.0,True,False,0.9999999999999994
near35,once,43,1000007,1,3031.1931280542562,3261.0496674624596,229.85653940820262,1.0,True,False,1.0000000000000033
near35,once,43,1000008,1,3261.0496674624596,3719.5998491767245,458.55018171426593,1.0,True,False,0.9999999999999978
near35,once,43,1000009,1,3719.5998491767245,4463.738450795558,744.1386016188327,1.0,True,True,1.0000000000000004
near35,once,43,2000008,2,2800.7547623594,2828.6715760390775,26.717256165257165,1.044898230080236,True,False,1.044898230080236
near35,once,43,2000009,2,2828.6715760390775,3426.525397222145,565.9243027292647,1.0564201224436152,True,False,1.0564201224436152
near35,once,43,2000010,2,3426.525397222145,3498.8766815041977,72.35128428205302,1.0,True,False,0.999999999999997
near35,once,43,2000011,2,3498.8766815041977,4064.8009842334627,565.9243027292647,1.0,True,True,1.0000000000000007
near35,once,43,3000004,3,2248.6614761745327,2321.0127604565855,72.35128428205302,1.0,True,False,0.999999999999997
near35,once,43,3000005,3,2321.0127604565855,3075.7682470426416,744.1386016188327,1.014267348776326,True,False,1.014267348776326
near35,once,43,3000006,3,3075.7682470426416,3991.70562147335,915.9373744307104,1.0,True,False,0.999999999999998
near35,once,43,3000007,3,3991.70562147335,4557.6299242026125,565.9243027292647,1.0,True,True,0.9999999999999958
near35,once,43,4000003,4,2292.634771381347,2407.5875923583467,114.952820977,1.0,True,False,0.9999999999999969
near35,once,43,4000004,4,2407.5875923583467,2988.572806380612,565.9243027292647,1.0266129431451638,True,False,1.0266129431451638
near35,once,43,4000005,4,2988.572806380612,3004.552643948401,15.979837567787547,1.0,True,False,1.0000000000001046
near35,once,43,4000006,4,3004.552643948401,3924.0670604750458,915.9373744307104,1.0039053347923024,True,False,1.0039053347923024
near35,once,43,4000007,4,3924.0670604750458,3956.153025449091,32.085964974046185,1.0,True,False,0.9999999999999648
near35,once,43,4000008,4,3956.153025449091,4429.852471983816,458.55018171426593,1.033037310690456,True,True,1.033037310690456
near35,once,43,5000009,5,2259.6995547061606,2746.140381490176,486.44082678401566,1.0,True,False,0.9999999999999994
near35,once,43,5000010,5,2746.140381490176,2946.992524827584,200.85214333740902,1.0,True,False,0.9999999999999952
near35,once,43,5000011,5,2946.992524827584,3691.1311264464175,744.1386016188327,1.0,True,False,1.000000000000001
near35,once,43,5000012,5,3691.1311264464175,3750.0606371166805,58.92951067026337,1.0,True,False,0.9999999999999932
near35,once,43,5000013,5,3750.0606371166805,4211.683232403847,458.55018171426593,1.0067002777349567,True,True,1.0067002777349567
near35,once,43,6000004,6,2551.9980416595713,3467.9354160902803,915.9373744307104,1.0,True,False,0.9999999999999986
near35,once,43,6000005,6,3467.9354160902803,3540.286700372333,72.35128428205302,1.0,True,False,0.999999999999997
near35,once,43,6000006,6,3540.286700372333,3784.0885607231503,243.80186035081854,1.0,True,False,0.9999999999999943
near35,once,43,6000007,6,3784.0885607231503,3899.04138170015,114.952820977,1.0,True,False,0.9999999999999969
near35,once,43,6000008,6,3899.04138170015,3931.127346674195,32.085964974046185,1.0,True,False,0.9999999999999648
near35,once,43,6000009,6,3931.127346674195,4418.450109338725,486.44082678401566,1.001813038363464,True,True,1.001813038363464
near35,once,43,7000005,7,2056.6241076543997,2353.264434390605,229.85653940820262,1.2905455180868322,True,False,1.2905455180868322
near35,once,43,7000006,7,2353.264434390605,2817.4044585833853,458.55018171426593,1.0121902524552866,True,False,1.0121902524552866
near35,once,43,7000007,7,2817.4044585833853,2844.121714748644,26.717256165257165,1.0,True,False,1.0000000000000586
near35,once,43,7000008,7,2844.121714748644,3242.04303381611,372.6508694745985,1.067812667735074,True,False,1.067812667735074
near35,once,43,7000009,7,3242.04303381611,3642.5843935016205,400.5413596855101,1.0,True,False,1.000000000000001
near35,once,43,7000010,7,3642.5843935016205,4129.025220285636,486.44082678401566,1.0,True,True,1.0000000000000004
near35,once,43,8000002,8,2129.2287848410465,3045.1661592717555,915.9373744307104,1.0,True,False,0.9999999999999986
near35,once,43,8000003,8,3045.1661592717555,3503.7163409860204,458.55018171426593,1.0,True,False,0.9999999999999978
near35,once,43,8000004,8,3503.7163409860204,3733.572880394224,229.85653940820262,1.0,True,False,1.0000000000000033
near35,once,43,8000005,8,3733.572880394224,4299.497183123488,565.9243027292647,1.0,True,True,0.999999999999999
near35,once,43,9000009,9,2355.9617017739906,3100.100303392824,744.1386016188327,1.0,True,False,1.000000000000001
near35,once,43,9000010,9,3100.100303392824,3558.650485107089,458.55018171426593,1.0,True,False,0.9999999999999978
near35,once,43,9000011,9,3558.650485107089,4124.574787836354,565.9243027292647,1.0,True,True,0.9999999999999998
near35,once,43,10000005,10,2442.8141217740867,2557.7669427510864,114.952820977,1.0,True,False,0.9999999999999969
near35,once,43,10000006,10,2557.7669427510864,2630.118227033139,72.35128428205302,1.0,True,False,0.999999999999997
near35,once,43,10000007,10,2630.118227033139,2689.047737703402,58.92951067026337,1.0,True,False,0.9999999999999932
near35,once,43,10000008,10,2689.047737703402,3175.4885644874175,486.44082678401566,1.0,True,False,0.9999999999999994
near35,once,43,10000009,10,3175.4885644874175,3405.345103895621,229.85653940820262,1.0,True,False,1.0000000000000033
near35,once,43,10000010,10,3405.345103895621,3649.146964246438,243.80186035081854,1.0,True,False,0.9999999999999943
near35,once,43,10000011,10,3649.146964246438,4107.697145960703,458.55018171426593,1.0,True,True,0.9999999999999978
near35,once,43,11000005,11,2219.8759654966616,2678.4261472109265,458.55018171426593,1.0,True,False,0.9999999999999978
near35,once,43,11000006,11,2678.4261472109265,2793.378968187926,114.952820977,1.0,True,False,0.9999999999999969
near35,once,43,11000007,11,2793.378968187926,3924.0652744234594,1130.6863062355314,1.0,True,False,1.0000000000000016
near35,once,43,11000008,11,3924.0652744234594,4410.5061012074775,486.44082678401566,1.0,True,True,1.000000000000005
near35,once,43,12000004,12,2132.738816597015,2159.456072762274,26.717256165257165,1.0,True,False,1.0000000000000586
near35,once,43,12000005,12,2159.456072762274,2403.257933113091,243.80186035081854,1.0,True,False,0.9999999999999943
near35,once,43,12000006,12,2403.257933113091,2862.9623436175652,458.55018171426593,1.0025171264481747,True,False,1.0025171264481747
near35,once,43,12000007,12,2862.9623436175652,3235.6132130921624,372.6508694745985,1.0,True,False,0.9999999999999963
near35,once,43,12000008,12,3235.6132130921624,3519.1568205926715,283.5436075005082,1.0,True,False,1.000000000000003
near35,once,43,12000009,12,3519.1568205926715,4085.0811233219365,565.9243027292647,1.0,True,True,1.0000000000000007
near35,once,43,13000004,13,2800.3601650348855,2837.2570259138106,32.085964974046185,1.1499377035651046,True,False,1.1499377035651046
near35,once,43,13000005,13,2837.2570259138106,3049.5273267831394,186.90687789087698,1.1357008541615035,True,False,1.1357008541615035
near35,once,43,13000006,13,3049.5273267831394,3172.0096959436846,122.48236916054397,1.0,True,False,1.00000000000001
near35,once,43,13000007,13,3172.0096959436846,3544.6605654182817,372.6508694745985,1.0,True,False,0.9999999999999963
near35,once,43,13000008,13,3544.6605654182817,3571.3778215835405,26.717256165257165,1.0,True,False,1.0000000000000586
near35,once,43,13000009,13,3571.3778215835405,3802.224466852624,228.74273596704626,1.0091977097901832,True,False,1.0091977097901832
near35,once,43,13000010,13,3802.224466852624,4559.995856507634,744.1386016188327,1.018320226912728,True,True,1.018320226912728
near35,once,43,14000007,14,2289.8618976642065,2663.09142189499,372.6508694745985,1.001552806671298,True,False,1.001552806671298
near35,once,43,14000008,14,2663.09142189499,2712.1286137960014,48.19209238871334,1.0175360618393874,True,False,1.0175360618393874
near35,once,43,14000009,14,2712.1286137960014,2912.9807571334095,200.85214333740902,1.0,True,False,0.9999999999999952
near35,once,43,14000010,14,2912.9807571334095,3285.6316266080066,372.6508694745985,1.0,True,False,0.9999999999999963
near35,once,43,14000011,14,3285.6316266080066,3514.374362575054,228.74273596704626,1.0,True,False,1.0000000000000047
near35,once,43,14000012,14,3514.374362575054,3615.3818886584486,101.00752608339441,1.0,True,False,1.0000000000000022
near35,once,43,14000013,14,3615.3818886584486,4531.319263089157,915.9373744307104,1.0,True,True,0.999999999999998
near35,once,43,15000004,15,2092.679375938079,2551.229557652344,458.55018171426593,1.0,True,False,0.9999999999999978
near35,once,43,15000005,15,2551.229557652344,3467.1669320830524,915.9373744307104,1.0,True,False,0.999999999999998
near35,once,43,15000006,15,3467.1669320830524,4383.104306513761,915.9373744307104,1.0,True,True,0.999999999999998
near35,once,43,16000007,16,2752.281437447915,2981.024173414962,228.74273596704626,1.0,True,False,1.0000000000000047
near35,once,43,16000008,16,2981.024173414962,3467.4650001989776,486.44082678401566,1.0,True,False,0.9999999999999994
near35,once,43,16000009,16,3467.4650001989776,3868.006359884488,400.5413596855101,1.0,True,False,1.000000000000001
near35,once,43,16000010,16,3868.006359884488,4346.037533283114,458.55018171426593,1.0424838817237643,True,True,1.0424838817237643
near35,once,43,17000007,17,2666.64186530436,3125.192047018625,458.55018171426593,1.0,True,False,0.9999999999999978
near35,once,43,17000008,17,3125.192047018625,3326.044190356033,200.85214333740902,1.0,True,False,0.9999999999999952
near35,once,43,17000009,17,3326.044190356033,3726.5855500415437,400.5413596855101,1.0,True,False,1.000000000000001
near35,once,43,17000010,17,3726.5855500415437,4099.236419516141,372.6508694745985,1.0,True,True,0.9999999999999963
near35,once,43,18000003,18,2373.5761469008494,2746.2270163754465,372.6508694745985,1.0,True,False,0.9999999999999963
near35,once,43,18000004,18,2746.2270163754465,3232.667843159462,486.44082678401566,1.0,True,False,0.9999999999999994
near35,once,43,18000005,18,3232.667843159462,3605.318712634059,372.6508694745985,1.0,True,False,0.9999999999999963
near35,once,43,18000006,18,3605.318712634059,3792.225590524936,186.90687789087698,1.0,True,False,0.9999999999999989
near35,once,43,18000007,18,3792.225590524936,4358.694246827048,565.9243027292647,1.0009618840721672,True,True,1.0009618840721672
near35,once,43,19000005,19,2061.864625032062,2093.950590006107,32.085964974046185,1.0,True,False,0.9999999999999648
near35,once,43,19000006,19,2093.950590006107,2322.6933259731545,228.74273596704626,1.0,True,False,1.0000000000000047
near35,once,43,19000007,19,2322.6933259731545,2370.9760467199653,48.19209238871334,1.0018805649143945,True,False,1.0018805649143945
near35,once,43,19000008,19,2370.9760467199653,2771.707190509709,400.5413596855101,1.0004738189943299,True,False,1.0004738189943299
near35,once,43,19000009,19,2771.707190509709,2894.1895596702543,122.48236916054397,1.0,True,False,1.00000000000001
near35,once,43,19000010,19,2894.1895596702543,3266.8404291448514,372.6508694745985,1.0,True,False,0.9999999999999963
near35,once,43,19000011,19,3266.8404291448514,3339.1917134269042,72.35128428205302,1.0,True,False,0.999999999999997
near35,once,43,19000012,19,3339.1917134269042,4083.3303150457377,744.1386016188327,1.0,True,True,1.000000000000001
near35,once,43,20000006,20,2324.7906290137253,2697.4414984883224,372.6508694745985,1.0,True,False,0.9999999999999963
near35,once,43,20000007,20,2697.4414984883224,2812.394319465322,114.952820977,1.0,True,False,0.9999999999999969
near35,once,43,20000008,20,2812.394319465322,3749.9852241970266,915.9373744307104,1.0236408415088998,True,False,1.0236408415088998
near35,once,43,20000009,20,3749.9852241970266,3798.1773165857385,48.19209238871334,1.0,True,False,0.99999999999997
near35,once,43,20000010,20,3798.1773165857385,4290.648997385237,458.55018171426593,1.073975543872687,True,True,1.073975543872687
near35,once,43,21000008,21,2343.0834445144837,2444.0909705978784,101.00752608339441,1.0,True,False,1.0000000000000022
near35,once,43,21000009,21,2444.0909705978784,3361.4299111875243,915.9373744307104,1.0015301986774006,True,False,1.0015301986774006
near35,once,43,21000010,21,3361.4299111875243,3476.382732164524,114.952820977,1.0,True,False,0.9999999999999969
near35,once,43,21000011,21,3476.382732164524,3677.234875501932,200.85214333740902,1.0,True,False,0.9999999999999952
near35,once,43,21000012,21,3677.234875501932,3864.141753392809,186.90687789087698,1.0,True,False,0.9999999999999989
near35,once,43,21000013,21,3864.141753392809,3979.0945743698085,114.952820977,1.0,True,False,0.9999999999999969
near35,once,43,21000014,21,3979.0945743698085,4037.1524270024474,58.057852632638046,1.0,True,True,1.000000000000016
near35,once,43,22000005,22,2064.2107402856245,2309.245394535199,186.90687789087698,1.3109985946725546,True,False,1.3109985946725546
near35,once,43,22000006,22,2309.245394535199,2410.2529206185936,101.00752608339441,1.0,True,False,1.0000000000000022
near35,once,43,22000007,22,2410.2529206185936,2611.1050639560017,200.85214333740902,1.0,True,False,0.9999999999999952
near35,once,43,22000008,22,2611.1050639560017,3069.6552456702666,458.55018171426593,1.0,True,False,0.9999999999999978
near35,once,43,22000009,22,3069.6552456702666,3528.2054273845315,458.55018171426593,1.0,True,False,0.9999999999999978
near35,once,43,22000010,22,3528.2054273845315,3561.708963193541,32.085964974046185,1.0441804021200525,True,False,1.0441804021200525
near35,once,43,22000011,22,3561.708963193541,3858.703905182961,283.5436075005082,1.047440090811738,True,False,1.047440090811738
near35,once,43,22000012,22,3858.703905182961,4102.505765533779,243.80186035081854,1.0,True,True,0.9999999999999961
near35,once,43,23000005,23,2317.3814848987918,2377.268508751328,58.92951067026337,1.0162484495693642,True,False,1.0162484495693642
near35,once,43,23000006,23,2377.268508751328,3319.5353799375243,915.9373744307104,1.0287459574098616,True,False,1.0287459574098616
near35,once,43,23000007,23,3319.5353799375243,4063.673981556358,744.1386016188327,1.0,True,True,1.000000000000001
near35,once,43,24000007,24,2143.6772928787414,2244.684818962136,101.00752608339441,1.0,True,False,1.0000000000000022
near35,once,43,24000008,24,2244.684818962136,2625.1205978786343,372.6508694745985,1.02089062465593,True,False,1.02089062465593
near35,once,43,24000009,24,2625.1205978786343,3541.0579723093433,915.9373744307104,1.0,True,False,0.9999999999999986
near35,once,43,24000010,24,3541.0579723093433,3825.537865015881,283.5436075005082,1.0033020853980203,True,False,1.0033020853980203
near35,once,43,24000011,24,3825.537865015881,3883.59571764852,58.057852632638046,1.0,True,False,1.000000000000016
near35,once,43,24000012,24,3883.59571764852,4006.078086809065,122.48236916054397,1.0,True,True,1.00000000000001
near35,once,43,25000007,25,2196.0486545205504,2769.2181768640103,565.9243027292647,1.0128024535777205,True,False,1.0128024535777205
near35,once,43,25000008,25,2769.2181768640103,2997.9609128310576,228.74273596704626,1.0,True,False,1.0000000000000047
near35,once,43,25000009,25,2997.9609128310576,4128.647219066591,1130.6863062355314,1.0,True,True,1.0000000000000016
near35,once,43,26000005,26,2335.7693796191024,3466.4556858546357,1130.6863062355314,1.0,True,False,1.0000000000000016
near35,once,43,26000006,26,3466.4556858546357,3695.198421821683,228.74273596704626,1.0,True,False,1.0000000000000047
near35,once,43,26000007,26,3695.198421821683,4095.7397815071936,400.5413596855101,1.0,True,True,1.000000000000001
near35,once,43,27000007,27,2277.8275032900287,2505.737410126082,186.90687789087698,1.2193767795378585,True,False,1.2193767795378585
near35,once,43,27000008,27,2505.737410126082,2749.539270476899,243.80186035081854,1.0,True,False,0.9999999999999943
near35,once,43,27000009,27,2749.539270476899,2821.890554758952,72.35128428205302,1.0,True,False,0.999999999999997
near35,once,43,27000010,27,2821.890554758952,3307.5447783067543,458.55018171426593,1.0591081258156072,True,False,1.0591081258156072
near35,once,43,27000011,27,3307.5447783067543,3873.4690810360194,565.9243027292647,1.0,True,False,1.0000000000000007
near35,once,43,27000012,27,3873.4690810360194,3931.5269336686583,58.057852632638046,1.0,True,False,1.000000000000016
near35,once,43,27000013,27,3931.5269336686583,3979.7190260573702,48.19209238871334,1.0,True,False,0.99999999999997
near35,once,43,27000014,27,3979.7190260573702,4223.520886408188,243.80186035081854,1.0,True,True,0.9999999999999961
near35,once,43,28000011,28,2376.828873637657,2942.753176366922,565.9243027292647,1.0,True,False,1.0000000000000007
near35,once,43,28000012,28,2942.753176366922,3858.6905507976307,915.9373744307104,1.0,True,False,0.999999999999998
near35,once,43,28000013,28,3858.6905507976307,4989.376857033164,1130.6863062355314,1.0,True,True,1.0000000000000016
near35,once,43,29000008,29,2875.5473428281493,3248.1982123027465,372.6508694745985,1.0,True,False,0.9999999999999963
near35,once,43,29000009,29,3248.1982123027465,3648.739571988257,400.5413596855101,1.0,True,False,1.000000000000001
near35,once,43,29000010,29,3648.739571988257,4214.663874717521,565.9243027292647,1.0,True,True,0.999999999999999
near35,once,43,30000010,30,2575.0490416345183,2601.766297799777,26.717256165257165,1.0,True,False,1.0000000000000586
near35,once,43,30000011,30,2601.766297799777,2845.568158150594,243.80186035081854,1.0,True,False,0.9999999999999943
near35,once,43,30000012,30,2845.568158150594,3981.023476265522,1130.6863062355314,1.004217802809759,True,False,1.004217802809759
near35,once,43,30000013,30,3981.023476265522,4209.766212232569,228.74273596704626,1.0,True,True,1.0000000000000047
near35,once,43,31000011,31,2507.4557290375005,3423.393103468209,915.9373744307104,1.0,True,False,0.999999999999998
near35,once,43,31000012,31,3423.393103468209,4339.330477898918,915.9373744307104,1.0,True,True,0.999999999999998
full,od_baseline,7,5,0,2418.1911380419447,2582.0091213785918,32.085964974046185,5.105596277660865,False,False,5.105596277660865
full,od_baseline,7,6,0,2582.0091213785918,2744.724453138354,101.00752608339441,1.6109228497034986,False,False,1.6109228497034986
full,od_baseline,7,7,0,2744.724453138354,2915.87714811199,32.085964974046185,5.334191915751291,False,False,5.334191915751291
full,od_baseline,7,8,0,2915.87714811199,3081.3871270885493,101.00752608339441,1.638590562448879,False,False,1.638590562448879
full,od_baseline,7,9,0,3081.3871270885493,3561.3545963751003,72.35128428205302,6.633848646216894,False,False,6.633848646216894
full,od_baseline,7,10,0,3561.3545963751003,4052.0333836065456,72.35128428205302,6.78189464223733,False,True,6.78189464223733
full,od_baseline,7,1000008,1,2549.182136579771,3679.8684428153038,1130.6863062355314,1.0,True,False,1.000000000000001
full,od_baseline,7,1000009,1,3679.8684428153038,3923.670303166121,243.80186035081854,1.0,True,False,0.9999999999999943
full,od_baseline,7,1000010,1,3923.670303166121,3993.839873299489,15.979837567787547,4.391131626695471,False,False,4.391131626695471
full,od_baseline,7,1000011,1,3993.839873299489,4409.252344597617,400.5413596855101,1.0371275306607377,True,True,1.0371275306607377
full,od_baseline,7,2000007,2,2327.8957796634845,2442.848600640484,114.952820977,1.0,True,False,0.9999999999999969
full,od_baseline,7,2000008,2,2442.848600640484,2509.4751729821064,15.979837567787547,4.169414867891357,False,False,4.169414867891357
full,od_baseline,7,2000009,2,2509.4751729821064,2668.387683216479,101.00752608339441,1.5732739568650613,False,False,1.5732739568650613
full,od_baseline,7,2000010,2,2668.387683216479,3048.315180337689,58.92951067026337,6.447151737727332,False,False,6.447151737727332
full,od_baseline,7,2000011,2,3048.315180337689,3308.891400560778,243.80186035081854,1.0688032480479557,True,False,1.0688032480479557
full,od_baseline,7,2000012,2,3308.891400560778,3688.393293427002,229.85653940820262,1.6510380511396539,False,False,1.6510380511396539
full,od_baseline,7,2000013,2,3688.393293427002,4119.704968689554,72.35128428205302,5.961354792005271,False,True,5.961354792005271
full,od_baseline,7,3000010,3,2230.4155910407767,2374.3664582408933,101.00752608339441,1.4251499148812639,True,False,1.4251499148812639
full,od_baseline,7,3000011,3,2374.3664582408933,2745.1914654240722,229.85653940820262,1.6132889155032053,False,False,1.6132889155032053
full,od_baseline,7,3000012,3,2745.1914654240722,3499.4753867994978,744.1386016188327,1.0136336426231918,True,False,1.0136336426231918
full,od_baseline,7,3000013,3,3499.4753867994978,3837.458933389447,58.92951067026337,5.735386952067468,False,False,5.735386952067468
full,od_baseline,7,3000014,3,3837.458933389447,4275.986912146585,72.35128428205302,6.061094604037552,False,True,6.061094604037552
full,od_baseline,7,4000007,4,2237.221386508853,2396.710583170584,32.085964974046185,4.970684122816293,False,False,4.970684122816293
full,od_baseline,7,4000008,4,2396.710583170584,2656.5803569572627,243.80186035081854,1.0659056227575099,True,False,1.0659056227575099
full,od_baseline,7,4000009,4,2656.5803569572627,2803.848446058276,101.00752608339441,1.4579912488840174,True,False,1.4579912488840174
full,od_baseline,7,4000010,4,2803.848446058276,2987.840784841357,122.48236916054397,1.5021944794512674,False,False,1.5021944794512674
full,od_baseline,7,4000011,4,2987.840784841357,3372.1795449617125,58.92951067026337,6.5220083409635015,False,False,6.5220083409635015
full,od_baseline,7,4000012,4,3372.1795449617125,3868.917806088931,283.5436075005082,1.7518937051907544,False,False,1.7518937051907544
full,od_baseline,7,4000013,4,3868.917806088931,4170.7394967439395,58.92951067026337,5.121740995675908,False,True,5.121740995675908
full,od_baseline,7,5000007,5,2105.851132629983,2211.9620409562044,26.717256165257165,3.9716244688407336,False,False,3.9716244688407336
full,od_baseline,7,5000008,5,2211.9620409562044,2517.3041183056957,186.90687789087698,1.633658861541527,False,False,1.633658861541527
full,od_baseline,7,5000009,5,2517.3041183056957,2806.8725239265186,48.19209238871334,6.008629035759407,False,False,6.008629035759407
full,od_baseline,7,5000010,5,2806.8725239265186,3199.1422067048766,58.92951067026337,6.656591550085661,False,False,6.656591550085661
full,od_baseline,7,5000011,5,3199.1422067048766,3580.9882030949707,229.85653940820262,1.661236166581161,False,False,1.661236166581161
full,od_baseline,7,5000012,5,3580.9882030949707,4050.326497495181,283.5436075005082,1.6552596566627549,False,True,1.6552596566627549
full,od_baseline,7,6000005,6,2392.12067174025,2592.972815077658,200.85214333740902,1.0,True,False,0.9999999999999952
full,od_baseline,7,6000006,6,2592.972815077658,2662.992857799783,58.057852632638046,1.2060391410818738,True,False,1.2060391410818738
full,od_baseline,7,6000007,6,2662.992857799783,3268.859354511492,565.9243027292647,1.0705786865660587,True,False,1.0705786865660587
full,od_baseline,7,6000008,6,3268.859354511492,3613.3206735017516,58.92951067026337,5.845311034698268,False,False,5.845311034698268
full,od_baseline,7,6000009,6,3613.3206735017516,4024.9972210393066,229.85653940820262,1.7910151636210705,False,True,1.7910151636210705
full,od_baseline,7,7000007,7,2061.4416324708604,2365.1361286076663,229.85653940820262,1.3212349621146704,True,False,1.3212349621146704
full,od_baseline,7,7000008,7,2365.1361286076663,2480.088949584666,114.952820977,1.0,True,False,0.9999999999999969
full,od_baseline,7,7000009,7,2480.088949584666,2964.9199869144604,458.55018171426593,1.0573129325067083,True,False,1.0573129325067083
full,od_baseline,7,7000010,7,2964.9199869144604,3136.364842716482,32.085964974046185,5.343297480399941,False,False,5.343297480399941
full,od_baseline,7,7000011,7,3136.364842716482,3641.7983113299138,486.44082678401566,1.0390440949518591,True,False,1.0390440949518591
full,od_baseline,7,7000012,7,3641.7983113299138,3988.9573464753844,58.92951067026337,5.891089730711981,False,False,5.891089730711981
full,od_baseline,7,7000013,7,3988.9573464753844,4456.255199985415,283.5436075005082,1.6480634412087496,False,True,1.6480634412087496
full,od_baseline,7,8000007,8,2176.625726994529,2305.0791826798372,26.717256165257165,4.807883522573238,False,False,4.807883522573238
full,od_baseline,7,8000008,8,2305.0791826798372,2476.630879703787,32.085964974046185,5.34662732327717,False,False,5.34662732327717
full,od_baseline,7,8000009,8,2476.630879703787,2976.3427328467433,283.5436075005082,1.7623809527854046,False,False,1.7623809527854046
full,od_baseline,7,8000010,8,2976.3427328467433,3466.9292044043605,283.5436075005082,1.7301976083405017,False,False,1.7301976083405017
full,od_baseline,7,8000011,8,3466.9292044043605,3534.9260701989033,15.979837567787547,4.25516626849901,False,False,4.25516626849901
full,od_baseline,7,8000012,8,3534.9260701989033,3691.4634837296417,26.717256165257165,5.859037790501031,False,False,5.859037790501031
full,od_baseline,7,8000013,8,3691.4634837296417,4010.7360493171436,48.19209238871334,6.624999035366144,False,True,6.624999035366144
full,od_baseline,7,9000005,9,2076.5215904127786,2212.3855557047636,32.085964974046185,4.234373670914471,False,False,4.234373670914471
full,od_baseline,7,9000006,9,2212.3855557047636,2390.8645953638184,122.48236916054397,1.4571814774836125,True,False,1.4571814774836125
full,od_baseline,7,9000007,9,2390.8645953638184,2721.6687569978453,58.92951067026337,5.61355690674274,False,False,5.61355690674274
full,od_baseline,7,9000008,9,2721.6687569978453,3134.69179772262,400.5413596855101,1.0311620279340556,True,False,1.0311620279340556
full,od_baseline,7,9000009,9,3134.69179772262,4050.629172153329,915.9373744307104,1.0,True,True,0.9999999999999986
full,od_baseline,7,10000005,10,2328.2044879005707,2736.707074402444,72.35128428205302,5.646100004381039,False,False,5.646100004381039
full,od_baseline,7,10000006,10,2736.707074402444,3245.875127255923,283.5436075005082,1.795731024733352,False,False,1.795731024733352
full,od_baseline,7,10000007,10,3245.875127255923,3520.388759278081,48.19209238871334,5.696238084205899,False,False,5.696238084205899
full,od_baseline,7,10000008,10,3520.388759278081,4296.982200666685,744.1386016188327,1.0436139715090267,True,True,1.0436139715090267
full,od_baseline,7,11000012,11,2908.024953068404,2979.4688115839626,58.057852632638046,1.2305632274693423,True,False,1.2305632274693423
full,od_baseline,7,11000013,11,2979.4688115839626,3383.2993391279174,372.6508694745985,1.0836698921790162,True,False,1.0836698921790162
full,od_baseline,7,11000014,11,3383.2993391279174,3836.0114645361964,283.5436075005082,1.5966225773842129,False,False,1.5966225773842129
full,od_baseline,7,11000015,11,3836.0114645361964,3950.964285513196,114.952820977,1.0,True,False,0.9999999999999969
full,od_baseline,7,11000016,11,3950.964285513196,4297.631486587689,58.92951067026337,5.882743588594335,False,True,5.882743588594335
full,od_baseline,7,12000009,12,2024.1413082682402,2477.263119296939,283.5436075005082,1.598067454325827,False,False,1.598067454325827
full,od_baseline,7,12000010,12,2477.263119296939,2847.590528534424,229.85653940820262,1.611124095885825,False,False,1.611124095885825
full,od_baseline,7,12000011,12,2847.590528534424,2962.5433495114235,114.952820977,1.0,True,False,0.9999999999999969
full,od_baseline,7,12000012,12,2962.5433495114235,3287.1790725293286,186.90687789087698,1.7368848416987588,False,False,1.7368848416987588
full,od_baseline,7,12000013,12,3287.1790725293286,3424.5117320206573,26.717256165257165,5.140223181672176,False,False,5.140223181672176
full,od_baseline,7,12000014,12,3424.5117320206573,4203.2397300612165,744.1386016188327,1.0464824648882334,True,True,1.0464824648882334
full,od_baseline,7,13000005,13,2246.143248737974,2408.640285929373,32.085964974046185,5.064427307168114,False,False,5.064427307168114
full,od_baseline,7,13000006,13,2408.640285929373,2725.069034589875,186.90687789087698,1.692975412307966,False,False,1.692975412307966
full,od_baseline,7,13000007,13,2725.069034589875,3200.8744785772487,72.35128428205302,6.576323401980008,False,False,6.576323401980008
full,od_baseline,7,13000008,13,3200.8744785772487,3315.8272995542484,114.952820977,1.0,True,False,0.9999999999999969
full,od_baseline,7,13000009,13,3315.8272995542484,3808.7931691179997,486.44082678401566,1.0134138469068774,True,False,1.0134138469068774
full,od_baseline,7,13000010,13,3808.7931691179997,4267.343350832265,458.55018171426593,1.0,True,True,0.9999999999999988
full,od_baseline,7,14000008,14,2188.0780602359737,3319.9937335060413,1130.6863062355314,1.0010872750715707,True,False,1.0010872750715707
full,od_baseline,7,14000009,14,3319.9937335060413,3687.1554241643066,229.85653940820262,1.5973515115279024,False,False,1.5973515115279024
full,od_baseline,7,14000010,14,3687.1554241643066,3979.8732410896046,48.19209238871334,6.073980240663983,False,False,6.073980240663983
full,od_baseline,7,14000011,14,3979.8732410896046,4211.143753838141,228.74273596704626,1.0110507412215877,True,True,1.0110507412215877
full,od_baseline,7,15000006,15,2109.1258079420754,2166.471990706716,15.979837567787547,3.588658678248402,False,False,3.588658678248402
full,od_baseline,7,15000007,15,2166.471990706716,2668.049564551179,458.55018171426593,1.093833551585001,True,False,1.093833551585001
full,od_baseline,7,15000008,15,2668.049564551179,2800.902570643704,26.717256165257165,4.972554264958002,False,False,4.972554264958002
full,od_baseline,7,15000009,15,2800.902570643704,3411.159869550554,565.9243027292647,1.0783373252637887,True,False,1.0783373252637887
full,od_baseline,7,15000010,15,3411.159869550554,3670.8297382819874,48.19209238871334,5.388225658204631,False,False,5.388225658204631
full,od_baseline,7,15000011,15,3670.8297382819874,4151.843311682718,72.35128428205302,6.648307326868666,False,True,6.648307326868666
full,od_baseline,7,16000011,16,2407.952853559343,2853.6677908301417,283.5436075005082,1.5719449336201303,False,False,1.5719449336201303
full,od_baseline,7,16000012,16,2853.6677908301417,2999.76748292351,101.00752608339441,1.4464238236341402,True,False,1.4464238236341402
full,od_baseline,7,16000013,16,2999.76748292351,3387.1934304597594,58.92951067026337,6.574396140909236,False,False,6.574396140909236
full,od_baseline,7,16000014,16,3387.1934304597594,3503.8554325736795,114.952820977,1.0148685445245587,True,False,1.0148685445245587
full,od_baseline,7,16000015,16,3503.8554325736795,3574.575652108083,15.979837567787547,4.4255906378524505,False,False,4.4255906378524505
full,od_baseline,7,16000016,16,3574.575652108083,3738.871944593432,101.00752608339441,1.6265747598817724,False,False,1.6265747598817724
full,od_baseline,7,16000017,16,3738.871944593432,4117.578257119916,58.92951067026337,6.4264289355042,False,True,6.4264289355042
full,od_baseline,7,17000009,17,2192.9382823858427,2644.493062436587,283.5436075005082,1.592540858287327,False,False,1.592540858287327
full,od_baseline,7,17000010,17,2644.493062436587,2707.2466741327908,58.057852632638046,1.080880687979939,True,False,1.080880687979939
full,od_baseline,7,17000011,17,2707.2466741327908,2920.693651931158,200.85214333740902,1.062706995562404,True,False,1.062706995562404
full,od_baseline,7,17000012,17,2920.693651931158,3052.823818372729,101.00752608339441,1.3081219941223083,True,False,1.3081219941223083
full,od_baseline,7,17000013,17,3052.823818372729,3475.5975315557644,72.35128428205302,5.84334773567946,False,False,5.84334773567946
full,od_baseline,7,17000014,17,3475.5975315557644,3927.9611179815456,72.35128428205302,6.252322829022561,False,False,6.252322829022561
full,od_baseline,7,17000015,17,3927.9611179815456,4067.2344340470245,26.717256165257165,5.2128600034380925,False,True,5.2128600034380925
full,od_baseline,7,18000011,18,2550.3443748366067,2826.842082642339,48.19209238871334,5.737408236511607,False,False,5.737408236511607
full,od_baseline,7,18000012,18,2826.842082642339,2974.74557296304,26.717256165257165,5.535878737167377,False,False,5.535878737167377
full,od_baseline,7,18000013,18,2974.74557296304,3383.689582658191,372.6508694745985,1.0973918034103127,True,False,1.0973918034103127
full,od_baseline,7,18000014,18,3383.689582658191,3750.8616314396972,229.85653940820262,1.5973965749542802,False,False,1.5973965749542802
full,od_baseline,7,18000015,18,3750.8616314396972,4023.769343994878,48.19209238871334,5.662914785976302,False,True,5.662914785976302
full,od_baseline,7,19000006,19,2015.7744494034696,2169.1559161645996,122.48236916054397,1.2522738400012903,True,False,1.2522738400012903
full,od_baseline,7,19000007,19,2169.1559161645996,2284.1087371415992,114.952820977,1.0,True,False,0.9999999999999969
full,od_baseline,7,19000008,19,2284.1087371415992,2677.390654533191,372.6508694745985,1.0553629405080447,True,False,1.0553629405080447
full,od_baseline,7,19000009,19,2677.390654533191,3115.2778219580714,283.5436075005082,1.544337998958751,False,False,1.544337998958751
full,od_baseline,7,19000010,19,3115.2778219580714,3359.0796823088886,243.80186035081854,1.0,True,False,0.9999999999999943
full,od_baseline,7,19000011,19,3359.0796823088886,3722.096906708252,229.85653940820262,1.5793208465332391,False,False,1.5793208465332391
full,od_baseline,7,19000012,19,3722.096906708252,3922.94905004566,200.85214333740902,1.0,True,False,0.9999999999999952
full,od_baseline,7,19000013,19,3922.94905004566,4089.05840045574,32.085964974046185,5.1770096534245775,False,True,5.1770096534245775
full,od_baseline,7,20000008,20,2100.7943927678225,2260.7338917887478,32.085964974046185,4.984718369863513,False,False,4.984718369863513
full,od_baseline,7,20000009,20,2260.7338917887478,2493.023178886969,228.74273596704626,1.0155045410127737,True,False,1.0155045410127737
full,od_baseline,7,20000010,20,2493.023178886969,2562.676132750955,58.057852632638046,1.1997163295844886,True,False,1.1997163295844886
full,od_baseline,7,20000011,20,2562.676132750955,2634.495772347341,15.979837567787547,4.494391090755599,False,False,4.494391090755599
full,od_baseline,7,20000012,20,2634.495772347341,2709.1959371422627,15.979837567787547,4.6746510706406585,False,False,4.6746510706406585
full,od_baseline,7,20000013,20,2709.1959371422627,2897.657491031912,32.085964974046185,5.873644568336737,False,False,5.873644568336737
full,od_baseline,7,20000014,20,2897.657491031912,3059.533489393237,101.00752608339441,1.6026132372322035,False,False,1.6026132372322035
full,od_baseline,7,20000015,20,3059.533489393237,3259.0222728784665,122.48236916054397,1.628714278246443,False,False,1.628714278246443
full,od_baseline,7,20000016,20,3259.0222728784665,3556.3121448981983,48.19209238871334,6.1688517199422845,False,False,6.1688517199422845
full,od_baseline,7,20000017,20,3556.3121448981983,3674.573229717234,114.952820977,1.0287793184535905,True,False,1.0287793184535905
full,od_baseline,7,20000018,20,3674.573229717234,4850.424055063658,1130.6863062355314,1.0399443407617286,True,True,1.0399443407617286
full,od_baseline,7,21000006,21,2136.1849189150707,2202.8001629999785,58.057852632638046,1.1473942122251188,True,False,1.1473942122251188
full,od_baseline,7,21000007,21,2202.8001629999785,2488.433703223394,48.19209238871334,5.92697942889716,False,False,5.92697942889716
full,od_baseline,7,21000008,21,2488.433703223394,2644.884951893237,101.00752608339441,1.5489068462153304,False,False,1.5489068462153304
full,od_baseline,7,21000009,21,2644.884951893237,3125.1126835333034,72.35128428205302,6.637445850552629,False,False,6.637445850552629
full,od_baseline,7,21000010,21,3125.1126835333034,3197.9066220543723,15.979837567787547,4.555361605665394,False,False,4.555361605665394
full,od_baseline,7,21000011,21,3197.9066220543723,4156.917646452193,915.9373744307104,1.047026850491697,True,True,1.047026850491697
full,od_baseline,7,22000007,22,2182.8625503837525,2331.254574259451,32.085964974046185,4.6248265868185845,False,False,4.6248265868185845
full,od_baseline,7,22000008,22,2331.254574259451,2835.6935512957343,486.44082678401566,1.0369996703838735,True,False,1.0369996703838735
full,od_baseline,7,22000009,22,2835.6935512957343,3119.3199043408517,186.90687789087698,1.5174741360278285,False,False,1.5174741360278285
full,od_baseline,7,22000010,22,3119.3199043408517,3497.925077484619,229.85653940820262,1.6471368363873338,False,False,1.6471368363873338
full,od_baseline,7,22000011,22,3497.925077484619,3870.180643594525,58.92951067026337,6.316963468317939,False,False,6.316963468317939
full,od_baseline,7,22000012,22,3870.180643594525,4368.181271606843,458.55018171426593,1.0860329967607232,True,True,1.0860329967607232
full,od_baseline,7,23000009,23,2529.624911664812,2593.274582457986,58.057852632638046,1.0963145880699117,True,False,1.0963145880699117
full,od_baseline,7,23000010,23,2593.274582457986,2941.0401711824156,58.92951067026337,5.901382597088436,False,False,5.901382597088436
full,od_baseline,7,23000011,23,2941.0401711824156,3713.2659988844584,744.1386016188327,1.0377446164224082,True,False,1.0377446164224082
full,od_baseline,7,23000012,23,3713.2659988844584,3957.0678592352756,243.80186035081854,1.0,True,False,0.9999999999999943
full,od_baseline,7,23000013,23,3957.0678592352756,4339.8659590009665,372.6508694745985,1.027229858085127,True,True,1.027229858085127
full,od_baseline,7,24000004,24,2111.3366599793744,2369.77947536136,186.90687789087698,1.3827357146957089,True,False,1.3827357146957089
full,od_baseline,7,24000005,24,2369.77947536136,2849.861087988679,458.55018171426593,1.0469554517077266,True,False,1.0469554517077266
full,od_baseline,7,24000006,24,2849.861087988679,3132.4026668464408,48.19209238871334,5.862820327011434,False,False,5.862820327011434
full,od_baseline,7,24000007,24,3132.4026668464408,3323.627087076834,32.085964974046185,5.959752819809893,False,False,5.959752819809893
full,od_baseline,7,24000008,24,3323.627087076834,3631.943858765386,48.19209238871334,6.397663110406057,False,False,6.397663110406057
full,od_baseline,7,24000009,24,3631.943858765386,3788.0046977188995,26.717256165257165,5.84120008387888,False,False,5.84120008387888
full,od_baseline,7,24000010,24,3788.0046977188995,4168.335093057416,58.92951067026337,6.453988689412901,False,True,6.453988689412901
full,od_baseline,7,25000006,25,2363.2545089361797,3279.1918833668888,915.9373744307104,1.0,True,False,0.9999999999999986
full,od_baseline,7,25000007,25,3279.1918833668888,3448.000849538623,122.48236916054397,1.3782307390745145,True,False,1.3782307390745145
full,od_baseline,7,25000008,25,3448.000849538623,3586.8615991344477,101.00752608339441,1.3747564659803462,True,False,1.3747564659803462
full,od_baseline,7,25000009,25,3586.8615991344477,3893.3071022168283,186.90687789087698,1.6395624737859813,False,False,1.6395624737859813
full,od_baseline,7,25000010,25,3893.3071022168283,4022.2557200577667,26.717256165257165,4.826416943541597,False,True,4.826416943541597
full,od_baseline,7,26000007,26,2039.0515152275027,2237.1042812263236,48.19209238871334,4.109652770445076,False,False,4.109652770445076
full,od_baseline,7,26000008,26,2237.1042812263236,2553.603776626752,58.92951067026337,5.370814924484655,False,False,5.370814924484655
full,od_baseline,7,26000009,26,2553.603776626752,3037.467343567483,72.35128428205302,6.687698383548325,False,False,6.687698383548325
full,od_baseline,7,26000010,26,3037.467343567483,3199.370754407885,101.00752608339441,1.6028846276932918,False,False,1.6028846276932918
full,od_baseline,7,26000011,26,3199.370754407885,3268.0979619745876,58.057852632638046,1.1837710912522872,True,False,1.1837710912522872
full,od_baseline,7,26000012,26,3268.0979619745876,3456.1757100260525,32.085964974046185,5.86168277013323,False,False,5.86168277013323
full,od_baseline,7,26000013,26,3456.1757100260525,3530.4109945153095,15.979837567787547,4.645559391598695,False,False,4.645559391598695
full,od_baseline,7,26000014,26,3530.4109945153095,3683.8054789688995,26.717256165257165,5.741401119365786,False,False,5.741401119365786
full,od_baseline,7,26000015,26,3683.8054789688995,3760.679854378591,15.979837567787547,4.810710689866842,False,False,4.810710689866842
full,od_baseline,7,26000016,26,3760.679854378591,4946.4365520119,1130.6863062355314,1.0487052784614745,True,True,1.0487052784614745
full,od_baseline,7,27000005,27,2097.8063399912794,2519.971706943423,283.5436075005082,1.4888904414866315,True,False,1.4888904414866315
full,od_baseline,7,27000006,27,2519.971706943423,2867.37965206958,229.85653940820262,1.5114120573667669,False,False,1.5114120573667669
full,od_baseline,7,27000007,27,2867.37965206958,2997.61048690347,26.717256165257165,4.874409034683753,False,False,4.874409034683753
full,od_baseline,7,27000008,27,2997.61048690347,3192.25768705242,32.085964974046185,6.0664281191604195,False,False,6.0664281191604195
full,od_baseline,7,27000009,27,3192.25768705242,4370.877598862487,1130.6863062355314,1.0423933723351826,True,True,1.0423933723351826
full,od_baseline,7,28000007,28,2091.7827929956543,2154.1288220575957,58.057852632638046,1.0738604036294086,True,False,1.0738604036294086
full,od_baseline,7,28000008,28,2154.1288220575957,2509.988816909955,58.92951067026337,6.0387400269374885,False,False,6.0387400269374885
full,od_baseline,7,28000009,28,2509.988816909955,2580.874908996072,58.057852632638046,1.2209561475628439,True,False,1.2209561475628439
full,od_baseline,7,28000010,28,2580.874908996072,2732.7022685196807,26.717256165257165,5.682745210978791,False,False,5.682745210978791
full,od_baseline,7,28000011,28,2732.7022685196807,2916.187764469412,32.085964974046185,5.7185593794093315,False,False,5.7185593794093315
full,od_baseline,7,28000012,28,2916.187764469412,3411.920697449319,72.35128428205302,6.851750288873248,False,False,6.851750288873248
full,od_baseline,7,28000013,28,3411.920697449319,3792.2662148835875,58.92951067026337,6.454245302705288,False,False,6.454245302705288
full,od_baseline,7,28000014,28,3792.2662148835875,4188.443076920887,372.6508694745985,1.063131457591579,True,True,1.063131457591579
full,od_baseline,7,29000005,29,2180.7072523359266,2639.2574340501915,458.55018171426593,1.0,True,False,0.9999999999999978
full,od_baseline,7,29000006,29,2639.2574340501915,2822.3733318384275,122.48236916054397,1.4950388292066472,True,False,1.4950388292066472
full,od_baseline,7,29000007,29,2822.3733318384275,2888.670195565114,15.979837567787547,4.148782079007436,False,False,4.148782079007436
full,od_baseline,7,29000008,29,2888.670195565114,3286.4476571443297,58.92951067026337,6.750055397625071,False,False,6.750055397625071
full,od_baseline,7,29000009,29,3286.4476571443297,3425.493635096829,26.717256165257165,5.204350966747603,False,False,5.204350966747603
full,od_baseline,7,29000010,29,3425.493635096829,3817.417036102783,229.85653940820262,1.705078315435423,False,False,1.705078315435423
full,od_baseline,7,29000011,29,3817.417036102783,4101.932132734407,186.90687789087698,1.522229143422608,False,True,1.522229143422608
full,od_baseline,7,30000006,30,2108.198455036802,2445.3251384649443,72.35128428205302,4.659581191591477,False,False,4.659581191591477
full,od_baseline,7,30000007,30,2445.3251384649443,2572.5220521129636,101.00752608339441,1.259281546436473,True,False,1.259281546436473
full,od_baseline,7,30000008,30,2572.5220521129636,2639.726051061502,58.057852632638046,1.1575350430849156,True,False,1.1575350430849156
full,od_baseline,7,30000009,30,2639.726051061502,2868.898933379157,228.74273596704626,1.001880480920149,True,False,1.001880480920149
full,od_baseline,7,30000010,30,2868.898933379157,3228.578318155072,58.92951067026337,6.103552883520108,False,False,6.103552883520108
full,od_baseline,7,30000011,30,3228.578318155072,3406.5978970133574,32.085964974046185,5.548207105576617,False,False,5.548207105576617
full,od_baseline,7,30000012,30,3406.5978970133574,3823.610578583252,229.85653940820262,1.8142302265732846,False,False,1.8142302265732846
full,od_baseline,7,30000013,30,3823.610578583252,3899.1426312616973,58.057852632638046,1.3009790967705186,True,False,1.3009790967705186
full,od_baseline,7,30000014,30,3899.1426312616973,4172.422655860113,48.19209238871334,5.6706403696723156,False,True,5.6706403696723156
full,od_baseline,7,31000006,31,2994.717500148665,3178.313196950732,122.48236916054397,1.4989561196470569,True,False,1.4989561196470569
full,od_baseline,7,31000007,31,3178.313196950732,3332.4601185953884,32.085964974046185,4.804185311844078,False,False,4.804185311844078
full,od_baseline,7,31000008,31,3332.4601185953884,3791.0401890264675,72.35128428205302,6.338243681250471,False,False,6.338243681250471
full,od_baseline,7,31000009,31,3791.0401890264675,4277.246716098696,283.5436075005082,1.7147504447666213,False,True,1.7147504447666213
full,od_baseline,19,9,0,2313.270823987405,2588.566736157964,48.19209238871334,5.712470625887032,False,False,5.712470625887032
full,od_baseline,19,10,0,2588.566736157964,2657.683591146169,15.979837567787547,4.325253914190719,False,False,4.325253914190719
full,od_baseline,19,11,0,2657.683591146169,2808.283594569018,101.00752608339441,1.4909780415620701,True,False,1.4909780415620701
full,od_baseline,19,12,0,2808.283594569018,3183.892132123291,229.85653940820262,1.6340998542888054,False,False,1.6340998542888054
full,od_baseline,19,13,0,3183.892132123291,3667.795422153384,283.5436075005082,1.7066274013221259,False,False,1.7066274013221259
full,od_baseline,19,14,0,3667.795422153384,4040.4462916279813,372.6508694745985,1.0,True,True,0.9999999999999963
full,od_baseline,19,1000006,1,2838.290496464798,3039.142639802206,200.85214333740902,1.0,True,False,0.9999999999999952
full,od_baseline,19,1000007,1,3039.142639802206,3516.7285348880932,458.55018171426593,1.0415128248351302,True,False,1.0415128248351302
full,od_baseline,19,1000008,1,3516.7285348880932,3849.925645523236,58.92951067026337,5.654163878935427,False,False,5.654163878935427
full,od_baseline,19,1000009,1,3849.925645523236,4118.040331641363,48.19209238871334,5.563458086765283,False,True,5.563458086765283
full,od_baseline,19,2000008,2,2302.6784689892893,2667.776180585205,229.85653940820262,1.5883720886771822,False,False,1.5883720886771822
full,od_baseline,19,2000009,2,2667.776180585205,2868.628323922613,200.85214333740902,1.0,True,False,0.9999999999999952
full,od_baseline,19,2000010,2,2868.628323922613,3230.595570746338,229.85653940820262,1.5747528774063144,False,False,1.5747528774063144
full,od_baseline,19,2000011,2,3230.595570746338,3631.1369304318487,400.5413596855101,1.0,True,False,1.000000000000001
full,od_baseline,19,2000012,2,3631.1369304318487,3771.9334443248777,101.00752608339441,1.3939210210611808,True,False,1.3939210210611808
full,od_baseline,19,2000013,2,3771.9334443248777,3904.7041979386263,26.717256165257165,4.969475637487142,False,False,4.969475637487142
full,od_baseline,19,2000014,2,3904.7041979386263,4045.334538514798,26.717256165257165,5.2636520646549805,False,True,5.2636520646549805
full,od_baseline,19,3000009,3,2246.6027034123535,2716.6333653662746,283.5436075005082,1.657701494656615,False,False,1.657701494656615
full,od_baseline,19,3000010,3,2716.6333653662746,2945.376101333322,228.74273596704626,1.0,True,False,1.0000000000000047
full,od_baseline,19,3000011,3,2945.376101333322,3082.523922157376,26.717256165257165,5.1333048564470385,False,False,5.1333048564470385
full,od_baseline,19,3000012,3,3082.523922157376,3489.411810026355,372.6508694745985,1.0918742479861947,True,False,1.0918742479861947
full,od_baseline,19,3000013,3,3489.411810026355,3855.0649463566897,229.85653940820262,1.5907884860346335,False,False,1.5907884860346335
full,od_baseline,19,3000014,3,3855.0649463566897,4789.061711491256,915.9373744307104,1.0197168400460568,True,True,1.0197168400460568
full,od_baseline,19,4000008,4,2104.2247715629373,2248.817041834643,101.00752608339441,1.4314999671640967,True,False,1.4314999671640967
full,od_baseline,19,4000009,4,2248.817041834643,3194.6985896406695,915.9373744307104,1.0326923807361037,True,False,1.0326923807361037
full,od_baseline,19,4000010,4,3194.6985896406695,3264.589866369119,58.057852632638046,1.2038212499984755,True,False,1.2038212499984755
full,od_baseline,19,4000011,4,3264.589866369119,3458.6387600504668,32.085964974046185,6.047781135406419,False,False,6.047781135406419
full,od_baseline,19,4000012,4,3458.6387600504668,3821.40849464433,58.92951067026337,6.155994347615069,False,False,6.155994347615069
full,od_baseline,19,4000013,4,3821.40849464433,4251.717236118227,283.5436075005082,1.5176104489434707,False,True,1.5176104489434707
full,od_baseline,19,5000007,5,2009.1817648877268,2951.5434009443807,915.9373744307104,1.028849419582171,True,False,1.028849419582171
full,od_baseline,19,5000008,5,2951.5434009443807,3023.455075521169,15.979837567787547,4.50015053480576,False,False,4.50015053480576
full,od_baseline,19,5000009,5,3023.455075521169,3180.882242640307,101.00752608339441,1.5585686851607696,False,False,1.5585686851607696
full,od_baseline,19,5000010,5,3180.882242640307,3482.765726026128,48.19209238871334,6.264170498156716,False,False,6.264170498156716
full,od_baseline,19,5000011,5,3482.765726026128,3859.383805923627,58.92951067026337,6.390992825391733,False,False,6.390992825391733
full,od_baseline,19,5000012,5,3859.383805923627,4332.0612455176415,283.5436075005082,1.667036135149573,False,True,1.667036135149573
full,od_baseline,19,6000008,6,2005.739625625775,2219.4510050317444,200.85214333740902,1.0640233947962323,True,False,1.0640233947962323
full,od_baseline,19,6000009,6,2219.4510050317444,2687.545535776431,283.5436075005082,1.6508731579986244,False,False,1.6508731579986244
full,od_baseline,19,6000010,6,2687.545535776431,3018.6312950349547,58.92951067026337,5.618335456934217,False,False,5.618335456934217
full,od_baseline,19,6000011,6,3018.6312950349547,3275.926112670153,243.80186035081854,1.0553439471912318,True,False,1.0553439471912318
full,od_baseline,19,6000012,6,3275.926112670153,3344.144996374002,58.057852632638046,1.1750156199455895,True,False,1.1750156199455895
full,od_baseline,19,6000013,6,3344.144996374002,3796.751072302835,72.35128428205302,6.255674386710278,False,False,6.255674386710278
full,od_baseline,19,6000014,6,3796.751072302835,3912.2104588187967,114.952820977,1.004406725599741,True,False,1.004406725599741
full,od_baseline,19,6000015,6,3912.2104588187967,4061.3174404703886,32.085964974046185,4.647109157296723,False,True,4.647109157296723
full,od_baseline,19,7000006,7,2123.9715899927246,2526.1383835136357,400.5413596855101,1.0040580923694804,True,False,1.0040580923694804
full,od_baseline,19,7000007,7,2526.1383835136357,2662.1309320450714,26.717256165257165,5.0900641776335895,False,False,5.0900641776335895
full,od_baseline,19,7000008,7,2662.1309320450714,3163.6924173343823,458.55018171426593,1.0937984658827296,True,False,1.0937984658827296
full,od_baseline,19,7000009,7,3163.6924173343823,3439.482363501714,48.19209238871334,5.722721975689155,False,False,5.722721975689155
full,od_baseline,19,7000010,7,3439.482363501714,3811.027177505658,58.92951067026337,6.304902412696096,False,False,6.304902412696096
full,od_baseline,19,7000011,7,3811.027177505658,4023.2112521264708,200.85214333740902,1.0564192698923172,True,True,1.0564192698923172
full,od_baseline,19,8000005,8,2476.3924564226872,2817.583538373291,229.85653940820262,1.4843653473120553,True,False,1.4843653473120553
full,od_baseline,19,8000006,8,2817.583538373291,3083.336786206792,48.19209238871334,5.514457552287994,False,False,5.514457552287994
full,od_baseline,19,8000007,8,3083.336786206792,3272.7645197778807,122.48236916054397,1.5465714361125382,False,False,1.5465714361125382
full,od_baseline,19,8000008,8,3272.7645197778807,3469.8081293970213,122.48236916054397,1.6087508020102501,False,False,1.6087508020102501
full,od_baseline,19,8000009,8,3469.8081293970213,3616.671069446948,101.00752608339441,1.4539801710287694,True,False,1.4539801710287694
full,od_baseline,19,8000010,8,3616.671069446948,3966.944154434369,58.92951067026337,5.943933370622295,False,False,5.943933370622295
full,od_baseline,19,8000011,8,3966.944154434369,4031.8653385826924,15.979837567787547,4.062693620815816,False,True,4.062693620815816
full,od_baseline,19,9000010,9,2222.3715389167533,2477.411158710969,186.90687789087698,1.3645277406170002,True,False,1.3645277406170002
full,od_baseline,19,9000011,9,2477.411158710969,3232.179549397154,744.1386016188327,1.0142846897664328,True,False,1.0142846897664328
full,od_baseline,19,9000012,9,3232.179549397154,3683.9003110694,283.5436075005082,1.5931262413363918,False,False,1.5931262413363918
full,od_baseline,19,9000013,9,3683.9003110694,3828.8670380748777,101.00752608339441,1.435207183331959,True,False,1.435207183331959
full,od_baseline,19,9000014,9,3828.8670380748777,3991.17011686199,32.085964974046185,5.058382346250046,False,False,5.058382346250046
full,od_baseline,19,9000015,9,3991.17011686199,4252.428821923083,243.80186035081854,1.0716025902556885,True,True,1.0716025902556885
full,od_baseline,19,10000006,10,2049.9649842418694,2414.1441666414003,58.92951067026337,6.179911868558933,False,False,6.179911868558933
full,od_baseline,19,10000007,10,2414.1441666414003,2588.5593380533965,32.085964974046185,5.435871152794619,False,False,5.435871152794619
full,od_baseline,19,10000008,10,2588.5593380533965,3031.3156627569365,72.35128428205302,6.119536496097378,False,False,6.119536496097378
full,od_baseline,19,10000009,10,3031.3156627569365,3166.4766351700714,26.717256165257165,5.058939120735639,False,False,5.058939120735639
full,od_baseline,19,10000010,10,3166.4766351700714,3235.2229524403865,58.057852632638046,1.1841002405877545,True,False,1.1841002405877545
full,od_baseline,19,10000011,10,3235.2229524403865,3533.540232807649,186.90687789087698,1.5960743859914603,False,False,1.5960743859914603
full,od_baseline,19,10000012,10,3533.540232807649,3691.936525295459,122.48236916054397,1.293217085637786,True,False,1.293217085637786
full,od_baseline,19,10000013,10,3691.936525295459,4064.923649969971,229.85653940820262,1.6226952934853138,False,True,1.6226952934853138
full,od_baseline,19,11000007,11,2255.7267703376515,2406.211169544604,101.00752608339441,1.489833530649082,True,False,1.489833530649082
full,od_baseline,19,11000008,11,2406.211169544604,2591.5671626001463,122.48236916054397,1.5133279534508872,False,False,1.5133279534508872
full,od_baseline,19,11000009,11,2591.5671626001463,2659.135464925466,15.979837567787547,4.228347255639507,False,False,4.228347255639507
full,od_baseline,19,11000010,11,2659.135464925466,3133.077762338931,283.5436075005082,1.6714970285923851,False,False,1.6714970285923851
full,od_baseline,19,11000011,11,3133.077762338931,3585.5621837530302,72.35128428205302,6.253992944342796,False,False,6.253992944342796
full,od_baseline,19,11000012,11,3585.5621837530302,4050.0149272833037,72.35128428205302,6.419412566605712,False,True,6.419412566605712
full,od_baseline,19,12000005,12,2289.958713266665,2408.9091387345247,26.717256165257165,4.452194668947382,False,False,4.452194668947382
full,od_baseline,19,12000006,12,2408.9091387345247,2823.029786711878,400.5413596855101,1.0339023373329164,True,False,1.0339023373329164
full,od_baseline,19,12000007,12,2823.029786711878,3205.242488416116,72.35128428205302,5.282735551925057,False,False,5.282735551925057
full,od_baseline,19,12000008,12,3205.242488416116,3511.9963252937064,48.19209238871334,6.365231756349981,False,False,6.365231756349981
full,od_baseline,19,12000009,12,3511.9963252937064,3872.744401626752,58.92951067026337,6.121687966350004,False,False,6.121687966350004
full,od_baseline,19,12000010,12,3872.744401626752,4358.92862338907,458.55018171426593,1.0602639387138473,True,True,1.0602639387138473
full,od_baseline,19,13000008,13,2056.8550904430413,2310.2581065910517,243.80186035081854,1.0393809784034311,True,False,1.0393809784034311
full,od_baseline,19,13000009,13,2310.2581065910517,2651.818157513916,229.85653940820262,1.485970561473943,True,False,1.485970561473943
full,od_baseline,19,13000010,13,2651.818157513916,2983.0394066072204,58.92951067026337,5.62063464172702,False,False,5.62063464172702
full,od_baseline,19,13000011,13,2983.0394066072204,3057.488044469705,58.057852632638046,1.2823181445162914,True,False,1.2823181445162914
full,od_baseline,19,13000012,13,3057.488044469705,3462.4547778996584,229.85653940820262,1.7618238509663293,False,False,1.7618238509663293
full,od_baseline,19,13000013,13,3462.4547778996584,3749.8316604199536,186.90687789087698,1.537540435981581,False,False,1.537540435981581
full,od_baseline,19,13000014,13,3749.8316604199536,3950.6838037573616,200.85214333740902,1.0,True,False,0.9999999999999952
full,od_baseline,19,13000015,13,3950.6838037573616,4400.605633335024,283.5436075005082,1.5867817777442095,False,True,1.5867817777442095
full,od_baseline,19,14000008,14,2390.3863285254006,2743.2484401066895,229.85653940820262,1.535140625060227,False,False,1.535140625060227
full,od_baseline,19,14000009,14,2743.2484401066895,2900.657550431326,32.085964974046185,4.905855580530681,False,False,4.905855580530681
full,od_baseline,19,14000010,14,2900.657550431326,3330.9555553350615,72.35128428205302,5.947344393034809,False,False,5.947344393034809
full,od_baseline,19,14000011,14,3330.9555553350615,3628.5288650097973,186.90687789087698,1.5920939509164018,False,False,1.5920939509164018
full,od_baseline,19,14000012,14,3628.5288650097973,4056.2639737891263,283.5436075005082,1.5085337756329507,False,True,1.5085337756329507
full,od_baseline,19,15000005,15,2030.918756977312,2103.51455579783,58.057852632638046,1.2504044763740922,True,False,1.2504044763740922
full,od_baseline,19,15000006,15,2103.51455579783,2279.699527360037,32.085964974046185,5.491029230528681,False,False,5.491029230528681
full,od_baseline,19,15000007,15,2279.699527360037,2564.3128909431202,48.19209238871334,5.905810465489152,False,False,5.905810465489152
full,od_baseline,19,15000008,15,2564.3128909431202,2714.1424219132355,26.717256165257165,5.607968499585371,False,False,5.607968499585371
full,od_baseline,19,15000009,15,2714.1424219132355,2930.336243679205,200.85214333740902,1.0763829460499614,True,False,1.0763829460499614
full,od_baseline,19,15000010,15,2930.336243679205,2993.888982894216,15.979837567787547,3.9770578984558584,False,False,3.9770578984558584
full,od_baseline,19,15000011,15,2993.888982894216,3183.9106837183103,122.48236916054397,1.5514208463344061,False,False,1.5514208463344061
full,od_baseline,19,15000012,15,3183.9106837183103,3674.4925046729154,283.5436075005082,1.7301812066199582,False,False,1.7301812066199582
full,od_baseline,19,15000013,15,3674.4925046729154,3845.8484615885527,32.085964974046185,5.340526833281915,False,False,5.340526833281915
full,od_baseline,19,15000014,15,3845.8484615885527,4347.270394557455,486.44082678401566,1.0307973865679212,True,True,1.0307973865679212
full,od_baseline,19,16000007,16,2902.288792790084,3302.8301524755943,400.5413596855101,1.0,True,False,1.000000000000001
full,od_baseline,19,16000008,16,3302.8301524755943,3491.2716235620605,122.48236916054397,1.5385191548627397,False,False,1.5385191548627397
full,od_baseline,19,16000009,16,3491.2716235620605,4665.5030718849475,1130.6863062355314,1.0385121336017,True,True,1.0385121336017
full,od_baseline,19,17000007,17,2335.291925922624,2450.244746899624,114.952820977,1.0,True,False,0.9999999999999969
full,od_baseline,19,17000008,17,2450.244746899624,2940.1667978275464,458.55018171426593,1.068415345723721,True,False,1.068415345723721
full,od_baseline,19,17000009,17,2940.1667978275464,3382.435085849673,283.5436075005082,1.5597893104373168,False,False,1.5597893104373168
full,od_baseline,19,17000010,17,3382.435085849673,3454.3678562828877,15.979837567787547,4.501470689427903,False,False,4.501470689427903
full,od_baseline,19,17000011,17,3454.3678562828877,3848.9259540471194,229.85653940820262,1.716540668279771,False,False,1.716540668279771
full,od_baseline,19,17000012,17,3848.9259540471194,4230.09413048534,372.6508694745985,1.0228559964870902,True,True,1.0228559964870902
full,od_baseline,19,18000007,18,2016.7808397905394,2349.443467788861,58.92951067026337,5.645094015114364,False,False,5.645094015114364
full,od_baseline,19,18000008,18,2349.443467788861,3528.740452866393,1130.6863062355314,1.0429921885264914,True,False,1.0429921885264914
full,od_baseline,19,18000009,18,3528.740452866393,3987.2906345806578,458.55018171426593,1.0,True,False,0.9999999999999978
full,od_baseline,19,18000010,18,3987.2906345806578,4124.5079835094475,101.00752608339441,1.3584863846234545,True,True,1.3584863846234545
full,od_baseline,19,19000007,19,2054.6511107952533,2127.28174564158,58.057852632638046,1.251004499010637,True,False,1.251004499010637
full,od_baseline,19,19000008,19,2127.28174564158,2282.2932228649165,101.00752608339441,1.5346527455325951,False,False,1.5346527455325951
full,od_baseline,19,19000009,19,2282.2932228649165,2569.2350948249564,48.19209238871334,5.95412769475936,False,False,5.95412769475936
full,od_baseline,19,19000010,19,2569.2350948249564,2941.336895306885,229.85653940820262,1.6188436554381087,False,False,1.6188436554381087
full,od_baseline,19,19000011,19,2941.336895306885,3185.138755657702,243.80186035081854,1.0,True,False,0.9999999999999943
full,od_baseline,19,19000012,19,3185.138755657702,3549.2199265290956,58.92951067026337,6.178248669136055,False,False,6.178248669136055
full,od_baseline,19,19000013,19,3549.2199265290956,4017.7170299444365,72.35128428205302,6.475311503648778,False,True,6.475311503648778
full,od_baseline,19,20000008,20,2013.9948764811309,2172.451098743823,101.00752608339441,1.5687565907897454,False,False,1.5687565907897454
full,od_baseline,19,20000009,20,2172.451098743823,2460.089281367219,186.90687789087698,1.5389384589224673,False,False,1.5389384589224673
full,od_baseline,19,20000010,20,2460.089281367219,2660.941424704627,200.85214333740902,1.0,True,False,0.9999999999999952
full,od_baseline,19,20000011,20,2660.941424704627,2904.743285055444,243.80186035081854,1.0,True,False,0.9999999999999943
full,od_baseline,19,20000012,20,2904.743285055444,3305.2846447409547,400.5413596855101,1.0,True,False,1.000000000000001
full,od_baseline,19,20000013,20,3305.2846447409547,3448.4171953751497,26.717256165257165,5.357307267964255,False,False,5.357307267964255
full,od_baseline,19,20000014,20,3448.4171953751497,4632.642888169127,1130.6863062355314,1.0473512293048797,True,True,1.0473512293048797
full,od_baseline,19,21000005,21,2344.8898961279933,2664.411858389447,58.92951067026337,5.422104453731511,False,False,5.422104453731511
full,od_baseline,19,21000006,21,2664.411858389447,3019.126442740033,58.92951067026337,6.0193030676153185,False,False,6.0193030676153185
full,od_baseline,19,21000007,21,3019.126442740033,3201.728435953787,32.085964974046185,5.691023890397499,False,False,5.691023890397499
full,od_baseline,19,21000008,21,3201.728435953787,3362.442096058276,101.00752608339441,1.59110579514441,False,False,1.59110579514441
full,od_baseline,19,21000009,21,3362.442096058276,3769.2738357841436,400.5413596855101,1.0157046953785156,True,False,1.0157046953785156
full,od_baseline,19,21000010,21,3769.2738357841436,4097.1763932039,58.92951067026337,5.564318347296592,False,True,5.564318347296592
full,od_baseline,19,22000009,22,2070.7888150977196,2345.1353866162426,186.90687789087698,1.4678249116048927,True,False,1.4678249116048927
full,od_baseline,19,22000010,22,2345.1353866162426,2487.3523506725337,101.00752608339441,1.4079838361635855,True,False,1.4079838361635855
full,od_baseline,19,22000011,22,2487.3523506725337,3661.456822495299,1130.6863062355314,1.0383998332232296,True,False,1.0383998332232296
full,od_baseline,19,22000012,22,3661.456822495299,3728.881200911794,15.979837567787547,4.219340661660441,False,False,4.219340661660441
full,od_baseline,19,22000013,22,3728.881200911794,4689.213917912154,915.9373744307104,1.048469845001404,True,True,1.048469845001404
full,od_baseline,19,23000005,23,2206.429813120181,2459.127572949956,48.19209238871334,5.243552361070704,False,False,5.243552361070704
full,od_baseline,19,23000006,23,2459.127572949956,2527.9568470575955,58.057852632638046,1.1855291056518678,True,False,1.1855291056518678
full,od_baseline,19,23000007,23,2527.9568470575955,2837.651994990266,186.90687789087698,1.6569489118184384,False,False,1.6569489118184384
full,od_baseline,19,23000008,23,2837.651994990266,3265.3191112432646,72.35128428205302,5.910981684662135,False,False,5.910981684662135
full,od_baseline,19,23000009,23,3265.3191112432646,3736.1206554327177,72.35128428205302,6.507162227474614,False,False,6.507162227474614
full,od_baseline,19,23000010,23,3736.1206554327177,4916.148518662291,1130.6863062355314,1.0436385907584909,True,True,1.0436385907584909
full,od_baseline,19,24000005,24,2041.2057721308374,2316.848238745855,48.19209238871334,5.719661731881416,False,False,5.719661731881416
full,od_baseline,19,24000006,24,2316.848238745855,2379.687527913747,15.979837567787547,3.9324110086428465,False,False,3.9324110086428465
full,od_baseline,19,24000007,24,2379.687527913747,2743.857888052533,58.92951067026337,6.179762159853655,False,False,6.179762159853655
full,od_baseline,19,24000008,24,2743.857888052533,3120.425106366455,229.85653940820262,1.6382706329932857,False,False,1.6382706329932857
full,od_baseline,19,24000009,24,3120.425106366455,3284.5607723795683,32.085964974046185,5.1154972632389235,False,False,5.1154972632389235
full,od_baseline,19,24000010,24,3284.5607723795683,3691.855031195557,229.85653940820262,1.7719498425610332,False,False,1.7719498425610332
full,od_baseline,19,24000011,24,3691.855031195557,3760.814031722341,15.979837567787547,4.315375562126676,False,False,4.315375562126676
full,od_baseline,19,24000012,24,3760.814031722341,3837.4883496454863,58.057852632638046,1.3206537005132313,True,False,1.3206537005132313
full,od_baseline,19,24000013,24,3837.4883496454863,4275.978519812601,72.35128428205302,6.060572034322322,False,True,6.060572034322322
full,od_baseline,19,25000007,25,2235.147267523682,2463.890003490729,228.74273596704626,1.0,True,False,1.0000000000000047
full,od_baseline,19,25000008,25,2463.890003490729,2586.973551234057,101.00752608339441,1.2185581858693082,True,False,1.2185581858693082
full,od_baseline,19,25000009,25,2586.973551234057,2709.95045108804,26.717256165257165,4.602901551466234,False,False,4.602901551466234
full,od_baseline,19,25000010,25,2709.95045108804,2954.9551570808158,48.19209238871334,5.083919245850302,False,False,5.083919245850302
full,od_baseline,19,25000011,25,2954.9551570808158,3109.1151985729243,101.00752608339441,1.5262233169123465,False,False,1.5262233169123465
full,od_baseline,19,25000012,25,3109.1151985729243,3283.457180460623,32.085964974046185,5.433590107971541,False,False,5.433590107971541
full,od_baseline,19,25000013,25,3283.457180460623,3362.8934704950957,58.057852632638046,1.368226457445938,True,False,1.368226457445938
full,od_baseline,19,25000014,25,3362.8934704950957,4548.656605820494,1130.6863062355314,1.0487109720760996,True,True,1.0487109720760996
full,od_baseline,19,26000006,26,2248.657233544019,2707.207415258284,458.55018171426593,1.0,True,False,0.9999999999999978
full,od_baseline,19,26000007,26,2707.207415258284,2833.124903162768,101.00752608339441,1.2466149086804017,True,False,1.2466149086804017
full,od_baseline,19,26000008,26,2833.124903162768,2973.00329061394,101.00752608339441,1.3848313375746346,True,False,1.3848313375746346
full,od_baseline,19,26000009,26,2973.00329061394,3229.357051390856,243.80186035081854,1.051484022345179,True,False,1.051484022345179
full,od_baseline,19,26000010,26,3229.357051390856,3362.9874315812044,26.717256165257165,5.0016505947987175,False,False,5.0016505947987175
full,od_baseline,19,26000011,26,3362.9874315812044,3482.980341020945,114.952820977,1.0438448436489365,True,False,1.0438448436489365
full,od_baseline,19,26000012,26,3482.980341020945,3885.4698959648076,400.5413596855101,1.0048639053402175,True,False,1.0048639053402175
full,od_baseline,19,26000013,26,3885.4698959648076,3951.4057911493924,58.057852632638046,1.1356929716604425,True,False,1.1356929716604425
full,od_baseline,19,26000014,26,3951.4057911493924,4399.194767371195,72.35128428205302,6.189095061203744,False,True,6.189095061203744
full,od_baseline,19,27000008,27,2221.682026282327,2836.84717799782,565.9243027292647,1.0870096031373029,True,False,1.0870096031373029
full,od_baseline,19,27000009,27,2836.84717799782,2901.871136922536,15.979837567787547,4.069125149043613,False,False,4.069125149043613
full,od_baseline,19,27000010,27,2901.871136922536,3089.2584720621853,32.085964974046185,5.840165171632635,False,False,5.840165171632635
full,od_baseline,19,27000011,27,3089.2584720621853,3208.4460155570778,114.952820977,1.036838787268559,True,False,1.036838787268559
full,od_baseline,19,27000012,27,3208.4460155570778,3611.288624945557,229.85653940820262,1.752582764996171,False,False,1.752582764996171
full,od_baseline,19,27000013,27,3611.288624945557,3912.18555751468,186.90687789087698,1.6098761905637191,False,False,1.6098761905637191
full,od_baseline,19,27000014,27,3912.18555751468,4333.071567908304,72.35128428205302,5.817256937041354,False,True,5.817256937041354
full,od_baseline,19,28000007,28,2084.6583205762036,2571.099147360219,486.44082678401566,1.0,True,False,0.9999999999999994
full,od_baseline,19,28000008,28,2571.099147360219,2719.156643351248,32.085964974046185,4.614400598853436,False,False,4.614400598853436
full,od_baseline,19,28000009,28,2719.156643351248,2884.89684720867,32.085964974046185,5.16550473054142,False,False,5.16550473054142
full,od_baseline,19,28000010,28,2884.89684720867,3325.7900737676787,72.35128428205302,6.093785769444509,False,False,6.093785769444509
full,od_baseline,19,28000011,28,3325.7900737676787,4281.459782780318,915.9373744307104,1.043378876865489,True,True,1.043378876865489
full,od_baseline,19,29000007,29,2545.2914935957488,2805.600885327886,48.19209238871334,5.401495947353843,False,False,5.401495947353843
full,od_baseline,19,29000008,29,2805.600885327886,3299.375377026765,458.55018171426593,1.0768166961638286,True,False,1.0768166961638286
full,od_baseline,19,29000009,29,3299.375377026765,3370.3522007653096,15.979837567787547,4.441648636130137,False,False,4.441648636130137
full,od_baseline,19,29000010,29,3370.3522007653096,3752.3186051179628,58.92951067026337,6.481750824131629,False,False,6.481750824131629
full,od_baseline,19,29000011,29,3752.3186051179628,4121.342118911908,58.92951067026337,6.262117394098091,False,True,6.262117394098091
full,od_baseline,19,30000008,30,2084.8400157707406,2543.167178842837,283.5436075005082,1.6164256606323775,False,False,1.6164256606323775
full,od_baseline,19,30000009,30,2543.167178842837,2878.1688011384704,58.92951067026337,5.684785406926511,False,False,5.684785406926511
full,od_baseline,19,30000010,30,2878.1688011384704,4055.0320093605333,1130.6863062355314,1.0408397110072654,True,True,1.0408397110072654
full,od_baseline,19,31000009,31,2065.030461493408,2447.0420674970583,372.6508694745985,1.0251193202426967,True,False,1.0251193202426967
full,od_baseline,19,31000010,31,2447.0420674970583,2777.0369804597594,58.92951067026337,5.599824420894455,False,False,5.599824420894455
full,od_baseline,19,31000011,31,2777.0369804597594,3548.155120075865,744.1386016188327,1.0362560656557533,True,False,1.0362560656557533
full,od_baseline,19,31000012,31,3548.155120075865,4034.5959468598803,486.44082678401566,1.0,True,True,0.9999999999999994
full,od_baseline,43,8,0,2141.3513021162,2308.1211056315215,32.085964974046185,5.197593516362031,False,False,5.197593516362031
full,od_baseline,43,9,0,2308.1211056315215,2790.242626743228,283.5436075005082,1.70034346872321,False,False,1.70034346872321
full,od_baseline,43,10,0,2790.242626743228,3244.0529369268584,72.35128428205302,6.272318655941255,False,False,6.272318655941255
full,od_baseline,43,11,0,3244.0529369268584,4425.528477768737,1130.6863062355314,1.0449189437656168,True,True,1.0449189437656168
full,od_baseline,43,1000007,1,2330.957987453241,2631.4552628328065,58.92951067026337,5.099266428003797,False,False,5.099266428003797
full,od_baseline,43,1000008,1,2631.4552628328065,3015.856724921143,229.85653940820262,1.672353821553352,False,False,1.672353821553352
full,od_baseline,43,1000009,1,3015.856724921143,3765.4284507643415,744.1386016188327,1.0073012261594096,True,False,1.0073012261594096
full,od_baseline,43,1000010,1,3765.4284507643415,4027.772387305425,48.19209238871334,5.443713346684341,False,True,5.443713346684341
full,od_baseline,43,2000008,2,2764.209721745162,2908.202656800931,26.717256165257165,5.389510590650246,False,False,5.389510590650246
full,od_baseline,43,2000009,2,2908.202656800931,3385.195209876077,72.35128428205302,6.592730976490293,False,False,6.592730976490293
full,od_baseline,43,2000010,2,3385.195209876077,3813.988926306741,72.35128428205302,5.9265529380109125,False,False,5.9265529380109125
full,od_baseline,43,2000011,2,3813.988926306741,4263.130810336977,283.5436075005082,1.5840310701747395,False,True,1.5840310701747395
full,od_baseline,43,3000004,3,2187.3755062019095,2634.2785381231474,72.35128428205302,6.17685002216462,False,False,6.17685002216462
full,od_baseline,43,3000005,3,2634.2785381231474,3032.0213155439333,372.6508694745985,1.06733355535052,True,False,1.06733355535052
full,od_baseline,43,3000006,3,3032.0213155439333,3947.958689974642,915.9373744307104,1.0,True,False,0.999999999999998
full,od_baseline,43,3000007,3,3947.958689974642,4358.505489902407,283.5436075005082,1.447914144659493,True,True,1.447914144659493
full,od_baseline,43,4000005,4,2211.6238140020537,2283.0121365807395,15.979837567787547,4.467399763974554,False,False,4.467399763974554
full,od_baseline,43,4000006,4,2283.0121365807395,3244.5995075117635,915.9373744307104,1.0498396481841203,True,False,1.0498396481841203
full,od_baseline,43,4000007,4,3244.5995075117635,3405.876156290701,32.085964974046185,5.0263923466036236,False,False,5.0263923466036236
full,od_baseline,43,4000008,4,3405.876156290701,3756.5053760441897,229.85653940820262,1.525426340517576,False,False,1.525426340517576
full,od_baseline,43,4000009,4,3756.5053760441897,4232.553341464907,283.5436075005082,1.6789232866759807,False,True,1.6789232866759807
full,od_baseline,43,5000008,5,2186.080262911128,2462.136324683355,48.19209238871334,5.728243952256355,False,False,5.728243952256355
full,od_baseline,43,5000009,5,2462.136324683355,2964.029122584797,486.44082678401566,1.0317653664466926,True,False,1.0317653664466926
full,od_baseline,43,5000010,5,2964.029122584797,3097.2065766490964,101.00752608339441,1.3184904058965354,True,False,1.3184904058965354
full,od_baseline,43,5000011,5,3097.2065766490964,3490.486128776355,372.6508694745985,1.0553565933758444,True,False,1.0553565933758444
full,od_baseline,43,5000012,5,3490.486128776355,3787.440522842572,58.92951067026337,5.039145763958706,False,False,5.039145763958706
full,od_baseline,43,5000013,5,3787.440522842572,4181.438618842041,229.85653940820262,1.7141043583701014,False,True,1.7141043583701014
full,od_baseline,43,6000005,6,2655.9108478437956,3092.873432532327,72.35128428205302,6.039458580791517,False,False,6.039458580791517
full,od_baseline,43,6000006,6,3092.873432532327,3280.7415332300293,122.48236916054397,1.5338379065108854,False,False,1.5338379065108854
full,od_baseline,43,6000007,6,3280.7415332300293,3350.367912023416,58.057852632638046,1.1992585952833754,True,False,1.1992585952833754
full,od_baseline,43,6000008,6,3350.367912023416,3527.7831997477324,32.085964974046185,5.529373602066347,False,False,5.529373602066347
full,od_baseline,43,6000009,6,3527.7831997477324,4030.5646908221015,486.44082678401566,1.0335922961038977,True,True,1.0335922961038977
full,od_baseline,43,7000006,7,2180.0106369783143,2545.6268631746034,58.92951067026337,6.204297677645302,False,False,6.204297677645302
full,od_baseline,43,7000007,7,2545.6268631746034,2683.023747499173,26.717256165257165,5.142627052520432,False,False,5.142627052520432
full,od_baseline,43,7000008,7,2683.023747499173,2994.9907863532767,48.19209238871334,6.473407220790577,False,False,6.473407220790577
full,od_baseline,43,7000009,7,2994.9907863532767,3406.6075149833623,400.5413596855101,1.0276509995204277,True,False,1.0276509995204277
full,od_baseline,43,7000010,7,3406.6075149833623,3893.0483417673777,486.44082678401566,1.0,True,False,0.9999999999999994
full,od_baseline,43,7000011,7,3893.0483417673777,4024.874028260892,26.717256165257165,4.934102726646719,False,True,4.934102726646719
full,od_baseline,43,8000002,8,2113.5349202902653,2572.08510200453,458.55018171426593,1.0,True,False,0.9999999999999978
full,od_baseline,43,8000003,8,2572.08510200453,2913.3957230378846,58.92951067026337,5.7918454972948625,False,False,5.7918454972948625
full,od_baseline,43,8000004,8,2913.3957230378846,3291.7179428865174,58.92951067026337,6.419911103038216,False,False,6.419911103038216
full,od_baseline,43,8000005,8,3291.7179428865174,3724.116375522525,283.5436075005082,1.5249803599794869,False,False,1.5249803599794869
full,od_baseline,43,8000006,8,3724.116375522525,4096.767244997122,372.6508694745985,1.0,True,True,0.9999999999999976
full,od_baseline,43,9000008,9,2064.5956600105033,2323.5641521232783,243.80186035081854,1.0622088434441497,True,False,1.0622088434441497
full,od_baseline,43,9000009,9,2323.5641521232783,3071.7684776198103,744.1386016188327,1.0054636647915516,True,False,1.0054636647915516
full,od_baseline,43,9000010,9,3071.7684776198103,3365.4142200383303,229.85653940820262,1.2775174601277455,True,False,1.2775174601277455
full,od_baseline,43,9000011,9,3365.4142200383303,3759.0704465674467,283.5436075005082,1.388344565406613,True,False,1.388344565406613
full,od_baseline,43,9000012,9,3759.0704465674467,4037.445338398469,186.90687789087698,1.489377464180574,True,True,1.489377464180574
full,od_baseline,43,10000007,10,2048.909046545999,2411.5551316072206,58.92951067026337,6.153896085959148,False,False,6.153896085959148
full,od_baseline,43,10000008,10,2411.5551316072206,2667.842869164294,243.80186035081854,1.0512132154704983,True,False,1.0512132154704983
full,od_baseline,43,10000009,10,2667.842869164294,3028.90361183183,58.92951067026337,6.126993734732167,False,False,6.126993734732167
full,od_baseline,43,10000010,10,3028.90361183183,3218.789323757373,122.48236916054397,1.550310573080523,False,False,1.550310573080523
full,od_baseline,43,10000011,10,3218.789323757373,3593.719273749268,229.85653940820262,1.6311476321587528,False,False,1.6311476321587528
full,od_baseline,43,10000012,10,3593.719273749268,4018.771221713931,283.5436075005082,1.4990708191645667,True,True,1.4990708191645667
full,od_baseline,43,11000007,11,2002.4564114830828,3187.680195908385,1130.6863062355314,1.0482339601081276,True,False,1.0482339601081276
full,od_baseline,43,11000008,11,3187.680195908385,3674.1210226924004,486.44082678401566,1.0,True,False,0.9999999999999994
full,od_baseline,43,11000009,11,3674.1210226924004,3823.2353176676543,32.085964974046185,4.647337086351307,False,False,4.647337086351307
full,od_baseline,43,11000010,11,3823.2353176676543,4135.790904194368,186.90687789087698,1.6722529960036818,False,True,1.6722529960036818
full,od_baseline,43,12000006,12,2101.752885769092,2477.9259049226503,58.92951067026337,6.383440399809403,False,False,6.383440399809403
full,od_baseline,43,12000007,12,2477.9259049226503,2765.3051937019095,48.19209238871334,5.963204221582292,False,False,5.963204221582292
full,od_baseline,43,12000008,12,2765.3051937019095,3219.82846488096,72.35128428205302,6.282172814060144,False,False,6.282172814060144
full,od_baseline,43,12000009,12,3219.82846488096,3644.635822669046,72.35128428205302,5.871455662514907,False,False,5.871455662514907
full,od_baseline,43,12000010,12,3644.635822669046,3994.0555893708924,58.92951067026337,5.929453048694133,False,False,5.929453048694133
full,od_baseline,43,12000011,12,3994.0555893708924,4425.517322913187,72.35128428205302,5.963428815724838,False,True,5.963428815724838
full,od_baseline,43,13000004,13,2134.8284402048507,2305.741878946951,32.085964974046185,5.326735190303596,False,False,5.326735190303596
full,od_baseline,43,13000005,13,2305.741878946951,2594.8652828132376,48.19209238871334,5.999395119312139,False,False,5.999395119312139
full,od_baseline,43,13000006,13,2594.8652828132376,2763.195415934256,32.085964974046185,5.246223177553729,False,False,5.246223177553729
full,od_baseline,43,13000007,13,2763.195415934256,3072.729762226594,186.90687789087698,1.656088581571919,False,False,1.656088581571919
full,od_baseline,43,13000008,13,3072.729762226594,3201.527318055814,26.717256165257165,4.820762844528421,False,False,4.820762844528421
full,od_baseline,43,13000009,13,3201.527318055814,3320.080942217234,114.952820977,1.0313241828588173,True,False,1.0313241828588173
full,od_baseline,43,13000010,13,3320.080942217234,3715.7195882490114,372.6508694745985,1.0616871673735504,True,False,1.0616871673735504
full,od_baseline,43,13000011,13,3715.7195882490114,3851.0645952774935,26.717256165257165,5.065827351106634,False,False,5.065827351106634
full,od_baseline,43,13000012,13,3851.0645952774935,4355.599786036947,486.44082678401566,1.0371974616009605,True,True,1.0371974616009605
full,od_baseline,43,14000006,14,2058.086063757913,2266.6076296899473,200.85214333740902,1.038184419977742,True,False,1.038184419977742
full,od_baseline,43,14000007,14,2266.6076296899473,2536.282595435308,48.19209238871334,5.595834344983097,False,False,5.595834344983097
full,od_baseline,43,14000008,14,2536.282595435308,2837.6051509773,48.19209238871334,6.2525310814801305,False,False,6.2525310814801305
full,od_baseline,43,14000009,14,2837.6051509773,3001.815112415698,101.00752608339441,1.6257200607291566,False,False,1.6257200607291566
full,od_baseline,43,14000010,14,3001.815112415698,3306.0870009961254,186.90687789087698,1.6279330756253518,False,False,1.6279330756253518
full,od_baseline,43,14000011,14,3306.0870009961254,3421.039821973125,114.952820977,1.0,True,False,0.9999999999999969
full,od_baseline,43,14000012,14,3421.039821973125,3554.0389147355013,26.717256165257165,4.978022141934127,False,False,4.978022141934127
full,od_baseline,43,14000013,14,3554.0389147355013,4044.4678689945385,458.55018171426593,1.0695207936143307,True,True,1.0695207936143307
full,od_baseline,43,15000006,15,2658.004735172897,3116.554916887162,458.55018171426593,1.0,True,False,0.9999999999999978
full,od_baseline,43,15000007,15,3116.554916887162,3360.3350478711254,186.90687789087698,1.3042865716599845,True,False,1.3042865716599845
full,od_baseline,43,15000008,15,3360.3350478711254,3596.1973983349926,186.90687789087698,1.2619244038818742,True,False,1.2619244038818742
full,od_baseline,43,15000009,15,3596.1973983349926,3824.027498999761,48.19209238871334,4.7275411664451115,False,False,4.7275411664451115
full,od_baseline,43,15000010,15,3824.027498999761,4278.139545813578,72.35128428205302,6.276489095114246,False,True,6.276489095114246
full,od_baseline,43,16000007,16,2267.253096549793,2382.2059175267927,114.952820977,1.0,True,False,0.9999999999999969
full,od_baseline,43,16000008,16,2382.2059175267927,2633.467869164294,243.80186035081854,1.0305989924603034,True,False,1.0305989924603034
full,od_baseline,43,16000009,16,2633.467869164294,2834.320012501702,200.85214333740902,1.0,True,False,0.9999999999999952
full,od_baseline,43,16000010,16,2834.320012501702,3221.5234577092288,229.85653940820262,1.68454396035212,False,False,1.68454396035212
full,od_baseline,43,16000011,16,3221.5234577092288,3393.2491626245605,122.48236916054397,1.4020442786360707,True,False,1.4020442786360707
full,od_baseline,43,16000012,16,3393.2491626245605,3793.217899695413,72.35128428205302,5.528149790840218,False,False,5.528149790840218
full,od_baseline,43,16000013,16,3793.217899695413,4247.72153128721,72.35128428205302,6.2819013663941075,False,True,6.2819013663941075
full,od_baseline,43,17000006,17,2116.046235811519,2502.855284660144,372.6508694745985,1.0379931472962567,True,False,1.0379931472962567
full,od_baseline,43,17000007,17,2502.855284660144,2816.1579453279237,58.92951067026337,5.3165664724563255,False,False,5.3165664724563255
full,od_baseline,43,17000008,17,2816.1579453279237,2969.076617542651,101.00752608339441,1.5139334477757014,False,False,1.5139334477757014
full,od_baseline,43,17000009,17,2969.076617542651,3375.606233245081,400.5413596855101,1.0149504061743377,True,False,1.0149504061743377
full,od_baseline,43,17000010,17,3375.606233245081,3621.2401229443676,186.90687789087698,1.3142046588713365,True,False,1.3142046588713365
full,od_baseline,43,17000011,17,3621.2401229443676,3735.888203675931,26.717256165257165,4.291162236960939,False,False,4.291162236960939
full,od_baseline,43,17000012,17,3735.888203675931,3813.2554852656035,58.057852632638046,1.3325894445186457,True,False,1.3325894445186457
full,od_baseline,43,17000013,17,3813.2554852656035,4042.5584487600163,228.74273596704626,1.0024491598607408,True,True,1.0024491598607408
full,od_baseline,43,18000006,18,2087.636812964605,2385.7870662605033,48.19209238871334,6.186704882847661,False,False,6.186704882847661
full,od_baseline,43,18000007,18,2385.7870662605033,2814.629795447366,72.35128428205302,5.9272303656016625,False,False,5.9272303656016625
full,od_baseline,43,18000008,18,2814.629795447366,2968.6568346573763,26.717256165257165,5.765077007058278,False,False,5.765077007058278
full,od_baseline,43,18000009,18,2968.6568346573763,3116.890629823392,26.717256165257165,5.548241714984837,False,False,5.548241714984837
full,od_baseline,43,18000010,18,3116.890629823392,3272.8455384410886,101.00752608339441,1.5439929544352595,False,False,1.5439929544352595
full,od_baseline,43,18000011,18,3272.8455384410886,3572.4261123242504,186.90687789087698,1.6028333321049204,False,False,1.6028333321049204
full,od_baseline,43,18000012,18,3572.4261123242504,4728.793858628112,1130.6863062355314,1.022713143271216,True,True,1.022713143271216
full,od_baseline,43,19000007,19,2051.6954116506395,2334.308489600347,48.19209238871334,5.864303954063135,False,False,5.864303954063135
full,od_baseline,43,19000008,19,2334.308489600347,2747.6456466972295,400.5413596855101,1.0319462574886629,True,False,1.0319462574886629
full,od_baseline,43,19000009,19,2747.6456466972295,2920.031353434256,32.085964974046185,5.372620299139089,False,False,5.372620299139089
full,od_baseline,43,19000010,19,2920.031353434256,3201.467379370855,48.19209238871334,5.839879780827108,False,False,5.839879780827108
full,od_baseline,43,19000011,19,3201.467379370855,3609.816028967874,72.35128428205302,5.643972372420091,False,False,5.643972372420091
full,od_baseline,43,19000012,19,3609.816028967874,4007.3531942060426,372.6508694745985,1.0667817998081084,True,True,1.0667817998081084
full,od_baseline,43,20000003,20,2056.40616331561,2203.5908539928464,101.00752608339441,1.4571655834409525,True,False,1.4571655834409525
full,od_baseline,43,20000004,20,2203.5908539928464,2573.8670670320253,58.92951067026337,6.283374981866688,False,False,6.283374981866688
full,od_baseline,43,20000005,20,2573.8670670320253,3067.1602750586576,283.5436075005082,1.7397437112940315,False,False,1.7397437112940315
full,od_baseline,43,20000006,20,3067.1602750586576,3322.4520522656567,186.90687789087698,1.3658768478067869,True,False,1.3658768478067869
full,od_baseline,43,20000007,20,3322.4520522656567,3382.9282132408957,15.979837567787547,3.784529142971267,False,False,3.784529142971267
full,od_baseline,43,20000008,20,3382.9282132408957,3886.343708227937,458.55018171426593,1.097841665017008,True,False,1.097841665017008
full,od_baseline,43,20000009,20,3886.343708227937,4160.220202246832,48.19209238871334,5.683017284450532,False,True,5.683017284450532
full,od_baseline,43,21000007,21,2239.6303737556204,2600.2315842439393,58.92951067026337,6.119195737192556,False,False,6.119195737192556
full,od_baseline,43,21000008,21,2600.2315842439393,2731.3887682511263,26.717256165257165,4.90908135161508,False,False,4.90908135161508
full,od_baseline,43,21000009,21,2731.3887682511263,3230.9653665531323,458.55018171426593,1.089469851335278,True,False,1.089469851335278
full,od_baseline,43,21000010,21,3230.9653665531323,3297.397741439138,15.979837567787547,4.157262212722439,False,False,4.157262212722439
full,od_baseline,43,21000011,21,3297.397741439138,3442.735751453784,101.00752608339441,1.4388829788252728,True,False,1.4388829788252728
full,od_baseline,43,21000012,21,3442.735751453784,3691.671999732183,48.19209238871334,5.165499897171933,False,False,5.165499897171933
full,od_baseline,43,21000013,21,3691.671999732183,3757.54297611033,58.057852632638046,1.1345747972276334,True,False,1.1345747972276334
full,od_baseline,43,21000014,21,3757.54297611033,3828.5863248131614,15.979837567787547,4.445811692481892,False,False,4.445811692481892
full,od_baseline,43,21000015,21,3828.5863248131614,4023.5050525171387,122.48236916054397,1.5914023303099833,False,True,1.5914023303099833
full,od_baseline,43,22000005,22,2082.227153549249,2359.9848354255423,48.19209238871334,5.763553066671669,False,False,5.763553066671669
full,od_baseline,43,22000006,22,2359.9848354255423,2499.4078722550325,26.717256165257165,5.218463900899915,False,False,5.218463900899915
full,od_baseline,43,22000007,22,2499.4078722550325,2648.6531098522214,101.00752608339441,1.4775655179790084,True,False,1.4775655179790084
full,od_baseline,43,22000008,22,2648.6531098522214,3055.4895221623538,229.85653940820262,1.7699579631607996,False,False,1.7699579631607996
full,od_baseline,43,22000009,22,3055.4895221623538,3399.399980240033,58.92951067026337,5.835963240930511,False,False,5.835963240930511
full,od_baseline,43,22000010,22,3399.399980240033,3574.306103190115,32.085964974046185,5.45117228331954,False,False,5.45117228331954
full,od_baseline,43,22000011,22,3574.306103190115,3965.1936077032256,72.35128428205302,5.402633946196189,False,False,5.402633946196189
full,od_baseline,43,22000012,22,3965.1936077032256,4126.4167751871855,32.085964974046185,5.024725533870362,False,True,5.024725533870362
full,od_baseline,43,23000005,23,2021.9118619727196,2374.5365464021424,58.92951067026337,5.983838664510785,False,False,5.983838664510785
full,od_baseline,43,23000006,23,2374.5365464021424,2867.132511328523,458.55018171426593,1.0742465810063277,True,False,1.0742465810063277
full,od_baseline,43,23000007,23,2867.132511328523,3611.2711129473564,744.1386016188327,1.0,True,False,1.000000000000001
full,od_baseline,43,23000008,23,3611.2711129473564,3984.986927405374,72.35128428205302,5.165296209547991,False,False,5.165296209547991
full,od_baseline,43,23000009,23,3984.986927405374,4337.591584854291,58.92951067026337,5.983498818137073,False,True,5.983498818137073
full,od_baseline,43,24000009,24,2116.9226485791332,2599.0394021976635,458.55018171426593,1.0513936595034419,True,False,1.0513936595034419
full,od_baseline,43,24000010,24,2599.0394021976635,3033.1451915655302,72.35128428205302,5.9999735136083565,False,False,5.9999735136083565
full,od_baseline,43,24000011,24,3033.1451915655302,3097.794469954763,15.979837567787547,4.045678068690378,False,False,4.045678068690378
full,od_baseline,43,24000012,24,3097.794469954763,3285.7566799723418,32.085964974046185,5.858081880025065,False,False,5.858081880025065
full,od_baseline,43,24000013,24,3285.7566799723418,3699.969941741175,400.5413596855101,1.0341335588765606,True,False,1.0341335588765606
full,od_baseline,43,24000014,24,3699.969941741175,3957.494982520269,48.19209238871334,5.343719851421243,False,False,5.343719851421243
full,od_baseline,43,24000015,24,3957.494982520269,4024.645789831033,58.057852632638046,1.1566188597374085,True,True,1.1566188597374085
full,od_baseline,43,25000008,25,2269.804623203189,2498.547359170236,228.74273596704626,1.0,True,False,1.0000000000000047
full,od_baseline,43,25000009,25,2498.547359170236,3653.244923691588,1130.6863062355314,1.0212360034373837,True,False,1.0212360034373837
full,od_baseline,43,25000010,25,3653.244923691588,3908.2026088630423,48.19209238871334,5.290446472317222,False,False,5.290446472317222
full,od_baseline,43,25000011,25,3908.2026088630423,4103.324541042529,122.48236916054397,1.5930613811342114,False,True,1.5930613811342114
full,od_baseline,43,26000006,26,2400.8696236765304,2515.82244465353,114.952820977,1.0,True,False,0.9999999999999969
full,od_baseline,43,26000007,26,2515.82244465353,2716.8479556176817,200.85214333740902,1.0008631604515734,True,False,1.0008631604515734
full,od_baseline,43,26000008,26,2716.8479556176817,2781.458028914724,15.979837567787547,4.043224658759007,False,False,4.043224658759007
full,od_baseline,43,26000009,26,2781.458028914724,3098.4682643806204,48.19209238871334,6.578055024233413,False,False,6.578055024233413
full,od_baseline,43,26000010,26,3098.4682643806204,3291.0221423608887,122.48236916054397,1.5720946557449254,False,False,1.5720946557449254
full,od_baseline,43,26000011,26,3291.0221423608887,3435.929568592456,101.00752608339441,1.4346200907042097,True,False,1.4346200907042097
full,od_baseline,43,26000012,26,3435.929568592456,3664.672304559503,228.74273596704626,1.0,True,False,1.0000000000000047
full,od_baseline,43,26000013,26,3664.672304559503,4592.798588932662,915.9373744307104,1.0133075800624733,True,True,1.0133075800624733
full,od_baseline,43,27000007,27,2016.75138777606,2290.441759864019,48.19209238871334,5.6791551999941285,False,False,5.6791551999941285
full,od_baseline,43,27000008,27,2290.441759864019,2466.3921322428496,32.085964974046185,5.483717647923449,False,False,5.483717647923449
full,od_baseline,43,27000009,27,2466.3921322428496,2908.6575054083037,72.35128428205302,6.112750831641554,False,False,6.112750831641554
full,od_baseline,43,27000010,27,2908.6575054083037,3271.6928302678225,229.85653940820262,1.5793995933037335,False,False,1.5793995933037335
full,od_baseline,43,27000011,27,3271.6928302678225,3686.6278196143217,283.5436075005082,1.463390386417918,True,False,1.463390386417918
full,od_baseline,43,27000012,27,3686.6278196143217,3744.9147549889426,15.979837567787547,3.6475299030646493,False,False,3.6475299030646493
full,od_baseline,43,27000013,27,3744.9147549889426,4042.0771205817923,48.19209238871334,6.166205924323916,False,True,6.166205924323916
full,od_baseline,43,28000010,28,2042.8972804939017,2447.464924994385,229.85653940820262,1.7600875987348392,False,False,1.7600875987348392
full,od_baseline,43,28000011,28,2447.464924994385,2916.9458890723295,283.5436075005082,1.6557628232796715,False,False,1.6557628232796715
full,od_baseline,43,28000012,28,2916.9458890723295,3845.6962329756307,915.9373744307104,1.0139889143409553,True,False,1.0139889143409553
full,od_baseline,43,28000013,28,3845.6962329756307,4411.620535704894,565.9243027292647,1.0,True,True,0.9999999999999973
full,od_baseline,43,29000007,29,2125.439485244916,3079.874776066451,915.9373744307104,1.0420311666119668,True,False,1.0420311666119668
full,od_baseline,43,29000008,29,3079.874776066451,3349.425013691438,186.90687789087698,1.4421632882999638,True,False,1.4421632882999638
full,od_baseline,43,29000009,29,3349.425013691438,3749.9663733769485,400.5413596855101,1.0,True,False,1.000000000000001
full,od_baseline,43,29000010,29,3749.9663733769485,4200.238659458071,283.5436075005082,1.5880177657692942,False,True,1.5880177657692942
full,od_baseline,43,30000007,30,2156.147035293744,2299.590596254056,26.717256165257165,5.368948071353391,False,False,5.368948071353391
full,od_baseline,43,30000008,30,2299.590596254056,2595.67514304273,48.19209238871334,6.143840869171667,False,False,6.143840869171667
full,od_baseline,43,30000009,30,2595.67514304273,3103.490688877017,283.5436075005082,1.7909610105859184,False,False,1.7909610105859184
full,od_baseline,43,30000010,30,3103.490688877017,3235.4659166886263,26.717256165257165,4.939699907628557,False,False,4.939699907628557
full,od_baseline,43,30000011,30,3235.4659166886263,3430.049547146045,122.48236916054397,1.5886664488206284,False,False,1.5886664488206284
full,od_baseline,43,30000012,30,3430.049547146045,4602.292012314635,1130.6863062355314,1.0367530399049532,True,True,1.0367530399049532
full,od_baseline,43,31000009,31,2076.111134584134,2456.189759903119,58.92951067026337,6.4497162965715535,False,False,6.4497162965715535
full,od_baseline,43,31000010,31,2456.189759903119,2943.1341672705717,283.5436075005082,1.7173527968412403,False,False,1.7173527968412403
full,od_baseline,43,31000011,31,2943.1341672705717,3412.40762729532,458.55018171426593,1.0233851795029145,True,False,1.0233851795029145
full,od_baseline,43,31000012,31,3412.40762729532,4328.345001726028,915.9373744307104,1.0,True,True,0.999999999999998
semi,od_baseline,7,6,0,2923.0637603250752,3323.605120010586,400.5413596855101,1.0,True,False,1.000000000000001
semi,od_baseline,7,7,0,3323.605120010586,3340.40569909718,15.979837567787547,1.0513610676782483,True,False,1.0513610676782483
semi,od_baseline,7,8,0,3340.40569909718,3826.8948887952274,486.44082678401566,1.0000994219879766,True,False,1.0000994219879766
semi,od_baseline,7,9,0,3826.8948887952274,4227.436248480737,400.5413596855101,1.0,True,True,0.9999999999999989
semi,od_baseline,7,1000004,1,2059.33591930937,2459.8772789948807,400.5413596855101,1.0,True,False,1.000000000000001
semi,od_baseline,7,1000005,1,2459.8772789948807,2918.4274607091456,458.55018171426593,1.0,True,False,0.9999999999999978
semi,od_baseline,7,1000006,1,2918.4274607091456,2976.4853133417846,58.057852632638046,1.0,True,False,1.000000000000016
semi,od_baseline,7,1000007,1,2976.4853133417846,3892.422687772493,915.9373744307104,1.0,True,False,0.999999999999998
semi,od_baseline,7,1000008,1,3892.422687772493,3951.352198442756,58.92951067026337,1.0,True,False,0.9999999999999932
semi,od_baseline,7,1000009,1,3951.352198442756,4180.0949344098035,228.74273596704626,1.0,True,True,1.0000000000000047
semi,od_baseline,7,2000008,2,2083.908016204367,2312.6507521714143,228.74273596704626,1.0,True,False,1.0000000000000047
semi,od_baseline,7,2000009,2,2312.6507521714143,3443.337058406947,1130.6863062355314,1.0,True,False,1.000000000000001
semi,od_baseline,7,2000010,2,3443.337058406947,3544.3445844903417,101.00752608339441,1.0,True,False,1.0000000000000022
semi,od_baseline,7,2000011,2,3544.3445844903417,4288.483186109175,744.1386016188327,1.0,True,True,1.000000000000001
semi,od_baseline,7,3000005,3,2121.7785012381614,2608.219328022177,486.44082678401566,1.0,True,False,0.9999999999999994
semi,od_baseline,7,3000006,3,2608.219328022177,2636.752890254277,26.717256165257165,1.0679825074704017,True,False,1.0679825074704017
semi,od_baseline,7,3000007,3,2636.752890254277,3123.1937170382926,486.44082678401566,1.0,True,False,0.9999999999999994
semi,od_baseline,7,3000008,3,3123.1937170382926,4039.131091469001,915.9373744307104,1.0,True,True,0.999999999999998
semi,od_baseline,7,4000005,4,2018.8280904939288,2205.9931149758277,186.90687789087698,1.0013811508379729,True,False,1.0013811508379729
semi,od_baseline,7,4000006,4,2205.9931149758277,2489.5367224763368,283.5436075005082,1.0,True,False,1.000000000000003
semi,od_baseline,7,4000007,4,2489.5367224763368,2690.388865813745,200.85214333740902,1.0,True,False,0.9999999999999952
semi,od_baseline,7,4000008,4,2690.388865813745,2791.3963918971394,101.00752608339441,1.0,True,False,1.0000000000000022
semi,od_baseline,7,4000009,4,2791.3963918971394,3923.307523716454,1130.6863062355314,1.0010832585280536,True,False,1.0010832585280536
semi,od_baseline,7,4000010,4,3923.307523716454,4409.748350500472,486.44082678401566,1.0,True,True,1.000000000000005
semi,od_baseline,7,5000008,5,2342.150975894465,3472.837282129998,1130.6863062355314,1.0,True,False,1.0000000000000016
semi,od_baseline,7,5000009,5,3472.837282129998,4388.774656560707,915.9373744307104,1.0,True,True,0.999999999999998
semi,od_baseline,7,6000006,6,2009.7966686402701,2091.4672909177557,58.92951067026337,1.385903621947054,True,False,1.385903621947054
semi,od_baseline,7,6000007,6,2091.4672909177557,2464.118160392353,372.6508694745985,1.0,True,False,0.9999999999999963
semi,od_baseline,7,6000008,6,2464.118160392353,2651.0250382832296,186.90687789087698,1.0,True,False,0.9999999999999989
semi,od_baseline,7,6000009,6,2651.0250382832296,2934.5686457837387,283.5436075005082,1.0,True,False,1.000000000000003
semi,od_baseline,7,6000010,6,2934.5686457837387,3335.1100054692492,400.5413596855101,1.0,True,False,1.000000000000001
semi,od_baseline,7,6000011,6,3335.1100054692492,4465.796311704782,1130.6863062355314,1.0,True,True,1.000000000000001
semi,od_baseline,7,7000009,7,2086.5883882085377,3217.2746944440705,1130.6863062355314,1.0,True,False,1.000000000000001
semi,od_baseline,7,7000010,7,3217.2746944440705,3418.1268377814786,200.85214333740902,1.0,True,False,0.9999999999999952
semi,od_baseline,7,7000011,7,3418.1268377814786,3701.6704452819877,283.5436075005082,1.0,True,False,1.000000000000003
semi,od_baseline,7,7000012,7,3701.6704452819877,4445.809046900821,744.1386016188327,1.0,True,True,1.000000000000001
semi,od_baseline,7,8000007,8,2743.609211716156,2858.5620326931557,114.952820977,1.0,True,False,0.9999999999999969
semi,od_baseline,7,8000008,8,2858.5620326931557,3087.304768660203,228.74273596704626,1.0,True,False,1.0000000000000047
semi,od_baseline,7,8000009,8,3087.304768660203,3288.156911997611,200.85214333740902,1.0,True,False,0.9999999999999952
semi,od_baseline,7,8000010,8,3288.156911997611,3571.7005194981202,283.5436075005082,1.0,True,False,1.000000000000003
semi,od_baseline,7,8000011,8,3571.7005194981202,3613.5908285192086,26.717256165257165,1.567912092543472,False,False,1.567912092543472
semi,od_baseline,7,8000012,8,3613.5908285192086,4014.132188204719,400.5413596855101,1.0,True,True,1.000000000000001
semi,od_baseline,7,9000004,9,2110.985470575955,2180.6579389363255,58.92951067026337,1.1823018309148854,True,False,1.1823018309148854
semi,od_baseline,7,9000005,9,2180.6579389363255,2746.5822416655906,565.9243027292647,1.0,True,False,1.0000000000000007
semi,od_baseline,7,9000006,9,2746.5822416655906,2976.438781073794,229.85653940820262,1.0,True,False,1.0000000000000033
semi,od_baseline,7,9000007,9,2976.438781073794,3046.285632842794,48.19209238871334,1.4493425852030046,True,False,1.4493425852030046
semi,od_baseline,7,9000008,9,3046.285632842794,3962.283449434376,915.9373744307104,1.0000659894033797,True,False,1.0000659894033797
semi,od_baseline,7,9000009,9,3962.283449434376,4206.085309785193,243.80186035081854,1.0,True,True,0.9999999999999943
semi,od_baseline,7,10000011,10,2567.5460416377546,2690.0284107983,122.48236916054397,1.0,True,False,1.00000000000001
semi,od_baseline,7,10000012,10,2690.0284107983,3820.714717033833,1130.6863062355314,1.0,True,False,1.0000000000000016
semi,od_baseline,7,10000013,10,3820.714717033833,4307.15554381785,486.44082678401566,1.0,True,True,1.000000000000003
semi,od_baseline,7,11000006,11,2012.6956789635412,2129.200977519958,114.952820977,1.0135053456385161,True,False,1.0135053456385161
semi,od_baseline,7,11000007,11,2129.200977519958,2873.3395791387916,744.1386016188327,1.0,True,False,1.000000000000001
semi,od_baseline,7,11000008,11,2873.3395791387916,4004.0258853743244,1130.6863062355314,1.0,True,True,1.000000000000001
semi,od_baseline,7,12000007,12,2150.606462855947,2265.5592838329467,114.952820977,1.0,True,False,0.9999999999999969
semi,od_baseline,7,12000008,12,2265.5592838329467,3181.4966582636553,915.9373744307104,1.0,True,False,0.999999999999998
semi,od_baseline,7,12000009,12,3181.4966582636553,3410.2393942307026,228.74273596704626,1.0,True,False,1.0000000000000047
semi,od_baseline,7,12000010,12,3410.2393942307026,3444.4644339775123,32.085964974046185,1.0666669920787406,True,False,1.0666669920787406
semi,od_baseline,7,12000011,12,3444.4644339775123,3510.205187511362,48.19209238871334,1.3641398469190842,True,False,1.3641398469190842
semi,od_baseline,7,12000012,12,3510.205187511362,3619.303966272916,72.35128428205302,1.5079038312056112,False,False,1.5079038312056112
semi,od_baseline,7,12000013,12,3619.303966272916,3638.9722113939415,15.979837567787547,1.2308163357475552,True,False,1.2308163357475552
semi,od_baseline,7,12000014,12,3638.9722113939415,4781.60490084854,1130.6863062355314,1.0105656035216706,True,True,1.0105656035216706
semi,od_baseline,7,13000004,13,2271.3244960351158,2372.3320221185104,101.00752608339441,1.0,True,False,1.0000000000000022
semi,od_baseline,7,13000005,13,2372.3320221185104,2601.0747580855577,228.74273596704626,1.0,True,False,1.0000000000000047
semi,od_baseline,7,13000006,13,2601.0747580855577,3345.213359704391,744.1386016188327,1.0,True,False,1.000000000000001
semi,od_baseline,7,13000007,13,3345.213359704391,3911.1376624336563,565.9243027292647,1.0,True,False,1.0000000000000007
semi,od_baseline,7,13000008,13,3911.1376624336563,4369.687844147921,458.55018171426593,1.0,True,True,0.9999999999999978
semi,od_baseline,7,14000004,14,2088.056598769189,2574.4974255532043,486.44082678401566,1.0,True,False,0.9999999999999994
semi,od_baseline,7,14000005,14,2574.4974255532043,2975.038785238715,400.5413596855101,1.0,True,False,1.000000000000001
semi,od_baseline,7,14000006,14,2975.038785238715,3890.9761596694234,915.9373744307104,1.0,True,False,0.999999999999998
semi,od_baseline,7,14000007,14,3890.9761596694234,4349.526341383688,458.55018171426593,1.0,True,True,0.9999999999999978
semi,od_baseline,7,15000008,15,2130.2167144827135,2502.8675839573107,372.6508694745985,1.0,True,False,0.9999999999999963
semi,od_baseline,7,15000009,15,2502.8675839573107,3418.8049583880193,915.9373744307104,1.0,True,False,0.999999999999998
semi,od_baseline,7,15000010,15,3418.8049583880193,3476.8628110206582,58.057852632638046,1.0,True,False,1.000000000000016
semi,od_baseline,7,15000011,15,3476.8628110206582,4046.909267559226,565.9243027292647,1.007283931418784,True,True,1.007283931418784
semi,od_baseline,7,16000009,16,2320.4956950698215,2462.9950488029813,72.35128428205302,1.9695483659646276,False,False,1.9695483659646276
semi,od_baseline,7,16000010,16,2462.9950488029813,2706.7969091537984,243.80186035081854,1.0,True,False,0.9999999999999943
semi,od_baseline,7,16000011,16,2706.7969091537984,2764.8547617864374,58.057852632638046,1.0,True,False,1.000000000000016
semi,od_baseline,7,16000012,16,2764.8547617864374,3165.396121471948,400.5413596855101,1.0,True,False,1.000000000000001
semi,od_baseline,7,16000013,16,3165.396121471948,4081.333495902657,915.9373744307104,1.0,True,True,0.9999999999999986
semi,od_baseline,7,17000007,17,2405.650693802171,2449.95783707569,26.717256165257165,1.658371765403636,False,False,1.658371765403636
semi,od_baseline,7,17000008,17,2449.95783707569,2911.8203702621627,458.55018171426593,1.0072235310426088,True,False,1.0072235310426088
semi,od_baseline,7,17000009,17,2911.8203702621627,3655.958971880996,744.1386016188327,1.0,True,False,1.000000000000001
semi,od_baseline,7,17000010,17,3655.958971880996,3722.394034101181,58.92951067026337,1.127364905368357,True,False,1.127364905368357
semi,od_baseline,7,17000011,17,3722.394034101181,3844.8764032617264,122.48236916054397,1.0,True,False,1.00000000000001
semi,od_baseline,7,17000012,17,3844.8764032617264,4760.813777692435,915.9373744307104,1.0,True,True,0.999999999999998
semi,od_baseline,7,18000007,18,2212.80914131812,2270.866993950759,58.057852632638046,1.0,True,False,1.000000000000016
semi,od_baseline,7,18000008,18,2270.866993950759,2471.719137288167,200.85214333740902,1.0,True,False,0.9999999999999952
semi,od_baseline,7,18000009,18,2471.719137288167,2594.2015064487123,122.48236916054397,1.0,True,False,1.00000000000001
semi,od_baseline,7,18000010,18,2594.2015064487123,2838.0033667995294,243.80186035081854,1.0,True,False,0.9999999999999943
semi,od_baseline,7,18000011,18,2838.0033667995294,3968.6896730350627,1130.6863062355314,1.0,True,False,1.0000000000000016
semi,od_baseline,7,18000012,18,3968.6896730350627,4455.130499819081,486.44082678401566,1.0,True,True,1.000000000000005
semi,od_baseline,7,19000007,19,2085.3849351058775,2200.337756082877,114.952820977,1.0,True,False,0.9999999999999969
semi,od_baseline,7,19000008,19,2200.337756082877,2290.220059166162,72.35128428205302,1.242304182644352,True,False,1.242304182644352
semi,od_baseline,7,19000009,19,2290.220059166162,2398.8939762586338,58.92951067026337,1.8441340485677904,False,False,1.8441340485677904
semi,od_baseline,7,19000010,19,2398.8939762586338,2777.37979825687,372.6508694745985,1.0156579603097784,True,False,1.0156579603097784
semi,od_baseline,7,19000011,19,2777.37979825687,3006.1225342239172,228.74273596704626,1.0,True,False,1.0000000000000047
semi,od_baseline,7,19000012,19,3006.1225342239172,3128.6049033844624,122.48236916054397,1.0,True,False,1.00000000000001
semi,od_baseline,7,19000013,19,3128.6049033844624,3872.743505003296,744.1386016188327,1.0,True,False,1.000000000000001
semi,od_baseline,7,19000014,19,3872.743505003296,4438.667807732559,565.9243027292647,1.0,True,True,0.9999999999999966
semi,od_baseline,7,20000003,20,2182.512771427839,2583.0541311133497,400.5413596855101,1.0,True,False,1.000000000000001
semi,od_baseline,7,20000004,20,2583.0541311133497,2698.0069520903494,114.952820977,1.0,True,False,0.9999999999999969
semi,od_baseline,7,20000005,20,2698.0069520903494,2724.724208255608,26.717256165257165,1.0,True,False,1.0000000000000586
semi,od_baseline,7,20000006,20,2724.724208255608,2782.782060888247,58.057852632638046,1.0,True,False,1.000000000000016
semi,od_baseline,7,20000007,20,2782.782060888247,2862.724408964288,58.92951067026337,1.3565757999137955,True,False,1.3565757999137955
semi,od_baseline,7,20000008,20,2862.724408964288,3092.5809483724915,229.85653940820262,1.0,True,False,1.0000000000000033
semi,od_baseline,7,20000009,20,3092.5809483724915,3215.0633175330368,122.48236916054397,1.0,True,False,1.00000000000001
semi,od_baseline,7,20000010,20,3215.0633175330368,4131.000691963745,915.9373744307104,1.0,True,True,0.999999999999998
semi,od_baseline,7,21000006,21,2118.131346574052,2401.674954074561,283.5436075005082,1.0,True,False,1.000000000000003
semi,od_baseline,7,21000007,21,2401.674954074561,2509.9615752794434,72.35128428205302,1.4966786323065089,True,False,1.4966786323065089
semi,od_baseline,7,21000008,21,2509.9615752794434,3645.598187898665,1130.6863062355314,1.0043781430414342,True,False,1.0043781430414342
semi,od_baseline,7,21000009,21,3645.598187898665,4561.5355623293735,915.9373744307104,1.0,True,True,0.999999999999998
semi,od_baseline,7,22000006,22,2688.552894440314,2789.5604205237087,101.00752608339441,1.0,True,False,1.0000000000000022
semi,od_baseline,7,22000007,22,2789.5604205237087,3019.416959931912,229.85653940820262,1.0,True,False,1.0000000000000033
semi,od_baseline,7,22000008,22,3019.416959931912,3094.5865658887337,72.35128428205302,1.038953305428301,True,False,1.038953305428301
semi,od_baseline,7,22000009,22,3094.5865658887337,3581.027392672749,486.44082678401566,1.0,True,False,0.9999999999999994
semi,od_baseline,7,22000010,22,3581.027392672749,3625.379881486401,32.085964974046185,1.38230185221257,True,False,1.38230185221257
semi,od_baseline,7,22000011,22,3625.379881486401,3749.3527307413256,122.48236916054397,1.0121689358606965,True,False,1.0121689358606965
semi,od_baseline,7,22000012,22,3749.3527307413256,3809.02617477709,58.92951067026337,1.0126241225667696,True,False,1.0126241225667696
semi,od_baseline,7,22000013,22,3809.02617477709,4037.7689107441374,228.74273596704626,1.0,True,True,1.0000000000000047
semi,od_baseline,7,23000008,23,3089.6265556883036,3318.369291655351,228.74273596704626,1.0,True,False,1.0000000000000047
semi,od_baseline,7,23000009,23,3318.369291655351,3804.8101184393663,486.44082678401566,1.0,True,False,0.9999999999999994
semi,od_baseline,7,23000010,23,3804.8101184393663,3919.762939416366,114.952820977,1.0,True,False,0.9999999999999969
semi,od_baseline,7,23000011,23,3919.762939416366,4378.313121130631,458.55018171426593,1.0,True,True,0.9999999999999978
semi,od_baseline,7,24000009,24,2473.9440458201416,2548.798442039846,48.19209238871334,1.5532505958848044,False,False,1.5532505958848044
semi,od_baseline,7,24000010,24,2548.798442039846,3035.2392688238615,486.44082678401566,1.0,True,False,0.9999999999999994
semi,od_baseline,7,24000011,24,3035.2392688238615,3493.7894505381264,458.55018171426593,1.0,True,False,0.9999999999999978
semi,od_baseline,7,24000012,24,3493.7894505381264,3723.64598994633,229.85653940820262,1.0,True,False,1.0000000000000033
semi,od_baseline,7,24000013,24,3723.64598994633,4854.332296181863,1130.6863062355314,1.0,True,True,1.0000000000000016
semi,od_baseline,7,25000006,25,2273.436543702705,2502.1792796697523,228.74273596704626,1.0,True,False,1.0000000000000047
semi,od_baseline,7,25000007,25,2502.1792796697523,2574.385811768621,48.19209238871334,1.4983066416053656,True,False,1.4983066416053656
semi,od_baseline,7,25000008,25,2574.385811768621,2607.191326245992,32.085964974046185,1.0224256775168523,True,False,1.0224256775168523
semi,od_baseline,7,25000009,25,2607.191326245992,3007.7326859315026,400.5413596855101,1.0,True,False,1.000000000000001
semi,od_baseline,7,25000010,25,3007.7326859315026,4138.418992167036,1130.6863062355314,1.0,True,True,1.0000000000000016
semi,od_baseline,7,26000003,26,2249.199987204878,2307.257839837517,58.057852632638046,1.0,True,False,1.000000000000016
semi,od_baseline,7,26000004,26,2307.257839837517,2877.9012563162255,565.9243027292647,1.0083387720348551,True,False,1.0083387720348551
semi,od_baseline,7,26000005,26,2877.9012563162255,2894.067694716938,15.979837567787547,1.0116772671895775,True,False,1.0116772671895775
semi,od_baseline,7,26000006,26,2894.067694716938,2971.570513798271,72.35128428205302,1.0712017049925067,True,False,1.0712017049925067
semi,od_baseline,7,26000007,26,2971.570513798271,3008.8360463553795,26.717256165257165,1.3948113656060348,True,False,1.3948113656060348
semi,od_baseline,7,26000008,26,3008.8360463553795,3255.1855719755786,243.80186035081854,1.0104497367891885,True,False,1.0104497367891885
semi,od_baseline,7,26000009,26,3255.1855719755786,3538.7291794760877,283.5436075005082,1.0,True,False,1.000000000000003
semi,od_baseline,7,26000010,26,3538.7291794760877,3653.6820004530873,114.952820977,1.0,True,False,0.9999999999999969
semi,od_baseline,7,26000011,26,3653.6820004530873,3854.5341437904954,200.85214333740902,1.0,True,False,0.9999999999999952
semi,od_baseline,7,26000012,26,3854.5341437904954,4083.2768797575427,228.74273596704626,1.0,True,True,1.0000000000000047
semi,od_baseline,7,27000005,27,2565.40067463013,2581.3805121979194,15.979837567787547,1.0,True,False,1.0000000000001046
semi,od_baseline,7,27000006,27,2581.3805121979194,2810.1232481649668,228.74273596704626,1.0,True,False,1.0000000000000047
semi,od_baseline,7,27000007,27,2810.1232481649668,2997.0301260558435,186.90687789087698,1.0,True,False,0.9999999999999989
semi,od_baseline,7,27000008,27,2997.0301260558435,3483.470952839859,486.44082678401566,1.0,True,False,0.9999999999999994
semi,od_baseline,7,27000009,27,3483.470952839859,4049.395255569124,565.9243027292647,1.0,True,True,1.0000000000000007
semi,od_baseline,7,28000004,28,2663.0491305237974,2721.1069831564364,58.057852632638046,1.0,True,False,1.000000000000016
semi,od_baseline,7,28000005,28,2721.1069831564364,3093.7578526310335,372.6508694745985,1.0,True,False,0.9999999999999963
semi,od_baseline,7,28000006,28,3093.7578526310335,3216.2402217915787,122.48236916054397,1.0,True,False,1.00000000000001
semi,od_baseline,7,28000007,28,3216.2402217915787,3444.982957758626,228.74273596704626,1.0,True,False,1.0000000000000047
semi,od_baseline,7,28000008,28,3444.982957758626,3931.4237845426414,486.44082678401566,1.0,True,False,0.9999999999999994
semi,od_baseline,7,28000009,28,3931.4237845426414,4389.973966256906,458.55018171426593,1.0,True,True,0.9999999999999978
semi,od_baseline,7,29000005,29,2576.352144827718,3062.7929716117333,486.44082678401566,1.0,True,False,0.9999999999999994
semi,od_baseline,7,29000006,29,3062.7929716117333,3249.69984950261,186.90687789087698,1.0,True,False,0.9999999999999989
semi,od_baseline,7,29000007,29,3249.69984950261,3372.1822186631553,122.48236916054397,1.0,True,False,1.00000000000001
semi,od_baseline,7,29000008,29,3372.1822186631553,3487.135039640155,114.952820977,1.0,True,False,0.9999999999999969
semi,od_baseline,7,29000009,29,3487.135039640155,3545.192892272794,58.057852632638046,1.0,True,False,1.000000000000016
semi,od_baseline,7,29000010,29,3545.192892272794,4676.0852695415515,1130.6863062355314,1.0001822530547064,True,True,1.0001822530547064
semi,od_baseline,7,30000006,30,2309.9646793210236,2362.206898278516,26.717256165257165,1.955373659418944,False,False,1.955373659418944
semi,od_baseline,7,30000007,30,2362.206898278516,2431.4157608298096,32.085964974046185,2.1569824254086085,False,False,2.1569824254086085
semi,od_baseline,7,30000008,30,2431.4157608298096,2922.343080151249,486.44082678401566,1.0092231003040701,True,False,1.0092231003040701
semi,od_baseline,7,30000009,30,2922.343080151249,3205.886687651758,283.5436075005082,1.0,True,False,1.000000000000003
semi,od_baseline,7,30000010,30,3205.886687651758,3306.894213735153,101.00752608339441,1.0,True,False,1.0000000000000022
semi,od_baseline,7,30000011,30,3306.894213735153,3507.746357072561,200.85214333740902,1.0,True,False,0.9999999999999952
semi,od_baseline,7,30000012,30,3507.746357072561,3630.228726233106,122.48236916054397,1.0,True,False,1.00000000000001
semi,od_baseline,7,30000013,30,3630.228726233106,3874.030586583923,243.80186035081854,1.0,True,False,0.9999999999999943
semi,od_baseline,7,30000014,30,3874.030586583923,4274.571946269432,400.5413596855101,1.0,True,True,0.9999999999999978
semi,od_baseline,7,31000004,31,2170.347695133518,2228.405547766157,58.057852632638046,1.0,True,False,1.000000000000016
semi,od_baseline,7,31000005,31,2228.405547766157,2322.7251530164463,58.92951067026337,1.600549608803801,False,False,1.600549608803801
semi,od_baseline,7,31000006,31,2322.7251530164463,2723.266512701957,400.5413596855101,1.0,True,False,1.000000000000001
semi,od_baseline,7,31000007,31,2723.266512701957,3853.9528189374896,1130.6863062355314,1.0,True,False,1.000000000000001
semi,od_baseline,7,31000008,31,3853.9528189374896,3880.6700751027483,26.717256165257165,1.0,True,False,1.0000000000000586
semi,od_baseline,7,31000009,31,3880.6700751027483,4081.5222184401564,200.85214333740902,1.0,True,True,0.9999999999999952
semi,od_baseline,19,9,0,2893.4781301285575,3352.0283118428224,458.55018171426593,1.0,True,False,0.9999999999999978
semi,od_baseline,19,10,0,3352.0283118428224,4482.714618078356,1130.6863062355314,1.0,True,True,1.0000000000000016
semi,od_baseline,19,1000004,1,2027.1446732741097,2513.585500058125,486.44082678401566,1.0,True,False,0.9999999999999994
semi,od_baseline,19,1000005,1,2513.585500058125,2614.5930261415197,101.00752608339441,1.0,True,False,1.0000000000000022
semi,od_baseline,19,1000006,1,2614.5930261415197,3101.033852925535,486.44082678401566,1.0,True,False,0.9999999999999994
semi,od_baseline,19,1000007,1,3101.033852925535,3155.8624887185956,48.19209238871334,1.1377102150041016,True,False,1.1377102150041016
semi,od_baseline,19,1000008,1,3155.8624887185956,3278.344857879141,122.48236916054397,1.0,True,False,1.00000000000001
semi,od_baseline,19,1000009,1,3278.344857879141,4194.28223230985,915.9373744307104,1.0,True,True,0.9999999999999986
semi,od_baseline,19,2000008,2,2144.303958574721,2266.7863277352662,122.48236916054397,1.0,True,False,1.00000000000001
semi,od_baseline,19,2000009,2,2266.7863277352662,2299.8061448940957,32.085964974046185,1.029104693766844,True,False,1.029104693766844
semi,od_baseline,19,2000010,2,2299.8061448940957,2357.8639975267347,58.057852632638046,1.0,True,False,1.000000000000016
semi,od_baseline,19,2000011,2,2357.8639975267347,2586.606733493782,228.74273596704626,1.0,True,False,1.0000000000000047
semi,od_baseline,19,2000012,2,2586.606733493782,3045.156915208047,458.55018171426593,1.0,True,False,0.9999999999999978
semi,od_baseline,19,2000013,2,3045.156915208047,4175.84322144358,1130.6863062355314,1.0,True,True,1.000000000000001
semi,od_baseline,19,3000006,3,2031.7527736798659,2315.2963811803747,283.5436075005082,1.0,True,False,1.0000000000000024
semi,od_baseline,19,3000007,3,2315.2963811803747,2502.2032590712515,186.90687789087698,1.0,True,False,0.9999999999999989
semi,od_baseline,19,3000008,3,2502.2032590712515,2988.644085855267,486.44082678401566,1.0,True,False,0.9999999999999994
semi,od_baseline,19,3000009,3,2988.644085855267,3004.623923423056,15.979837567787547,1.0,True,False,1.0000000000001046
semi,od_baseline,19,3000010,3,3004.623923423056,3119.5767444000558,114.952820977,1.0,True,False,0.9999999999999969
semi,od_baseline,19,3000011,3,3119.5767444000558,3520.1181040855663,400.5413596855101,1.0,True,False,1.000000000000001
semi,od_baseline,19,3000012,3,3520.1181040855663,4086.0424068148313,565.9243027292647,1.0,True,True,1.0000000000000007
semi,od_baseline,19,4000008,4,2099.5662265522164,2851.3868392666527,744.1386016188327,1.010323360566018,True,False,1.010323360566018
semi,od_baseline,19,4000009,4,2851.3868392666527,2909.4446918992917,58.057852632638046,1.0,True,False,1.000000000000016
semi,od_baseline,19,4000010,4,2909.4446918992917,3309.986051584802,400.5413596855101,1.0,True,False,1.000000000000001
semi,od_baseline,19,4000011,4,3309.986051584802,3325.9658891525914,15.979837567787547,1.0,True,False,1.0000000000001046
semi,od_baseline,19,4000012,4,3325.9658891525914,3554.708625119639,228.74273596704626,1.0,True,False,1.0000000000000047
semi,od_baseline,19,4000013,4,3554.708625119639,3783.451361086686,228.74273596704626,1.0,True,False,1.0000000000000047
semi,od_baseline,19,4000014,4,3783.451361086686,4914.137667322219,1130.6863062355314,1.0,True,True,1.0000000000000016
semi,od_baseline,19,5000005,5,2141.4781875655863,2629.7046657257797,486.44082678401566,1.0036708501381004,True,False,1.0036708501381004
semi,od_baseline,19,5000006,5,2629.7046657257797,3760.390971961313,1130.6863062355314,1.0,True,False,1.0000000000000016
semi,od_baseline,19,5000007,5,3760.390971961313,3947.2978498521898,186.90687789087698,1.0,True,False,0.9999999999999989
semi,od_baseline,19,5000008,5,3947.2978498521898,4405.848031566455,458.55018171426593,1.0,True,True,0.9999999999999978
semi,od_baseline,19,6000004,6,2103.8219667017393,2129.2783269798806,15.979837567787547,1.593029977316963,False,False,1.593029977316963
semi,od_baseline,19,6000005,6,2129.2783269798806,2437.2181367498906,283.5436075005082,1.0860403889354413,True,False,1.0860403889354413
semi,od_baseline,19,6000006,6,2437.2181367498906,2497.87044634206,58.92951067026337,1.0292349096795625,True,False,1.0292349096795625
semi,od_baseline,19,6000007,6,2497.87044634206,2898.4118060275705,400.5413596855101,1.0,True,False,1.000000000000001
semi,od_baseline,19,6000008,6,2898.4118060275705,3128.268345435774,229.85653940820262,1.0,True,False,1.0000000000000033
semi,od_baseline,19,6000009,6,3128.268345435774,3614.7091722197893,486.44082678401566,1.0,True,False,0.9999999999999994
semi,od_baseline,19,6000010,6,3614.7091722197893,4101.149999003805,486.44082678401566,1.0,True,True,0.9999999999999994
semi,od_baseline,19,7000007,7,2647.239178039823,3047.7805377253335,400.5413596855101,1.0,True,False,1.000000000000001
semi,od_baseline,19,7000008,7,3047.7805377253335,3791.919139344167,744.1386016188327,1.0,True,False,1.000000000000001
semi,od_baseline,19,7000009,7,3791.919139344167,4021.7756787523704,229.85653940820262,1.0,True,True,1.0000000000000033
semi,od_baseline,19,8000008,8,2397.884601002709,3142.0232026215426,744.1386016188327,1.0,True,False,1.000000000000001
semi,od_baseline,19,8000009,8,3142.0232026215426,3370.76593858859,228.74273596704626,1.0,True,False,1.0000000000000047
semi,od_baseline,19,8000010,8,3370.76593858859,3557.6728164794667,186.90687789087698,1.0,True,False,0.9999999999999989
semi,od_baseline,19,8000011,8,3557.6728164794667,3584.3900726447255,26.717256165257165,1.0,True,False,1.0000000000000586
semi,od_baseline,19,8000012,8,3584.3900726447255,4070.830899428741,486.44082678401566,1.0,True,True,0.9999999999999994
semi,od_baseline,19,9000006,9,2512.768293144377,2592.125643645466,58.92951067026337,1.346648726562969,True,False,1.346648726562969
semi,od_baseline,19,9000007,9,2592.125643645466,3732.2598021849117,1130.6863062355314,1.0083558563076347,True,False,1.0083558563076347
semi,od_baseline,19,9000008,9,3732.2598021849117,3748.239639752701,15.979837567787547,1.0,True,False,1.0000000000001046
semi,od_baseline,19,9000009,9,3748.239639752701,3994.6953015323616,243.80186035081854,1.0108850745643345,True,False,1.0108850745643345
semi,od_baseline,19,9000010,9,3994.6953015323616,4560.619604261624,565.9243027292647,1.0,True,True,0.9999999999999958
semi,od_baseline,19,10000005,10,2126.3587527973336,2613.1541438751938,486.44082678401566,1.0007288950152244,True,False,1.0007288950152244
semi,od_baseline,19,10000006,10,2613.1541438751938,2841.896879842241,228.74273596704626,1.0,True,False,1.0000000000000047
semi,od_baseline,19,10000007,10,2841.896879842241,3757.8342542729497,915.9373744307104,1.0,True,False,0.999999999999998
semi,od_baseline,19,10000008,10,3757.8342542729497,3827.014622334626,48.19209238871334,1.4355128535128396,True,False,1.4355128535128396
semi,od_baseline,19,10000009,10,3827.014622334626,4579.136017824792,744.1386016188327,1.0107275631904695,True,True,1.0107275631904695
semi,od_baseline,19,11000006,11,2870.251279077257,2905.37710381516,26.717256165257165,1.3147242561375014,True,False,1.3147242561375014
semi,od_baseline,19,11000007,11,2905.37710381516,3151.6485807293043,243.80186035081854,1.0101296050808315,True,False,1.0101296050808315
semi,od_baseline,19,11000008,11,3151.6485807293043,3252.656106812699,101.00752608339441,1.0,True,False,1.0000000000000022
semi,od_baseline,19,11000009,11,3252.656106812699,3536.199714313208,283.5436075005082,1.0,True,False,1.000000000000003
semi,od_baseline,19,11000010,11,3536.199714313208,3594.257566945847,58.057852632638046,1.0,True,False,1.000000000000016
semi,od_baseline,19,11000011,11,3594.257566945847,3626.343531919892,32.085964974046185,1.0,True,False,0.9999999999999648
semi,od_baseline,19,11000012,11,3626.343531919892,3855.0862678869394,228.74273596704626,1.0,True,False,1.0000000000000047
semi,od_baseline,19,11000013,11,3855.0862678869394,4599.224869505772,744.1386016188327,1.0,True,True,1.0000000000000004
semi,od_baseline,19,12000005,12,2059.4512721212127,2555.9654231720688,486.44082678401566,1.0207082212515708,True,False,1.0207082212515708
semi,od_baseline,19,12000006,12,2555.9654231720688,2656.9729492554634,101.00752608339441,1.0,True,False,1.0000000000000022
semi,od_baseline,19,12000007,12,2656.9729492554634,3572.910323686172,915.9373744307104,1.0,True,False,0.999999999999998
semi,od_baseline,19,12000008,12,3572.910323686172,3856.453931186681,283.5436075005082,1.0,True,False,1.000000000000003
semi,od_baseline,19,12000009,12,3856.453931186681,4086.3104705948845,229.85653940820262,1.0,True,True,1.0000000000000033
semi,od_baseline,19,13000006,13,2212.655593914388,2496.1992014148973,283.5436075005082,1.0,True,False,1.000000000000003
semi,od_baseline,19,13000007,13,2496.1992014148973,2740.0010617657144,243.80186035081854,1.0,True,False,0.9999999999999943
semi,od_baseline,19,13000008,13,2740.0010617657144,3305.9253644949795,565.9243027292647,1.0,True,False,1.0000000000000007
semi,od_baseline,19,13000009,13,3305.9253644949795,3764.4755462092444,458.55018171426593,1.0,True,False,0.9999999999999978
semi,od_baseline,19,13000010,13,3764.4755462092444,3965.3276895466524,200.85214333740902,1.0,True,False,0.9999999999999952
semi,od_baseline,19,13000011,13,3965.3276895466524,4029.5659719495525,58.92951067026337,1.0900868117222557,True,True,1.0900868117222557
semi,od_baseline,19,14000006,14,2356.2568402196193,2814.8070219338842,458.55018171426593,1.0,True,False,0.9999999999999978
semi,od_baseline,19,14000007,14,2814.8070219338842,3215.348381619395,400.5413596855101,1.0,True,False,1.000000000000001
semi,od_baseline,19,14000008,14,3215.348381619395,3959.4869832382283,744.1386016188327,1.0,True,False,1.000000000000001
semi,od_baseline,19,14000009,14,3959.4869832382283,4243.030590738736,283.5436075005082,1.0,True,True,0.9999999999999968
semi,od_baseline,19,15000007,15,2498.6193980311054,2899.160757716616,400.5413596855101,1.0,True,False,1.000000000000001
semi,od_baseline,19,15000008,15,2899.160757716616,2957.218610349255,58.057852632638046,1.0,True,False,1.000000000000016
semi,od_baseline,19,15000009,15,2957.218610349255,3187.0751497574583,229.85653940820262,1.0,True,False,1.0000000000000033
semi,od_baseline,19,15000010,15,3187.0751497574583,3931.213751376292,744.1386016188327,1.0,True,False,1.000000000000001
semi,od_baseline,19,15000011,15,3931.213751376292,4417.65457816031,486.44082678401566,1.0,True,True,1.000000000000005
semi,od_baseline,19,16000007,16,2560.752269671352,2675.705090648352,114.952820977,1.0,True,False,0.9999999999999969
semi,od_baseline,19,16000008,16,2675.705090648352,2905.5616300565553,229.85653940820262,1.0,True,False,1.0000000000000033
semi,od_baseline,19,16000009,16,2905.5616300565553,3134.3043660236026,228.74273596704626,1.0,True,False,1.0000000000000047
semi,od_baseline,19,16000010,16,3134.3043660236026,3256.786735184148,122.48236916054397,1.0,True,False,1.00000000000001
semi,od_baseline,19,16000011,16,3256.786735184148,3715.3369168984127,458.55018171426593,1.0,True,False,0.9999999999999978
semi,od_baseline,19,16000012,16,3715.3369168984127,4459.475518517246,744.1386016188327,1.0,True,True,1.000000000000001
semi,od_baseline,19,17000007,17,2258.833832727733,2824.758135456998,565.9243027292647,1.0,True,False,1.0000000000000007
semi,od_baseline,19,17000008,17,2824.758135456998,3740.695509887707,915.9373744307104,1.0,True,False,0.9999999999999986
semi,od_baseline,19,17000009,17,3740.695509887707,3757.960090604081,15.979837567787547,1.0803977601860137,True,False,1.0803977601860137
semi,od_baseline,19,17000010,17,3757.960090604081,3871.1215336759865,72.35128428205302,1.5640557620340072,False,False,1.5640557620340072
semi,od_baseline,19,17000011,17,3871.1215336759865,4243.772403150585,372.6508694745985,1.0,True,True,1.0
semi,od_baseline,19,18000004,18,2188.2534712338547,2674.69429801787,486.44082678401566,1.0,True,False,0.9999999999999994
semi,od_baseline,19,18000005,18,2674.69429801787,2738.4733639063097,58.92951067026337,1.0822941708325333,True,False,1.0822941708325333
semi,od_baseline,19,18000006,18,2738.4733639063097,2982.275224257127,243.80186035081854,1.0,True,False,0.9999999999999943
semi,od_baseline,19,18000007,18,2982.275224257127,3009.8111846686993,26.717256165257165,1.0306432756886128,True,False,1.0306432756886128
semi,od_baseline,19,18000008,18,3009.8111846686993,3240.6022827544875,229.85653940820262,1.0040658346288156,True,False,1.0040658346288156
semi,od_baseline,19,18000009,18,3240.6022827544875,4371.288588990021,1130.6863062355314,1.0,True,True,1.0000000000000016
semi,od_baseline,19,19000005,19,2421.9167985774875,2880.4669802917524,458.55018171426593,1.0,True,False,0.9999999999999978
semi,od_baseline,19,19000006,19,2880.4669802917524,2940.5725978235805,48.19209238871334,1.2472091281495161,True,False,1.2472091281495161
semi,od_baseline,19,19000007,19,2940.5725978235805,4071.258904059114,1130.6863062355314,1.0,True,True,1.0000000000000016
semi,od_baseline,19,20000005,20,2252.3184664759883,2710.868648190253,458.55018171426593,1.0,True,False,0.9999999999999978
semi,od_baseline,19,20000006,20,2710.868648190253,2911.7207915276613,200.85214333740902,1.0,True,False,0.9999999999999952
semi,od_baseline,19,20000007,20,2911.7207915276613,2927.7006290954505,15.979837567787547,1.0,True,False,1.0000000000001046
semi,od_baseline,19,20000008,20,2927.7006290954505,3156.443365062498,228.74273596704626,1.0,True,False,1.0000000000000047
semi,od_baseline,19,20000009,20,3156.443365062498,3556.9847247480084,400.5413596855101,1.0,True,False,1.000000000000001
semi,od_baseline,19,20000010,20,3556.9847247480084,4043.4255515320237,486.44082678401566,1.0,True,True,0.9999999999999994
semi,od_baseline,19,21000003,21,2081.8324168141553,2234.046056984934,72.35128428205302,2.1038139361478563,False,False,2.1038139361478563
semi,od_baseline,19,21000004,21,2234.046056984934,2978.1846586037673,744.1386016188327,1.0,True,False,1.000000000000001
semi,od_baseline,19,21000005,21,2978.1846586037673,3100.6670277643125,122.48236916054397,1.0,True,False,1.00000000000001
semi,od_baseline,19,21000006,21,3100.6670277643125,4231.353333999846,1130.6863062355314,1.0,True,True,1.0000000000000016
semi,od_baseline,19,22000008,22,2063.013415883271,2110.936176528828,26.717256165257165,1.7937006835258493,False,False,1.7937006835258493
semi,od_baseline,19,22000009,22,2110.936176528828,2515.972022968095,400.5413596855101,1.011221030350738,True,False,1.011221030350738
semi,od_baseline,19,22000010,22,2515.972022968095,2745.8285623762986,229.85653940820262,1.0,True,False,1.0000000000000033
semi,od_baseline,19,22000011,22,2745.8285623762986,3232.269389160314,486.44082678401566,1.0,True,False,0.9999999999999994
semi,od_baseline,19,22000012,22,3232.269389160314,3433.121532497722,200.85214333740902,1.0,True,False,0.9999999999999952
semi,od_baseline,19,22000013,22,3433.121532497722,4177.2601341165555,744.1386016188327,1.0,True,True,1.000000000000001
semi,od_baseline,19,23000003,23,2831.716032895425,3747.6534073261337,915.9373744307104,1.0,True,False,0.999999999999998
semi,od_baseline,19,23000004,23,3747.6534073261337,3848.6609334095283,101.00752608339441,1.0,True,False,1.0000000000000022
semi,od_baseline,19,23000005,23,3848.6609334095283,3906.7187860421673,58.057852632638046,1.0,True,False,1.000000000000016
semi,od_baseline,19,23000006,23,3906.7187860421673,5037.4050922777005,1130.6863062355314,1.0,True,True,1.0000000000000016
semi,od_baseline,19,24000007,24,2431.8551077693487,2546.8079287463484,114.952820977,1.0,True,False,0.9999999999999969
semi,od_baseline,19,24000008,24,2546.8079287463484,2586.4781540223057,32.085964974046185,1.2363731403448817,True,False,1.2363731403448817
semi,od_baseline,19,24000009,24,2586.4781540223057,2828.010159258949,229.85653940820262,1.0507945776026244,True,False,1.0507945776026244
semi,od_baseline,19,24000010,24,2828.010159258949,3393.934461988214,565.9243027292647,1.0,True,False,1.0000000000000007
semi,od_baseline,19,24000011,24,3393.934461988214,4138.0730636070475,744.1386016188327,1.0,True,True,1.000000000000001
semi,od_baseline,19,25000009,25,2650.95814799894,3395.0967496177736,744.1386016188327,1.0,True,False,1.000000000000001
semi,od_baseline,19,25000010,25,3395.0967496177736,3767.7476190923708,372.6508694745985,1.0,True,False,0.9999999999999963
semi,od_baseline,19,25000011,25,3767.7476190923708,4168.28897877788,400.5413596855101,1.0,True,True,0.9999999999999989
semi,od_baseline,19,26000008,26,2037.7858312794788,2167.041933034299,48.19209238871334,2.6821018832768515,False,False,2.6821018832768515
semi,od_baseline,19,26000009,26,2167.041933034299,2415.5745578375036,243.80186035081854,1.0194041359880472,True,False,1.0194041359880472
semi,od_baseline,19,26000010,26,2415.5745578375036,3159.713159456337,744.1386016188327,1.0,True,False,1.000000000000001
semi,od_baseline,19,26000011,26,3159.713159456337,3201.7857066080514,32.085964974046185,1.3112445639626606,True,False,1.3112445639626606
semi,od_baseline,19,26000012,26,3201.7857066080514,3605.9451522636036,400.5413596855101,1.009032989683969,True,False,1.009032989683969
semi,od_baseline,19,26000013,26,3605.9451522636036,4521.882526694312,915.9373744307104,1.0,True,True,0.999999999999998
semi,od_baseline,19,27000006,27,2404.6423265202848,2519.5951474972844,114.952820977,1.0,True,False,0.9999999999999969
semi,od_baseline,19,27000007,27,2519.5951474972844,3650.2814537328177,1130.6863062355314,1.0,True,False,1.0000000000000016
semi,od_baseline,19,27000008,27,3650.2814537328177,4108.831635447083,458.55018171426593,1.0,True,True,0.9999999999999978
semi,od_baseline,19,28000005,28,2111.927875874626,2193.8956175321064,48.19209238871334,1.7008545924160254,False,False,1.7008545924160254
semi,od_baseline,19,28000006,28,2193.8956175321064,2439.6352793707065,243.80186035081854,1.007948263745786,True,False,1.007948263745786
semi,od_baseline,19,28000007,28,2439.6352793707065,2466.365497301597,26.717256165257165,1.0004851458380695,True,False,1.0004851458380695
semi,od_baseline,19,28000008,28,2466.365497301597,2524.423349934236,58.057852632638046,1.0,True,False,1.000000000000016
semi,od_baseline,19,28000009,28,2524.423349934236,2651.158154262955,72.35128428205302,1.7516593601111279,False,False,1.7516593601111279
semi,od_baseline,19,28000010,28,2651.158154262955,2852.010297600363,200.85214333740902,1.0,True,False,0.9999999999999952
semi,od_baseline,19,28000011,28,2852.010297600363,3338.4511243843785,486.44082678401566,1.0,True,False,0.9999999999999994
semi,od_baseline,19,28000012,28,3338.4511243843785,3711.1019938589757,372.6508694745985,1.0,True,False,0.9999999999999963
semi,od_baseline,19,28000013,28,3711.1019938589757,3743.1879588330207,32.085964974046185,1.0,True,False,0.9999999999999648
semi,od_baseline,19,28000014,28,3743.1879588330207,4876.177770595596,1130.6863062355314,1.00203726313332,True,True,1.00203726313332
semi,od_baseline,19,29000007,29,2048.4423420335293,2964.3797164642383,915.9373744307104,1.0,True,False,0.9999999999999986
semi,od_baseline,19,29000008,29,2964.3797164642383,3422.929898178503,458.55018171426593,1.0,True,False,0.9999999999999978
semi,od_baseline,19,29000009,29,3422.929898178503,3455.0158631525483,32.085964974046185,1.0,True,False,0.9999999999999648
semi,od_baseline,19,29000010,29,3455.0158631525483,3855.557222838059,400.5413596855101,1.0,True,False,1.000000000000001
semi,od_baseline,19,29000011,29,3855.557222838059,4228.208092312657,372.6508694745985,1.0,True,True,0.9999999999999988
semi,od_baseline,19,30000005,30,3123.736237041323,3238.6890580183226,114.952820977,1.0,True,False,0.9999999999999969
semi,od_baseline,19,30000006,30,3238.6890580183226,3611.3399274929197,372.6508694745985,1.0,True,False,0.9999999999999963
semi,od_baseline,19,30000007,30,3611.3399274929197,4355.478529111753,744.1386016188327,1.0,True,True,1.000000000000001
semi,od_baseline,19,31000006,31,2439.942552535931,2455.9223901037203,15.979837567787547,1.0,True,False,1.0000000000001046
semi,od_baseline,19,31000007,31,2455.9223901037203,3028.828454167431,565.9243027292647,1.012336917324058,True,False,1.012336917324058
semi,od_baseline,19,31000008,31,3028.828454167431,3086.88630680007,58.057852632638046,1.0,True,False,1.000000000000016
semi,od_baseline,19,31000009,31,3086.88630680007,3168.9521902432907,72.35128428205302,1.1342698924776011,True,False,1.1342698924776011
semi,od_baseline,19,31000010,31,3168.9521902432907,3283.9050112202904,114.952820977,1.0,True,False,0.9999999999999969
semi,od_baseline,19,31000011,31,3283.9050112202904,4028.043612839124,744.1386016188327,1.0,True,True,1.000000000000001
semi,od_baseline,43,2,0,2111.4997792990544,2242.1981240384125,72.35128428205302,1.806441254447481,False,False,1.806441254447481
semi,od_baseline,43,3,0,2242.1981240384125,2833.7556402558585,565.9243027292647,1.0452944207636266,True,False,1.0452944207636266
semi,od_baseline,43,4,0,2833.7556402558585,3577.894241874692,744.1386016188327,1.0,True,False,1.000000000000001
semi,od_baseline,43,5,0,3577.894241874692,3778.7463852121,200.85214333740902,1.0,True,False,0.9999999999999952
semi,od_baseline,43,6,0,3778.7463852121,4022.548245562917,243.80186035081854,1.0,True,True,0.9999999999999943
semi,od_baseline,43,1000003,1,2017.9756763107441,2261.7775366615615,243.80186035081854,1.0,True,False,0.9999999999999952
semi,od_baseline,43,1000004,1,2261.7775366615615,2319.8353892942005,58.057852632638046,1.0,True,False,1.000000000000016
semi,od_baseline,43,1000005,1,2319.8353892942005,2383.7624491639745,32.085964974046185,1.992368311861075,False,False,1.992368311861075
semi,od_baseline,43,1000006,1,2383.7624491639745,2612.505185131022,228.74273596704626,1.0,True,False,1.0000000000000047
semi,od_baseline,43,1000007,1,2612.505185131022,3743.191491366555,1130.6863062355314,1.0,True,False,1.0000000000000016
semi,od_baseline,43,1000008,1,3743.191491366555,3807.614525750553,58.92951067026337,1.093221946886229,True,False,1.093221946886229
semi,od_baseline,43,1000009,1,3807.614525750553,4723.551900181262,915.9373744307104,1.0,True,True,0.999999999999998
semi,od_baseline,43,2000009,2,2143.4082883249657,2629.849115108981,486.44082678401566,1.0,True,False,0.9999999999999994
semi,od_baseline,43,2000010,2,2629.849115108981,3545.7864895396897,915.9373744307104,1.0,True,False,0.999999999999998
semi,od_baseline,43,2000011,2,3545.7864895396897,3775.643028947893,229.85653940820262,1.0,True,False,1.0000000000000033
semi,od_baseline,43,2000012,2,3775.643028947893,4519.781630566727,744.1386016188327,1.0,True,True,1.000000000000001
semi,od_baseline,43,3000004,3,2937.2831873661735,3423.724014150189,486.44082678401566,1.0,True,False,0.9999999999999994
semi,od_baseline,43,3000005,3,3423.724014150189,4339.661388580897,915.9373744307104,1.0,True,True,0.999999999999998
semi,od_baseline,43,4000003,4,2135.7656898651762,2250.718510842176,114.952820977,1.0,True,False,0.9999999999999969
semi,od_baseline,43,4000004,4,2250.718510842176,2437.6253887330527,186.90687789087698,1.0,True,False,0.9999999999999989
semi,od_baseline,43,4000005,4,2437.6253887330527,3181.763990351886,744.1386016188327,1.0,True,False,1.000000000000001
semi,od_baseline,43,4000006,4,3181.763990351886,3925.9025919707196,744.1386016188327,1.0,True,False,1.000000000000001
semi,od_baseline,43,4000007,4,3925.9025919707196,3941.882429538509,15.979837567787547,1.0,True,False,1.0000000000001046
semi,od_baseline,43,4000008,4,3941.882429538509,3999.940282171148,58.057852632638046,1.0,True,False,1.000000000000016
semi,od_baseline,43,4000009,4,3999.940282171148,4122.422651331693,122.48236916054397,1.0,True,True,1.0000000000000064
semi,od_baseline,43,5000006,5,2181.4907563578404,2248.8722650331147,32.085964974046185,2.100030612443107,False,False,2.100030612443107
semi,od_baseline,43,5000007,5,2248.8722650331147,2651.411790229682,400.5413596855101,1.0049886621262438,True,False,1.0049886621262438
semi,od_baseline,43,5000008,5,2651.411790229682,2709.469642862321,58.057852632638046,1.0,True,False,1.000000000000016
semi,od_baseline,43,5000009,5,2709.469642862321,2938.2123788293684,228.74273596704626,1.0,True,False,1.0000000000000047
semi,od_baseline,43,5000010,5,2938.2123788293684,3338.753738514879,400.5413596855101,1.0,True,False,1.000000000000001
semi,od_baseline,43,5000011,5,3338.753738514879,4254.6911129455875,915.9373744307104,1.0,True,True,0.999999999999998
semi,od_baseline,43,6000006,6,2082.1080597155074,2204.5904288760526,122.48236916054397,1.0,True,False,1.00000000000001
semi,od_baseline,43,6000007,6,2204.5904288760526,3127.4729355901145,915.9373744307104,1.0075825405505132,True,False,1.0075825405505132
semi,od_baseline,43,6000008,6,3127.4729355901145,3528.014295275625,400.5413596855101,1.0,True,False,1.000000000000001
semi,od_baseline,43,6000009,6,3528.014295275625,3600.5300936306235,72.35128428205302,1.0022738238108404,True,False,1.0022738238108404
semi,od_baseline,43,6000010,6,3600.5300936306235,4166.454396359888,565.9243027292647,1.0,True,True,0.9999999999999998
semi,od_baseline,43,7000005,7,2578.541757863507,3144.466060592772,565.9243027292647,1.0,True,False,1.0000000000000007
semi,od_baseline,43,7000006,7,3144.466060592772,3388.267920943589,243.80186035081854,1.0,True,False,0.9999999999999943
semi,od_baseline,43,7000007,7,3388.267920943589,3589.120064280997,200.85214333740902,1.0,True,False,0.9999999999999952
semi,od_baseline,43,7000008,7,3589.120064280997,3961.7709337555943,372.6508694745985,1.0,True,False,0.9999999999999963
semi,od_baseline,43,7000009,7,3961.7709337555943,4018.2326955645785,48.19209238871334,1.1715980570747664,True,True,1.1715980570747664
semi,od_baseline,43,8000007,8,2464.7992609516423,2565.806787035037,101.00752608339441,1.0,True,False,1.0000000000000022
semi,od_baseline,43,8000008,8,2565.806787035037,2680.7596080120366,114.952820977,1.0,True,False,0.9999999999999969
semi,od_baseline,43,8000009,8,2680.7596080120366,2909.502343979084,228.74273596704626,1.0,True,False,1.0000000000000047
semi,od_baseline,43,8000010,8,2909.502343979084,3653.6409455979174,744.1386016188327,1.0,True,False,1.000000000000001
semi,od_baseline,43,8000011,8,3653.6409455979174,4140.081772381933,486.44082678401566,1.0,True,True,0.9999999999999994
semi,od_baseline,43,9000010,9,2042.3637935188642,2786.5023951376975,744.1386016188327,1.0,True,False,1.0000000000000007
semi,od_baseline,43,9000011,9,2786.5023951376975,3015.245131104745,228.74273596704626,1.0,True,False,1.0000000000000047
semi,od_baseline,43,9000012,9,3015.245131104745,3116.2526571881394,101.00752608339441,1.0,True,False,1.0000000000000022
semi,od_baseline,43,9000013,9,3116.2526571881394,3344.995393155187,228.74273596704626,1.0,True,False,1.0000000000000047
semi,od_baseline,43,9000014,9,3344.995393155187,3405.1103772765155,58.92951067026337,1.0201168045955542,True,False,1.0201168045955542
semi,od_baseline,43,9000015,9,3405.1103772765155,4321.41080247305,915.9373744307104,1.0003963707300951,True,True,1.0003963707300951
semi,od_baseline,43,10000005,10,2562.5811513444983,3478.5185257752073,915.9373744307104,1.0,True,False,0.9999999999999986
semi,od_baseline,43,10000006,10,3478.5185257752073,3851.1693952498044,372.6508694745985,1.0,True,False,0.9999999999999963
semi,od_baseline,43,10000007,10,3851.1693952498044,4767.106769680513,915.9373744307104,1.0,True,True,0.999999999999998
semi,od_baseline,43,11000006,11,2107.7843473785397,2281.4280892483735,72.35128428205302,2.4000091165334947,False,False,2.4000091165334947
semi,od_baseline,43,11000007,11,2281.4280892483735,2510.170825215421,228.74273596704626,1.0,True,False,1.0000000000000047
semi,od_baseline,43,11000008,11,2510.170825215421,3426.10819964613,915.9373744307104,1.0,True,False,0.9999999999999986
semi,od_baseline,43,11000009,11,3426.10819964613,3527.1157257295245,101.00752608339441,1.0,True,False,1.0000000000000022
semi,od_baseline,43,11000010,11,3527.1157257295245,3770.9175860803416,243.80186035081854,1.0,True,False,0.9999999999999943
semi,od_baseline,43,11000011,11,3770.9175860803416,4229.4677677946065,458.55018171426593,1.0,True,True,0.9999999999999978
semi,od_baseline,43,12000008,12,2354.6819909419573,2727.3328604165545,372.6508694745985,1.0,True,False,0.9999999999999963
semi,od_baseline,43,12000009,12,2727.3328604165545,2754.050116581813,26.717256165257165,1.0,True,False,1.0000000000000586
semi,od_baseline,43,12000010,12,2754.050116581813,3043.690407393696,283.5436075005082,1.021501748408713,True,False,1.021501748408713
semi,od_baseline,43,12000011,12,3043.690407393696,3502.240589107961,458.55018171426593,1.0,True,False,0.9999999999999978
semi,od_baseline,43,12000012,12,3502.240589107961,4246.379190726794,744.1386016188327,1.0,True,True,1.0000000000000004
semi,od_baseline,43,13000005,13,2681.8621554810015,3247.7864582102666,565.9243027292647,1.0,True,False,1.0000000000000007
semi,od_baseline,43,13000006,13,3247.7864582102666,4378.4727644458,1130.6863062355314,1.0,True,True,1.0000000000000016
semi,od_baseline,43,14000002,14,2326.7690358109066,2449.251404971452,122.48236916054397,1.0,True,False,1.00000000000001
semi,od_baseline,43,14000003,14,2449.251404971452,3365.1887794021604,915.9373744307104,1.0,True,False,0.999999999999998
semi,od_baseline,43,14000004,14,3365.1887794021604,3851.629606186176,486.44082678401566,1.0,True,False,0.9999999999999994
semi,od_baseline,43,14000005,14,3851.629606186176,4081.486145594379,229.85653940820262,1.0,True,True,1.0000000000000033
semi,od_baseline,43,15000005,15,2026.1056402678637,2254.848376234911,228.74273596704626,1.0,True,False,1.0000000000000047
semi,od_baseline,43,15000006,15,2254.848376234911,3170.78575066562,915.9373744307104,1.0,True,False,0.9999999999999986
semi,od_baseline,43,15000007,15,3170.78575066562,3571.3271103511306,400.5413596855101,1.0,True,False,1.000000000000001
semi,od_baseline,43,15000008,15,3571.3271103511306,4315.465711969964,744.1386016188327,1.0,True,True,1.000000000000001
semi,od_baseline,43,16000008,16,2543.174572644791,2943.7159323303017,400.5413596855101,1.0,True,False,1.000000000000001
semi,od_baseline,43,16000009,16,2943.7159323303017,3687.854533949135,744.1386016188327,1.0,True,False,1.000000000000001
semi,od_baseline,43,16000010,16,3687.854533949135,4603.791908379844,915.9373744307104,1.0,True,True,0.9999999999999986
semi,od_baseline,43,17000008,17,2242.291750346386,2361.4964928740105,48.19209238871334,2.473533242054095,False,False,2.473533242054095
semi,od_baseline,43,17000009,17,2361.4964928740105,2419.5543455066495,58.057852632638046,1.0,True,False,1.000000000000016
semi,od_baseline,43,17000010,17,2419.5543455066495,2905.995172290665,486.44082678401566,1.0,True,False,0.9999999999999994
semi,od_baseline,43,17000011,17,2905.995172290665,3471.91947501993,565.9243027292647,1.0,True,False,1.0000000000000007
semi,od_baseline,43,17000012,17,3471.91947501993,4387.856849450639,915.9373744307104,1.0,True,True,0.9999999999999986
semi,od_baseline,43,18000005,18,2216.947674739481,2703.3885015234964,486.44082678401566,1.0,True,False,0.9999999999999994
semi,od_baseline,43,18000006,18,2703.3885015234964,2947.1903618743136,243.80186035081854,1.0,True,False,0.9999999999999943
semi,od_baseline,43,18000007,18,2947.1903618743136,3019.5416461563664,72.35128428205302,1.0,True,False,0.999999999999997
semi,od_baseline,43,18000008,18,3019.5416461563664,3142.0240153169116,122.48236916054397,1.0,True,False,1.00000000000001
semi,od_baseline,43,18000009,18,3142.0240153169116,3886.162616935745,744.1386016188327,1.0,True,False,1.000000000000001
semi,od_baseline,43,18000010,18,3886.162616935745,3987.1701430191397,101.00752608339441,1.0,True,False,1.0000000000000022
semi,od_baseline,43,18000011,18,3987.1701430191397,4731.308744637973,744.1386016188327,1.0,True,True,1.000000000000001
semi,od_baseline,43,19000007,19,2402.8851723777498,2889.325999161765,486.44082678401566,1.0,True,False,0.9999999999999994
semi,od_baseline,43,19000008,19,2889.325999161765,3805.2633735924737,915.9373744307104,1.0,True,False,0.999999999999998
semi,od_baseline,43,19000009,19,3805.2633735924737,4049.065233943291,243.80186035081854,1.0,True,True,0.9999999999999943
semi,od_baseline,43,20000005,20,2564.9860780820527,3309.124679700886,744.1386016188327,1.0,True,False,1.000000000000001
semi,od_baseline,43,20000006,20,3309.124679700886,3431.6070488614314,122.48236916054397,1.0,True,False,1.00000000000001
semi,od_baseline,43,20000007,20,3431.6070488614314,4562.293355096965,1130.6863062355314,1.0,True,True,1.0000000000000016
semi,od_baseline,43,21000010,21,2656.2495493276047,2939.7931568281138,283.5436075005082,1.0,True,False,1.000000000000003
semi,od_baseline,43,21000011,21,2939.7931568281138,3398.3433385423787,458.55018171426593,1.0,True,False,0.9999999999999978
semi,od_baseline,43,21000012,21,3398.3433385423787,4529.029644777912,1130.6863062355314,1.0,True,True,1.0000000000000016
semi,od_baseline,43,22000005,22,2180.743139040097,2317.3857892998294,58.92951067026337,2.318747410347734,False,False,2.318747410347734
semi,od_baseline,43,22000006,22,2317.3857892998294,2418.393315383224,101.00752608339441,1.0,True,False,1.0000000000000022
semi,od_baseline,43,22000007,22,2418.393315383224,2474.4347322468557,48.19209238871334,1.1628757766233992,True,False,1.1628757766233992
semi,od_baseline,43,22000008,22,2474.4347322468557,2705.7085542212058,229.85653940820262,1.0061659440701425,True,False,1.0061659440701425
semi,od_baseline,43,22000009,22,2705.7085542212058,2763.7664068538447,58.057852632638046,1.0,True,False,1.000000000000016
semi,od_baseline,43,22000010,22,2763.7664068538447,3511.289004221982,744.1386016188327,1.0045475342119639,True,False,1.0045475342119639
semi,od_baseline,43,22000011,22,3511.289004221982,3911.8303639074925,400.5413596855101,1.0,True,False,1.000000000000001
semi,od_baseline,43,22000012,22,3911.8303639074925,4140.573099874539,228.74273596704626,1.0,True,True,1.0000000000000027
semi,od_baseline,43,23000006,23,3069.0257194912137,3527.5759012054787,458.55018171426593,1.0,True,False,0.9999999999999978
semi,od_baseline,43,23000007,23,3527.5759012054787,4014.016727989494,486.44082678401566,1.0,True,True,0.9999999999999994
semi,od_baseline,43,24000007,24,2159.1904790467524,2322.0183576592044,58.92951067026337,2.7630957182649256,False,False,2.7630957182649256
semi,od_baseline,43,24000008,24,2322.0183576592044,2607.091650349368,283.5436075005082,1.005394885122398,True,False,1.005394885122398
semi,od_baseline,43,24000009,24,2607.091650349368,3007.6330100348787,400.5413596855101,1.0,True,False,1.000000000000001
semi,od_baseline,43,24000010,24,3007.6330100348787,3751.771611653712,744.1386016188327,1.0,True,False,1.000000000000001
semi,od_baseline,43,24000011,24,3751.771611653712,4667.708986084421,915.9373744307104,1.0,True,True,0.999999999999998
semi,od_baseline,43,25000003,25,2019.085884059829,2393.0310222026233,372.6508694745985,1.0034731400734973,True,False,1.0034731400734973
semi,od_baseline,43,25000004,25,2393.0310222026233,2621.7737581696706,228.74273596704626,1.0,True,False,1.0000000000000047
semi,od_baseline,43,25000005,25,2621.7737581696706,3752.4600644052034,1130.6863062355314,1.0,True,False,1.000000000000001
semi,od_baseline,43,25000006,25,3752.4600644052034,4668.397438835912,915.9373744307104,1.0,True,True,0.999999999999998
semi,od_baseline,43,26000005,26,2009.232438968355,2239.0889783765583,229.85653940820262,1.0,True,False,1.0000000000000033
semi,od_baseline,43,26000006,26,2239.0889783765583,2361.5713475371035,122.48236916054397,1.0,True,False,1.00000000000001
semi,od_baseline,43,26000007,26,2361.5713475371035,2382.466832001549,15.979837567787547,1.3076155734252846,True,False,1.3076155734252846
semi,od_baseline,43,26000008,26,2382.466832001549,2611.2095679685963,228.74273596704626,1.0,True,False,1.0000000000000047
semi,od_baseline,43,26000009,26,2611.2095679685963,2894.7531754691054,283.5436075005082,1.0,True,False,1.000000000000003
semi,od_baseline,43,26000010,26,2894.7531754691054,2995.7607015525,101.00752608339441,1.0,True,False,1.0000000000000022
semi,od_baseline,43,26000011,26,2995.7607015525,3739.8993031713335,744.1386016188327,1.0,True,False,1.000000000000001
semi,od_baseline,43,26000012,26,3739.8993031713335,4655.836677602042,915.9373744307104,1.0,True,True,0.999999999999998
semi,od_baseline,43,27000002,27,2112.544624880109,2293.7606240384125,72.35128428205302,2.50466872781213,False,False,2.50466872781213
semi,od_baseline,43,27000003,27,2293.7606240384125,2539.260761353973,243.80186035081854,1.0069658080635573,True,False,1.0069658080635573
semi,od_baseline,43,27000004,27,2539.260761353973,3669.9470675895063,1130.6863062355314,1.0,True,False,1.0000000000000016
semi,od_baseline,43,27000005,27,3669.9470675895063,3898.6898035565537,228.74273596704626,1.0,True,False,1.0000000000000047
semi,od_baseline,43,27000006,27,3898.6898035565537,3930.7757685305987,32.085964974046185,1.0,True,False,0.9999999999999648
semi,od_baseline,43,27000007,27,3930.7757685305987,4674.914370149432,744.1386016188327,1.0,True,True,1.000000000000001
semi,od_baseline,43,28000004,28,2026.6961954516253,3157.382501687158,1130.6863062355314,1.0,True,False,1.000000000000001
semi,od_baseline,43,28000005,28,3157.382501687158,3901.5211033059913,744.1386016188327,1.0,True,False,1.000000000000001
semi,od_baseline,43,28000006,28,3901.5211033059913,4102.373246643399,200.85214333740902,1.0,True,True,0.9999999999999952
semi,od_baseline,43,29000006,29,2473.236766827562,2873.7781265130725,400.5413596855101,1.0,True,False,1.000000000000001
semi,od_baseline,43,29000007,29,2873.7781265130725,3439.7024292423375,565.9243027292647,1.0,True,False,1.0000000000000007
semi,od_baseline,43,29000008,29,3439.7024292423375,3640.5545725797456,200.85214333740902,1.0,True,False,0.9999999999999952
semi,od_baseline,43,29000009,29,3640.5545725797456,3656.534410147535,15.979837567787547,1.0,True,False,1.0000000000001046
semi,od_baseline,43,29000010,29,3656.534410147535,3683.4503562128384,26.717256165257165,1.0074367629227146,True,False,1.0074367629227146
semi,od_baseline,43,29000011,29,3683.4503562128384,3805.9327253733836,122.48236916054397,1.0,True,False,1.00000000000001
semi,od_baseline,43,29000012,29,3805.9327253733836,3868.5687800642654,58.92951067026337,1.0628979263268987,True,False,1.0628979263268987
semi,od_baseline,43,29000013,29,3868.5687800642654,4784.506154494974,915.9373744307104,1.0,True,True,0.999999999999998
semi,od_baseline,43,30000003,30,2404.3763150827153,2476.122083325295,58.92951067026337,1.2174845408784911,True,False,1.2174845408784911
semi,od_baseline,43,30000004,30,2476.122083325295,2704.8648192923424,228.74273596704626,1.0,True,False,1.0000000000000047
semi,od_baseline,43,30000005,30,2704.8648192923424,3163.4150010066073,458.55018171426593,1.0,True,False,0.9999999999999978
semi,od_baseline,43,30000006,30,3163.4150010066073,3393.2715404148107,229.85653940820262,1.0,True,False,1.0000000000000033
semi,od_baseline,43,30000007,30,3393.2715404148107,3441.5184620074647,48.19209238871334,1.001137722004232,True,False,1.001137722004232
semi,od_baseline,43,30000008,30,3441.5184620074647,3468.850492848837,26.717256165257165,1.0230103971872118,True,False,1.0230103971872118
semi,od_baseline,43,30000009,30,3468.850492848837,3697.5932288158842,228.74273596704626,1.0,True,False,1.0000000000000047
semi,od_baseline,43,30000010,30,3697.5932288158842,3981.1368363163933,283.5436075005082,1.0,True,False,1.000000000000003
semi,od_baseline,43,30000011,30,3981.1368363163933,4897.074210747102,915.9373744307104,1.0,True,True,0.9999999999999986
semi,od_baseline,43,31000005,31,2454.7764653276286,2855.317825013139,400.5413596855101,1.0,True,False,1.000000000000001
semi,od_baseline,43,31000006,31,2855.317825013139,3599.4564266319726,744.1386016188327,1.0,True,False,1.000000000000001
semi,od_baseline,43,31000007,31,3599.4564266319726,4058.0066083462375,458.55018171426593,1.0,True,True,0.9999999999999978
near35,od_baseline,7,5,0,2871.814864531705,3115.6167248825222,243.80186035081854,1.0,True,False,0.9999999999999943
near35,od_baseline,7,6,0,3115.6167248825222,3316.4688682199303,200.85214333740902,1.0,True,False,0.9999999999999952
near35,od_baseline,7,7,0,3316.4688682199303,3438.9512373804755,122.48236916054397,1.0,True,False,1.00000000000001
near35,od_baseline,7,8,0,3438.9512373804755,3639.8033807178836,200.85214333740902,1.0,True,False,0.9999999999999952
near35,od_baseline,7,9,0,3639.8033807178836,3840.2376905143133,72.35128428205302,2.7702937381879775,False,False,2.7702937381879775
near35,od_baseline,7,10,0,3840.2376905143133,4406.798539959296,565.9243027292647,1.0011247912709322,True,True,1.0011247912709322
near35,od_baseline,7,1000006,1,2196.138353211647,2311.0911741886466,114.952820977,1.0,True,False,0.9999999999999969
near35,od_baseline,7,1000007,1,2311.0911741886466,3055.22977580748,744.1386016188327,1.0,True,False,1.000000000000001
near35,od_baseline,7,1000008,1,3055.22977580748,4185.916082043013,1130.6863062355314,1.0,True,True,1.0000000000000016
near35,od_baseline,7,2000007,2,2904.1790119290035,3132.921747896051,228.74273596704626,1.0,True,False,1.0000000000000047
near35,od_baseline,7,2000008,2,3132.921747896051,3150.8728208579896,15.979837567787547,1.1233576615399923,True,False,1.1233576615399923
near35,od_baseline,7,2000009,2,3150.8728208579896,3352.0296665648975,200.85214333740902,1.0015170481351898,True,False,1.0015170481351898
near35,od_baseline,7,2000010,2,3352.0296665648975,3810.5798482791624,458.55018171426593,1.0,True,False,0.9999999999999978
near35,od_baseline,7,2000011,2,3810.5798482791624,4297.02067506318,486.44082678401566,1.0,True,True,1.000000000000003
near35,od_baseline,7,3000006,3,2149.798765544513,2264.7515865215128,114.952820977,1.0,True,False,0.9999999999999969
near35,od_baseline,7,3000007,3,2264.7515865215128,2379.7044074985124,114.952820977,1.0,True,False,0.9999999999999969
near35,od_baseline,7,3000008,3,2379.7044074985124,2623.5062678493296,243.80186035081854,1.0,True,False,0.9999999999999943
near35,od_baseline,7,3000009,3,2623.5062678493296,2996.1571373239267,372.6508694745985,1.0,True,False,0.9999999999999963
near35,od_baseline,7,3000010,3,2996.1571373239267,3197.0092806613347,200.85214333740902,1.0,True,False,0.9999999999999952
near35,od_baseline,7,3000011,3,3197.0092806613347,3655.5594623755997,458.55018171426593,1.0,True,False,0.9999999999999978
near35,od_baseline,7,3000012,3,3655.5594623755997,4399.698063994433,744.1386016188327,1.0,True,True,1.000000000000001
near35,od_baseline,7,4000006,4,2066.0465909309387,2631.9708936602037,565.9243027292647,1.0,True,False,1.0000000000000007
near35,od_baseline,7,4000007,4,2631.9708936602037,2875.772754011021,243.80186035081854,1.0,True,False,0.9999999999999943
near35,od_baseline,7,4000008,4,2875.772754011021,3362.2135807950363,486.44082678401566,1.0,True,False,0.9999999999999994
near35,od_baseline,7,4000009,4,3362.2135807950363,3563.0657241324443,200.85214333740902,1.0,True,False,0.9999999999999952
near35,od_baseline,7,4000010,4,3563.0657241324443,3806.8675844832615,243.80186035081854,1.0,True,False,0.9999999999999943
near35,od_baseline,7,4000011,4,3806.8675844832615,4265.417766197526,458.55018171426593,1.0,True,True,0.9999999999999978
near35,od_baseline,7,5000005,5,2006.676483271508,2235.419219238555,228.74273596704626,1.0,True,False,1.0000000000000027
near35,od_baseline,7,5000006,5,2235.419219238555,2308.9726316673646,72.35128428205302,1.0166151597540454,True,False,1.0166151597540454
near35,od_baseline,7,5000007,5,2308.9726316673646,2409.980157750759,101.00752608339441,1.0,True,False,1.0000000000000022
near35,od_baseline,7,5000008,5,2409.980157750759,2782.6310272253563,372.6508694745985,1.0,True,False,0.9999999999999963
near35,od_baseline,7,5000009,5,2782.6310272253563,3155.2818966999534,372.6508694745985,1.0,True,False,0.9999999999999963
near35,od_baseline,7,5000010,5,3155.2818966999534,3218.017167845531,58.92951067026337,1.0645815726624461,True,False,1.0645815726624461
near35,od_baseline,7,5000011,5,3218.017167845531,3678.6658349935906,458.55018171426593,1.0045763484946157,True,False,1.0045763484946157
near35,od_baseline,7,5000012,5,3678.6658349935906,4244.590137722855,565.9243027292647,1.0,True,True,0.999999999999999
near35,od_baseline,7,6000005,6,2249.7115182971233,2650.252877982634,400.5413596855101,1.0,True,False,1.000000000000001
near35,od_baseline,7,6000006,6,2650.252877982634,2765.2056989596335,114.952820977,1.0,True,False,0.9999999999999969
near35,od_baseline,7,6000007,6,2765.2056989596335,3895.8920051951663,1130.6863062355314,1.0,True,False,1.000000000000001
near35,od_baseline,7,6000008,6,3895.8920051951663,4354.442186909431,458.55018171426593,1.0,True,True,0.9999999999999978
near35,od_baseline,7,7000004,7,2040.760524001146,2284.5623843519634,243.80186035081854,1.0,True,False,0.9999999999999952
near35,od_baseline,7,7000005,7,2284.5623843519634,2685.103744037474,400.5413596855101,1.0,True,False,1.000000000000001
near35,od_baseline,7,7000006,7,2685.103744037474,3057.754613512071,372.6508694745985,1.0,True,False,0.9999999999999963
near35,od_baseline,7,7000007,7,3057.754613512071,3516.304795226336,458.55018171426593,1.0,True,False,0.9999999999999978
near35,od_baseline,7,7000008,7,3516.304795226336,3745.0475311933833,228.74273596704626,1.0,True,False,1.0000000000000047
near35,od_baseline,7,7000009,7,3745.0475311933833,4660.984905624092,915.9373744307104,1.0,True,True,0.999999999999998
near35,od_baseline,7,8000006,8,2466.3297488537473,3210.468350472581,744.1386016188327,1.0,True,False,1.000000000000001
near35,od_baseline,7,8000007,8,3210.468350472581,3254.506487533787,26.717256165257165,1.648303133705511,False,False,1.648303133705511
near35,od_baseline,7,8000008,8,3254.506487533787,3290.33908546109,32.085964974046185,1.1167685920085961,True,False,1.1167685920085961
near35,od_baseline,7,8000009,8,3290.33908546109,3857.5742215480914,565.9243027292647,1.002316269775684,True,False,1.002316269775684
near35,od_baseline,7,8000010,8,3857.5742215480914,4423.498524277355,565.9243027292647,1.0,True,True,0.9999999999999973
near35,od_baseline,7,9000007,9,2193.922788890779,2252.852299561042,58.92951067026337,1.0,True,False,0.9999999999999932
near35,od_baseline,7,9000008,9,2252.852299561042,2653.3936592465525,400.5413596855101,1.0,True,False,1.000000000000001
near35,od_baseline,7,9000009,9,2653.3936592465525,3569.331033677261,915.9373744307104,1.0,True,False,0.999999999999998
near35,od_baseline,7,9000010,9,3569.331033677261,3813.132894028078,243.80186035081854,1.0,True,False,0.9999999999999943
near35,od_baseline,7,9000011,9,3813.132894028078,3836.1327727365538,15.979837567787547,1.4393061638398077,True,False,1.4393061638398077
near35,od_baseline,7,9000012,9,3836.1327727365538,4064.875508703601,228.74273596704626,1.0,True,True,1.0000000000000047
near35,od_baseline,7,10000005,10,2462.0490954625066,2535.592388291251,72.35128428205302,1.0164752921599107,True,False,1.0164752921599107
near35,od_baseline,7,10000006,10,2535.592388291251,3101.516691020516,565.9243027292647,1.0,True,False,1.0000000000000007
near35,od_baseline,7,10000007,10,3101.516691020516,3160.732331453891,48.19209238871334,1.2287418432830572,True,False,1.2287418432830572
near35,od_baseline,7,10000008,10,3160.732331453891,3904.8709330727247,744.1386016188327,1.0,True,False,1.000000000000001
near35,od_baseline,7,10000009,10,3904.8709330727247,4133.613669039772,228.74273596704626,1.0,True,True,1.0000000000000027
near35,od_baseline,7,11000010,11,2367.902190119934,2611.704050470751,243.80186035081854,1.0,True,False,0.9999999999999943
near35,od_baseline,7,11000011,11,2611.704050470751,3527.6414249014597,915.9373744307104,1.0,True,False,0.999999999999998
near35,od_baseline,7,11000012,11,3527.6414249014597,3642.5942458784593,114.952820977,1.0,True,False,0.9999999999999969
near35,od_baseline,7,11000013,11,3642.5942458784593,4386.732847497293,744.1386016188327,1.0,True,True,1.000000000000001
near35,od_baseline,7,12000006,12,2042.7631024989662,2101.6926131692294,58.92951067026337,1.0,True,False,0.9999999999999971
near35,od_baseline,7,12000007,12,2101.6926131692294,2216.645434146229,114.952820977,1.0,True,False,0.9999999999999969
near35,od_baseline,7,12000008,12,2216.645434146229,2460.447294497046,243.80186035081854,1.0,True,False,0.9999999999999943
near35,od_baseline,7,12000009,12,2460.447294497046,3026.371597226311,565.9243027292647,1.0,True,False,1.0000000000000007
near35,od_baseline,7,12000010,12,3026.371597226311,3484.921778940576,458.55018171426593,1.0,True,False,0.9999999999999978
near35,od_baseline,7,12000011,12,3484.921778940576,3713.6645149076235,228.74273596704626,1.0,True,False,1.0000000000000047
near35,od_baseline,7,12000012,12,3713.6645149076235,4086.3153843822206,372.6508694745985,1.0,True,True,0.9999999999999963
near35,od_baseline,7,13000003,13,2103.767039714716,2669.691342443981,565.9243027292647,1.0,True,False,1.0000000000000007
near35,od_baseline,7,13000004,13,2669.691342443981,3413.8299440628143,744.1386016188327,1.0,True,False,1.000000000000001
near35,od_baseline,7,13000005,13,3413.8299440628143,3657.6318044136315,243.80186035081854,1.0,True,False,0.9999999999999943
near35,od_baseline,7,13000006,13,3657.6318044136315,4030.2826738882286,372.6508694745985,1.0,True,True,0.9999999999999963
near35,od_baseline,7,14000008,14,2311.0915364564808,3441.777842692014,1130.6863062355314,1.0,True,False,1.0000000000000016
near35,od_baseline,7,14000009,14,3441.777842692014,3900.328024406279,458.55018171426593,1.0,True,False,0.9999999999999978
near35,od_baseline,7,14000010,14,3900.328024406279,4272.978893880878,372.6508694745985,1.0,True,True,1.000000000000001
near35,od_baseline,7,15000006,15,2485.7318372516756,2543.7896898843146,58.057852632638046,1.0,True,False,1.000000000000016
near35,od_baseline,7,15000007,15,2543.7896898843146,3459.727064315023,915.9373744307104,1.0,True,False,0.999999999999998
near35,od_baseline,7,15000008,15,3459.727064315023,3660.5792076524313,200.85214333740902,1.0,True,False,0.9999999999999952
near35,od_baseline,7,15000009,15,3660.5792076524313,4795.669911654043,1130.6863062355314,1.0038953313061199,True,True,1.0038953313061199
near35,od_baseline,7,16000011,16,3128.9788141403033,3694.9031168695683,565.9243027292647,1.0,True,False,1.0000000000000007
near35,od_baseline,7,16000012,16,3694.9031168695683,3895.7552602069763,200.85214333740902,1.0,True,False,0.9999999999999952
near35,od_baseline,7,16000013,16,3895.7552602069763,4125.61179961518,229.85653940820262,1.0,True,True,1.0000000000000033
near35,od_baseline,7,17000007,17,2203.9211462490152,2447.7230065998324,243.80186035081854,1.0,True,False,0.9999999999999943
near35,od_baseline,7,17000008,17,2447.7230065998324,3013.6473093290974,565.9243027292647,1.0,True,False,1.0000000000000007
near35,od_baseline,7,17000009,17,3013.6473093290974,3579.5716120583625,565.9243027292647,1.0,True,False,1.0000000000000007
near35,od_baseline,7,17000010,17,3579.5716120583625,3694.524433035362,114.952820977,1.0,True,False,0.9999999999999969
near35,od_baseline,7,17000011,17,3694.524433035362,4095.0657927208727,400.5413596855101,1.0,True,True,1.000000000000001
near35,od_baseline,7,18000009,18,2080.274377882514,2324.076238233331,243.80186035081854,1.0,True,False,0.9999999999999943
near35,od_baseline,7,18000010,18,2324.076238233331,3068.2148398521645,744.1386016188327,1.0,True,False,1.000000000000001
near35,od_baseline,7,18000011,18,3068.2148398521645,3440.8657093267616,372.6508694745985,1.0,True,False,0.9999999999999963
near35,od_baseline,7,18000012,18,3440.8657093267616,3641.7178526641696,200.85214333740902,1.0,True,False,0.9999999999999952
near35,od_baseline,7,18000013,18,3641.7178526641696,4385.856454283003,744.1386016188327,1.0,True,True,1.0000000000000004
near35,od_baseline,7,19000008,19,2128.236634827196,2872.3752364460297,744.1386016188327,1.0,True,False,1.000000000000001
near35,od_baseline,7,19000009,19,2872.3752364460297,3438.2995391752947,565.9243027292647,1.0,True,False,1.0000000000000007
near35,od_baseline,7,19000010,19,3438.2995391752947,3924.74036595931,486.44082678401566,1.0,True,False,0.9999999999999994
near35,od_baseline,7,19000011,19,3924.74036595931,4383.290547673575,458.55018171426593,1.0,True,True,0.9999999999999978
near35,od_baseline,7,20000007,20,2002.7789798751455,2461.3291615894104,458.55018171426593,1.0,True,False,0.9999999999999978
near35,od_baseline,7,20000008,20,2461.3291615894104,2705.1310219402276,243.80186035081854,1.0,True,False,0.9999999999999943
near35,od_baseline,7,20000009,20,2705.1310219402276,2933.873757907275,228.74273596704626,1.0,True,False,1.0000000000000047
near35,od_baseline,7,20000010,20,2933.873757907275,3048.8265788842746,114.952820977,1.0,True,False,0.9999999999999969
near35,od_baseline,7,20000011,20,3048.8265788842746,3163.779399861274,114.952820977,1.0,True,False,0.9999999999999969
near35,od_baseline,7,20000012,20,3163.779399861274,3221.837252493913,58.057852632638046,1.0,True,False,1.000000000000016
near35,od_baseline,7,20000013,20,3221.837252493913,3272.2307987911354,32.085964974046185,1.5705791095260722,False,False,1.5705791095260722
near35,od_baseline,7,20000014,20,3272.2307987911354,3473.0829421285434,200.85214333740902,1.0,True,False,0.9999999999999952
near35,od_baseline,7,20000015,20,3473.0829421285434,3716.8848024793606,243.80186035081854,1.0,True,False,0.9999999999999943
near35,od_baseline,7,20000016,20,3716.8848024793606,4089.5356719539577,372.6508694745985,1.0,True,True,0.9999999999999963
near35,od_baseline,7,21000006,21,2318.804269864536,2433.7570908415355,114.952820977,1.0,True,False,0.9999999999999969
near35,od_baseline,7,21000007,21,2433.7570908415355,2491.4871939450713,48.19209238871334,1.197916509577748,True,False,1.197916509577748
near35,od_baseline,7,21000008,21,2491.4871939450713,2692.3393372824794,200.85214333740902,1.0,True,False,0.9999999999999952
near35,od_baseline,7,21000009,21,2692.3393372824794,3258.2636400117444,565.9243027292647,1.0,True,False,1.0000000000000007
near35,od_baseline,7,21000010,21,3258.2636400117444,3316.3214926443834,58.057852632638046,1.0,True,False,1.000000000000016
near35,od_baseline,7,21000011,21,3316.3214926443834,4234.754506129948,915.9373744307104,1.0027246830673389,True,True,1.0027246830673389
near35,od_baseline,7,22000006,22,2139.1712703834237,2539.7126300689342,400.5413596855101,1.0,True,False,1.000000000000001
near35,od_baseline,7,22000007,22,2539.7126300689342,2783.5144904197514,243.80186035081854,1.0,True,False,0.9999999999999943
near35,od_baseline,7,22000008,22,2783.5144904197514,3269.9553172037668,486.44082678401566,1.0,True,False,0.9999999999999994
near35,od_baseline,7,22000009,22,3269.9553172037668,3642.606186678364,372.6508694745985,1.0,True,False,0.9999999999999963
near35,od_baseline,7,22000010,22,3642.606186678364,4101.156368392629,458.55018171426593,1.0,True,True,0.9999999999999978
near35,od_baseline,7,23000008,23,2149.0408395968634,3279.7271458323967,1130.6863062355314,1.0,True,False,1.0000000000000016
near35,od_baseline,7,23000009,23,3279.7271458323967,3394.6799668093963,114.952820977,1.0,True,False,0.9999999999999969
near35,od_baseline,7,23000010,23,3394.6799668093963,3624.5365062175997,229.85653940820262,1.0,True,False,1.0000000000000033
near35,od_baseline,7,23000011,23,3624.5365062175997,4368.675107836433,744.1386016188327,1.0,True,True,1.000000000000001
near35,od_baseline,7,24000004,24,2373.951088375117,2746.601957849714,372.6508694745985,1.0,True,False,0.9999999999999963
near35,od_baseline,7,24000005,24,2746.601957849714,3662.539332280423,915.9373744307104,1.0,True,False,0.9999999999999986
near35,od_baseline,7,24000006,24,3662.539332280423,3796.3303403557707,48.19209238871334,2.776202514640799,False,False,2.776202514640799
near35,od_baseline,7,24000007,24,3796.3303403557707,4046.222523264444,243.80186035081854,1.0249806238110377,True,True,1.0249806238110377
near35,od_baseline,7,25000005,25,2443.093131235486,2843.6344909209965,400.5413596855101,1.0,True,False,1.000000000000001
near35,od_baseline,7,25000006,25,2843.6344909209965,3759.571865351705,915.9373744307104,1.0,True,False,0.999999999999998
near35,od_baseline,7,25000007,25,3759.571865351705,4003.3737257025223,243.80186035081854,1.0,True,True,0.9999999999999943
near35,od_baseline,7,26000005,26,2026.355034982322,2084.4128876149603,58.057852632638046,1.0,True,False,1.0000000000000042
near35,od_baseline,7,26000006,26,2084.4128876149603,2484.954247300471,400.5413596855101,1.0,True,False,1.000000000000001
near35,od_baseline,7,26000007,26,2484.954247300471,2857.605116775068,372.6508694745985,1.0,True,False,0.9999999999999963
near35,od_baseline,7,26000008,26,2857.605116775068,3087.4616561832713,229.85653940820262,1.0,True,False,1.0000000000000033
near35,od_baseline,7,26000009,26,3087.4616561832713,3371.0052636837804,283.5436075005082,1.0,True,False,1.000000000000003
near35,od_baseline,7,26000010,26,3371.0052636837804,3571.8574070211885,200.85214333740902,1.0,True,False,0.9999999999999952
near35,od_baseline,7,26000011,26,3571.8574070211885,3686.810227998188,114.952820977,1.0,True,False,0.9999999999999969
near35,od_baseline,7,26000012,26,3686.810227998188,3809.2925971587333,122.48236916054397,1.0,True,False,1.00000000000001
near35,od_baseline,7,26000013,26,3809.2925971587333,3924.245418135733,114.952820977,1.0,True,False,0.9999999999999969
near35,od_baseline,7,26000014,26,3924.245418135733,3956.5304580352035,26.717256165257165,1.208396539666139,True,False,1.208396539666139
near35,od_baseline,7,26000015,26,3956.5304580352035,3972.5112099107455,15.979837567787547,1.0000572163359314,True,False,1.0000572163359314
near35,od_baseline,7,26000016,26,3972.5112099107455,5106.467904492297,1130.6863062355314,1.0028923922824433,True,True,1.0028923922824433
near35,od_baseline,7,27000005,27,2413.356309394482,2979.2806121237472,565.9243027292647,1.0,True,False,1.0000000000000007
near35,od_baseline,7,27000006,27,2979.2806121237472,3437.830793838012,458.55018171426593,1.0,True,False,0.9999999999999978
near35,od_baseline,7,27000007,27,3437.830793838012,3638.68293717542,200.85214333740902,1.0,True,False,0.9999999999999952
near35,od_baseline,7,27000008,27,3638.68293717542,3761.1653063359654,122.48236916054397,1.0,True,False,1.00000000000001
near35,od_baseline,7,27000009,27,3761.1653063359654,4904.296086580801,1130.6863062355314,1.011006124281045,True,True,1.011006124281045
near35,od_baseline,7,28000004,28,2081.964865458937,2540.5150471732018,458.55018171426593,1.0,True,False,0.9999999999999978
near35,od_baseline,7,28000005,28,2540.5150471732018,2590.4591271409067,48.19209238871334,1.0363542542386466,True,False,1.0363542542386466
near35,od_baseline,7,28000006,28,2590.4591271409067,2834.260987491724,243.80186035081854,1.0,True,False,0.9999999999999943
near35,od_baseline,7,28000007,28,2834.260987491724,2949.2138084687235,114.952820977,1.0,True,False,0.9999999999999969
near35,od_baseline,7,28000008,28,2949.2138084687235,3407.7639901829884,458.55018171426593,1.0,True,False,0.9999999999999978
near35,od_baseline,7,28000009,28,3407.7639901829884,3522.716811159988,114.952820977,1.0,True,False,0.9999999999999969
near35,od_baseline,7,28000010,28,3522.716811159988,3723.568954497396,200.85214333740902,1.0,True,False,0.9999999999999952
near35,od_baseline,7,28000011,28,3723.568954497396,3797.3257261623357,32.085964974046185,2.2987238103825227,False,False,2.2987238103825227
near35,od_baseline,7,28000012,28,3797.3257261623357,4091.7256076944095,283.5436075005082,1.038287846187984,True,True,1.038287846187984
near35,od_baseline,7,29000003,29,2312.9233480246403,2370.5115719233004,48.19209238871334,1.1949724746159256,True,False,1.1949724746159256
near35,od_baseline,7,29000004,29,2370.5115719233004,3114.650173542134,744.1386016188327,1.0,True,False,1.000000000000001
near35,od_baseline,7,29000005,29,3114.650173542134,4030.587547972843,915.9373744307104,1.0,True,True,0.9999999999999986
near35,od_baseline,7,30000007,30,2046.059410311321,2246.9115536487293,200.85214333740902,1.0,True,False,0.9999999999999963
near35,od_baseline,7,30000008,30,2246.9115536487293,2361.864374625729,114.952820977,1.0,True,False,0.9999999999999969
near35,od_baseline,7,30000009,30,2361.864374625729,2590.6071105927763,228.74273596704626,1.0,True,False,1.0000000000000047
near35,od_baseline,7,30000010,30,2590.6071105927763,2820.4636500009797,229.85653940820262,1.0,True,False,1.0000000000000033
near35,od_baseline,7,30000011,30,2820.4636500009797,3064.265510351797,243.80186035081854,1.0,True,False,0.9999999999999943
near35,od_baseline,7,30000012,30,3064.265510351797,3522.8156920660617,458.55018171426593,1.0,True,False,0.9999999999999978
near35,od_baseline,7,30000013,30,3522.8156920660617,3637.7685130430614,114.952820977,1.0,True,False,0.9999999999999969
near35,od_baseline,7,30000014,30,3637.7685130430614,3824.675390933938,186.90687789087698,1.0,True,False,0.9999999999999989
near35,od_baseline,7,30000015,30,3824.675390933938,4025.527534271346,200.85214333740902,1.0,True,True,0.9999999999999952
near35,od_baseline,7,31000005,31,2219.2462696147168,3349.93257585025,1130.6863062355314,1.0,True,False,1.0000000000000016
near35,od_baseline,7,31000006,31,3349.93257585025,3593.734436201067,243.80186035081854,1.0,True,False,0.9999999999999943
near35,od_baseline,7,31000007,31,3593.734436201067,3716.2168053616124,122.48236916054397,1.0,True,False,1.00000000000001
near35,od_baseline,7,31000008,31,3716.2168053616124,4282.1411080908765,565.9243027292647,1.0,True,True,0.999999999999999
near35,od_baseline,19,10,0,2329.851224649463,2387.909077282102,58.057852632638046,1.0,True,False,1.000000000000016
near35,od_baseline,19,11,0,2387.909077282102,2588.76122061951,200.85214333740902,1.0,True,False,0.9999999999999952
near35,od_baseline,19,12,0,2588.76122061951,3047.311402333775,458.55018171426593,1.0,True,False,0.9999999999999978
near35,od_baseline,19,13,0,3047.311402333775,3613.23570506304,565.9243027292647,1.0,True,False,1.0000000000000007
near35,od_baseline,19,14,0,3613.23570506304,4357.374306681873,744.1386016188327,1.0,True,True,1.000000000000001
near35,od_baseline,19,1000005,1,2282.954487092954,3413.6407933284872,1130.6863062355314,1.0,True,False,1.0000000000000016
near35,od_baseline,19,1000006,1,3413.6407933284872,3814.182153013998,400.5413596855101,1.0,True,False,1.000000000000001
near35,od_baseline,19,1000007,1,3814.182153013998,4730.119527444706,915.9373744307104,1.0,True,True,0.999999999999998
near35,od_baseline,19,2000008,2,2200.8742843117643,2659.424466026029,458.55018171426593,1.0,True,False,0.9999999999999978
near35,od_baseline,19,2000009,2,2659.424466026029,3059.9658257115398,400.5413596855101,1.0,True,False,1.000000000000001
near35,od_baseline,19,2000010,2,3059.9658257115398,3518.5160074258047,458.55018171426593,1.0,True,False,0.9999999999999978
near35,od_baseline,19,2000011,2,3518.5160074258047,3919.057367111315,400.5413596855101,1.0,True,False,1.000000000000001
near35,od_baseline,19,2000012,2,3919.057367111315,4119.909510448723,200.85214333740902,1.0,True,True,0.9999999999999952
near35,od_baseline,19,3000009,3,2376.9928777910022,2942.9171805202673,565.9243027292647,1.0,True,False,1.0000000000000007
near35,od_baseline,19,3000010,3,2942.9171805202673,3171.6599164873146,228.74273596704626,1.0,True,False,1.0000000000000047
near35,od_baseline,19,3000011,3,3171.6599164873146,3200.9070270653597,26.717256165257165,1.0946899036764748,True,False,1.0946899036764748
near35,od_baseline,19,3000012,3,3200.9070270653597,3947.6443317677285,744.1386016188327,1.0034922299123885,True,False,1.0034922299123885
near35,od_baseline,19,3000013,3,3947.6443317677285,4406.194513481993,458.55018171426593,1.0,True,True,0.9999999999999978
near35,od_baseline,19,4000007,4,2000.9221177792922,2229.6648537463393,228.74273596704626,1.0,True,False,1.0000000000000038
near35,od_baseline,19,4000008,4,2229.6648537463393,2430.5169970837474,200.85214333740902,1.0,True,False,0.9999999999999952
near35,od_baseline,19,4000009,4,2430.5169970837474,3346.4543715144564,915.9373744307104,1.0,True,False,0.9999999999999986
near35,od_baseline,19,4000010,4,3346.4543715144564,3461.407192491456,114.952820977,1.0,True,False,0.9999999999999969
near35,od_baseline,19,4000011,4,3461.407192491456,3583.8895616520012,122.48236916054397,1.0,True,False,1.00000000000001
near35,od_baseline,19,4000012,4,3583.8895616520012,4042.439743366266,458.55018171426593,1.0,True,True,0.9999999999999978
near35,od_baseline,19,5000008,5,2740.166553914869,2855.1193748918686,114.952820977,1.0,True,False,0.9999999999999969
near35,od_baseline,19,5000009,5,2855.1193748918686,3055.9715182292766,200.85214333740902,1.0,True,False,0.9999999999999952
near35,od_baseline,19,5000010,5,3055.9715182292766,3242.8783961201534,186.90687789087698,1.0,True,False,0.9999999999999989
near35,od_baseline,19,5000011,5,3242.8783961201534,3701.4285778344183,458.55018171426593,1.0,True,False,0.9999999999999978
near35,od_baseline,19,5000012,5,3701.4285778344183,4267.352880563682,565.9243027292647,1.0,True,True,0.999999999999999
near35,od_baseline,19,6000009,6,2306.8335461705074,2872.7578488997724,565.9243027292647,1.0,True,False,1.0000000000000007
near35,od_baseline,19,6000010,6,2872.7578488997724,3102.614388307976,229.85653940820262,1.0,True,False,1.0000000000000033
near35,od_baseline,19,6000011,6,3102.614388307976,3589.055215091991,486.44082678401566,1.0,True,False,0.9999999999999994
near35,od_baseline,19,6000012,6,3589.055215091991,3704.008036068991,114.952820977,1.0,True,False,0.9999999999999969
near35,od_baseline,19,6000013,6,3704.008036068991,3987.5516435695,283.5436075005082,1.0,True,False,1.000000000000003
near35,od_baseline,19,6000014,6,3987.5516435695,4216.294379536547,228.74273596704626,1.0,True,True,1.0000000000000047
near35,od_baseline,19,7000006,7,2116.7028872449973,2517.244246930508,400.5413596855101,1.0,True,False,1.000000000000001
near35,od_baseline,19,7000007,7,2517.244246930508,2718.096390267916,200.85214333740902,1.0,True,False,0.9999999999999952
near35,od_baseline,19,7000008,7,2718.096390267916,3634.0337646986245,915.9373744307104,1.0,True,False,0.999999999999998
near35,od_baseline,19,7000009,7,3634.0337646986245,3689.3700027360187,48.19209238871334,1.1482431099080899,True,False,1.1482431099080899
near35,od_baseline,19,7000010,7,3689.3700027360187,3790.9181516948297,58.92951067026337,1.7232138499675949,False,False,1.7232138499675949
near35,od_baseline,19,7000011,7,3790.9181516948297,4191.45951138034,400.5413596855101,1.0,True,True,1.0
near35,od_baseline,19,8000005,8,2270.0427931614004,2728.5929748756653,458.55018171426593,1.0,True,False,0.9999999999999978
near35,od_baseline,19,8000006,8,2728.5929748756653,3101.2438443502624,372.6508694745985,1.0,True,False,0.9999999999999963
near35,od_baseline,19,8000007,8,3101.2438443502624,3345.0457047010796,243.80186035081854,1.0,True,False,0.9999999999999943
near35,od_baseline,19,8000008,8,3345.0457047010796,3588.8475650518967,243.80186035081854,1.0,True,False,0.9999999999999943
near35,od_baseline,19,8000009,8,3588.8475650518967,3789.6997083893048,200.85214333740902,1.0,True,False,0.9999999999999952
near35,od_baseline,19,8000010,8,3789.6997083893048,4019.556247797508,229.85653940820262,1.0,True,True,1.0000000000000033
near35,od_baseline,19,9000006,9,2155.8993722166306,2270.8521931936302,114.952820977,1.0,True,False,0.9999999999999969
near35,od_baseline,19,9000007,9,2270.8521931936302,2385.80501417063,114.952820977,1.0,True,False,0.9999999999999969
near35,od_baseline,19,9000008,9,2385.80501417063,2629.606874521447,243.80186035081854,1.0,True,False,0.9999999999999943
near35,od_baseline,19,9000009,9,2629.606874521447,3002.257743996044,372.6508694745985,1.0,True,False,0.9999999999999963
near35,od_baseline,19,9000010,9,3002.257743996044,3374.9086134706413,372.6508694745985,1.0,True,False,0.9999999999999963
near35,od_baseline,19,9000011,9,3374.9086134706413,4119.047215089475,744.1386016188327,1.0,True,True,1.000000000000001
near35,od_baseline,19,10000003,10,2209.139543633164,2239.8909396616727,26.717256165257165,1.1509937936103434,True,False,1.1509937936103434
near35,od_baseline,19,10000004,10,2239.8909396616727,2311.9018159408415,58.92951067026337,1.221983272219948,True,False,1.221983272219948
near35,od_baseline,19,10000005,10,2311.9018159408415,2512.7539592782496,200.85214333740902,1.0,True,False,0.9999999999999952
near35,od_baseline,19,10000006,10,2512.7539592782496,2742.610498686453,229.85653940820262,1.0,True,False,1.0000000000000033
near35,od_baseline,19,10000007,10,2742.610498686453,2780.6280057074687,32.085964974046185,1.1848640691270298,True,False,1.1848640691270298
near35,od_baseline,19,10000008,10,2780.6280057074687,3070.4277505614605,283.5436075005082,1.0220641100274934,True,False,1.0220641100274934
near35,od_baseline,19,10000009,10,3070.4277505614605,3271.2798938988685,200.85214333740902,1.0,True,False,0.9999999999999952
near35,od_baseline,19,10000010,10,3271.2798938988685,3386.232714875868,114.952820977,1.0,True,False,0.9999999999999969
near35,od_baseline,19,10000011,10,3386.232714875868,3758.8835843504653,372.6508694745985,1.0,True,False,0.9999999999999963
near35,od_baseline,19,10000012,10,3758.8835843504653,4002.6854447012824,243.80186035081854,1.0,True,True,0.9999999999999943
near35,od_baseline,19,11000006,11,2086.6251910102997,2273.5320689011764,186.90687789087698,1.0,True,False,0.9999999999999989
near35,od_baseline,19,11000007,11,2273.5320689011764,2474.3842122385845,200.85214333740902,1.0,True,False,0.9999999999999952
near35,od_baseline,19,11000008,11,2474.3842122385845,2718.1860725894016,243.80186035081854,1.0,True,False,0.9999999999999943
near35,od_baseline,19,11000009,11,2718.1860725894016,2735.483719314542,15.979837567787547,1.0824669932821773,True,False,1.0824669932821773
near35,od_baseline,19,11000010,11,2735.483719314542,3318.1130586320137,565.9243027292647,1.0295181466984964,True,False,1.0295181466984964
near35,od_baseline,19,11000011,11,3318.1130586320137,3884.0373613612787,565.9243027292647,1.0,True,False,1.0000000000000007
near35,od_baseline,19,11000012,11,3884.0373613612787,3967.0244336810647,72.35128428205302,1.1470020628282225,True,False,1.1470020628282225
near35,od_baseline,19,11000013,11,3967.0244336810647,4425.57461539533,458.55018171426593,1.0,True,True,0.9999999999999978
near35,od_baseline,19,12000005,12,2189.2904853685736,2217.3305201166017,26.717256165257165,1.049510270612709,True,False,1.049510270612709
near35,od_baseline,19,12000006,12,2217.3305201166017,2619.130282571494,400.5413596855101,1.0031417548748773,True,False,1.0031417548748773
near35,od_baseline,19,12000007,12,2619.130282571494,2902.673890072003,283.5436075005082,1.0,True,False,1.000000000000003
near35,od_baseline,19,12000008,12,2902.673890072003,3275.3247595466,372.6508694745985,1.0,True,False,0.9999999999999963
near35,od_baseline,19,12000009,12,3275.3247595466,3733.874941260865,458.55018171426593,1.0,True,False,0.9999999999999978
near35,od_baseline,19,12000010,12,3733.874941260865,4649.8123156915735,915.9373744307104,1.0,True,True,0.999999999999998
near35,od_baseline,19,13000006,13,2199.3296899733346,2400.1818333107426,200.85214333740902,1.0,True,False,0.9999999999999952
near35,od_baseline,19,13000007,13,2400.1818333107426,2601.0339766481507,200.85214333740902,1.0,True,False,0.9999999999999952
near35,od_baseline,19,13000008,13,2601.0339766481507,3087.474803432166,486.44082678401566,1.0,True,False,0.9999999999999994
near35,od_baseline,19,13000009,13,3087.474803432166,3546.024985146431,458.55018171426593,1.0,True,False,0.9999999999999978
near35,od_baseline,19,13000010,13,3546.024985146431,4004.575166860696,458.55018171426593,1.0,True,True,0.9999999999999978
near35,od_baseline,19,14000007,14,2219.721027389006,2620.2623870745165,400.5413596855101,1.0,True,False,1.000000000000001
near35,od_baseline,19,14000008,14,2620.2623870745165,3078.8125687887814,458.55018171426593,1.0,True,False,0.9999999999999978
near35,od_baseline,19,14000009,14,3078.8125687887814,3322.6144291395985,243.80186035081854,1.0,True,False,0.9999999999999943
near35,od_baseline,19,14000010,14,3322.6144291395985,3606.1580366401076,283.5436075005082,1.0,True,False,1.000000000000003
near35,od_baseline,19,14000011,14,3606.1580366401076,3978.8089061147048,372.6508694745985,1.0,True,False,0.9999999999999963
near35,od_baseline,19,14000012,14,3978.8089061147048,4544.733208843967,565.9243027292647,1.0,True,True,0.9999999999999958
near35,od_baseline,19,15000005,15,2444.0730960497576,2559.0259170267573,114.952820977,1.0,True,False,0.9999999999999969
near35,od_baseline,19,15000006,15,2559.0259170267573,2681.5082861873025,122.48236916054397,1.0,True,False,1.00000000000001
near35,od_baseline,19,15000007,15,2681.5082861873025,3054.1591556618996,372.6508694745985,1.0,True,False,0.9999999999999963
near35,od_baseline,19,15000008,15,3054.1591556618996,3155.166681745294,101.00752608339441,1.0,True,False,1.0000000000000022
near35,od_baseline,19,15000009,15,3155.166681745294,3555.7080414308048,400.5413596855101,1.0,True,False,1.000000000000001
near35,od_baseline,19,15000010,15,3555.7080414308048,3571.9985896406592,15.979837567787547,1.0194439174208672,True,False,1.0194439174208672
near35,od_baseline,19,15000011,15,3571.9985896406592,3817.818702107026,243.80186035081854,1.008278247395833,True,False,1.008278247395833
near35,od_baseline,19,15000012,15,3817.818702107026,4383.743004836289,565.9243027292647,1.0,True,True,0.9999999999999973
near35,od_baseline,19,16000007,16,2863.0560087805898,3263.5973684661003,400.5413596855101,1.0,True,False,1.000000000000001
near35,od_baseline,19,16000008,16,3263.5973684661003,3507.3992288169175,243.80186035081854,1.0,True,False,0.9999999999999943
near35,od_baseline,19,16000009,16,3507.3992288169175,4638.085535052451,1130.6863062355314,1.0,True,True,1.0000000000000016
near35,od_baseline,19,17000007,17,3030.7886718156597,3259.531407782707,228.74273596704626,1.0,True,False,1.0000000000000047
near35,od_baseline,19,17000008,17,3259.531407782707,4175.468782213416,915.9373744307104,1.0,True,True,0.999999999999998
near35,od_baseline,19,18000005,18,2022.1975032641622,2265.9993636149793,243.80186035081854,1.0,True,False,0.9999999999999943
near35,od_baseline,19,18000006,18,2265.9993636149793,2666.54072330049,400.5413596855101,1.0,True,False,1.000000000000001
near35,od_baseline,19,18000007,18,2666.54072330049,3125.0909050147548,458.55018171426593,1.0,True,False,0.9999999999999978
near35,od_baseline,19,18000008,18,3125.0909050147548,4255.777211250288,1130.6863062355314,1.0,True,True,1.0000000000000016
near35,od_baseline,19,19000008,19,2062.5356452789993,2263.3877886164073,200.85214333740902,1.0,True,False,0.9999999999999952
near35,od_baseline,19,19000009,19,2263.3877886164073,2636.0386580910044,372.6508694745985,1.0,True,False,0.9999999999999963
near35,od_baseline,19,19000010,19,2636.0386580910044,3094.5888398052693,458.55018171426593,1.0,True,False,0.9999999999999978
near35,od_baseline,19,19000011,19,3094.5888398052693,3581.0296665892847,486.44082678401566,1.0,True,False,0.9999999999999994
near35,od_baseline,19,19000012,19,3581.0296665892847,3810.886205997488,229.85653940820262,1.0,True,False,1.0000000000000033
near35,od_baseline,19,19000013,19,3810.886205997488,3919.7464564820293,72.35128428205302,1.504607023424246,False,False,1.504607023424246
near35,od_baseline,19,19000014,19,3919.7464564820293,4163.5483168328465,243.80186035081854,1.0,True,True,0.9999999999999943
near35,od_baseline,19,20000007,20,2272.9812568603943,2318.6651574456437,32.085964974046185,1.4237969972915678,True,False,1.4237969972915678
near35,od_baseline,19,20000008,20,2318.6651574456437,2519.5173007830517,200.85214333740902,1.0,True,False,0.9999999999999952
near35,od_baseline,19,20000009,20,2519.5173007830517,2892.168170257649,372.6508694745985,1.0,True,False,0.9999999999999963
near35,od_baseline,19,20000010,20,2892.168170257649,3292.7095299431594,400.5413596855101,1.0,True,False,1.000000000000001
near35,od_baseline,19,20000011,20,3292.7095299431594,3779.1503567271748,486.44082678401566,1.0,True,False,0.9999999999999994
near35,od_baseline,19,20000012,20,3779.1503567271748,4179.691716412684,400.5413596855101,1.0,True,True,0.9999999999999989
near35,od_baseline,19,21000005,21,2370.8327433928957,2829.3829251071606,458.55018171426593,1.0,True,False,0.9999999999999978
near35,od_baseline,19,21000006,21,2829.3829251071606,2901.858392112214,58.92951067026337,1.2298671103954282,True,False,1.2298671103954282
near35,od_baseline,19,21000007,21,2901.858392112214,3024.340761272759,122.48236916054397,1.0,True,False,1.00000000000001
near35,od_baseline,19,21000008,21,3024.340761272759,3225.1929046101673,200.85214333740902,1.0,True,False,0.9999999999999952
near35,od_baseline,19,21000009,21,3225.1929046101673,3625.734264295678,400.5413596855101,1.0,True,False,1.000000000000001
near35,od_baseline,19,21000010,21,3625.734264295678,3855.590803703881,229.85653940820262,1.0,True,False,1.0000000000000033
near35,od_baseline,19,21000011,21,3855.590803703881,4342.031630487899,486.44082678401566,1.0,True,True,1.000000000000004
near35,od_baseline,19,22000009,22,2281.4037367670617,2654.054606241659,372.6508694745985,1.0,True,False,0.9999999999999963
near35,od_baseline,19,22000010,22,2654.054606241659,2854.906749579067,200.85214333740902,1.0,True,False,0.9999999999999952
near35,od_baseline,19,22000011,22,2854.906749579067,3985.5930558146,1130.6863062355314,1.0,True,False,1.0000000000000016
near35,od_baseline,19,22000012,22,3985.5930558146,4100.5458767916,114.952820977,1.0,True,True,0.9999999999999969
near35,od_baseline,19,23000005,23,2349.641804394015,2405.823723629868,48.19209238871334,1.1657912419052983,True,False,1.1657912419052983
near35,od_baseline,19,23000006,23,2405.823723629868,2520.7765446068674,114.952820977,1.0,True,False,0.9999999999999969
near35,od_baseline,19,23000007,23,2520.7765446068674,2893.4274140814646,372.6508694745985,1.0,True,False,0.9999999999999963
near35,od_baseline,19,23000008,23,2893.4274140814646,3459.3517168107296,565.9243027292647,1.0,True,False,1.0000000000000007
near35,od_baseline,19,23000009,23,3459.3517168107296,3550.32940155016,72.35128428205302,1.2574439506113624,True,False,1.2574439506113624
near35,od_baseline,19,23000010,23,3550.32940155016,4681.015707785693,1130.6863062355314,1.0,True,True,1.000000000000001
near35,od_baseline,19,24000006,24,2049.098441459643,2107.1562940922818,58.057852632638046,1.0,True,False,1.000000000000016
near35,od_baseline,19,24000007,24,2107.1562940922818,2565.7064758065467,458.55018171426593,1.0,True,False,0.9999999999999978
near35,od_baseline,19,24000008,24,2565.7064758065467,3024.2566575208116,458.55018171426593,1.0,True,False,0.9999999999999978
near35,od_baseline,19,24000009,24,3024.2566575208116,3059.970665951943,32.085964974046185,1.1130725991884556,True,False,1.1130725991884556
near35,od_baseline,19,24000010,24,3059.970665951943,3525.931129363788,458.55018171426593,1.0161602415462494,True,False,1.0161602415462494
near35,od_baseline,19,24000011,24,3525.931129363788,3640.8839503407876,114.952820977,1.0,True,False,0.9999999999999969
near35,od_baseline,19,24000012,24,3640.8839503407876,3755.836771317787,114.952820977,1.0,True,False,0.9999999999999969
near35,od_baseline,19,24000013,24,3755.836771317787,4321.761074047051,565.9243027292647,1.0,True,True,0.9999999999999982
near35,od_baseline,19,25000006,25,2692.188579828032,3150.7387615422967,458.55018171426593,1.0,True,False,0.9999999999999978
near35,od_baseline,19,25000007,25,3150.7387615422967,3379.481497509344,228.74273596704626,1.0,True,False,1.0000000000000047
near35,od_baseline,19,25000008,25,3379.481497509344,3580.333640846752,200.85214333740902,1.0,True,False,0.9999999999999952
near35,od_baseline,19,25000009,25,3580.333640846752,3607.6434037393788,26.717256165257165,1.0221769302844783,True,False,1.0221769302844783
near35,od_baseline,19,25000010,25,3607.6434037393788,3987.7995486558225,372.6508694745985,1.020140233276329,True,False,1.020140233276329
near35,od_baseline,19,25000011,25,3987.7995486558225,4188.651691993232,200.85214333740902,1.0,True,True,1.000000000000002
near35,od_baseline,19,26000005,26,2133.545750327574,2619.986577111589,486.44082678401566,1.0,True,False,0.9999999999999994
near35,od_baseline,19,26000006,26,2619.986577111589,3535.923951542298,915.9373744307104,1.0,True,False,0.999999999999998
near35,od_baseline,19,26000007,26,3535.923951542298,3736.776094879706,200.85214333740902,1.0,True,False,0.9999999999999952
near35,od_baseline,19,26000008,26,3736.776094879706,3937.628238217114,200.85214333740902,1.0,True,False,0.9999999999999952
near35,od_baseline,19,26000009,26,3937.628238217114,4424.069065001132,486.44082678401566,1.0,True,True,1.000000000000005
near35,od_baseline,19,27000008,27,2242.4445665846624,3373.1308728201957,1130.6863062355314,1.0,True,False,1.0000000000000016
near35,od_baseline,19,27000009,27,3373.1308728201957,3389.964615022013,15.979837567787547,1.053436377585646,True,False,1.053436377585646
near35,od_baseline,19,27000010,27,3389.964615022013,3444.271140614757,32.085964974046185,1.6925320973413673,False,False,1.6925320973413673
near35,od_baseline,19,27000011,27,3444.271140614757,3673.013876581804,228.74273596704626,1.0,True,False,1.0000000000000047
near35,od_baseline,19,27000012,27,3673.013876581804,4131.56405829607,458.55018171426593,1.0,True,True,0.9999999999999988
near35,od_baseline,19,28000006,28,2005.0542961599676,2377.7051656345648,372.6508694745985,1.0,True,False,0.9999999999999963
near35,od_baseline,19,28000007,28,2377.7051656345648,2864.14599241858,486.44082678401566,1.0,True,False,0.9999999999999994
near35,od_baseline,19,28000008,28,2864.14599241858,2986.6283615791253,122.48236916054397,1.0,True,False,1.00000000000001
near35,od_baseline,19,28000009,28,2986.6283615791253,3230.4302219299425,243.80186035081854,1.0,True,False,0.9999999999999943
near35,od_baseline,19,28000010,28,3230.4302219299425,3513.9738294304516,283.5436075005082,1.0,True,False,1.000000000000003
near35,od_baseline,19,28000011,28,3513.9738294304516,4429.91120386116,915.9373744307104,1.0,True,True,0.999999999999998
near35,od_baseline,19,29000007,29,2730.338476018861,3102.989345493458,372.6508694745985,1.0,True,False,0.9999999999999963
near35,od_baseline,19,29000008,29,3102.989345493458,4018.9267199241667,915.9373744307104,1.0,True,True,0.999999999999998
near35,od_baseline,19,30000006,30,2813.502280102676,3042.2450160697235,228.74273596704626,1.0,True,False,1.0000000000000047
near35,od_baseline,19,30000007,30,3042.2450160697235,3528.685842853739,486.44082678401566,1.0,True,False,0.9999999999999994
near35,od_baseline,19,30000008,30,3528.685842853739,4094.610145583004,565.9243027292647,1.0,True,True,1.0000000000000007
near35,od_baseline,19,31000008,31,2057.4135645875067,2515.9637463017716,458.55018171426593,1.0,True,False,0.9999999999999978
near35,od_baseline,19,31000009,31,2515.9637463017716,3260.102347920605,744.1386016188327,1.0,True,False,1.000000000000001
near35,od_baseline,19,31000010,31,3260.102347920605,3489.9588873288085,229.85653940820262,1.0,True,False,1.0000000000000033
near35,od_baseline,19,31000011,31,3489.9588873288085,4234.097488947642,744.1386016188327,1.0,True,True,1.000000000000001
near35,od_baseline,43,8,0,2111.717710957149,2182.4263458741125,32.085964974046185,2.2037247430195293,False,False,2.2037247430195293
near35,od_baseline,43,9,0,2182.4263458741125,2762.043531521661,565.9243027292647,1.02419560858625,True,False,1.02419560858625
near35,od_baseline,43,10,0,2762.043531521661,3045.58713902217,283.5436075005082,1.0,True,False,1.000000000000003
near35,od_baseline,43,11,0,3045.58713902217,4176.273445257703,1130.6863062355314,1.0,True,True,1.0000000000000016
near35,od_baseline,43,1000005,1,2218.0610208845637,2446.803756851611,228.74273596704626,1.0,True,False,1.0000000000000047
near35,od_baseline,43,1000006,1,2446.803756851611,2933.2445836356264,486.44082678401566,1.0,True,False,0.9999999999999994
near35,od_baseline,43,1000007,1,2933.2445836356264,3163.10112304383,229.85653940820262,1.0,True,False,1.0000000000000033
near35,od_baseline,43,1000008,1,3163.10112304383,3621.6513047580947,458.55018171426593,1.0,True,False,0.9999999999999978
near35,od_baseline,43,1000009,1,3621.6513047580947,4365.789906376928,744.1386016188327,1.0,True,True,1.000000000000001
near35,od_baseline,43,2000008,2,2774.3399759044078,2809.018389860678,26.717256165257165,1.2979781210229793,True,False,1.2979781210229793
near35,od_baseline,43,2000009,2,2809.018389860678,3387.220329880809,565.9243027292647,1.0216948401608756,True,False,1.0216948401608756
near35,od_baseline,43,2000010,2,3387.220329880809,3468.523834176889,72.35128428205302,1.1237327036121136,True,False,1.1237327036121136
near35,od_baseline,43,2000011,2,3468.523834176889,4034.448136906154,565.9243027292647,1.0,True,True,1.0000000000000007
near35,od_baseline,43,3000004,3,2109.746479371149,2292.145484908707,72.35128428205302,2.5210195969223883,False,False,2.5210195969223883
near35,od_baseline,43,3000005,3,2292.145484908707,3038.292879849706,744.1386016188327,1.0026994881300286,True,False,1.0026994881300286
near35,od_baseline,43,3000006,3,3038.292879849706,3954.2302542804146,915.9373744307104,1.0,True,False,0.999999999999998
near35,od_baseline,43,3000007,3,3954.2302542804146,4520.154557009677,565.9243027292647,1.0,True,True,0.9999999999999958
near35,od_baseline,43,4000003,4,2268.0577213081046,2383.0105422851043,114.952820977,1.0,True,False,0.9999999999999969
near35,od_baseline,43,4000004,4,2383.0105422851043,2964.172895535333,565.9243027292647,1.0269259518410427,True,False,1.0269259518410427
near35,od_baseline,43,4000005,4,2964.172895535333,2981.5386465535244,15.979837567787547,1.0867288822257952,True,False,1.0867288822257952
near35,od_baseline,43,4000006,4,2981.5386465535244,3906.707484159353,915.9373744307104,1.0100787056329654,True,False,1.0100787056329654
near35,od_baseline,43,4000007,4,3906.707484159353,3940.071510017057,32.085964974046185,1.0398323966473022,True,False,1.0398323966473022
near35,od_baseline,43,4000008,4,3940.071510017057,4398.859859804561,458.55018171426593,1.000519393695032,True,True,1.000519393695032
near35,od_baseline,43,5000008,5,2129.1041050987506,2316.0109829896273,186.90687789087698,1.0,True,False,0.9999999999999989
near35,od_baseline,43,5000009,5,2316.0109829896273,2802.4518097736427,486.44082678401566,1.0,True,False,0.9999999999999994
near35,od_baseline,43,5000010,5,2802.4518097736427,3003.3039531110508,200.85214333740902,1.0,True,False,0.9999999999999952
near35,od_baseline,43,5000011,5,3003.3039531110508,3747.4425547298843,744.1386016188327,1.0,True,False,1.000000000000001
near35,od_baseline,43,5000012,5,3747.4425547298843,3825.391150807859,58.92951067026337,1.3227429719233816,True,False,1.3227429719233816
near35,od_baseline,43,5000013,5,3825.391150807859,4289.609148746858,458.55018171426593,1.012360296540598,True,True,1.012360296540598
near35,od_baseline,43,6000004,6,2473.093709715402,3389.0310841461105,915.9373744307104,1.0,True,False,0.999999999999998
near35,od_baseline,43,6000005,6,3389.0310841461105,3473.1992034395844,72.35128428205302,1.163325850103148,True,False,1.163325850103148
near35,od_baseline,43,6000006,6,3473.1992034395844,3717.0010637904015,243.80186035081854,1.0,True,False,0.9999999999999943
near35,od_baseline,43,6000007,6,3717.0010637904015,3831.953884767401,114.952820977,1.0,True,False,0.9999999999999969
near35,od_baseline,43,6000008,6,3831.953884767401,3873.3606756914587,32.085964974046185,1.2904954224549834,True,False,1.2904954224549834
near35,od_baseline,43,6000009,6,3873.3606756914587,4360.570191057822,486.44082678401566,1.001580230400128,True,True,1.001580230400128
near35,od_baseline,43,7000004,7,2065.9768059910375,2212.153953536637,72.35128428205302,2.020380826631147,False,False,2.020380826631147
near35,od_baseline,43,7000005,7,2212.153953536637,2448.8700553099743,229.85653940820262,1.0298427983941447,True,False,1.0298427983941447
near35,od_baseline,43,7000006,7,2448.8700553099743,2907.420237024239,458.55018171426593,1.0,True,False,0.9999999999999978
near35,od_baseline,43,7000007,7,2907.420237024239,2934.137493189498,26.717256165257165,1.0,True,False,1.0000000000000586
near35,od_baseline,43,7000008,7,2934.137493189498,3306.83669087293,372.6508694745985,1.000129687632023,True,False,1.000129687632023
near35,od_baseline,43,7000009,7,3306.83669087293,3707.3780505584405,400.5413596855101,1.0,True,False,1.000000000000001
near35,od_baseline,43,7000010,7,3707.3780505584405,4193.818877342456,486.44082678401566,1.0,True,True,1.0000000000000004
near35,od_baseline,43,8000002,8,2108.4827352316715,3024.42010966238,915.9373744307104,1.0,True,False,0.999999999999998
near35,od_baseline,43,8000003,8,3024.42010966238,3482.970291376645,458.55018171426593,1.0,True,False,0.9999999999999978
near35,od_baseline,43,8000004,8,3482.970291376645,3712.8268307848484,229.85653940820262,1.0,True,False,1.0000000000000033
near35,od_baseline,43,8000005,8,3712.8268307848484,4278.751133514113,565.9243027292647,1.0,True,True,0.999999999999999
near35,od_baseline,43,9000009,9,2330.135662950097,3074.2742645689304,744.1386016188327,1.0,True,False,1.000000000000001
near35,od_baseline,43,9000010,9,3074.2742645689304,3532.8244462831954,458.55018171426593,1.0,True,False,0.9999999999999978
near35,od_baseline,43,9000011,9,3532.8244462831954,4098.74874901246,565.9243027292647,1.0,True,True,1.0000000000000007
near35,od_baseline,43,10000005,10,2400.058000018331,2515.0108209953305,114.952820977,1.0,True,False,0.9999999999999969
near35,od_baseline,43,10000006,10,2515.0108209953305,2594.1829733603518,72.35128428205302,1.094274319393943,True,False,1.094274319393943
near35,od_baseline,43,10000007,10,2594.1829733603518,2660.8391959806395,58.92951067026337,1.1311178705226101,True,False,1.1311178705226101
near35,od_baseline,43,10000008,10,2660.8391959806395,3147.280022764655,486.44082678401566,1.0,True,False,0.9999999999999994
near35,od_baseline,43,10000009,10,3147.280022764655,3377.1365621728582,229.85653940820262,1.0,True,False,1.0000000000000033
near35,od_baseline,43,10000010,10,3377.1365621728582,3620.9384225236754,243.80186035081854,1.0,True,False,0.9999999999999943
near35,od_baseline,43,10000011,10,3620.9384225236754,4079.4886042379403,458.55018171426593,1.0,True,True,0.9999999999999978
near35,od_baseline,43,11000005,11,2203.700359585619,2662.250541299884,458.55018171426593,1.0,True,False,0.9999999999999978
near35,od_baseline,43,11000006,11,2662.250541299884,2777.2033622768836,114.952820977,1.0,True,False,0.9999999999999969
near35,od_baseline,43,11000007,11,2777.2033622768836,3907.8896685124164,1130.6863062355314,1.0,True,False,1.000000000000001
near35,od_baseline,43,11000008,11,3907.8896685124164,4394.330495296434,486.44082678401566,1.0,True,True,1.000000000000003
near35,od_baseline,43,12000004,12,2090.4946827416948,2121.1944967749673,26.717256165257165,1.1490631314601187,True,False,1.1490631314601187
near35,od_baseline,43,12000005,12,2121.1944967749673,2368.220344514307,243.80186035081854,1.0132238014258046,True,False,1.0132238014258046
near35,od_baseline,43,12000006,12,2368.220344514307,2826.7705262285717,458.55018171426593,1.0,True,False,0.9999999999999978
near35,od_baseline,43,12000007,12,2826.7705262285717,3199.421395703169,372.6508694745985,1.0,True,False,0.9999999999999963
near35,od_baseline,43,12000008,12,3199.421395703169,3482.965003203678,283.5436075005082,1.0,True,False,1.000000000000003
near35,od_baseline,43,12000009,12,3482.965003203678,4048.889305932943,565.9243027292647,1.0,True,True,1.0000000000000007
near35,od_baseline,43,13000004,13,2759.127759770653,2794.0739610382952,32.085964974046185,1.0891429101761354,True,False,1.0891429101761354
near35,od_baseline,43,13000005,13,2794.0739610382952,2992.287682874452,186.90687789087698,1.0604945311423004,True,False,1.0604945311423004
near35,od_baseline,43,13000006,13,2992.287682874452,3114.770052034997,122.48236916054397,1.0,True,False,1.00000000000001
near35,od_baseline,43,13000007,13,3114.770052034997,3487.4209215095943,372.6508694745985,1.0,True,False,0.9999999999999963
near35,od_baseline,43,13000008,13,3487.4209215095943,3514.138177674853,26.717256165257165,1.0,True,False,1.0000000000000586
near35,od_baseline,43,13000009,13,3514.138177674853,3742.8809136419004,228.74273596704626,1.0,True,False,1.0000000000000047
near35,od_baseline,43,13000010,13,3742.8809136419004,4487.019515260734,744.1386016188327,1.0,True,True,1.000000000000001
near35,od_baseline,43,14000006,14,2023.6907899630567,2424.7009496845994,400.5413596855101,1.00117041604992,True,False,1.00117041604992
near35,od_baseline,43,14000007,14,2424.7009496845994,2797.3518191591966,372.6508694745985,1.0,True,False,0.9999999999999963
near35,od_baseline,43,14000008,14,2797.3518191591966,2875.2831431833556,48.19209238871334,1.6170977469824628,False,False,1.6170977469824628
near35,od_baseline,43,14000009,14,2875.2831431833556,3076.1352865207637,200.85214333740902,1.0,True,False,0.9999999999999952
near35,od_baseline,43,14000010,14,3076.1352865207637,3448.786155995361,372.6508694745985,1.0,True,False,0.9999999999999963
near35,od_baseline,43,14000011,14,3448.786155995361,3677.528891962408,228.74273596704626,1.0,True,False,1.0000000000000047
near35,od_baseline,43,14000012,14,3677.528891962408,3778.5364180458027,101.00752608339441,1.0,True,False,1.0000000000000022
near35,od_baseline,43,14000013,14,3778.5364180458027,4701.32743188175,915.9373744307104,1.0074826506664791,True,True,1.0074826506664791
near35,od_baseline,43,15000004,15,2055.9447061155643,2514.494887829829,458.55018171426593,1.0,True,False,0.9999999999999978
near35,od_baseline,43,15000005,15,2514.494887829829,3430.4322622605378,915.9373744307104,1.0,True,False,0.999999999999998
near35,od_baseline,43,15000006,15,3430.4322622605378,4346.369636691246,915.9373744307104,1.0,True,True,0.999999999999998
near35,od_baseline,43,16000006,16,2023.6868626345965,2767.82546425343,744.1386016188327,1.0,True,False,1.0000000000000007
near35,od_baseline,43,16000007,16,2767.82546425343,2996.568200220477,228.74273596704626,1.0,True,False,1.0000000000000047
near35,od_baseline,43,16000008,16,2996.568200220477,3483.0090270044925,486.44082678401566,1.0,True,False,0.9999999999999994
near35,od_baseline,43,16000009,16,3483.0090270044925,3883.550386690003,400.5413596855101,1.0,True,False,1.000000000000001
near35,od_baseline,43,16000010,16,3883.550386690003,4342.100568404268,458.55018171426593,1.0,True,True,0.9999999999999988
near35,od_baseline,43,17000007,17,2717.033584592945,3175.5837663072098,458.55018171426593,1.0,True,False,0.9999999999999978
near35,od_baseline,43,17000008,17,3175.5837663072098,3376.435909644618,200.85214333740902,1.0,True,False,0.9999999999999952
near35,od_baseline,43,17000009,17,3376.435909644618,3776.9772693301284,400.5413596855101,1.0,True,False,1.000000000000001
near35,od_baseline,43,17000010,17,3776.9772693301284,4149.628138804726,372.6508694745985,1.0,True,True,0.9999999999999988
near35,od_baseline,43,18000003,18,2354.936573121553,2727.58744259615,372.6508694745985,1.0,True,False,0.9999999999999963
near35,od_baseline,43,18000004,18,2727.58744259615,3214.0282693801655,486.44082678401566,1.0,True,False,0.9999999999999994
near35,od_baseline,43,18000005,18,3214.0282693801655,3586.6791388547626,372.6508694745985,1.0,True,False,0.9999999999999963
near35,od_baseline,43,18000006,18,3586.6791388547626,3773.5860167456394,186.90687789087698,1.0,True,False,0.9999999999999989
near35,od_baseline,43,18000007,18,3773.5860167456394,4339.510319474903,565.9243027292647,1.0,True,True,0.9999999999999973
near35,od_baseline,43,19000005,19,2026.1913724424528,2082.31347832104,32.085964974046185,1.7491169713606336,False,False,1.7491169713606336
near35,od_baseline,43,19000006,19,2082.31347832104,2311.056214288087,228.74273596704626,1.0,True,False,1.0000000000000047
near35,od_baseline,43,19000007,19,2311.056214288087,2410.8899597013365,48.19209238871334,2.0715793912411757,False,False,2.0715793912411757
near35,od_baseline,43,19000008,19,2410.8899597013365,2813.535283302125,400.5413596855101,1.0052528006519241,True,False,1.0052528006519241
near35,od_baseline,43,19000009,19,2813.535283302125,2936.0176524626704,122.48236916054397,1.0,True,False,1.00000000000001
near35,od_baseline,43,19000010,19,2936.0176524626704,3308.6685219372675,372.6508694745985,1.0,True,False,0.9999999999999963
near35,od_baseline,43,19000011,19,3308.6685219372675,3385.137431508562,72.35128428205302,1.056911571509763,True,False,1.056911571509763
near35,od_baseline,43,19000012,19,3385.137431508562,4129.276033127395,744.1386016188327,1.0,True,True,1.0000000000000004
near35,od_baseline,43,20000005,20,2007.3767460913743,2578.5611181678073,565.9243027292647,1.009294651814387,True,False,1.009294651814387
near35,od_baseline,43,20000006,20,2578.5611181678073,2951.2119876424044,372.6508694745985,1.0,True,False,0.9999999999999963
near35,od_baseline,43,20000007,20,2951.2119876424044,3066.164808619404,114.952820977,1.0,True,False,0.9999999999999969
near35,od_baseline,43,20000008,20,3066.164808619404,3982.102183050113,915.9373744307104,1.0,True,False,0.9999999999999986
near35,od_baseline,43,20000009,20,3982.102183050113,4041.033360911712,48.19209238871334,1.222839161791626,True,True,1.222839161791626
near35,od_baseline,43,21000008,21,2344.4048038520805,2445.412329935475,101.00752608339441,1.0,True,False,1.0000000000000022
near35,od_baseline,43,21000009,21,2445.412329935475,3361.3497043661837,915.9373744307104,1.0,True,False,0.999999999999998
near35,od_baseline,43,21000010,21,3361.3497043661837,3476.3025253431833,114.952820977,1.0,True,False,0.9999999999999969
near35,od_baseline,43,21000011,21,3476.3025253431833,3677.1546686805914,200.85214333740902,1.0,True,False,0.9999999999999952
near35,od_baseline,43,21000012,21,3677.1546686805914,3864.061546571468,186.90687789087698,1.0,True,False,0.9999999999999989
near35,od_baseline,43,21000013,21,3864.061546571468,3979.014367548468,114.952820977,1.0,True,False,0.9999999999999969
near35,od_baseline,43,21000014,21,3979.014367548468,4037.072220181107,58.057852632638046,1.0,True,True,1.000000000000016
near35,od_baseline,43,22000005,22,2110.000285171467,2296.907163062344,186.90687789087698,1.0,True,False,0.9999999999999989
near35,od_baseline,43,22000006,22,2296.907163062344,2397.9146891457385,101.00752608339441,1.0,True,False,1.0000000000000022
near35,od_baseline,43,22000007,22,2397.9146891457385,2598.7668324831466,200.85214333740902,1.0,True,False,0.9999999999999952
near35,od_baseline,43,22000008,22,2598.7668324831466,3057.3170141974115,458.55018171426593,1.0,True,False,0.9999999999999978
near35,od_baseline,43,22000009,22,3057.3170141974115,3515.8671959116764,458.55018171426593,1.0,True,False,0.9999999999999978
near35,od_baseline,43,22000010,22,3515.8671959116764,3547.9531608857214,32.085964974046185,1.0,True,False,0.9999999999999648
near35,od_baseline,43,22000011,22,3547.9531608857214,3835.6181381123065,283.5436075005082,1.0145352235672231,True,False,1.0145352235672231
near35,od_baseline,43,22000012,22,3835.6181381123065,4079.4199984631236,243.80186035081854,1.0,True,True,0.9999999999999943
near35,od_baseline,43,23000005,23,2296.7577006716133,2407.507252953327,58.92951067026337,1.879356387352452,False,False,1.879356387352452
near35,od_baseline,43,23000006,23,2407.507252953327,3340.537895947714,915.9373744307104,1.0186620494379328,True,False,1.0186620494379328
near35,od_baseline,43,23000007,23,3340.537895947714,4084.6764975665474,744.1386016188327,1.0,True,True,1.000000000000001
near35,od_baseline,43,24000007,24,2145.470822028076,2246.4783481114705,101.00752608339441,1.0,True,False,1.0000000000000022
near35,od_baseline,43,24000008,24,2246.4783481114705,2625.7414575199227,372.6508694745985,1.017743793119754,True,False,1.017743793119754
near35,od_baseline,43,24000009,24,2625.7414575199227,3541.6788319506313,915.9373744307104,1.0,True,False,0.999999999999998
near35,od_baseline,43,24000010,24,3541.6788319506313,3825.2224394511404,283.5436075005082,1.0,True,False,1.000000000000003
near35,od_baseline,43,24000011,24,3825.2224394511404,3883.2802920837794,58.057852632638046,1.0,True,False,1.000000000000016
near35,od_baseline,43,24000012,24,3883.2802920837794,4005.7626612443246,122.48236916054397,1.0,True,True,1.00000000000001
near35,od_baseline,43,25000007,25,2010.5628166545514,2579.7529295935883,565.9243027292647,1.0057707544878747,True,False,1.0057707544878747
near35,od_baseline,43,25000008,25,2579.7529295935883,2808.4956655606356,228.74273596704626,1.0,True,False,1.0000000000000047
near35,od_baseline,43,25000009,25,2808.4956655606356,3939.181971796169,1130.6863062355314,1.0,True,False,1.0000000000000016
near35,od_baseline,43,25000010,25,3939.181971796169,3990.595153538875,48.19209238871334,1.0668385453781841,True,False,1.0668385453781841
near35,od_baseline,43,25000011,25,3990.595153538875,4234.397013889692,243.80186035081854,1.0,True,True,0.9999999999999943
near35,od_baseline,43,26000005,26,2277.6915345685393,3408.3778408040725,1130.6863062355314,1.0,True,False,1.0000000000000016
near35,od_baseline,43,26000006,26,3408.3778408040725,3637.12057677112,228.74273596704626,1.0,True,False,1.0000000000000047
near35,od_baseline,43,26000007,26,3637.12057677112,4037.6619364566304,400.5413596855101,1.0,True,True,1.000000000000001
near35,od_baseline,43,27000007,27,2234.8347091502997,2421.7415870411764,186.90687789087698,1.0,True,False,0.9999999999999989
near35,od_baseline,43,27000008,27,2421.7415870411764,2665.5434473919936,243.80186035081854,1.0,True,False,0.9999999999999943
near35,od_baseline,43,27000009,27,2665.5434473919936,2741.6143419373384,72.35128428205302,1.0514104248487328,True,False,1.0514104248487328
near35,od_baseline,43,27000010,27,2741.6143419373384,3200.1645236516033,458.55018171426593,1.0,True,False,0.9999999999999978
near35,od_baseline,43,27000011,27,3200.1645236516033,3766.0888263808683,565.9243027292647,1.0,True,False,1.0000000000000007
near35,od_baseline,43,27000012,27,3766.0888263808683,3824.1466790135073,58.057852632638046,1.0,True,False,1.000000000000016
near35,od_baseline,43,27000013,27,3824.1466790135073,3888.940977166642,48.19209238871334,1.3445006211913206,True,False,1.3445006211913206
near35,od_baseline,43,27000014,27,3888.940977166642,4132.7428375174595,243.80186035081854,1.0,True,True,0.9999999999999961
near35,od_baseline,43,28000011,28,2374.1675201264406,2940.0918228557057,565.9243027292647,1.0,True,False,1.0000000000000007
near35,od_baseline,43,28000012,28,2940.0918228557057,3856.0291972864143,915.9373744307104,1.0,True,False,0.999999999999998
near35,od_baseline,43,28000013,28,3856.0291972864143,4986.7155035219475,1130.6863062355314,1.0,True,True,1.0000000000000016
near35,od_baseline,43,29000008,29,2905.2770707286263,3277.9279402032234,372.6508694745985,1.0,True,False,0.9999999999999963
near35,od_baseline,43,29000009,29,3277.9279402032234,3678.469299888734,400.5413596855101,1.0,True,False,1.000000000000001
near35,od_baseline,43,29000010,29,3678.469299888734,4244.393602617998,565.9243027292647,1.0,True,True,0.999999999999999
near35,od_baseline,43,30000009,30,2031.4171746433815,2611.25355520394,565.9243027292647,1.024582930551313,True,False,1.024582930551313
near35,od_baseline,43,30000010,30,2611.25355520394,2643.0229829020905,26.717256165257165,1.189097694076206,True,False,1.189097694076206
near35,od_baseline,43,30000011,30,2643.0229829020905,2886.8248432529076,243.80186035081854,1.0,True,False,0.9999999999999943
near35,od_baseline,43,30000012,30,2886.8248432529076,4017.5111494884404,1130.6863062355314,1.0,True,True,1.000000000000001
near35,od_baseline,43,31000010,31,2001.7665625242782,2593.079955960776,565.9243027292647,1.0448630507380399,True,False,1.0448630507380399
near35,od_baseline,43,31000011,31,2593.079955960776,3509.0173303914844,915.9373744307104,1.0,True,False,0.999999999999998
near35,od_baseline,43,31000012,31,3509.0173303914844,4424.954704822193,915.9373744307104,1.0,True,True,0.999999999999998
